"公司代號","公司名稱","召開法人說明會日期","召開法人說明會時間","召開法人說明會地點","法人說明會擇要訊息","法人說明會簡報內容-中文","法人說明會簡報內容-英文","公司網站是否有提供法人說明會相關資訊","影音連結資訊","其他應敘明事項","歷年法人說明會"
"1101","台泥","110/06/02","09:00","線上說明會","公司簡介、所屬產業概況、營運成果及未來展望說明","110120210601M002.pdf","110120210601E002.pdf","https://www.taiwancement.com/tw/ir_investor-meetings.html","","無","查詢"
"1101","台泥","110/05/17","14:30","本公司於5月15日公告為因應大台北地區疫情警戒提升，原訂5月17日自辦之線上法說會取消","公司簡介、所屬產業概況、營運成果及未來展望說明。","110120210601M001.pdf","110120210601E001.pdf","https://www.taiwancement.com/tw/ir_investor-meetings.html",法說會影音連結資訊:NA ,"無","查詢"
"1101","台泥","110/05/25","13:00","線上法說會","公司簡介、所屬產業概況、營運成果及未來展望說明","110120210519M002.pdf","110120210519E002.pdf","https://www.taiwancement.com/tw/ir_investor-meetings.html","","無","查詢"
"1101","台泥","110/06/10","14:30","線上說明會","公司簡介、所屬產業概況、營運成果及未來展望說明","110120210601M001.pdf","110120210601E001.pdf","https://www.taiwancement.com/tw/ir_investor-meetings.html","","無","查詢"
"1101","台泥","110/03/25","16:00","線上法說會","公司簡介、所屬產業概況、營運成果及未來展望說明","110120201209M001.pdf","110120201209E001.pdf","https://www.taiwancement.com/tw/ir_investor-meetings.html","","無","查詢"
"1101","台泥","110/04/07","13:30","線上法說會","公司簡介、所屬產業概況、營運成果及未來展望說明","110120201209M001.pdf","110120201209E001.pdf","https://www.taiwancement.com/tw/ir_investor-meetings.html","","無","查詢"
"1101","台泥","110/02/22 至 110/02/23","14:00","線上法說會","公司簡介、所屬產業概況、營運成果及未來展望說明","110120201209M001.pdf","110120201209E001.pdf","https://www.taiwancement.com/tw/ir_investor-meetings.html","","無","查詢"
"1101","台泥","110/11/15","14:30","實體(採實名報名制)及線上法說會，實體法說會地點:台北市中山北路2段113號3樓士敏廳。","公司簡介、所屬產業概況、營運成果及未來展望說明。","110120211124M002.pdf","110120211124E002.pdf","https://www.taiwancement.com/tw/ir_investor-meetings.html",法說會影音連結資訊:https://media.taiwancement.com/investors/2021/2021_Q3.mp4 ,"實體及線上法說會報名網址：https://www.taiwancement.com/tw/investorsSignUp.html","查詢"
"1102","亞泥","110/05/14","16:00","線上法人說明會","本公司受邀參加KGI舉辦2021年第一季營運概況線上法說會","110220210514M001.pdf","110220210514E001.pdf","https://www.acc.com.tw/","","無","查詢"
"1102","亞泥","110/05/18","09:00","線上法說會","本公司受邀參加富邦證券舉辦Jefferies &amp; Fubon Taiwan Corporate Day說明本公司營運現況與展望","110220210518M001.pdf","110220210518E001.pdf","https://www.acc.com.tw/","","無","查詢"
"1102","亞泥","110/05/21","09:00","台北寒舍艾美酒店","本公司受邀參加康和證券舉辦2H21趨勢論壇說明本公司營運現況與展望","110220210527M001.pdf","110220210527E001.pdf","https://www.acc.com.tw/","","無","查詢"
"1102","亞泥","110/06/22 至 110/06/23","09:00","線上法說會","本公司受邀參加UBS舉辦之Taiwan Virtual Conference 2021說明本公司營運現況與展望","110220210610M001.pdf","110220210610E001.pdf","https://www.acc.com.tw/","","無","查詢"
"1102","亞泥","110/06/02","09:00","線上法說會","本公司受邀參加花旗證券舉辦Pan-Asia Regional Investor Conference 2021說明本公司營運現況與展望","110220210527M002.pdf","110220210527E002.pdf","https://www.acc.com.tw/","","無","查詢"
"1102","亞泥","110/08/13","16:00","線上法人說明會","本公司受邀參加KGI舉辦2021年第二季營運概況線上法說會","110220210812M001.pdf","110220210812E001.pdf","https://www.acc.com.tw/","","無","查詢"
"1102","亞泥","110/09/02","09:00","線上法說會","本公司受邀參加HSBC舉辦Taiwan Executive Forum說明本公司營運現況與展望","110220210812M002.pdf","110220210812E002.pdf","https://www.acc.com.tw/","","無","查詢"
"1102","亞泥","110/09/09","14:30","線上法說會","本公司受邀參加國泰證券舉辦第三季產業論壇說明本公司營運現況與展望","110220210812M003.pdf","110220210812E003.pdf","https://www.acc.com.tw/","","無","查詢"
"1102","亞泥","110/10/13","14:00","線上法說會","本公司受國泰證、中信證、永豐金、華南永昌等邀請參加投資人會議，說明本公司營運展望及現況","110220211005M002.pdf","110220211005E002.pdf","https://www.acc.com.tw/","","無","查詢"
"1102","亞泥","110/03/26","14:00","線上法人說明會","本公司受邀參加HSBC舉辦2020年第四季營運概況線上法說會","110220210325M001.pdf","110220210325E001.pdf","https://www.acc.com.tw/","","無","查詢"
"1102","亞泥","110/03/31","16:00","線上法人說明會","本公司受邀參加KGI舉辦2020年第四季營運概況線上法說會","110220210331M001.pdf","110220210331E001.pdf","https://www.acc.com.tw/","","無","查詢"
"1102","亞泥","110/11/12","16:00","線上法人說明會","本公司受邀參加KGI舉辦2021年第三季營運概況線上法說會","110220211109M001.pdf","110220211109E001.pdf","https://www.acc.com.tw/","","無","查詢"
"1103","嘉泥","110/06/24","14:30","線上法說會","110年第一季公司營運概況","110320210624M001.pdf","110320210624E001.pdf","http://www.chcgroup.com.tw/index.php?route=static/static/coptinfmtrpt",法說會影音連結資訊:https://youtu.be/EMo9G8PaXYI ,"線上法說會參加網址：https://zoom.us/j/98287799880","查詢"
"1103","嘉泥","110/03/30","14:00","台北市明水路700號(凱基總部大樓一樓1F投顧會議室)","本公司受邀參加凱基證券舉辦之法人座談會","110320210330M001.pdf","110320210330E001.pdf","http://www.chcgroup.com.tw/index.php?route=static/static/coptinfmtrpt","","聯絡窗口：凱基證券法人部  倪鶴華；專線：886-2-2181-8014","查詢"
"1103","嘉泥","110/09/29","14:00","線上法說會","110年第二季公司營運概況","110320210929M001.pdf","110320210929E001.pdf","http://www.chcgroup.com.tw/index.php?route=static/static/coptinfmtrpt",法說會影音連結資訊:https://www.youtube.com/watch?v=m2OQXfDaG5c ,"線上法說會報名網址：https://forms.gle/Ri57FZ3RguRE8uSG9","查詢"
"1103","嘉泥","110/12/29","14:30","線上法說會","110年第三季公司營運狀況","110320211229M001.pdf","110320211229E001.pdf","http://www.chcgroup.com.tw/index.php?route=static/static/coptinfmtrpt",法說會影音連結資訊:https://youtu.be/uGynyG5TuhE ,"線上法說會報名網址：https://forms.gle/YPf27CEFUdLBRTu28","查詢"
"1104","環泥","110/04/19","15:00","台北市復興北路99號15樓(&#29319;亞會議中心)","本公司受邀參加元大證券舉辦之「2021元大四月投資展望說明會」","110420210419M001.pdf","110420210419E001.pdf","http://www.ucctw.com/","","無","查詢"
"1104","環泥","110/11/16","14:00","台北市松山區東興路8號B2(統一證券大樓)","本公司受邀參加統一證券舉辦之法人說明會","110420211115M001.pdf","110420211115E001.pdf","","","無","查詢"
"1108","幸福","110/11/11","16:00","101大樓一樓資訊展示中心 (台北市信義路5段7號)","公司簡介與營運概況","110820211111M001.pdf","110820211111E001.pdf","http://www.luckygrp.com.tw",法說會影音連結資訊:https://webpro.twse.com.tw/webportal/vod/101/370BE00FFE36-EC2F5FC9-42C9-11EC-831C/?categoryId=101 ,"15:30報到，16:00法說會開始。","查詢"
"1109","信大","110/09/13","14:00","臺灣證券交易所一樓資訊展示中心(台北市信義區信義路五段7號1樓)","公司簡介、營業概況、財務分析、未來展望。","110920210913M001.pdf","110920210913E001.pdf","http://www.hsingta.com.tw",法說會影音連結資訊:https://webpro.twse.com.tw/webportal/vod/101/FD73B9E74465-6B113401-1463-11EC-A66D/?categoryId=101 ,"無。","查詢"
"1110","東泥","110/10/19","14:00","線上法說會","本公司受邀參加元大證券舉辦之線上法說會，報告本公司營運狀況。","111020211018M001.pptx","111020211018E001.pptx","http://www.southeastcement.com.tw/index.php?q=conference","","無","查詢"
"1201","味全","110/11/23","16:00","線上產業座談會","本公司受邀參加元大證券舉辦之線上產業座談會","120120211123M001.pdf","120120211123E001.pdf","http://www.weichuan.com.tw/","","無","查詢"
"1203","味王","110/10/05","14:30","臺灣證券交易所1樓資訊展示中心(台北市信義路五段7號)","公司概況、營運報告及財務報告","120320211004M001.ppt","120320211004E001.ppt","http://www.vewong.com/ec99/ushop20069/profile-11.asp",法說會影音連結資訊:https://webpro.twse.com.tw/WebPortal/vod/101/F51CA44B84B9-F5A7375F-25A9-11EC-BA46/?categoryId=101 ,"報到時間為14點至14點30分","查詢"
"1210","大成","110/12/21","14:00","臺灣證券交易所1樓資訊展示中心(台北市信義路五段7號)","公司簡介與營運狀況說明。","121020211221M003.pdf","121020211221E003.pdf","https://www.dachan.com/conference",法說會影音連結資訊:https://webpro.twse.com.tw/webportal/vod/101/A7522E96D49F-8E103923-6231-11EC-B369/?categoryId=101 ,"14:00開始報到，14:30正式開始","查詢"
"1210","大成","110/09/30","14:00","會議主題: 1210 大成 線上法人說明會（元富）","公司簡介與營運狀況說明。","121020210930M001.pdf","121020210930E001.pdf","https://www.dachan.com/conference","","無","查詢"
"1213","大飲","110/11/24","15:00","國軍英雄館薔薇聽(台北市長沙街一段二十號二
樓)","公司簡介及營運狀況報告","121320211124M001.pdf","121320211124E001.pdf","http://applesidra.com.tw/",法說會影音連結資訊:https://www.youtube.com/watch?v=oKMntsyEdnc ,"中、英文簡報內容檔案於當日會後公告於公開","查詢"
"1215","卜蜂","110/11/30","14:00","證交所101辦公大樓一樓資訊展示中心(台北市信義路五段7號)","簡報營運狀況","121520211130M001.ppt","121520211130E001.ppt","http://www.cptwn.com.tw/cpwebsite/CPPage.aspx?page=04",法說會影音連結資訊:https://webpro.twse.com.tw/webportal/vod/101/1BA00471D40D-BCE42720-51B2-11EC-BECC/?categoryId=101 ,"無","查詢"
"1216","統一","110/04/08","08:30","線上法說會","本公司應麥格里證券之邀於110/04/08參加線上法說會，報告本公司109全年度之營運與財務概況。","121620210407M001.pdf","121620210407E001.pdf","https://www.uni-president.com.tw/invest/index.html","","會議簡報依規定揭露於「公開資訊觀測站」。","查詢"
"1216","統一","110/05/14","08:30","線上法說會","本公司應摩根大通證券之邀於110/05/14參加線上法說會，報告本公司110年第一季度之營運與財務概況。","121620210513M001.pdf","121620210513E001.pdf","https://www.uni-president.com.tw/invest/index.html","","會議簡報依規定揭露於「公開資訊觀測站」。","查詢"
"1216","統一","110/09/06 至 110/09/07","08:00","線上法說會","本公司應摩根大通證券之邀於110/09/06-07參加線上法說會，報告本公司110年上半年度之營運與財務概況。","121620210903M001.pdf","121620210903E001.pdf","https://www.uni-president.com.tw/invest/index.html","","會議簡報依規定揭露於「公開資訊觀測站」。","查詢"
"1216","統一","110/03/25","14:30","線上法說會","1.本公司預計與統一中控及統一實業在110/03/25日舉行線上聯合法說會，報告本公司截至109全年度之營運與財務概況。
2.以下二種方式參加會議: (1).網路直播連結:http://www.zucast.com/webcast/pRdomuoZ。(2).電話會議:電話號碼:+886-2-2192-8017，與會密碼:460209#。若您欲參與提問請用電話會議方式參加，網路直播僅提供收聽及觀看功能，無法參與提問。","121620210325M002.pdf","121620210325E002.pdf","https://www.uni-president.com.tw/invest/index.html",同步收看網址：:http://www.zucast.com/webcast/pRdomuoZ 法說會影音連結資訊:http://www.zucast.com/webcast/pRdomuoZ ,"會議簡報將於當日法說會後揭露及上傳於「公開資訊觀測站」。","查詢"
"1216","統一","110/06/21 至 110/06/22","08:00","線上法說會","本公司應瑞銀證券之邀於110/06/21-22參加線上法說會，報告本公司110年第一季度之營運與財務概況。","121620210618M001.pdf","121620210618E001.pdf","https://www.uni-president.com.tw/invest/index.html","","會議簡報依規定揭露於「公開資訊觀測站」。","查詢"
"1216","統一","110/11/16","08:00","線上法說會","本公司應元大證券之邀於110/11/16參加線上法說會，報告本公司110年前三季度之營運與財務概況。","121620211115M001.pdf","121620211115E001.pdf","https://www.uni-president.com.tw/invest/index.html","","會議簡報依規定揭露於「公開資訊觀測站」。","查詢"
"1217","愛之味","110/08/27","14:00","台北市敦化南路二段97號16樓第一會議室","公司簡介與營運狀況說明","121720210826M001.pdf","121720210826E001.pdf","https://www.agv.com.tw/%e5%b9%b4%e5%ba%a6%e8%a1%8c%e4%ba%8b%e6%9b%86/",法說會影音連結資訊:https://www.youtube.com/watch?v=_SwcRg1MHD0 ,"無","查詢"
"1218","泰山","110/04/19","14:00","台北市松山區復興北路99號15樓(牛牛牛亞會議中心)","本公司受邀參加元大證券舉辦之投資展望說明會","121820210419M001.pdf","121820210419E001.pdf","http://www.taisun.com.tw/investor/legal-person-info/","","新冠肺炎疫情因素，與會者請全程配戴口罩。","查詢"
"1219","福壽","110/09/03","14:00","台灣證券交易所1F資訊展示中心(台北市信義區信義路五段7號1樓)","公司營運、財務績效說明及未來展望","121920210831M001.pdf","121920210831E001.pdf","http://www.fwusow.com.tw/",法說會影音連結資訊:https://webpro.twse.com.tw/webportal/vod/101/8D6F2E542450-9EA16BB0-0C87-11EC-8349/?categoryId=101 ,"無","查詢"
"1220","台榮","110/10/20","14:30","證券交易所101辦公大樓一樓資訊展示中心(台北市信義路五段7號)","簡報營運概況(14:00報到 14:30開始說明會)","122020211019M001.pptx","122020211019E001.pptx","",法說會影音連結資訊:https://webpro.twse.com.tw/webportal/vod/101/F1CAE7C3F94A-3D8FFFB8-3173-11EC-AE2B/?categoryId=101 ,"無","查詢"
"1225","福懋油","110/11/26","14:00","線上法說會","擬於110年11月26日14：00舉行線上法人說明會，報告本公司110年第三季業績成果，欲參加可透過網路連接下列網址參加線上法人說明會http://www.zucast.com/webcast/HT5oFPWk","122520211124M001.pptx","122520211124E001.pptx","http://www.fopco.com.tw",中文影音檔網址:1225_5_20211126_ch.mp4 ,"無","查詢"
"1227","佳格","110/11/23","14:30","台北市內湖區瑞光路610號12樓","本公司受邀參加統一綜合證券舉辦之法人說明會，會中就本公司已公開發布之營運及財務業務狀況做說明。","122720211123M001.pdf","122720211123E001.pdf","https://www.sfworldwide.com/investors-financial-%E6%B3%95%E8%AA%AA%E6%9C%83%E5%A0%B1%E5%91%8A.html","","無","查詢"
"1229","聯華","110/06/09","15:40","線上法說會","本公司受邀參加永豐金證券2021Q2線上論壇，說明本公司110年第1季營運概況。","122920210609M001.pdf","122920210609E001.pdf","https://www.lhicholdings.com/investors/3news/Investor-Conference/","","無","查詢"
"1229","聯華","110/11/25","15:20","線上法說會","本公司受邀參加群益金鼎證券線上投資論壇，說明本公司110年第3季營運概況。","122920211125M002.pdf","122920211125E002.pdf","https://www.lhicholdings.com/investors/3news/Investor-Conference/","","無","查詢"
"1231","聯華食","110/12/23","14:00","線上法說會","公司簡介及營運概況說明","123120211223M001.pdf","123120211223E001.pdf","https://www.lianhwa.com.tw/column_list.php?content_category_sn=180",同步收看網址：:http://www.zucast.com/webcast/trGQ9TeK 法說會影音連結資訊:http://www.zucast.com/webcast/trGQ9TeK ,"無","查詢"
"1232","大統益","110/09/29","14:00","線上法說會","本公司受邀參加統一證券舉辦之線上法說會，說明公司營運概況。","123220210929M001.pdf","123220210929E001.pdf","https://www.ttet.com.tw","","無","查詢"
"1233","天仁","110/12/10","15:00","線上法人說明會","2021年度天仁茶業線上法人說明會","123320211202M001.pdf","123320211202E001.pdf","https://www.tenren.com.tw/Content/Downloads/List.aspx?SiteID=10&amp;MmmID=654061447454403423",同步收看網址：:http://www.zucast.com/webcast/RSu4tJu4 法說會影音連結資訊:http://mzcan-pdf2mp4.s3.amazonaws.com/output/RSu4tJu4/RSu4tJu4.mp4 ,"公司網站所提供法人說明會相關內容，將於法人說明會後上傳至本公司網站","查詢"
"1234","黑松","110/12/15","14:00","臺灣證券交易所一樓資訊展示中心(台北市信義區信義路五段7號1樓)","公司簡介及營運報告","123420211215M001.pdf","123420211215E001.pdf","https://www.heysong.com.tw/investor/stockconference/",法說會影音連結資訊:https://webpro.twse.com.tw/webportal/vod/101/4BD2D13C59D8-B673978E-5D78-11EC-AC2A/?categoryId=101 ,"因應防疫措施，與會者須全程配戴口罩並遵守入場防疫規範。","查詢"
"1235","興泰","110/12/24","15:00","本公司二樓會議室(高雄市仁武區高楠公路10號)","2021年前三季營運概況說明","123520211223M001.pdf","123520211223E001.pdf","http://www.goldenbrand.com.tw/legal.php",法說會影音連結資訊:http://www.goldenbrand.com.tw/legal.php ,"無","查詢"
"1236","宏亞","110/12/22","14:30","台北市忠孝西路一段6號7樓 B會議室
福邦證券總公司","110年第三季經營結果及經營模式說明","123620211222M001.pdf","123620211222E001.pdf","https://www.hunya.com.tw/ir/news/Conference","","無","查詢"
"1256","鮮活果汁-KY","110/11/15","15:00","線上法人說明會","受邀參加兆豐證券線上法人說明會，說明本公司營運概況。","125620211114M001.pdf","125620211114E001.pdf","http://www.myfreshjuice.com/","","無","查詢"
"1301","台塑","110/05/20","14:00","線上法說會","本公司受邀參加富邦證券線上法說會，說明本公司2021年第1季營運概況。","130120210519M001.pdf","130120210519E001.pdf","http://www.fpc.com.tw/fpcw/index.php?op=res&amp;id=13&amp;c=22","","無","查詢"
"1301","台塑","110/09/15","14:00","線上法說會","本公司受邀參加國票證券所舉辦之線上投資論壇，說明營運概況。","130120210914M001.pdf","130120210914E001.pdf","http://www.fpc.com.tw/fpcw/index.php?op=res&amp;id=13&amp;c=22","","無","查詢"
"1301","台塑","110/03/09","12:30","台北市松山區民生東路4段54號4樓","本公司受邀參加華南永昌證券法人說明會，說明本公司經營概況","130120201127M001.pdf","130120201127E001.pdf","http://www.fpc.com.tw/fpcw/index.php?op=res&amp;id=13&amp;c=22","","無","查詢"
"1301","台塑","110/12/07","14:00","線上法說會","本公司受邀參加凱基證券所舉辦之線上投資論壇","130120211206M001.pdf","130120211206E001.pdf","http://www.fpc.com.tw/fpcw/index.php?op=res&amp;id=13&amp;c=22","","無","查詢"
"1303","南亞","110/09/15","11:00","電話會議","本公司受邀參加台新證券舉辦之台新2021年9月台股企業日，說明本公司之營運概況","130320210914M001.pdf","130320210914E001.pdf","https://www.npc.com.tw","","無","查詢"
"1303","南亞","110/05/18","11:15","電話會議","本公司受邀參加台新證券舉辦之台新證券2021年第二季投資論壇，說明本公司之營運概況","130320210517M002.pdf","130320210517E002.pdf","http://www.npc.com.tw","","無","查詢"
"1303","南亞","110/03/10","15:45","臺北文創","本公司受邀參加元富證券舉辦之2021年第一季台股企業日，說明本公司之營運概況","130320210309M002.pdf","130320210309E002.pdf","https://www.npc.com.tw","","無","查詢"
"1303","南亞","110/06/08","15:20","電話會議","本公司受邀參加群益金鼎證券第二季投資論壇，說明本公司之營運概況","130320210604M001.pdf","130320210604E001.pdf","https://www.npc.com.tw","","無","查詢"
"1303","南亞","110/11/26","10:50","國票金控大樓","本公司受邀參加國票證券舉辦之2021國票證券投資論壇，說明本公司之營運概況","130320211110M001.pdf","130320211110E001.pdf","http://www.npc.com.tw","","無","查詢"
"1303","南亞","110/11/11","15:45","電話會議","本公司受邀參加元富證券舉辦之2021年11月台股企業日，說明本公司之營運概況","130320211110M001.pdf","130320211110E001.pdf","http://www.npc.com.tw","","無","查詢"
"1304","台聚","110/05/24","14:30","電話會議","(1)公司簡介與主要產品市場回顧及展望(2)公司財務資訊","130420210524M001.pdf","130420210524E001.pdf","https://www.usife.com.tw/zh-tw/dirInvestor/frmInvestor7.aspx",中文影音檔網址:1304_7_20210524_ch.mp4 ,"本次法說會採預約制，報名請洽本公司發言人吳銘宗協理。Tel No:(02)2650-3238。","查詢"
"1304","台聚","110/11/24","16:00","台北市信義區信義路五段7號1樓 (臺灣證券交易所資訊展示中心)","(1)公司簡介與主要產品市場回顧及展望(2)公司財務資訊","130420211124M001.pdf","130420211124E001.pdf","https://www.usife.com.tw/zh-tw/dirInvestor/frmInvestor7.aspx",同步收看網址：:https://webpro.twse.com.tw/webportal/?liveChannelId=1 法說會影音連結資訊:https://webpro.twse.com.tw/webportal/vod/101/1BA00471D40D-B8B88EE0-4D09-11EC-BECC/?categoryId=101 ,"因新冠疫情,請以證交所影音雲直播頻道收看;仍欲出席者請先洽發言人訂位02-26503238。","查詢"
"1305","華夏","110/08/18","14:30","台北市信義區信義路五段7號1樓(臺灣證券交易所資訊展示中心)","(1)2021年H1回顧及H2展望 (2)公司2021年H1財務資訊","130520210818M001.pdf","130520210818E001.pdf","https://www.cgpc.com.tw/zh-tw/dirServices/frmServices8.aspx",同步收看網址：:https://webpro.twse.com.tw/webportal/?liveChannelId=1 法說會影音連結資訊:https://webpro.twse.com.tw/webportal/vod/101/35F88F025624-946D90FD-FFF9-11EB-AEC8/?categoryId=101 ,"因新冠疫情,請以證交所影音雲直播頻道收看;仍欲出席者請先洽發言人訂位02-26503708","查詢"
"1305","華夏","110/05/17","14:30","台北市信義區信義路五段7號1樓(臺灣證券交易所資訊展示中心)","(1)2021年Q1回顧及Q2展望 (2)公司2021年Q1財務資訊","130520210517M001.pdf","130520210517E001.pdf","https://www.cgpc.com.tw/zh-tw/dirServices/frmServices8.aspx",同步收看網址：:https://webpro.twse.com.tw/WebPortal/ 法說會影音連結資訊:https://webpro.twse.com.tw/webportal/vod/101/99A2C7B33A7C-61DFD5B1-B6E4-11EB-916C/?categoryId=101 ,"因新冠疫情嚴峻，本次法說現場不邀請法人出席，請利用證交所影音雲直播頻道同步收看。","查詢"
"1305","華夏","110/03/22","14:30","台北市信義區信義路五段7號1樓(臺灣證券交易所資訊展示中心)","(1)2020年回顧及2021年Q1展望 (2)公司2020年財務資訊","130520210322M001.pdf","130520210322E001.pdf","https://www.cgpc.com.tw/zh-tw/dirServices/frmServices8.aspx",同步收看網址：:https://webpro.twse.com.tw/webportal/?liveChannelId=1 法說會影音連結資訊:https://webpro.twse.com.tw/webportal/vod/101/974C6B80F383-5E846D00-8AE6-11EB-A09F/?categoryId=101 ,"因新冠疫情,請以證交所影音雲直播頻道收看;仍欲出席者請先洽發言人訂位02-26503708","查詢"
"1305","華夏","110/11/26","14:30","台北市信義區信義路五段7號1樓(臺灣證券交易所資訊展示中心)","(1)2021年Q3回顧及Q4展望 (2)公司2021年Q3財務資訊","130520211126M001.pdf","130520211126E001.pdf","https://www.cgpc.com.tw/zh-tw/dirServices/frmServices8.aspx",同步收看網址：:https://webpro.twse.com.tw/webportal/?liveChannelId=1 法說會影音連結資訊:https://webpro.twse.com.tw/webportal/vod/101/1BA00471D40D-F2F43AC4-4E8D-11EC-BECC/?categoryId=101 ,"出席人員仍須遵守中央疫情指揮中心之防疫規定。","查詢"
"1307","三芳","110/09/29","14:00","webex視訊會議","本公司受邀參加中信證券法人說明會,說明本公司之營運概況。","130720250117M006.pdf","130720250117E006.pdf","https://www.sanfang.com","","內容檔案於當日會後公告於公開資訊觀測站","查詢"
"1308","亞聚","110/05/18","14:30","電話會議","1.公司概況、營運回顧與展望 2.財務資訊","130820210518M001.pdf","130820210518E001.pdf","https://www.apc.com.tw/zh-tw/dirServices/frmServices8.aspx",中文影音檔網址:1308_5_20210518_ch.mp4 ,"本次法說會採預約制，報名請洽本公司發言人黃克名經理。Tel:(02)8751-6888#6232。","查詢"
"1309","台達化","110/05/18","16:00","電話會議","本公司受邀參加群益金鼎證券線上法說會，法說會內容: 1.公司簡介 2.2020年回顧 3.2021年展望 4.公司財務資訊","130920210518M001.pdf","130920210518E001.pdf","https://www.ttc.com.tw/zh-tw/dirServices/frmServices8.aspx",中文影音檔網址:1309_5_20210518_ch.mp4 ,"本次法說會採預約制，報名請洽本公司發言人顏太明執行副總經理。Tel:(02)2650-3278。","查詢"
"1310","台苯","110/09/16","14:30","台北市南京東路二段85號7樓","本公司受邀參加日盛證券舉辦之法人說明會，介紹本公司及營運狀況說明。","131020210916M001.pdf","131020210916E001.pdf","https://www.smct.com.tw","","無","查詢"
"1312","國喬","110/11/24","14:00","採視訊方式進行","所屬產業概況及營運成果","131220211123M001.pptx","131220211123E001.pptx","www.gppc.com.tw","","無","查詢"
"1313","聯成","110/11/24","14:30","台北市南港區南港路一段209號B棟1樓國際會議廳","本公司受邀參加凱基證券舉辦之法人說明會，主要內容為公司營運說明。","131320211124M001.pdf","131320211124E001.pdf","https://www.upc.com.tw","","無","查詢"
"1314","中石化","110/09/03","16:00","臺灣證券交易所1樓資訊展示中心 (台北市信義路5段7號1樓)","說明本公司財務暨營運概況","131420210903M001.pdf","131420210903E001.pdf","https://www.cpdc.com.tw/tw/ir_conference",法說會影音連結資訊:https://webpro.twse.com.tw/webportal/vod/101/8D6F2E542450-4AC38572-0C99-11EC-8349/?categoryId=101 ,"因110年9月2日公告之法人說明會召開日期之年度誤植為『109』，公告進行更正為『110』","查詢"
"1315","達新","110/12/22","15:00","第一金證券7樓會議室(台北市中山區長安東路一段22號7樓)","本公司受邀參加第一金證券舉辦之法人說明會，報告本公司近期財務暨營運概況。","131520211203M001.pdf","131520211203E001.pdf","http://www.tahhsin.com.tw","","會議簡報依規定揭露「公開資訊觀測站」","查詢"
"1316","上曜","110/06/24","14:30","線上法說會","本公司受邀參加元大證券舉辦之產業座談會，報告本公司本公司受邀參加元大證券舉辦之產業座談會，報告本公司營運狀營運狀況及未來展望。","131620210624M001.pdf","131620210624E001.pdf","","","相關資訊依規定揭露於「公開資訊觀測站」及公司網站。","查詢"
"1316","上曜","110/03/26","15:00","台南市安平區永華路二段248號18樓之7(本公司永華會議室)","本公司自辦之產業座談會","131620210326M001.pptx","131620210326E001.pdf","",中文影音檔網址:1316_10_20210326_ch.mp4 ,"無","查詢"
"1316","上曜","110/10/20","14:30","線上法人說明會","本公司受邀參加凱基證券與IR Trust共同舉辦之「2021房市風向指標線上研討會」","131620211020M001.pdf","131620211020E001.pdf","","","完整財務業務資訊請至公開資訊觀測站之法人說明會一覽表或法說會項目下查閱。","查詢"
"1316","上曜","110/12/30","14:30","線上法說會","本公司受邀參加台中銀證券舉辦之線上法人說明會","131620211230M001.pdf","131620211230E001.pdf","","","完整財務業務資訊請至公開資訊觀測站之法人說明會一覽表或法說會項目下查閱。","查詢"
"1319","東陽","110/07/09","15:15","以線上形式參與","(1).公司與集團基本介紹
(2).近期營收與獲利狀況","131920210708M001.pdf","131920210708E001.pdf","http://www.tyg.com.tw","","無","查詢"
"1321","大洋","110/08/23","16:00","臺灣證&#21173;交易所資訊展示中心(台北信義區信義路
5段7號1樓)","公司簡介、2021年事業部營運情形、2021Q2
經營績效、投資收益。","132120210820M001.pptx","132120210820E001.pptx","http://www.opc.com.tw",同步收看網址：:https://webpro.twse.com.tw/webportal/vod/101/8D6F2E542450-0374D5BF-03F2-11EC-8349/?categoryId=101 ,"無","查詢"
"1323","永裕","110/11/17","14:30","線上法人說明會","公司受邀參加凱基證券公司所舉辦之上市公司法人說明會，說明本公司營運展望與經營績效。","132320211117M001.pptx","132320211117E001.pptx","http://www.yonyu.com.tw/yonyu/ir05.php",同步收看網址：:https://kgi.webex.com/kgi-tc/onstage/g.php?MTID=e84c323454274a4ce41eaaf4faa88c1b2 ,"內容檔案於當日會後公告於公開資訊觀測站。連線方式請詳公司網站說明。","查詢"
"1324","地球","110/04/09","14:30","台北市忠孝西路一段6號7樓 B會議室。","公司簡介及營運概況等說明。","132420210409M001.pdf","132420210409E001.pdf","http://www.globetape.com/tw/invest.html#","","無。","查詢"
"1325","恆大","110/12/17","14:30","台北巿信義區信義路五段7號1樓(證交所資訊展示中心)","公司簡介及營運概況等說明","132520211216M001.pdf","132520211216E001.pdf","http://www.uk.com.tw",法說會影音連結資訊:https://webpro.twse.com.tw/webportal/vod/101/4BD2D13C59D8-622F8B75-5F09-11EC-AC2A/?categoryId=101 ,"無","查詢"
"1326","台化","110/04/28","14:00","電話會議","本公司受邀參加華南永昌證券舉辦之電話法人說明會，說明本公司之營運概況","132620210427M001.pdf","132620210427E001.pdf","http://www.fcfc.com.tw/PRE/TW/IR-InstitutionalInvestorConference.html","","報名請洽華南永昌證券 李小姐02-25456888#8967 Email:7015@entrust.com.tw","查詢"
"1326","台化","110/08/31","14:00","線上法說會","本公司受邀參加華南永昌證券舉辦之法人說明會，說明本公司110年上半年之營運概況及產業展望。","132620210830M001.pdf","132620210830E001.pdf","http://www.fcfc.com.tw/PRE/TW/IR-InstitutionalInvestorConference.html#gsc.tab=0","","報名請洽華南永昌 李小姐02-25456888#8967 Email:7015@entrust.com.tw","查詢"
"1337","再生-KY","110/12/07","15:30","臺灣證券交易所1樓資訊展示中心(台北市信義路5段7號101大樓1樓)","本公司召開法人說明會","133720211202M001.pdf","133720211202E001.pdf","http://www.asia-recycle.com/investor/announcement/3.html",:未輸 ,"無","查詢"
"1338","廣華-KY","110/05/28","14:00","Webex線上會議","中國信託證券舉辦之『線上法人說明會』","133820210527M001.pdf","133820210527E001.pdf","","","無。","查詢"
"1338","廣華-KY","110/11/30","13:30","線上法說","凱基證券所舉辦之線上法人說明會，就本公司簡介、營運概況及未來展望等做說明。","133820211127M001.pdf","133820211127E001.pdf","","","無","查詢"
"1339","昭輝","110/09/14","14:30","彰化縣鹿港鎮興業路8號(昭輝辦公大樓會議室)","介紹公司概況，說明營運成果以及未來展望","133920210914M001.pdf","133920210914E001.pdf","http://www.yccco.com.tw",中文影音檔網址:1339_11_20210914_ch.mp4 ,"無","查詢"
"1339","昭輝","110/12/16","14:30","彰化縣鹿港鎮興業路8號(昭輝辦公大樓會議室)","介紹公司概況，說明營運成果以及未來展望","133920211216M001.pdf","133920211216E001.pdf","http://www.yccco.com.tw",中文影音檔網址:1339_12_20211216_ch.mp4 ,"無","查詢"
"1340","勝悅-KY","110/11/30","16:00","台北市衡陽路51號10樓(基泰國際會議中心)","本公司將於110年11月30日召開法人說明會","134020211129M001.pdf","134020211129E001.pdf","http://www.vnm.com.tw/index.php?temp=news&amp;lang=cht",中文影音檔網址:1340_14_20211130_ch.mp4 ,"無","查詢"
"1341","富林-KY","110/04/21","14:30","線上法說會","本公司受邀參加中信證券舉辦之線上法說會，說明本公司財務及營運概況。","134120210421M001.pdf","134120210421E001.pdf","http://www.fulinvn.com/tc/investor_detail.php?PKey=325","","內容檔案於當日會後公告於公開資訊觀測站","查詢"
"1341","富林-KY","110/05/14","14:00","線上法說會","本公司受邀參加中信證券舉辦之線上法說會，說明本公司財務及營運概況。","134120210514M002.pdf","134120210514E002.pdf","http://www.fulinvn.com/tc/investor_detail.php?PKey=326","","內容檔案於當日會後公告於公開資訊觀測站","查詢"
"1341","富林-KY","110/12/09","14:00","線上法說會","本公司受邀參加中信證券舉辦之線上法說會，說明本公司財務及營運概況。","134120211209M003.pdf","134120211209E003.pdf","http://www.fulinvn.com/tc/investor_detail.php?PKey=339","","內容檔案於當日會後公告於公開資訊觀測站","查詢"
"1342","八貫","110/10/14","13:30","線上法說會","本公司受邀參加元大證券舉辦之線上法說會，說明本公司營運概況及未來展望。","134220211019M001.pdf","134220211019E001.pdf","","","無","查詢"
"1402","遠東新","110/08/25","15:30","視訊會議","本公司受邀參加由摩根史坦利證券於2021/8/25舉辦之Virtual Asia Activewear Symposium，
說明2021年度第二季度營運與財務概況","140220210824M001.pdf","140220210824E001.pdf","http://www.fenc.com/","","法說會資料已揭露於公開資訊觀測站之法說會專區","查詢"
"1402","遠東新","110/04/08","10:30","線上會議","本公司受邀參加由專顧資本與證券櫃檯買賣中心於2021/4/8
合辦之探索台股主題論壇，說明2020年度營運與財務概況","140220210407M001.pdf","140220210407E001.pdf","http://www.fenc.com/","","法說會資料已揭露於公開資訊觀測站之法說會專區","查詢"
"1402","遠東新","110/06/02","13:00","視訊會議","本公司受邀參加由花旗證券於2021/6/2舉辦之
Pan-Asia Regional Investor Conference，
說明2021年度第一季度營運與財務概況","140220210601M001.pdf","140220210601E001.pdf","http://www.fenc.com/","","法說會資料已揭露於公開資訊觀測站之法說會專區","查詢"
"1402","遠東新","110/03/26","14:00","台北君悅酒店","本公司受邀參加由匯豐證券於2021/3/26在台北君悅酒店
所舉辦法人座談會，說明2020年度第三季度營運與財務概況","140220210325M001.pdf","140220210325E001.pdf","http://www.fenc.com/","","法說會資料已揭露於公開資訊觀測站之法說會專區","查詢"
"1402","遠東新","110/08/17 至 110/08/18","11:00","視訊會議","本公司受邀參加由瑞士信貸證券於2021/8/17-18舉辦之Taiwan Non-Tech Day，
說明2021年度第二季度營運與財務概況","140220210816M001.pdf","140220210816E001.pdf","http://www.fenc.com/","","法說會資料已揭露於公開資訊觀測站之法說會專區","查詢"
"1402","遠東新","110/09/28 至 110/09/29","10:20","視訊會議","本公司受邀參加由台灣證券交易所及寬量國際於2021/9/28-29共同主辦之
「10th Taiwan CEO Week on Air」，說明2021年度第二季度營運與財務概況","140220210927M001.pdf","140220210927E001.pdf","http://www.fenc.com/","","法說會資料已揭露於公開資訊觀測站之法說會專區","查詢"
"1402","遠東新","110/06/29","15:00","視訊會議","本公司受邀參加由專顧資本於2021/6/29舉辦之
亞太機遇峰會2021，說明2021年度第一季度營運與財務概況","140220210628M001.pdf","140220210628E001.pdf","http://www.fenc.com/","","法說會資料已揭露於公開資訊觀測站之法說會專區","查詢"
"1402","遠東新","110/06/30","14:00","視訊會議","本公司受邀參加由元大證券於2021/6/30舉辦之法人座談會，
說明2021年度第一季度營運與財務概況","140220210628M001.pdf","140220210628E001.pdf","http://www.fenc.com/","","法說會資料已揭露於公開資訊觀測站之法說會專區","查詢"
"1402","遠東新","110/10/27","10:30","視訊會議","本公司受邀參加由專顧資本於2021/10/27舉辦之亞洲ESG投資人論壇，
說明2021年度第二季度營運與財務概況","140220211025M001.pdf","140220211025E001.pdf","http://www.fenc.com/","","法說會資料已揭露於公開資訊觀測站之法說會專區","查詢"
"1402","遠東新","110/11/02","14:30","台北紅廚","本公司受邀參加由元大證券於2021/11/2在台北舉辦TITAS投資人說明會，
說明2021年度第二季度營運與財務概況","140220211101M001.pdf","140220211101E001.pdf","http://www.fenc.com/","","法說會資料已揭露於公開資訊觀測站之法說會專區","查詢"
"1409","新纖","110/08/31","14:30","證交所101辦公大樓一樓資訊展示中心(PM 2：10 ~ 2：30報到、PM 2：30 ~ 3：30說明會)","2021年上半年營運狀況及未來展望說明會","140920210831M001.pptx","140920210831E001.pptx","",法說會影音連結資訊:https://webpro.twse.com.tw/webportal/vod/101/8D6F2E542450-4FDDE46E-0A31-11EC-8349/?categoryId=101 ,"依規定，本法說會場親臨參加人數限15名，請盡量使用證券交易所網站線上同步觀看。","查詢"
"1410","南染","110/10/26","14:30","台灣證券交易所1F資訊展示中心","本公司近期營運概況說明","141020211025M001.pdf","141020211025E001.pdf","",同步收看網址：:http://webpro.twse.com.tw/webprotal/vod/101/?categoryId=101 ,"因應新冠肺炎防疫措施，請參加者全程佩戴口罩並配合測量額溫","查詢"
"1413","宏洲","110/12/09","14:30","福邦證券股份有限公司會議室(台北市忠孝西路一段6號7樓B會議室)","本公司受邀參加福邦證券舉辦之法人說明會。","141320211206M002.ppt","141320211206E002.ppt","http://www.hungchou.com.tw","","無。","查詢"
"1414","東和","110/12/16","14:00","台南市麻豆區小埤里工業路227號(東和紡織股份有限公司麻豆廠區員工交誼廳)","公司簡介與營運概況說明","141420211216M001.pdf","141420211216E001.pdf","http://www.tungho.com.tw/index.php?option=module&amp;lang=cht&amp;task=pageinfo&amp;id=457&amp;index=2",法說會影音連結資訊:https://www.youtube.com/watch?v=UB8ustH8lgg ,"無","查詢"
"1416","廣豐","110/09/30","14:00","http://www.zucast.com/webcast/KKdX7SOh","本公司於110年09月30日14:00 召開線上法人說明會，欲參加者可透過網路連接下列網址參加線上法說會
http://www.zucast.com/webcast/KKdX7SOh","141620210929M001.pdf","141620210929E001.pdf","http://www.kfic.com.tw/shareholders.html",同步收看網址：:http://www.zucast.com/webcast/KKdX7SOh 法說會影音連結資訊:http://www.kfic.com.tw/sharehold4-5/20210930-MP4.html ,"無","查詢"
"1417","嘉裕","110/11/17","15:10","線上法說會","本公司受邀參加富邦證券舉辦之線上法說會,會中介紹本公司2021年第三季營運成果報告","141720211116M001.pdf","141720211116E001.pdf","http://www.carnival.com.tw/","","報名請洽富邦證券法人業務部 tingju.yeh@fubon.com","查詢"
"1418","東華","110/12/30","15:30","臺灣證券交易所1樓資訊展示中心 (地址:台北市信義區信義路五段7號101大樓1樓)","本公司110年第三季財務報告","141820211227M001.pdf","141820211227E001.pdf","",法說會影音連結資訊:https://webpro.twse.com.tw/WebPortal/vod/101/3B61E9240065-60224367-6949-11EC-8D31/?categoryId=101 ,"無","查詢"
"1419","新紡","110/09/14","14:30","台北市信義區信義路五段7號1樓證券交易所資訊展示中心","簡報營運狀況","141920210909M002.pdf","141920210909E002.pdf","https://sites.google.com/view/sktextile/投資人專區/法人說明會",法說會影音連結資訊:https://webpro.twse.com.tw/webportal/vod/101/FD73B9E74465-3A1A7443-1528-11EC-A66D/?categoryId=101 ,"無","查詢"
"1423","利華","110/09/27","14:30","台灣證券交易所(101大樓)一樓資訊展示中心(台北市信義路五段7號)","公司近期(110年上半年度)營運概況。","142320210927M001.pdf","142320210927E001.pdf","http://www.reward.com.tw/",法說會影音連結資訊:https://webpro.twse.com.tw/webportal/vod/101/4B31EF0278A4-3FD798F1-1F63-11EC-9907/?categoryId=101 ,"無","查詢"
"1432","大魯閣","110/12/29","14:30","臺灣證券交易所1樓資訊展示中心 (台北市信義區信義路五段7號1樓)","本公司營運現況及未來營運方向","143220211228M001.pptx","143220211228E001.pptx","http://www.taroko.com.tw/c/news.php",法說會影音連結資訊:https://webpro.twse.com.tw/WebPortal/vod/101/3B61E9240065-7C00F5A0-6876-11EC-8D31/?categoryId=101 ,"完整資訊請至公開資訊觀測站或本公司網站查閱","查詢"
"1434","福懋","110/08/27","14:00","線上法說會","本公司受邀參加華南永昌證券舉辦之法人說明會，說明本公司之營運概況。","143420210826M001.pdf","143420210826E001.pdf","http://www.ftc.com.tw/newftc/legal.php","","報名請洽華南永昌 李小姐02-25456888#8967 Email:7015@entrust.com.tw","查詢"
"1434","福懋","110/12/10","14:00","線上法說會","本公司受邀參加華南永昌證券舉辦之法人說明會，說明本公司之營運概況。","143420211209M001.pdf","143420211209E001.pdf","http://www.ftc.com.tw/newftc/legal.php","","報名請洽華南永昌 李小姐02-25456888#8967 Email:7015@entrust.com.tw","查詢"
"1435","中福","110/12/21","15:00","線上法說會","本公司受邀參加元大證券舉辦之線上法說會，報告本公司營運狀況。","143520211220M001.ppt","143520211220E001.ppt","","","無。","查詢"
"1436","華友聯","110/11/11","14:00","線上法說會","本公司受邀參加元大證券舉辦之線上法說會，報告本公司營運狀況。","143620211109M001.pdf","143620211109E001.pdf","http://www.huakai.com.tw/","","無。","查詢"
"1437","勤益控","110/11/26","14:30","線上法人說明會","本公司受邀參加永豐金證券舉辦之線上法人說明會，說明本公司財務概況。","143720211126M001.pdf","143720211126E001.pdf","http://www.gtm.com.tw/web/invenstor/invenstor_direction_1.jsp","","無","查詢"
"1437","勤益控","110/07/09","15:00","線上法人說明會","本公司受邀參加永豐金證券舉辦之線上法人說明會，說明本公司財務概況。","143720210709M001.pdf","143720210709E001.pdf","http://www.gtm.com.tw/web/invenstor/invenstor_direction_1.jsp","","無","查詢"
"1438","三地開發","110/12/16","14:00","高雄市苓雅區中正二路175號16樓之3
(本次法說會採線上會議)","說明本公司營運概況及未來展望","143820211216M001.pdf","143820211216E001.pdf","",中文影音檔網址:1438_5_20211216_ch.mp4 ,"無","查詢"
"1439","雋揚","110/12/23","15:30","福邦證券總公司(台北市忠孝西路一段6號7樓 B會議室)","本公司受邀參加福邦證券舉辦之法人說明會","143920211223M001.pdf","143920211223E001.pdf","http://www.chuwa.com.tw/investor/stock.htm","","公司簡介、營運及財務概況等說明","查詢"
"1440","南紡","110/04/14","14:30","臺北文創(台北市信義區菸廠路88號6F)","本公司受邀參加元富證券所舉辦之「2021年台股企業日」，說明本公司營運概況。","144020210412M001.pdf","144020210412E001.pdf","http://www.tainanspin.com.tw/index.php?option=module&amp;lang=cht&amp;task=pageinfo&amp;id=39&amp;index=1","","無","查詢"
"1440","南紡","110/09/15","14:30","線上法說會","本公司受邀參加元富證券所舉辦之「2021年台股企業日」，說明本公司營運概況。","144020210913M002.pdf","144020210913E002.pdf","http://www.tainanspin.com.tw/index.php?option=module&amp;lang=cht&amp;task=pageinfo&amp;id=39&amp;index=1","","無","查詢"
"1441","大東","110/12/28","14:00","請逕洽元富證券 承銷部 電話：02-23255818分機726
陳小姐","本公司受邀參加元富證券所舉辦之線上法人說明會，
說明公司營運概況","144120211228M001.pdf","144120211228E001.pdf","","","無","查詢"
"1442","名軒","110/11/26","14:30","新北市五股區成泰路一段189巷16號B1綜合教室","本公司受邀參加凱基證券舉辦之法人說明會，說明未來經營策略及願景。","144220211126M001.pdf","144220211126E001.pdf","https://www.advancetek.com.tw/投資人專區/財務業務/法人說明會","","會議資料將於法說會後揭露於公開資訊觀測站及公司網站","查詢"
"1443","立益物流","110/12/14","15:00","元富證券教育訓練室 台北市大安區敦化南路二段97號11樓","說明公司產業發展與經營現況","144320211210M001.pdf","144320211210E001.pdf","www.lily.com.tw","","無","查詢"
"1444","力麗","110/11/24","14:30","線上法人說明會","公司財務及營運概況","144420211123M001.pdf","144420211123E001.pdf","https://www.lealeagroup.com.tw/","","報名網址：https://forms.gle/T3v28Qwwfb3kE8nB9","查詢"
"1445","大宇","110/12/01","14:00","台北市大同區西寧北路62-5號7樓","本公司受邀參加群益金鼎證券舉辦之法人說明會，進行公司營運概況說明。","144520211201M001.pdf","144520211201E001.pdf","http://www.utc.tw/UNIVERSAL/Service10.aspx","","無","查詢"
"1446","宏和","110/11/23","14:00","線上法說會","本公司受邀參加元大證券舉辦之產業座談會","144620211122M001.pdf","144620211122E001.pdf","http://www.hongho.com.tw/","","無","查詢"
"1447","力鵬","110/11/24","15:30","線上法人說明會","公司財務及營運概況","144720211123M001.pdf","144720211123E001.pdf","https://www.lealeagroup.com.tw","","報名網址：https://forms.gle/T3v28Qwwfb3kE8nB9","查詢"
"1449","佳和","110/10/05","15:00","台南市新市區豐榮155號(南科黑金剛智慧園區)","簡報營運狀況","144920210930M001.pptx","144920210930E001.pptx","http://www.chgtex.com",法說會影音連結資訊:https://www.youtube.com/watch?v=aE9UuzAt0Rc ,"完整資訊請至公開資訊觀測站之法人說明會一覽表或法說會項下查詢","查詢"
"1451","年興","110/11/30","16:00","台北市信義區信義路五段7號1樓(臺灣證券交易所資訊展示中心)","公司簡介及營運概況說明","145120211129M001.pdf","145120211129E001.pdf","",法說會影音連結資訊:https://webpro.twse.com.tw/WebPortal/vod/101/1BA00471D40D-3D92AB91-51B7-11EC-BECC/?categoryId=101 ,"無","查詢"
"1452","宏益","110/11/18","14:00","台北市大同區塔城街66號6樓","本公司受邀參加群益金鼎證券舉辦之法人說明會","145220211118M001.pdf","145220211118E001.pdf","https://www.hongyilon.com.tw/","","無","查詢"
"1453","大將","110/12/03","15:00","德信綜合證券會議中心(台北市中正區新生南路一段50號3樓)","本公司現況及營運展望說明","145320211202M001.ppt","145320211202E001.ppt","http://www.tajiang.com.tw","","相關資料將依法人說明會相關規定登載於公開資訊觀測站及公司網站","查詢"
"1454","台富","110/12/01","14:00","台北市南京東路二段85號7樓 日盛證券會議室","一、公司簡介。
二、公司沿革。
三、產業概況。
四、營運狀況。
五、未來展望。","145420211201M001.pptx","145420211201E001.pptx","","","無","查詢"
"1455","集盛","110/12/13","14:30","受邀參加統一證券舉辦之線上法人說明會","報告 本公司110年前三季之營運結果及未來展望","145520211213M003.pdf","145520211213E003.pdf","http://www.zigsheng.com","","無","查詢"
"1456","怡華","110/09/23","15:30","臺灣證券交易所1樓資訊展示中心(台北市信義區信義路五段7號1樓)","公司財務業務狀況及未來營運展望說明","145620210917M001.pptx","145620210917E001.pptx","http://www.ihwa.com.tw/investment_tw.php?id=630",同步收看網址：:https://webpro.twse.com.tw/webportal/vod/101/751D01B49DFF-0FD29812-1C4A-11EC-881E/?categoryId=101 法說會影音連結資訊:https://webpro.twse.com.tw/webportal/vod/101/751D01B49DFF-0FD29812-1C4A-11EC-881E/?categoryId=101 ,"無","查詢"
"1457","宜進","110/12/09","14:30","福邦證券股份有限公司會議室(台北市忠孝西路一段6號7樓)","本公司受邀參加福邦證券舉辦之法人說明會","145720211207M001.pdf","145720211207E001.pdf","http://www.yijinn.com.tw","","無","查詢"
"1459","聯發","110/09/29","13:30","線上法說會","元大證券舉辦之【2021第二季聯合產業座談會】","145920210929M001.pdf","145920210929E001.pdf","http://www.lanfa.com.tw/","","無","查詢"
"1460","宏遠","110/10/14","14:30","線上法人座談會","本公司受邀參加凱基證券舉辦之法人座談會，於會中就已公開發佈之財務數字、經營績效等相關資訊做說明。","146020211014M001.pdf","146020211014E001.pdf","","","無","查詢"
"1463","強盛新","110/12/17","14:30","康和綜合證券總公司B2會議室
(台北市信義區基隆路一段176號B2)","本公司受邀參加康和綜合證券所舉辦之法人說明會","146320211217M002.pdf","146320211217E002.pdf","https://www.csgroup.com.tw","","無","查詢"
"1464","得力","110/08/17","14:00","台南市新市區三舍里240號","說明本公司之營運概況","146420210816M001.pptx","146420210816E001.pptx","http://www.delicacy.com.tw/zh-tw/Investor/法說會/法說會資訊",法說會影音連結資訊:http://www.delicacy.com.tw/zh-tw/Investor/法說會/法說會資訊 ,"欲參加者請洽朱小姐(06)5011081或mail：chuchu5811@delicacy.com.tw","查詢"
"1464","得力","110/12/28","14:00","台南市新市區三舍里240號","說明本公司之營運概況","146420211227M001.pptx","146420211227E001.pptx","http://www.delicacy.com.tw/zh-tw/Investor/法說會/法說會資訊",法說會影音連結資訊:http://www.delicacy.com.tw/zh-tw/Investor/法說會/法說會資訊 ,"欲參加者請洽朱小姐(06)5011081或mail：chuchu5811@delicacy.com.tw","查詢"
"1465","偉全","110/09/23","14:30","台北市信義路五段7號101大樓1樓(臺灣證券交易所資訊展示中心)","說明本公司之業務與財務概況。","146520210923M001.pdf","146520210923E001.pdf","",同步收看網址：:https://webpro.twse.com.tw/WebPortal/ 法說會影音連結資訊:https://webpro.twse.com.tw/WebPortal/ ,"無","查詢"
"1466","聚隆","110/11/30","14:30","福邦證券股份有限公司會議室(台北市忠孝西路一段6號7樓)","本公司受邀參加福邦證券股份有限公司舉辦之法人說明會","146620211126M001.pdf","146620211126E001.pdf","","","無","查詢"
"1467","南緯","110/12/17","14:30","台北市南京東路二段85號7樓 日盛證券7樓會議室","本公司受邀參加日盛證券股份有限公司所舉辦之法人說明會","146720211216M001.pdf","146720211216E001.pdf","http://www.texray.com","","簡報檔請至公開資訊觀測站之法人說明會一覽表或法說會項目查閱","查詢"
"1468","昶和","110/11/01","15:00","台北市大安區忠孝東路四段270號9樓","本公司自辦法人說明會","146820211101M001.pdf","146820211101E001.pdf","https://www.chang-ho.com.tw/",法說會影音連結資訊:https://fb.watch/8-kg1THn5T/ ,"無","查詢"
"1468","昶和","110/12/28","15:00","台北市大安區忠孝東路四段270號9樓","本公司自辦法人說明會","146820211227M002.pdf","146820211227E002.pdf","https://www.chang-ho.com.tw/",法說會影音連結資訊:https://fb.watch/aasPqxjfQ5/ ,"無","查詢"
"1470","大統新創","110/09/29","13:30","線上法說會","公司簡介及營運概況說明","147020210929M001.pdf","147020210929E001.pdf","https://www.evertex.tw/en/ir/corporate-presentation","","無","查詢"
"1471","首利","110/12/08","15:30","福邦證券總公司(台北市忠孝西路一段6號7樓B會議室)","公司簡介及營運概況等說明","147120211208M001.pdf","147120211208E001.pdf","www.soly-tech.com","","無","查詢"
"1472","三洋實業","110/12/30","14:00","線上法說會","本公司受邀參加康和證券舉辦之線上法人說明會，說明公司營運狀況及未來展望","147220211230M001.pdf","147220211230E001.pdf","http://triocean.com.tw/ch/financial-information/","","報名請洽康和證券鄭小姐 電話:02-2760-9790或Email:110130@concords.com.tw","查詢"
"1473","台南","110/09/24","15:00","線上法人說明會","公司簡介及說明公司營運狀況","147320210924M001.pdf","147320210924E001.pdf","http://www.tai-nan.com/invest5.aspx",法說會影音連結資訊:https://webpro.twse.com.tw/WebPortal/vod/101/E1DDAC1DFCE7-4AE37FF3-1D08-11EC-AC81/?categoryId=101 ,"Webex會議ID：2510 495 4140   密碼：P4m7PUXBgx3","查詢"
"1474","弘裕","110/10/05","16:00","台北市信義區信義路五段7號1樓
(臺灣證券交易所資訊展示中心)","本公司之產品發展與未來營運重點","147420211005M001.pdf","147420211005E001.pdf","https://www.textile-hy.com.tw/investors/%E6%B3%95%E8%AA%AA%E6%9C%83%E8%B3%87%E8%A8%8A.html",同步收看網址：:https://webpro.twse.com.tw/webportal/vod/101/F51CA44B84B9-35E2CD20-25BF-11EC-BA46/?categoryId=101 法說會影音連結資訊:https://webpro.twse.com.tw/webportal/vod/101/F51CA44B84B9-35E2CD20-25BF-11EC-BA46/?categoryId=101 ,"無","查詢"
"1475","業旺","110/12/23","14:30","台北市忠孝西路一段6號7樓 B會議室 (福邦證券)","公司簡介及營運概況。","147520211223M001.pdf","147520211223E001.pdf","","","本公司受邀參加福邦證券舉辦之法人說明會。","查詢"
"1476","儒鴻","110/08/10","14:30","線上法人說明會","本公司受邀永豐金證券法人業務部舉辦之線上法人說明會，會中說明本公司110年第2季經營成果及營運展望。","147620210810M001.pdf","147620210810E001.pdf","http://www.eclat.com.tw/zh-tw/investor_presentation.php","","欲報名參加者，請以E-mail回覆(E-mail: betty.hsieh@sinopac.com)電話(02)2382-8169","查詢"
"1476","儒鴻","110/05/07","14:30","康和證券B2會議廳(台北市基隆路一段176號)","本公司受邀參加康和證券舉辦之法人說明會，會中說明本公司110年第一季營運成果","147620210507M001.pdf","147620210507E001.pdf","http://www.eclat.com.tw/zh-tw/investor_presentation.php","","無。","查詢"
"1476","儒鴻","110/03/10","16:10","線上法人說明會","本公司受邀參加Morgan Stanley舉辦之線上法人說明會，會中說明本公司109年度經營成果及110年度營運展望","147620210308M001.pdf","147620210308E001.pdf","http://www.eclat.com.tw/zh-tw/investor_presentation.php",同步收看網址：:https://morganstanley.webcasts.com/starthere.jsp?ei=1437035&tp_key=64bbef5c54 ,"如欲參加線上法說會，請先於上列同步收看網址進行登記註冊。","查詢"
"1476","儒鴻","110/03/09","14:30","台北市敦化南路一段108號B2 (富邦國際會議中心)","本公司受邀參加富邦證券舉辦之法人說明會，會中說明本公司109年度經營成果報告","147620210308M001.pdf","147620210308E001.pdf","http://www.eclat.com.tw/zh-tw/investor_presentation.php","","無。","查詢"
"1476","儒鴻","110/11/09","15:00","線上法人說明會","受邀參加 
本公司受邀凱基證券舉辦之線上法人說明會，會中說明本公司110年第3季營運成果。","147620211109M001.pdf","147620211109E001.pdf","http://www.eclat.com.tw/zh-tw/investor_presentation.php","","欲報名參加者，請以E-mail回覆(E-mail: tingsheng.lin@kgi.com)電話(02)2547-2479","查詢"
"1476","儒鴻","110/11/09","16:30","線上法人說明會","本公司受邀參加J.P.Morgan舉辦之線上法人說明會，會中說明本公司110年度第三季經營成果","147620211109M002.pdf","147620211109E002.pdf","http://www.eclat.com.tw/zh-tw/investor_presentation.php","","1.本會議以英文方式進行。2.請先向J.P.Morgan業務部進行登記註冊。","查詢"
"1477","聚陽","110/05/04 至 110/05/05","10:00","視訊會議","介紹本公司之營運概況及經營策略等財務業務相關資訊。","147720210324M001.pdf","147720210324E001.pdf","http://www.makalot.com.tw","","無","查詢"
"1477","聚陽","110/04/27","14:30","集思北科大會議中心(台北市大安區忠孝東路三段1號－億光大樓2樓)","介紹本公司之營運概況及經營策略等財務業務相關資訊。","147720210324M001.pdf","147720210324E001.pdf","http://www.makalot.com.tw","","無","查詢"
"1477","聚陽","110/09/09","10:30","視訊會議","介紹本公司之營運概況及經營策略等財務業務相關資訊。","147720210816M001.pdf","147720210816E001.pdf","http://www.makalot.com.tw/","","無","查詢"
"1477","聚陽","110/09/15","14:00","電話會議","介紹本公司之營運概況及經營策略等財務業務相關資訊。","147720210816M001.pdf","147720210816E001.pdf","http://www.makalot.com.tw/","","無","查詢"
"1477","聚陽","110/05/18","10:00","電話會議","介紹本公司之營運概況及經營策略等財務業務相關資訊。","147720210517M001.pdf","147720210517E001.pdf","http://www.makalot.com.tw","","無","查詢"
"1477","聚陽","110/05/20","11:10","電話會議","介紹本公司之營運概況及經營策略等財務業務相關資訊。","147720210517M001.pdf","147720210517E001.pdf","http://www.makalot.com.tw","","無","查詢"
"1477","聚陽","110/09/17","09:40","視訊會議","介紹本公司之營運概況及經營策略等財務業務相關資訊","147720210816M001.pdf","147720210816E001.pdf","http://www.makalot.com.tw","","無","查詢"
"1477","聚陽","110/08/17","15:15","電話會議","介紹本公司之營運概況及經營策略等財務業務相關資訊。","147720210816M001.pdf","147720210816E001.pdf","http://www.makalot.com.tw","","無","查詢"
"1477","聚陽","110/08/18","09:00","電話會議","介紹本公司之營運概況及經營策略等財務業務相關資訊。","147720210816M001.pdf","147720210816E001.pdf","http://www.makalot.com.tw","","無","查詢"
"1477","聚陽","110/04/07 至 110/04/08","11:00","電話會議","介紹本公司之營運概況及經營策略等財務業務相關資訊。","147720210324M001.pdf","147720210324E001.pdf","http://www.makalot.com.tw","","無","查詢"
"1477","聚陽","110/04/01","11:00","視訊會議","介紹本公司之營運概況及經營策略等財務業務相關資訊。","147720210324M001.pdf","147720210324E001.pdf","http://www.makalot.com.tw","","無","查詢"
"1477","聚陽","110/06/03","14:00","視訊會議","介紹本公司之營運概況及經營策略等財務業務相關資訊。","147720210517M001.pdf","147720210517E001.pdf","http://www.makalot.com.tw","","無","查詢"
"1477","聚陽","110/06/01","09:00","線上會議","介紹本公司之營運概況及經營策略等財務業務相關資訊。","147720210517M001.pdf","147720210517E001.pdf","http://www.makalot.com.tw","","無","查詢"
"1477","聚陽","110/03/29","10:00","視訊會議","介紹本公司之營運概況及經營策略等財務業務相關資訊。","147720210324M001.pdf","147720210324E001.pdf","http://www.makalot.com.tw","","無","查詢"
"1477","聚陽","110/03/25","11:00","電話會議","介紹本公司之營運概況及經營策略等財務業務相關資訊。","147720210324M001.pdf","147720210324E001.pdf","http://www.makalot.com.tw","","無","查詢"
"1477","聚陽","110/06/09","13:30","電話會議","介紹本公司之營運概況及經營策略等財務業務相關資訊。","147720210517M001.pdf","147720210517E001.pdf","http://www.makalot.com.tw","","無","查詢"
"1477","聚陽","110/06/10","10:00","電話會議","介紹本公司之營運概況及經營策略等財務業務相關資訊。","147720210517M001.pdf","147720210517E001.pdf","http://www.makalot.com.tw","","無","查詢"
"1477","聚陽","110/06/16","10:30","電話會議","介紹本公司之營運概況及經營策略等財務業務相關資訊。","147720210517M001.pdf","147720210517E001.pdf","http://www.makalot.com.tw","","無","查詢"
"1477","聚陽","110/08/25","14:00","視訊會議","介紹本公司之營運概況及經營策略等財務業務相關資訊。","147720210816M001.pdf","147720210816E001.pdf","http://www.makalot.com.tw","","無","查詢"
"1477","聚陽","110/05/25","10:00","電話會議","介紹本公司之營運概況及經營策略等財務業務相關資訊。","147720210517M001.pdf","147720210517E001.pdf","http://www.makalot.com.tw","","無","查詢"
"1477","聚陽","110/05/25","11:00","電話會議","介紹本公司之營運概況及經營策略等財務業務相關資訊。","147720210517M001.pdf","147720210517E001.pdf","http://www.makalot.com.tw","","無","查詢"
"1477","聚陽","110/06/22","10:00","電話會議","介紹本公司之營運概況及經營策略等財務業務相關資訊。","147720210517M001.pdf","147720210517E001.pdf","http://www.makalot.com.tw","","無","查詢"
"1477","聚陽","110/11/16","11:15","台北君悅酒店","介紹本公司之營運概況及經營策略等財務業務相關資訊。","147720211115M001.pdf","147720211115E001.pdf","http://www.makalot.com.tw","","無","查詢"
"1477","聚陽","110/10/21","14:30","視訊/電話會議","介紹本公司之營運概況及經營策略等財務業務相關資訊","147720211020M001.pdf","147720211020E001.pdf","http://www.makalot.com.tw","","無","查詢"
"1477","聚陽","110/10/22","09:30","視訊/電話會議","介紹本公司之營運概況及經營策略等財務業務相關資訊","147720211020M001.pdf","147720211020E001.pdf","http://www.makalot.com.tw","","無","查詢"
"1477","聚陽","110/10/26","14:00","視訊/電話會議","介紹本公司之營運概況及經營策略等財務業務相關資訊","147720211020M001.pdf","147720211020E001.pdf","http://www.makalot.com.tw","","無","查詢"
"1477","聚陽","110/12/01","15:00","電話會議","介紹本公司之營運概況及經營策略等財務業務相關資訊。","147720211129M001.pdf","147720211129E001.pdf","http://www.makalot.com.tw","","無","查詢"
"1477","聚陽","110/12/02","11:10","台北寒舍艾美酒店","介紹本公司之營運概況及經營策略等財務業務相關資訊。","147720211129M001.pdf","147720211129E001.pdf","http://www.makalot.com.tw","","無","查詢"
"1477","聚陽","110/11/30","14:00","電話會議","介紹本公司之營運概況及經營策略等財務業務相關資訊","147720211129M001.pdf","147720211129E001.pdf","http://www.makalot.com.tw","","無","查詢"
"1477","聚陽","110/11/18","10:00","電話會議","介紹本公司之營運概況及經營策略等財務業務相關資訊","147720211115M001.pdf","147720211115E001.pdf","http://www.makalot.com.tw","","無","查詢"
"1477","聚陽","110/12/14","10:00","視訊會議","介紹本公司之營運概況及經營策略等財務業務相關資訊。","147720211129M001.pdf","147720211129E001.pdf","http://www.makalot.com.tw","","無","查詢"
"1503","士電","110/12/20","14:00","台北市信義區信義路五段7號1樓 證券交易所資訊展示中心","說明本公司之營運概況、財務及業務相關資訊。","150320211217M001.pdf","150320211217E001.pdf","https://www.seec.com.tw/Content/Messagess/contents.aspx?SiteID=10&amp;MmmID=655617024476060631",中文影音檔網址:1503_10_20211220_ch.mp4 ,"無","查詢"
"1504","東元","110/08/13","14:30","本次中文法人說明會採網路直播方式進行。","說明東元電機110年第二季財務業務相關資訊。","150420210813M002.pdf","150420210813E002.pdf","http://www.teco.com.tw",同步收看網址：:http://www.zucast.com/webcast/l0uJ7yyT 法說會影音連結資訊:未輸 ,"無","查詢"
"1504","東元","110/08/13","14:30","本次中文法人說明會採網路直播方式進行。","說明東元電機110年第二季財務業務相關資訊。","150420210813M001.pdf","150420210813E001.pdf","http://www.teco.com.tw",同步收看網址：:http://www.zucast.com/webcast/l0uJ7yyT 法說會影音連結資訊:未輸 ,"無","查詢"
"1504","東元","110/05/21","14:30","本次中文法人說明會採網路直播方式進行。","說明東元電機110年第一季財務業務相關資訊。","150420210522M001.pdf","150420210522E001.pdf","http://www.teco.com.tw",同步收看網址：:http://www.zucast.com/webcast/iKITiljz 法說會影音連結資訊:https://www.youtube.com/watch?v=pNAwllvtJ68&feature=youtu.be ,"無","查詢"
"1504","東元","110/04/28","14:30","台北","本公司受邀參加，IR TRUST 與凱基證券共同合辦之
『2021MIT X 現金壓力測試主題式論壇』，並就本公司營運狀況做一說明。","150420210330M002.pdf","150420210330E002.pdf","http://www.teco.com.tw","","無","查詢"
"1504","東元","110/06/23","10:00","台北","本公司受邀參加瑞銀證券舉辦之
『UBS Taiwan Virtual Conference 2021』，並就本公司營運狀況做一說明。","150420210522M001.pdf","150420210522E001.pdf","http://www.teco.com.tw","","無","查詢"
"1504","東元","110/03/30","14:30","本次中文法人說明會採網路直播方式進行。","說明東元電機109年第四季財務業務相關資訊。","150420210330M001.pdf","150420210330E001.pdf","http://www.teco.com.tw",同步收看網址：:http://www.zucast.com/webcast/J0GV7n1V 法說會影音連結資訊:http://mzcan-pdf2mp4.s3.amazonaws.com/output/J0GV7n1V/J0GV7n1V.mp4 ,"無","查詢"
"1504","東元","110/03/31","14:00","台北","本公司應統一證券邀請，參加該機構舉辦之
『2021年3月投資系列展望論壇』，並就本公司營運狀況做一說明。","150420210330M002.pdf","150420210330E002.pdf","http://www.teco.com.tw","","相關資訊將依規定揭露於公開資訊觀測站之公司治理專區。","查詢"
"1504","東元","110/04/07 至 110/04/09","09:30","台北","本公司受邀參加，ICA專顧資本與證券櫃檯買賣中心
合辦之『探索台股主題論壇』，並就本公司營運狀況做一說明。","150420210330M002.pdf","150420210330E002.pdf","http://www.teco.com.tw","","無","查詢"
"1504","東元","110/04/15","14:50","台北","本公司受邀參加台灣證券交易所舉辦之
『智慧製造主題式業績發表會』，並就本公司營運狀況做一說明。","150420210330M002.pdf","150420210330E002.pdf","http://www.teco.com.tw","","無","查詢"
"1504","東元","110/11/26","10:50","國票金控大樓","本公司受邀參加2021國票證券投資論壇，
並就本公司營運狀況做一說明。","150420211112M001.pdf","150420211112E001.pdf","http://www.teco.com.tw","","無。","查詢"
"1504","東元","110/12/02","11:15","台北市信義區忠孝東路五段10號","本公司受邀參加參加統一證券舉辦之法人座談會，
並就本公司營運狀況做一說明。","150420211112M001.pdf","150420211112E001.pdf","http://www.teco.com.tw","","無。","查詢"
"1504","東元","110/10/27","14:00","臺灣線上法人&#35500;明會。","本公司受邀參加ICA專顧研究舉辦之亞洲 ESG 峰會，
並就本公司營運狀況做一說明。","150420210813M001.pdf","150420210813E001.pdf","http://www.teco.com.tw","","無","查詢"
"1504","東元","110/11/12","14:30","本次中文法人說明會採網路直播方式進行。","說明東元電機110年第三季財務業務相關資訊。","150420211112M001.pdf","150420211112E001.pdf","http://www.teco.com.tw",中文影音檔網址:1504_137_20211112_ch.mp3 ,"無","查詢"
"1504","東元","110/12/06","14:00","臺灣線上法人&#35500;明會","本公司受邀參加參加專顧資本舉辦之 
&quot;亞洲精粹峰會2021&quot;，並就本公司營運狀況做一說明。","150420211112M001.pdf","150420211112E001.pdf","http://www.teco.com.tw","","無","查詢"
"1506","正道","110/11/25","16:00","線上法說會","本公司受邀參加元大證券舉辦之線上產業座談會。","150620211124M001.pdf","150620211124E001.pdf","","","無","查詢"
"1512","瑞利","110/12/17","14:00","高雄市仁武區高楠公路22號","本公司受邀參加中國信託綜合證券股份有限公司舉辦之法人說明會","151220211217M001.pdf","151220211217E001.pdf","","","無","查詢"
"1513","中興電","110/12/22","14:30","財團法人張榮發基金會國際會議中心(台北市中正區中山南路11號10樓)","公司近期營運概況及未來經營策略暨展望","151320211222M001.pdf","151320211222E001.pdf","HTTP://WWW.CHEM.COM.TW","","無","查詢"
"1514","亞力","110/11/16","16:00","線上法說會","下午16點00分","151420211115M001.pptx","151420211115E001.pptx","https://www.allis.com.tw/zh-tw/download-c17831/110%E5%B9%B4.html","","無","查詢"
"1515","力山","110/11/10","14:30","臺灣證券交易所一樓資訊展示中心
(台北市信義區信義路五段7號1樓)","公司概況及經營實績","151520211109M001.pdf","151520211109E001.pdf","",法說會影音連結資訊:https://webpro.twse.com.tw/webportal/vod/101/370BE00FFE36-304DFF25-41FA-11EC-831C/?categoryId=101 ,"無","查詢"
"1516","川飛","110/12/03","14:00","國票綜合證券
(台北市松山區南京東路五段188號15樓)","受邀參加國票綜合證券舉辦之法人說明會，介紹本公司及說明營運狀況","151620211203M001.pdf","151620211203E001.pdf","","","無","查詢"
"1517","利奇","110/11/17","14:00","福邦證券總公司(台北市忠孝西路一段6號7樓 B會議室)","本公司受邀參加福邦證券舉辦之法人說明會","151720211116M001.pdf","151720211116E001.pdf","https://www.leechi.com.tw/investor/77","","公司簡介及營運概況等說明","查詢"
"1519","華城","110/12/14","14:00","台北市民生東路四段54號4樓","受邀參加華南永昌證券舉辦法人說明會，說明本公司經營績效與營運展望。","151920211214M001.pdf","151920211214E001.pdf","http://www.fortune.com.tw","","無","查詢"
"1521","大億","110/08/26","14:00","線上法說會","本公司受邀參加證交所舉辦之2021年「汽車供應鏈」主題式業績發表會，向投資人說明本公司營運概況","152120210824M001.ppt","152120210824E001.ppt","http://www.tayih-ind.com.tw/investor_d03.php","","相關資訊請參考公開資訊觀測站。","查詢"
"1522","堤維西","110/08/25","14:50","線上法說會","本公司受邀參加證交所舉辦之2021年「汽車供應鏈」線上主題式業績發表會。","152220210824M001.pdf","152220210824E001.pdf","",法說會影音連結資訊:https://webpro.twse.com.tw/webportal/vod/101/?categoryId=101 ,"無","查詢"
"1524","耿鼎","110/08/27","13:40","耿鼎企業股份有限公司(桃園市蘆竹區內溪路48號)","公司簡報及營運狀況說明。","152420210827M001.pdf","152420210827E001.pdf","http://www.gordon.com.tw/edit_page.html",法說會影音連結資訊:https://www.youtube.com/watch?v=B20hJgB3BoU ,"配合防疫政策，與會者量測體溫與全程戴口罩。","查詢"
"1524","耿鼎","110/12/30","13:40","耿鼎企業股份有限公司(桃園市蘆竹區內溪路48號)","公司簡報及營運狀況說明。","152420211229M001.pdf","152420211229E001.pdf","http://www.gordon.com.tw/edit_page.html",法說會影音連結資訊:https://youtu.be/p-IDO6PzUSc ,"配合防疫政策，與會者量測體溫與全程戴口罩。","查詢"
"1525","江申","110/05/27","14:20","線上法人說明會","本公司受邀參加富邦證券舉辦之上市公司法人說明會，會中說明本公司2020年度及2021年第一季營運概況。","152520210527M001.pdf","152520210527E001.pdf","http://www.kian-shen.com/investors-2.php","","報名請洽富邦法人部vina.chen@fubon.com","查詢"
"1525","江申","110/11/17","14:20","線上法人說明會","本公司受邀參加富邦證券舉辦之上市公司法人說明會，會中說明本公司2020年度及2021年前三季營運概況。","152520211117M001.pdf","152520211117E001.pdf","http://www.kian-shen.com/investors-2.php","","報名請洽富邦法人業務部tingju.yeh@fubon.com","查詢"
"1526","日馳","110/09/09","14:00","新北市林口區下福里71-2號2樓","簡報營運概況","152620210909M001.pdf","152620210909E001.pdf","http://www.sunrace.tw",中文影音檔網址:1526_5_20210909_ch.mp4 ,"無","查詢"
"1527","鑽全","110/09/17","15:00","線上法說會","本公司受邀參加元富證券舉辦之線上法人說明會。","152720210916M001.ppt","152720210916E001.ppt","https://www.basso.com.tw/zh-tw/a3-1733/%E6%B3%95%E8%AA%AA%E6%9C%83.html","","無","查詢"
"1528","恩德","110/11/29","14:00","線上法人說明會","本公司受邀參加統一綜合證券舉辦之線上法說會，說明本公司之營運概況、財務及業務相關資訊。","152820211129M001.pdf","152820211129E001.pdf","","","無","查詢"
"1529","樂事綠能","110/10/14","14:00","線上法說會","本公司受邀參加康和綜合證券舉辦之線上法說會。","152920211014M001.pdf","152920211014E001.pdf","","","完整財務業務資訊請至公開資訊觀測站之法人說明會一覽表或法說會項目下查閱","查詢"
"1529","樂事綠能","110/12/13","15:30","臺灣證券交易所一樓資訊展示中心(台北市信義區信義路五段7號1樓)","公司營運概況簡報","152920211213M001.pdf","152920211213E001.pdf","",同步收看網址：:https://webpro.twse.com.tw/webportal/vod/101/4BD2D13C59D8-CF11E38A-5BEF-11EC-AC2A/?categoryId=101 法說會影音連結資訊:https://webpro.twse.com.tw/webportal/vod/101/4BD2D13C59D8-CF11E38A-5BEF-11EC-AC2A/?categoryId=101 ,"完整財務業務資訊請至公開資訊觀測站之法人說明會一覽表或法說會項目下查閱。","查詢"
"1530","亞崴","110/11/23","14:30","線上法說會","本公司受邀參加元大證券舉辦之線上法說會，說明營運現況及未來展望。","153020211123M001.ppt","153020211123E001.ppt","http://www.awea.com/awea_tw/publication/investor/events/events.htm","","無","查詢"
"1531","高林股","110/11/26","15:00","德信綜合證券會議中心(台北市中正區新生南路一段50號3樓)","本公司現況及營運展望說明","153120211125M001.pdf","153120211125E001.pdf","https://siruba.com/tw/investor/","","相關資料將依法人說明會相關規定登載於公開資訊觀測站及公司網站.","查詢"
"1532","勤美","110/09/14","15:00","線上法說會，參加會議方式、會議號及密碼請洽凱基證券索取。","本公司受邀參加凱基證券舉辦之線上法人說明會，說明公司營運概況。","153220180319M001.pdf","153220180319E001.pdf","http://cmp.com.tw/cht/investor/news#conference","","9/14線上法說會,報名電話：(02)3322-0688 ,報名窗口：倪鶴華小姐。","查詢"
"1532","勤美","110/09/24","14:00","線上法說會，參加會議方式、會議號及密碼請洽日盛證券法人部索取。","本公司受邀參加日盛證券舉辦之線上法人說明會，說明公司營運概況。","153220180319M001.pdf","153220180319E001.pdf","http://cmp.com.tw/cht/investor/news#conference","","9/24線上法說會,報名電話：(02)2504-8888 ,報名窗口：周怡小姐#2632。","查詢"
"1532","勤美","110/06/11","10:00","線上法說會","本公司受邀參加日盛證券舉辦之線上法人說明會，說明公司營運概況。","153220180319M001.pdf","153220180319E001.pdf","http://cmp.com.tw/cht/investor/news#conference","","6/11線上法說會-電話號碼：(02)21928011#746128。","查詢"
"1532","勤美","110/02/24","14:30","臺北文創(台北市信義區菸廠路88號6樓)","本公司受邀參加元富證券所舉辦之法說會「2021年02月台股企業日」","153220180319M001.pdf","153220180319E001.pdf","http://cmp.com.tw/cht/investor/news#conference","","相關資訊依規定揭露於「公開資訊觀測站」及公司網站。","查詢"
"1532","勤美","110/03/19","10:00","台北君悅酒店3樓燕翔廳(台北市信義區松壽路2號)","受邀參加 
說明公司營運概況","153220180319M001.pdf","153220180319E001.pdf","http://cmp.com.tw/cht/investor/news#conference","","相關資訊依規定揭露於「公開資訊觀測站」及公司網站。","查詢"
"1532","勤美","110/11/16","10:00","台北君悅酒店3樓(台北市信義區松壽路2號)","本公司受邀參加台新證券舉辦之110年第四季雪亮投資論壇，說明公司營運概況。","153220180319M001.pdf","153220180319E001.pdf","http://www.cmp.com.tw/cht/investor/news#conference","","相關資訊依規定揭露於「公開資訊觀測站」及公司網站。","查詢"
"1533","車王電","110/04/15","14:30","宏泰金融大樓11樓 (台北市民生東路三段156號11樓)","群益金鼎證券主辦本公司與華德動能科技股份有限公司聯合法人說明會，說明本公司營運概況及展望。","153320210414M001.pdf","153320210414E001.pdf","http://www.more.com.tw","","完整財務業務資訊請至公開資訊觀測站之法人說明會一覽表或法說會項目下查閱。","查詢"
"1535","中宇","110/04/22","14:30","線上法說會","本公司業務及財務相關資訊。","153520210420M001.pdf","153520210420E001.pdf","http://www.ecotek.com.tw/?prog=shareholders_presentation","","無","查詢"
"1535","中宇","110/11/23","16:10","台北晶華酒店","本公司業務及財務相關資訊","153520211122M001.pdf","153520211122E001.pdf","https://www.ecotek.com.tw/?prog=shareholders_presentation","","無","查詢"
"1536","和大","110/07/07","14:30","元大證券線上會議","受邀參加元大證券舉辦之線上座談會","153620200113M001.pdf","153620200113E001.pdf","http://www.hota.com.tw/","","無","查詢"
"1536","和大","110/12/23","14:30","大和證券線上座談會","受邀參加大和證券舉辦之線上座談會","153620200113M001.pdf","153620200113E001.pdf","http://www.hota.com.tw/","","無","查詢"
"1537","廣隆","110/05/12","14:30","台北文創:台北市信義區菸廠路88號6樓","本公司受邀參加2021年5月12日元富證券所主辦的「2021台股企業日」，向法人投資者就公司簡介及已公開財務、業務等相關資訊做說明。","153720211109M002.pdf","153720211109E002.pdf","https://www.klb.com.tw/zh-tw/Investor/Investor5","","原為實地法說會，因應新冠肺炎防疫，改為線上法說會","查詢"
"1537","廣隆","110/12/02","14:00","台北市信義區忠孝東路5段10號
(W Hotel Taipei 15F)","本公司受邀參加2021年12月2日統一證券所主辦的「2021Q4冬季投資論壇」法人說明會，向法人投資者就公司簡介及已公開財務、業務等相關資訊做說明。","153720211109M001.pdf","153720211109E001.pdf","https://www.klb.com.tw/zh-tw/Investor/Investor5","","無","查詢"
"1537","廣隆","110/11/11","14:30","台北文創:台北市信義區菸廠路88號6樓","本公司受邀參加2021年11月11日元富證券所主辦的「2021台股企業日」線上法人說明會，向法人投資者就公司簡介及已公開財務、業務等相關資訊做說明。","153720211109M001.pdf","153720211109E001.pdf","https://www.klb.com.tw/zh-tw/Investor/Investor5","","無","查詢"
"1538","正峰","110/12/16","16:00","線上會議","本公司受邀參加元大證券舉辦之產業座談會","153820211216M001.pdf","153820211216E001.pdf","http://www.jennfeng.com","","無","查詢"
"1539","巨庭","110/12/15","14:00","台中市太平區永豐路78號","說明本公司最近年度營收及淨利","153920211213M001.PPT","153920211213E001.PPT","http://www.geetech.com.tw",法說會影音連結資訊:http://www.geetech.com.tw/images/Financial/investors/2021/202102.mp4 ,"無","查詢"
"1540","喬福","110/11/26","15:30","11049 台北市信義路5段7號101大樓1樓資訊展示中心","近期財務狀況","154020211124M001.pptx","154020211124E001.pptx","",同步收看網址：:http://www.twse.com.tw 法說會影音連結資訊:https://webpro.twse.com.tw/webportal/vod/101/1BA00471D40D-F154C1F5-4E95-11EC-BECC/?categoryId=101 (請輸入網址名稱(註)):未輸 ,"近期財務狀況","查詢"
"1541","錩泰","110/11/19","14:30","南山人壽烏日教育訓練中心(台中市西屯區成功西路300號1樓111訓練討論室)","本公司受邀參加台新證券舉辦之法人說明會","154120211112M001.pptx","154120211112E001.pptx","","","無","查詢"
"1558","伸興","110/06/24","14:30","線上法說會","本公司受邀參加宏遠證券舉辦之法人線上說明會，說明公司簡介與營運概況","155820210622M001.pdf","155820210622E001.pdf","","","無","查詢"
"1558","伸興","110/11/18","14:00","台中市太平區永成路78號(伸興工業2樓會議室)","本公司受邀參加宏遠證券舉辦之法人說明會，說明公司簡介與營運概況","155820211117M001.pdf","155820211117E001.pdf","","","無","查詢"
"1560","中砂","110/08/11","14:00","線上法說會","本公司受邀參加凱基投顧研究部法人服務組舉辦之第二季法說會報告","156020210810M001.pdf","156020210810E001.pdf","http://www.kinik.com.tw/","","無","查詢"
"1560","中砂","110/04/29","10:30","台北市重慶南路一段2號19F(台開大樓)","本公司110年第一季財務暨營運說明","156020210428M001.pdf","156020210428E001.pdf","http://www.kinik.com.tw/","","無","查詢"
"1560","中砂","110/03/03","14:00","中砂鶯歌廠
地址:新北市鶯歌區中山路64號","本公司2020年第四季財務暨營運說明","156020210302M001.pdf","156020210302E001.pdf","http://www.kinik.com.tw","","無","查詢"
"1560","中砂","110/10/29","14:00","線上法人說明會","本公司將於法人說明會中,公佈2021年前三季財務結果及第四季營運展望","156020211028M001.pdf","156020211028E001.pdf","http://www.kinik.com.tw","","無","查詢"
"1563","巧新","110/04/28","14:30","集思北科大會議中心(台北市大安區忠孝東路三段1號－億光大樓2樓)","本公司受邀參加凱基證券與IR Trust共同舉辦之「2021 MIT x 現金壓力測試主題式論壇」","156320210427M001.pdf","156320210427E001.pdf","http://www.superalloy.tw","","無","查詢"
"1563","巧新","110/07/21","14:45","線上法人說明會","本公司受邀參加統一證券與IR Trust共同舉辦之「2021汽車零組件產業研討會」，說明公司未來展望。","156320210427M001.pdf","156320210427E001.pdf","","","完整財務業務資訊請至公開資訊觀測站之法人說明會一覽表或法說會項目下查閱。","查詢"
"1563","巧新","110/12/01","15:50","線上法說會","本公司受邀參加凱基證券與IR Trust共同舉辦之「2021汽車零組件未來新趨勢商機線上研討會」說明本公司之營運概況。","156320211202M001.pdf","156320211202E001.pdf","http://www.superalloy.tw","","完整財務業務資訊請至公開資訊觀測站之法人說明會一覽表或公司網站查閱。","查詢"
"1568","倉佑","110/11/17","14:00","大眾財經大樓（高雄市前鎮區中山二路2號九樓之一）","本公司受台新綜合證券股份有限公司邀請參加「台新證券聯合法人說明會」。","156820211117M001.pptx","156820211117E001.pptx","https://www.tsangyow.com.tw/tw/investor.php?tab=3&amp;tabs=5#","","相關資訊將依規定揭露於公開資訊觀測站。","查詢"
"1582","信錦","110/04/27","15:30","集思北科大會議中心
(地址:台北市大安區忠孝東路三段1號-億光大樓2樓)","本公司受邀參加凱基證券舉辦之「2021 MIT x 現金壓力測試主題式論壇」","158220210331M001.pdf","158220210331E001.pdf","http://www.syncmold.com.tw/syncmold-2018/item_yearly_2018.html","","無","查詢"
"1582","信錦","110/03/31","14:30","統一綜合證券總公司(地址:台北市東興路8號)","本公司受邀參加統一證券舉辦之「牛轉乾坤-三月投資系列展望論壇」","158220210331M001.pdf","158220210331E001.pdf","http://www.syncmold.com.tw/syncmold-2018/item_yearly_2018.html","","無","查詢"
"1582","信錦","110/04/09 至 110/04/13","13:30","線上法說會（台灣）","本公司受邀參加由臺灣證&#21173;交易所及寬量國際共同主辦之線上法說會「9th Taiwan CEO Week on Air」，說明本公司之營運概況、財務及業務相關資訊。","158220210331M001.pdf","158220210331E001.pdf","http://www.syncmold.com.tw/syncmold-2018/item_yearly_2018.html","","無","查詢"
"1583","程泰","110/03/26","13:30","台中市西屯區科園路38號(3樓會議室)","本公司受邀參加日盛證券舉辦之法人說明會","158320210325M001.pdf","158320210325E001.pdf","http://www.goodwaycnc.com/exhtml_goodway/goodway_tw/publication/investor/events/events.htm","","無","查詢"
"1587","吉茂","110/08/26","14:50","線上法說會","本公司受邀參加臺灣證券交易所舉辦之「2021年汽車供應鏈線上主題式業績發表會」","158720210826M001.pdf","158720210826E001.pdf","http://www.cryomaxcooling.com",法說會影音連結資訊:https://webpro.twse.com.tw/webportal/vod/101/8D6F2E542450-FA4F9EC7-054F-11EC-8349/?categoryId=101 ,"無","查詢"
"1587","吉茂","110/04/06","14:30","宏遠證券702會議室 (台北市信義路四段236號7樓)","本公司受邀參加宏遠證券舉辦之法人說明會，報告2020年營運成果及公司營運現況暨未來展望","158720210407M001.pdf","158720210407E001.pdf","http://www.cryomaxcooling.com","","無","查詢"
"1589","永冠-KY","110/01/20","09:30","線上法說會","元富證券與台灣證交所聯合舉辦之「The Great Reset – New Industry Landscape after COVID-19」(重啟後疫情時代的產業新型態論壇)","158920210115M001.pdf","158920210115E001.pdf","http://www.ygget.com/content/tw/491.aspx","","無。","查詢"
"1589","永冠-KY","110/05/12","14:30","線上法說會","中國信託證券舉辦之『線上法人說明會』","158920210511M001.pdf","158920210511E001.pdf","http://www.ygget.com/content/tw/491.aspx","","無。","查詢"
"1589","永冠-KY","110/09/07","14:30","線上法說會","臺灣證券交易所舉辦之110年第3季「第一上市公司線上財務業務說明會」","158920210906M001.pdf","158920210906E001.pdf","http://www.ygget.com/content/tw/491.aspx","","無。","查詢"
"1589","永冠-KY","110/08/18","10:45","線上法說會","本公司受邀參加元大證券舉辦之「2021年第三季線上論壇」","158920210816M001.pdf","158920210816E001.pdf","http://www.ygget.com/content/tw/491.aspx","","無。","查詢"
"1589","永冠-KY","110/06/09","09:30","線上法說會","本公司受邀參加國泰證券舉辦之「JUNE 2021 CATHAY SECURITIES TAIWAN SYMPOSIUM」","158920210511M001.pdf","158920210511E001.pdf","http://www.ygget.com/content/tw/491.aspx","","無。","查詢"
"1589","永冠-KY","110/04/14","08:00","線上法說會（台灣）","臺灣證券交易所及寬量國際共同主辦之線上法說會「9th Taiwan CEO Week on Air」","158920210413M001.pdf","158920210413E001.pdf","http://www.ygget.com/content/tw/491.aspx","","無。","查詢"
"1589","永冠-KY","110/03/24","16:30","臺灣證券交易所1樓資訊展示中心(台北市信義路五段7號)","臺灣證券交易所舉辦之110年第1季「第一上市公司財務業務說明會」","158920210323M002.pdf","158920210323E002.pdf","http://www.ygget.com/content/tw/491.aspx","","無。","查詢"
"1590","亞德客-KY","110/05/20","11:10","台北君悅酒店","公司簡介與營運狀況說明","159020210429M001.pdf","159020210429E001.pdf","https://as-tw.airtac.com/about.aspx?c_kind=5&amp;c_kind2=134&amp;c_kind3=311","","本公司受邀參加富邦證券舉辦之「2021富邦投資論壇」。","查詢"
"1590","亞德客-KY","110/05/21","09:00","線上法說會","公司簡介與營運狀況說明","159020210429M001.pdf","159020210429E001.pdf","https://as-tw.airtac.com/about.aspx?c_kind=5&amp;c_kind2=134&amp;c_kind3=311","","受邀參加花旗環球證券舉辦之線上法人說明會「Citi Regional Tech Conference 2021」。","查詢"
"1590","亞德客-KY","110/06/03","09:00","線上法說會","公司簡介與營運狀況說明","159020210429M001.pdf","159020210429E001.pdf","https://as-tw.airtac.com/about.aspx?c_kind=5&amp;c_kind2=134&amp;c_kind3=311","","受邀參加台灣摩根士丹利證券舉辦之線上法說會「Inaugural Virtual Japan Summit」。","查詢"
"1590","亞德客-KY","110/04/29","16:00","線上法說會","公司簡介與營運狀況說明","159020210429M001.pdf","159020210429E001.pdf","https://as-tw.airtac.com/about.aspx?c_kind=5&amp;c_kind2=134&amp;c_kind3=311","","受邀參加瑞銀證券舉辦之線上法說會「AirTAC Q1 2021 Results Conference Call」。","查詢"
"1590","亞德客-KY","110/01/20","16:00","台北晶華酒店4F","公司簡介與營運狀況說明","159020201117M001.pdf","159020201117E001.pdf","https://as-tw.airtac.com/about.aspx?c_kind=5&amp;c_kind2=134&amp;c_kind3=311","","受邀參加元富證券與台灣證交所合作舉辦之產業論壇「重啟後疫情時代的產業新型態」","查詢"
"1590","亞德客-KY","110/01/27","16:00","線上法說會","公司簡介與營運狀況說明","159020201117M001.pdf","159020201117E001.pdf","https://as-tw.airtac.com/about.aspx?c_kind=5&amp;c_kind2=134&amp;c_kind3=311","","受邀參加美商高盛舉辦之線上法說會。","查詢"
"1590","亞德客-KY","110/02/23","09:00","線上法說會","公司簡介與營運狀況說明","159020201117M001.pdf","159020201117E001.pdf","https://as-tw.airtac.com/about.aspx?c_kind=5&amp;c_kind2=134&amp;c_kind3=311","","受邀參加摩根大通證券舉辦之線上法說會Taiwan CEO-CFO Conference。","查詢"
"1590","亞德客-KY","110/02/25","10:00","線上法說會","公司簡介與營運狀況說明","159020201117M001.pdf","159020201117E001.pdf","https://as-tw.airtac.com/about.aspx?c_kind=5&amp;c_kind2=134&amp;c_kind3=311","","參加台灣匯立證券舉辦之線上法人說明會Innovation Access Day。","查詢"
"1590","亞德客-KY","110/03/16","09:00","線上法說會","公司簡介與營運狀況說明","159020210309M002.pdf","159020210309E002.pdf","https://as-tw.airtac.com/about.aspx?c_kind=5&amp;c_kind2=134&amp;c_kind3=311","","本公司受邀參加美林證券舉辦之線上法說會2021 APAC TMT Conference。","查詢"
"1590","亞德客-KY","110/03/19","11:10","台北君悅酒店","公司簡介與營運狀況說明","159020210309M003.pdf","159020210309E003.pdf","https://as-tw.airtac.com/about.aspx?c_kind=5&amp;c_kind2=134&amp;c_kind3=311","","受邀參加日盛證券舉辦之法人說明會「2021年第一季論壇」。","查詢"
"1590","亞德客-KY","110/08/05","17:00","線上法說會","公司簡介與營運狀況說明","159020210804M001.pdf","159020210804E001.pdf","https://as-tw.airtac.com/about.aspx?c_kind=5&amp;c_kind2=134&amp;c_kind3=311","","受邀參加瑞士商瑞士信貸銀行(股)公司舉辦之線上法說會「2Q21 Earnings call」。","查詢"
"1590","亞德客-KY","110/06/22","09:00","線上法說會","公司簡介與營運狀況說明","159020210429M001.pdf","159020210429E001.pdf","https://as-tw.airtac.com/about.aspx?c_kind=5&amp;c_kind2=134&amp;c_kind3=311","","受邀參加瑞銀證券舉辦之線上法說會「Taiwan Virtual Conference 2021」。","查詢"
"1590","亞德客-KY","110/07/08","09:00","線上法說會","公司簡介與營運狀況說明","159020210429M001.pdf","159020210429E001.pdf","https://as-tw.airtac.com/about.aspx?c_kind=5&amp;c_kind2=134&amp;c_kind3=311","","受邀參加瑞銀證券舉辦之線上法說會「Asia Industrials and Infrastructure Day」。","查詢"
"1590","亞德客-KY","110/07/09","10:00","線上法說會","公司簡介與營運狀況說明","159020210429M001.pdf","159020210429E001.pdf","https://as-tw.airtac.com/about.aspx?c_kind=5&amp;c_kind2=134&amp;c_kind3=311","","受邀參加台新證券舉辦之線上法說會「2021年7月台股企業日」。","查詢"
"1590","亞德客-KY","110/03/23","09:00","線上法說會","公司簡介與營運狀況說明","159020210309M001.pdf","159020210309E001.pdf","https://as-tw.airtac.com/about.aspx?c_kind=5&amp;c_kind2=134&amp;c_kind3=311","","受邀參加瑞士信貸舉辦之線上法說會24th Credit Suisse Asian Investment Conference。","查詢"
"1590","亞德客-KY","110/04/08","09:00","線上法說會","公司簡介與營運狀況說明","159020210309M001.pdf","159020210309E001.pdf","https://as-tw.airtac.com/about.aspx?c_kind=5&amp;c_kind2=134&amp;c_kind3=311","","受邀參加證交所及美商高盛共同舉辦之線上法說會「Taiwan Virtual Corporate Day」。","查詢"
"1590","亞德客-KY","110/06/18","09:40","線上法說會","公司簡介與營運狀況說明","159020210429M001.pdf","159020210429E001.pdf","https://as-tw.airtac.com/about.aspx?c_kind=5&amp;c_kind2=134&amp;c_kind3=311","","參加凱基證券舉辦之線上法說會「2021 年第二季投資論壇」。","查詢"
"1590","亞德客-KY","110/06/11","10:00","線上法說會","公司簡介與營運狀況說明","159020210429M001.pdf","159020210429E001.pdf","https://as-tw.airtac.com/about.aspx?c_kind=5&amp;c_kind2=134&amp;c_kind3=311","","參加香港商野村國際證券舉辦之線上法說會「Greater China Corporate Day 2021」。","查詢"
"1590","亞德客-KY","110/06/08","09:00","線上法說會","公司簡介與營運狀況說明","159020210429M001.pdf","159020210429E001.pdf","https://as-tw.airtac.com/about.aspx?c_kind=5&amp;c_kind2=134&amp;c_kind3=311","","本公司受邀參加美林證券舉辦之線上法說會「2021 Innovative China Conference」。","查詢"
"1590","亞德客-KY","110/03/09","10:00","線上法說會","公司簡介與營運狀況說明","159020210309M001.pdf","159020210309E001.pdf","https://as-tw.airtac.com/about.aspx?c_kind=5&amp;c_kind2=134&amp;c_kind3=311","","受邀參加美商高盛舉辦之線上法說會。","查詢"
"1590","亞德客-KY","110/09/14","09:00","線上法說會","公司簡介與營運狀況說明","159020210804M001.pdf","159020210804E001.pdf","https://as-tw.airtac.com/about.aspx?c_kind=5&amp;c_kind2=134&amp;c_kind3=311","","參加台灣匯立舉辦線上法說會28th Annual CITIC CLSA Flagship Investors&#039; Forum 2021","查詢"
"1590","亞德客-KY","110/09/23","09:00","線上法說會","公司簡介與營運狀況說明","159020210804M001.pdf","159020210804E001.pdf","https://as-tw.airtac.com/about.aspx?c_kind=5&amp;c_kind2=134&amp;c_kind3=311","","受邀參加大和國泰證券舉辦之線上法說會「Daiwa-Affin Hwang Taiwan Corp Day」。","查詢"
"1590","亞德客-KY","110/09/08","09:00","線上法說會","公司簡介與營運狀況說明","159020210804M001.pdf","159020210804E001.pdf","https://as-tw.airtac.com/about.aspx?c_kind=5&amp;c_kind2=134&amp;c_kind3=311","","受邀參加瑞士信貸銀行舉辦之線上法說會「22nd Credit Suisse Asian Technology」。","查詢"
"1590","亞德客-KY","110/09/09","10:00","線上法說會","公司簡介與營運狀況說明","159020210804M001.pdf","159020210804E001.pdf","https://as-tw.airtac.com/about.aspx?c_kind=5&amp;c_kind2=134&amp;c_kind3=311","","受邀參加香港商麥格理舉辦之線上法說會「ASIA TECH VIRTUAL CONFERENCE」。","查詢"
"1590","亞德客-KY","110/10/26","09:00","線上法說會","公司簡介與營運狀況說明","159020210804M001.pdf","159020210804E001.pdf","https://as-tw.airtac.com/about.aspx?c_kind=5&amp;c_kind2=134&amp;c_kind3=311","","參加香港商野村國際證券舉辦之線上法說會「Virtual Taiwan Corporate Day」。","查詢"
"1590","亞德客-KY","110/11/11","10:00","線上法說會","公司簡介與營運狀況說明","159020211104M003.pdf","159020211104E003.pdf","https://as-tw.airtac.com/about.aspx?c_kind=5&amp;c_kind2=134&amp;c_kind3=311","","受邀參加大和國泰證券舉辦之線上法說會「Investment Conference Hong Kong 2021」。","查詢"
"1590","亞德客-KY","110/11/10","09:00","線上法說會","公司簡介與營運狀況說明","159020211104M002.pdf","159020211104E002.pdf","https://as-tw.airtac.com/about.aspx?c_kind=5&amp;c_kind2=134&amp;c_kind3=311","","受邀參加摩根大通證券舉辦之線上法說會「Global TMT Conference in Asia」","查詢"
"1590","亞德客-KY","110/11/18","09:00","線上法說會","公司簡介與營運狀況說明","159020211104M004.pdf","159020211104E004.pdf","https://as-tw.airtac.com/about.aspx?c_kind=5&amp;c_kind2=134&amp;c_kind3=311","","受邀參加台灣摩根士丹利證券舉辦之線上法說會「Virtual Asia Pacific Summit」。","查詢"
"1590","亞德客-KY","110/11/05","16:00","線上法說會","公司簡介與營運狀況說明","159020211104M001.pdf","159020211104E001.pdf","https://as-tw.airtac.com/about.aspx?c_kind=5&amp;c_kind2=134&amp;c_kind3=311","","受邀參加美商高盛舉辦之線上法說會「3Q21 earnings call」。","查詢"
"1590","亞德客-KY","110/12/01","09:00","線上法說會","公司簡介與營運狀況說明","159020211104M001.pdf","159020211104E001.pdf","https://as-tw.airtac.com/about.aspx?c_kind=5&amp;c_kind2=134&amp;c_kind3=311","","受邀參加花旗環球證券舉辦之線上法人說明會「Taiwan Corporate Day」。","查詢"
"1590","亞德客-KY","110/12/02","11:10","台北寒舍艾美酒店","公司簡介與營運狀況說明","159020211104M001.pdf","159020211104E001.pdf","https://as-tw.airtac.com/about.aspx?c_kind=5&amp;c_kind2=134&amp;c_kind3=311","","受邀參加永豐金證券舉辦之「2021年第四季產業投資論壇」。","查詢"
"1597","直得","110/04/14","14:00","臺灣證券交易所101大樓1F 資訊展示中心","本公司受邀參加臺灣證券交易舉辦之智慧製造主題式業績發表會，說明公司營運回顧及業務展望","159720210414M001.pdf","159720210414E001.pdf","http://www.chieftek.com/chinese/INVESTOR%20EVENTS.asp",同步收看網址：:https://webpro.twse.com.tw/webportal/ ,"無","查詢"
"1598","岱宇","110/07/21","14:00","本公司受邀參加由元大證券股份有限公司舉辦之線上法說會","說明本公司之營運概況、財務及業務相關資訊","159820210720M001.pdf","159820210720E001.pdf","https://dyaco.com/zh-hant/investors/investors-news","","無","查詢"
"1598","岱宇","110/01/07","15:45","臺北文創(台北市信義區菸廠路88號6樓)","本公司受邀參加「元富證券 2021年1月台股企業日」","159820210107M001.pdf","159820210107E001.pdf","https://www.dyaco.com","","無","查詢"
"1598","岱宇","110/10/21","15:45","線上法說會","本公司受邀參加元富證券10月台股企業日","159820211020M001.pdf","159820211020E001.pdf","https://dyaco.com/zh-hant/investors/investors-news","","無","查詢"
"1603","華電","110/12/03","14:30","日盛證券股份有限公司(台北市南京東路二段85號7樓會議室)","(1)經營概況 (2)財務資訊 (3)經營理念與展望","160320211202M001.pptx","160320211202E001.pptx","https://www.cwcowin.com.tw","","無","查詢"
"1604","聲寶","110/09/28","14:30","台灣證券交易所1樓資訊展示中心","說明110年度第二季營運結果","160420210928M001.pdf","160420210928E001.pdf","https://www.sampo.com.tw/aboutlist.aspx?q=11",法說會影音連結資訊:https://webpro.twse.com.tw/WebPortal/vod/101/?categoryId=101 ,"14時~14時30分報到；14時30分開始","查詢"
"1605","華新","110/08/06","16:00","線上法說會","本公司受邀參加國泰證券所舉辦之“110年第二季線上法人說明會”，說明本公司財務及業務相關資訊。","160520210806M001.pdf","160520210806E001.pdf","http://www.walsin.com/walsin/page.do?menuId=65","","無","查詢"
"1605","華新","110/05/07","16:00","線上法說會","本公司受邀參加國泰證券所舉辦之“110年第一季線上法人說明會”，說明本公司財務及業務相關資訊。","160520210507M001.pdf","160520210507E001.pdf","https://www.walsin.com/walsin/page.do?menuId=65","","無","查詢"
"1605","華新","110/02/26","16:00","線上法說會","本公司受邀參加國泰證券所舉辦之 “109年第四季線上法人說明會”，說明本公司財務及業務相關資訊。","160520210226M001.pdf","160520210226E001.pdf","https://www.walsin.com/walsin/page.do?menuId=65","","無","查詢"
"1605","華新","110/11/05","16:00","線上法說會","本公司受邀參加國泰證券所舉辦之&quot;110年第三季線上法人說明會&quot;，說明本公司財務及業務相關資訊。","160520211105M002.pdf","160520211105E002.pdf","https://www.walsin.com/investors/investor-conference/#pills-investor-conference","","無","查詢"
"1608","華榮","110/11/11","14:30","高雄市仁武區高楠公路30號(本公司高楠工廠2樓會議室)","公開說明110年前三季營運狀況","160820211110M001.pdf","160820211110E001.pdf","http://www.hegroup.com.tw/index.php?option=module&amp;lang=cht&amp;task=pageinfo&amp;id=209&amp;index=1",法說會影音連結資訊:https://www.youtube.com/watch?v=Jmpbaty6-go ,"無。","查詢"
"1609","大亞","110/05/27","16:30","本次為線上舉辦-網址https://webpro.twse.com.tw/","本公司受邀參加-證交所2021年「綠色經濟暨航運」產業主題式業績發表會","160920210527M002.pptx","160920210527E002.pptx","https://www.taya.com.tw/msg/message-%E6%B3%95%E4%BA%BA%E8%AA%AA%E6%98%8E%E6%9C%83-122.html",同步收看網址：:https://webpro.twse.com.tw/ 法說會影音連結資訊:https://webpro.twse.com.tw/WebPortal/vod/101/99A2C7B33A7C-829901EC-BDE8-11EB-916C/?categoryId=101 ,"法說會資料揭露於公開資訊觀測站之法說會專區","查詢"
"1611","中電","110/04/16","14:30","臺灣證券交易所1樓資訊展示中心(台北市信義路五段7號)","營運報告","161120210415M001.pdf","161120210415E001.pdf","http://www.chinaelectric.com.tw/investor9.php",同步收看網址：:https://webpro.twse.com.tw/WebPortal/vod/101/?categoryId=101 法說會影音連結資訊:https://webpro.twse.com.tw/WebPortal/vod/101/0DDBA84EE60D-8B94A900-9E80-11EB-BA56/?categoryId=101 ,"無","查詢"
"1611","中電","110/11/22","14:30","臺灣證券交易所1樓資訊展示中心(台北市信義路五段7號)","營運報告","161120211119M001.pdf","161120211119E001.pdf","http://www.chinaelectric.com.tw/investor9.php",同步收看網址：:https://webpro.twse.com.tw/webportal/vod/101/1BA00471D40D-8C3340B9-4B62-11EC-BECC/?categoryId=101 法說會影音連結資訊:https://webpro.twse.com.tw/webportal/vod/101/1BA00471D40D-8C3340B9-4B62-11EC-BECC/?categoryId=101 ,"無","查詢"
"1612","宏泰","110/11/26","15:30","福邦證券總公司(台北市忠孝西路一段6號7樓B會議室)","本公司受邀參加福邦證券舉辦之法人說明會，說明本公司之營運、財務及業務概況。","161220211125M001.pdf","161220211125E001.pdf","","","無","查詢"
"1614","三洋電","110/07/09","14:30","台灣證券交易所1樓資訊展示中心","公司營運及資產運用現況說明","161420210707M001.pdf","161420210707E001.pdf","http://www.sanyo.com.tw",同步收看網址：:https://webpro.twse.com.tw/webportal/vod/101/DFE466014C72-DB80E569-E082-11EB-8CAB/?categoryId=101 法說會影音連結資訊:https://webpro.twse.com.tw/webportal/vod/101/DFE466014C72-DB80E569-E082-11EB-8CAB/?categoryId=101 ,"相關法人說明會資訊請至公開資訊觀測站查閱。","查詢"
"1615","大山","110/12/22","15:00","本公司會議室(雲林縣斗六市西平路369號)","本公司簡介及110年前三季財務業務","161520211221M001.pdf","161520211221E001.pdf","http://www.dahsan.com.tw",同步收看網址：:https://youtu.be/1h9IV_-lKYs 法說會影音連結資訊:未輸 ,"110年度法人說明會影音資訊將於會後上傳","查詢"
"1616","億泰","110/12/10","14:00","台北市中正區仁愛路二段91巷1號1樓(本公司會議室)","110年度法人說明會","161620211210M001.ppt","161620211210E001.ppt","http://www.evertop.com",法說會影音連結資訊:https://www.youtube.com/watch?v=F098y57RB8M ,"110年度法人說明會影音連結將於會後上傳","查詢"
"1617","榮星","110/11/16","14:00","高雄市前鎮區中山二路2號九樓之一 (大眾財經大樓)","本公司受邀參加台新證券舉辦之聯合法人說明會，針對本公司110年前三季財務及營運概況等相關資訊做說明。","161720211112M001.pdf","161720211112E001.pdf","http://www.jswire.com.tw","","會議簡報依規定公佈於「公開資訊觀測站」","查詢"
"1618","合機","110/12/15","14:00","本公司觀音二廠。(桃園巿觀音區觀音工業區經建5路32號)","本公司簡介及財務、業務、營運概況說明","161820211217M001.pdf","161820211217E001.pdf","https://www.hold-key.com.tw/invest_holdkey_06.html",法說會影音連結資訊:https://www.youtube.com/watch?v=BHNl2N33Bxk ,"無","查詢"
"1626","艾美特-KY","110/09/13","14:30","線上法說會","本公司召開法人說明會說明110年第二季財務報告相關資訊","162620210910M001.pptx","162620210910E001.pptx","http://www.airmate-china.com",法說會影音連結資訊:https://airmate-china.com.tw/ ,"報名https://ib.kgi.com/IBWebSite/Views/Registration/RegistPage.aspx?ActNbr=813","查詢"
"1626","艾美特-KY","110/12/28","14:30","線上法人說明會","本公司受邀參加凱基證券股份有限公司舉辦線上法人說明會，說明本公司財務營運概況。","162620211228M001.pptx","162620211228E001.pptx","http://www.airmate-china.com","","無","查詢"
"1702","南僑","110/06/18","15:20","線上法說會","本公司受邀參加凱基證券舉辦之「2021年第二季投資論壇」之線上法人說明會，會中就本公司2021年第一季營運狀況及未來業務展望向投資法人說明。","170220210618M001.pdf","170220210618E001.PDF","http://www.namchow.com.tw/page/main_page/investor_relations/11/index.html","","無","查詢"
"1702","南僑","110/11/16","15:00","證交所1樓資訊展示中心(台北市信義區信義路5段7號(101大樓))","本公司受邀參加證交所舉辦之2021年「民生消費暨新上市」主題式業績發表會，會中就本公司2021年前三季營運狀況及未來業務展望向投資法人說明。","170220211116M001.pdf","170220211116E001.PDF","http://www.namchow.com.tw/page/main_page/investor_relations/11/index.html",法說會影音連結資訊:https://webpro.twse.com.tw/webportal/vod/101/1BA00471D40D-BE5BF30E-46B3-11EC-BECC/?categoryId=101 ,"無","查詢"
"1707","葡萄王","110/08/18","09:00","線上法說會","本公司受邀參加瑞士信貸所舉辦之『Taiwan Non-Tech Day』","170720210817M001.pdf","170720210817E001.pdf","https://www.grapeking.com.tw","","無","查詢"
"1707","葡萄王","110/08/13","14:30","線上法說會","本公司受邀參加富邦證券舉辦之線上法說會","170720210811M001.pdf","170720210811E001.pdf","https://www.grapeking.com.tw","","無","查詢"
"1707","葡萄王","110/04/07 至 110/04/16","09:00","線上法說會","本公司受邀參加寬量國際舉辦之線上法說會「QIC 9th CEO WEEK」","170720210408M001.pdf","170720210408E001.pdf","http://www.grapeking.com.tw","","更新法人說明會之簡報檔案","查詢"
"1707","葡萄王","110/03/16","14:00","線上法說會","本公司受邀參加元富證券舉辦之線上法說會","170720210315M001.pdf","170720210315E001.pdf","https://www.grapeking.com.tw","","無","查詢"
"1707","葡萄王","110/04/07 至 110/04/16","09:00","線上法說會","本公司受邀參加寬量國際舉辦之線上法說會『QIC 9th CEO Week』","170720210406M001.pdf","170720210406E001.pdf","https://www.grapeking.com.tw","","無","查詢"
"1707","葡萄王","110/06/08","14:00","線上法說會","本公司受邀參加富邦證券舉辦之線上法說會","170720210607M001.pdf","170720210607E001.pdf","https://www.grapeking.com.tw","","無","查詢"
"1707","葡萄王","110/10/04 至 110/10/05","09:00","線上法說會","本公司受邀參加由臺灣證券交易所及寬量國際共同主辦之線上法說會「10th Taiwan CEO Week on Air」，說明本公司之營運概況、財務及業務相關資訊。","170720210930M001.pdf","170720210930E001.pdf","https://www.grapeking.com.tw","","無","查詢"
"1707","葡萄王","110/08/31","14:00","線上法說會","本公司受邀參加Goldman Sachs舉辦之『Asia Beauty Week』","170720210817M001.pdf","170720210817E001.pdf","https://www.grapeking.com.tw","","無","查詢"
"1708","東鹼","110/11/26","16:00","台北市大安區敦化南路二段97號11樓 
(敦南摩天大廈-元富證券11樓會議室)","本公司受邀參加元富證券舉辦之法人說明會，說明本公司財務暨營運概況。","170820211126M001.pdf","170820211126E001.pdf","","","無","查詢"
"1709","和益","110/12/15","16:00","台北市南京東路二段123號B1(元富城東分公司)","本公司受邀參加元富證券所舉辦之法人說明會","170920211215M001.pptx","170920211215E001.pptx","http://www.fucc.com.tw","","無。","查詢"
"1710","東聯","110/09/23","14:30","電話會議","說明公司營運情形，相關訊息請參閱本公司網站。","171020210922M001.pdf","171020210922E001.pdf","https://www.oucc.com.tw/investor-77-page100","","無","查詢"
"1710","東聯","110/03/25","14:00","電話會議","說明公司營運情形，相關訊息請參閱本公司網站。","171020210323M001.pdf","171020210323E001.pdf","https://www.oucc.com.tw/investor-77-page100","","無","查詢"
"1710","東聯","110/06/25","14:30","電話會議","說明公司營運情形，相關訊息請參閱本公司網站。","171020210624M001.pdf","171020210624E001.pdf","https://www.oucc.com.tw/investor-77-page100","","無","查詢"
"1710","東聯","110/12/17","14:30","台北市南京東路二段111號8樓","說明公司營運情形，相關訊息請參閱本公司網站。","171020211216M001.pdf","171020211216E001.pdf","https://www.oucc.com.tw/investor-77-page100","","無","查詢"
"1711","永光","110/04/20","14:30","兆豐證券大樓(台北市忠孝東路二段95號13樓)","本公司受邀參加兆豐證券舉辦之法人說明會，說
明本公司2020年度營運狀況。","171120210419M003.pdf","171120210419E003.pdf","https://www.ecic.com/financial/shareholder/conference/","","無","查詢"
"1711","永光","110/09/07","14:30","採ZOOM線上會議方式","受邀參加康和證券舉辦之法人說明會，說明本公司2021年度上半年營運狀況。","171120210906M001.pdf","171120210906E001.pdf","https://www.ecic.com/financial/shareholder/conference/","","報名網址 https://reurl.cc/6DVEq5","查詢"
"1712","興農","110/08/18","14:00","線上法人說明會","受邀參加永豐金證券舉辦之線上法人說明會，說明營運狀況。
報名網址：https://forms.gle/oh4bkyuSpoTnPhxv6，
活動內容詢問電話：(02)2383-8169謝小姐","171220210816M001.pdf","171220210816E001.pdf","https://www.sinon.com.tw/","","無","查詢"
"1712","興農","110/03/23","14:30","線上法人說明會","受邀參加群益金鼎證券舉辦之線上法人說明會，說明營運狀況。
報名網址：https://forms.gle/QoRpthVjTHFDwebU7，
活動內容詢問電話：(02)8789-8888 分機 5132 吳小姐","171220210322M001.pdf","171220210322E001.pdf","https://www.sinon.com.tw/","","無","查詢"
"1712","興農","110/06/15","14:00","線上法人說明會","受邀參加群益金鼎證券舉辦之線上法人說明會，說明營運狀況。
報名網址：https://forms.gle/wmM6TQ2UbsiKansy7，
活動內容詢問電話：(02)8789-8888 分機 5142 劉小姐","171220210611M001.pdf","171220210611E001.pdf","https://www.sinon.com.tw/","","無","查詢"
"1712","興農","110/11/11","14:30","臺北文創(台北市信義區菸廠路88號6F)及Webex線上轉播","本公司受邀參加元富證券舉辦之法人說明會「2021年11月台股企業日」，說明營運狀況。
報名網址：https://forms.gle/LaitejSFgnxyx31Q9","171220211110M001.pdf","171220211110E001.pdf","https://www.sinon.com.tw/","","無","查詢"
"1713","國化","110/08/30","14:30","臺灣證券交易所一樓資訊展中心(台北市信義路五段七號)","簡報大綱:
1.110年上半年度營運成果報告.
2.重要轉投資概況.
3.未來展望概要.
4.Q&amp;A.","171320210830M001.pptx","171320210830E001.pdf","http://www.ccwi.com.tw",法說會影音連結資訊:https://webpro.twse.com.tw/webportal/vod/101/8D6F2E542450-19D3643D-095F-11EC-8349/?categoryId=101 (請輸入網址名稱(註)):未輸 ,"無","查詢"
"1714","和桐","110/11/18","14:00","福邦證券總公司(台北市忠孝西路一段6號7樓B會議室)","A.公司簡介 B.營運狀況 C.財務資訊","171420211118M001.pdf","171420211118E001.pdf","www.htgroup.com.tw","","無","查詢"
"1717","長興","110/08/11","14:00","線上法說會","受邀參加統一證券舉辦之線上法人說明會","171720210811M001.pdf","171720210811E001.pdf","https://www.eternal-group.com/WebData/CorporationIndex?WebDataTypeID=37","","無","查詢"
"1717","長興","110/05/12","14:30","線上法人說明會","本公司受邀參加元富證券所舉辦之線上法說會「2021年5月台股企業日」，會中說明本公司營運狀況與經營展望。","171720210512M001.pdf","171720210512E001.pdf","https://www.eternal-group.com/WebData/CorporationIndex?WebDataTypeID=37","","因疫情影響，本公司5月12日受邀參加元富證券舉辦之法說會，改為線上法說會。","查詢"
"1717","長興","110/04/09","14:00","統一證券總公司13樓會議室(台北市松山區東興路8號13樓)","受邀參加統一證券舉辦之法人說明會","171720210409M001.pdf","171720210409E001.pdf","https://www.eternal-group.com/WebData/CorporationIndex?WebDataTypeID=37","","無","查詢"
"1717","長興","110/11/12","14:00","線上法說會","受邀參加統一證券舉辦之線上法人說明會","171720211112M001.pdf","171720211112E001.pdf","https://www.eternal-group.com/WebData/CorporationIndex?WebDataTypeID=37","","無","查詢"
"1718","中纖","110/07/29","14:00","線上法說會","公司簡介與營運狀況說明","171820210728M001.pdf","171820210728E001.pdf","http://www.cmfc.com.tw/tw/inve_conference.aspx",中文影音檔網址:1718_5_20210729_ch.mp4 ,"無","查詢"
"1720","生達","110/04/21","14:30","臺灣證券交易所1樓資訊展示中心
(台北市信義路5段7號101大樓1樓)","109年度營運概況說明","172020210421M001.pdf","172020210421E001.pdf","www.standard.com.tw",同步收看網址：:https://webpro.twse.com.tw/webportal/vod/101/E996E30D75F5-74A9C7C8-A271-11EB-B948/?categoryId=101 法說會影音連結資訊:https://webpro.twse.com.tw/webportal/vod/101/E996E30D75F5-74A9C7C8-A271-11EB-B948/?categoryId=101 ,"完整財務業務資訊請至公開資訊觀測站之法人說明會一覽表項下查閱","查詢"
"1720","生達","110/11/18","14:00","採用線上會議方式進行","本公司受邀參加元富證券線上法人說明會，會中就本公司2021年前三季營運概況說明。","172020211117M001.pdf","172020211117E001.pdf","http://www.standard.com.tw","","無","查詢"
"1721","三晃","110/09/15","14:00","線上法人說明會","本公司受邀參加永豐金證券線上法人說明會","172120210915M001.pdf","172120210915E001.PDF","http://www.sunko.com.tw","","線上會議網址https://reurl.cc/mLWLyV","查詢"
"1722","台肥","110/11/26","14:50","國票金控大樓(台北市中山區樂群三路128號)","本公司受國票證券邀請參加2021國票證券投資論壇，說明公司簡介、營運狀況及未來方向。","172220211125M001.pdf","172220211125E001.pdf","http://www.taifer.com.tw","","相關資訊請參考公開資訊觀測站公司治理專區及本公司網站","查詢"
"1723","中碳","110/09/17","11:00","線上法人說明會","主要向投資人說明本公司營運概況、財務及業務狀況","172320210915M001.pdf","172320210915E001.pdf","http://www.cscc.com.tw/fin_brief.htm","","無","查詢"
"1723","中碳","110/05/13","14:00","線上法人說明會","主要向投資人說明本公司營運概況、財務及業務狀況","172320210511M001.pdf","172320210511E001.pdf","http://www.cscc.com.tw/fin_brief.htm","","本次採Cisco Webex視訊會議，報名請洽LindaLin@yuanta.com","查詢"
"1723","中碳","110/01/19","14:00","線上法人說明會","主要向投資人說明本公司營運概況、財務及業務狀況","172320210115M001.pdf","172320210115E001.pdf","http://www.cscc.com.tw/fin_brief.htm","","本次採Cisco Webex視訊會議，報名請洽dst7636@masterlink.com.tw","查詢"
"1723","中碳","110/11/23","13:30","台北晶華酒店","本公司業務及財務相關資訊 (含部分截至110年10月份之自結財務資訊)","172320211122M001.pdf","172320211122E001.pdf","http://www.cscc.com.tw/fin_brief.htm","","無","查詢"
"1725","元禎","110/09/29","14:30","證交所101辦公大樓一樓資訊展示中心(台北市信義路五段七號)","公司簡介與營運狀況說明。","172520210927M001.pdf","172520210927E001.pdf","http://www.yuanjen.com/03.php?idno=19",法說會影音連結資訊:https://webpro.twse.com.tw/webportal/vod/101/456BB03F3299-18ACE05F-20F2-11EC-A4AD/?categoryId=101 ,"無。","查詢"
"1726","永記","110/12/10","14:00","本公司會議室(高雄市小港區沿海三路26號)","本公司財務及營運概況相關資訊","172620211210M001.pdf","172620211210E001.pdf","",法說會影音連結資訊:https://drive.google.com/file/d/1urNx8KsFkvUxEfH3Fo7c8XEupAVE-caA/view?usp=sharing ,"無","查詢"
"1727","中華化","110/09/10","14:00","採ZOOM線上會議方式進行","受邀參加統一證券舉辦之法說會，說明本公司之營運概況","172720210910M002.pdf","172720210910E002.pdf","http://www.chciw.com.tw/","","無","查詢"
"1727","中華化","110/12/17","14:00","採Webex線上會議方式進行","受邀參加統一證券舉辦之法說會，說明本公司之營運概況","172720211217M001.pdf","172720211217E001.pdf","http://www.chciw.com.tw/","","無","查詢"
"1730","花仙子","110/12/22","14:00","線上法說會","本公司受邀參加中國信託綜合證券舉辦之法人說明會","173020211222M001.pdf","173020211222E001.pdf","www.farcent.com.tw","","無","查詢"
"1731","美吾華","110/09/24","14:00","線上法說會網路直播","本公司受凱基證券邀請，舉辦線上法說會，由經營團隊向法人及投資者說明公司研發及展業最新狀況。
美吾華(股)公司於1976年創立，40多年來穩健獲利。美吾髮&amp;reg;獲選為台灣百大品牌，業界唯一。經營染髮、洗髮、護髮、沐浴等系列產品，建構研發、生產到品牌行銷的完整價值鏈，成功整合電商和實體通路，於疫情期間屢創佳績。另外行銷懷特生技新藥及國際大廠產品總代理。","173120210924M001.pdf","173120210924E001.pdf","https://www.maywufa.com.tw/news_center/news/detail/669","","相關資訊將依規定揭露於公開資訊觀測站","查詢"
"1732","毛寶","110/12/03","14:00","線上法說會","公司簡介及營運報告","173220211203M001.pdf","173220211203E001.pdf","https://www.maobao.com.tw/",同步收看網址：:https://wms.gridow.com/ir/maobao/maobao_2021.html 法說會影音連結資訊:https://wms.gridow.com/ir/maobao/maobao_2021.html ,"無","查詢"
"1733","五鼎","110/08/25","14:00","線上法說會","本公司受邀參加兆豐證券舉辦之線上法人說明會，說明公司業務及營運概況。","173320210825M001.pdf","173320210825E001.pdf","https://www.apexbio.com.tw/","","無。","查詢"
"1733","五鼎","110/12/16","14:30","台北市新生南路一段50號3樓(德信證券)","本公司受邀參加德信證券舉辦之法人說明會，說明公司業務及營運概況。","173320211216M001.pdf","173320211216E001.pdf","http://www.apexbio.com.tw","","無。","查詢"
"1734","杏輝","110/11/11","14:00","華南永昌綜合證券  4樓會議室
(台北巿松山區民生東路四段54號4樓)","本公司受邀參加華南永昌綜合證券舉辦之法人說明會，
說明公司近期營運成果及未來展望。","173420211111M002.pdf","173420211111E002.pdf","","","無","查詢"
"1735","日勝化","110/12/16","14:30","線上法人說明會","本公司受邀參加凱基證券所舉辦之線上法人說明會","173520211215M001.pdf","173520211215E001.pdf","https://www.twemc.com.tw","","無","查詢"
"1736","喬山","110/05/04","10:00","線上法說","本公司受邀參加大和國泰證券舉辦之法人說明會「Daiwa Taiwan Corporate Day」","173620210406M001.pdf","173620210406E001.pdf","","","無","查詢"
"1736","喬山","110/01/20","11:00","台北晶華酒店","本公司受邀參加元富證券與臺灣證交所所舉辦之重啟後疫情時代的產業新型態臺灣投資說明會，會中就本公司已公開發佈之經營績效及未來營運展望作說明。","173620201119M001.pdf","173620201119E001.pdf","","","無","查詢"
"1736","喬山","110/06/16","14:45","線上 (Webex)","本公司受邀參加臺灣證券交易所與元富證券舉辦之「2021年 台股領航論壇 線上法人說明會」。","173620210406M001.pdf","173620210406E001.pdf","","","無","查詢"
"1736","喬山","110/04/09","14:00","線上法說","本公司受邀參加交易所與高盛證券共同舉辦之線上臺灣投資說明會，就本公司已公開發布之財務數字、經營績效等相關資訊做說明。","173620210406M001.pdf","173620210406E001.pdf","","","無","查詢"
"1736","喬山","110/03/25","14:00","線上法說會","本公司受邀參加BofA所舉辦之線上法說會，就本公司已公開發布之財務數字、經營績效等相關資訊做說明。","173620201119M001.pdf","173620201119E001.pdf","","","無","查詢"
"1736","喬山","110/10/21","14:30","線上法人說明會","本公司受邀參加元富證券舉辦之「2021年10月台股企業日」，說明本公司財務業務狀況。","173620211020M001.pdf","173620211020E001.pdf","","","無","查詢"
"1737","臺鹽","110/08/23","14:30","臺灣證券交易所1F資訊展示中心(台北市信義路五段7號1樓)","本公司營運及財務相關概況","173720210820M001.pdf","173720210820E001.pdf","http://www.tybio.com.tw",法說會影音連結資訊:https://webpro.twse.com.tw/webportal/vod/101/8D6F2E542450-492C133C-03E2-11EC-8349/?categoryId=101 ,"無","查詢"
"1737","臺鹽","110/11/18","14:50","臺灣證券交易所1F資訊展示中心(台北市信義路五段7號1樓)","本公司營運及財務相關概況","173720211117M001.pdf","173720211117E001.pdf","http://www.tybio.com.tw",法說會影音連結資訊:https://webpro.twse.com.tw/webportal/vod/101/1BA00471D40D-346605A8-4844-11EC-BECC/?categoryId=101 ,"受邀參加證交所舉辦之「民生消費暨新上市」主題式業績發表會","查詢"
"1752","南光","110/12/21","14:30","地點：日盛證券6D國際會議廳 (台北市南京東路二段111號6樓)","投資論壇。","175220211217M001.pdf","175220211217E001.pdf","http://www.nangkuang.com.tw","","無","查詢"
"1752","南光","110/12/02","14:30","台北市松山區民生東路四段54號4樓-大會議室(華南永昌綜合證券-明志大樓)","本公司簡介、所屬產業概況、營運成果及未來展望說明事項。","175220211201M002.pdf","175220211201E002.pdf","http://www.nangkuang.com.tw","","無","查詢"
"1760","寶齡富錦","110/12/21","15:00","台北市南港區經貿二路188號13樓
(南港中信金融園區B棟13樓1302會議室)","本公司受邀參加中國信託綜合證券於110年12月21日舉辦之法人說明會， 說明本公司營運報告及未來展望","176020211221M001.pdf","176020211221E001.pdf","https://www.pbf.com.tw/","","無","查詢"
"1762","中化生","110/03/19","14:00","線上法人說明會","說明本公司109年度財務業務資訊及未來經營策略","176220210318M001.pdf","176220210318E001.pdf","","","報名請洽富邦法人部 fion.hsieh@fubon.com","查詢"
"1762","中化生","110/08/27","14:00","線上法人說明會","說明本公司110年第二季財務業務資訊及未來經營策略","176220210826M001.pdf","176220210826E001.pdf","","","無","查詢"
"1773","勝一","110/12/08","14:30","線上法說會","本公司財務及營運概況相關資訊","177320211208M001.pdf","177320211208E001.pdf","","","會議簡報依規定公佈於「公開資訊觀測站」。","查詢"
"1776","展宇","110/12/16","14:00","兆豐證券(台北市忠孝東路二段95號13樓)","說明本公司110年度已公開發布之財務業績、營運成果等相關資訊","177620211216M001.pdf","177620211216E001.pdf","http://www.headway.com.tw/tw/info",法說會影音連結資訊:http://210.65.138.99/webportal/vod/101/77D803DC1CD1-6C6B91E7-5E56-11EC-AFDC/?categoryId=101 (請輸入網址名稱(註)):未輸 ,"無","查詢"
"1783","和康生","110/08/11","15:30","台北市信義區信義路五段1號 (台北國際會議中心莊敬路東大門入口)","(1)本公司受邀參加台新證券舉辦之法人說明會，報名網址如下：https://www.surveycake.com/s/L49n8
(2)新冠肺炎疫情因素，與會者請全程配戴口罩。現場提供免費快篩措施，參與者請預留30分鐘行快篩，並在快篩後持陰性證明進入會場做實名簽到，敬請來賓配合防疫政策。","178320210811M001.pdf","178320210811E001.pdf","hppt://www.mbi.com.tw","","完整財務業務資訊請至公開資訊觀測站之法人說明會一覽表或法說會項目下查閱。","查詢"
"1783","和康生","110/11/22","15:15","線上","本公司受邀參加台新證券舉辦之線上法人說明會","178320211123M001.pdf","178320211123E001.pdf","","","無","查詢"
"1786","科妍","110/10/01","14:00","線上法人說明會","(1)公司與產品技術介紹
(2)營運現況","178620211001M001.pdf","178620211001E001.pdf","http://www.scivision.com.tw/big5/info.php?sn=12","","無","查詢"
"1789","神隆","110/08/11","14:00","線上會議","本公司舉行110年上半年線上法人說明會，會中就110年上半年財務數字與營運概況等相關資訊做說明","178920210811M001.pdf","178920210811E001.pdf","http://www.scinopharm.com.tw/activity.asp",同步收看網址：:http://www.zucast.com/webcast/zPXDksXj 法說會影音連結資訊:https://www.zucast.com/webcast/zPXDksXj?r=zCQwJQLM ,"無","查詢"
"1789","神隆","110/01/14","08:50","線上會議","本公司受邀參加摩根大通證券(JP Morgan)舉辦之2021 Healthcare Conference線上會議，會中就本公司已公開發佈之財務數字、營運概況等相關資訊做說明","178920201201M001.pdf","178920201201E001.pdf","http://www.scinopharm.com.tw/activity.asp","","無","查詢"
"1789","神隆","110/03/24","14:30","線上會議","本公司舉行線上法人說明會，會中就109年營運成果與未來營運展望做說明","178920210324M001.pdf","178920210324E001.pdf","http://www.scinopharm.com.tw/activity.asp",同步收看網址：:http://www.zucast.com/webcast/ceje0Suc 法說會影音連結資訊:https://www.zucast.com/webcast/ceje0Suc?r=9PNv9q9E ,"無","查詢"
"1789","神隆","110/05/26","14:00","線上會議","本公司受邀參加永豐金證券舉辦之2021 Q1線上法人說明會，會中就本公司已公開發佈之110年第一季財務數字與營運概況等相關資訊做說明","178920210526M001.pdf","178920210526E001.pdf","http://www.scinopharm.com.tw/activity.asp","","無","查詢"
"1789","神隆","110/11/10","14:00","線上會議","本公司受邀參加統一證券舉辦之線上法人說明會，會中就本公司已公開發佈之110年前三季財務數字與營運概況等相關資訊做說明","178920211110M001.pdf","178920211110E001.pdf","http://www.scinopharm.com.tw/activity.asp","","無","查詢"
"1795","美時","110/08/17","14:00","線上法人說明會，中文場：14:00-15:00；英文電話會議16:00-17:00","將就本公司財務及營運狀況向投資法人說明。
中文場：http://www.zucast.com/webcast/788TKBvE
英文電話會議：受邀參加元大證券舉辦之英文電話會議。","179520210911M005.pdf","179520210911E005.pdf","http://www.lotuspharm.com.tw/投資人關係/投資人訊息",同步收看網址：:http://www.zucast.com/webcast/788TKBvE 法說會影音連結資訊:http://www.zucast.com/webcast/788TKBvE ,"無","查詢"
"1795","美時","110/05/18","14:00","線上法人說明會，中文場：14:00-15:00；英文電話會議16:00-17:00","將就本公司財務及營運狀況向投資法人說明。
中文場：http://www.zucast.com/webcast/tt0iP5wT
英文電話會議：受邀參加凱基證券舉辦之英文電話會議。","179520210911M002.pdf","179520210911E002.pdf","http://www.lotuspharm.com.tw/投資人關係/投資人訊息",同步收看網址：:http://www.zucast.com/webcast/tt0iP5wT 法說會影音連結資訊:http://www.zucast.com/webcast/tt0iP5wT ,"無。","查詢"
"1795","美時","110/03/11","15:45","台北文創","本公司受邀參加元富證券舉辦三月台股企業日，將就本公司財務及營運狀況向投資法人說明。","179520201117M001.pdf","179520201117E001.pdf","http://www.lotuspharm.com.tw/投資人關係/投資人訊息","","無","查詢"
"1795","美時","110/03/30","14:00","線上法人說明會，中文場：14:00-15:00；英文電話會議16:00-17:00","將就本公司財務及營運狀況向投資法人說明。
中文場：http://www.zucast.com/webcast/EGKikdSa
英文電話會議：受邀參加凱基證券舉辦之英文電話會議。","179520210911M007.pdf","179520210911E007.pdf","http://www.lotuspharm.com.tw/投資人關係/投資人訊息",同步收看網址：:http://www.zucast.com/webcast/EGKikdSa 法說會影音連結資訊:http://www.zucast.com/webcast/EGKikdSa ,"無","查詢"
"1795","美時","110/11/23","11:00","線上法人說明會","本公司受邀參加富邦證券舉辦之線上投資論壇，將就本公司財務及營運狀況向投資法人說明。","179520211123M001.pdf","179520211123E001.pdf","https://www.lotuspharm.com.tw/newsroom","","無。","查詢"
"1795","美時","110/11/16","14:00","線上法人說明會，中文場：14:00-15:00；英文電話會議16:00-17:00","將就本公司財務及營運狀況向投資法人說明。
中文場： http://www.zucast.com/webcast/mk9sPFk3
英文電話會議：受邀參加元大證券舉辦之英文電話會議。","179520211116M001.pdf","179520211116E001.pdf","https://www.lotuspharm.com.tw/newsroom",同步收看網址：:http://www.zucast.com/webcast/mk9sPFk3 法說會影音連結資訊:http://www.zucast.com/webcast/mk9sPFk3 ,"無。","查詢"
"1795","美時","110/09/02","13:45","線上法人說明會","本公司受邀參加統一證券舉辦之線上投資論壇，將就本公司財務及營運狀況向投資法人說明。","179520210911M006.pdf","179520210911E006.pdf","http://www.lotuspharm.com.tw/投資人關係/投資人訊息","","無","查詢"
"1795","美時","110/12/14","14:30","台北市重慶南路一段2號14樓","本公司受邀參加凱基證券舉辦之法人說明會，將就本公司財務及營運狀況向投資法人說明。","179520211208M002.pdf","179520211208E002.pdf","https://www.lotuspharm.com.tw/newsroom","","無。","查詢"
"1802","台玻","110/11/18","14:30","台北市松山區敦化南路一段108號(富邦人壽大樓)","本公司受邀參加富邦證券舉辦之法人說明會，會中說明本公司之營運概況。","180220211118M001.pptx","180220211118E001.pptx","","","無","查詢"
"1805","寶徠","110/12/23","15:00","台北市中正區忠孝東路一段85號6樓會議室。","本公司受邀參加台中銀證券舉辦之法人說明會，介紹公司概況，並說明公司營運及未來展望。","180520211222M001.pdf","180520211222E001.pdf","","","本次法說會採實體與線上(Zoom)並行。","查詢"
"1806","冠軍","110/09/23","14:00","Webex線上法說會","本公司受邀元大證券舉辦之線上法人說明會，以Webex線上方式進行。","180620210923M001.pdf","180620210923E001.pdf","http://group.champion.com.tw/","","報名連結：https://forms.gle/kFrWm42yHZE8gjAG6","查詢"
"1806","冠軍","110/10/20","13:30","Webex線上法人說明會","本公司受邀參加凱基證券與IR Trust共同舉辦之「房市風向指標線上研討會」，說明公司未來展望。","180620211020M001.pdf","180620211020E001.pdf","http://group.champion.com.tw/","","無","查詢"
"1808","潤隆","110/11/24","14:00","線上法人說明會","本公司受邀參加國泰綜合證券舉辦之線上法人說明會，會中說明本公司之營運概況。","180820211123M001.pdf","180820211123E001.pdf","https://www.runlong.com.tw","","無","查詢"
"1809","中釉","110/10/05","13:30","福邦證券(股)公司新竹分公司(新竹縣竹北市光明五街210號4樓)","公司簡介及營運報告","180920211004M001.pdf","180920211004E001.pdf","http://www.china-glaze.com.tw/","","無","查詢"
"1810","和成","110/11/22","16:00","臺灣證券交易所1樓資訊展示中心(台北市信義區信義路五段7號1樓)","公司簡介及營運報告","181020211119M001.pdf","181020211119E001.pdf","https://www.hcg.com.tw/About/Corporate",法說會影音連結資訊:https://webpro.twse.com.tw/webportal/vod/101/1BA00471D40D-384DD90B-4B77-11EC-BECC/?categoryId=101 ,"無","查詢"
"1817","凱撒衛","110/09/03","14:30","線上法人說明會","本公司受邀參加福邦證券舉辦之線上法人說明會，於會中報告公司簡介及營運概況。","181720210903M001.pdf","181720210903E001.pdf","https://www.caesar.com.tw/GoWeb/include/ir.html","","將於當日14:00開放登入，報名連結 https://forms.gle/MafBwcMPQupChs4i8","查詢"
"1817","凱撒衛","110/12/07","14:30","線上法人說明會","本公司受邀參加福邦證券舉辦之線上法人說明會，於會中報告公司簡介及營運概況。","181720211209M001.pdf","181720211209E001.pdf","https://www.caesar.com.tw/GoWeb/include/ir.html","","https://forms.gle/mk3iEsUZwZWyNeLWA","查詢"
"1903","士紙","110/12/24","14:30","臺灣證券交易所1樓資訊展示中心(台北市信義路五段7號)","公司簡介及營運報告","190320211209M001.ppt","190320211209E001.ppt","https://www.shihlin.com.tw/stock_information.html",法說會影音連結資訊:https://webpro.twse.com.tw/webportal/vod/101/3B61E9240065-E473F568-6487-11EC-8D31/?categoryId=101 ,"無","查詢"
"1904","正隆","110/08/20","14:00","線上電話會議","公司概況及未來發展","190420210820M001.pdf","190420210820E001.pdf","http://www.clc.com.tw/",中文影音檔網址:1904_26_20210820_ch.mp3 ,"請撥打+886 2 21928017，並輸入會議密碼588323#","查詢"
"1904","正隆","110/03/26","14:00","線上電話會議","公司概況及未來發展","190420210326M001.pdf","190420210326E001.pdf","http://www.clc.com.tw/",中文影音檔網址:1904_25_20210326_ch.mp3 ,"請撥打+886 2 21928017 ，並輸入會議密碼480062#","查詢"
"1905","華紙","110/05/14","14:00","線上電話會議","本公司舉辦線上法人電話會議，說明2021年第一季營運結果","190520210514M001.pdf","190520210514E001.pdf","www.chp.com.tw",法說會影音連結資訊:http://irconference.twse.com.tw/1905_44_20210514_ch.mp4 中華紙漿官網:http://www.chp.com.tw/tw/investors/conference ,"電話：+886-2-2396-8020 分機7899 會議ID：52677","查詢"
"1905","華紙","110/08/13","14:00","線上電話會議","本公司舉辦線上法人電話會議，說明2021年第二季營運結果","190520210813M001.pdf","190520210813E001.pdf","www.chp.com.tw",法說會影音連結資訊:http://irconference.twse.com.tw/1905_45_20210813_ch.mp4 交易所影音傳播網:https://webpro.twse.com.tw/webportal/vod/101/2DD1096271A4-CA8F923E-FC03-11EB-B853/?categoryId=101 中華紙漿公司:http://www.chp.com.tw/investors/conference ,"電話：+886-2-2396-8020 分機7899  會議ID：52677","查詢"
"1905","華紙","110/11/12","14:00","永豐餘信誼大樓17F（台北市重慶南路二段51號）","本公司舉辦法人說明會，說明2021年第三季營運結果","190520211112M001.pdf","190520211112E001.pdf","www.chp.com.tw",法說會影音連結資訊:http://irconference.twse.com.tw/1905_46_20211112_ch.mp4 華紙官網:http://www.chp.com.tw/investors/conference 影音傳播網:https://webpro.twse.com.tw/webportal/vod/101/7342928A4D7A-D855D688-4388-11EC-B13F/?categoryId=101 ,"無","查詢"
"1905","華紙","110/03/04","14:00","永豐餘信誼大樓17F（台北市重慶南路二段51號）","本公司舉辦法人說明會，說明2020年第四季營運結果","190520210304M001.pdf","190520210304E001.pdf","http://www.chp.com.tw",法說會影音連結資訊:http://irconference.twse.com.tw/1905_43_20210304_ch.mp4 中華紙漿官網:http://www.chp.com.tw/tw/investors/conference 影音傳播網:https://webpro.twse.com.tw/webportal/vod/101/C5A4208A05CB-46F14B8E-7CB7-11EB-A3F0/?categoryId=101 ,"無","查詢"
"1906","寶隆","110/03/24","16:40","兆豐證券總公司(台北市忠孝東路二段95號13樓)","本公司受邀參加兆豐證券舉辦之法人說明會。","190620210324M001.pdf","190620210324E001.pdf","","","無","查詢"
"1907","永豐餘","110/08/13","15:00","線上電話會議","本公司舉辦線上法人電話會議，說明2021年度第二季營運結果","190720210813M001.pdf","190720210813E001.pdf","http://www.yfy.com",法說會影音連結資訊:https://www.yfy.com/tw/investor_conference.html#video ,"請撥打+886-2-2396-8020 分機 7899，並輸入會議號碼 44894","查詢"
"1907","永豐餘","110/05/14","15:00","線上電話會議","本公司舉辦線上法人電話會議，說明2021年度第一季營運結果","190720210514M001.pdf","190720210514E001.pdf","http://www.yfy.com",法說會影音連結資訊:https://www.yfy.com/tw/investor_conference_2021.html#video ,"請撥打+886-2-2396-8020 分機 7899，並輸入會議號碼 44894","查詢"
"1907","永豐餘","110/04/19","15:00","&#29319;亞會議中心-台北市松山區復興北路99號15樓","本公司受元大證券邀請參加法人會議，說明公司2020年度營運成果","190720210304M001.pdf","190720210304E001.pdf","http://www.yfy.com","","無","查詢"
"1907","永豐餘","110/01/12","14:30","凱基證券：台北市明水路700號1F","本公司受券商邀請參加法人座談會","190720201113M001.pdf","190720201113E001.pdf","http://www.yfy.com","","無","查詢"
"1907","永豐餘","110/03/04","15:00","本公司17樓（台北市重慶南路二段51號永豐信誼大樓）","本公司舉辦法人說明會，說明2020年度營運結果","190720210304M001.pdf","190720210304E001.pdf","http://www.yfy.com",法說會影音連結資訊:http://www.yfy.com/tw/investor_conference.html ,"無","查詢"
"1907","永豐餘","110/11/12","15:00","本公司17樓（台北市重慶南路二段51號永豐信誼大樓）","本公司舉辦法人說明會，說明2021年度第三季營運結果","190720211112M001.pdf","190720211112E001.pdf","http://www.yfy.com",法說會影音連結資訊:https://www.yfy.com/tw/investor_conference.html#video ,"無","查詢"
"1909","榮成","110/03/24","15:50","台北市忠孝東路二段95號13樓(兆豐證券)","本公司受邀參加兆豐證券舉辦之法人說明會","190920210324M001.pdf","190920210324E001.pdf","","","無","查詢"
"1909","榮成","110/12/24","14:30","台北市忠孝東路二段95號13樓(兆豐證券)","本公司受邀參加兆豐證券舉辦之法人說明會","190920211227M001.pdf","190920211227E001.PDF","http://longchenpaper.com/B6001.asp","","無","查詢"
"2002","中鋼","110/09/16","15:30","線上法說會","本公司業務及財務相關資訊 (含部分截至110年7月份之自結財務資訊)","200220210915M001.pdf","200220210915E001.pdf","http://www.csc.com.tw/csc/ss/pst/pst_index.html","","無","查詢"
"2002","中鋼","110/03/25","10:30","日盛證券總部","本公司業務及財務相關資訊 (含部分截至110年2月份之自結財務資訊)","200220210324M001.pdf","200220210324E001.pdf","http://www.csc.com.tw/csc/ss/pst/pst_index.html","","無","查詢"
"2002","中鋼","110/06/09","13:30","線上法說會","本公司業務及財務相關資訊 (含部分截至110年4月份之自結財務資訊)","200220210608M001.pdf","200220210608E001.pdf","http://www.csc.com.tw/csc/ss/pst/pst_index.html","","無","查詢"
"2002","中鋼","110/11/24","13:30","台北晶華酒店","本公司業務及財務相關資訊 (含部分截至110年10月份之自結財務資訊)","200220211122M001.pdf","200220211122E001.pdf","http://www.csc.com.tw/csc/ss/pst/pst_index.html","","無","查詢"
"2002","中鋼","110/11/18 至 110/11/19","14:00","線上法說會","本公司截至110年9月份之業務及財務相關資訊","200220211117M001.pdf","200220211117E001.pdf","http://www.csc.com.tw/csc/ss/pst/pst_index.html","","無","查詢"
"2006","東和鋼鐵","110/09/15","15:00","線上法說會","本公司受邀參加元大證券舉辦之產業座談會，報告本公司營運狀況","200620210913M001.pptx","200620210913E001.pptx","https://www.tunghosteel.com/Home/Index","","無","查詢"
"2006","東和鋼鐵","110/12/15","15:00","線上法說會","本公司受邀參加元大證券舉辦之線上法說會，
報告本公司營運狀況","200620211215M001.pptx","200620211215E001.pptx","https://www.tunghosteel.com/Home/Index","","無","查詢"
"2007","燁興","110/08/18","15:30","燁興公司訓練教室(高雄市岡山區寶米路369號)","本公司簡介與營運狀況說明
(因應新型冠狀病毒防疫需求，與會者須全程戴口罩。)","200720210818M001.pdf","200720210818E001.pdf","http://www.yheco.com.tw/",法說會影音連結資訊:http://10.68.0.82/YH_Conference.asp ,"1.響應環保，請自行至本公司網站下載簡報。2.其餘資料請至公開資訊觀測站查閱。","查詢"
"2008","高興昌","110/10/22","14:00","高雄市鼓山區中華一路318號(本公司二樓)","本公司110年1-6月業績說明","200820211022M001.pdf","200820211022E001.pdf","http://www.khc.com.tw",中文影音檔網址:2008_5_20211022_ch.mp4 ,"無","查詢"
"2009","第一銅","110/11/17","14:30","高雄市小港區沿海一路479號(本公司臨海工廠2樓會議室)","公開說明110年前三季營運狀況","200920211115M001.pdf","200920211115E001.pdf","http://www.fcht.com.tw/index.php?option=module&amp;lang=cht&amp;task=showlist&amp;id=46&amp;index=4",法說會影音連結資訊:https://youtu.be/9V4UpOJ4uAE ,"無。","查詢"
"2010","春源","110/01/15","14:30","臺灣證券交易所1F資訊展示中心(台北市信義區信義路五段7號1樓)","本公司業務及財務相關資訊","201020210115M001.ppt","201020210115E001.ppt","http://www.cysco.com.tw/shareholder/index.htm",法說會影音連結資訊:https://webpro.twse.com.tw/webportal/vod/101/B98B9B692FAC-B60C8E16-56FE-11EB-A5B3/?categoryId=101 ,"為響應環保，現場恕不提供書面資料；進入會場時請配戴口罩並配合防疫作業","查詢"
"2012","春雨","110/11/29","14:30","台北市信義區松壽路2號(台北君悅酒店3樓鶴齡廳)","公司營運成果及未來展望，期望藉此活動讓投資先進能瞭解公司之競爭利基及未來發展計劃。","201220211129M001.pdf","201220211129E001.pdf","https://www.chunyu.com.tw/TW/index.aspx","","因疫情關係，請於會議進行時全程配戴口罩 ，以維護個人健康","查詢"
"2013","中鋼構","110/07/28","14:30","線上法說會","本公司業務及財務相關資訊。","201320210727M001.pdf","201320210727E001.pdf","","","無","查詢"
"2013","中鋼構","110/11/23","15:20","台北晶華酒店","本公司業務及財務相關資訊","201320211122M001.pdf","201320211122E001.pdf","","","無","查詢"
"2014","中鴻","110/08/12","14:00","線上法說會","本公司業務及財務相關資訊","201420210810M001.pdf","201420210810E001.pdf","http://www.chsteel.com.tw/cg/ss_note.html","","無","查詢"
"2014","中鴻","110/02/26","14:00","線上法說會","本公司業務及財務相關資訊","201420210225M001.pdf","201420210225E001.pdf","http://www.chsteel.com.tw/cg/ss_note.html","","無","查詢"
"2014","中鴻","110/11/24","15:20","台北晶華酒店","本公司業務及財務相關資訊","201420211122M001.pdf","201420211122E001.pdf","http://www.chsteel.com.tw/cg/ss_note.html","","無","查詢"
"2014","中鴻","110/06/25","14:00","線上法說會","本公司業務及財務相關資訊","201420210623M001.pdf","201420210623E001.pdf","http://www.chsteel.com.tw/cg/ss_note.html","","無","查詢"
"2015","豐興","110/04/21","14:00","線上法人說明會","本公司受邀參加華南永昌證券法人說明會","201520210420M001.pdf","201520210420E001.pdf","http://www.fenghsin.com.tw/investor.htm","","報名請洽華南永昌證券 李小姐02-25456888#8967 Email:7015@entrust.com.tw","查詢"
"2015","豐興","110/01/29","14:00","線上法人說明會","本公司受邀參加華南永昌證券法人說明會","201520210128M001.pdf","201520210128E001.pdf","http://www.fenghsin.com.tw/investor.htm","","報名請洽華南永昌證券 李小姐02-25456888#8967 Email:7015@entrust.com.tw","查詢"
"2015","豐興","110/10/28","14:00","線上法人說明會","本公司受邀參加華南永昌證券法人說明會","201520211026M001.pdf","201520211026E001.pdf","http://www.fenghsin.com.tw/investor.htm","","報名請洽華南永昌 李小姐 02-25456888#8967 Email:7015@entrust.com.tw","查詢"
"2015","豐興","110/07/23","14:00","線上法人說明會","本公司受邀參加華南永昌證券法人說明會","201520210722M001.pdf","201520210722E001.pdf","http://www.fenghsin.com.tw/investor.htm","","報名請洽華南永昌 李小姐02-25456888#8967 Email:7015@entrust.com.tw","查詢"
"2017","官田鋼","110/03/30","14:00","台南市中西區中山路88號3樓","本公司受邀參加&quot;統一證券法人說明會&quot;，會中就公司業務狀況說明。","201720210329M001.pdf","201720210329E001.pdf","","","無","查詢"
"2017","官田鋼","110/11/17","14:00","台南市中西區中山路88號3樓","本公司受邀參加&quot;統一證券法人說明會&quot;，會中就公司業務狀況說明。","201720211116M001.pdf","201720211116E001.pdf","","","無","查詢"
"2020","美亞","110/05/13","14:00","台北市中山區民權東路3段2之1號12樓","本公司110年第一次財務業務相關資訊報告。","202020210513M001.pdf","202020210513E001.pdf","http://www.mayer.com.tw/2014/07/blog-post_54.html",中文影音檔網址:2020_6_20210513_ch.mp4 ,"5/13線上法說會-電話號碼:2509-1199及網路會議網址https://youtu.be/PfdakO5DO60","查詢"
"2020","美亞","110/11/23","14:00","線上法說會","本公司110年第二次財務業務相關資訊報告。","202020211122M001.pdf","202020211122E001.pdf","http://www.mayer.com.tw/2014/07/blog-post_54.html",中文影音檔網址:2020_7_20211123_ch.mp4 ,"11/23線上法說會-電話號碼:2509-1199及網路會議網址:https://youtu.be/CDyIAETG8KM","查詢"
"2022","聚亨","110/09/01","14:00","高雄市岡山區新樂街79-1號聚亨公司一樓會議室","公司營運概況說明","202220210831M001.pdf","202220210831E001.pdf","http://www.tycons.com.tw",法說會影音連結資訊:https://www.tycons.com.tw/index.php?option=module&lang=cht&task=showlist&id=250&index=4 ,"相關資料將依規定時間登載於公開資訊觀測站及公司網站","查詢"
"2023","燁輝","110/08/18","14:00","燁輝公司行政大樓5樓(高雄市橋頭區芋寮路369號)","(一)公司簡介
(二)營運概況
(三)企業社會責任
(四)未來展望","202320210818M001.pdf","202320210818E001.pdf","https://www.yiehphui.com.tw/investor_conference/",法說會影音連結資訊:https://www.yiehphui.com.tw/investor_conference/ ,"無","查詢"
"2023","燁輝","110/09/02","10:00","線上法說會","義&#32852;集團及燁輝企業簡介、市場環境概況、 持續獲利商業模式、結語與未來展望","202320210902M001.pdf","202320210902E001.pdf","https://www.yiehphui.com.tw/investor_conference/","","無","查詢"
"2023","燁輝","110/11/24","14:00","燁輝公司行政大樓5樓(高雄市橋頭區芋寮路369號)","公司簡介、營運概況、永續發展、未來展望","202320211124M001.pdf","202320211124E001.pdf","https://www.yiehphui.com.tw/investor_conference/",法說會影音連結資訊:https://www.yiehphui.com.tw/investor_conference/ ,"無","查詢"
"2024","志聯","110/12/21","14:30","線上法人說明會","群益金鼎證券於110年12月21日舉辦之線上法人說明會，公司簡介與營運狀況說明。","202420211220M001.pptx","202420211220E001.pptx","http://www.chihlien.com.tw","","完整財務業務資訊請至公開資訊觀測站之法人說明會一覽表","查詢"
"2025","千興","110/11/23","14:00","台南市麻豆區工業路222號(本公司)","公司簡介、營運概況、經營績效及未來展望說明","202520211122M001.pdf","202520211122E001.pdf","http://www.csssc.com.tw/tw/about_InvestorConference.htm",法說會影音連結資訊:http://www.csssc.com.tw/tw/about_InvestorConference.htm ,"會議資料將於法說會後揭露於公開資訊觀測站","查詢"
"2027","大成鋼","110/11/26","13:00","台北寒舍艾美酒店2樓","本公司受邀參加元大證券舉辦「2022年投資論壇」說明本公司營運現況與展望","202720211126M001.pdf","202720211126E001.pdf","http://www.tachen.com.tw/","","無","查詢"
"2028","威致","110/12/08","14:00","線上法人說明會","本公司受邀參加福邦證券舉辦之線上法人說明會，說明本公司簡介及營運概況","202820211217M001.pdf","202820211217E001.pdf","http://www.weichih.com.tw","","完整財務業務資訊請至公開資訊觀測站之法人說明會一覽表或法說會項目下查閱。","查詢"
"2029","盛餘","110/08/10","14:30","線上法說會","本公司受邀參加元富證券舉辦之線上法人說明會，說明本公司營運概況。","202920210809M001.pdf","202920210809E001.pdf","https://shengyusteel.com/","","無","查詢"
"2029","盛餘","110/12/21","13:30","線上法說會","本公司受邀參加元富證券舉辦之線上法人說明會，說明本公司營運概況。","202920211220M001.pdf","202920211220E001.pdf","https://shengyusteel.com/www/","","無","查詢"
"2030","彰源","110/08/31","14:30","線上法人說明會","本公司受邀參加凱基證券於110年8月31日舉辦之線上法人說明會，說明公司簡介與營運狀況說明。","203020210830M001.ppt","203020210830E001.ppt","http://www.froch.com/TCHI/Investor_Service.php","","無","查詢"
"2031","新光鋼","110/04/27","14:30","華南永昌證券 大會議室(台北市民生東路四段54號4樓)","受邀參加 
 受邀參加華南永昌證券主辦證券為促進機構投資法人對鋼鐵市場展望及公司未來競爭利基及未來發展計畫之暸解，會中就本公司已公開發佈之財務數字、經營績效等相關資訊做說明","203120210426M001.pdf","203120210426E001.pdf","","","法說會報名聯絡資訊 電話：02-2547-6153華南永昌證券 李小姐","查詢"
"2032","新鋼","110/04/12","14:30","台灣證券交易所1樓資訊展示中心","本公司營運概況及成果說明。","203220210409M001.pdf","203220210409E001.pdf","https://www.sinkang.com.tw/investor-69",法說會影音連結資訊:https://webpro.twse.com.tw/webportal/vod/101/0DDBA84EE60D-2ED162F0-9B5D-11EB-BA56/?categoryId=101 ,"無。","查詢"
"2033","佳大","110/12/15","16:00","線上法說會。","本公司受邀參加元大證券舉辦之產業座談會，報告本公司營運狀況。","203320211214M001.pptx","203320211214E001.pptx","http://www.ctworld.com.tw/","","無。","查詢"
"2034","允強","110/12/02","13:30","台北寒舍艾美酒店2F(台北市松仁路38號)","受邀請參加永豐金證券2021年第四季產業投資論壇","203420211202M001.pdf","203420211202E001.pdf","https://www.ycinox.com/tw/ir/ir-233-2020-2021","","無","查詢"
"2038","海光","110/11/25","14:00","https://www.youtube.com/watch?v=AcfTllIpNK4","本公司舉辦110年法人說明會，於會中說明營業概況。","203820211125M001.pdf","203820211125E001.pdf","http://www.haikwang.com.tw/",同步收看網址：:https://www.youtube.com/watch?v=AcfTllIpNK4 法說會影音連結資訊:https://www.youtube.com/watch?v=AcfTllIpNK4 ,"無","查詢"
"2049","上銀","110/08/05","14:00","網址：http://www.zucast.com/webcast/dnKkhEq1","1.營運狀況 2.Q&amp;A","204920210805M001.pdf","204920210805E001.pdf","https://www.hiwin.tw",同步收看網址：:http://www.zucast.com/webcast/dnKkhEq1 法說會影音連結資訊:https://www.hiwin.tw/stock/stock_video.aspx ,"無","查詢"
"2049","上銀","110/03/24","14:30","網址：http://www.zucast.com/webcast/42ppZO26","1.營運狀況 2.Q&amp;A","204920210324M001.pdf","204920210324E001.pdf","http://www.hiwin.tw",同步收看網址：:http://www.zucast.com/webcast/42ppZO26 法說會影音連結資訊:https://www.hiwin.tw/stock/stock_video.aspx ,"無","查詢"
"2049","上銀","110/11/05","14:00","網址：http://www.zucast.com/webcast/0WPdDt0P","1.營運狀況 2.Q&amp;A","204920211105M001.pdf","204920211105E001.pdf","http://www.hiwin.tw",同步收看網址：:http://www.zucast.com/webcast/0WPdDt0P 法說會影音連結資訊:https://www.hiwin.tw/stock/stock_video.aspx ,"無","查詢"
"2059","川湖","110/04/12 至 110/04/13","09:00","線上法說會（台灣）","本公司受邀參加由臺灣證券交易所及寬量國際共同主辦之線上法說會「9th Taiwan CEO Week on Air」，說明本公司之營運概況、財務及業務相關資訊。","205920210409M001.pdf","205920210409E001.pdf","https://www.kingslide.com/","","無","查詢"
"2059","川湖","110/09/09","09:00","線上法說會（台灣）","本公司受邀參加國泰證券舉辦之第三季產業論壇線上法說會，說明本公司之營運概況、財務及業務相關資訊。","205920210908M001.pdf","205920210908E001.pdf","https://www.kingslide.com/","","無","查詢"
"2059","川湖","110/03/16 至 110/03/17","09:00","電話會議","本公司受邀參加美林證券舉辦之法人說明會。","205920210315M001.pdf","205920210315E001.pdf","https://www.kingslide.com/","","無","查詢"
"2059","川湖","110/06/10","09:00","線上法說會（台灣）","本公司受邀參加國泰證券舉辦之第二季產業論壇線上法說會，說明本公司之營運概況、財務及業務相關資訊。","205920210609M001.pdf","205920210609E001.pdf","https://www.kingslide.com/","","無","查詢"
"2059","川湖","110/09/27 至 110/09/30","09:00","線上法說會（台灣）","本公司受邀參加由臺灣證券交易所及寬量國際共同主辦之線上
法說會「10th Taiwan CEO Week on Air」，說明本公司之營運
概況、財務及業務相關資訊。","205920210924M001.pdf","205920210924E001.pdf","https://www.kingslide.com/","","無","查詢"
"2059","川湖","110/12/13","14:30","線上法說會（台灣）","本公司受邀參加由凱基證券舉辦之線上法說會，說明本公司之營運概況、財務及業務相關資訊。","205920211213M001.pdf","205920211213E001.pdf","https://www.kingslide.com/","","無","查詢"
"2062","橋椿","110/10/27","14:00","電話會議","(1)公司基本介紹
(2)公司成長策略","206220211026M001.pdf","206220211026E001.pdf","http://www.sunspring.com.tw/stock.html","","本次法人說明會由凱基證券主辦。","查詢"
"2069","運錩","110/12/16","14:00","高雄市前鎮區中山二路2號9樓之1(大眾財經大樓)","本公司受邀參加台新證券舉辦之法人說明會，說明營運概況。","206920211214M002.pdf","206920211214E002.pdf","http://www.yuenchang.com.tw/","","無","查詢"
"2101","南港","110/11/18","14:30","台北六福萬怡酒店9樓會議廳
(台北市南港區忠孝東路七段359號)","本公司受邀參加由福邦證券主辦之法人說明會。
會議議題：本公司營運現況及優勢的延伸、競爭力提升及世界明珠開發案銷售進展情形說明。","210120211117M001.pdf","210120211117E001.pdf","https://www.nankang-tyre.com/investors/shareholder/legal","","完整財務業務資訊請至公開資訊觀測站之法人說明會一覽表或法說會項目下查閱。","查詢"
"2102","泰豐","110/11/22","14:00","元大寶慶大樓(台北市中正區寶慶路69號4樓會議室)","本公司受邀參加元大證券舉辦之產業座談會，報告本公司營運狀況。","210220211122M001.pdf","210220211122E001.pdf","https://www.federalcorporation.com/tc/Presentations.php","","新冠肺炎疫情因素，與會者請全程配戴口罩。","查詢"
"2103","台橡","110/06/17","14:30","線上法說會","本公司擬於110年6月17日召開線上法說會，針對2020年與2021年第一季營運表現及財務績效進行說明。
欲參加者可透過網路連接下列網址參加: http://www.zucast.com/webcast/ug9wr9cV","210320210617M001.pdf","210320210617E001.pdf","https://www.tsrc.com.tw",中文影音檔網址:2103_13_20210617_ch.mp4 ,"參加者若有法說會相關問題，敬請以線上文字輸入方式提問。","查詢"
"2103","台橡","110/11/09","14:00","臺灣證券交易所一樓資訊展示中心 (台北市信義區信義路五段7號1樓)","2021年前三季營運及財務績效表現說明","210320211109M001.pdf","210320211109E001.pdf","https://www.tsrc.com.tw",法說會影音連結資訊:https://webpro.twse.com.tw/WebPortal/vod/101/370BE00FFE36-F9DB29C4-4133-11EC-831C/?categoryId=101 ,"為因應防疫需求，請參加者全程佩戴口罩，並配合於入場前測量額溫。","查詢"
"2104","國際中橡","110/05/17","14:30","本公司於5月15日公告為因應大台北地區疫情警戒提升，原訂5月17日自辦之線上法說會取消","公司簡介、所屬產業概況、營運成果及未來展望說明","210420210518M001.pdf","210420210518E001.pdf","http://www.csrcgroup.com/investors2.html?lang=tw",法說會影音連結資訊:不適用 ,"無","查詢"
"2104","國際中橡","110/11/15","14:30","實體及線上(人數限制採實名報名制)
實體法說會地點:台北市中山北路2段113號3樓士敏廳","公司簡介、所屬產業概況、營運成果及未來展望說明","210420211115M001.pdf","210420211115E001.pdf","http://www.csrcgroup.com/investors2.html?lang=tw",法說會影音連結資訊:http://www.csrcgroup.com/investors2.html?lang=tw ,"實體及線上法說會報名網址：https://www.taiwancement.com/tw/investorsSignUp.html","查詢"
"2105","正新","110/04/15","14:00","本公司新辦公大樓B2(彰化縣大村鄉美港路215號)","公告本公司召開2020年度法人說明會","210520210414M001.pdf","210520210414E001.pdf","http://www.cst.com.tw/news.php?cID=3",法說會影音連結資訊:https://www.youtube.com/watch?v=XMpOn_YtNcc ,"欲參加者，請前往本公司網頁報名。(http://www.cst.com.tw/news.php?cID=3 )","查詢"
"2105","正新","110/12/27","14:00","本公司新辦公大樓B2(彰化縣大村鄉美港路215號)","2021年第三季營運成果法人說明會","210520211227M001.pdf","210520211227E001.pdf","http://www.cst.com.tw/news.php?cID=3",法說會影音連結資訊:https://www.youtube.com/watch?v=YXxFUJ_yp4o ,"欲參加者，請前往本公司網頁報名。(http://www.cst.com.tw/news.php?cID=3 )","查詢"
"2106","建大","110/09/02","13:30","中信南港金融園區B棟13樓","公告本公司受邀參加中國信託證券20212H產業論壇","210620210902M001.pdf","210620210902E001.pdf","http://csr.kenda.com.tw/default.aspx?lang=0&amp;menuid=3,16","","無","查詢"
"2107","厚生","110/12/03","14:30","台灣證券交易所1F資訊展示中心 (台北市信義區信義路五段7號1樓)","說明本公司營運及財務相關概況。","210720211203M001.pdf","210720211203E001.pdf","http://www.frg.com.tw/m/st-cg37.html",法說會影音連結資訊:https://webpro.twse.com.tw/webportal/vod/101/1BA00471D40D-B678114D-540E-11EC-BECC/?categoryId=101 ,"14:00報到，14:30會議開始。","查詢"
"2108","南帝","110/04/19","14:00","台北市復興北路99號15樓","本公司受邀參加元大證券公司舉辦之「2021四月投資展望說明會」","210820210415M001.pptx","210820210415E001.pptx","http://www.nantex.com.tw","","無","查詢"
"2109","華豐","110/12/22","14:00","線上法說會","本公司受邀參加群益金鼎證券舉辦之法人說明會。","210920211222M001.pdf","210920211222E001.pdf","https://www.duro.com.tw/tw/investor/institutional-investors-conference/","","無。","查詢"
"2114","鑫永銓","110/12/17","14:00","華南永昌證券(台北市民生東路四段54號4樓會議室)","本公司受邀參加華南永昌證券舉辦之法人說明會","211420211217M001.pdf","211420211217E001.pdf","http://www.hyc-king.com","","無","查詢"
"2115","六暉-KY","110/01/21","14:30","台新綜合證券股份有限公司13樓會議室(台北市建國北路一段96號13樓)","本公司受邀參加台新證券舉辦之法人說明會，會中就財務業務概況做說明。","211520210120M002.pdf","211520210120E002.pdf","https://www.luhai.com.tw/ch/investor_detail.asp?id=3","","無","查詢"
"2201","裕隆","110/04/14","13:30","敦南摩天大廈-元富證券11樓教育訓練室 (台北市大安區敦化南路二段97號11樓)","本公司受邀參加元富證券舉辦之上市公司法人說明會，會中介紹本公司財務業務營運概況。","220120210414M001.pdf","220120210414E001.pdf","http://www.yulon-motor.com.tw","","報名網址：https://www.masterlink.com.tw/mlAP/UnderWrite/apply.aspx?pk=140","查詢"
"2201","裕隆","110/08/25","13:30","線上法說會","本公司受邀參加富邦證券舉辦之線上法說會,會中介紹本公司2021年第二季營運成果報告","220120210825M001.pdf","220120210825E001.pdf","https://www.yulon-motor.com.tw/investors_operational.aspx","","報名請洽富邦證券法人業務部 vina.chen@fubon.com","查詢"
"2201","裕隆","110/05/26","13:30","線上法說會","本公司受邀參加富邦證券舉辦之線上法說會,會中介紹本公司2021年第一季營運成果報告 .","220120210526M001.pdf","220120210526E001.pdf","http://www.yulon-motor.com.tw/","","1.報名請洽富邦法人部 vina.chen@fubon.com","查詢"
"2201","裕隆","110/11/16","13:30","線上法說會","本公司受邀參加富邦證券舉辦之線上法說會，會中介紹本公司2021年第三季營運成果報告","220120211116M001.pdf","220120211116E001.pdf","https://www.yulon-motor.com.tw/investors_operational.aspx","","報名請洽富邦證券法人業務部 tingju.yeh@fubon.com","查詢"
"2204","中華","110/05/26","15:10","線上法人說明會","(1)中華汽車2021年1-4月業績表現及Q1營運概況(2)中華汽車2021年Q2營運展望","220420210526M001.pdf","220420210526E001.pdf","https://www.china-motor.com.tw/opetation.php","","報名請洽富邦法人部vina.chen@fubon.com","查詢"
"2204","中華","110/04/14","14:30","台北市大安區敦化南路二段97號11樓","(1)汽車市場概況 (2)中華汽車營運成果(2020年及2021年Q1) (3)中華汽車未來發展策略","220420210414M001.pdf","220420210414E001.pdf","https://www.china-motor.com.tw/opetation.php","","報名網址：https://www.masterlink.com.tw/mlAP/UnderWrite/apply.aspx?pk=140","查詢"
"2204","中華","110/08/25","14:20","線上法人說明會","(1)中華汽車2021年1-7月業績表現及Q2營運概況(2)中華汽車2021年Q3營運展望。","220420210825M001.pdf","220420210825E001.pdf","https://www.china-motor.com.tw/opetation.php","","報名請洽富邦法人部vina.chen@fubon.com","查詢"
"2204","中華","110/11/16","15:10","線上法人說明會","(1)汽車市場概況(2)中華汽車2021年Q1-Q3營運概況(3)中華汽車2022年營運展望","220420211116M002.pdf","220420211116E002.pdf","https://www.china-motor.com.tw/opetation.php","","報名請洽富邦法人業務部tingju.yeh@fubon.com","查詢"
"2206","三陽工業","110/04/15","09:10","線上法說會(台灣)","本公司受邀參加由臺灣證券交易所及寬量國際共同主辦之線上法說會「9th Taiwan CEO Week on Air」，說明本公司營運概況、財務及業務相關資訊。","220620210414M001.pdf","220620210414E001.pdf","","","法人說明會開會前會將相關簡報資料輸入公開資訊觀測站。","查詢"
"2206","三陽工業","110/10/06 至 110/10/07","09:10","線上法說會(台灣)","本公司受邀參加由臺灣證券交易所及寬量國際共同主辦之線上法說會「10th Taiwan CEO Week」，說明本公司之營運概況、財務及業務相關資訊。","220620211005M001.pdf","220620211005E001.pdf","","","法人說明會開會前會將相關簡報資料輸入公開資訊觀測站。","查詢"
"2207","和泰車","110/04/13","15:45","臺北文創 (台北市信義區菸廠路88號6F)","說明本公司2020年營運成果及未來展望","220720210413M001.pdf","220720210413E001.pdf","http://www.hotaimotor.com.tw","","無","查詢"
"2207","和泰車","110/05/27","14:00","線上法說會","說明本公司2021年Q1營運成果及未來展望","220720210527M001.pdf","220720210527E001.pdf","http://www.hotaimotor.com.tw","","報名請洽https://forms.gle/m17XHDFj7Wu6kumTA","查詢"
"2207","和泰車","110/09/02","14:30","台北市信義區信義路五段1號
(台北國際會議中心 101AB會議室)","說明本公司2021年Q2營運成果及未來展望","220720210902M001.pdf","220720210902E001.pdf","http://www.hotaimotor.com.tw","","報名請洽https://www.surveycake.com/s/QRNK6","查詢"
"2207","和泰車","110/12/07","14:30","台証金融大樓
(台北市中山區建國北路一段96號B1會議室)","說明本公司2021年Q3營運成果及未來展望","220720211207M001.pdf","220720211207E001.pdf","http://www.hotaimotor.com.tw","","報名請洽https://www.surveycake.com/s/KxxvR","查詢"
"2208","台船","110/06/22","14:30","線上法說會","業務及財務報告","220820210622M001.pptx","220820210622E001.pptx","http://www.csbcnet.com.tw/Service/Investor/StockInformation.htm","","無","查詢"
"2211","長榮鋼","110/02/25","14:30","張榮發基金會11樓1101會議室(台北市中正區中山南路11號)","本次上市前業績發表會將由公司經營團隊說明產業發展、財務業務狀況、未來風險、臺灣證券交易所股份有限公司董事會暨上市審議委員會要求補充揭露事項。","221120210225M001.pdf","221120210225E001.pdf","http://www.evergreennet.com/about08.html","","因應防疫要求，與會者須全程配戴口罩並遵守防疫相關規定。","查詢"
"2211","長榮鋼","110/11/25","14:30","線上法人說明會","本公司受邀參加由凱基證券舉辦之線上法人說明會，說明公司營運之現況及未來展望。","221120211125M002.pdf","221120211125E002.pdf","https://www.evergreennet.com/customPage/法人說明會簡報資料","","無","查詢"
"2227","裕日車","110/05/26","14:30","線上法人說明會","公司營運狀況說明","222720210526M001.pdf","222720210526E001.pdf","http://www.nissan.com.tw","","報名請洽富邦法人部vina.chen@fubon.com","查詢"
"2227","裕日車","110/11/16","14:20","線上法人說明會","公司營運狀況說明","222720211116M001.pdf","222720211116E001.pdf","http://www.nissan.com.tw","","報名請洽富邦法人部 tingju.yeh@fubon.com","查詢"
"2228","劍麟","110/09/03","15:30","線上法人說明會","永豐金證券舉辦之2021 Q3線上產業投資論壇，說明本公司營運狀況，報名請洽永豐金證券謝小姐(02)2383-8169 betty.hsieh@sinopac.com 。","222820210902M001.pdf","222820210902E001.pdf","http://www.ironforce.com.tw/","","無","查詢"
"2228","劍麟","110/12/02","14:30","寒舍艾美酒店台北市信義區松仁路38號2F","本公司受邀參加永豐金證券主辦之2021年第四季產業投資論壇","222820211201M001.pdf","222820211201E001.pdf","http://www.ironforce.com.tw","","無","查詢"
"2231","為升","110/05/05","09:00","電話會議","本公司受邀參加大和國泰證券舉辦之法人說明會「Daiwa Taiwan Corporate Day」","223120210420M001.pdf","223120210420E001.pdf","https://www.cubelec.com.tw/conference.php","","無","查詢"
"2231","為升","110/04/21","14:30","台北萬豪酒店( 台北市中山區樂群二路199號)","本公司受邀出席凱基證券舉辦之法人說明會","223120210420M001.pdf","223120210420E001.pdf","https://www.cubelec.com.tw/conference.php","","無","查詢"
"2231","為升","110/11/26","10:00","線上法人說明會","受邀出席富邦證券舉辦之法人說明會-第四季線上富邦投資論壇，說明本公司之營運概況、財務及業務狀況相關事宜。","223120211125M001.pdf","223120211125E001.pdf","https://www.cubelec.com.tw/","","無","查詢"
"2233","宇隆","110/04/29","14:30","APA藝文中心B1國際會議廳 (台北市大安區建國南路二段231號)","本公司受邀參加凱基證券舉辦之法人說明會，說明本公司營運概況以及未來展望。","223320210429M001.pdf","223320210429E001.pdf","http://www.turvo.com.tw/","","無","查詢"
"2233","宇隆","110/12/29","14:00","線上法說會","本公司受邀參加華南永昌綜合證券舉辦之線上法人說明會，說明本公司營運概況以及未來展望。","223320211224M001.pdf","223320211224E001.pdf","https://www.turvo.com.tw/","","報名請洽華南永昌陳小姐 02-25456888#8258或E-mail:7374@entrust.com.tw","查詢"
"2236","百達-KY","110/12/07","14:30","臺灣證券交易所1樓資訊展示中心(台北市信義路五段7號)","本公司受邀參加臺灣證券交易所舉辦之法人說明會，就本公司產業狀況及已公開財報、業務等相關資訊做說明","223620211206M001.pdf","223620211206E001.pdf","http://www.patec-intl.com/big5/investorrel_news.php","","無","查詢"
"2239","英利-KY","110/10/28","14:30","線上法說會","本公司受邀參加永豐金證券舉辦之線上法人說明會，說明本公司之業務及營運概況","223920211027M001.pdf","223920211027E001.pdf","http://www.engley.com/","","完整財務業務資訊請至公開資訊觀測站之法人說明會一覽表或法說會項目下查閱。","查詢"
"2241","艾姆勒","110/04/29","14:30","(牛牛牛)亞會議中心6樓 (台北市復興北路99號6樓)","本公司110年第1季營運狀況及財務資訊","224120210507M001.pdf","224120210507E001.pdf","http://www.amulaire.com/invest/stock","","無","查詢"
"2241","艾姆勒","110/01/28","14:30","台北市松山區南京東路四段1號8樓之1(雁群空間)","本公司109年第4季營運狀況及財務資訊","224120210128M001.pdf","224120210128E001.pdf","http://www.amulaire.com/invest/stock","","無","查詢"
"2241","艾姆勒","110/07/29","14:30","線上法人說明會","本公司110年第2季營運狀況及財務資訊","224120210729M001.pdf","224120210729E001.pdf","http://www.amulaire.com/invest/stock","","無","查詢"
"2241","艾姆勒","110/10/28","14:30","線上法人說明會","本公司110年第3季營運狀況及財務資訊","224120211028M001.pdf","224120211028E001.pdf","http://www.amulaire.com/invest/stock","","無","查詢"
"2243","宏旭-KY","110/10/29","14:30","線上法說會","本公司受邀參加國票綜合證券舉辦之法說會說明公司概況、市場概況、經營實績及未來發展相關資訊","224320211104M001.pdf","224320211104E001.pdf","","","無","查詢"
"2247","汎德永業","110/03/18","14:00","台北西華飯店(台北市民生東路三段111號3樓)","說明本公司2020年度營運成果","224720210330M001.pdf","224720210330E001.pdf","https://www.pgum.com.tw/zh-tw/investor_financial/index/fin_001","","無","查詢"
"2250","IKKA-KY","110/05/04","14:30","台北市信義區松仁路38號
台北艾美酒店,三樓翡翠珍珠廳","上市前業績發表會","225020210503M001.pdf","225020210503E001.pdf","http://www.ikka.com.tw/msg/message-Shareholder-column.html","","無","查詢"
"2250","IKKA-KY","110/12/02","16:30","臺灣證券交易所一樓資訊展示中心
(台北市信義區信義路5段7號1樓)","公司簡介及營運概況說明","225020211130M001.pdf","225020211130E001.pdf","http://www.ikka.com.tw/msg/message-法說會相關資訊-51.html","","無","查詢"
"2254","巨鎧精密-創","110/11/23","15:30","福邦證券股份有限公司會議中心(台北市中正區忠孝西路一段6號7樓)","本公司受邀參加福邦證券舉辦之興櫃前法人座談會， 說明本公司之營運概況。","225420211123M001.pdf","225420211123E001.pdf","","","內容檔案於當日會後公告於公開資訊觀測站","查詢"
"2301","光寶科","110/04/29","14:00","本公司","本公司110年第1季財務業務情形","230120210429M001.pdf","230120210429E001.pdf","http://www.liteon.com/page.aspx?id=46683e57-def4-419b-beb3-ec52608e79e9",同步收看網址：:https://www.liteon.com/zh-tw/investor/financialreports/10 法說會影音連結資訊:https://www.liteon.com/zh-tw/investor/financialreports/10 ,"因應新型冠狀病毒防疫，與會者須全程配戴口罩，並於入場前配合測量額溫。","查詢"
"2301","光寶科","110/09/07 至 110/09/08","10:00","電話會議","本公司受券商邀請，參加其舉辦之線上法人說明會，報告公司簡介與營運現況","230120210729M001.pdf","230120210729E001.pdf","https://www.liteon.com/zh-tw/investor/financialreports/10","","無","查詢"
"2301","光寶科","110/09/09","15:40","電話會議","本公司受券商邀請，參加其舉辦之線上法人說明會，報告公司簡介與營運現況","230120210729M001.pdf","230120210729E001.pdf","https://www.liteon.com/zh-tw/investor/financialreports/10","","無","查詢"
"2301","光寶科","110/07/29","14:00","線上法說會","本公司110年第2季財務業務情形 。","230120210729M001.pdf","230120210729E001.pdf","https://www.liteon.com/zh-tw",同步收看網址：:●https://earningscon.liteon.com/2Q21 法說會影音連結資訊:https://www.liteon.com/zh-tw/investor/financialreports/10 ,"本次法說會採線上直播，PC使用者可以瀏覽器開啟連結，手機或平板使用者請先下載APP。","查詢"
"2301","光寶科","110/04/01","10:30","電話會議","本公司受券商邀請，參加其舉辦之線上法人說明會，報告公司簡介與營運現況","230120210302M001.pdf","230120210302E001.pdf","","","無","查詢"
"2301","光寶科","110/04/08","10:00","電話會議","本公司受券商邀請，參加其舉辦之線上法人說明會，報告公司簡介與營運現況","230120210302M001.pdf","230120210302E001.pdf","","","無","查詢"
"2301","光寶科","110/04/09","10:30","電話會議","本公司受券商邀請，參加其舉辦之線上法人說明會，報告公司簡介與營運現況","230120210302M001.pdf","230120210302E001.pdf","","","無","查詢"
"2301","光寶科","110/03/11","14:30","台北市菸廠路88號","本公司受券商邀請，參加其舉辦之法人說明會，報告公司簡介與營運現況","230120210302M001.pdf","230120210302E001.pdf","","","無","查詢"
"2301","光寶科","110/03/16 至 110/03/17","10:00","電話會議","本公司受券商邀請，參加其舉辦之線上法人說明會，報告公司簡介與營運現況","230120210302M001.pdf","230120210302E001.pdf","","","無","查詢"
"2301","光寶科","110/03/18","14:00","台北市西華飯店","本公司受券商邀請，參加其舉辦之法人說明會，報告公司簡介與營運現況","230120210302M001.pdf","230120210302E001.pdf","","","無","查詢"
"2301","光寶科","110/09/01","14:00","電話會議","本公司受券商邀請，參加其舉辦之線上法人說明會，報告公司簡介與營運現況","230120210729M001.pdf","230120210729E001.pdf","https://www.liteon.com/zh-tw/investor/financialreports/10","","無","查詢"
"2301","光寶科","110/10/18","14:00","線上法說會","本公司110年第3季財務業務情形","230120211018M001.pdf","230120211018E001.pdf","https://www.liteon.com/zh-tw",同步收看網址：:https://earningscon.liteon.com/3Q21 法說會影音連結資訊:https://www.liteon.com/zh-tw/investor/financialreports/10 ,"PC使用者可以瀏覽器開啟直播，手機或平板請先下載Teams APP","查詢"
"2301","光寶科","110/02/25","14:00","線上法說會","本公司109年第4季財務業務情形","230120210302M001.pdf","230120210302E001.pdf","https://www.liteon.com/zh-tw",同步收看網址：:https://earningscon.liteon.com/4Q20 法說會影音連結資訊:https://www.liteon.com/zh-tw/investor/financialreports/10 ,"本次法說會採線上直播，PC使用者可以瀏覽器開啟連結，手機或平板使用者請先下載APP。","查詢"
"2301","光寶科","110/12/15","15:45","台北市菸廠路88號","本公司受券商邀請，參加其舉辦之法人說明會，報告公司簡介與營運現況","230120211018M001.pdf","230120211018E001.pdf","https://www.liteon.com/zh-tw/investor/financialreports/10","","無","查詢"
"2302","麗正","110/12/15","14:00","國票綜合證券股份有限公司 (台北市松山區南京東路五段188號15樓會議室)","本公司受邀參加國票證券舉辦之法人說明會，會中說明本公司之營運成效及未來展望。","230220211214M001.pdf","230220211214E001.pdf","","","無","查詢"
"2303","聯電","110/02/22","09:00","電話會議","本公司受邀參加摩根大通證券舉辦之法人說明會「Taiwan CEO-CFO Conference」。","230320210127M001.pdf","230320210127E001.pdf","http://www.umc.com","","無","查詢"
"2303","聯電","110/01/27","17:00","線上法說會","本公司2020年第四季財務暨營運報告","230320210127M001.pdf","230320210127E001.pdf","http://www.umc.com",法說會影音連結資訊:https://www.umc.com/zh-TW/Download/quarterly_results/QuarterlyResultsDetail/2020/2020Q4 ,"無","查詢"
"2303","聯電","110/04/28","17:00","線上法說會","本公司2021年第一季財務暨營運報告","230320210428M001.pdf","230320210428E001.pdf","http://www.umc.com",法說會影音連結資訊:https://www.umc.com/zh-TW/Download/quarterly_results/QuarterlyResultsDetail/2021/2021Q1 ,"無","查詢"
"2303","聯電","110/05/20","14:00","電話會議","本公司受邀參加富邦證券舉辦之法人說明會「2021富邦投資論壇」。","230320210428M001.pdf","230320210428E001.pdf","http://www.umc.com","","無。","查詢"
"2303","聯電","110/08/17","09:00","電話會議","本公司受邀參加高盛證券舉辦之法人說明會「TWN Semis, Foundry, OSAT, IC Design Supply Chain Virtual Day」。","230320210728M001.pdf","230320210728E001.pdf","http://www.umc.com","","無。","查詢"
"2303","聯電","110/09/07","09:00","電話會議","本公司受邀參加瑞信證券舉辦之法人說明會
「22nd Asian Technology Conference」。","230320210728M001.pdf","230320210728E001.pdf","http://www.umc.com","","無","查詢"
"2303","聯電","110/09/28","10:20","電話會議","本公司受邀參加寬量國際舉辦之法人說明會
「10th Taiwan CEO Week」。","230320210728M001.pdf","230320210728E001.pdf","http://www.umc.com","","無","查詢"
"2303","聯電","110/06/22","09:00","電話會議","本公司受邀參加瑞銀證券舉辦之法人說明會「Virtual Taiwan Conference 2021」。","230320210428M001.pdf","230320210428E001.pdf","http://www.umc.com","","無。","查詢"
"2303","聯電","110/03/15 至 110/03/16","09:00","電話會議","本公司受邀參加美銀證券舉辦之法人說明會「2021 APAC TMT Conference」。","230320210127M001.pdf","230320210127E001.pdf","http://www.umc.com","","無","查詢"
"2303","聯電","110/10/27","17:00","線上法說會","本公司2021年第三季財務暨營運報告。","230320211027M001.pdf","230320211027E001.pdf","http://www.umc.com",法說會影音連結資訊:https://www.umc.com/zh-TW/Download/quarterly_results/QuarterlyResultsDetail/2021/2021Q3 ,"無","查詢"
"2303","聯電","110/07/28","17:00","線上法說會","本公司2021年第二季財務暨營運報告。","230320210728M001.pdf","230320210728E001.pdf","http://www.umc.com",法說會影音連結資訊:https://www.umc.com/zh-TW/Download/quarterly_results/QuarterlyResultsDetail/2021/2021Q2 ,"無。","查詢"
"2303","聯電","110/12/01","13:00","電話會議","本公司受邀參加野村證券舉辦之法人說明會「Greater China Tech Focus Day」。","230320211027M001.pdf","230320211027E001.pdf","http://www.umc.com","","無","查詢"
"2303","聯電","110/12/07","09:00","電話會議","本公司受邀參加高盛證券舉辦之法人說明會「TWN Semis, Foundry, OSAT, IC Design Supply Chain Virtual Day」。","230320211027M001.pdf","230320211027E001.pdf","http://www.umc.com","","無","查詢"
"2303","聯電","110/12/08","09:00","電話會議","本公司受邀參加瑞銀證券舉辦之法人說明會「Global TMT Virtual Conference」。","230320211027M001.pdf","230320211027E001.pdf","http://www.umc.com","","無","查詢"
"2303","聯電","110/11/30","09:00","電話會議","本公司受邀參加花旗證券舉辦之法人說明會「Taiwan Corporate Day 2021」。","230320211027M001.pdf","230320211027E001.pdf","http://www.umc.com","","無","查詢"
"2305","全友","110/11/26","14:00","新竹市科學園區工業東三路6號本公司會議室","公司營運狀況及財務報告","230520211126M001.pdf","230520211126E001.pdf","https://microtek.com/tw/news",法說會影音連結資訊:https://microtek.com/tw/news/detail/16 ,"無","查詢"
"2308","台達電","110/08/10","14:30","線上法說會","本公司受元富證券邀請，將於上述時間地點，向法人投資者就本公司110年第二季之財務報告相關資訊做一說明。","230820210730M001.pdf","230820210730E001.pdf","https://www.deltaww.com/zh-TW/investors/analystMeeting","","無","查詢"
"2308","台達電","110/04/29","15:00","線上法說會","本公司召開法人說明會說明110年第一季財務報告相關資訊","230820210429M001.pdf","230820210429E001.pdf","https://www.deltaww.com/zh-TW/investors/analystMeeting",同步收看網址：:https://www.deltaww.com/zh-TW/investors/analystMeeting 中文影音檔網址:2308_284_20210429_ch.mp4 英文影音檔網址:2308_284_20210429_en.mp4 ,"無","查詢"
"2308","台達電","110/05/18","10:00","線上法說會","本公司受富邦證券邀請，將於上述時間地點，向法人投資者就本公司110年第一季之財務報告相關資訊做一說明。","230820210429M001.pdf","230820210429E001.pdf","https://www.deltaww.com/zh-TW/investors/analystMeeting","","無","查詢"
"2308","台達電","110/01/20","14:00","台北晶華酒店","本公司受台灣證券交易所與元富證券邀請，將於上述時間地點，向法人投資者就本公司109年第三季之財務報告相關資訊做一說明。","230820201029M001.pdf","230820201029E001.pdf","https://www.deltaww.com/zh-TW/investors/analystMeeting","","無","查詢"
"2308","台達電","110/01/27","10:00","線上法說會","本公司受野村證券邀請，將於上述時間地點，向法人投資者就本公司109年第三季之財務報告相關資訊做一說明。","230820201029M001.pdf","230820201029E001.pdf","https://www.deltaww.com/zh-TW/investors/analystMeeting","","無","查詢"
"2308","台達電","110/08/27","09:00","線上法說會","本公司受花旗證券邀請，將於上述時間地點，向法人投資者就本公司110年第二季之財務報告相關資訊做一說明。","230820210730M001.pdf","230820210730E001.pdf","https://www.deltaww.com/zh-TW/investors/analystMeeting","","無","查詢"
"2308","台達電","110/09/03","10:00","線上法說會","本公司受摩根大通證券邀請，將於上述時間地點，向法人投資者就本公司110年第二季之財務報告相關資訊做一說明。","230820210730M001.pdf","230820210730E001.pdf","https://www.deltaww.com/zh-TW/investors/analystMeeting","","無","查詢"
"2308","台達電","110/09/06","09:00","線上法說會","本公司受瑞士信貸證券邀請，將於上述時間地點，向法人投資者就本公司110年第二季之財務報告相關資訊做一說明。","230820210730M001.pdf","230820210730E001.pdf","https://www.deltaww.com/zh-TW/investors/analystMeeting","","無","查詢"
"2308","台達電","110/09/08","09:00","線上法說會","本公司受傑富瑞證券邀請，將於上述時間地點，向法人投資者就本公司110年第二季之財務報告相關資訊做一說明。","230820210730M001.pdf","230820210730E001.pdf","https://www.deltaww.com/zh-TW/investors/analystMeeting","","無","查詢"
"2308","台達電","110/09/09","14:00","線上法說會","本公司受國泰證券邀請，將於上述時間地點，向法人投資者就本公司110年第二季之財務報告相關資訊做一說明。","230820210730M001.pdf","230820210730E001.pdf","https://www.deltaww.com/zh-TW/investors/analystMeeting","","無","查詢"
"2308","台達電","110/05/26 至 110/05/28","09:00","線上法說會","本公司受大和國泰證券邀請，將於上述時間地點，向法人投資者就本公司110年第一季之財務報告相關資訊做一說明。","230820210429M001.pdf","230820210429E001.pdf","https://www.deltaww.com/zh-TW/investors/analystMeeting","","無","查詢"
"2308","台達電","110/05/05","16:30","線上法說會","本公司受台灣證券交易所及永豐金證券邀請，將於上述時間地點，向法人投資者就本公司110年第一季之財務報告相關資訊做一說明。","230820210429M001.pdf","230820210429E001.pdf","https://www.deltaww.com/zh-TW/investors/analystMeeting","","無","查詢"
"2308","台達電","110/05/18","10:00","台北君悅酒店","本公司受台新證券邀請，將於上述時間地點，向法人投資者就本公司110年第一季之財務報告相關資訊做一說明。","230820210429M001.pdf","230820210429E001.pdf","https://www.deltaww.com/zh-TW/investors/analystMeeting","","無","查詢"
"2308","台達電","110/05/21","14:00","台北寒舍艾美","本公司受康和證券邀請，將於上述時間地點，向法人投資者就本公司110年第一季之財務報告相關資訊做一說明。","230820210429M001.pdf","230820210429E001.pdf","https://www.deltaww.com/zh-TW/investors/analystMeeting","","無","查詢"
"2308","台達電","110/05/24 至 110/05/25","10:00","線上法說會","本公司受里昂證券邀請，將於上述時間地點，向法人投資者就本公司110年第一季之財務報告相關資訊做一說明。","230820210429M001.pdf","230820210429E001.pdf","https://www.deltaww.com/zh-TW/investors/analystMeeting","","無","查詢"
"2308","台達電","110/05/11","09:30","線上法說會","本公司受國泰證券邀請，將於上述時間地點，向法人投資者就本公司110年第一季之財務報告相關資訊做一說明。","230820210429M001.pdf","230820210429E001.pdf","https://www.deltaww.com/zh-TW/investors/analystMeeting","","無","查詢"
"2308","台達電","110/05/26","13:00","台北晶華酒店","本公司受元大證券邀請，將於上述時間地點，向法人投資者就本公司110年第一季之財務報告相關資訊做一說明。","230820210429M001.pdf","230820210429E001.pdf","https://www.deltaww.com/zh-TW/investors/analystMeeting","","無","查詢"
"2308","台達電","110/06/09","09:30","線上法說會","本公司受元大證券邀請，將於上述時間地點，向法人投資者就本公司110年第一季之財務報告相關資訊做一說明。","230820210429M001.pdf","230820210429E001.pdf","https://www.deltaww.com/zh-TW/investors/analystMeeting","","無","查詢"
"2308","台達電","110/02/25","15:00","線上法說會","本公司召開法人說明會說明109年第四季財務報告相關資訊","230820210225M001.pdf","230820210225E001.pdf","https://www.deltaww.com/zh-TW/investors/analystMeeting",同步收看網址：:https://www.deltaww.com/zh-TW/investors/analystMeeting 法說會影音連結資訊:https://www.deltaww.com/zh-TW/investors/analystMeeting ,"無","查詢"
"2308","台達電","110/09/13 至 110/09/14","09:00","線上法說會","本公司受里昂證券邀請，將於上述時間地點，向法人投資者就本公司110年第二季之財務報告相關資訊做一說明。","230820210730M001.pdf","230820210730E001.pdf","https://www.deltaww.com/zh-TW/investors/analystMeeting","","無","查詢"
"2308","台達電","110/09/23 至 110/09/24","09:00","線上法說會","本公司受大和國泰證券邀請，將於上述時間地點，向法人投資者就本公司110年第二季之財務報告相關資訊做一說明。","230820210730M001.pdf","230820210730E001.pdf","https://www.deltaww.com/zh-TW/investors/analystMeeting","","無","查詢"
"2308","台達電","110/09/17","15:00","線上法說會","本公司受凱基證券邀請，將於上述時間地點，向法人投資者就本公司110年第二季之財務報告相關資訊做一說明。","230820210730M001.pdf","230820210730E001.pdf","https://www.deltaww.com/zh-TW/investors/analystMeeting","","無","查詢"
"2308","台達電","110/11/24","10:00","線上法說會","本公司受富邦證券邀請，將於上述時間地點，向法人投資者就本公司110年第三季之財務報告相關資訊做一說明。","230820211029M001.pdf","230820211029E001.pdf","https://www.deltaww.com/zh-TW/investors/analystMeeting","","無","查詢"
"2308","台達電","110/11/26","15:00","台北寒舍艾美酒店","本公司受元大證券邀請，將於上述時間地點，向法人投資者就本公司110年第三季之財務報告相關資訊做一說明。","230820211029M001.pdf","230820211029E001.pdf","https://www.deltaww.com/zh-TW/investors/analystMeeting","","無","查詢"
"2308","台達電","110/11/30","09:00","線上法說會","本公司受花旗證券邀請，將於上述時間地點，向法人投資者就本公司110年第三季之財務報告相關資訊做一說明。","230820211029M001.pdf","230820211029E001.pdf","https://www.deltaww.com/zh-TW/investors/analystMeeting","","無","查詢"
"2308","台達電","110/11/01","09:00","線上法說會","本公司受美銀證券邀請，將於上述時間地點，向法人投資者就本公司110年第三季之財務報告相關資訊做一說明。","230820211029M001.pdf","230820211029E001.pdf","https://www.deltaww.com/zh-TW/investors/analystMeeting","","無","查詢"
"2308","台達電","110/11/02","14:00","台北美福飯店","本公司受凱基證券邀請，將於上述時間地點，向法人投資者就本公司110年第三季之財務報告相關資訊做一說明。","230820211029M001.pdf","230820211029E001.pdf","https://www.deltaww.com/zh-TW/investors/analystMeeting",中文影音檔網址:2308_307_20211102_ch.mp4 英文影音檔網址:2308_307_20211102_en.mp4 ,"無","查詢"
"2308","台達電","110/07/30","15:00","線上法說會","本公司召開法人說明會說明110年第二季財務報告相關資訊","230820210730M001.pdf","230820210730E001.pdf","https://www.deltaww.com/zh-TW/investors/analystMeeting",同步收看網址：:https://www.deltaww.com/zh-TW/investors/analystMeeting 法說會影音連結資訊:https://www.deltaww.com/zh-TW/investors/analystMeeting ,"無","查詢"
"2308","台達電","110/10/29","15:00","線上法說會","本公司召開法人說明會說明110年第三季財務報告相關資訊","230820211029M001.pdf","230820211029E001.pdf","https://www.deltaww.com/zh-TW/investors/analystMeeting",同步收看網址：:https://www.deltaww.com/zh-TW/investors/analystMeeting 法說會影音連結資訊:https://www.deltaww.com/zh-TW/investors/analystMeeting ,"無","查詢"
"2308","台達電","110/03/02","11:00","線上法說會","本公司受富邦證券邀請，將於上述時間地點，向法人投資者就本公司109年第四季之財務報告相關資訊做一說明。","230820210225M001.pdf","230820210225E001.pdf","https://www.deltaww.com/zh-TW/investors/analystMeeting","","無","查詢"
"2308","台達電","110/03/16 至 110/03/17","10:00","線上法說會","本公司受美銀證券邀請，將於上述時間地點，向法人投資者就本公司109年第四季之財務報告相關資訊做一說明。","230820210225M001.pdf","230820210225E001.pdf","https://www.deltaww.com/zh-TW/investors/analystMeeting","","無","查詢"
"2308","台達電","110/03/09 至 110/03/10","10:00","線上法說會","本公司受花旗證券邀請，將於上述時間地點，向法人投資者就本公司109年第四季之財務報告相關資訊做一說明。","230820210225M001.pdf","230820210225E001.pdf","https://www.deltaww.com/zh-TW/investors/analystMeeting","","無","查詢"
"2308","台達電","110/03/12","15:00","線上法說會","本公司受高盛證券邀請，將於上述時間地點，向法人投資者就本公司109年第四季之財務報告相關資訊做一說明。","230820210225M001.pdf","230820210225E001.pdf","https://www.deltaww.com/zh-TW/investors/analystMeeting","","無","查詢"
"2308","台達電","110/03/19","15:45","台北","本公司受凱基證券邀請，將於上述時間地點，向法人投資者就本公司109年第四季之財務報告相關資訊做一說明。","230820210225M001.pdf","230820210225E001.pdf","https://www.deltaww.com/zh-TW/investors/analystMeeting","","無","查詢"
"2308","台達電","110/03/22","10:00","線上法說會","本公司受瑞信證券邀請，將於上述時間地點，向法人投資者就本公司109年第四季之財務報告相關資訊做一說明。","230820210225M001.pdf","230820210225E001.pdf","https://www.deltaww.com/zh-TW/investors/analystMeeting","","無","查詢"
"2308","台達電","110/04/07","10:00","線上法說會","本公司受高盛證券邀請，將於上述時間地點，向法人投資者就本公司109年第四季之財務報告相關資訊做一說明。","230820210225M001.pdf","230820210225E001.pdf","https://www.deltaww.com/zh-TW/investors/analystMeeting","","無","查詢"
"2308","台達電","110/06/29","15:00","線上法說會","本公司受高盛證券邀請，將於上述時間地點，向法人投資者就本公司110年第一季之財務報告相關資訊做一說明。","230820210429M001.pdf","230820210429E001.pdf","https://www.deltaww.com/zh-TW/investors/analystMeeting","","無","查詢"
"2308","台達電","110/11/17","09:00","線上法說會","本公司受摩根士丹利證券邀請，將於上述時間地點，向法人投資者就本公司110年第三季之財務報告相關資訊做一說明。","230820211029M001.pdf","230820211029E001.pdf","https://www.deltaww.com/zh-TW/investors/analystMeeting","","無","查詢"
"2308","台達電","110/11/19","09:00","線上法說會","本公司受大和證券邀請，將於上述時間地點，向法人投資者就本公司110年第三季之財務報告相關資訊做一說明。","230820211029M001.pdf","230820211029E001.pdf","https://www.deltaww.com/zh-TW/investors/analystMeeting","","無","查詢"
"2308","台達電","110/11/23","14:00","線上法說會","本公司受台新證券邀請，將於上述時間地點，向法人投資者就本公司110年第三季之財務報告相關資訊做一說明。","230820211029M001.pdf","230820211029E001.pdf","https://www.deltaww.com/zh-TW/investors/analystMeeting","","無","查詢"
"2308","台達電","110/11/24","14:15","線上法說會","本公司受中信證券邀請，將於上述時間地點，向法人投資者就本公司110年第三季之財務報告相關資訊做一說明。","230820211029M001.pdf","230820211029E001.pdf","https://www.deltaww.com/zh-TW/investors/analystMeeting","","無","查詢"
"2308","台達電","110/11/30","14:30","台北遠東飯店","本公司受國泰證券邀請，將於上述時間地點，向法人投資者就本公司110年第三季之財務報告相關資訊做一說明。","230820211029M001.pdf","230820211029E001.pdf","https://www.deltaww.com/zh-TW/investors/analystMeeting","","無","查詢"
"2308","台達電","110/12/21","15:30","凱基證券會議室","本公司受凱基證券邀請，將於上述時間地點，向法人投資者就本公司110年第三季之財務報告相關資訊做一說明。","230820211029M001.pdf","230820211029E001.pdf","https://www.deltaww.com/zh-TW/investors/analystMeeting","","無","查詢"
"2312","金寶","110/12/01","15:00","新北市深坑區北深路三段147號(金寶營運總部一樓A101會議室)","說明公司營運狀況及計畫","231220211201M001.pdf","231220211201E001.pdf","https://www.kinpo.com.tw/zh-TW/investor/financials/investor-conferences",法說會影音連結資訊:https://www.kinpo.com.tw/zh-TW/investor/financials/investor-conferences ,"本活動採實名制，參加來賓請於進場時須量體溫、全程配戴口罩。","查詢"
"2313","華通","110/05/19","13:45","電話會議","參加統一證券舉辦之投資論壇。","231320210519M002.pdf","231320210519E002.pdf","http://www.compeq.com.tw/accomplishments01_4_2.php","","無","查詢"
"2313","華通","110/08/19","14:00","線上法說會","統一證券舉辦之線上法人說明會","231320210819M001.pdf","231320210819E001.pdf","http://www.compeq.com.tw/accomplishments01_4_2.php","","無","查詢"
"2313","華通","110/03/18","14:00","兆豐證券總公司13樓 (台北市忠孝東路二段95號)","兆豐證券舉辦之法說會","231320210317M001.pdf","231320210317E001.pdf","http://www.compeq.com.tw/accomplishments01_4_2.php","","無","查詢"
"2313","華通","110/10/14","14:00","富邦國際會議中心B2(台北市敦化南路一段108號B2)","富邦證券舉辦之法說會","231320211014M001.pdf","231320211014E001.pdf","http://www.compeq.com.tw/accomplishments01_4_2.php","","無","查詢"
"2314","台揚","110/11/16","14:00","台北君悅酒店3樓 (台北市信義區松壽路2號3樓)","本公司受邀參加台新證券2021年第四季雪亮投資論壇，就本公司已公開發佈之財務數字、業務狀況等相關資訊做說明。","231420211116M001.pdf","231420211116E001.pdf","","","無","查詢"
"2316","楠梓電","110/11/25","14:00","電話會議","本公司應統一證券之邀參加電話會議說明本公司營運概況","231620211125M001.pdf","231620211125E001.pdf","https://www.wus.com.tw/index.php/zh-tw/2017-10-17-07-23-12#活動資訊","","無","查詢"
"2317","鴻海","110/08/13","09:00","電話會議","本公司受邀參加Citi舉辦之法人交流會，說明本公司營運概況。","231720210812M001.pdf","231720210812E001.pdf","","","無","查詢"
"2317","鴻海","110/08/13","10:00","電話會議","本公司受邀參加UBS舉辦之法人交流會，說明本公司營運概況。","231720210812M001.pdf","231720210812E001.pdf","","","無","查詢"
"2317","鴻海","110/08/13","15:30","電話會議","本公司受邀參加 Morgan Stanley舉辦之法人交流會，說明本公司營運概況。","231720210812M001.pdf","231720210812E001.pdf","","","無","查詢"
"2317","鴻海","110/08/16","16:00","電話會議","本公司受邀參加CLSA舉辦之法人交流會，說明本公司營運概況。","231720210812M001.pdf","231720210812E001.pdf","","","無","查詢"
"2317","鴻海","110/08/18","09:00","電話會議","本公司受邀參加Nomura舉辦之法人交流會，說明本公司營運概況。","231720210812M001.pdf","231720210812E001.pdf","","","無","查詢"
"2317","鴻海","110/01/20","13:30","台北晶華酒店(台北市中山區中山北路二段39巷3號)","本公司受邀參加元富證券與證交所聯合舉辦之「The Great Reset – New Industry Landscape after COVID-19」重啟後疫情時代的產業新型態論壇。","231720201112M001.pdf","231720201112E001.pdf","","","無","查詢"
"2317","鴻海","110/07/20","16:00","電話會議","本公司受邀參加Macquarie舉辦之法人交流會，說明本公司營運概況。","231720210514M002.pdf","231720210514E002.pdf","","","無","查詢"
"2317","鴻海","110/08/12","14:30","電話會議","本公司下午2點30分召開中文線上法人說明會。","231720210812M001.pdf","231720210812E001.pdf","https://www.honhai.com/zh-tw/investor-relations/investor-relations-activities/investor-conference",中文影音檔網址:2317_67_20210812_ch.mp3 ,"相關資訊請洽黃奕誠先生、陳慧芸小姐，電話02-2268-3466#510-10004/510-10009","查詢"
"2317","鴻海","110/08/23","16:00","電話會議","本公司受邀參加BofA舉辦之法人交流會，說明本公司營運概況。","231720210812M001.pdf","231720210812E001.pdf","","","無","查詢"
"2317","鴻海","110/08/27","15:00","電話會議","本公司受邀參加Citi舉辦之法人交流會，說明本公司營運概況。","231720210812M001.pdf","231720210812E001.pdf","","","無","查詢"
"2317","鴻海","110/08/26","16:00","電話會議","本公司受邀參加凱基證券舉辦之法人交流會，說明本公司營運概況。","231720210812M001.pdf","231720210812E001.pdf","","","無","查詢"
"2317","鴻海","110/05/28","14:00","電話會議","本公司受邀參加統一證券舉辦之法人交流會，說明本公司營運概況。","231720210514M002.pdf","231720210514E002.pdf","","","無","查詢"
"2317","鴻海","110/05/14","15:00","電話會議","本公司下午三點召開中文線上法人說明會。","231720210514M002.pdf","231720210514E002.pdf","https://www.honhai.com/zh-tw/investor-relations/investor-relations-activities/investor-conference",中文影音檔網址:2317_52_20210514_ch.mp3 ,"相關資訊請洽黃奕誠先生、陳慧芸小姐，電話02-2268-3466#510-10004/510-10009","查詢"
"2317","鴻海","110/05/21","15:20","電話會議","本公司受邀參加康和證券舉辦之【2H21趨勢論壇】，說明本公司營運概況。","231720210514M002.pdf","231720210514E002.pdf","","","無","查詢"
"2317","鴻海","110/09/09","14:00","電話會議","本公司受邀參加兆豐證券舉辦之法人交流會，說明本公司營運概況。","231720210812M001.pdf","231720210812E001.pdf","","","無","查詢"
"2317","鴻海","110/09/13","14:00","電話會議","本公司受邀參加CLSA舉辦之法人交流會，說明本公司營運概況。","231720210812M001.pdf","231720210812E001.pdf","","","無","查詢"
"2317","鴻海","110/09/15","14:45","電話會議","本公司受邀參加UBS舉辦之法人交流會，說明本公司營運概況。","231720210812M001.pdf","231720210812E001.pdf","","","無","查詢"
"2317","鴻海","110/09/17","15:00","電話會議","本公司受邀參加凱基證券舉辦之法人交流會，說明本公司營運概況。","231720210812M001.pdf","231720210812E001.pdf","","","無","查詢"
"2317","鴻海","110/09/07","10:00","電話會議","本公司受邀參加Credit Suisse舉辦之法人交流會，說明本公司營運概況。","231720210812M001.pdf","231720210812E001.pdf","","","無","查詢"
"2317","鴻海","110/09/23 至 110/09/24","10:00","電話會議","本公司受邀參加Daiwa舉辦之法人交流會，說明本公司營運概況。","231720210812M001.pdf","231720210812E001.pdf","","","無","查詢"
"2317","鴻海","110/09/29","10:00","電話會議","本公司受邀參加富邦證券舉辦之法人交流會，說明本公司營運概況。","231720210812M001.pdf","231720210812E001.pdf","","","無","查詢"
"2317","鴻海","110/09/30","10:30","元大證券 (台北市南京東路三段219號10樓)","本公司受邀參加元大證券舉辦之法人交流會，說明本公司營運概況。","231720210812M001.pdf","231720210812E001.pdf","","","無","查詢"
"2317","鴻海","110/06/16","14:00","電話會議","本公司受邀參加富邦證券舉辦之法人交流會，說明本公司營運概況。","231720210514M002.pdf","231720210514E002.pdf","","","無","查詢"
"2317","鴻海","110/06/09","10:00","電話會議","本公司受邀參加永豐金證券舉辦之2021年第二季產業投資論壇，說明本公司營運概況。","231720210514M002.pdf","231720210514E002.pdf","","","無","查詢"
"2317","鴻海","110/05/24","14:00","電話會議","本公司受邀參加花旗證券舉辦之【Citi Regional Tech Conference 2021】，說明本公司營運概況。","231720210514M002.pdf","231720210514E002.pdf","","","無","查詢"
"2317","鴻海","110/03/16 至 110/03/17","09:00","電話會議","本公司受邀參加美銀證券舉版之「2021 APAC TMT Conference」，說明本公司營運概況。","231720201112M001.pdf","231720201112E001.pdf","","","無","查詢"
"2317","鴻海","110/06/21 至 110/06/22","09:00","電話會議","本公司受邀參加UBS舉辦之Taiwan Virtual Conference 2021，說明本公司營運概況。","231720210620M001.pdf","231720210620E001.pdf","","","無","查詢"
"2317","鴻海","110/06/01","14:00","電話會議","本公司受邀參加兆豐證券舉辦之法人交流會，說明本公司營運概況。","231720210514M002.pdf","231720210514E002.pdf","","","無","查詢"
"2317","鴻海","110/06/03","10:00","電話會議","本公司受邀參加台新證券舉辦之法人交流會，說明本公司營運概況。","231720210514M002.pdf","231720210514E002.pdf","","","無","查詢"
"2317","鴻海","110/06/03","14:00","電話會議","本公司受邀參加里昂證券舉辦之CLSA Taiwan Access Day，說明本公司營運概況。","231720210514M002.pdf","231720210514E002.pdf","","","無","查詢"
"2317","鴻海","110/06/04","09:00","電話會議","本公司受邀參加Morgan Stanley舉辦之Morgan Stanley Inaugural Virtual Japan Summit，說明本公司營運概況。","231720210514M002.pdf","231720210514E002.pdf","","","無","查詢"
"2317","鴻海","110/03/19","15:20","張榮發基金會國際會議中心(台北市中正區中山南路11號)","本公司受邀參加凱基證券舉辦之【2021年第一季投資論壇】，說明本公司營運概況。","231720201112M001.pdf","231720201112E001.pdf","","","無","查詢"
"2317","鴻海","110/03/22 至 110/03/23","13:00","電話會議","本公司受邀參加Credit Suisse舉辦之【24th Credit Suisse Asian Investment Conference】，說明本公司營運概況。","231720201112M001.pdf","231720201112E001.pdf","","","無","查詢"
"2317","鴻海","110/03/16 至 110/03/17","09:00","電話會議","本公司受邀參加美銀證券舉辦之【2021 APAC TMT Conference】，說明本公司營運概況。","231720201112M001.pdf","231720201112E001.pdf","","","無","查詢"
"2317","鴻海","110/03/30","15:00","電話會議","本公司於民國110年3月30日下午三點召開中文場電話說明會。","231720210330M001.pdf","231720210330E001.pdf","https://www.honhai.com/",中文影音檔網址:2317_49_20210330_ch.mp3 ,"相關資訊請洽黃奕誠先生、陳慧芸小姐，電話02-2268-3466#510-10004/#510-10009","查詢"
"2317","鴻海","110/11/30","09:00","電話會議","本公司受邀參加Citi舉辦之法人交流會，說明本公司營運概況。","231720211112M002.pdf","231720211112E002.pdf","","","無","查詢"
"2317","鴻海","110/07/13","15:00","電話會議","本公司受邀參加HSBC舉辦之法人交流會，說明本公司營運概況。","231720210514M002.pdf","231720210514E002.pdf","","","無","查詢"
"2317","鴻海","110/10/07","10:20","電話會議","本公司受邀參加由臺灣證券交易所及寬量國際共同主辦之線上法說會「10th Taiwan CEO Week on Air」，說明本公司營運概況。","231720210812M001.pdf","231720210812E001.pdf","","","無","查詢"
"2317","鴻海","110/10/07","09:00","電話會議","本公司受邀參加由Silver Point Advisors舉辦之線上座談會，說明本公司營運概況。","231720210812M001.pdf","231720210812E001.pdf","","","無","查詢"
"2317","鴻海","110/06/29","11:00","電話會議","本公司受邀參加Goldman Sachs舉辦之法人交流會，說明本公司營運概況。","231720210514M002.pdf","231720210514E002.pdf","","","無","查詢"
"2317","鴻海","110/07/06","15:00","電話會議","本公司受邀參加永豐金證券舉辦之法人交流會，說明本公司營運概況。","231720210514M002.pdf","231720210514E002.pdf","","","無","查詢"
"2317","鴻海","110/08/31","16:00","電話會議","本公司受邀參加HSBC舉辦之法人交流會，說明本公司營運概況。","231720210812M001.pdf","231720210812E001.pdf","","","無","查詢"
"2317","鴻海","110/09/01","09:00","電話會議","本公司受邀參加J.P. Morgan舉辦之法人交流會，說明本公司營運概況。","231720210812M001.pdf","231720210812E001.pdf","","","無","查詢"
"2317","鴻海","110/09/02","09:00","電話會議","本公司受邀參加Morgan Stanley舉辦之法人交流會，說明本公司營運概況。","231720210812M001.pdf","231720210812E001.pdf","","","無","查詢"
"2317","鴻海","110/10/27","15:00","電話會議","本公司受邀參加UBS舉辦之法人交流會，說明本公司營運概況。","231720210812M001.pdf","231720210812E001.pdf","","","無","查詢"
"2317","鴻海","110/11/16","09:00","電話會議","本公司受邀參加J.P. Morgan舉辦之法人交流會，說明本公司營運概況。","231720211112M002.pdf","231720211112E002.pdf","","","無","查詢"
"2317","鴻海","110/11/18","09:00","電話會議","本公司受邀參加Morgan Stanley舉辦之法人交流會，說明本公司營運概況。","231720211112M002.pdf","231720211112E002.pdf","","","無","查詢"
"2317","鴻海","110/11/19","09:00","電話會議","本公司受邀參加Daiwa舉辦之法人交流會，說明本公司營運概況。","231720211112M002.pdf","231720211112E002.pdf","","","無","查詢"
"2317","鴻海","110/10/28","17:00","電話會議","本公司受邀參加Goldman Sachs舉辦之鴻海ESG電話會議，說明本公司ESG概況。","231720210812M001.pdf","231720210812E001.pdf","","","無","查詢"
"2317","鴻海","110/10/28","10:00","電話會議","本公司受邀參加玉山證券舉辦之法人交流會，說明本公司營運概況。","231720210812M001.pdf","231720210812E001.pdf","","","無","查詢"
"2317","鴻海","110/11/12","15:00","電話會議","本公司下午3點00分召開中文線上法人說明會。
線上加入：
https://fxn-event.webex.com/fxn-event-tc/j.php?MTID=m20fe68383da09483b25dfaf78fe46341，
活動號：2511 645 8091 / 
活動密碼：2021。

電話加入：
+886-2-7724-9381 Taiwan Toll / 
0809-090-434 Taiwan Toll Free / 
存取碼：2511 645 8091 /
密碼：2021。","231720211112M002.pdf","231720211112E002.pdf","https://www.honhai.com/zh-tw/investor-relations/investor-relations-activities/investor-conference",法說會影音連結資訊:https://youtu.be/Ittdq9KXR-k ,"相關資訊請洽黃奕誠先生、陳慧芸小姐，電話02-2268-3466#510-10004/510-10009","查詢"
"2317","鴻海","110/10/26 至 110/10/27","16:00","電話會議","本公司受邀參加Nomura舉辦之法人交流會，說明本公司營運概況。","231720210812M001.pdf","231720210812E001.pdf","","","無","查詢"
"2317","鴻海","110/10/20","14:00","電話會議","本公司受邀參加國泰證券舉辦之法人交流會，說明本公司營運概況。","231720210812M001.pdf","231720210812E001.pdf","","","無","查詢"
"2317","鴻海","110/12/07","15:30","電話會議","本公司受邀參加永豐金證券舉辦之法人交流會，說明本公司營運概況。","231720211112M002.pdf","231720211112E002.pdf","","","無","查詢"
"2317","鴻海","110/12/08","09:45","電話會議","本公司受邀參加BMO Financial Group舉辦之BMO Virtual Asia Tech Tour，說明本公司營運概況。","231720211112M002.pdf","231720211112E002.pdf","","","無","查詢"
"2317","鴻海","110/12/09","15:40","台北遠東國際大飯店(台北市敦化南路二段201號B1)","本公司受邀參加國泰證券舉辦之2021年第四季國泰證券產業論壇，說明本公司營運概況。","231720211112M002.pdf","231720211112E002.pdf","","","無","查詢"
"2317","鴻海","110/12/10","14:30","電話會議","本公司受邀參加日盛證券舉辦之法人交流會，說明本公司營運概況。","231720211112M002.pdf","231720211112E002.pdf","","","無","查詢"
"2317","鴻海","110/12/15","10:00","電話會議","本公司受邀參加由Silver Point Advisors舉辦之線上座談會，說明本公司營運概況。","231720211112M002.pdf","231720211112E002.pdf","","","無","查詢"
"2321","東訊","110/11/03","16:00","線上法說會","公司簡介及營運概況等","232120211103M001.pdf","232120211103E001.pdf","https://www.tecom.com.tw/tw/",中文影音檔網址:2321_5_20211103_ch.mp4 ,"無","查詢"
"2323","中環","110/12/03","15:00","台北市重慶南路一段2號7樓(永豐金證券)","公司簡介與營運概況","232320211203M001.pdf","232320211203E001.pdf","","","本公司受邀參加永豐金證券舉辦之法人說明會","查詢"
"2324","仁寶","110/09/15","11:30","線上會議","UBS Virtual 3Q21 APAC Tech Tour","232420210914M001.pdf","232420210914E001.pdf","","","無","查詢"
"2324","仁寶","110/02/22","16:00","電話會議","國泰綜合證券舉辦之線上法人說明會","232420201224M001.pdf","232420201224E001.pdf","www.compal.com","","無","查詢"
"2324","仁寶","110/01/20","09:30","電話會議","美林證券舉辦之線上法人說明會","232420201224M001.pdf","232420201224E001.pdf","www.compal.com","","無","查詢"
"2324","仁寶","110/05/20 至 110/05/21","10:00","電話會議","花旗環球證券舉辦之線上法人論壇","232420210524M001.pdf","232420210524E001.pdf","www.compal.com","","無","查詢"
"2324","仁寶","110/08/12","14:00","電話會議","Citi舉辦之仁寶電腦110年第二季線上法人說明會說明營運展望","232420210812M001.pdf","232420210812E001.pdf","www.compal.com","","無","查詢"
"2324","仁寶","110/03/26","15:00","電話會議","UBS舉辦之仁寶電腦109年第四季線上法人說明會","232420210326M001.ppt","232420210326E001.ppt","www.compal.com","","無","查詢"
"2324","仁寶","110/06/08","14:00","電話會議","群益金鼎證券舉辦之&quot;第二季線上投資論壇&quot;就公司營運及產業概況向投資機構做說明","232420210604M001.pdf","232420210604E001.pdf","www.compal.com","","無","查詢"
"2324","仁寶","110/06/21","14:00","線上會議","UBS舉辦之Taiwan Virtual Conference 2021, 就公司營運及產業概況向投資機構做說明","232420210618M001.pdf","232420210618E001.pdf","www.compal.com","","無","查詢"
"2324","仁寶","110/03/15","14:00","電話會議","美國銀行美林證券舉辦之線上法人說明會","232420201224M001.pdf","232420201224E001.pdf","www.compal.com","","無","查詢"
"2324","仁寶","110/06/17","16:00","線上會議","臺灣證券交易所與元富證券舉辦之「2021年 台股領航論壇 線上法人說明會」","232420210611M001.pdf","232420210611E001.pdf","www.compal.com","","無","查詢"
"2324","仁寶","110/09/09 至 110/09/10","10:00","線上會議","瑞士信貸舉辦之Asian Technology Conference，就公司營運及產業概況向投資機構做說明。","232420210908M001.pdf","232420210908E001.pdf","www.compal.com","","無","查詢"
"2324","仁寶","110/07/15","15:00","線上會議","國泰證券舉辦之2H21 High Yield Plays 論壇, 說明公司營運及產業近況。","232420210713M001.pdf","232420210713E001.pdf","www.compal.com","","無","查詢"
"2324","仁寶","110/12/02","14:00","台北市信義區忠孝東路五段10號","由統一證券舉辦之法人座談會就公司營運及產業概況向投資機構做說明","232420211129M001.pdf","232420211129E001.pdf","www.compal.com","","無","查詢"
"2327","國巨*","110/05/18","14:30","線上電話會議","本公司於110/05/18受邀參加由Jefferies和富邦證券共同舉辦之線上論壇 
&quot;Jefferies &amp; Fubon Virtual Taiwan Corporate Day&quot;,就公司營運及產業
概況向投資機構做說明。","232720210517M001.pdf","232720210517E001.pdf","https://www.yageo.com/zh-TW/Download/Index/investor_conference#bottom_link_title","","公司網站www.yageo.com/zh-TW/Download/Index/investor_conference#bottom_link_title","查詢"
"2327","國巨*","110/05/19","13:45","線上電話會議","本公司於110/05/19受邀參加由統一證券舉辦之&quot;2021年投資展望論壇&quot;,
就公司營運及產業概況向投資機構做說明。","232720210517M004.pdf","232720210517E004.pdf","https://www.yageo.com/zh-TW/Download/Index/investor_conference#bottom_link_title","","公司網站www.yageo.com/zh-TW/Download/Index/investor_conference#bottom_link_title","查詢"
"2327","國巨*","110/05/20","15:30","線上電話會議","本公司於110/05/20受邀參加由富邦證券舉辦之&quot;2021第二季富邦投資論壇&quot;,
就公司營運及產業概況向投資機構做說明。","232720210517M003.pdf","232720210517E003.pdf","https://www.yageo.com/zh-TW/Download/Index/investor_conference#bottom_link_title","","公司網站www.yageo.com/zh-TW/Download/Index/investor_conference#bottom_link_title","查詢"
"2327","國巨*","110/05/21","09:00","線上電話會議","本公司於110/05/21受邀參加由花旗證券舉辦之線上論壇&quot;Regional Tech 
Conference 2021&quot;,就公司營運及產業概況向投資機構做說明。","232720210517M002.pdf","232720210517E002.pdf","https://www.yageo.com/zh-TW/Download/Index/investor_conference#bottom_link_title","","公司網站www.yageo.com/zh-TW/Download/Index/investor_conference#bottom_link_title","查詢"
"2327","國巨*","110/01/20","11:00","線上電話會議","本公司於110/01/20受邀由臺灣證交所與元富證券舉辦之&quot;重啟後疫情時
代的產業新型態&quot;投資論壇，就公司營運及產業概況向投資機構做說明。","232720210119M001.pdf","232720210119E001.pdf","https://www.yageo.com/zh-TW/Download/Index/investor_conference#bottom_link_title","","公司網站www.yageo.com/zh-TW/Download/Index/investor_conference#bottom_link_title","查詢"
"2327","國巨*","110/07/26","15:00","線上電話會議","本公司於110/07/26受邀參加由高盛證券舉辦之線上法說會，
說明110年第二季營運報告，並就公司營運及產業概況向投資機構做說明。","232720210726M001.pdf","232720210726E001.pdf","http://www.yageo.com/zh-TW/Download/Index/investor_conference#bottom_link_title","","公司網站www.yageo.com/zh-TW/Download/Index/investor_conference#bottom_link_title","查詢"
"2327","國巨*","110/09/09","13:30","線上電話會議","本公司於110/09/09受邀參加由國泰證券舉辦之&quot;2021年第三季產業論壇&quot;，
就公司營運及產業概況向投資機構做說明。","232720210908M002.pdf","232720210908E002.pdf","https://www.yageo.com/zh-TW/Download/Index/investor_conference#bottom_link_title","","公司網站www.yageo.com/zh-TW/Download/Index/investor_conference#bottom_link_title","查詢"
"2327","國巨*","110/09/13 至 110/09/15","15:00","線上電話會議","本公司於110/09/13~110/09/15受邀參加由里昂證券舉辦之&quot;CLSA Flagship Investors&#039; Forum 2021&quot;
線上電話會議，就公司營運及產業概況向投資機構做說明。","232720210908M003.pdf","232720210908E003.pdf","https://www.yageo.com/zh-TW/Download/Index/investor_conference#bottom_link_title","","公司網站www.yageo.com/zh-TW/Download/Index/investor_conference#bottom_link_title","查詢"
"2327","國巨*","110/09/09 至 110/09/10","09:00","線上電話會議","本公司於110/09/09~110/09/10受邀參加由瑞士信貸舉辦之線上論壇&quot;22nd Asian Technology 
Conference&quot;,就公司營運及產業概況向投資機構做說明。","232720210908M001.pdf","232720210908E001.pdf","https://www.yageo.com/zh-TW/Download/Index/investor_conference#bottom_link_title","","公司網站www.yageo.com/zh-TW/Download/Index/investor_conference#bottom_link_title","查詢"
"2327","國巨*","110/09/16","14:45","線上電話會議","本公司於110/09/16受邀參加由瑞銀證券舉辦之線上論壇 &quot;3Q21 APAC Tech Tour&quot;,
就公司營運及產業概況向投資機構做說明。","232720210908M004.pdf","232720210908E004.pdf","https://www.yageo.com/zh-TW/Download/Index/investor_conference#bottom_link_title","","公司網站www.yageo.com/zh-TW/Download/Index/investor_conference#bottom_link_title","查詢"
"2327","國巨*","110/05/05","15:00","線上電話會議","本公司於110/05/05受邀由臺灣證交所與永豐金證券舉辦之&quot;2021線上臺灣投資說明會&quot;投資論壇，
就公司營運及產業概況向投資機構做說明。","232720210504M001.pdf","232720210504E001.pdf","https://www.yageo.com/zh-TW/Download/Index/investor_conference#bottom_link_title","","公司網站www.yageo.com/zh-TW/Download/Index/investor_conference#bottom_link_title","查詢"
"2327","國巨*","110/05/11","14:30","台北文創（台北市信義區菸廠路88號）","本公司於110/05/11受邀參加由元富證券舉辦之&quot;2021年5月台股
企業日&quot;,就公司營運及產業概況向投資機構做說明。","232720210510M001.pdf","232720210510E001.pdf","https://www.yageo.com/zh-TW/Download/Index/investor_conference#bottom_link_title","","公司網站www.yageo.com/zh-TW/Download/Index/investor_conference#bottom_link_title","查詢"
"2327","國巨*","110/02/22","15:00","線上電話會議","受邀參加
本公司於110/02/22受邀參加由摩根大通舉辦之線上投資論壇，就公司營運及產業概況向投資機構做說明。","232720210220M001.pdf","232720210220E001.pdf","https://www.yageo.com/zh-TW/Download/Index/investor_conference#bottom_link_title","","公司網站www.yageo.com/zh-TW/Download/Index/investor_conference#bottom_link_title","查詢"
"2327","國巨*","110/06/16","15:00","線上電話會議","本公司於110/06/16受邀參加由凱基證券舉辦之線上法人說明會,
就公司營運及產業概況向投資機構做說明。","232720210615M001.pdf","232720210615E001.pdf","https://www.yageo.com/zh-TW/Download/Index/investor_conference#bottom_link_title","","公司網站www.yageo.com/zh-TW/Download/Index/investor_conference#bottom_link_title","查詢"
"2327","國巨*","110/08/27 至 110/08/31","09:00","線上電話會議","本公司於110/08/27~110/08/31受邀參加由花旗證券舉辦之線上論壇 &quot;Asia TMT Day 2021&quot;,
就公司營運及產業概況向投資機構做說明。","232720210826M001.pdf","232720210826E001.pdf","https://www.yageo.com/zh-TW/Download/Index/investor_conference#bottom_link_title","","公司網站www.yageo.com/zh-TW/Download/Index/investor_conference#bottom_link_title","查詢"
"2327","國巨*","110/09/01 至 110/09/03","15:00","線上電話會議","本公司於110/09/01~110/09/03受邀參加由摩根士丹利證券舉辦之線上論壇
&quot;Virtual Asia TMT Conference 2021&quot;,就公司營運及產業概況向投資機構做說明。","232720210826M002.pdf","232720210826E002.pdf","https://www.yageo.com/zh-TW/Download/Index/investor_conference#bottom_link_title","","公司網站www.yageo.com/zh-TW/Download/Index/investor_conference#bottom_link_title","查詢"
"2327","國巨*","110/03/09","09:00","線上電話會議","本公司於110/03/09受邀參加由花旗證券舉辦之線上論壇 &quot;Taiwan Corporate Day 2021&quot;,
就公司營運及產業概況向投資機構做說明。","232720210308M001.pdf","232720210308E001.pdf","https://www.yageo.com/zh-TW/Download/Index/investor_conference#bottom_link_title","","公司網站www.yageo.com/zh-TW/Download/Index/investor_conference#bottom_link_title","查詢"
"2327","國巨*","110/06/04","07:00","線上電話會議","本公司於110/06/04受邀參加由摩根士丹利證券舉辦之線上論壇&quot;Inaugural Virtual Japan Summit&quot;,
就公司營運及產業概況向投資機構做說明。","232720210603M001.pdf","232720210603E001.pdf","https://www.yageo.com/zh-TW/Download/Index/investor_conference#bottom_link_title","","公司網站www.yageo.com/zh-TW/Download/Index/investor_conference#bottom_link_title","查詢"
"2327","國巨*","110/06/08","14:00","線上電話會議","本公司於110/06/08受邀參加由群益金鼎證券舉辦之&quot;第二季線上投資論壇&quot;,
就公司營運及產業概況向投資機構做說明。","232720210603M003.pdf","232720210603E003.pdf","https://www.yageo.com/zh-TW/Download/Index/investor_conference#bottom_link_title","","公司網站www.yageo.com/zh-TW/Download/Index/investor_conference#bottom_link_title","查詢"
"2327","國巨*","110/06/09","15:30","線上電話會議","本公司於110/06/09受邀參加由元大金控舉辦之&quot;2021線上亞洲投資創富論壇&quot;,
就公司營運及產業概況向投資機構做說明。","232720210603M002.pdf","232720210603E002.pdf","https://www.yageo.com/zh-TW/Download/Index/investor_conference#bottom_link_title","","公司網站www.yageo.com/zh-TW/Download/Index/investor_conference#bottom_link_title","查詢"
"2327","國巨*","110/04/07 至 110/04/09","09:00","線上電話會議","本公司於110/04/07~110/04/09受邀參加由臺灣證交所與高盛證券舉辦之線上論壇
&quot;Taiwan Corporate Day&quot;,就公司營運及產業概況向投資機構做說明。","232720210406M001.pdf","232720210406E001.pdf","https://www.yageo.com/zh-TW/Download/Index/investor_conference#bottom_link_title","","公司網站www.yageo.com/zh-TW/Download/Index/investor_conference#bottom_link_title","查詢"
"2327","國巨*","110/03/30 至 110/03/31","09:00","線上電話會議","本公司於110/03/30~110/03/31受邀參加由摩根士丹利證券舉辦
之線上論壇&quot;Morgan Stanley Virtual Hong Kong Summit&quot;,就公司營運及產業概況向投
資機構做說明。","232720210329M002.pdf","232720210329E002.pdf","https://www.yageo.com/zh-TW/Download/Index/investor_conference#bottom_link_title","","公司網站www.yageo.com/zh-TW/Download/Index/investor_conference#bottom_link_title","查詢"
"2327","國巨*","110/03/19","14:00","台北君悅酒店（台北市松壽路2號）","本公司於110/03/19受邀參加由日盛證券舉辦之&quot;2021年春季台股企業日&quot;,
就公司營運及產業概況向投資機構做說明。","232720210318M001.pdf","232720210318E001.pdf","https://www.yageo.com/zh-TW/Download/Index/investor_conference#bottom_link_title","","公司網站www.yageo.com/zh-TW/Download/Index/investor_conference#bottom_link_title","查詢"
"2327","國巨*","110/03/17 至 110/03/24","09:00","線上電話會議","本公司於110/03/17~110/03/24受邀參加由美銀證券舉辦之線上論壇
&quot;BofA 2021 APAC TMT Conference&quot;,就公司營運及產業概況向投資機構做說明。","232720210316M002.pdf","232720210316E002.pdf","https://www.yageo.com/zh-TW/Download/Index/investor_conference#bottom_link_title","","公司網站www.yageo.com/zh-TW/Download/Index/investor_conference#bottom_link_title","查詢"
"2327","國巨*","110/11/19","09:00","線上電話會議","本公司於110/11/19受邀參加由摩根士丹利證券舉辦之線上論壇&quot;Twentieth Annual 
Asia Pacific Summit&quot;,就公司營運及產業概況向投資機構做說明。","232720211111M003.pdf","232720211111E003.pdf","www.yageo.com/zh-TW/Download/Index/investor_conference#bottom_link_title","","公司網站www.yageo.com/zh-TW/Download/Index/investor_conference#bottom_link_title","查詢"
"2327","國巨*","110/10/27","15:00","線上電話會議","本公司於110/10/27受邀參加由高盛證券舉辦之線上法說會，
說明110年第三季營運報告，並就公司營運及產業概況向投資機構做說明。","232720211027M001.pdf","232720211027E001.pdf","www.yageo.com/zh-TW/Download/Index/investor_conference#bottom_link_title","","公司網站www.yageo.com/zh-TW/Download/Index/investor_conference#bottom_link_title","查詢"
"2327","國巨*","110/03/05","13:30","台北遠東國際大飯店（台北市敦化南路2段201號）","本公司於110/03/05受邀參加由國泰證券舉辦之&quot;國泰證券第一季產業論壇&quot;，
就公司營運及產業概況向投資機構做說明。","232720210304M001.pdf","232720210304E001.pdf","https://www.yageo.com/zh-TW/Download/Index/investor_conference#bottom_link_title","","公司網站www.yageo.com/zh-TW/Download/Index/investor_conference#bottom_link_title","查詢"
"2327","國巨*","110/10/28","10:00","線上電話會議","本公司受邀參加由野村證券舉辦之線上論壇&quot;Virtual Taiwan Corporate Day 2021&quot;，就公司營運及產業概況向投資機構做說明。","232720211027M004.pdf","232720211027E004.pdf","www.yageo.com/zh-TW/Download/Index/investor_conference#bottom_link_title","","公司網站www.yageo.com/zh-TW/Download/Index/investor_conference#bottom_link_title","查詢"
"2327","國巨*","110/11/12","09:00","線上電話會議","本公司於110/11/12受邀參加由摩根大通證券舉辦之線上投資論壇，
就公司營運及產業概況向投資機構做說明。","232720211111M001.pdf","232720211111E001.pdf","www.yageo.com/zh-TW/Download/Index/investor_conference#bottom_link_title","","公司網站www.yageo.com/zh-TW/Download/Index/investor_conference#bottom_link_title","查詢"
"2327","國巨*","110/11/17 至 110/11/18","14:00","線上電話會議","本公司於110/11/17~110/11/18受邀參加由大和證券舉辦之線上論壇
&quot;Daiwa Investment Conference Hong Kong 2021&quot;，就公司營運及產業概況向投資機構做說明。","232720211111M002.pdf","232720211111E002.pdf","www.yageo.com/zh-TW/Download/Index/investor_conference#bottom_link_title","","公司網站www.yageo.com/zh-TW/Download/Index/investor_conference#bottom_link_title","查詢"
"2327","國巨*","110/12/14","15:45","台北文創（台北市信義區菸廠路88號）","本公司於110/12/14受邀參加由元富證券舉辦之&quot;2021年12月台股企業日&quot;,
就公司營運及產業概況向投資機構做說明。","232720211213M001.pdf","232720211213E001.pdf","https://www.yageo.com/zh-TW/Download/Index/investor_conference#bottom_link_title","","公司網站www.yageo.com/zh-TW/Download/Index/investor_conference#bottom_link_title","查詢"
"2327","國巨*","110/11/30 至 110/12/01","09:00","線上電話會議","本公司於110/11/30~110/12/01受邀參加由花旗證券舉辦之線上論壇
&quot;Taiwan Corporate Day&quot;,就公司營運及產業概況向投資機構做說明。","232720211124M003.pdf","232720211124E003.pdf","https://www.yageo.com/zh-TW/Download/Index/investor_conference#bottom_link_title","","公司網站www.yageo.com/zh-TW/Download/Index/investor_conference#bottom_link_title","查詢"
"2327","國巨*","110/11/25","14:00","線上電話會議","本公司於110/11/25受邀參加由群益金鼎證券舉辦之&quot;第四季線上投資論壇&quot;,
就公司營運及產業概況向投資機構做說明。","232720211124M001.pdf","232720211124E001.pdf","https://www.yageo.com/zh-TW/Download/Index/investor_conference#bottom_link_title","","公司網站www.yageo.com/zh-TW/Download/Index/investor_conference#bottom_link_title","查詢"
"2327","國巨*","110/11/26","14:15","寒舍艾美酒店 (台北市信義區松仁路38號)","本公司於110/11/26受邀參加由元大證券舉辦之&quot;2022年投資論壇&quot;,
就公司營運及產業概況向投資機構做說明。","232720211124M002.pdf","232720211124E002.pdf","https://www.yageo.com/zh-TW/Download/Index/investor_conference#bottom_link_title","","公司網站www.yageo.com/zh-TW/Download/Index/investor_conference#bottom_link_title","查詢"
"2328","廣宇","110/12/07","15:20","線上法人說明會","本公司受邀參加凱基證券舉辦之法人交流會，說明本公司營運概況。","232820211203M003.pdf","232820211203E003.pdf","https://www.panpi.com.tw/tw/investor_service/corporate_governance/investor_meeting","","無","查詢"
"2329","華泰","110/12/08","14:30","線上法說會","受邀參加元大證券舉辦之線上法說會，報告本公司營運狀況。","232920211208M001.pdf","232920211208E001.pdf","https://www.ose.com.tw/about/investment/shareholder/","","無","查詢"
"2330","台積電","110/05/12","09:30","線上法說會","本公司將參加花旗環球證券所舉辦之線上法說會 -『Citi Regional Tech Conference 2021』，會中就本公司4/15法說會已公開發佈之財務數字、經營績效等相關資訊做說明。","233020210415M002.pdf","233020210415E002.pdf","https://investor.tsmc.com/chinese/quarterly-results/","","無。","查詢"
"2330","台積電","110/01/14","14:00","線上法說會","(1) 公布本公司2020年第4季財務報告及2021年第1季業績展望。 (2) 參加方式：請參見https://investor.tsmc.com/chinese/quarterly-results/2020/q4","233020210114M001.pdf","233020210114E001.pdf","https://investor.tsmc.com/chinese/quarterly-results/2020/q4",同步收看網址：:https://investor.tsmc.com/chinese/quarterly-results/2020/q4 法說會影音連結資訊:https://investor.tsmc.com/static/quarterlyResults/4q20/chinese/quarterly_results.html ,"無","查詢"
"2330","台積電","110/08/19","09:00","線上法說會","本公司將參加美商高盛證券所舉辦之線上法說會 -『Goldman Sachs Virtual Taiwan Semis, Foundry, OSAT, IC Design Supply Chain Day』，會中就本公司7/15法說會已公開發佈之財務數字、經營績效等相關資訊做說明。","233020210715M001.pdf","233020210715E001.pdf","https://investor.tsmc.com/chinese/quarterly-results/2021/q2","","無。","查詢"
"2330","台積電","110/04/19","09:30","線上法說會","本公司將參加高盛證券所舉辦之線上法說會，會中就本公司4/15法說會已公開發佈之財務數字、經營績效等相關資訊做說明。","233020210415M002.pdf","233020210415E002.pdf","https://investor.tsmc.com/chinese/quarterly-results/2021/q1","","無","查詢"
"2330","台積電","110/03/18","09:00","線上法說會","本公司將參加美銀證券所舉辦之線上法說會 -『BofA 2021 APAC TMT Conference』，會中就本公司1/14法說會已公開發佈之財務數字、經營績效等相關資訊做說明。","233020210114M001.pdf","233020210114E001.pdf","https://investor.tsmc.com/chinese/quarterly-results","","無。","查詢"
"2330","台積電","110/03/24","09:00","線上法說會","本公司將參加瑞士信貸所舉辦之線上法說會 -『24th Credit Suisse Asian Investment Conference』，會中就本公司1/14法說會已公開發佈之財務數字、經營績效等相關資訊做說明。","233020210114M001.pdf","233020210114E001.pdf","https://investor.tsmc.com/chinese/quarterly-results","","無。","查詢"
"2330","台積電","110/04/15","14:00","線上法說會","(1) 公布本公司2021年第1季財務報告及2021年第2季業績展望。 (2) 參加方式：請參見https://investor.tsmc.com/chinese/quarterly-results/2021/q1","233020210415M002.pdf","233020210415E002.pdf","https://investor.tsmc.com/chinese/quarterly-results/2021/q1",同步收看網址：:https://investor.tsmc.com/chinese/quarterly-results/2021/q1 法說會影音連結資訊:https://investor.tsmc.com/chinese/quarterly-results/2021/q1 ,"無","查詢"
"2330","台積電","110/06/22 至 110/06/23","17:00","線上法說會","本公司將參加瑞銀證券所舉辦之線上法說會 -『UBS Taiwan Virtual Conference 2021』，會中就本公司4/15法說會已公開發佈之財務數字、經營績效等相關資訊做說明。","233020210415M002.pdf","233020210415E002.pdf","https://investor.tsmc.com/chinese/quarterly-results/2021/q1","","無。","查詢"
"2330","台積電","110/02/23","09:00","線上法說會","本公司將參加摩根大通證券所舉辦之線上法說會 -『J.P. Morgan Taiwan CEO-CFO Conference 2021 (Virtual)』，會中就本公司1/14法說會已公開發佈之財務數字、經營績效等相關資訊做說明。","233020210114M001.pdf","233020210114E001.pdf","http://www.tsmc.com.tw/chinese/investorRelations/quarterly_results.htm","","無","查詢"
"2330","台積電","110/10/14","14:00","線上法說會","(1) 公布本公司2021年第3季財務報告及2021年第4季業績展望。 (2) 參加方式：請參見https://investor.tsmc.com/chinese/quarterly-results/2021/q3","233020211014M001.pdf","233020211014E001.pdf","https://investor.tsmc.com/chinese/quarterly-results/2021/q3",同步收看網址：:https://investor.tsmc.com/chinese/quarterly-results/2021/q3 法說會影音連結資訊:https://investor.tsmc.com/chinese/quarterly-results/2021/q3 ,"無。","查詢"
"2330","台積電","110/09/08","09:00","線上法說會","本公司將參加富瑞金融所舉辦之線上法說會 -『Jefferies Asia Forum』，會中就本公司7/15法說會已公開發佈之財務數字、經營績效等相關資訊做說明。","233020210715M001.pdf","233020210715E001.pdf","https://investor.tsmc.com/chinese/quarterly-results/","","無。","查詢"
"2330","台積電","110/09/10","09:00","線上法說會","本公司將參加德意志銀行所舉辦之線上法說會 -『Deutsche Bank Technology Conference』，會中就本公司7/15法說會已公開發佈之財務數字、經營績效等相關資訊做說明。","233020210715M001.pdf","233020210715E001.pdf","https://investor.tsmc.com/chinese/quarterly-results/","","無。","查詢"
"2330","台積電","110/09/09","09:00","線上法說會","本公司將參加瑞士信貸所舉辦之線上法說會 -『22nd Credit Suisse Asian Technology Conference』，會中就本公司7/15法說會已公開發佈之財務數字、經營績效等相關資訊做說明。","233020210715M001.pdf","233020210715E001.pdf","https://investor.tsmc.com/chinese/quarterly-results/","","無。","查詢"
"2330","台積電","110/09/16","09:00","線上法說會","本公司將參加里昂證券所舉辦之線上法說會 -『28th Annual CITIC CLSA Flagship Investors&#039; Forum 2021』，會中就本公司7/15法說會已公開發佈之財務數字、經營績效等相關資訊做說明。","233020210715M001.pdf","233020210715E001.pdf","https://investor.tsmc.com/chinese/quarterly-results/","","無。","查詢"
"2330","台積電","110/11/11 至 110/11/12","09:00","線上機構投資人說明會","本公司受邀參加摩根大通證券所舉辦之『9th Annual J.P. Morgan Global Technology, Media and Telecom Conference in Asia (Virtual)』，會中就本公司10/14法說會已公開之財務數字、經營績效等相關資訊進行說明。","233020211014M001.pdf","233020211014E001.pdf","https://investor.tsmc.com/chinese/quarterly-results/","","無。","查詢"
"2330","台積電","110/10/19","09:30","線上法說會","本公司將參加高盛證券所舉辦之線上法說會，會中就本公司10/14法說會已公開發佈之財務數字、經營績效等相關資訊做說明。","233020211014M001.pdf","233020211014E001.pdf","https://investor.tsmc.com/chinese/quarterly-results/2021/q3","","無。","查詢"
"2330","台積電","110/07/15","14:00","線上法說會。","(1) 公布本公司2021年第2季財務報告及2021年第3季業績展望。 (2) 參加方式：請參見https://investor.tsmc.com/chinese/quarterly-results/2021/q2","233020210715M001.pdf","233020210715E001.pdf","https://investor.tsmc.com/chinese/quarterly-results/2021/q2",同步收看網址：:https://investor.tsmc.com/chinese/quarterly-results/2021/q2 法說會影音連結資訊:https://investor.tsmc.com/chinese/quarterly-results/2021/q2 ,"無。","查詢"
"2331","精英","110/11/26","14:00","兆豐證券公司 台北市忠孝東路2段95號13F","應邀參加兆豐證券舉辦之法人說明會，介紹本公司及說明近期營運績效。","233120211126M001.pdf","233120211126E001.pdf","www.ecs.com.tw","","無。","查詢"
"2332","友訊","110/08/11","15:30","線上法說會","本公司受邀參加兆豐證券所舉辦之線上法人說明會，說明第二季營運狀況","233220210811M001.pdf","233220210811E001.pdf","http://ir.dlink.com.tw","","無","查詢"
"2332","友訊","110/11/24","09:30","西華飯店（台北市松山區民生東路三段111號）","本公司受邀參加群益金鼎證券所舉辦之投資論壇，說明本公司營運展望與經營績效。","233220211123M001.pdf","233220211123E001.pdf","http://www.ir-cloud.com/taiwan/2332/irwebsite_c/","","無","查詢"
"2337","旺宏","110/08/10","15:45","線上法人說明會","本公司受邀參加元富證券舉辦之「台股企業日」，會中就本公司110/07/27法說會已公開資訊做說明。","233720210727M001.pdf","233720210727E001.pdf","https://www.macronix.com/zh-tw/about/investor-relations/Pages/quarterly-results.aspx","","無","查詢"
"2337","旺宏","110/05/20 至 110/05/24","13:00","線上法人說明會","本公司受邀參加花旗證券舉辦之「Regional Tech Conference」，會中就本公司110/04/27法說會已公開資訊做說明。","233720210427M001.pdf","233720210427E001.pdf","https://www.macronix.com/zh-tw/about/investor-relations/Pages/quarterly-results.aspx","","無","查詢"
"2337","旺宏","110/05/19","13:45","線上法人說明會","本公司受邀參加統一證券舉辦之投資論壇，會中就本公司110/04/27法說會已公開資訊做說明。","233720210427M001.pdf","233720210427E001.pdf","https://www.macronix.com/zh-tw/about/investor-relations/Pages/quarterly-results.aspx","","無","查詢"
"2337","旺宏","110/01/27","16:00","線上法人說明會","旺宏電子2020年第四季營運成果報告","233720210127M001.pdf","233720210127E001.pdf","https://www.macronix.com/zh-tw/about/investor-relations/Pages/quarterly-results.aspx",法說會影音連結資訊:https://www.macronix.com/zh-tw/about/investor-relations/Pages/quarterly-results.aspx ,"無","查詢"
"2337","旺宏","110/01/20","11:00","台北","本公司受邀參加元富證券與證交所舉辦之「重啟後疫情時代的產業新型態論壇」，會中就本公司109/10/26法說會已公開資訊做說明。","233720201026M001.pdf","233720201026E001.pdf","https://www.macronix.com/zh-tw/about/investor-relations/Pages/quarterly-results.aspx","","無","查詢"
"2337","旺宏","110/08/25","09:00","線上法人說明會","本公司受邀參加BofA Securities舉辦之「Tech Innovation Virtual Tour」，會中就本公司110/07/27法說會已公開資訊做說明。","233720210727M001.pdf","233720210727E001.pdf","https://www.macronix.com/zh-tw/about/investor-relations/Pages/quarterly-results.aspx","","無","查詢"
"2337","旺宏","110/08/25","10:50","線上法人說明會","本公司受邀參加群益金鼎證券舉辦之「線上投資論壇」，會中就本公司110/07/27法說會已公開資訊做說明。","233720210727M001.pdf","233720210727E001.pdf","https://www.macronix.com/zh-tw/about/investor-relations/Pages/quarterly-results.aspx","","無","查詢"
"2337","旺宏","110/08/27","10:00","線上法人說明會","本公司受邀參加花旗證券舉辦之「Asia TMT Day」，會中就本公司110/07/27法說會已公開資訊做說明。","233720210727M001.pdf","233720210727E001.pdf","https://www.macronix.com/zh-tw/about/investor-relations/Pages/quarterly-results.aspx","","無","查詢"
"2337","旺宏","110/02/22","09:00","電話會議","本公司受邀參加摩根大通證券舉辦之法人說明會，會中就本公司110/01/27法說會已公開資訊做說明。","233720210127M001.pdf","233720210127E001.pdf","https://www.macronix.com/zh-tw/about/investor-relations/Pages/quarterly-results.aspx","","無","查詢"
"2337","旺宏","110/09/15 至 110/09/17","11:15","線上法人說明會","本公司受邀參加以下法人說明會，會中就本公司已公開資訊做說明：(1)110/09/15受邀參加台新證券舉辦之「台股企業日論壇」；(2)110/09/17受邀參加凱基證券舉辦之「第三季線上投資論壇」；(3)110/09/17 受邀參加永豐金證券舉辦之「第三季產業論壇」。","233720210727M001.pdf","233720210727E001.pdf","https://www.macronix.com/zh-tw/about/investor-relations/Pages/quarterly-results.aspx","","無","查詢"
"2337","旺宏","110/09/06 至 110/09/09","09:00","線上法人說明會","本公司受邀參加以下法人說明會，會中就本公司已公開資訊做說明：(1)110/09/06~110/09/07受邀參加Credit Suisse舉辦之「22nd Credit Suisse Asian Technology Conference」；(2)110/09/09受邀參加Macquarie舉辦之「Asia Tech Virtual Conference」。","233720210727M001.pdf","233720210727E001.pdf","https://www.macronix.com/zh-tw/about/investor-relations/Pages/quarterly-results.aspx","","無","查詢"
"2337","旺宏","110/10/26","16:00","線上法人說明會","旺宏電子2021年第三季營運成果報告","233720211026M001.pdf","233720211026E001.pdf","https://www.macronix.com/zh-tw/about/investor-relations/Pages/quarterly-results.aspx",法說會影音連結資訊:https://www.macronix.com/zh-tw/about/investor-relations/Pages/quarterly-results.aspx ,"無","查詢"
"2337","旺宏","110/10/07","15:50","線上法人說明會","本公司受邀參加QIC舉辦之「10th Taiwan CEO Week」，會中就本公司已公開資訊做說明。","233720210727M001.pdf","233720210727E001.pdf","https://www.macronix.com/zh-tw/about/investor-relations/Pages/quarterly-results.aspx","","無","查詢"
"2337","旺宏","110/07/27","16:00","線上法人說明會","旺宏電子2021年第二季營運成果報告","233720210727M001.pdf","233720210727E001.pdf","https://www.macronix.com/zh-tw/about/investor-relations/Pages/quarterly-results.aspx",法說會影音連結資訊:https://www.macronix.com/zh-tw/about/investor-relations/Pages/quarterly-results.aspx ,"無","查詢"
"2337","旺宏","110/03/15 至 110/03/18","14:00","線上法說會","本公司受邀參加美林證券舉辦之「2021 Asia Pacific Telecom, Media &amp; Technology Conference」，會中就本公司110/01/27法說會已公開資訊做說明。","233720210127M001.pdf","233720210127E001.pdf","https://www.macronix.com/zh-tw/about/investor-relations/Pages/quarterly-results.aspx","","無","查詢"
"2337","旺宏","110/04/27","16:00","線上法人說明會","旺宏電子2021年第一季營運成果報告","233720210427M001.pdf","233720210427E001.pdf","https://www.macronix.com/zh-tw/about/investor-relations/Pages/quarterly-results.aspx",法說會影音連結資訊:https://www.macronix.com/zh-tw/about/investor-relations/Pages/quarterly-results.aspx ,"無","查詢"
"2337","旺宏","110/03/23","10:30","台北","本公司受邀參加統一證券舉辦之投資論壇，會中就本公司110/01/27法說會已公開資訊做說明。","233720210127M001.pdf","233720210127E001.pdf","https://www.macronix.com/zh-tw/about/investor-relations/Pages/quarterly-results.aspx","","無","查詢"
"2337","旺宏","110/11/26","14:15","台北","本公司受邀參加元大證券舉辦之「元大證券2022年投資論壇」，會中就本公司已公開資訊做說明。","233720211026M001.pdf","233720211026E001.pdf","https://www.macronix.com/zh-tw/about/investor-relations/Pages/quarterly-results.aspx","","無","查詢"
"2337","旺宏","110/12/09","14:35","台北","本公司受邀參加國泰證券舉辦之「國泰證券第四季論壇」，會中就本公司已公開資訊做說明。","233720211026M001.pdf","233720211026E001.pdf","https://www.macronix.com/zh-tw/about/investor-relations/Pages/quarterly-results.aspx","","無","查詢"
"2337","旺宏","110/10/27 至 110/10/28","10:20","線上法人說明會","本公司受邀參加QIC舉辦之「10th Taiwan CEO Week」，會中就本公司已公開資訊做說明。","233720211026M001.pdf","233720211026E001.pdf","https://www.macronix.com/zh-tw/about/investor-relations/Pages/quarterly-results.aspx","","無","查詢"
"2338","光罩","110/11/16","14:00","康和綜合證券總公司B2會議室
台北市信義區基隆路一段176號B2","本公司受邀參加康和證券舉辦之法人說明會，說明營運概況及未來展望","233820211116M001.pdf","233820211116E001.pdf","https://www.tmcnet.com.tw/","","無","查詢"
"2340","台亞","110/08/31","16:00","台北六福萬怡酒店 7樓超新星大宴會廳
(台北市南港區忠孝東路七段359號7樓)","本公司舉辦財務業務概況座談會","234020210831M001.pdf","234020210831E001.pdf","https://www.opto.com.tw/inv_1_5.aspx",同步收看網址：:https://youtu.be/0L4k1z0gcOU 法說會影音連結資訊:https://www.opto.com.tw/inv_1_5.aspx ,"無","查詢"
"2340","台亞","110/03/30","16:00","新竹豐邑喜來登大飯店3樓東館宴會I廳
(新竹縣竹北市光明六路東一段265號3樓)","本公司舉辦財務業務概況座談會","234020210329M001.pdf","234020210329E001.pdf","https://www.opto.com.tw/inv_1_5.aspx",同步收看網址：:https://youtu.be/i7m_OZU_gOw 法說會影音連結資訊:https://www.opto.com.tw/inv_1_5.aspx ,"無","查詢"
"2340","台亞","110/07/19","14:00","線上法人座談會","本公司受邀參加凱基證券舉辦之線上法人座談會","234020210716M001.pdf","234020210716E001.pdf","https://www.opto.com.tw/inv_1_5.aspx","","無","查詢"
"2342","茂矽","110/03/17","14:30","台灣證券交易所一樓資訊展示中心
(台北市信義路五段7號1樓)","說明公司109年營運狀況及未來展望","234220210317M001.pdf","234220210317E001.pdf","http://www.mosel.com.tw/investor_1.aspx",同步收看網址：:https://webpro.twse.com.tw/webportal/vod/101/CBC00A5D944D-8235DBC7-86F1-11EB-BB92/?categoryId=101 法說會影音連結資訊:https://webpro.twse.com.tw/webportal/vod/101/CBC00A5D944D-8235DBC7-86F1-11EB-BB92/?categoryId=101 ,"無","查詢"
"2344","華邦電","110/02/19","15:30","線上法說會","本公司舉行109年下半年度法人說明會，將於會中就公司109年下半年度財務數字與營運概況做說明","234420210219M001.pdf","234420210219E001.pdf","https://www.winbond.com/",同步收看網址：:http://wms.gridow.com/ir/winbond/winbond_2020Q4.html 法說會影音連結資訊:http://wms.gridow.com/ir/winbond/winbond_2020Q4.html ,"無","查詢"
"2344","華邦電","110/08/05","14:30","線上法說會","本公司舉行110年上半年度法人說明會，將於會中就公司110年上半年度財務數字與營運概況做說明","234420210811M001.pdf","234420210811E001.pdf","http://www.winbond.com/",同步收看網址：:https://wms.gridow.com/ir/winbond/winbond_1H21.html 法說會影音連結資訊:https://wms.gridow.com/ir/winbond/winbond_1H21.html ,"無","查詢"
"2345","智邦","110/12/15","15:00","電話會議","說明本公司之營運概況及財務相關資訊。","234520220104M001.pdf","234520220104E001.pdf","http://www.accton.com.tw/investor-conference/",法說會影音連結資訊:https://www.accton.com.tw/investor-conference/ ,"無","查詢"
"2347","聯強","110/04/14","15:45","臺北文創(台北市信義區菸廠路88號6F)","(1)本公司將於 110/4/14 參加元富證券第二季台股企業日
(2)主要說明公司業務狀況","234720210412M001.pptx","234720210412E001.pptx","http://www.synnex-grp.com/tw/quarterly-results","","無","查詢"
"2347","聯強","110/08/11","14:00","線上視訊會議","本公司受元大證券邀請參加聯強(2347)線上法人說明會，說明公司業務狀況","234720210812M001.pdf","234720210812E001.pdf","http://www.synnex-grp.com/tw/quarterly-results",同步收看網址：:https://yuantasec.webex.com/yuantasec/j.php?MTID=m8c9dc33b803b20c3fa1b259c806145ff ,"無","查詢"
"2347","聯強","110/04/28","10:00","線上視訊會議","(1)本公司將於 110/4/28 參加凱基-MIT x 現金壓力測試主題式論壇
(2)主要說明公司業務狀況","234720210412M001.pptx","234720210412E001.pptx","http://www.synnex-grp.com/tw/quarterly-results","","無","查詢"
"2347","聯強","110/10/19","10:30","線上視訊會議","(1)本公司將於 110/10/19 參加國泰證券Oct.2021 Cathay Securities Online Symposium
(2)主要說明公司業務狀況","234720210812M001.pdf","234720210812E001.pdf","http://www.synnex-grp.com/tw/quarterly-results","","無","查詢"
"2347","聯強","110/11/15","14:00","台北市民生東路3段75號11樓，同步視訊","本公司受元大證券邀請參加聯強(2347)法人說明會，說明公司業務狀況","234720211115M001.pdf","234720211115E001.pdf","http://www.synnex-grp.com/tw/quarterly-results","","詳細會議資訊請參考本公司官網-投資人關係 (http://www.synnex-grp.com/tw)","查詢"
"2347","聯強","110/10/22","14:30","台北文創(台北市信義區菸廠路88號6樓)","(1)本公司將於 110/10/22 參加元富證券舉辦之2021台股企業日
(2)主要說明公司業務狀況","234720210812M001.pdf","234720210812E001.pdf","http://www.synnex-grp.com/tw/quarterly-results","","無","查詢"
"2348","海悅","110/12/14","14:30","台北市大安區忠孝東路三段1號2樓（億光大樓）","110年第三季營運成果及未來展望","234820211229M001.pdf","234820211229E001.pptx","","","因疫情關係，請於會議進行時全程配戴口罩 ，以維護個人健康。","查詢"
"2349","錸德","110/12/21","14:00","無。","本公司受邀參加華南永昌證券舉辦之法人說明會，說明公司營運現況。","內容檔案於當日會後公告於公開資訊觀測站","內容檔案於當日會後公告於公開資訊觀測站","http://www.ritek.com.tw/","","無。","查詢"
"2349","錸德","110/12/21","14:00","線上法說會","本公司受邀參加華南永昌證券舉辦之線上法人說明會，說明本公司營運概況。","234920211227M001.pdf","234920211227E001.pptx","http://www.ritek.com.tw","","無。","查詢"
"2351","順德","110/01/15","14:00","線上座談會","本公司受邀參加摩根士丹利證券所舉辦之線上法說會-「How EV is Reshaping Auto Supply Chain Series」","235120210114M001.pdf","235120210114E001.pdf","http://www.sdi.com.tw","","無","查詢"
"2351","順德","110/03/24","15:00","線上座談會","本公司受邀參加美國銀行美林證券舉辦之線上法說會-「 BofA Securities 2021 APAC TMT Conference」","235120210323M001.pdf","235120210323E001.pdf","http://www.sdi.com.tw","","無","查詢"
"2351","順德","110/08/24","15:50","線上法說會","本公司受邀參加證交所舉辦之2021年「汽車供應鏈」主題式業績發表會","235120210823M001.pdf","235120210823E001.pdf","http://www.sdi.com.tw","","無","查詢"
"2351","順德","110/06/09","10:00","線上座談會","本公司受邀參加國泰證券舉辦之線上法說會","235120210608M001.pdf","235120210608E001.pdf","http://www.sdi.com.tw","","無","查詢"
"2351","順德","110/02/25","11:00","線上座談會","本公司受邀參加里昂證券所舉辦之線上法說會-「CITIC CLSA Innovation Access Day」","235120210224M001.pdf","235120210224E001.pdf","http://www.sdi.com.tw","","無","查詢"
"2351","順德","110/12/01 至 110/12/02","16:00","線上座談會","本公司受邀參加里昂證券所舉辦之線上法說會-「CLSA Taiwan Market Mover 2022 Access Day」","235120211130M001.pdf","235120211130E001.pdf","http://www.sdi.com.tw","","無","查詢"
"2352","佳世達","110/08/12","15:00","線上法說會","本公司2021年第二季財務結果及業務摘要","235220210812M001.pdf","235220210812E001.pdf","https://www.qisda.com.tw/page.aspx?uid=100",中文影音檔網址:2352_37_20210812_ch.mp4 ,"會議簡報檔案及影音連結將於法人說明會後揭露於公開資訊觀測站。","查詢"
"2352","佳世達","110/05/13","14:00","線上法說會","本公司2021年第一季財務結果及業務摘要","235220210513M001.pdf","235220210513E001.pdf","https://www.qisda.com.tw/page.aspx?uid=100",中文影音檔網址:2352_35_20210513_ch.mp4 ,"會議簡報檔案及影音連結將於法人說明會後揭露於公開資訊觀測站。","查詢"
"2352","佳世達","110/03/25","14:00","線上法說會","本公司2020年第四季財務結果及業務摘要","235220210325M001.pdf","235220210325E001.pdf","https://www.qisda.com.tw/page.aspx?uid=100",同步收看網址：:https://sysage.webex.com/sysage/onstage/g.php?MTID=e10f58a04e541b33cb2d97f9317774cef 法說會影音連結資訊:https://webpro.twse.com.tw/webportal/vod/101/2B12484501D3-70DFD939-8D3A-11EB-AB21/?categoryId=101 ,"會議簡報檔案及影音連結將於法人說明會後揭露於公開資訊觀測站。","查詢"
"2352","佳世達","110/06/09","09:30","線上會議","本公司受邀參加「2021年元大金控線上亞洲投資創富論壇」，說明集團事業領域佈局及營運概況","235220210608M001.pdf","235220210608E001.pdf","https://www.qisda.com.tw","","無","查詢"
"2352","佳世達","110/11/17","14:00","本公司基湖大樓(台北市內湖區基湖路16號)","本公司2021年第三季財務結果及業務摘要","235220211117M001.pdf","235220211117E001.pdf","https://www.qisda.com.tw/page.aspx?uid=100",中文影音檔網址:2352_38_20211117_ch.mp4 ,"會議簡報檔案及影音連結將於法人說明會後揭露於公開資訊觀測站。","查詢"
"2353","宏碁","110/09/07 至 110/09/10","09:00","線上法說會","本公司受邀參加瑞士信貸證券舉辦之Credit Suisse Asian Technology Conference，會中就宏碁之業務狀況說明","235320210906M001.PDF","235320210906E001.pdf","http://www.acer-group.com","","無","查詢"
"2353","宏碁","110/01/06 至 110/01/07","09:00","電話會議","本公司受邀參加瑞信證券舉辦之2021 Greater China 
Technology and Internet Virtual Conference，會中就
宏碁之業務狀況說明","235320201105M003.pdf","235320201105E003.pdf","http://www.acer-group.com","","無","查詢"
"2353","宏碁","110/04/13","14:30","台北文創","本公司受邀參加元富證券舉辦之台股企業日，會中就宏碁之業務狀況說明。","235320210318M003.pdf","235320210318E003.pdf","http://www.acer-group.com","","無","查詢"
"2353","宏碁","110/06/01","14:30","線上會議","本公司受邀參加凱基證券舉辦之法人說明會，會中就宏碁之業務狀況說明。","235320210531M001.pdf","235320210531E001.pdf","http://www.acer-group.com","","無","查詢"
"2353","宏碁","110/06/16","16:00","線上會議","本公司受邀參加交易所與元富證券共同舉辦之「Navigating the New Taiwan Landscape台股領航論壇」線上投資說明會，會中就宏碁之業務狀況說明。","235320210606M002.pdf","235320210606E002.pdf","http://www.acer-group.com","","無","查詢"
"2353","宏碁","110/06/21 至 110/06/22","09:00","線上會議","本公司受邀參加瑞銀證券舉辦之「UBS Taiwan virtual Conference」線上投資說明會，會中就宏碁之業務狀況說明。","235320210606M001.pdf","235320210606E001.pdf","http://www.acer-group.com","","無","查詢"
"2353","宏碁","110/03/22 至 110/03/23","09:00","電話會議","本公司受邀參加美銀證券舉辦之BofA 2021 Asia 
Pacific Telecom, Media &amp; Technology Conference
，會中就宏碁之業務狀況說明","235320210318M001.pdf","235320210318E001.pdf","http://www.acer-group.com","","無","查詢"
"2353","宏碁","110/03/29 至 110/03/31","09:00","電話會議","本公司受邀參加摩根士丹利證券舉辦之摩根士丹利在線香
港峰會Morgan Stanley&#039;s Virtual Hong Kong Summit，
會中就宏碁之業務狀況說明","235320210318M002.pdf","235320210318E002.pdf","http://www.acer-group.com","","無","查詢"
"2353","宏碁","110/04/07 至 110/04/08","09:00","電話會議","本公司受邀參加高盛證券舉辦之交易所與高盛證券共同舉
辦之線上臺灣投資說明會TWSE &amp; GS co-hosted Virtual
Taiwan Corporate Day 2021，會中就宏碁之業務狀況說
明","235320210318M003.pdf","235320210318E003.pdf","http://www.acer-group.com","","無","查詢"
"2353","宏碁","110/10/15","15:00","新北市汐止區新台五路一段88號1樓","本公司受邀參加國泰證券法人說明會，會中就宏碁之業務狀況說明。","235320210906M001.PDF","235320210906E001.pdf","http://www.acer-group.com","","無","查詢"
"2353","宏碁","110/11/11","14:30","台北文創(台北市信義區菸廠路88號6樓)及webex線上轉播","本公司受邀參加元富證券舉辦之台股企業日，會中就宏碁之業務狀況說明","235320211108M001.pdf","235320211108E001.pdf","http://www.acer-group.com","","無","查詢"
"2353","宏碁","110/11/26","11:00","寒舍艾美酒店 (台北市信義區松仁路38號2樓宴會廳)","本公司受邀參加元大證券舉辦之「元大證券2022年投資論壇」，會中就宏碁之業務狀況說明","235320211108M002.pdf","235320211108E002.pdf","http://www.acer-group.com","","無","查詢"
"2354","鴻準","110/03/19 至 110/03/22","09:00","電話會議","本公司受邀參加美銀美林亞太區電信傳媒科技投資峰會，說明本公司營運概況。","235420210317M001.pdf","235420210317E001.pdf","","","無","查詢"
"2355","敬鵬","110/11/26","14:00","康和綜合證券總公司B2會議室 台北市信義區基隆路一段176號B2","公司營運介紹及說明","235520211126M001.pdf","235520211126E001.pdf","","","無","查詢"
"2356","英業達","110/05/21","10:00","電話會議","本公司將受邀參加花旗證券 Regional Tech Conference","235620210514M001.pdf","235620210514E001.pdf","https://www.inventec.com","","無","查詢"
"2356","英業達","110/05/18","10:00","電話會議","本公司將受邀參加Jefferies &amp; Fubon Taiwan Corporate Day","235620210514M002.pdf","235620210514E002.pdf","https://www.inventec.com","","無","查詢"
"2356","英業達","110/08/19","14:00","電話會議","本公司將參加康和證券舉辦之第二季營運實績說明會","235620210813M001.pdf","235620210813E001.pdf","https://www.inventec.com","","無","查詢"
"2356","英業達","110/08/27","10:00","電話會議","本公司將參加花旗證券所舉辦之Asia TMT day","235620210813M001.pdf","235620210813E001.pdf","https://www.inventec.com","","無","查詢"
"2356","英業達","110/01/07","10:00","電話會議","本公司將參加瑞士信貸所舉辦之Greater China Technology and Internet Virtual Conference","235620201113M001.pdf","235620201113E001.pdf","https://www.inventec.com","","無","查詢"
"2356","英業達","110/01/08","14:00","電話會議","本公司將參加凱基證券所舉辦之Asia Tech Conference電話會議","235620201113M001.pdf","235620201113E001.pdf","https://www.inventec.com","","無","查詢"
"2356","英業達","110/09/16","13:30","電話會議","本公司受邀參加瑞銀證券所舉辦之UBS Asia Tech Tour","235620210813M001.pdf","235620210813E001.pdf","https://www.inventec.com","","無","查詢"
"2356","英業達","110/03/30","14:00","電話會議","本公司將受邀參加花旗證券2020第四季法說會電話會議","235620210330M001.pdf","235620210330E001.pdf","https://www.inventec.com","","無","查詢"
"2356","英業達","110/06/22","10:00","電話會議","本公司將受邀參加瑞士銀行所舉辦之UBS Taiwan Virtual Conference電話會議","235620210514M001.pdf","235620210514E001.pdf","https://www.inventec.com","","無","查詢"
"2356","英業達","110/06/30","10:00","電話會議","本公司將參加Fubon/Jefferies所舉辦之Asia Tech  Virtual Meeting","235620210514M001.pdf","235620210514E001.pdf","https://www.inventec.com","","無","查詢"
"2356","英業達","110/09/07","10:00","電話會議","本公司將參加瑞士信貸所舉辦之Asian Technology Conference","235620210813M001.pdf","235620210813E001.pdf","https://www.inventec.com","","無","查詢"
"2356","英業達","110/02/24","11:00","線上或電話會議","本公司將參加野村證券所舉辦之Asia Tech  Virtual Meeting","235620201113M001.pdf","235620201113E001.pdf","https://www.inventec.com","","無","查詢"
"2356","英業達","110/03/03","09:00","線上或電話會議","本公司將參加Fubon/Jefferies所舉辦之Asia Tech  Virtual Meeting","235620201113M001.pdf","235620201113E001.pdf","https://www.inventec.com","","無","查詢"
"2356","英業達","110/11/24","14:00","西華飯店(台北市松山區民生東路三段111號)","本公司受邀參加群益證券所舉辦之科技論壇","235620211112M001.pdf","235620211112E001.pdf","https://www.inventec.com","","無","查詢"
"2356","英業達","110/03/09","17:00","線上或電話會議","本公司將參加Fubon/Jefferies所舉辦之APAC Tech  Virtual Meeting","235620201113M001.pdf","235620201113E001.pdf","https://www.inventec.com","","無","查詢"
"2356","英業達","110/03/15 至 110/03/16","10:00","線上或電話會議","本公司將參加美銀美林證券所舉辦之APAC TMT Conference","235620201113M001.pdf","235620201113E001.pdf","https://www.inventec.com","","無","查詢"
"2356","英業達","110/07/06","10:00","電話會議","本公司將參加Macquarie麥格理證&#21173;所舉辦之Taiwan Tech Day","235620210514M001.pdf","235620210514E001.pdf","http://www.inventec.com","","無","查詢"
"2356","英業達","110/11/12","14:00","電話會議","本公司受邀參加花旗證券所舉辦之第三季營運實績說明會","235620211112M001.pdf","235620211112E001.pdf","https://www.inventec.com","","無","查詢"
"2356","英業達","110/11/30","14:00","電話會議","本公司受邀參加花旗證券所舉辦之Citi Taiwan Corporate Day","235620211112M001.pdf","235620211112E001.pdf","htttps://www.inventec.com","","無","查詢"
"2357","華碩","110/09/09","09:00","線上會議","向法人說明產業狀況與本公司經營績效","235720210811M001.pdf","235720210811E001.pdf","https://www.asus.com/tw/Pages/Investor/","","無","查詢"
"2357","華碩","110/05/12","16:00","本次為線上會議","1.說明110年第1季營運結果。 
2.報告品牌業務近況及公司願景。","235720210512M001.pdf","235720210512E001.pdf","https://www.asus.com/tw/Pages/Investor/",同步收看網址：:https://webcasts.asia.eqs.com/asus21q1 法說會影音連結資訊:https://webcasts.asia.eqs.com/register/asus21q1/tc ,"內容檔案於當日會後公告於公開資訊觀測站","查詢"
"2357","華碩","110/08/11","16:00","本次為線上會議","1.說明110年第2季營運結果。 
2.報告品牌業務近況及公司願景。","235720210811M001.pdf","235720210811E001.pdf","https://www.asus.com/tw/Pages/Investor/",同步收看網址：:https://asia.webcast-eqs.com/register/asus21q2/zh 法說會影音連結資訊:https://asia.webcast-eqs.com/asus21q2/tc ,"無","查詢"
"2357","華碩","110/09/02","15:00","線上會議","向法人說明產業狀況與本公司經營績效","235720210811M001.pdf","235720210811E001.pdf","https://www.asus.com/tw/Pages/Investor/","","無","查詢"
"2357","華碩","110/06/22","14:00","線上會議","向法人說明產業狀況與本公司經營績效","235720210512M001.pdf","235720210512E001.pdf","https://www.asus.com/tw/Pages/Investor/","","無","查詢"
"2357","華碩","110/03/18","09:00","本次為電話會議","向法人說明產業狀況與本公司經營績效","235720210317M001.pdf","235720210317E001.pdf","https://www.asus.com/tw/Pages/Investor/","","無","查詢"
"2357","華碩","110/03/30","09:00","線上會議","向法人說明產業狀況與本公司經營績效","235720210317M001.pdf","235720210317E001.pdf","https://www.asus.com/tw/Pages/Investor/","","無","查詢"
"2357","華碩","110/11/10","16:00","本次為線上會議","1.說明110年第3季營運結果。 
2.報告品牌業務近況及公司願景。","235720211110M001.pdf","235720211110E001.pdf","https://www.asus.com/tw/Pages/Investor/",同步收看網址：:https://asia.webcast-eqs.com/register/asus21q3/zh 法說會影音連結資訊:https://asia.webcast-eqs.com/register/asus21q3/en ,"無","查詢"
"2357","華碩","110/02/26","15:00","電話會議","向法人說明產業狀況與本公司經營績效","235720201111M001.pdf","235720201111E001.pdf","https://www.asus.com/tw/Pages/Investor/","","無","查詢"
"2357","華碩","110/03/17","16:00","本次為線上會議","1.說明109年第4季營運結果。 
2.報告品牌業務近況及公司願景。","235720210317M001.pdf","235720210317E001.pdf","https://www.asus.com/tw/Pages/Investor/",同步收看網址：:https://webcasts.asia.eqs.com/register/asus20q4/zh 法說會影音連結資訊:https://webcasts.asia.eqs.com/register/asus20q4/zh ,"內容檔案於當日會後公告於公開資訊觀測站","查詢"
"2357","華碩","110/11/30","15:00","線上會議","向法人說明產業狀況與本公司經營績效。","235720211110M001.pdf","235720211110E001.pdf","https://www.asus.com/tw/Pages/Investor/","","無","查詢"
"2359","所羅門","110/08/31","15:00","線上法說會","本公司受邀參加統一證券所舉辦之法說會「統一證券第三季投資展望論壇」, 說明本公司之營運概況及營運展望。","235920210831M001.pdf","235920210831E001.pdf","","","報名請洽統一證郭小姐(02)2747-8266 #3784, Email:angeline.kuo@uni-psg.com","查詢"
"2360","致茂","110/05/20","09:00","電話會議","本公司受邀參加花旗證券舉辦之Citi Regional Tech Conference 2021，向投資人說明本公司2021年第1季之營運概況。","236020210429M001.pdf","236020210429E001.pdf","http://www.chromaate.com","","無","查詢"
"2360","致茂","110/05/21","09:00","電話會議","本公司受邀參加康和證券舉辦之2H21趨勢論壇，向投資人說明本公司2021年第1季之營運概況。","236020210429M001.pdf","236020210429E001.pdf","http://www.chromaate.com","","無","查詢"
"2360","致茂","110/04/28","14:30","線上法說會","2021年第一季營運結果","236020210429M001.pdf","236020210429E001.pdf","http://www.chromaate.com",同步收看網址：:http://www.zucast.com/webcast/gGi0mU3L 法說會影音連結資訊:https://www.youtube.com/watch?v=0AWgtJmTNTw ,"無","查詢"
"2360","致茂","110/01/06 至 110/01/07","09:00","電話會議","本公司受邀參加“Citi Virtual NDR”，向投資人說明本公司2020年第3季之營運概況。","236020201029M001.pdf","236020201029E001.pdf","http://www.chromaate.com","","無","查詢"
"2360","致茂","110/01/08","09:00","電話會議","本公司受邀參加“Credit Suisse 2021 Greater China Technology and Internet Virtual Conference”，向投資人說明本公司2020年第3季之營運概況。","236020201029M001.pdf","236020201029E001.pdf","http://www.chromaate.com","","無","查詢"
"2360","致茂","110/08/27","14:00","電話會議","本公司受邀參加花旗證券舉辦之Citi Asia TMT Day 2021，向投資人說明本公司2021年第2季之營運概況。","236020210729M001.pdf","236020210729E001.pdf","http://www.chromaate.com","","無","查詢"
"2360","致茂","110/09/06","10:00","電話會議","本公司受邀參加瑞士信貸舉辦之22nd Credit Suisse Asian Technology Conference，向投資人說明本公司2021年第2季之營運概況。","236020210729M001.pdf","236020210729E001.pdf","http://www.chromaate.com","","無","查詢"
"2360","致茂","110/07/29","14:30","電話會議","2021年第二季營運結果","236020210729M001.pdf","236020210729E001.pdf","http://www.chromaate.com",法說會影音連結資訊:https://www.chromaate.com/tw/investors/quarterly_results ,"無","查詢"
"2360","致茂","110/02/25","14:30","電話會議","2020年第四季營運結果","236020210225M001.pdf","236020210225E001.pdf","http://www.chromaate.com",法說會影音連結資訊:https://www.chromaate.com/tw/investors/quarterly_results ,"無","查詢"
"2360","致茂","110/09/14","13:30","線上法說會","本公司受邀參加元大證券舉辦之Taiwan Market Seoul On-line Conference，向投資人說明本公司2021年第2季之營運概況。","236020210729M001.pdf","236020210729E001.pdf","http://www.chromaate.com","","無","查詢"
"2360","致茂","110/03/15 至 110/03/16","09:00","電話會議","本公司受邀參加美林證券舉辦之2021 APAC TMT Conference，向投資人說明本公司2020年第4季之營運概況。","236020210225M001.pdf","236020210225E001.pdf","http://www.chromaate.com","","無","查詢"
"2360","致茂","110/10/28","14:30","電話會議","2021年第三季營運結果","236020211028M001.pdf","236020211028E001.pdf","http://www.chromaate.com",法說會影音連結資訊:https://www.chromaate.com/tw/investors/quarterly_results ,"無","查詢"
"2360","致茂","110/11/10 至 110/11/11","11:00","電話會議","本公司受邀參加摩根大通證券舉辦之J.P. Morgan 2021 Global TMT Conference in Asia，向投資人說明本公司2021年第3季之營運概況。","236020211103M001.pdf","236020211103E001.pdf","http://www.chromaate.com","","無","查詢"
"2360","致茂","110/11/18","09:00","電話會議","本公司受邀參加摩根士丹利證券舉辦之Morgan Stanley Twentieth Annual Asia Pacific Summit，向投資人說明本公司2021年第3季之營運概況。","236020211103M001.pdf","236020211103E001.pdf","http://www.chromaate.com","","無","查詢"
"2360","致茂","110/11/30","14:00","電話會議","本公司受邀參加花旗證券舉辦之Citi Taiwan Corporate Day 2021，向投資人說明本公司2021年第3季之營運概況。","236020211103M001.pdf","236020211103E001.pdf","http://www.chromaate.com","","無","查詢"
"2362","藍天","110/08/27","14:30","WebEx線上會議(報名取得會議連結)","本公司受邀參加統一證券舉辦之線上法人說明會，說明本公司財務及營運概況","236220210827M001.pdf","236220210827E001.pdf","https://www.clevo.com.tw","","無","查詢"
"2362","藍天","110/03/29","14:30","台北市忠孝西路一段6號7樓 B會議室","福邦證券舉辦法人說明會 說明本公司財務及營運概況","236220210329M001.pdf","236220210329E001.pdf","http://www.clevo.com.tw","","本法說會於下午2:00可開始進場，因應防疫措施，請參加者全程配戴口罩並配合測量額溫。","查詢"
"2362","藍天","110/06/30","14:30","WebEx線上會議(報名取得會議連結)","本公司受邀參加統一證券舉辦之線上法人說明會，說明本公司財務及營運概況","236220210630M001.pdf","236220210630E001.pdf","https://www.clevo.com.tw","","無","查詢"
"2362","藍天","110/12/23","14:30","台北市松山區東興路8號","統一證券舉辦法人說明會 說明本公司財務及營運概況","236220211223M001.pdf","236220211223E001.pdf","https://www.clevo.com.tw/","","本法說會於下午2:00可開始進場，因應防疫措施，請參加者全程配戴口罩並配合測量額溫。","查詢"
"2363","矽統","110/11/12","15:00","線上法說會","本公司受邀參加由宏遠證券所舉辦之「IC設計產業座談會」，報告本公司110年前三季營運狀況。","236320211112M001.pdf","236320211112E001.pdf","http://www.sis.com.tw","","完整財務業務資訊請至公開資訊觀測站之法人說明會一覽表或法說會項目下查閱。","查詢"
"2364","倫飛","110/11/19","14:30","線上法人說明會","1.公司簡介
2.營運概況
3.財務報告
4.Ｑ＆Ａ","236420211118M001.pdf","236420211118E001.pdf","",同步收看網址：:http://www.zucast.com/webcast/qB6O6Pct 法說會影音連結資訊:http://www.zucast.com/webcast/qB6O6Pct ,"無","查詢"
"2365","昆盈","110/11/18","14:30","新北市三重區重新路五段492號(本公司一樓會議室)","公司營運概況報告","236520211118M001.pdf","236520211118E001.pdf","http://tw.geniusnet.com/investor",法說會影音連結資訊:https://youtu.be/ZySJkwsTguw ,"無","查詢"
"2367","燿華","110/11/11","15:45","線上法說會","本公司受邀參加元富證券舉辦之線上法說會","236720211111M001.pdf","236720211111E001.pdf","https://www.pcbut.com.tw","","無","查詢"
"2368","金像電","110/09/14","14:30","線上法人說明會","本公司受邀參加元富證券舉辦之線上【2021年9月台股企業日】","236820210914M001.pptx","236820210914E001.pptx","https://www.gce.com.tw/legal.html","","無","查詢"
"2368","金像電","110/03/30","14:00","電話會議","本公司受邀參加高盛證券舉辦之線上臺灣投資說明會","236820210330M001.pptx","236820210330E001.pptx","https://www.gce.com.tw/legal.html","","無","查詢"
"2368","金像電","110/06/23","10:00","電話會議","本公司受邀參加瑞銀證券台灣企業論壇之線上說明會","236820210623M002.pptx","236820210623E002.pptx","https://www.gce.com.tw/legal.html","","無","查詢"
"2368","金像電","110/11/16","14:30","電話會議","本公司受邀參加UBS瑞銀證券投資論壇","236820211116M001.pptx","236820211116E001.pptx","https://www.gce.com.tw/legal.html","","無","查詢"
"2369","菱生","110/11/25","14:30","線上法人說明會","本公司受邀參加中國信託綜合證券舉辦之線上法人說明會","236920211125M001.pdf","236920211125E001.pdf","","","無","查詢"
"2371","大同","110/08/20","14:30","台北市中山區中山北路三段22號
(大同公司北設工大樓18樓)","本公司財務暨營運報告。
(配合政府防疫政策，室內與會人數需於50人以內。煩請事先報名，額滿為止：黃莉芬小姐 02-2592-5252#2687)","237120210820M001.pdf","237120210820E001.pdf","http://www.tatung.com.tw/Content/corporate-report.asp",法說會影音連結資訊:http://www.tatung.com.tw/Content/a_20210820.asp ,"相關財務業務資訊請至公開資訊觀測站之法人說明會一覽表及本公司網站查閱。","查詢"
"2373","震旦行","110/08/12","14:00","台北市信義路五段2號16樓會議室(震旦國際大樓)","說明本公司2021年第二季營運概況","237320210810M001.pdf","237320210810E001.pdf","https://www.aurora.com.tw/event-information",同步收看網址：:https://www.youtube.com/watch?v=k9ePgqbiMlo 法說會影音連結資訊:https://www.aurora.com.tw/event-information ,"無","查詢"
"2373","震旦行","110/11/12","14:00","線上法說會","說明本公司2021年第三季營運概況","237320211111M001.pdf","237320211111E001.pdf","https://www.aurora.com.tw/event-information",同步收看網址：:https://www.youtube.com/watch?v=sP2Fd69ROcE 法說會影音連結資訊:https://www.aurora.com.tw/event-information ,"無","查詢"
"2374","佳能","110/11/22","14:30","線上法人說明會","公司營運概況說明","237420211122M001.pdf","237420211122E001.pdf","http://www.abilitycorp.com.tw",同步收看網址：:http://www.zucast.com/webcast/IbIoJYYT 法說會影音連結資訊:http://www.zucast.com/webcast/IbIoJYYT ,"無。","查詢"
"2375","凱美","110/11/26","14:30","線上法人說明會-Webex","本公司受邀參加凱基證券舉辦之線上法人說明會，說明本公司營運概況","237520211126M001.ppt","237520211126E001.pdf","","","無","查詢"
"2376","技嘉","110/03/05","16:00","線上法說會","本公司受邀參加國泰證券舉辦之線上法人說明會，就公司營運概況等說明。","237620210304M001.pdf","237620210304E001.pdf","http://www.gigabyte.tw/Investor/83","","無","查詢"
"2376","技嘉","110/10/07","14:30","線上法說會","本公司受邀參加國泰證券舉辦之線上法人說明會，就公司營運概況等說明。","237620211012M001.pdf","237620211012E001.pdf","http://www.gigabyte.tw/Investor/83","","無","查詢"
"2377","微星","110/03/23","14:00","網路直播","本公司將舉辦2020年第四季線上法人說明會，說明本公司營運狀況。 報名網址：https://www.irpro.co/webcast/index.php?eventid=32","237720210323M001.pdf","237720210323E001.pdf","http://tw.msi.com",同步收看網址：:https://www.irpro.co/webcast/index.php?eventid=32 法說會影音連結資訊:https://youtu.be/SAm7I89irO8 ,"無","查詢"
"2379","瑞昱","110/06/09 至 110/06/10","11:10","線上法說會","公告本公司110年06月09日受邀參加永豐金證券舉辦之「2021年第二季線上論壇」以及110年06月10日國泰證券舉辦之「國泰證第二季產業論壇」，會中就本公司之財務業務相關資訊說明","237920210505M001.pdf","237920210505E001.pdf","https://www.realtek.com","","無","查詢"
"2379","瑞昱","110/02/02","15:00","網路直播","瑞昱半導體將於2月2日(二)舉行2020年第四季線上法人說明會，下午3:00pm - 3:45pm為中文時段、3:45pm - 4:30pm為英文時段。請連結至以下直播網址：http://www.zucast.com/webcast/i5ORN63z
建議參與者於法說會前安裝或升級所需播放軟體，或至http://www.zucast.com/help 尋求技術支援。","237920210202M001.pdf","237920210202E001.pdf","https://www.realtek.com",同步收看網址：:http://www.zucast.com/webcast/i5ORN63z 法說會影音連結資訊:https://www.realtek.com/zh-tw/investor-relations/ir-analysts-meeting/quarterly-earning-release ,"無","查詢"
"2379","瑞昱","110/05/05","15:00","網路直播","瑞昱半導體將於5月5日(三)舉行2021年第一季線上法人說明會，下午3:00pm - 3:45pm為中文時段、3:45pm - 4:30pm為英文時段。請連結至以下直播網址：http://www.zucast.com/webcast/Qay110nb建議參與者於法說會前安裝或升級所需播放軟體，或至http://www.zucast.com/help 尋求技術支援。","237920210505M001.pdf","237920210505E001.pdf","https://www.realtek.com",同步收看網址：:http://www.zucast.com/webcast/Qay110nb 法說會影音連結資訊:https://www.realtek.com/zh-tw/investor-relations/ir-analysts-meeting/quarterly-earning-release ,"無","查詢"
"2379","瑞昱","110/06/16 至 110/06/22","09:00","線上法說會","公告本公司110年06月16日受邀參加證交所與元富證券舉辦之「2021年台股領航論壇 線上法人說明會」以及110年06月22日UBS舉辦之2021年台灣線上論壇，會中就本公司之財務業務相關資訊說明","237920210505M001.pdf","237920210505E001.pdf","https://www.realtek.com","","無","查詢"
"2379","瑞昱","110/09/07 至 110/09/15","09:00","線上法說會","公告本公司受邀參加Credit Suisse、永豐金證券、CLSA舉辦之投資人線上論壇，會中就本公司之財務業務相關資訊說明","237920210830M001.pdf","237920210830E001.pdf","","","無","查詢"
"2379","瑞昱","110/09/14","14:30","臺北文創","公告本公司受邀參加110/09/14元富證券舉辦之台股企業日，會中就本公司之財務業務相關資訊說明。","237920210830M001.pdf","237920210830E001.pdf","","","無","查詢"
"2379","瑞昱","110/10/12","09:00","線上法說會","公告本公司受邀參加110/10/12野村投信舉辦之線上論壇(Taiwan Corporate Day 2021)，會中就本公司之財務業務相關資訊說明","237920210830M001.pdf","237920210830E001.pdf","","","無","查詢"
"2379","瑞昱","110/07/26","15:00","網路直播","瑞昱半導體將於7月26日(一)舉行2021年第二季線上法人說明會，下午3:00pm - 3:45pm為中文時段、3:45pm - 4:30pm為英文時段。請連結至以下直播網址：http://www.zucast.com/webcast/UXzoPKJx建議參與者於法說會前安裝或升級所需播放軟體，或至http://www.zucast.com/help 尋求技術支援。","237920210726M001.pdf","237920210726E001.pdf","https://www.realtek.com",同步收看網址：:http://www.zucast.com/webcast/UXzoPKJx 法說會影音連結資訊:https://www.realtek.com/zh-tw/investor-relations/ir-analysts-meeting/quarterly-earning-release ,"無","查詢"
"2379","瑞昱","110/10/29","15:00","網路直播","瑞昱半導體將於10月29日(五)舉行2021年第三季線上法人說明會，下午3:00pm - 3:45pm為中文時段、3:45pm - 4:30pm為英文時段。請連結至以下直播網址：http://www.zucast.com/webcast/fSzJez20建議參與者於法說會前安裝或升級所需播放軟體，或至http://www.zucast.com/help 尋求技術支援。","237920211029M001.pdf","237920211029E001.pdf","https://www.realtek.com",同步收看網址：:http://www.zucast.com/webcast/fSzJez20 法說會影音連結資訊:https://www.realtek.com/zh-tw/investor-relations/ir-analysts-meeting/quarterly-earning-release ,"無","查詢"
"2379","瑞昱","110/08/30","09:00","線上法說會","公告本公司110年08月30日受邀參加Citi舉辦之「Asia TMT Day 2021」，會中就本公司之財務業務相關資訊說明","237920210830M001.pdf","237920210830E001.pdf","","","無","查詢"
"2379","瑞昱","110/11/10 至 110/11/17","09:00","線上法說會","公告本公司受邀參加J.P. Morgan和Morgan Stanley舉辦之投資人線上論壇，會中就本公司之財務業務相關資訊說明","237920211029M001.pdf","237920211029E001.pdf","","","無","查詢"
"2379","瑞昱","110/12/01","09:00","線上法說會","公告本公司受邀參加Citi舉辦之Taiwan Corporate Day，會中就本公司之財務業務相關資訊說明","237920211126M001.pdf","237920211126E001.pdf","","","無","查詢"
"2380","虹光","110/11/26","14:00","新竹科學工業園區研新一路20號","公司營運狀況說明","238020211129M001.pdf","238020211129E001.pdf","https://www.avision.com/motion.asp?menuid=10168&amp;lgid=1&amp;siteid=100407",法說會影音連結資訊:https://www.avision.com/motion.asp?menuid=10168&lgid=1&siteid=100407 ,"無","查詢"
"2382","廣達","110/09/09","09:00","電話會議","本公司受邀參加麥格理證券舉辦之線上論壇「Macquarie Asia Tech Virtual Conference 2021」，說明本公司營運概況。","238220210813M001.pdf","238220210813E001.pdf","http://www.quantatw.com","","詳細資料請詳公開資訊觀測站及本公司網站","查詢"
"2382","廣達","110/09/07 至 110/09/08","09:00","電話會議","本公司受邀參加瑞士信貸所舉辦之「The 22nd Credit Suisse Asian Technology Conference」電話會議，就本公司目前之營運概況，作回顧及展望說明。","238220210813M001.pdf","238220210813E001.pdf","http://www.quantatw.com","","詳細資料請詳公開資訊觀測站及本公司網站","查詢"
"2382","廣達","110/05/13","16:00","線上電話會議","本公司受UBS邀請參加&quot;110年第一季營運成果線上電話說明會”","238220210513M001.pdf","238220210513E001.pdf","http://www.quantatw.com","","詳細資料請詳當日公開資訊觀測站及本公司網站。","查詢"
"2382","廣達","110/05/25 至 110/05/27","09:00","電話會議","本公司受邀參加CLSA舉辦之&quot;CLSA Virtual Forum&quot; 線上投資論壇就本公司目前之營運概況，作回顧及展望說明","238220210513M001.pdf","238220210513E001.pdf","http://www.quantatw.com","","詳細資料請詳公開資訊觀測站及本公司網站","查詢"
"2382","廣達","110/08/13","15:00","線上電話會議","本公司受CLST邀請參加&quot;110年第二季營運成果線上電話說明會”","238220210813M001.pdf","238220210813E001.pdf","http://www.quantatw.com","","詳細資料請詳當日公開資訊觀測站及本公司網站。","查詢"
"2382","廣達","110/05/18","09:00","電話會議","本公司受邀參加Jefferies和富邦證券共同舉辦之&quot;Jefferies &amp; Fubon Virtual Taiwan Corporate Day&quot; 線上投資論壇就本公司目前之營運概況，作回顧及展望說明","238220210513M001.pdf","238220210513E001.pdf","http://www.quantatw.com","","詳細資料請詳公開資訊觀測站及本公司網站","查詢"
"2382","廣達","110/05/24","09:00","電話會議","本公司受邀參加花旗證券舉辦之&quot;Citi Regional Tech Conference&quot; 線上投資論壇就本公司目前之營運概況，作回顧及展望說明","238220210513M001.pdf","238220210513E001.pdf","http://www.quantatw.com","","詳細資料請詳公開資訊觀測站及本公司網站","查詢"
"2382","廣達","110/02/23","09:00","電話會議","本公司受邀參加J.P. Morgan所舉辦之&quot;Taiwan CEO-CFO Conference 2021 Virtual&quot; 線上投資論壇就本公司目前之營運概況，作回顧及展望說明","238220201113M001.pdf","238220201113E001.pdf","http://www.quantatw.com","","詳細資料請詳公開資訊觀測站及本公司網站","查詢"
"2382","廣達","110/08/24 至 110/08/25","09:00","電話會議","本公司受邀參加美銀證券所舉辦之線上路演(Virtual NDR)就本公司目前之營運概況，作回顧及展望說明","238220210813M001.pdf","238220210813E001.pdf","http://www.quantatw.com","","詳細資料請詳公開資訊觀測站及本公司網站","查詢"
"2382","廣達","110/06/22","09:00","電話會議","本公司受邀參加瑞銀證券所舉辦之「UBS Taiwan Virtual Conference 2021」線上投資論壇就本公司目前之營運概況，作回顧及展望說明","238220210513M001.pdf","238220210513E001.pdf","http://www.quantatw.com","","詳細資料請詳公開資訊觀測站及本公司網站","查詢"
"2382","廣達","110/06/08 至 110/06/09","09:00","電話會議","本公司受邀參加國泰證券舉辦之線上投資論壇就本公司目前之營運概況，作回顧及展望說明","238220210513M001.pdf","238220210513E001.pdf","http://www.quantatw.com","","詳細資料請詳公開資訊觀測站及本公司網站","查詢"
"2382","廣達","110/11/12","14:00","線上電話會議","本公司受UBS邀請參加&quot;110年第三季營運成果線上電話說明會”","238220211112M001.pdf","238220211112E001.pdf","http://www.quantatw.com","","詳細資料請詳當日公開資訊觀測站及本公司網站。","查詢"
"2382","廣達","110/11/17 至 110/11/18","09:00","電話會議","本公司受邀參加 Morgan Stanley所舉辦之Virtual Asia Pacific Summit，就本公司目前之營運概況，作回顧及展望說明。","238220211112M001.pdf","238220211112E001.pdf","http://www.quantatw.com","","詳細資料請詳公開資訊觀測站及本公司網站","查詢"
"2382","廣達","110/11/19","09:00","電話會議","本公司受邀參加J.P. Morgan Global TMT Conference (Virtual Meetings)，就本公司目前之營運概況，作回顧及展望說明。","238220211112M001.pdf","238220211112E001.pdf","http://www.quantatw.com","","詳細資料請詳公開資訊觀測站及本公司網站","查詢"
"2382","廣達","110/10/26","09:00","電話會議","本公司受邀參加野村證券所舉辦之Virtual Taiwan Corporate Day 2021，就本公司目前之營運概況，作回顧及展望說明","238220210813M001.pdf","238220210813E001.pdf","http://www.quantatw.com","","詳細資料請詳公開資訊觀測站及本公司網站","查詢"
"2382","廣達","110/09/02","10:00","電話會議","本公司受邀參加2021富邦線上投資論壇，就本公司目前之營運概況，作回顧及展望說明。","238220210813M001.pdf","238220210813E001.pdf","http://www.quantatw.com","","詳細資料請詳公開資訊觀測站及本公司網站","查詢"
"2382","廣達","110/03/09 至 110/03/10","09:00","電話會議","本公司受邀參加花旗證券所舉辦之&quot;Taiwan Corporate Day 2021 Virtual&quot; 線上投資論壇就本公司目前之營運概況，作回顧及展望說明","238220191113M001.pdf","238220191113E001.pdf","http://www.quantatw.com","","詳細資料請詳公開資訊觀測站及本公司網站","查詢"
"2382","廣達","110/11/30 至 110/12/01","09:00","電話會議","本公司受邀參加花旗銀行舉辦之 Taiwan Corporate Day 2021 (Virtual)電話會議，說明本公司營運概況","238220211112M001.pdf","238220211112E001.pdf","http://www.quantatw.com","","詳細資料請詳公開資訊觀測站及本公司網站","查詢"
"2382","廣達","110/12/02","14:30","台北寒舍艾美酒店","本公司受邀參加永豐金證券舉辦之&quot;永豐金證券第四季產業投資論壇&quot;就本公司目前之營運概況，作回顧及展望說明","238220211112M001.pdf","238220211112E001.pdf","http://www.quantatw.com","","詳細資料請詳公開資訊觀測站及本公司網站","查詢"
"2383","台光電","110/05/18","13:30","電話會議","本公司受邀參加 Jefferies &amp; Fubon 舉辦之 Taiwan Corporate Day","238320210513M001.pdf","238320210513E001.pdf","http://www.emctw.com","","無","查詢"
"2383","台光電","110/04/16","11:00","電話會議","本公司受邀參加野村證券舉辦之線上法說會","238320210305M001.pdf","238320210305E001.pdf","http://www.emctw.com","","無","查詢"
"2383","台光電","110/08/10","14:30","電話會議","本公司受邀參加元富證券舉辦之「2021年台股企業日」","238320210805M001.pptx","238320210805E001.pptx","http://www.emctw.com","","無","查詢"
"2383","台光電","110/08/13","14:00","電話會議","本公司受邀參加大和證券舉辦之線上法人說明會","238320210805M001.pptx","238320210805E001.pptx","http://www.emctw.com","","無","查詢"
"2383","台光電","110/08/17","14:00","電話會議","本公司受邀參加統一證券舉辦之第三季投資展望論壇線上法人說明會","238320210805M001.pptx","238320210805E001.pptx","http://www.emctw.com","","無","查詢"
"2383","台光電","110/08/06","14:00","電話會議","本公司受邀參加美商高盛亞洲證券有限公司舉辦之線上法人說明會","238320210805M001.pptx","238320210805E001.pptx","http://www.emctw.com","","無","查詢"
"2383","台光電","110/05/20 至 110/05/21","09:00","電話會議","本公司受邀參加花旗證券舉辦之 Regional Tech Conference 2021","238320210513M001.pdf","238320210513E001.pdf","http://www.emctw.com","","無","查詢"
"2383","台光電","110/01/22","13:30","電話會議","本公司受邀參加美商高盛亞洲證券舉辦之線上法說會","238320210121M001.pdf","238320210121E001.pdf","http://www.emctw.com","","無","查詢"
"2383","台光電","110/02/22","09:00","電話會議","本公司受邀參加摩根大通舉辦之線上法說會","238320210121M001.pdf","238320210121E001.pdf","http://www.emctw.com","","無","查詢"
"2383","台光電","110/04/09","15:00","電話會議","本公司受邀參加美商高盛亞洲證券舉辦之「GS &amp; TWSE Taiwan Corporate Day」","238320210305M001.pdf","238320210305E001.pdf","http://www.emctw.com","","無","查詢"
"2383","台光電","110/08/23","15:30","電話會議","本公司受邀參加&#29319;亞證券舉辦之線上法人說明會","238320210805M001.pptx","238320210805E001.pptx","http://www.emctw.com","","無","查詢"
"2383","台光電","110/06/09","14:15","電話會議","本公司受邀參加元大證券舉辦之「元大2021年線上創富論壇」","238320210513M001.pdf","238320210513E001.pdf","http://www.emctw.com","","無","查詢"
"2383","台光電","110/06/24","14:00","電話會議","本公司受邀參加凱基證券舉辦之線上法人說明會","238320210513M001.pdf","238320210513E001.pdf","http://www.emctw.com","","無","查詢"
"2383","台光電","110/03/11","14:30","臺北文創(台北市信義區菸廠路88號6樓)","本公司受邀參加元富證券舉辦之2021年3月台股企業日","238320210305M001.pdf","238320210305E001.pdf","http://www.emctw.com","","無","查詢"
"2383","台光電","110/06/22","10:00","電話會議","本公司受邀參加瑞銀證券舉辦之「Taiwan Virtual Conference 2021」","238320210513M001.pdf","238320210513E001.pdf","http://www.emctw.com","","無","查詢"
"2383","台光電","110/03/15 至 110/03/16","11:00","電話會議","本公司受邀參加 BofA Merrill Lynch 舉辦之線上法說會","238320210305M001.pdf","238320210305E001.pdf","http://www.emctw.com","","無","查詢"
"2383","台光電","110/03/17","14:30","電話會議","本公司受邀參加元大證券舉辦之「元大2021投資展望說明會」","238320210305M001.pdf","238320210305E001.pdf","http://www.emctw.com","","無","查詢"
"2383","台光電","110/03/23","10:30","台北 W 飯店
台北市忠孝東路五段10號","本公司受邀參加統一證券舉辦之「牛轉乾坤展望論壇」","238320210305M001.pdf","238320210305E001.pdf","http://www.emctw.com","","無","查詢"
"2383","台光電","110/03/19","09:40","張榮發國際會議中心","本公司受邀參加凱基證券舉辦之「凱基證2021年第一季投資論壇」","238320210305M001.pdf","238320210305E001.pdf","http://www.emctw.com","","無","查詢"
"2383","台光電","110/08/25","15:30","電話會議","本公司受邀參加兆豐證券舉辦之線上法人說明會","238320210805M001.pptx","238320210805E001.pptx","http://www.emctw.com","","無","查詢"
"2383","台光電","110/08/27","10:00","電話會議","本公司受邀參加花旗證券舉辦之線上法人說明會","238320210805M001.pptx","238320210805E001.pptx","http://www.emctw.com","","無","查詢"
"2383","台光電","110/06/16","13:30","電話會議","本公司受邀參加臺灣證券交易所與元富證券舉辦之「2021年 台股領航論壇 線上法人說明會」","238320210513M001.pdf","238320210513E001.pdf","http://www.emctw.com","","無","查詢"
"2383","台光電","110/06/11","13:30","電話會議","本公司受邀參加高盛證券舉辦之「Virtual Taiwan 5G, Cloud &amp; PCB Supply Chain Tour」","238320210513M001.pdf","238320210513E001.pdf","http://www.emctw.com","","無","查詢"
"2383","台光電","110/09/07","10:00","電話會議","本公司受邀參加瑞信證券舉辦之線上法人說明會","238320210805M001.pptx","238320210805E001.pptx","http://www.emctw.com","","無","查詢"
"2383","台光電","110/09/23","10:00","電話會議","本公司受邀參加大和國泰證券舉辦之線上法人說明會","238320210916M002.pdf","238320210916E002.pdf","http://www.emctw.com","","無","查詢"
"2383","台光電","110/09/02","13:00","電話會議","本公司受邀參加摩根大通證券舉辦之線上法人說明會","238320210805M001.pptx","238320210805E001.pptx","http://www.emctw.com","","無","查詢"
"2383","台光電","110/09/02","14:00","電話會議","本公司受邀參加富邦證券舉辦之線上法人說明會","238320210805M001.pptx","238320210805E001.pptx","http://www.emctw.com","","無","查詢"
"2383","台光電","110/08/19","14:00","電話會議","本公司受邀參加凱基證券舉辦之線上法人說明會","238320210805M001.pptx","238320210805E001.pptx","http://www.emctw.com","","無","查詢"
"2383","台光電","110/08/18","15:30","電話會議","本公司受邀參加台新證券舉辦之線上法人說明會","238320210805M001.pptx","238320210805E001.pptx","http://www.emctw.com","","無","查詢"
"2383","台光電","110/03/09","10:00","電話會議","本公司受邀參加花旗證券舉辦之Taiwan Corporate Day 2021 (Virtual)","238320210305M001.pdf","238320210305E001.pdf","http://www.emctw.com","","無","查詢"
"2383","台光電","110/09/01","10:00","電話會議","本公司受邀參加匯豐證券舉辦之線上法人說明會","238320210805M001.pptx","238320210805E001.pptx","http://www.emctw.com","","無","查詢"
"2383","台光電","110/11/16","15:15","台北君悅酒店","本公司受邀參加台新證券舉辦之「台新2021年第四季雪亮投資論壇」說明會","238320211101M001.pdf","238320211101E001.pdf","http://www.emctw.com","","無","查詢"
"2383","台光電","110/11/18","14:00","電話會議","本公司受邀參加玉山證券舉辦之線上法人說明會","238320211101M001.pdf","238320211101E001.pdf","http://www.emctw.com","","無","查詢"
"2383","台光電","110/11/02","14:30","電話會議","本公司受邀參加美林證券舉辦之線上法說會","238320211101M001.pdf","238320211101E001.pdf","http://www.emctw.com","","無","查詢"
"2383","台光電","110/11/04","14:00","電話會議","本公司受邀參加美商高盛亞洲證券有限公司舉辦之線上法人說明會","238320211101M001.pdf","238320211101E001.pdf","http://www.emctw.com","","無","查詢"
"2383","台光電","110/11/23","15:00","電話會議","本公司受邀參加第一金證券舉辦之線上法人說明會","238320211101M001.pdf","238320211101E001.pdf","http://www.emctw.com","","無","查詢"
"2383","台光電","110/11/24","15:40","電話會議","本公司受邀參加中信證券舉辦之線上法人說明會","238320211101M001.pdf","238320211101E001.pdf","http://www.emctw.com","","無","查詢"
"2383","台光電","110/11/19","14:30","電話會議","本公司受邀參加奔亞證券舉辦之線上法人說明會","238320211101M001.pdf","238320211101E001.pdf","http://www.emctw.com","","無","查詢"
"2383","台光電","110/11/09","15:00","電話會議","本公司受邀參加國泰證券舉辦之線上法人說明會","238320211101M001.pdf","238320211101E001.pdf","http://www.emctw.com","","無","查詢"
"2383","台光電","110/11/10","11:00","電話會議","本公司受邀參加摩根大通證券舉辦之線上法人說明會","238320211101M001.pdf","238320211101E001.pdf","http://www.emctw.com","","無","查詢"
"2383","台光電","110/12/02","13:30","台北寒舍艾美酒店","本公司受邀參加永豐金證券舉辦之「第四季產業投資論壇」","238320211101M001.pdf","238320211101E001.pdf","http://www.emctw.com","","無","查詢"
"2383","台光電","110/12/01","11:00","電話會議","本公司受邀參加花旗證券舉辦之線上法人說明會","238320211101M001.pdf","238320211101E001.pdf","http://www.emctw.com","","無","查詢"
"2383","台光電","110/11/30","15:00","電話會議","本公司受邀參加野村證券舉辦之線上法人說明會","238320211101M001.pdf","238320211101E001.pdf","http://www.emctw.com","","無","查詢"
"2385","群光","110/08/06","14:30","線上法說會","公告本公司參加瑞信證券舉辦之線上會議，會中向投資人說明本公司2Q21業務概況及未來前景。","238520210806M001.pdf","238520210806E001.pdf","http://www.chicony.com.tw/","","無","查詢"
"2385","群光","110/05/20","14:00","線上會議","公告本公司參加花旗證券舉辦之Regional Tech Conference 2021，會中向投資人說明本公司業務概況及未來前景。","238520210526M002.ppt","238520210526E002.ppt","http://www.chicony.com.tw/","","無","查詢"
"2385","群光","110/05/06","15:30","線上會議","公告本公司參加花旗證券舉辦之線上會議，會中向投資人說明本公司1Q21業務概況及未來前景。","238520210506M001.pdf","238520210506E001.pdf","http://www.chicony.com.tw/","","無","查詢"
"2385","群光","110/02/24","15:45","台北文創","公告本公司參加元富證券舉辦之2021年2月台股企業日，會中向投資人說明本公司業務概況及未來前景。","238520201105M001.pdf","238520201105E001.pdf","http://www.chicony.com.tw/","","無","查詢"
"2385","群光","110/10/06 至 110/10/08","09:10","線上法說會","本公司受邀參加由臺灣證券交易所及寬量國際共同主辦之線上法說會「10th Taiwan CEO Week on Air」，說明本公司之營運概況、財務及業務相關資訊。","238520210806M001.pdf","238520210806E001.pdf","http://www.chicony.com.tw/","","無","查詢"
"2385","群光","110/06/17","14:45","線上會議","本公司受邀參加由臺灣證券交易所及元富證券主辦之「2021年台股領航論壇線上法人說明會」，說明本公司之營運概況、財務及業務相關資訊。","238520210526M002.ppt","238520210526E002.ppt","http://www.chicony.com.tw/","","無","查詢"
"2385","群光","110/08/27","10:00","線上法說會","本公司受邀參加由花旗證券主辦Asia TMT Day 2021，說明本公司之營運概況、財務及業務相關資訊。","238520210806M001.pdf","238520210806E001.pdf","http://www.chicony.com.tw/","","無","查詢"
"2385","群光","110/09/03","15:00","線上法說會","本公司受邀參加ICA專顧資本與證券櫃檯買賣中心合辦之探索台股主題論壇。","238520210806M001.pdf","238520210806E001.pdf","http://www.chicony.com.tw/","","無","查詢"
"2385","群光","110/03/19","11:00","線上會議","公告本公司參加美銀證券舉辦之2021年Asia Pacific Telecom, Media &amp; Technology Conference，會中向投資人說明本公司業務概況及未來前景。","238520210315M001.pdf","238520210315E001.pdf","http://www.chicony.com.tw/","","無","查詢"
"2385","群光","110/06/24","10:00","線上會議","本公司受邀參加由ICA主辦之「Asia Pacific Opportunities Summit 2021」，說明本公司之營運概況、財務及業務相關資訊。","238520210526M002.ppt","238520210526E002.ppt","http://www.chicony.com.tw/","","無","查詢"
"2385","群光","110/04/16","09:10","線上會議","本公司受邀參加由臺灣證券交易所及寬量國際共同主辦之線上法說會「9th Taiwan CEO Week on Air」，說明本公司之營運概況、財務及業務相關資訊。","238520210315M001.pdf","238520210315E001.pdf","http://www.chicony.com.tw/","","無","查詢"
"2385","群光","110/04/09","14:00","線上會議","公告本公司參加高盛證券與證交所舉辦之Taiwan Corporate Day，會中向投資人說明本公司業務概況及未來前景","238520210315M001.pdf","238520210315E001.pdf","http://www.chicony.com.tw/","","無","查詢"
"2385","群光","110/12/09","14:00","線上法說會","公告本公司參加ICA舉辦之Best of Asia Conference，會中向投資人說明本公司3Q21業務概況及未來前景。","238520211104M001.pdf","238520211104E001.pdf","http://www.chicony.com.tw/","","無","查詢"
"2385","群光","110/11/30","10:00","線上法說會","公告本公司參加花旗證券舉辦之線上會議，會中向投資人說明本公司3Q21業務概況及未來前景","238520211104M001.pdf","238520211104E001.pdf","http://www.chicony.com.tw/","","無","查詢"
"2385","群光","110/11/05","15:30","線上法說會","公告本公司參加凱基證券舉辦之線上會議，會中向投資人說明本公司3Q21業務概況及未來前景。","238520211104M001.pdf","238520211104E001.pdf","http://www.chicony.com.tw/","","無","查詢"
"2385","群光","110/03/10","15:30","線上會議","公告本公司參加凱基證券舉辦之線上會議，會中向投資人說明本公司4Q20業務概況及未來前景。","238520210315M001.pdf","238520210315E001.pdf","http://www.chicony.com.tw/","","無","查詢"
"2387","精元","110/12/15","14:00","台中市大雅區昌平路四段475號本公司會議室","公司今年度營運情形及明年度營運方向說明","238720211213M001.pdf","238720211213E001.pdf","",中文影音檔網址:2387_7_20211215_ch.mp3 ,"無","查詢"
"2388","威盛","110/11/26","14:30","線上法說會","受邀參加群益金鼎證券舉辦之線上法人說明會，說明本公司營運成果及未來展望","238820211126M001.pdf","238820211126E001.pdf","http://www.viatech.com/tw/about-tw/investor-relations/corporate-governance/ &amp;nbsp;","","簡報資料將於會後上傳及公布於公司網站","查詢"
"2390","云辰","110/12/23","14:00","線上法說會","本公司受邀參加群益金鼎證券舉辦之線上法說會","239020211222M001.pdf","239020211222E001.pdf","","","無","查詢"
"2392","正崴","110/11/22","14:00","福邦證券（台北市忠孝西路一段6號7樓B會議室)","本公司營運狀況及未來展望說明","239220211122M001.pdf","239220211122E001.pdf","https://www.foxlink.com/","","無","查詢"
"2393","億光","110/03/24","14:00","線上法說會","本公司將參加美銀證券所舉辦之線上法說會 -『BofA 2021 APAC TMT Conference』。","239320210324M001.pdf","239320210324E001.pdf","","","無","查詢"
"2393","億光","110/08/30","15:00","受邀參加線上法人說明會","本公司受邀參加花旗證券舉辦Asia TMT Day 2021線上法人說明會","239320210827M001.pdf","239320210827E001.pdf","","","無","查詢"
"2395","研華","110/05/05","15:30","電話會議","本公司受邀參加Goldman Sachs高盛證券主辦之電話會議，就本公司110年第一季之財務數字、經營績效等資訊做相關說明。","239520210505M001.pdf","239520210505E001.pdf","http://www.advantech.tw/investor/events",英文影音檔網址:2395_85_20210505_en.mp3 ,"無","查詢"
"2395","研華","110/09/23","10:00","線上會議","本公司將受邀參加大和國泰證券Daiwa Taiwan Corporate Day ，會中就本公司110年第二季之財務數字、經營績效等資訊做相關說明。","239520210804M001.pdf","239520210804E001.pdf","https://www.advantech.tw/investor/events","","無","查詢"
"2395","研華","110/05/20","11:00","電話會議","本公司將受邀參加摩根大通證券所舉辦之JPMorgan Asia Industrial &amp; Automation conference，會中就本公司110年第一季之財務數字、經營績效等資訊做相關說明。","239520210505M001.pdf","239520210505E001.pdf","http://www.advantech.tw/investor/events","","無","查詢"
"2395","研華","110/05/21","09:00","電話會議","本公司將受邀參加花旗環球證券所舉辦之Regional Tech Conference 2021電話會議，就本公司110年第一季之財務數字、經營績效等資訊做相關說明。","239520210505M001.pdf","239520210505E001.pdf","http://www.advantech.tw/investor/events","","無","查詢"
"2395","研華","110/05/25","09:00","電話會議","本公司將受邀參加元大證券主辦之線上投資論壇，就本公司110年第一季之財務數字、經營績效等資訊做相關說明。","239520210505M001.pdf","239520210505E001.pdf","http://www.advantech.tw/investor/events","","無","查詢"
"2395","研華","110/08/31","09:00","線上會議","本公司將受邀參加Citi Asia TMT Day 花旗證券投資論壇，會中就本公司110年第二季之財務數字、經營績效等資訊做相關說明。","239520210804M001.pdf","239520210804E001.pdf","https://www.advantech.tw/investor/events","","無","查詢"
"2395","研華","110/08/30","10:00","線上會議","本公司將受邀參加BofA Merrill Lynch Asia Virtual Tech tour美林證券科技論壇，會中就本公司110年第二季之財務數字、經營績效等資訊做相關說明。","239520210804M001.pdf","239520210804E001.pdf","https://www.advantech.tw/investor/events","","無","查詢"
"2395","研華","110/09/01","09:00","線上座談會","本公司將受邀參加ICA專顧資本與證券櫃檯買賣中心合辦之探索台股主題論壇，會中就本公司110年第二季之財務數字、經營績效等資訊做相關說明。","239520210804M001.pdf","239520210804E001.pdf","https://www.advantech.tw/investor/events","","無","查詢"
"2395","研華","110/06/22","09:00","電話會議","本公司將受邀參加瑞銀證券所舉辦之UBS Taiwan Virtual Conference 2021，會中就本公司110年第一季之財務數字、經營績效等資訊做相關說明。","239520210505M001.pdf","239520210505E001.pdf","http://www.advantech.tw/investor/events","","無","查詢"
"2395","研華","110/05/25","09:00","電話會議","本公司將受邀參加元大證券主辦之線上投資論壇，就本公司110年第一季之財務數字、經營績效等資訊做相關說明。","239520210505M001.pdf","239520210505E001.pdf","http://www.advantech.tw/investor/events","","因疫情影響，原訂會議暫時取消。","查詢"
"2395","研華","110/03/17 至 110/03/18","09:00","線上法說會","本公司受邀出席110/03/17-18美林證券舉辦之
2021 Asia Pacific Telecom, Media &amp; Technology
Conference，會中將就本公司109年第四季之財務數字、經營績效等資訊做相關說明。","239520210310M002.pdf","239520210310E002.pdf","http://www.advantech.tw/investor/events","","無","查詢"
"2395","研華","110/09/08","09:00","線上會議","本公司將受邀參加瑞士信貸證券所舉辦2021 Credit Suisse Asian Technology Conference，會中就本公司110年第二季之財務數字、經營績效等資訊做相關說明。","239520210804M001.pdf","239520210804E001.pdf","https://www.advantech.tw/investor/events","","無","查詢"
"2395","研華","110/09/14","09:00","線上會議","本公司將受邀參加里昂證券所舉辦2021 Annual CLSA Flagship Investors Forum，會中就本公司110年第二季之財務數字、經營績效等資訊做相關說明。","239520210804M001.pdf","239520210804E001.pdf","https://www.advantech.tw/investor/events","","無","查詢"
"2395","研華","110/03/10","14:00","研華內湖辦公室 (台北市內湖區瑞光路26巷20弄1號)","109年營運成果","239520210310M002.pdf","239520210310E002.pdf","http://www.advantech.tw/investor/events",同步收看網址：:http://www.advantech.tw/investor/events 法說會影音連結資訊:https://event.ginnet.cloud/v3/anyone/login/Dx4J58PR ,"無","查詢"
"2395","研華","110/11/03","15:30","線上法說會","公布本公司110年第三季之財務數字、經營績效等相關說明。報名方式https://www.advantech.com/form/cfd9a601-f1eb-4d5c-b172-4a8b102fccef","239520211103M001.pdf","239520211103E001.pdf","https://www.advantech.tw/investor/events","","無","查詢"
"2395","研華","110/08/04","14:00","線上法說會","公布本公司110年第二季暨上半年營運成果，
報名方式: https://www.advantech.tw/investor/events","239520210804M001.pdf","239520210804E001.pdf","https://www.advantech.tw/investor/events",法說會影音連結資訊:https://www.advantech.tw/investor/events ,"無","查詢"
"2395","研華","110/10/13","10:00","線上會議","本公司將受邀參加臺灣證券交易所及寬量國際共同主辦之「10th Taiwan CEO Week」線上投資人會議，會中就本公司110年第二季之財務數字、經營績效等資訊做相關說明。","239520210804M001.pdf","239520210804E001.pdf","https://www.advantech.tw/investor/events","","無","查詢"
"2395","研華","110/11/30","09:00","線上會議","本公司將受邀參加Citi Taiwan Corporate Day 2021 花旗證券投資論壇，會中就本公司110年第三季之財務數字、經營績效等資訊做相關說明。","239520211103M001.pdf","239520211103E001.pdf","https://www.advantech.tw/investor/events","","無","查詢"
"2397","友通","110/11/23","14:00","線上法人說明會","說明本公司110年第三季之財務營運概況","239720211123M001.pdf","239720211123E001.pdf","https://www.dfi.com/tw/investorconference",中文影音檔網址:2397_8_20211123_ch.mp4 ,"無","查詢"
"2399","映泰","110/09/27","14:30","福邦證券總公司(台北市忠孝西路一段6號7樓 B會議室)","受邀參加福邦證券舉辦之法人說明會，就本公司已公開之財務業務資訊作說明。","239920210924M001.pdf","239920210924E001.pdf","","","無","查詢"
"2401","凌陽","110/09/15","15:45","Webex 線上會議","本公司受邀參加元富證券所舉辦之法說會「2021年9月台股企業日」","240120210901M001.pdf","240120210901E001.pdf","http://www.sunplus.com","","無","查詢"
"2401","凌陽","110/09/01","14:30","福邦證券總公司(台北市忠孝西路一段6號7樓)","受邀參加福邦證券所舉辦之法人說明會,說明2021年第二季之財務及營運狀況。","240120210901M001.pdf","240120210901E001.pdf","www.sunplus.com",法說會影音連結資訊:未輸 ,"完整財務業務資訊請至公開資訊觀測站之法人說明會一覽表或法說會項目下查閱","查詢"
"2402","毅嘉","110/10/15","14:30","線上法說會。","本公司受邀參加兆豐證券於110年10月15日舉辦之線上法人說明會，向投資人說明110年第三季營業成果與未來展望。","240220211015M001.pdf","240220211015E001.pdf","","","本次會議採線上方式進行，報名請至 https://forms.gle/5FZE6BqqZ66GcvgE9 線上報名。","查詢"
"2404","漢唐","110/04/20","14:30","宏遠證券703會議廳 (台北市信義路四段236號7樓)","應宏遠證券邀請舉辦法人說明會， 向各位投資先進說明公司營運近況及未來展望","240420210420M001.pdf","240420210420E001.pdf","htpp://www.uisco.com.tw","","相關資訊將依規定揭露於公開資訊觀測站","查詢"
"2405","輔信","110/12/01","14:00","線上法說會","本公司受邀參加由富邦證券舉辦之線上法說會，說明本公司營運概況與未來展望。","240520211201M001.pdf","240520211201E001.pdf","https://www.shuttle.com/Investors/StockConference?LOCATION_Code=TW","","報名請洽富邦法人部fion.hsieh@fubon.com","查詢"
"2406","國碩","110/10/21","14:30","線上法說會","本公司受邀參加統一證券舉辦之線上法說會","240620211105M001.pdf","240620211105E001.pdf","http://www.gigastorage.com.tw","","無","查詢"
"2408","南亞科","110/05/18","15:15","線上法說會","本公司財務業務相關資訊說明","240820210517M001.pdf","240820210517E001.pdf","https://www.nanya.com","","本公司受邀參加台新證券舉辦之2021年第二季投資論壇","查詢"
"2408","南亞科","110/05/20","10:00","線上法說會","本公司財務業務相關資訊說明","240820210517M001.pdf","240820210517E001.pdf","https://www.nanya.com","","本公司受邀參加Citi舉辦之Regional Tech Conference 2021","查詢"
"2408","南亞科","110/05/28","10:00","線上法說會","本公司財務業務相關資訊說明","240820210527M001.pdf","240820210527E001.pdf","https://www.nanya.com","","本公司受邀參加Goldman Sachs舉辦之TechNet Conference Asia Pacific 2021","查詢"
"2408","南亞科","110/01/08","15:00","線上法說會","2020年第4季營運狀況說明","240820210108M002.pdf","240820210108E002.pdf","https://www.nanya.com",法說會影音連結資訊:https://www.nanya.com/tw/IR/13/Investor Calendar?Year=2021 ,"無","查詢"
"2408","南亞科","110/09/08","09:00","線上法說會","本公司財務業務相關資訊說明","240820210825M001.pdf","240820210825E001.pdf","https://www.nanya.com","","本公司受邀參加Macquarie所舉辦之Asia Tech Access Day","查詢"
"2408","南亞科","110/09/09","14:35","線上法說會","本公司財務業務相關資訊說明","240820210825M001.pdf","240820210825E001.pdf","https://www.nanya.com","","本公司受邀參加國泰證券舉辦之第三季產業論壇","查詢"
"2408","南亞科","110/06/09","13:00","線上法說會","本公司財務業務相關資訊說明","240820210527M001.pdf","240820210527E001.pdf","https://www.nanya.com","","本公司受邀參加美銀證券舉辦之2021 Innovative China Conference","查詢"
"2408","南亞科","110/09/02","11:00","線上法說會","本公司財務業務相關資訊說明","240820210825M001.pdf","240820210825E001.pdf","https://www.nanya.com","","本公司受邀參加J.P. Morgan舉辦之6th Annual Asia Tech Tour","查詢"
"2408","南亞科","110/09/06","10:00","線上法說會","本公司財務業務相關資訊說明","240820210825M001.pdf","240820210825E001.pdf","https://www.nanya.com","","本公司受邀參加Credit Suisse舉辦之22nd Credit Suisse Asian Technology Conference","查詢"
"2408","南亞科","110/09/03","14:00","線上法說會","本公司財務業務相關資訊說明","240820210825M001.pdf","240820210825E001.pdf","https://www.nanya.com","","本公司受邀參加永豐金證券舉辦之 2021 Q3 線上投資論壇","查詢"
"2408","南亞科","110/10/08","15:00","線上法說會","2021年第3季營運狀況說明","240820211008M001.pdf","240820211008E001.pdf","https://www.nanya.com",法說會影音連結資訊:https://www.nanya.com/tw/IR/13/Investor Calendar?Year=2021 ,"無","查詢"
"2408","南亞科","110/02/22","13:00","線上法說會","本公司財務業務相關資訊說明","240820210219M001.pdf","240820210219E001.pdf","https://www.nanya.com","","本公司受邀參加J.P. Morgan舉辦之Taiwan CEO-CFO Conference","查詢"
"2408","南亞科","110/02/23","11:00","線上法說會","本公司財務業務相關資訊說明","240820210219M001.pdf","240820210219E001.pdf","https://www.nanya.com","","本公司受邀參加Nomura舉辦之Nomura Asia Tech Virtual Group Meeting","查詢"
"2408","南亞科","110/03/17","11:00","線上法說會","本公司財務業務相關資訊說明","240820210316M001.pdf","240820210316E001.pdf","https://www.nanya.com","","本公司受邀參加元大證券舉辦之2021線上投資展望說明會","查詢"
"2408","南亞科","110/03/19","09:00","線上法說會","本公司財務業務相關資訊說明","240820210316M001.pdf","240820210316E001.pdf","https://www.nanya.com","","本公司受邀參加美銀證券舉辦之2021 APAC TMT Conference","查詢"
"2408","南亞科","110/04/09","15:00","線上法說會","2021年第1季營運狀況說明","240820210409M002.pdf","240820210409E002.pdf","https://www.nanya.com",法說會影音連結資訊:https://www.nanya.com/tw/IR/13/Investor Calendar?Year=2021 ,"無","查詢"
"2408","南亞科","110/06/04","14:00","線上法說會","本公司財務業務相關資訊說明","240820210527M001.pdf","240820210527E001.pdf","https://www.nanya.com","","本公司受邀參加Morgan Stanley舉辦之Virtual Japan Summit","查詢"
"2408","南亞科","110/08/25","14:00","線上法說會","本公司財務業務相關資訊說明","240820210825M001.pdf","240820210825E001.pdf","https://www.nanya.com","","本公司受邀參加群益金鼎證券舉辦之第三季線上投資論壇","查詢"
"2408","南亞科","110/08/26","10:00","線上法說會","本公司財務業務相關資訊說明","240820210825M001.pdf","240820210825E001.pdf","https://www.nanya.com","","本公司受邀參加美銀證券舉辦之Tech Innovation Tour","查詢"
"2408","南亞科","110/08/26","14:00","線上法說會","本公司財務業務相關資訊說明","240820210825M001.pdf","240820210825E001.pdf","https://www.nanya.com","","本公司受邀參加Nomura舉辦之Nomura Asia Tech Virtual Group Meeting","查詢"
"2408","南亞科","110/06/09","14:00","線上法說會","本公司財務業務相關資訊說明","240820210527M001.pdf","240820210527E001.pdf","https://www.nanya.com","","本公司受邀參加Macquarie舉辦之Taiwan Memory Day","查詢"
"2408","南亞科","110/06/09","13:00","線上法說會","本公司財務業務相關資訊說明","240820210527M001.pdf","240820210527E001.pdf","https://www.nanya.com","","本公司受邀參加元大金控舉辦之2021亞洲投資創富論壇","查詢"
"2408","南亞科","110/06/17","13:30","線上法說會","本公司財務業務相關資訊說明","240820210527M001.pdf","240820210527E001.pdf","https://www.nanya.com","","本公司受邀參加臺灣證券交易所與元富證券舉辦之2021年台股領航論壇線上法人說明會","查詢"
"2408","南亞科","110/06/21","10:00","線上法說會","本公司財務業務相關資訊說明","240820210527M001.pdf","240820210527E001.pdf","https://www.nanya.com","","本公司受邀參加UBS舉辦之Taiwan Virtual Conference 2021","查詢"
"2408","南亞科","110/11/04","14:00","線上法說會","本公司財務業務相關資訊說明","240820211103M001.pdf","240820211103E001.pdf","https://www.nanya.com","","本公司受邀參加美銀證券舉辦之2021 China Conference","查詢"
"2408","南亞科","110/11/17","09:00","線上法說會","本公司財務業務相關資訊說明","240820211103M001.pdf","240820211103E001.pdf","https://www.nanya.com","","本公司受邀參加Morgan Stanley舉辦之Twentieth Annual Asia Pacific Summit","查詢"
"2408","南亞科","110/11/10","09:00","線上法說會","本公司財務業務相關資訊說明","240820211103M001.pdf","240820211103E001.pdf","https://www.nanya.com","","本公司受邀參加J.P. Morgan舉辦之Global TMT Conference","查詢"
"2408","南亞科","110/08/30","11:00","線上法說會","本公司財務業務相關資訊說明","240820210825M001.pdf","240820210825E001.pdf","https://www.nanya.com","","本公司受邀參加Citi舉辦之Asia TMT Day 2021","查詢"
"2408","南亞科","110/07/09","15:00","線上法說會","2021年第2季營運狀況說明","240820210709M002.pdf","240820210709E002.pdf","https://www.nanya.com",法說會影音連結資訊:https://www.nanya.com/tw/IR/13/Investor Calendar?Year=2021 ,"無","查詢"
"2408","南亞科","110/11/23","10:00","線上法說會","本公司財務業務相關資訊說明","240820211103M001.pdf","240820211103E001.pdf","https://www.nanya.com","","本公司受邀參加富邦證券舉辦之2021年第四季富邦線上投資論壇","查詢"
"2408","南亞科","110/11/16","09:00","線上法說會","本公司財務業務相關資訊說明","240820211103M001.pdf","240820211103E001.pdf","https://www.nanya.com","","本公司受邀參加大和國泰證券舉辦之Daiwa Investment Conference Hong Kong 2021","查詢"
"2408","南亞科","110/11/26","15:30","台北寒舍艾美酒店","本公司財務業務相關資訊說明","240820211103M001.pdf","240820211103E001.pdf","https://www.nanya.com","","本公司受邀參加元大證券舉辦之2022年投資論壇","查詢"
"2409","友達","110/02/04","14:00","線上法說會","109年第四季線上法人說明會","240920210204M001.pdf","240920210204E001.pdf","https://www.auo.com/zh-TW/Investor_Conference/index",中文影音檔網址:2409_136_20210204_ch.mp4 ,"影音資訊於當日會後上傳","查詢"
"2409","友達","110/03/16 至 110/03/17","09:00","線上法說會","公告本公司將參加美林證券舉辦之「2021 Asia Pacific Telecom, Media and Technology Conference」，就109年第四季法說會之內容說明公司營運與財務概況。","240920210204M001.pdf","240920210204E001.pdf","https://www.auo.com/zh-TW/Investor_Conference/index",同步收看網址：:https://www.auo.com/zh-TW/Investor_Conference/index 法說會影音連結資訊:未輸 ,"無","查詢"
"2409","友達","110/03/23 至 110/03/24","09:00","線上法說會","公告本公司將參加瑞士信貸所舉辦之「24th Asian Investment Conference」，就109年第四季法說會之內容說明公司營運與財務概況。","240920210204M001.pdf","240920210204E001.pdf","https://www.auo.com/zh-TW/Investor_Conference/index",同步收看網址：:https://www.auo.com/zh-TW/Investor_Conference/index 法說會影音連結資訊:未輸 ,"無","查詢"
"2409","友達","110/04/29","14:00","線上法說會","110年第一季線上法人說明會","240920210429M001.pdf","240920210429E001.pdf","https://www.auo.com/zh-TW/Investor_Conference/index",中文影音檔網址:2409_139_20210429_ch.mp4 ,"影音資訊於當日會後上傳","查詢"
"2409","友達","110/09/28 至 110/09/30","09:00","線上法說會","公告本公司受邀參加臺灣證券交易所及寬量國際共同主辦之線上法說會「10th Taiwan CEO Week on Air」，就110年第二季法說會之內容說明公司營運與財務概況。","240920210729M001.pdf","240920210729E001.pdf","https://www.auo.com/zh-TW/Investor_Conference/index","","無","查詢"
"2409","友達","110/07/29","14:00","線上法說會","110年第二季線上法人說明會","240920210729M001.pdf","240920210729E001.pdf","https://www.auo.com/zh-TW/Investor_Conference/index",中文影音檔網址:2409_140_20210729_ch.mp4 ,"影音資訊於當日會後上傳","查詢"
"2409","友達","110/09/06 至 110/09/08","14:00","線上法說會","公告本公司將參加瑞士信貸所舉辦之「22nd Credit Suisse Asian Technology Conference」，就110年第二季法說會之內容說明公司營運與財務概況。","240920210729M001.pdf","240920210729E001.pdf","https://www.auo.com/zh-TW/Investor_Conference/index","","無","查詢"
"2409","友達","110/10/28","14:00","線上法說會","110年第三季線上法人說明會","240920211028M001.pdf","240920211028E001.pdf","https://www.auo.com/zh-TW/Investor_Conference/index",中文影音檔網址:2409_143_20211028_ch.mp4 ,"影音資訊於當日會後上傳","查詢"
"2409","友達","110/11/10","14:30","線上法說會","本公司將參加元富證券舉辦之「2021年11月台股企業日」線上法說會，就110年第三季法說會之內容說明公司營運與財務概況。","240920211028M001.pdf","240920211028E001.pdf","https://www.auo.com/zh-TW/Investor_Conference/index","","無","查詢"
"2409","友達","110/11/11 至 110/11/12","09:00","線上法說會","本公司將參加J.P. Morgan舉辦之「2021 Global TMT Conference in Asia」線上法說會，就110年第三季法說會之內容說明公司營運與財務概況。","240920211028M001.pdf","240920211028E001.pdf","https://www.auo.com/zh-TW/Investor_Conference/index","","無","查詢"
"2412","中華電","110/02/04","15:00","電話會議","109年第4季營運成果資料於法人說明會當日14:30後至https://www.cht.com.tw/chtir下載","241220210204M001.pdf","241220210204E001.pdf","https://www.cht.com.tw/chtir",同步收看網址：:https://www.cht.com.tw/chtir 法說會影音連結資訊:https://www.cht.com.tw/chtir ,"電話會議時間15:00~16:00","查詢"
"2412","中華電","110/02/22","09:00","台北","會議由摩根大通銀行(JPMorgan)主辦","241220210219M001.pdf","241220210219E001.pdf","http://www.cht.com.tw/chtir","","無","查詢"
"2412","中華電","110/05/04","15:00","電話會議","110年第1季營運成果資料於法人說明會當日14:30後至https://www.cht.com.tw/chtir下載","241220210504M001.pdf","241220210504E001.pdf","https://www.cht.com.tw/chtir",同步收看網址：:https://www.cht.com.tw/chtir 法說會影音連結資訊:https://www.cht.com.tw/chtir ,"電話會議時間15:00~16:00","查詢"
"2412","中華電","110/03/25","09:00","電話會議","會議由瑞士信貸(Credit Suisse)主辦","241220210323M001.pptx","241220210323E001.pptx","http://www.cht.com.tw/chtir",法說會影音連結資訊:https://www.cht.com.tw/chtir ,"無","查詢"
"2412","中華電","110/03/17","16:00","台北","會議由美林證券(BoAML)主辦","241220210315M002.pdf","241220210315E002.pdf","http://www.cht.com.tw/chtir","","無","查詢"
"2412","中華電","110/03/17","14:00","台北","會議由瑞銀證券(UBS)主辦","241220210315M001.pdf","241220210315E001.pdf","http://www.cht.com.tw/chtir","","無","查詢"
"2412","中華電","110/11/01","15:00","電話會議","110年第3季營運成果資料於法人說明會當日14:30後至https://www.cht.com.tw/chtir下載","241220211101M001.pdf","241220211101E001.pdf","https://www.cht.com.tw/chtir",同步收看網址：:https://www.cht.com.tw/chtir 法說會影音連結資訊:https://www.cht.com.tw/chtir ,"電話會議時間15:00~16:00","查詢"
"2412","中華電","110/07/30","15:00","電話會議","110年第2季營運成果資料於法人說明會當日14:30後至https://www.cht.com.tw/chtir下載","241220210730M001.pdf","241220210730E001.pdf","https://www.cht.com.tw/chtir",同步收看網址：:https://www.cht.com.tw/chtir 法說會影音連結資訊:https://www.cht.com.tw/chtir ,"電話會議時間15:00~16:00","查詢"
"2413","環科","110/12/07","15:00","台中市工業區27路2號(5F會議廳)","本公司受邀參加台新證券於110年12月7日舉辦之法人說明會，為促進機構投資法人對本公司產業之瞭解，將予以說明。","241320211206M001.pdf","241320211206E001.pdf","https://www.umec.com.tw/Investor/InvestorConference","","無","查詢"
"2414","精技","110/08/06","14:30","線上法說會","受邀參加凱基證券舉辦之線上法人說明會，網址：https://zoomtw.zoom.us/j/92137537884 (會議 ID：921 3753 7884)","241420210806M001.pdf","241420210806E001.pdf","https://www.unitech.com.tw","","無","查詢"
"2415","錩新","110/07/29","14:30","線上法說會","康和綜合證券舉辦之線上法人說明會,說明110年第一季營運概況","241520210729M001.pdf","241520210729E001.pdf","","","無","查詢"
"2415","錩新","110/12/08","14:30","線上法說會","中國信託證券舉辦之線上法人說明會,說明110年前三季營運概況","內容檔案於當日會後公告於公開資訊觀測站","內容檔案於當日會後公告於公開資訊觀測站","","","完整財務業務資訊請至公開資訊觀測站之法人說明會一覽表或法說會項目下查閱。","查詢"
"2415","錩新","110/12/08","14:30","線上法說會","受邀參加中國信託證券舉辦之線上法人說明會,說明110年前三季營運概況","241520211207M002.pdf","241520211207E002.pdf","","","無","查詢"
"2417","圓剛","110/02/24","14:30","臺北文創-台北市信義區菸廠路88號6F","說明公司營運概況與未來展望","241720210224M001.pdf","241720210224E001.pdf","http://ir.avermedia.com/irwebsite_c/","","無","查詢"
"2417","圓剛","110/09/03","14:00","線上座談會","本公司受邀參加ICA專顧資本與證券櫃檯買賣中心合辦之探索台股主題論壇，說明公司營運狀況與未來展望。","241720210903M001.pdf","241720210903E001.pdf","http://ir.avermedia.com/irwebsite_c/","","無","查詢"
"2419","仲琦","110/11/04","14:30","線上會議","本公司受邀參加富邦證券舉辦之線上法人說明會，說明本公司第三季營運概況","241920211104M001.pdf","241920211104E001.pdf","https://www.hitrontech.com/zh-tw/investors/events-investor-conference/","","無","查詢"
"2420","新巨","110/09/08","14:00","線上法人說明會 - Webex","本公司受邀參加凱基證券所舉辦之線上法說會，說明本公司業務與財務狀況。","242020210907M001.pptx","242020210907E001.pptx","http://www.zippy.com.tw/zh-tw/newslists.aspx","","無","查詢"
"2420","新巨","110/12/10","14:00","&#29319;亞證券ZOOM 線上會議","本公司受邀參加&#29319;亞證券所舉辦之線上法說會，說明本公司業務與財務狀況。","242020211209M001.pptx","242020211209E001.pptx","http://www.zippy.com.tw/zh-tw/newslists.aspx","","無","查詢"
"2421","建準","110/12/21","14:00","台北市大安區敦化南路二段333號10樓","本公司受邀參加國泰證券舉辦之法人說明會","242120211216M001.pdf","242120211216E001.pdf","https://www.sunon.com/shareholder.aspx","","無","查詢"
"2423","固緯","110/08/30","14:00","線上法說會","固緯電子受邀參加台新證券舉辦之線上法說會，說明本公司營運概況及未來展望並回答投資人提問。
網址： https://tssco.webex.com/meet/TaishinSecurities","242320210908M001.pdf","242320210908E001.pdf","https://www.gwinstek.com/zh-TW","","無","查詢"
"2423","固緯","110/12/29","14:00","線上法說會","固緯電子受邀參加台新證券舉辦之線上法說會，說明本公司營運概況及未來展望並回答投資人提問。 網址：https://tssco.webex.com/meet/TaishinSecurities","242320211228M001.pdf","242320211228E001.pdf","http://www.gwinstek.com/zh-TW",同步收看網址：:https://tssco.webex.com/meet/TaishinSecurities ,"無","查詢"
"2424","隴華","110/11/18","16:00","線上法說會","本公司受邀參加元大證券舉辦之產業座談會，報告本公司營運狀營運狀況。","242420211119M001.ppt","242420211119E001.ppt","","","無","查詢"
"2425","承啟","110/12/16","14:30","福邦證券股份有限公司會議室(台北市忠孝西路一段6號7樓)","說明公司目前現況及未來發展計畫","242520211216M001.pdf","242520211216E001.pdf","http://www.chaintech.com.tw/Investors.aspx?cid=3153&amp;type=1","","無","查詢"
"2426","鼎元","110/11/25","14:30","苗栗縣竹南鎮科中路15號","公司簡報與營運概況說明","242620211125M001.pdf","242620211125E001.pdf","https://www.tyntek.com.tw/investor.php?cs=1&amp;sn=13",中文影音檔網址:2426_5_20211125_ch.mp4 ,"無","查詢"
"2427","三商電","110/04/22","14:30","線上法說會，網址:http://www.zucast.com/webcast/RVWJWYu7","報告 2020年營運成果及公司營運現況暨未來展望","242720210422M001.pdf","242720210422E001.pdf","https://www.mds.com.tw/tc/investment_detail.php?PKey=22&amp;Page=0",同步收看網址：:http://www.zucast.com/webcast/RVWJWYu7 法說會影音連結資訊:http://www.zucast.com/webcast/RVWJWYu7 ,"無","查詢"
"2428","興勤","110/04/16","14:00","&#29319;亞會議中心2樓(台北市復興北路99號2樓)","說明本公司營運成果及未來展望","242820210416M001.pdf","242820210416E001.pdf","https://www.thinking.com.tw","","無","查詢"
"2428","興勤","110/08/24","14:00","線上法說會。","本公司受邀參加康和綜合證券舉辦之線上法說會，說明本公司之營運成果及未來展望。","242820210824M001.pdf","242820210824E001.pdf","https://www.thinking.com.tw","","無。","查詢"
"2428","興勤","110/12/21","14:00","線上法說會","本公司受邀參加康和綜合證券舉辦之線上法人說明會。","242820211221M001.pdf","242820211221E001.pdf","https://www.thinking.com.tw","","無","查詢"
"2429","銘旺科","110/12/22","15:00","臺北市忠孝東路一段 85 號 6 樓 會議室","公司營運概況說明","242920211221M001.pdf","242920211221E001.pdf","http://www.abonmax.com.tw/index.php?route=investor/information&amp;information_id=20","","14:30 至15:00 來賓報到","查詢"
"2430","燦坤","110/08/30","15:00","線上法說會","本公司受邀參加元大證券舉辦之線上法說會，報告本公司營運狀況。","243020210831M001.pdf","243020210831E001.pdf","https://www.tk3c.com.tw/","","無","查詢"
"2430","燦坤","110/12/14","14:00","線上法說會","本公司受邀參加元大證券舉辦之線上法說會，報告本公司營運狀況。","243020211213M002.pdf","243020211213E002.pdf","https://www.tk3c.com.tw/","","無","查詢"
"2431","聯昌","110/12/28","14:00","中國信託金融園區 
台北市南港區經貿二路168號3樓會議室","本公司受邀參加中國信託綜合證券舉辦之法人說明會","243120211228M001.pptx","243120211228E001.pptx","http://www.lienchang.com.tw/","","無","查詢"
"2433","互盛電","110/08/12","15:00","台北市信義路五段2號16樓會議室(震旦國際大樓)","說明本公司2021年第二季營運概況","243320210810M001.pdf","243320210810E001.pdf","https://www.eosasc.com.tw/event-information",同步收看網址：:https://youtu.be/SudXugGUAZY 法說會影音連結資訊:https://www.eosasc.com.tw/event-information ,"無","查詢"
"2433","互盛電","110/11/12","15:00","線上法說會","說明本公司2021年第三季營運概況","243320211111M001.pdf","243320211111E001.pdf","https://www.eosasc.com.tw/event-information",同步收看網址：:https://www.youtube.com/watch?v=IuDx31XJ_-o 法說會影音連結資訊:https://www.eosasc.com.tw/event-information ,"無","查詢"
"2434","統懋","110/12/06","14:00","統懋半導體股份有限公司(台南市新市區中山路76號)","公司簡介及財務業務概況","243420211206M001.pdf","243420211206E001.pdf","http://www.mospec.com.tw",中文影音檔網址:2434_5_20211206_ch.mp4 ,"無","查詢"
"2436","偉詮電","110/05/17","14:30","台北巿信義區基隆路一段176號B2","報告110年第一季財報與業務營運相關資訊報告。簡報資料請參閱公開資訊觀測站。","243620210517M001.pdf","243620210517E001.pdf","http://www.weltrend.com","","無","查詢"
"2436","偉詮電","110/11/10","14:30","線上法說會","報告110年第三季財報與業務營運相關資訊報告。簡報資料請參閱公開資訊觀測站。","243620211110M001.pdf","243620211110E001.pdf","http://www.weltrend.com","","無","查詢"
"2436","偉詮電","110/03/11","14:30","台北市信義區菸廠路88號6樓","報告109年財報與業務營運相關資訊報告。簡報資料請參閱公開資訊觀測站。","243620210311M001.pdf","243620210311E001.pdf","http://www.weltrend.com","","無","查詢"
"2438","翔耀","110/10/20","14:00","線上法說會","本公司受邀參加元大證券舉辦之線上法說會，報告本公司營運狀況。","243820211018M001.pdf","243820211018E001.pdf","http://www.enlightcorp.com.tw","","無。","查詢"
"2439","美律","110/08/26","11:00","電話會議。","本公司受邀參加Nomura舉辦之「Nomura Asia Tech Virtual Group Meeting」。","243920210730M001.pdf","243920210730E001.pdf","https://www.merry.com.tw/page/investor/seminar.aspx","","無。","查詢"
"2439","美律","110/08/10","14:30","電話會議。","本公司受邀參加元富證券舉辦之「2021年台股企業日」。","243920210730M001.pdf","243920210730E001.pdf","https://www.merry.com.tw/page/investor/seminar.aspx","","無。","查詢"
"2439","美律","110/08/31","10:00","電話會議。","本公司受邀參加花旗證券舉辦之「Asia TMT Day 2021」。","243920210730M001.pdf","243920210730E001.pdf","https://www.merry.com.tw/page/investor/seminar.aspx","","無。","查詢"
"2439","美律","110/05/04","15:00","電話會議。","1.本公司受邀參加凱基證券舉辦之法人說明會，公布本公司2021年第一季營運成果。2.簡報內容於會議開始前15分鐘置於公開資訊觀測站，請自行下載。3.會議報名網址:https://ib.kgi.com/IBWebSite/Views/Registration/RegistPage.aspx?ActNbr=766。4.活動諮詢:凱基證券 黃靖惠/倪鶴華/林佳嫻/顏意樺，電話:02-2181-8000，分機8011/8014/8006/8010。","243920210504M001.pdf","243920210504E001.pdf","http://www.merry.com.tw/page/investor/seminar.aspx","","無。","查詢"
"2439","美律","110/05/18","10:00","台北君悅酒店。","本公司受邀台新綜合證券舉辦之「2021年第二季台新證券投資論壇」。","243920210506M002.pdf","243920210506E002.pdf","http://www.merry.com.tw/page/investor/seminar.aspx","","無。","查詢"
"2439","美律","110/05/20 至 110/05/21","10:00","電話會議。","本公司受邀參加花旗證券舉辦之「Regional Tech Conference 2021」。","243920210506M001.pdf","243920210506E001.pdf","http://www.merry.com.tw/page/investor/seminar.aspx","","無。","查詢"
"2439","美律","110/06/10 至 110/06/11","09:00","電話會議。","本公司受邀參加Nomura舉辦之「Nomura Greater China Corporate Day」。","243920210506M001.pdf","243920210506E001.pdf","http://www.merry.com.tw/page/investor/seminar.aspx","","無。","查詢"
"2439","美律","110/06/21 至 110/06/22","14:00","電話會議。","本公司受邀參加UBS舉辦之「UBS Taiwan Virtual Conference 2021」。","243920210506M001.pdf","243920210506E001.pdf","http://www.merry.com.tw/page/investor/seminar.aspx","","無。","查詢"
"2439","美律","110/01/20","09:30","台北晶華酒店。","本公司受邀參加元富證券及臺灣證券交易所舉辦之「產業論壇」 。","243920210113M001.pdf","243920210113E001.pdf","http://www.merry.com.tw/page/investor/seminar.aspx","","無。","查詢"
"2439","美律","110/01/25","09:30","電話會議。","本公司受邀參加KGI舉辦之法人說明會。","243920210113M002.pdf","243920210113E002.pdf","http://www.merry.com.tw/page/investor/seminar.aspx","","無。","查詢"
"2439","美律","110/02/26","15:00","電話會議。","1.本公司受邀參加Jefferies及富邦證券舉辦之法人說明會，公布本公司2020年第四季營運成果。2.簡報內容於會議開始前15分鐘置於公開資訊觀測站，請自行下載。3.會議網址:https://jefferies.zoom.us/j/99658326097。","243920210226M001.pdf","243920210226E001.pdf","http://www.merry.com.tw/page/investor/seminar.aspx","","無。","查詢"
"2439","美律","110/06/08","15:20","電話會議。","本公司受邀參加群益金鼎證券舉辦之「群益金鼎證券第二季投資論壇」。","243920210506M001.pdf","243920210506E001.pdf","http://www.merry.com.tw/page/investor/seminar.aspx","","無。","查詢"
"2439","美律","110/04/07","14:00","電話會議。","本公司受邀參加櫃買中心及ICA專顧資本舉辦之「探索台股主題論壇」。","243920210226M001.pdf","243920210226E001.pdf","http://www.merry.com.tw/page/investor/seminar.aspx","","無。","查詢"
"2439","美律","110/04/13","14:30","臺北文創(台北市信義區菸廠路88號6樓)。","本公司受邀參加元富證券舉辦之「2021年1H台股企業日」。","243920210226M001.pdf","243920210226E001.pdf","http://www.merry.com.tw/page/investor/seminar.aspx","","無。","查詢"
"2439","美律","110/06/09","15:30","電話會議。","本公司受邀參加元大金控舉辦之「元大金控2021線上創富論壇」。","243920210506M001.pdf","243920210506E001.pdf","http://www.merry.com.tw/page/investor/seminar.aspx","","無。","查詢"
"2439","美律","110/09/07 至 110/09/09","10:00","電話會議。","本公司受邀參加Credit Suisse舉辦之「22nd Credit Suisse Asian Technology Conference」。","243920210730M001.pdf","243920210730E001.pdf","https://www.merry.com.tw/page/investor/seminar.aspx","","無。","查詢"
"2439","美律","110/11/30 至 110/12/01","10:00","電話會議。","本公司受邀花旗證券舉辦之「Taiwan Corporate Day 2021」。","243920211029M001.pdf","243920211029E001.pdf","https://www.merry.com.tw/page/investor/seminar.aspx","","無。","查詢"
"2439","美律","110/03/04","09:00","電話會議。","本公司受邀參加Jefferies及富邦證券舉辦之法人說明會。","243920210226M001.pdf","243920210226E001.pdf","http://www.merry.com.tw/page/investor/seminar.aspx","","無。","查詢"
"2439","美律","110/03/17 至 110/03/18","10:00","電話會議。","本公司受邀參加Bank of America舉辦之「2021 APAC TMT Conference」。","243920210226M001.pdf","243920210226E001.pdf","http://www.merry.com.tw/page/investor/seminar.aspx","","無。","查詢"
"2439","美律","110/07/30","15:00","電話會議。","1.本公司受邀參加元大證券舉辦之法人說明會，公布本公司2021年第二季營運成果。2.簡報內容於會議開始前15分鐘置於公開資訊觀測站，請自行下載。3.會議報名網址:https://reurl.cc/YOqkZa。4.活動諮詢:元大證券 李小姐，電話:(02)2718-1234#6621；E-mail:underwriting.brk@yuanta.com","243920210730M001.pdf","243920210730E001.pdf","http://www.merry.com.tw/page/investor/seminar.aspx","","無。","查詢"
"2439","美律","110/07/09","10:00","電話會議。","本公司受邀參加富邦證券舉辦之「法人座談」。","243920210506M001.pdf","243920210506E001.pdf","https://www.merry.com.tw/page/investor/seminar.aspx","","無。","查詢"
"2439","美律","110/10/29","15:00","電話會議。","1.本公司受邀參加富邦證券舉辦之法人說明會，公布本公司2021年第三季營運成果。2.簡報內容於會議開始前15分鐘置於公開資訊觀測站，請自行下載。3.活動諮詢:富邦證券 盧小姐，Email:ivy.cy.lu@fubon.com。","243920211029M001.pdf","243920211029E001.pdf","https://www.merry.com.tw/page/investor/seminar.aspx","","無。","查詢"
"2439","美律","110/12/02","14:00","台北W飯店(台北市信義區忠孝東路五段10號)。","本公司受邀參加統一證券舉辦之「統一證券2021 Q4冬季投資論壇」。","243920211029M001.pdf","243920211029E001.pdf","https://www.merry.com.tw/page/investor/seminar.aspx","","無。","查詢"
"2439","美律","110/12/03","14:00","電話會議。","本公司受邀參加元大證券舉辦之法人說明會。","243920211029M001.pdf","243920211029E001.pdf","https://www.merry.com.tw/page/investor/seminar.aspx","","無。","查詢"
"2440","太空梭","110/09/22","14:00","線上法說會","公司簡介、營運概況說明","244020210922M001.pdf","244020210922E001.pdf","http://www.spaces.com.tw/zh-tw/a2-8701/法說會報告.html",中文影音檔網址:2440_5_20210922_ch.mp4 ,"無。","查詢"
"2441","超豐","110/01/26","14:30","新竹縣湖口鄉新竹工業區大同路15號6樓(力成科技公司6F訓練教室)","報告2020年度營運成果及未來之營運展望","244120210126M001.pdf","244120210126E001.pdf","https://www.greatek.com.tw",中文影音檔網址:2441_14_20210126_ch.mp4 ,"無","查詢"
"2441","超豐","110/07/27","14:30","線上法說會","報告110年第二季營運成果及未來之營運展望。","244120210727M001.pdf","244120210727E001.pdf","https://www.greatek.com.tw/investor4.html",中文影音檔網址:2441_15_20210727_ch.mp4 ,"現場開放狀況將視疫情指揮中心公告調整，以公開資訊觀測站之公告為準。","查詢"
"2442","新美齊","110/09/02","15:30","Webex視訊會議室","本公司受華南永昌證券邀請舉辦2021年法人說明會，說明本公司之營運概況。參與者請於法人說明會前安裝Webex視訊會議軟體。電腦版請直接輸入URL網址。手機端下載：iOS-APP Store／Android-Google Play。
Webex視訊會議室ID：25541265787密碼：2442 
會議室URL：https://yingjunlian.my.webex.com/yingjunlian.my/j.php?MTID=m5ee03c5962ffc3fd5e7eb3b314b6cbfc","244220210902M001.pdf","244220210902E001.pdf","https://www.jean.com.tw/tw/invest-shareholders-report","","請各位投資先進於9/2(四)15:20前登入會議ID","查詢"
"2442","新美齊","110/12/06","15:30","Webex視訊會議室","本公司受統一證券邀請舉辦2021年第二次法人說明會，說明本公司之營運概況。參與者請於法人說明會前安裝Webex視訊會議軟體。電腦版請直接輸入URL網址。手機端下載：iOS-APP Store／Android-Google Play。
Webex視訊會議室ID：25527605798密碼：12062442 
會議室URL：https://reurl.cc/MkmNO4","244220211206M001.pdf","244220211206E001.pdf","https://www.jean.com.tw/tw/invest-shareholders-report","","請各位投資先進於12/6(一)15:20前登入會議ID。","查詢"
"2444","兆勁","110/03/19","15:10","台北市君悅酒店3樓會議室(台北市信義區松壽路2號)","公司受邀參加日盛證券舉辦之「日盛證券太陽獅春季台股企業日」法說活動","244420210319M001.pdf","244420210319E001.pdf","https://www.abocom.com.tw/",法說會影音連結資訊:https://youtu.be/IoHHF09C2fQ ,"完整財務業務資訊請至公開資訊觀測站之法人說明會覽表或法說會項下查閱","查詢"
"2449","京元電子","110/01/08","09:00","線上法說會","本公司受邀參加Credit Suisse 2021 Greater China Technology and Internet Virtual Conference會中就本公司已公開發佈之財務數字、經營績效等相關資訊做說明。簡報資料請參閱公開資訊觀測站。","244920201102M001.pdf","244920201102E001.pdf","","","無","查詢"
"2449","京元電子","110/05/24","09:00","線上法說會","本公司受邀參加花旗環球證券所舉辦之線上法說會『Citi Regional Tech Conference 2021』，會中就本公司已公開發佈之財務數字、經營績效等相關資訊做說明。簡報資料請參閱公開資訊觀測站。","244920210518M001.pdf","244920210518E001.pdf","","","無","查詢"
"2449","京元電子","110/05/20","09:00","線上法說會","本公司受邀參加花旗環球證券所舉辦之線上法說會『Citi Regional Tech Conference 2021』，會中就本公司已公開發佈之財務數字、經營績效等相關資訊做說明。簡報資料請參閱公開資訊觀測站。","244920210518M001.pdf","244920210518E001.pdf","","","無","查詢"
"2449","京元電子","110/04/07","11:00","線上法說會","本公司受邀參加台灣證券交易所與高盛舉辦的Taiwan Stock Exchange and Goldman Sachs Taiwan Virtual Corporate Day 2021，會中就本公司已公開發佈之財務數字、經營績效等相關資訊做說明。簡報資料請參閱公開資訊觀測站。","244920210312M001.pdf","244920210312E001.pdf","","","無","查詢"
"2449","京元電子","110/09/07 至 110/09/09","09:00","線上法說會","本公司110年09月07日至09月09日受邀參加瑞士信貸證券舉辦的22nd Credit Suisse Asian Technology Conference，會中就本公司已公開發佈之財務數字、經營績效等相關資訊做說明。簡報資料請參閱公開資訊觀測站。","244920210825M001.pdf","244920210825E001.pdf","","","無","查詢"
"2449","京元電子","110/06/22","09:00","線上法說會","本公司將參加瑞銀證券所舉辦之線上法說會 -『UBS Taiwan Virtual Conference 2021』，會中就本公司已公開發佈之財務數字、經營績效等相關資訊做說明。簡報資料請參閱公開資訊觀測站。","244920210518M001.pdf","244920210518E001.pdf","","","無","查詢"
"2449","京元電子","110/03/18","09:00","線上法說會","本公司受邀參加美銀證券（BofA Securities）舉辦的2021 APAC TMT Conference，會中就本公司已公開發佈之財務數字、經營績效等相關資訊做說明。簡報資料請參閱公開資訊觀測站。","244920210312M001.pdf","244920210312E001.pdf","","","無","查詢"
"2449","京元電子","110/11/16","09:00","線上法說會","本公司110年11月16日受邀參加摩根大通證券舉辦之Global TMT Conference in Asia，簡報資料請參閱公開資訊觀測站。","244920211110M001.pdf","244920211110E001.pdf","","","無","查詢"
"2449","京元電子","110/11/18 至 110/11/19","09:00","線上法說會","本公司110年11月18日至11月19日受邀參加摩根士丹利證券舉辦之Twentieth Annual Asia Pacific Summit，簡報資料請參閱公開資訊觀測站。","244920211110M001.pdf","244920211110E001.pdf","","","無","查詢"
"2450","神腦","110/08/30","14:00","線上法說會","本公司受邀參加日盛證券舉辦之線上法人說明會，就公司經營實績向投資機構說明","245020210830M001.pdf","245020210830E001.pdf","https://www.senao.com.tw/invest06.php","","無","查詢"
"2450","神腦","110/12/27","14:00","線上法說會","本公司受邀參加台新證券舉辦之線上法人說明會，就公司經營實績向投資機構說明","245020211227M001.pdf","245020211227E001.pdf","https://www.senao.com.tw/invest06.php","","無","查詢"
"2451","創見","110/11/05","15:00","創見資訊視聽教室(台北市內湖區行忠路70號)","說明本公司財務業務相關資訊","245120211105M001.pptx","245120211105E001.pptx","https://tw.transcend-info.com/about/conference",法說會影音連結資訊:https://youtu.be/I-rB8hA3o9U ,"無","查詢"
"2453","凌群","110/03/30","14:00","本公司簡報室(台北市峨眉街115號B1)","說明本公司一０九年度營運概況","245320210330M001.pdf","245320210330E001.pdf","http://www.syscom.com.tw/investor/It_Corporation.aspx",中文影音檔網址:2453_5_20210330_ch.mp4 ,"無","查詢"
"2454","聯發科","110/05/20 至 110/06/23","10:00","線上法說會","公告本公司110年5月20日至5月21日受邀參加花旗證券舉辦之Regional Tech Conference 2021、110年5月26日至5
月27日受邀參加高盛證券舉辦之Virtual TechNet
Conference Asia Pacific 2021、110年6月2日至6月4日受邀參加野村證券舉辦之Nomura Investment Forum Asia
2021、110年6月2日至6月4日受邀參加里昂證券舉辦之
CLSA Taiwan Access Day及110年6月21至6月23日受邀參
加瑞銀證券舉辦之UBS Taiwan Virtual Conference 2021，簡報資料請參閱公開資訊觀測站。","245420210519M001.pdf","245420210519E001.pdf","","","無","查詢"
"2454","聯發科","110/04/28","15:00","線上法說會","(1) 公布本公司2021年第1季財務報告及2021年第2季業績展望。 (2) 參加方式：請參見https://corp.mediatek.tw/investor-relations/financial-information/quarterly-earnings","245420210428M001.pdf","245420210428E001.pdf","www.mediatek.com",:未輸 法說會影音連結資訊:https://webpage-ott2b.cdn.hinet.net/webpage/watch?contentProvider=mediatek&v=43959 ,"無","查詢"
"2454","聯發科","110/01/27","16:00","線上法說會","聯發科技股份有限公司(代號：2454)擬於2021年1月27日(星期三)舉行2020年第四季線上法人說明會，由執行長蔡力行先生以及財務長顧大為先生擔任主講人，報告本公司的營運成果並回答投資人提問。
有意參加者可透過網路連結至本公司網站之投資人專區參加線上法人說明會。欲提問之投資人請撥打以下電話號碼參加會議。
日程及網路會議網址：
日期: 2021年1月27日(星期三)
 時間: 4:00 – 5:00 p.m.      語言: 英文
 網址: http://wms.gridow.com/ir/mediatek/en/mediatek_2020Q4_en.html
電話法人說明會撥打號碼: +886-2-21928016
電話接通後，請按代碼: 309705#
本公司當季財務報告新聞稿您可以於會議前 10至15分鐘至本公司網站www.mediatek.com下載。若您有任何問題請撥打+ 886-3-567-0766 與我們的投資人關係專人連絡。","245420210127M002.pdf","245420210127E002.pdf","www.mediatek.com",同步收看網址：:http://wms.gridow.com/ir/mediatek/en/mediatek_2020Q4_en.html 法說會影音連結資訊:http://wms.gridow.com/ir/mediatek/en/mediatek_2020Q4_en.html ,"無","查詢"
"2454","聯發科","110/08/18 至 110/08/31","09:00","線上法說會","公告本公司110年8月18日受邀參加高盛證券舉辦之TWN Semis, Foundry, OSAT, IC Design Supply Chain Virtual Day及110年8月27日至8月31日受邀參加花旗證券舉辦之Asia TMT Day 2021，簡報資料請參閱公開資訊觀測站。","245420210727M001.pdf","245420210727E001.pdf","","","無","查詢"
"2454","聯發科","110/02/22 至 110/02/23","14:00","線上法說會","公告本公司110年2月22日至2月23日受邀參加摩根大通證券舉辦之Taiwan CEO-CFO Conference，會中就本公司已公開發佈之財務數字、經營績效等相關資訊做說明。簡報資料請參閱公開資訊觀測站。","245420210127M002.pdf","245420210127E002.pdf","","","無","查詢"
"2454","聯發科","110/10/26","15:00","線上法說會","(1) 公布本公司2021年第3季財務報告及2021年第4季業績展望。 
(2) 參加方式：請參見https://corp.mediatek.tw/investor-relations/financial-information/quarterly-earnings","245420211026M001.pdf","245420211026E001.pdf","http://www.mediatek.com",同步收看網址：:https://webpage-ott2b.cdn.hinet.net/webpage/watch?contentProvider=mediatek&v=54751 法說會影音連結資訊:https://webpage-ott2b.cdn.hinet.net/webpage/watch?contentProvider=mediatek&v=54751 ,"無","查詢"
"2454","聯發科","110/07/27","15:00","線上法說會","(1) 公布本公司2021年第2季財務報告及2021年第3季業績展望。 (2) 參加方式：請參見https://corp.mediatek.tw/investor-relations/financial-information/quarterly-earnings","245420210727M001.pdf","245420210727E001.pdf","www.mediatek.com",同步收看網址：:https://webpage-ott2b.cdn.hinet.net/webpage/watch?contentProvider=mediatek&v=54490 法說會影音連結資訊:https://webpage-ott2b.cdn.hinet.net/webpage/watch?contentProvider=mediatek&v=54490 ,"無","查詢"
"2454","聯發科","110/03/09 至 110/03/25","14:00","線上法說會","公告本公司110年3月8日至3月9日受邀參加花旗證券舉辦之Taiwan Corporate Day 2021，110年3月15日至3月17日受邀參加美林證券舉辦之2021 Asia Pacific Telecom, Media &amp; Technology Conference 及110年3月22日至3月25日受邀參加瑞士信貸證券舉辦之Asian Investment Conference，會中就本公司已公開發佈之財務數字、經營績效等相關資訊做說明。簡報資料請參閱公開資訊觀測站。","245420210127M002.pdf","245420210127E002.pdf","","","無","查詢"
"2454","聯發科","110/09/01 至 110/09/17","10:00","線上法說會","公告本公司110年9月1日受邀參加匯豐證券舉辦之Taiwan Executive Forum 、110年9月1日受邀參加摩根大通證券舉辦之6th Annual Asia Tech Tour、110年9月2日受邀參加摩根史丹利證券舉辦之Virtual Asia TMT Conference 、110年9月8日至9月10日受邀參加瑞士信貸證券舉辦之22nd CS Asian Technology Conference 、110年9月13日至9月17日受邀參加里昂證券舉辦之28th Annual CITIC CLSA Flagship Investors Forum及110年9月16日受邀參加瑞銀證券舉辦之Asia Tech Tour，簡報資料請參閱公開資訊觀測站。","245420210727M001.pdf","245420210727E001.pdf","","","無","查詢"
"2454","聯發科","110/11/02 至 110/11/10","10:00","線上法說會","公告本公司110年11月2日至11月3日受邀參加匯豐證券舉辦之2021 HSBC Global Emerging Markets Forum及110年11月8日至11月10日受邀參加美林證券舉辦之2021 China Conference，簡報資料請參閱公開資訊觀測站。","245420211026M001.pdf","245420211026E001.pdf","","","無","查詢"
"2454","聯發科","110/11/12 至 110/11/19","10:00","線上法說會","公告本公司110年11月12日受邀參加摩根大通證券舉辦之2021 Global TMT Conference in Asia、110年11月17日至11月18日受邀參加摩根史丹利證券舉辦之Annual Asia Pacific Summit 及110年11月19日受邀參加大和國泰證券舉辦之 Daiwa Investment Conference，簡報資料請參閱公開資訊觀測站。","245420211026M001.pdf","245420211026E001.pdf","","","無","查詢"
"2454","聯發科","110/11/30 至 110/12/08","10:00","線上法說會","公告本公司110年11月30日至12月1日受邀參加花旗證券舉辦之Taiwan Corporate Day 2021、110年12月7日受邀參加瑞銀證券舉辦之Global TMT Virtual Conference 及110年12月8日受邀參加高盛證券舉辦之 Taiwan Semi, Founder, OSAT, IC Design Supply Chain Virtual Day，簡報資料請參閱公開資訊觀測站。","245420211026M001.pdf","245420211026E001.pdf","","","無","查詢"
"2455","全新","110/05/20 至 110/05/21","09:00","電話會議","本公司受邀參加Citi舉辦之“Regional Tech Conference 2021 (Virtual)”電話會議，會中就公司業務狀況等說明。","245520210503M001.pdf","245520210503E001.pdf","http://www.vpec.com.tw","","無","查詢"
"2455","全新","110/05/04 至 110/05/05","09:00","線上法說會","本公司受邀參加Daiwa舉辦之“Daiwa Taiwan Corporate Day 2021（Virtual Meetings）”，會中就公司業務狀況等說明。","245520210503M001.pdf","245520210503E001.pdf","http://www.vpec.com.tw","","無","查詢"
"2455","全新","110/09/09 至 110/09/10","09:00","線上法說會","本公司受邀參加瑞士信貸舉辦之線上法說會22nd Credit Suisse Asian Technology Conference，會中就公司業務狀況等說明。","245520210826M001.pdf","245520210826E001.pdf","http://www.vpec.com.tw","","無","查詢"
"2455","全新","110/09/15","14:30","線上法說會","本公司受邀參加元富證券舉辦之線上法說會「2021年9月台股企業日」，會中就公司業務狀況等說明。","245520210826M001.pdf","245520210826E001.pdf","http://www.vpec.com.tw","","無","查詢"
"2455","全新","110/09/02 至 110/09/03","15:00","線上法說會","本公司受邀參加櫃買中心與ICA專顧資本合辦之『探索台股主題論壇』，會中就公司業務狀況等說明。","245520210826M001.pdf","245520210826E001.pdf","http://www.vpec.com.tw","","無。","查詢"
"2455","全新","110/09/02","14:00","線上法說會","本公司受邀參加富邦證券舉辦2021Q3富邦投資論壇，會中就公司業務狀況等說明。","245520210826M001.pdf","245520210826E001.pdf","http://www.vpec.com.tw","","無。","查詢"
"2455","全新","110/08/27 至 110/08/30","09:00","線上法說會","本公司8/27及8/30受邀參加Citi舉辦之線上法說會“Asia TMT Day 2021”，會中就公司業務狀況等說明。","245520210826M001.pdf","245520210826E001.pdf","http://www.vpec.com.tw","","無。","查詢"
"2455","全新","110/11/11","11:00","線上法說會","本公司受邀參加J.P. Morgan舉辦之線上法說會「2021 Global TMT Conference in Asia &amp; 1st Disruptive Tech Conference in India 」，會中就公司業務狀況等說明。","245520211109M001.pdf","245520211109E001.pdf","http://www.vpec.com.tw","","無","查詢"
"2455","全新","110/11/30 至 110/12/01","09:00","線上法說會","本公司受邀參加Citi舉辦線上法說會Taiwan Corporate Day 2021，會中就公司業務狀況等說明。","245520211109M001.pdf","245520211109E001.pdf","http://www.vpec.com.tw","","無","查詢"
"2455","全新","110/11/16","15:15","台北君悅酒店3樓(台北市信義區松壽路2號)","本公司受邀參加台新證券2021第四季雪亮投資論壇，會中就公司業務狀況等說明。","245520211109M001.pdf","245520211109E001.pdf","http://www.vpec.com.tw","","無","查詢"
"2455","全新","110/12/02 至 110/12/03","15:00","線上法說會","本公司受邀參加CL Securities Taiwan舉辦線上法說會CLSA Taiwan Market Mover 2022 Access Day，會中就公司業務狀況等說明。","245520211109M001.pdf","245520211109E001.pdf","http://www.vpec.com.tw","","無","查詢"
"2455","全新","110/12/08","17:00","線上法說會","本公司受邀參加ICA Research舉辦線上法說會BEST of Asia Discovery Conference 2021，會中就公司業務狀況等說明。","245520211109M001.pdf","245520211109E001.pdf","http://www.vpec.com.tw","","無","查詢"
"2457","飛宏","110/08/25","14:30","台証金融大樓台北廳會議室(地址:台北市中山區建國北路一段96號13樓)","本公司110年第2季財務暨營運報告。","245720210825M001.pdf","245720210825E001.pdf","https://www.phihong.com.tw/index.php?route=investors/investors&amp;internal_type_id=36&amp;zong=7","","無","查詢"
"2458","義隆","110/04/28","14:30","台北國際會議中心102室 (台北市信義路五段1號1樓)","本公司將召開2021年第1季法人說明會，公布本公司2021年第1季財務報告及2021年第2季業績展望。","245820210428M001.pdf","245820210428E001.pdf","http://www.emc.com.tw/emc/tw/Investor/seminar",中文影音檔網址:2458_92_20210428_ch.mp4 ,"無","查詢"
"2458","義隆","110/04/19","16:00","線上會議","本公司參加由富邦證券所舉辦的「Fubon &amp; Jefferies Taiwan Virtual Tour」，將於會中說明本公司近期營運概況。","245820210419M001.pdf","245820210419E001.pdf","","","無","查詢"
"2458","義隆","110/08/03","14:30","線上法說會 (報名後提供會議連結資訊)","本公司將召開2021年第2季線上法人說明會，公布本公司2021年第2季財務報告及2021年第3季業績展望。","245820210803M001.pdf","245820210803E001.pdf","http://www.emc.com.tw/emc/tw/Investor/seminar",中文影音檔網址:2458_97_20210803_ch.mp4 ,"無","查詢"
"2458","義隆","110/02/23","14:30","台北國際會議中心102室 (台北市信義路五段1號1樓)","本公司將召開2020年第4季法人說明會，公布本公司2020年第4季財務報告及2021年第1季業績展望。","245820210223M001.pdf","245820210223E001.pdf","http://www.emc.com.tw/emc/tw/Investor/seminar",中文影音檔網址:2458_89_20210223_ch.mp4 ,"無","查詢"
"2458","義隆","110/08/19","11:30","線上會議","本公司參加美商高盛證券舉辦之「Goldman Sachs Virtual Taiwan Semis, Foundry, OSAT, IC Design Supply Chain Day」，將於會中說明本公司近期營運概況。","245820210818M001.pdf","245820210818E001.pdf","","","無","查詢"
"2458","義隆","110/01/06","10:00","線上法說會","將於會中說明本公司近期營運概況。","245820210105M001.pdf","245820210105E001.pdf","","","無","查詢"
"2458","義隆","110/05/04 至 110/05/05","09:00","線上會議","本公司參加由大和國泰證券所舉辦的「Daiwa Taiwan Corporate Day 2021」，將於會中說明本公司近期營運概況。","245820210503M001.pdf","245820210503E001.pdf","","","無","查詢"
"2458","義隆","110/06/16","14:45","線上會議:14時45分(中文);16時00分(英文)","本公司參加由臺灣證券交易所與元富證券舉辦之「2021年台股領航論壇線上法人說明會」，將於會中說明本公司近期營運概況。","245820210615M001.pdf","245820210615E001.pdf","","","無","查詢"
"2458","義隆","110/06/21","14:00","線上會議","本公司參加由 UBS Securities 所舉辦的 &quot;UBS Taiwan Virtual Conference 2021&quot;，將於會中說明本公司近期營運概況。","245820210617M001.pdf","245820210617E001.pdf","","","無","查詢"
"2458","義隆","110/04/08","14:00","宏遠證券七樓會議室(台北市信義路四段236號7樓)","本公司參加由宏遠證券所舉辦的「2021年台股半導體相關產業投資論壇」，將於會中說明本公司近期營運概況。","245820210408M001.pdf","245820210408E001.pdf","","","無","查詢"
"2458","義隆","110/03/17","10:00","線上會議","本公司參加由 BofA Merrill Lynch 所舉辦的 &quot;2021 Asia Pacific Telecom, Media &amp; Technology Conference&quot;，將於會中說明本公司近期營運概況。","245820210316M001.pdf","245820210316E001.pdf","","","無","查詢"
"2458","義隆","110/09/07","10:00","線上會議","本公司參加由瑞士信貸所舉辦的 &quot;22nd Credit Suisse Asian Technology Conference&quot;，將於會中說明本公司近期營運概況。","245820210902M001.pdf","245820210902E001.pdf","","","無","查詢"
"2458","義隆","110/09/17","14:00","線上會議","本公司參加由凱基證券所舉辦的&quot;2021年第三季KGI線上投資論壇&quot;，將於會中說明本公司近期營運概況。","245820210916M001.pdf","245820210916E001.pdf","","","無","查詢"
"2458","義隆","110/09/28","13:30","線上會議","本公司參加由國泰證券所舉辦的&quot;Taiwan Semiconductor
Virtual Conference&quot;，將於會中說明本公司近期營運概況。","245820210927M001.pdf","245820210927E001.pdf","","","無","查詢"
"2458","義隆","110/11/04","14:30","線上法說會(報名後提供會議連結資訊)","本公司將召開2021年第3季線上法人說明會，公布本公司2021年第3季財務報告及2021年第4季業績展望。","245820211104M001.pdf","245820211104E001.pdf","http://www.emc.com.tw/emc/tw/Investor/seminar",中文影音檔網址:2458_103_20211104_ch.mp4 ,"無","查詢"
"2458","義隆","110/11/26","13:00","台北寒舍艾美酒店2樓-角宿廳","本公司參加由元大證券所舉辦的&quot;元大證券2022年投資論壇&quot;，將於會中說明本公司近期營運概況。","245820211125M001.pdf","245820211125E001.pdf","","","無","查詢"
"2458","義隆","110/10/15","10:20","線上會議","本公司受邀參加由臺灣證券交易所及寬量國際共同主辦之
線上法說會「10th Taiwan CEO Week on Air」，將於會中說明本公司近期營運概況。","245820211014M001.pdf","245820211014E001.pdf","","","無","查詢"
"2458","義隆","110/12/02","15:15","台北市信義區忠孝東路五段10號","本公司受邀參加統一證券舉辦之法人座談會，將於會中說明本公司近期營運概況。","245820211201M001.pdf","245820211201E001.pdf","","","無","查詢"
"2459","敦吉","110/11/12","14:30","線上法說會","本公司受邀參加兆豐證券舉辦之線上法人說明會，向投資人說明2021年第三季營運成果及未來展望。","245920211112M001.pdf","245920211112E001.pdf","http://www.audix.com/_tw/01_audix/03_ir/05_shareholder2.aspx?SID=8&amp;ID=9",法說會影音連結資訊:https://www.youtube.com/watch?v=Gi4yHyGE4sU ,"報名網址：https://reurl.cc/6Dvaar。","查詢"
"2460","建通","110/11/25","14:00","臺灣證券交易所1樓資訊展示中心(台北市信義區信義路五段7號1樓)","業務概況、產業的挑戰、產品發展的方向、產品線及生產設備、合併財務資訊報告。","246020211124M001.pdf","246020211124E001.pdf","http://www.gem.com.tw/fin/gemp.htm",法說會影音連結資訊:https://webpro.twse.com.tw/webportal/vod/101/1BA00471D40D-7AD6D121-4DC4-11EC-BECC/?categoryId=101 ,"無","查詢"
"2461","光群雷","110/11/17","15:00","線上法說會","本公司受邀參加福邦證券舉辦之線上法說會","246120211117M001.pdf","246120211117E001.pdf","http://www.klasergroup.com","","無","查詢"
"2462","良得電","110/12/13","14:00","線上法人說明會","華南永昌證券舉辦線上法人說明會，說明本公司財務及營運概況","246220211213M001.pdf","246220211213E001.pdf","http://www.linetek.com.tw/#/","","無","查詢"
"2464","盟立","110/09/16","14:30","視訊會議","本公司受邀參加中國信託綜合證券舉辦之法人說明會，會中說明本公司營運實績暨營運展望。","246420210916M001.pdf","246420210916E001.pdf","http://www.mirle.com.tw","","無","查詢"
"2465","麗臺","110/12/17","15:30","101大樓一樓資訊展示中心(台北市信義路5段7號)","公司簡介與營運狀況說明。","246520211217M001.pptx","246520211217E001.pptx","https://www.leadtek.com.tw",法說會影音連結資訊:http://webpro.twse.com.tw/ ,"無","查詢"
"2466","冠西電","110/11/24","14:30","南港中信金融園區B棟13樓1302會議室(台北市南港區經貿二路188號13樓)","本公司受邀參加中信證券法人說明會,說明本公司之營運成果及未來展望報告。","246620211124M001.pdf","246620211124E001.pdf","http://www.cosmo-ic.com","","因採實名制以及因應疫情關係,請與會者攜帶口罩及名片","查詢"
"2467","志聖","110/11/23","14:30","台北市信義區松壽路2號1樓 君悅酒店3樓 凱悅廳二區","2021Q3營運成果及市場機會與產品發展","246720211123M001.pdf","246720211123E001.pdf","https://www.csun.com.tw/%e6%b3%95%e4%ba%ba%e8%aa%aa%e6%98%8e%e6%9c%83/",法說會影音連結資訊:https://www.youtube.com/watch?v=duJtXPq-TSo ,"無","查詢"
"2468","華經","110/12/17","10:30","線上法說會","本公司受邀參加元大證券舉辦之法人說明會，說明本公司簡介及營運概況。","246820211216M001.pdf","246820211216E001.pdf","https://fis.com.tw/finance/stake/investor/corporate-information/","","本次採Cisco Webex視訊會議，報名請洽DavidWei@yuanta.com","查詢"
"2471","資通","110/09/17","14:00","線上法說會","110年上半年營運與財務概況","247120210917M001.pptx","247120210917E001.pptx","",中文影音檔網址:2471_8_20210917_ch.mp4 ,"無","查詢"
"2471","資通","110/12/20","14:00","線上法說會","110年前三季營運與財務概況。","247120211220M001.pptx","247120211220E001.pptx","",中文影音檔網址:2471_9_20211220_ch.mp4 ,"無","查詢"
"2472","立隆電","110/02/02","14:00","線上法人說明會","本公司受邀參加&#29319;亞證券舉辦之線上法說會，說明本公司之營運、財務及業務概況","247220210127M001.pdf","247220210127E001.pdf","http://www.lelon.com.tw","","無","查詢"
"2472","立隆電","110/07/20","14:30","線上法人說明會","本公司受邀參加&#29319;亞證券舉辦之線上法說會，說明本公司之營運、財務及業務概況","247220210720M001.pdf","247220210720E001.pdf","http://www.lelon.com.tw","","無","查詢"
"2472","立隆電","110/01/28","14:00","線上法人說明會","本公司受邀參加康和證券舉辦之線上法說會，說明本公司之營運、財務及業務概況","247220210127M001.pdf","247220210127E001.pdf","http://www.lelon.com.tw","","無","查詢"
"2472","立隆電","110/02/04","14:30","兆豐證券總公司13樓會議室 (台北市忠孝東路二段95號)","本公司受邀參加兆豐證券舉辦之法人說明會，說明本公司之營運、財務及業務概況","247220210127M001.pdf","247220210127E001.pdf","http://www.lelon.com.tw","","無","查詢"
"2474","可成","110/01/12 至 110/02/28","09:00","台北","本公司將受凱基證券、元富證券、野村證券、富邦證券、瑞銀證券、花旗證券、美林證券、匯豐證券、高盛證券、瑞士信貸證券、里昂證券、德意志證券、富時證券、摩根大通證券、摩根史坦利證券、大和國泰證券、瑞穗證券、中國信託證券、元大證券、永豐證券、華南永昌證券、日盛證券、兆豐證券、?亞證券，以及其他券商邀請參加投資人會議。會中就本公司已公開發佈之財務數字、經營績效等相關資訊做說明，詳請參閱公開資訊觀測站。","247420201102M001.pdf","247420201102E001.pdf","","","無","查詢"
"2474","可成","110/04/08","09:00","電話會議","本公司受邀參加臺灣證券交易所及高盛證券共同舉辦之Taiwan Corporate Day","247420210312M001.pdf","247420210312E001.pdf","","","無","查詢"
"2474","可成","110/05/20 至 110/05/21","09:00","電話會議","本公司受邀參加花旗證券舉辦之「Regional Tech Conference 2021」","247420210510M001.pdf","247420210510E001.pdf","","","無","查詢"
"2474","可成","110/09/15 至 110/11/15","09:00","台北","本公司將受美林證券、群益證券、花旗證券、里昂證券、瑞士信貸證券、中信銀證券、大和國泰證券、富邦證券、高盛證券、匯豐證券、華南永昌證券、Jefferies證券、日盛證券、摩根大通證券、凱基證券、麥格理證券、元富證券、兆豐證券、瑞穗證券、摩根史坦利證券、野村證券、統一證券、&#29319;亞證券、永豐金證券、台新證券、瑞銀證券、元大證券，以及其他券商邀請參加投資人會議。會中就本公司已公開發佈之財務數字、經營績效等相關資訊做說明，詳請參閱公開資訊觀測站。","247420210826M001.PDF","247420210826E001.PDF","","","無","查詢"
"2474","可成","110/05/11 至 110/06/30","09:00","台北","本公司將受花旗證券、大和國泰證券、元富證券、野村證券、富邦證券、瑞銀證券、凱基證券、美林證券、匯豐證券、高盛證券、瑞士信貸證券、里昂證券、德意志證券、富時證券、摩根大通證券、摩根史坦利證券、瑞穗證券、中國信託證券、元大證券、永豐證券、華南永昌證券、日盛證券、兆豐證券、?亞證券，以及其他券商邀請參加投資人會議。會中就本公司已公開發佈之財務數字、經營績效等相關資訊做說明，詳請參閱公開資訊觀測站。","247420210510M001.pdf","247420210510E001.pdf","","","無","查詢"
"2474","可成","110/09/30","15:00","線上法說會（台灣）","本公司受邀參加由臺灣證券交易所及寬量國際共同主辦之線上法說會「10th Taiwan CEO Week on Air」，說明本公司之營運概況、財務及業務相關資訊。","247420210826M001.PDF","247420210826E001.PDF","","","無","查詢"
"2474","可成","110/02/22 至 110/02/23","09:00","電話會議","本公司受邀參加摩根大通證券舉辦之Taiwan CEO-CFO Conference 2021 Virtual。完整財務業務資訊請至公開資訊觀測站之法人說明會一覽表或法說會項目下查閱。","247420201102M001.pdf","247420201102E001.pdf","","","無","查詢"
"2474","可成","110/03/16 至 110/03/17","09:00","電話會議","本公司受邀參加美銀美林證券舉辦之2021 Asia Pacific Telecom, Media &amp; Technology Conference","247420210312M001.pdf","247420210312E001.pdf","","","無","查詢"
"2474","可成","110/03/23 至 110/03/25","09:00","電話會議","本公司受邀參加瑞信證券舉辦之24th Credit Suisse Asian Investment Conference","247420210312M001.pdf","247420210312E001.pdf","","","無","查詢"
"2474","可成","110/06/22","09:00","電話會議","本公司受邀參加瑞銀證券舉辦之「UBS Taiwan Virtual Conference 2021」","247420210510M001.pdf","247420210510E001.pdf","","","無","查詢"
"2474","可成","110/08/31","14:00","虛擬線上會議","本公司受邀參加花旗證券舉辦之Citi Asia TMT Day 2021","247420210826M001.PDF","247420210826E001.PDF","","","無","查詢"
"2474","可成","110/09/07 至 110/09/08","09:00","虛擬線上會議","本公司受邀參加瑞士信貸證券舉辦之22nd Credit Suisse Asian Technology Conference","247420210826M002.PDF","247420210826E002.PDF","","","無","查詢"
"2474","可成","110/05/25 至 110/05/27","09:00","電話會議","本公司受邀參加大和國泰證券舉辦之「Daiwa Investment Conference US 2021 (Virtual)」","247420210510M001.pdf","247420210510E001.pdf","","","無","查詢"
"2474","可成","110/11/19 至 111/01/19","09:00","台北","本公司將受美林證券、群益證券、花旗證券、里昂證券、瑞士信貸證券、中信銀證券、大和國泰證券、富邦證券、高盛證券、匯豐證券、華南永昌證券、Jefferies證券、日盛證券、摩根大通證券、凱基證券、麥格理證券、元富證券、兆豐證券、瑞穗證券、摩根史坦利證券、野村證券、統一證券、&#29319;亞證券、永豐金證券、台新證券、瑞銀證券、元大證券，以及其他券商邀請參加投資人會議。會中就本公司已公開發佈之財務數字、經營績效等相關資訊做說明，詳請參閱公開資訊觀測站。","247420211108M001.pdf","247420211108E001.pdf","","","無","查詢"
"2474","可成","110/12/01","14:00","虛擬線上會議","本公司受邀參加花旗證券舉辦之Citi Taiwan Corporate Day 2021","247420211108M001.pdf","247420211108E001.pdf","","","無","查詢"
"2474","可成","110/11/08","16:00","虛擬線上會議","本公司受邀參加KGI舉辦之法人說明會","247420211108M001.pdf","247420211108E001.pdf","","","無","查詢"
"2474","可成","110/07/14 至 110/09/14","09:00","台北","本公司將受花旗證券、大和國泰證券、元富證券、野村證券、富邦證券、瑞銀證券、凱基證券、美林證券、匯豐證券、高盛證券、瑞士信貸證券、里昂證券、德意志證券、富時證券、摩根大通證券、摩根史坦利證券、瑞穗證券、中國信託證券、元大證券、永豐證券、華南永昌證券、日盛證券、兆豐證券、&#29319;亞證券，以及其他券商邀請參加投資人會議。會中就本公司已公開發佈之財務數字、經營績效等相關資訊做說明，詳請參閱公開資訊觀測站。","247420210510M001.pdf","247420210510E001.pdf","","","無","查詢"
"2474","可成","110/03/05 至 110/04/30","09:00","台北","本公司將受花旗證券、元富證券、野村證券、富邦證券、瑞銀證券、凱基證券、美林證券、匯豐證券、高盛證券、瑞士信貸證券、里昂證券、德意志證券、富時證券、摩根大通證券、摩根史坦利證券、大和國泰證券、瑞穗證券、中國信託證券、元大證券、永豐證券、華南永昌證券、日盛證券、兆豐證券、&#29319;亞證券，以及其他券商邀請參加投資人會議。會中就本公司已公開發佈之財務數字、經營績效等相關資訊做說明，詳請參閱公開資訊觀測站。","247420210312M001.pdf","247420210312E001.pdf","","","無","查詢"
"2476","鉅祥","110/11/11","14:00","線上法說會","本公司將參加群益金鼎證券舉辦之法人說明會，公布營運成果","247620211111M001.pdf","247620211111E001.pdf","","","無","查詢"
"2477","美隆電","110/11/25","16:00","臺灣證券交易所1樓資訊展示中心(台北市信義路五段7號1樓)","公司營運報告","247720211125M001.pdf","247720211125E001.pdf","http://www.meiloon.com.tw/data.php",法說會影音連結資訊:https://webpro.twse.com.tw/webportal/vod/101/1BA00471D40D-1919D043-4DC9-11EC-BECC/?categoryId=101 ,"無","查詢"
"2478","大毅","110/11/09","14:00","線上法說會","公司營運概況報告","247820211109M001.pdf","247820211109E001.pdf","www.tai.com.tw",同步收看網址：:https://wms.gridow.com/ir/tai/tai_2021.html ,"無","查詢"
"2480","敦陽科","110/05/07","14:30","台北市明水路700號(凱基總部大樓)","本公司受邀參加凱基證券110年5月7日舉辦之法人說明會，向投資人說明本公司110年第一季營運成果。","248020210603M001.pdf","248020210603E001.pdf","http://www.sti.com.tw/-inv16-","","會議簡報等資料將依規定於期限前揭露於公開資訊觀測站。","查詢"
"2480","敦陽科","110/08/06","14:30","採Webex線上會議方式","本公司受邀參加凱基證券110年8月6日14點30分線上法說會議，向投資人說明本公司110年第二季營運成果。","248020220804M004.pdf","248020220804E004.pdf","https://www.sti.com.tw/web/official/earnings-call","","報名相關資訊請洽凱基證券倪小姐，電話: (02)2181-8014。","查詢"
"2480","敦陽科","110/11/12","15:30","採Webex線上會議方式","本公司受邀參加凱基證券110年11月12日15點30分線上法說會議，向投資人說明本公司110年第三季營運成果。","248020220804M003.pdf","248020220804E003.pdf","https://www.sti.com.tw/web/official/earnings-call","","報名相關資訊請洽凱基證券倪小姐，電話: (02)2181-8014。","查詢"
"2480","敦陽科","110/03/05","14:30","台北市長安東路一段22號7樓(第一金證券-總公司)","本公司受邀參加第一金證券舉辦之110年3月5日法人說明會，向投資人說明本公司109年第四季營運成果。","248020210304M002.pdf","248020210304E002.pdf","http://www.sti.com.tw/-inv16-","","更正相關受邀法人說明會之主辦證券商.其他相關時間.地點皆無異動。","查詢"
"2481","強茂","110/02/03","14:00","線上法人說明會","本公司受邀參加HSBC舉辦之線上法說會","248120201203M001.pdf","248120201203E001.pdf","https://www.panjit.com.tw/tw/Investors/Financial_information/Investors_conference","","無","查詢"
"2481","強茂","110/01/20","16:00","台北晶華酒店(台北市中山北路二段39巷3號)","本公司受邀參加元富證券與證交所聯合舉辦之「The Great Reset –New Industry Landscape after COVID-19」重啟後疫情時代的產業新型態論壇。","248120201203M001.pdf","248120201203E001.pdf","https://www.panjit.com.tw/tw/Investors/Financial_information/Investors_conference","","無","查詢"
"2481","強茂","110/04/16","14:30","台新證券建北大樓(台北市中山區建國北路一段96號B1會議室)","本公司受邀參加台新綜合證券所舉辦之法人說明會","248120210416M001.pdf","248120210416E001.pdf","https://www.panjit.com.tw/tw/Investors/Financial_information/Investors_conference","","無","查詢"
"2481","強茂","110/03/17","14:30","線上法說會","本公司受邀參加元大證券舉辦之線上產業論壇，說明本公司產業概況、營運成果及未來展望。","248120201203M001.pdf","248120201203E001.pdf","https://www.panjit.com.tw/tw/Investors/Financial_information/Investors_conference","","無","查詢"
"2481","強茂","110/03/19","14:00","張榮發基金會國際會議中心10F(台北市中正區中山南路 11 號)","本公司受邀參加凱基證券舉辦之第一季投資產業論壇，說明本公司產業概況、營運成果及未來展望。","248120201203M001.pdf","248120201203E001.pdf","https://www.panjit.com.tw/tw/Investors/Financial_information/Investors_conference","","無","查詢"
"2481","強茂","110/03/02","14:00","線上法人說明會","受邀參加永豐金證券主辦之【2021 Q1產業投資線上論壇】，說明本公司營運概況、財務及業務相關資訊。","248120201203M001.pdf","248120201203E001.pdf","https://www.panjit.com.tw/tw/Investors/Financial_information/Investors_conference","","無","查詢"
"2481","強茂","110/03/10","14:40","線上法人說明會","本公司受邀參加國泰證券舉辦之線上論壇，說明本公司產業概況、營運成果及未來展望。","248120201203M001.pdf","248120201203E001.pdf","https://www.panjit.com.tw/tw/Investors/Financial_information/Investors_conference","","無","查詢"
"2482","連宇","110/11/17","16:00","線上法說會","本公司受邀參加元大證券舉辦之2021產業座談會,
說明本公司之營運概況及財務業務相關資訊。","248220211116M002.pdf","248220211116E002.pdf","https://uicpayworld.com/investor-relations/","","無。","查詢"
"2483","百容","110/05/07","14:30","台北市信義區信義路五段7號1樓證券交易所資訊展示中心","百容電子法人說明會-2021.Q1營運說明","248320210506M001.pdf","248320210506E001.pdf","https://www.ece.com.tw/zh-tw/investor-conference",法說會影音連結資訊:https://webpro.twse.com.tw/webportal/vod/101/C79FB926DAA6-60AA8270-AF00-11EB-882F/?categoryId=101 ,"完整財務資訊請至公開資訊觀測站之法人說明會一覽表或法說會項下查閱","查詢"
"2483","百容","110/11/05","14:30","台北市信義區信義路五段7號1樓證券交易所資訊展示中心","百容電子法人說明會-2021.Q3營運說明","248320211104M001.pdf","248320211104E001.pdf","https://www.ece.com.tw/zh-tw/",法說會影音連結資訊:https://webpro.twse.com.tw/webportal/vod/101/370BE00FFE36-7E813C52-3E05-11EC-831C/?categoryId=101 ,"無","查詢"
"2484","希華","110/11/23","14:00","報名完成即發送參加網址
報名方式：電話(02) 2747-8266傳真：(02) 7706-1897","受統一證券企業法人部邀請舉辦法人說明會，為各界投資先進說明公司所屬產業及營運狀況","248420211123M001.pdf","248420211123E001.pdf","http://www.siward.com.tw","","無","查詢"
"2485","兆赫","110/12/21","14:30","台北市忠孝東路二段95號13樓(兆豐證券13樓會議室)","本公司受邀參加兆豐證券所舉辦之法人說明會","248520211221M001.pdf","248520211221E001.pdf","","","無","查詢"
"2486","一詮","110/09/28","14:30","福邦證券股份有限公司
台北市忠孝西路一段6號7樓 B會議室","本公司受邀參加福邦證券舉辦之法人說明會","248620210928M001.pptx","248620210928E001.pptx","","","採實名制及因防疫期間關係，請與會者全程務必帶口罩。","查詢"
"2488","漢平","110/02/26","14:00","本公司生產大樓六樓(台南市仁德區中正路三段256號)","本公司2020年第四季財務暨營運報告","248820210226M001.pdf","248820210226E001.pdf","http://www.hanpin.com.tw",法說會影音連結資訊:http://www.hanpin.com.tw ,"無","查詢"
"2489","瑞軒","110/12/15","15:30","福邦證券總公司(台北市忠孝西路一段6號7樓 B會議室)","本公司受邀參加福邦證券所舉辦之法人說明會","248920211215M001.pdf","248920211215E001.pdf","http://www.amtran.com.tw/file.php?id=8","","無。","查詢"
"2491","吉祥全","110/10/22","14:00","桃園市桃園區大仁路50巷51弄19號","公司簡介與營運狀況說明","249120211022M001.pdf","249120211022E001.pdf","https://www.focl.com.tw/investor.php",中文影音檔網址:2491_5_20211022_ch.mp4 ,"無","查詢"
"2492","華新科","110/09/09","09:00","線上法說會","本公司受邀參加瑞士信貸舉辦之22nd Credit Suisse Asian Technology Conference線上法說會,主要內容為本公司營運概況說明等","249220210908M001.pdf","249220210908E001.pdf","http://www.passivecomponent.com","","無","查詢"
"2492","華新科","110/03/23 至 110/03/24","14:00","線上法說會","本公司於110/03/23~110/03/24受邀參加由美銀證券舉辦之BofA 2021 APAC TMT Conference線上論壇, 主要內容為本公司營運概況說明等","249220210322M001.pdf","249220210322E001.pdf","http://www.passivecomponent.com","","無","查詢"
"2493","揚博","110/04/14","14:50","台北市信義區信義路5段7號1樓(證券交易所資訊展示中心)","本公司受邀參加台灣證券交易所舉辦之『智慧製造主題式業績發表會』，公司營運概況、業務及財務說明。","249320210412M001.pdf","249320210412E001.pdf","http://www.ampoc.com.tw",法說會影音連結資訊:https://webpro.twse.com.tw/webportal/vod/101/0DDBA84EE60D-341D0E37-9CF2-11EB-BA56/?categoryId=101 ,"無","查詢"
"2495","普安","110/11/17","14:00","線上法說會","本公司受邀參加元大證券舉辦之線上產業座談會，報告本公司營運狀況。","249520211111M001.pdf","249520211111E001.pdf","https://www.infortrend.com/tw/about/investors?tab=Conference","","無。","查詢"
"2496","卓越","110/03/19","16:10","台北君悅酒店(台北市信義區松壽路2號3樓)","本公司受邀參加「日盛證券太陽獅春季台股企業日」，說明公司營運現況及未來展望。","249620210319M001.pdf","249620210319E001.pdf","","","無","查詢"
"2496","卓越","110/12/22","14:00","台北市中正區許昌街17號15樓","本公司受邀參加康和證券舉辦之法人說明會，說明公司營運現況及未來展望","249620211222M001.pdf","249620211222E001.pdf","","","無","查詢"
"2497","怡利電","110/09/14","14:00","線上法說會。","本公司受邀參加元大證券舉辦之產業座談會，報告本公司營運狀況。","249720210914M001.pdf","249720210914E001.pdf","http://www.e-lead.com.tw","","無","查詢"
"2497","怡利電","110/11/26","11:00","台北寒舍艾美酒店２樓室宿廳。","本公司受邀參加元大證券舉辦之2022年投資論壇，報告本公司營運狀況。","249720211125M001.pdf","249720211125E001.pdf","http://www.e-lead.com.tw","","無","查詢"
"2498","宏達電","110/03/10","16:00","線上法說會","本公司受邀參加HSBC舉辦之線上法人說明會。","249820201201M001.pdf","249820201201E001.pdf","https://investors.htc.com/tw/","","無。","查詢"
"2498","宏達電","110/11/24","09:00","線上機構法人說明會","本公司受邀參加中銀國際舉辦之Tech Investor Corporate Day，會中就本公司已公開之財務數字、經營概況等相關資訊進行說明。","249820211123M001.pdf","249820211123E001.pdf","https://investors.htc.com/tw/","","無。","查詢"
"2498","宏達電","110/12/09","10:30","台北遠東國際大飯店(台北市敦化南路二段201號B1)","本公司受邀參加國泰證券舉辦之產業論壇，會中就本公司已公開之資訊進行說明。","249820211123M001.pdf","249820211123E001.pdf","https://investors.htc.com/tw/","","無。","查詢"
"2501","國建","110/11/22","14:30","線上會議。","本公司受邀參加國泰證券舉辦之法人說明會，簡介本公司營運績效及策略。","250120211122M001.pdf","250120211122E001.pdf","","","無。","查詢"
"2504","國產","110/09/14","14:30","線上投資論壇","公司簡報及營運狀況說明","250420210914M001.pptx","250420210914E001.pptx","","","無","查詢"
"2504","國產","110/04/27","13:30","集思北科大會議中心(台北市大安區忠孝東路三段1號－億光大樓2樓)","公司簡報及營運狀況說明","250420210427M001.pptx","250420210427E001.pptx","","","無","查詢"
"2505","國揚","110/11/19","14:30","福邦證券總公司(台北市忠孝西路一段6號7樓 B會議室)","本公司受邀參加福邦證券總公司舉辦之法人說明會,簡介本公司營運績效及策略","250520211119M001.pptx","250520211119E001.pptx","","","無","查詢"
"2506","太設","110/12/16","16:00","臺灣證券交易所資訊展示中心(臺北市信義路5段7號1樓)","(1)公司概況(2)產業概況(3)營運概況(4)財務概況(5)未來展望 等說明。","250620211213M001.pdf","250620211213E001.pdf","https://www.pacific-group.com.tw/",法說會影音連結資訊:https://webpro.twse.com.tw/webportal/vod/101/2182451A5070-9F10EFD2-6EFA-11ED-8D56/?categoryId=101 ,"無。","查詢"
"2509","全坤建","110/07/20","14:30","臺灣證券交易所一樓資訊展示中心","公司簡介及營運報告","250920210716M001.pdf","250920210716E001.pdf","http://www.gtg.com.tw/page/investment/doc.aspx?kind=4&amp;da=n5",同步收看網址：:https://webpro.twse.com.tw/webportal/vod/101/DFE466014C72-518BD670-E926-11EB-8CAB/?categoryId=101 法說會影音連結資訊:未輸 ,"無","查詢"
"2511","太子","110/08/31","14:00","線上法說會","本公司受邀參加兆豐證券舉辦之線上法說會，說明本公司財務及營運展望。","251120210826M001.pdf","251120210826E001.pdf","https://www.prince.com.tw/fr_legal_brief.php","","無","查詢"
"2511","太子","110/04/22","14:00","線上法說會","本公司受邀參加中國信託證券舉辦之線上法說會，說明本公司營運及財務概況。","251120210420M001.pdf","251120210420E001.pdf","https://www.prince.com.tw/fr_legal_brief.php","","無","查詢"
"2514","龍邦","110/12/20","15:00","線上法說會","本公司受邀參加元大證舉辦之線上法說會，就本公司已公開發布之財務數字、經營績效等相關資訊做說明。","251420211221M001.pdf","251420211221E001.pdf","","","無","查詢"
"2515","中工","110/12/24","14:00","(線上法說會)","本公司受邀參加統一綜合證券企業法人部舉辦之線上法人說明會，說明本公司營運概況。","251520211224M001.pdf","251520211224E001.pdf","http://www.bes.com.tw",中文影音檔網址:2515_5_20211224_ch.mp4 ,"相關資訊依規定揭露於「公開資訊觀測站」及公司網站。","查詢"
"2516","新建","110/12/29","15:30","臺灣證券交易所1樓資訊展示中心(台北市信義區信義路五段7號1樓)","介紹本公司財務營運概況及未來展望","251620211229M001.pdf","251620211229E001.pdf","http://www.newasia.com.tw/investorEvent",同步收看網址：:https://webpro.twse.com.tw/webportal/vod/101/3B61E9240065-2ECCDB42-6881-11EC-8D31/?categoryId=101 法說會影音連結資訊:https://webpro.twse.com.tw/webportal/vod/101/3B61E9240065-2ECCDB42-6881-11EC-8D31/?categoryId=101 ,"無","查詢"
"2520","冠德","110/11/25","14:00","線上法人說明會","本公司受邀參加國泰證券舉辦之線上法人說明會，說明本公司前三季營運成果。","252020211125M001.pdf","252020211125E001.pdf","https://www.kindom.com.tw/","","無","查詢"
"2524","京城","110/12/17","14:30","線上法說會。","本公司受邀參加統一證券所舉辦之線上法說會，會中就本公司今年之財務、業務狀況及未來房地產市場展望作說明","252420211217M001.pdf","252420211217E001.pdf","http://www.kingtown.com.tw/","","無。","查詢"
"2527","宏璟","110/12/17","14:00","線上法人說明會","本公司受邀參加富邦證券舉辦之線上法人說明會，說明本公司營運概況。","252720211217M001.pdf","252720211217E001.pdf","http://www.asehcc.com.tw/","","無","查詢"
"2528","皇普","110/11/18","15:00","台北市忠孝西路一段6號7樓 B會議室","公司簡報及營運狀況說明","252820211112M001.pdf","252820211112E001.pdf","","","無","查詢"
"2530","華建","110/09/07","15:00","線上法說會","公司簡介及營運狀況等說明","253020210907M001.pdf","253020210907E001.pdf","",同步收看網址：:http://www.zucast.com/webcast/LbCjZahL 法說會影音連結資訊:http://www.zucast.com/webcast/LbCjZahL ,"無","查詢"
"2530","華建","110/12/24","15:00","線上法說會","公司簡介及營運狀況等說明","253020211224M001.pdf","253020211224E001.pdf","",同步收看網址：:http://www.zucast.com/webcast/95eMtt5s 法說會影音連結資訊:http://www.zucast.com/webcast/95eMtt5s (請輸入網址名稱(註)):未輸 ,"無","查詢"
"2534","宏盛","110/12/17","14:30","線上法說會","本公司受邀參加群益金鼎證券舉辦之法說會說明本公司
營運現況及展望。","253420211216M003.pdf","253420211216E003.pdf","https://www.hsc.com.tw/area2_3.php","","無","查詢"
"2535","達欣工","110/09/14","15:45","線上法人說明會","本公司受邀參加元富證券舉辦之「2021年台股企業日」","253520210914M001.pdf","253520210914E001.pdf","https://www.dacin.com.tw/investors/calendar.php","","無","查詢"
"2536","宏普","110/09/15","16:00","線上法說會","本公司受邀參加元大證券舉辦之線上法說會，說明本公司業務與財務狀況。","253620210909M001.pdf","253620210909E001.pdf","http://www.hong-pu.com.tw/index.php/milestone20/milestone26","","無","查詢"
"2537","聯上發","110/11/25","15:00","線上法說會","本公司受邀參加元大證券舉辦之線上產業座談會","253720211125M001.pdf","253720211125E001.pdf","https://www.5v.com.tw/","","無。","查詢"
"2538","基泰","110/09/29","14:00","線上法人說明會","說明本公司營運概況及未來展望","253820210929M001.pdf","253820210929E001.pdf","http://www.keetai.com.tw/investment/investment001c_001.html",同步收看網址：:http://www.zucast.com/webcast/GapuhB8Q 法說會影音連結資訊:http://www.zucast.com/webcast/GapuhB8Q ,"無","查詢"
"2539","櫻花建","110/12/28","14:30","臺灣證券交易所1樓資訊展示中心(台北市信義區信義路五段7號1樓)","本公司自辦法人說明會，就本公司已公開發佈之近期財務數字及營運成果等相關資訊做說明。","253920211228M001.pdf","253920211228E001.pdf","https://www.sakurad.com.tw/",同步收看網址：:https://webpro.twse.com.tw/webportal/vod/101/3B61E9240065-6859E3A9-67AC-11EC-8D31/?categoryId=101 法說會影音連結資訊:https://webpro.twse.com.tw/webportal/vod/101/3B61E9240065-6859E3A9-67AC-11EC-8D31/?categoryId=101 ,"無","查詢"
"2540","愛山林","110/12/02","15:00","台北市興安街60號B2","本公司受邀參加富邦證券舉辦之法人說明會","254020211202M001.pdf","254020211202E001.pdf","",法說會影音連結資訊:未輸 ,"無","查詢"
"2542","興富發","110/11/24","14:00","線上法人說明會","本公司受邀參加國泰綜合證券舉辦之線上法人說明會，會中說明本公司之財務及營運概況。","254220211124M001.pdf","254220211124E001.pdf","https://www.highwealth.com.tw/stakeholder.php?data_type=stock&amp;page_type=law","","無","查詢"
"2543","皇昌","110/12/14","16:00","台北市敦化南路二段97號11樓(元富證券11樓教育訓練室)","本公司受邀參加元富證券舉辦之法人說明會，會議中說明本公司財務暨營運概況","254320211214M001.pdf","254320211214E001.pdf","http://www.hcgc.com.tw/shareHolder/investor","","無","查詢"
"2545","皇翔","110/11/18","15:00","線上法說會","本公司受邀參加元大證券舉辦之線上法說會，報告本公司營運狀營運狀況。","254520211117M001.pdf","254520211117E001.pdf","","","無","查詢"
"2546","根基","110/11/25","14:30","線上法人說明會","本公司受邀參加國泰證券舉辦之線上法人說明會，說明本公司前三季營運成果。","254620211125M001.pdf","254620211125E001.pdf","https://www.kedge.com.tw/","","無","查詢"
"2547","日勝生","110/05/20","14:30","線上法說會(電話會議)","本公司受邀參加日盛證券舉辦之線上法人說明會，說明本公司營運概況","254720210520M001.pdf","254720210520E001.pdf","http://www.radium.com.tw/","","無。","查詢"
"2547","日勝生","110/11/18","14:30","線上法說會(網路直播)","本公司受邀參加凱基證券舉辦之線上法人說明會，說明本公司營運概況","254720211118M001.pdf","254720211118E001.pdf","http://www.radium.com.tw/","","無。","查詢"
"2548","華固","110/08/17","14:00","線上法說會","本公司受邀參加統一證券舉辦之線上法說會，說明本公司營運現況及展望。","254820210816M001.pdf","254820210816E001.pdf","","","無。","查詢"
"2548","華固","110/11/24","15:30","台北萬豪酒店","本公司受邀參加中國信託證券舉辦之法說會，說明本公司營運現況與展望。","254820211122M001.pdf","254820211122E001.pdf","","","無。","查詢"
"2597","潤弘","110/11/15","14:00","臺灣證券交易所1樓資訊展示中心(台北市信義路五段7號1樓)","說明本公司近期之營運成果與未來展望","259720211115M001.pdf","259720211115E001.pdf","https://www.rtc.com.tw",法說會影音連結資訊:https://webpro.twse.com.tw/WebPortal/vod/101/1BA00471D40D-DF9FDAD7-45E7-11EC-BECC/?categoryId=101 ,"無","查詢"
"2601","益航","110/12/27","16:00","臺灣證券交易所1樓資訊展示中心
(台北市信義路五段7號1樓)","公司簡報與營運概況說明","260120211227M001.pptx","260120211227E001.pptx","https://www.firsteam.com.tw/index.html",同步收看網址：:https://webpro.twse.com.tw/WebPortal/?liveChannelId=1 法說會影音連結資訊:https://webpro.twse.com.tw/WebPortal/vod/101/3B61E9240065-93EC64F2-66F0-11EC-8D31/?categoryId=101 ,"無","查詢"
"2603","長榮","110/08/20","15:00","張榮發基金會國際會議中心8樓及10樓(台北市中正區中山南路11號8樓及10樓)","受邀參加永豐金證券舉辦之法說會，說明本公司之營運概況。","260320211015M001.pdf","260320211015E001.pdf","https://csr.evergreen-marine.com/csr/tw/jsp/CSR_InvestorConference.jsp","","欲參加者需事先報名，請洽永豐金鄒小姐(02)23823207或E-MAIL:joyce.tsou@sinopac.com","查詢"
"2603","長榮","110/04/01","14:00","張榮發基金會國際會議中心8樓801會議廳(台北市中正區中山南路11號8樓)","受邀參加永豐金證券舉辦之法說會，說明本公司之營運概況。","260320211015M002.pdf","260320211015E002.pdf","https://csr.evergreen-marine.com/csr/tw/jsp/CSR_InvestorConference.jsp","","無","查詢"
"2605","新興","110/06/18","11:00","線上法說會","KGI 2021年第二季線上投資論壇","260520210617M001.pdf","260520210617E001.pdf","http://www.snc.com.tw","","無","查詢"
"2605","新興","110/09/02 至 110/09/03","11:00","線上法說會","HSBC Taiwan Executive Forum","260520210831M001.pdf","260520210831E001.pdf","https://www.snc.com.tw","","第一場次: 110年9月2日(四) 11:00 / 第二場次: 110年9月3日(五) 15:00","查詢"
"2606","裕民","110/04/13","15:45","臺北文創(台北市信義區菸廠路88號6樓)","元富證券舉辦之【2021年台股企業日】- 主要目的為向投資人說明本公司2021年第1季之營運概況等資訊","260620210412M001.pdf","260620210412E001.pdf","http://www.uming.com.tw/investor_conferences","","法說會資料揭露於公開資訊觀測站之法說會專區","查詢"
"2606","裕民","110/09/17","14:00","本次為線上舉辦","本公司受邀參加凱基證券KGI 2021年第三季線上投資論壇","260620210916M001.pdf","260620210916E001.pdf","http://www.uming.com.tw/investors/Financial.aspx?ID=INC0001","","法說會資料揭露於公開資訊觀測站之法說會專區","查詢"
"2606","裕民","110/05/26","14:00","本次為線上舉辦-網址https://webpro.twse.com.tw/","本公司受邀參加-證交所2021年「綠色經濟暨航運」產業主題式業績發表會","260620210525M001.pdf","260620210525E001.pdf","http://www.uming.com.tw/investor_conferences","","法說會資料揭露於公開資訊觀測站之法說會專區","查詢"
"2606","裕民","110/06/10","14:35","本次為線上舉辦","本公司受邀參加國泰證券舉辦之「2021 第二季產業論壇」","260620210609M001.pdf","260620210609E001.pdf","http://www.uming.com.tw/investors/Financial.aspx?ID=INC0001","","法說會資料揭露於公開資訊觀測站之法說會專區","查詢"
"2607","榮運","110/04/01","15:00","張榮發基金會國際會議中心10樓1001會議廳(台北市中正區中山南路11號)","受邀參加永豐金證券舉辦之法人說明會，說明本公司之營運概況。","260720210401M001.pdf","260720210401E001.pdf","https://www.evergreen-eitc.com.tw/eitchtdocs/jsp/c_7/c_7_2_5.jsp","","無","查詢"
"2608","嘉里大榮","110/09/09","14:00","台北市信義區信義路五段7號1樓(台灣證券交易所資訊展示中心)","公司將於110/09/09舉辦法人說明會發表上半年營運績效及未來展望。","260820210908M001.pdf","260820210908E001.pdf","https://www.kerrytj.com",同步收看網址：:https://webpro.twse.com.tw 法說會影音連結資訊:https://webpro.twse.com.tw/webportal/vod/101/FD73B9E74465-631F7013-113B-11EC-A66D/?categoryId=101 ,"因應新冠肺炎疫情，請以證交所影音雲直播頻道收看。","查詢"
"2608","嘉里大榮","110/12/08","14:30","台北市大安區忠孝東路三段1號2樓(集思北科大會議中心)。","公司將於110/12/08舉辦法人說明會說明公司概況及營運策略。","260820211208M001.pdf","260820211208E001.pdf","https://www.kerrytj.com",法說會影音連結資訊:https://www.youtube.com/watch?v=DTi3LY4Swu8 ,"無。","查詢"
"2609","陽明","110/08/17","16:00","線上法說會","本公司受邀參加由美林證券股份有限公司舉辦之線上英文法說會，說明本公司之營運概況、財務及業務相關資訊。","260920210817M001.pdf","260920210817E001.pdf","https://www.yangming.com/investor_relations/TwShareholder_Services/investor_conference.aspx","","無","查詢"
"2609","陽明","110/03/29","15:00","台北市忠孝東路二段95號13樓(兆豐證券總公司)","受邀參加兆豐證券舉辦之法說會，說明航運產業現況及本公司之營運概況","260920210329M001.pdf","260920210329E001.pdf","https://www.yangming.com/investor_relations/TwShareholder_Services/investor_conference.aspx","","因場地位置有限，本次法說會採預約制，報名請洽主辦單位兆豐證券","查詢"
"2609","陽明","110/04/07","09:10","線上法說會","本公司受邀參加由臺灣證券交易所及寬量國際共同主辦之線上法說會「9th Taiwan CEO Week on Air」，說明本公司之營運概況、財務及業務相關資訊。","260920210407M001.pdf","260920210407E001.pdf","https://www.yangming.com/investor_relations/TwShareholder_Services/investor_conference.aspx","","無","查詢"
"2609","陽明","110/11/26","15:00","線上法說會","本公司受邀參加由群益金鼎證券股份有限公司舉辦之線上法說會，說明本公司之營運概況、財務及業務相關資訊。","260920211126M001.pdf","260920211126E001.pdf","https://www.yangming.com/investor_relations/TwShareholder_Services/investor_conference.aspx","","無","查詢"
"2609","陽明","110/07/19","16:00","線上法說會","本公司受邀參加由元大證券股份有限公司舉辦之線上法說會，說明本公司之營運概況、財務及業務相關資訊。","260920210719M001.pdf","260920210719E001.pdf","https://www.yangming.com/investor_relations/TwShareholder_Services/investor_conference.aspx","","無","查詢"
"2610","華航","110/04/14","15:45","臺北巿信義區菸廠路88號6樓(臺北文創)。","本公司受邀參加元富證券舉辦之【2021年4月台股企業日】，會中說明本公司營運概況。","261020210414M001.pdf","261020210414E001.pdf","https://www.china-airlines.com/tw/zh/investor-relations/index","","無。","查詢"
"2610","華航","110/11/16","15:15","台北市信義區松壽路2號。(台北君悅酒店3樓)","本公司受邀參加台新證券舉辦之【2021年第四季雪亮投資論壇】，會中說明本公司營運概況。","261020211116M001.pdf","261020211116E001.pdf","https://www.china-airlines.com/tw/zh/investor-relations/index","","無","查詢"
"2611","志信","110/11/25","14:00","線上法說會","公司簡介與營運、財務概況說明","261120211125M001.pdf","261120211125E001.pdf","https://www.tsgroup.com.tw/menu/19.htm",中文影音檔網址:2611_5_20211125_ch.mp4 ,"網路會議網址:https://www.youtube.com/watch?v=zzYMlo8Lzes","查詢"
"2612","中航","110/03/30","14:00","線上法說會","說明產業現況及本公司經營績效等","261220210326M001.pdf","261220210326E001.pdf","http://www.cmt.tw",同步收看網址：:https://youtu.be/S28sCBzN4h0 法說會影音連結資訊:https://youtu.be/S28sCBzN4h0 ,"無","查詢"
"2612","中航","110/09/29","14:00","線上法說會","說明產業現況及本公司經營績效等","261220210927M001.pdf","261220210927E001.pdf","http://www.cmt.tw",同步收看網址：:https://youtu.be/z2qZ5Xt2gZ4 法說會影音連結資訊:https://youtu.be/z2qZ5Xt2gZ4 ,"無","查詢"
"2612","中航","110/06/30","14:00","線上法說會","說明產業現況及本公司經營績效等","261220210629M001.pdf","261220210629E001.pdf","http://www.cmt.tw",同步收看網址：:https://youtu.be/MQT_CsuY_EU 法說會影音連結資訊:https://youtu.be/MQT_CsuY_EU ,"無","查詢"
"2612","中航","110/12/23","14:00","線上法說會","說明產業現況及本公司經營績效等","261220211223M001.pdf","261220211223E001.pdf","http://www.cmt.tw",同步收看網址：:https://youtu.be/EVvV5Rij2VM 法說會影音連結資訊:https://youtu.be/EVvV5Rij2VM ,"無","查詢"
"2613","中櫃","110/05/28","15:00","線上法人說明會","本公司受邀參加富邦證券舉辦之線上法人說明會，說明110年第一季的營運概況。","261320210528M001.pdf","261320210528E001.pdf","","","無","查詢"
"2613","中櫃","110/11/17","15:00","線上法人說明會","本公司受邀參加富邦證券舉辦之線上法人說明
會，說明110年第三季的營運概況。","261320211117M003.pdf","261320211117E003.pdf","","","無","查詢"
"2614","東森","110/12/30","14:00","臺灣證券交易所1F (資訊展示中心)","2021營運成果暨近期發展概況","261420211229M001.pdf","261420211229E001.pdf","https://www.emic.com.tw/investors.php",同步收看網址：:https://webpro.twse.com.tw/webportal/?liveChannelId=1 法說會影音連結資訊:https://webpro.twse.com.tw/webportal/vod/101/3B61E9240065-BC098AE5-6943-11EC-8D31/?categoryId=101 ,"14:00報到，14:30會議開始","查詢"
"2615","萬海","110/09/14","14:30","線上法人說明會","本公司受邀參加群益金鼎證券舉辦之線上法人說明會，會中以本公司110年度第二季財報內容為主，並做航運業之營運簡介。","261520210913M001.pdf","261520210913E001.pdf","http://www.wanhai.com.tw","","無","查詢"
"2615","萬海","110/06/07","16:30","線上法人說明會","本公司受邀參加HSBC舉辦之線上法人說明會，會中以本公司110年度第一季財報內容為主，並做航運業之營運簡介","261520210604M001.pdf","261520210604E001.pdf","http://www.wanhai.com.tw","","無","查詢"
"2615","萬海","110/03/23","14:30","宏泰金融大樓11樓","以本公司109年度第四季財報內容為主，並做航運業之營運簡介","261520210322M001.pdf","261520210322E001.pdf","http://www.wanhai.com.tw","","N/A","查詢"
"2615","萬海","110/12/02","14:30","台北寒舍艾美酒店室宿廳","本公司受邀參加永豐金證券舉辦之法人說明會，會中以本公司110年度第三季財報內容為主，並做航運業之營運簡介","261520211201M001.pdf","261520211201E001.pdf","http://www.wanhai.com.tw","","無","查詢"
"2616","山隆","110/08/20","15:30","線上電話會議","說明110年上半年營運概況","261620210820M001.pdf","261620210820E001.pdf","http://www.slc.com.tw",法說會影音連結資訊:https://www.youtube.com/watch?v=DLbtZLhR3M8 ,"請撥打+886 2 21928017 ，並輸入會議密碼532328#","查詢"
"2617","台航","110/11/12","16:00","臺灣證券交易所一樓資訊展示中心(台北市信義區信義路五段7號1樓)","業務簡介、產業現況、展望與策略","261720211112M003.pdf","261720211112E003.pdf","http://www.taiwanline.com.tw",法說會影音連結資訊:https://webpro.twse.com.tw/WebPortal/vod/101/1BA00471D40D-934C6502-4398-11EC-BECC/?categoryId=101 ,"無","查詢"
"2618","長榮航","110/04/22","15:00","線上法人說明會","本公司受邀參加由凱基證券舉辦之線上法人說明會，
會中摘要:(1)2020年營運成果
         (2)客貨運說明","261820210420M001.pdf","261820210420E001.pdf","https://www.evaair.com/zh-tw/about-eva-air/investor-relations/presentations/","","無","查詢"
"2618","長榮航","110/11/19","15:00","線上法人說明會","本公司受邀參加由凱基證券舉辦之線上法人說明會，
會中摘要:(1)2021年前三季營運成果
         (2)營運概況及展望","261820211117M001.pdf","261820211117E001.pdf","https://www.evaair.com/zh-tw/about-eva-air/investor-relations/presentations/","","無","查詢"
"2630","亞航","110/08/26","14:30","線上法人說明會","本公司受邀參加台新綜合證券舉辦之線上法人說明會，說明財務業務概況。","263020210825M001.pdf","263020210825E001.pdf","http://www.airasia.com.tw/index.php?option=module&amp;lang=cht&amp;task=showlist&amp;id=385&amp;index=3","","報名連結: https://www.surveycake.com/s/m7ll9，成功後於法說會前寄發連結網址。","查詢"
"2633","台灣高鐵","110/08/16","13:00","線上法人說明會","公司營運狀況說明","263320210813M002.pdf","263320210813E002.pdf","http://www.thsrc.com.tw","","無。","查詢"
"2633","台灣高鐵","110/03/11","14:30","線上法人說明會（電話會議）","公司營運狀況說明","263320210310M002.pdf","263320210310E002.pdf","http://www.thsrc.com.tw","","受邀參加中國信託綜合證券舉辦之線上法人說明會（電話會議）","查詢"
"2633","台灣高鐵","110/05/25","15:50","線上法人說明會","公司營運狀況說明","263320210524M001.pdf","263320210524E001.pdf","http://www.thsrc.com.tw","","受邀參加證交所舉辦之「綠色經濟暨航運」主題式業績發表會(線上法人說明會)","查詢"
"2633","台灣高鐵","110/11/29","14:30","線上法人說明會","公司營運狀況說明","263320211126M001.pdf","263320211126E001.pdf","http://www.thsrc.com.tw","","受邀參加元大證券舉辦之線上法人說明會（電話會議）","查詢"
"2634","漢翔","110/04/21","14:30","線上法人說明會","漢翔公司自辦法說會，由公司經營團隊說明市場概況、經營實績與財務狀況。","263420210420M001.pdf","263420210420E001.pdf","http://www.aidc.com.tw/tw/investor/conference",同步收看網址：:http://www.zucast.com/webcast/2LCn6TAK 法說會影音連結資訊:http://www.zucast.com/webcast/2LCn6TAK ,"無。","查詢"
"2634","漢翔","110/12/09","14:35","台北市敦化南路二段201號B1 台北遠東國際大飯店","本公司受邀參加國泰證券於110年12月9日舉辦之國泰證券第四季論壇，將由公司經營團隊說明市場概況、經營實績與財務狀況。","263420211208M001.pdf","263420211208E001.pdf","http://www.aidc.com.tw/tw/investor/conference","","無。","查詢"
"2636","台驊控股","110/01/19","14:30","張榮發基金會國際會議中心1002室(台北市中山南路11號10樓)","本公司受邀參加凱基證券舉辦之法人說明會，說明公司營運狀況、產業發展及未來展望。","263620210120M001.pdf","263620210120E001.pdf","www.t3ex-group.com","","無","查詢"
"2636","台驊控股","110/05/27","15:40","https://webpro.twse.com.tw/","本公司受邀參加證券交易所「綠色經濟暨航運」線上業績發表會","263620210526M001.pdf","263620210526E001.pdf","www.t3ex-group.com","","本次業績發表會將以WEBPRO轉播為主，投資人可於會議前一日透過網路提問。","查詢"
"2636","台驊控股","110/03/19","09:40","張榮發基金會國際會議中心10F(台北市中正區中山南路11號10F)","本公司受邀參加凱基證券舉辦之第一季投資產業論壇，說明本公司產業概況、營運成果及未來展望","263620210319M001.pdf","263620210319E001.pdf","www.t3ex-group.com","","無","查詢"
"2637","慧洋-KY","110/04/19","16:00","台北市復興北路99號15樓(&#29319;亞會議中心-AA廳)","受邀參加元大證券舉辦之投資展望說明會，就本公司財務及業務狀況做說明。","263720210416M001.pdf","263720210416E001.pdf","http://www.wisdomlines.com.tw/wisdom/php/finacial_statements2.php","","簡報資料請參閱公開訊觀測站或本公司網站之投資人服務專區。","查詢"
"2637","慧洋-KY","110/06/08","10:50","線上法說會","受邀參加群益金鼎證券舉辦之第二季投資論壇，就本公司財務及業務狀況做說明。","263720210607M001.pdf","263720210607E001.pdf","http://www.wisdomlines.com.tw/wisdom/php/finacial_statements2.php","","簡報資料請參閱公開訊觀測站或本公司網站之投資人服務專區。","查詢"
"2637","慧洋-KY","110/06/17","10:30","線上 (Webex)","本公司受邀參加臺灣證券交易所與元富證券舉辦之「2021年 台股領航論壇 線上法人說明會」，就本公司財務及業務狀況做說明。","263720210616M001.pdf","263720210616E001.pdf","http://www.wisdomlines.com.tw/wisdom/php/finacial_statements2.php","","簡報資料請參閱公開訊觀測站或本公司網站之投資人服務專區。","查詢"
"2637","慧洋-KY","110/03/30","14:30","臺灣證券交易所1樓資訊展示中心(台北市信義路五段7號)","受邀參加臺灣證券交易所舉辦之財務業務說明會，就本公司財務及業務狀況做說明。","263720210329M001.pdf","263720210329E001.pdf","http://www.wisdomlines.com.tw/wisdom/php/finacial_statements2.php","","簡報資料請參閱公開訊觀測站或本公司網站之投資人服務專區。","查詢"
"2637","慧洋-KY","110/09/02","10:00","線上法說會","本公司受邀參加富邦線上投資論壇，就本公司財務及業務狀況做說明。","263720210906M001.pdf","263720210906E001.pdf","http://www.wisdomlines.com.tw/wisdom/php/finacial_statements2.php","","簡報資料請參閱公開訊觀測站或本公司網站之投資人服務專區。","查詢"
"2637","慧洋-KY","110/12/10","15:30","臺灣證券交易所1樓資訊展示中心(台北市信義路五段7號)","受邀參加臺灣證券交易所舉辦之財務業務說明會，就本公司財務及業務狀況做說明。","263720211209M001.pdf","263720211209E001.pdf","http://www.wisdomlines.com.tw/wisdom/php/finacial_statements2.php","","簡報資料請參閱公開訊觀測站或本公司網站之投資人服務專區。","查詢"
"2642","宅配通","110/03/22","14:00","以線上方式於統一綜合證券召開","(1)公司概況 (2)2020年營運表現 (3)未來展望","264220210319M002.pdf","264220210319E002.pdf","https://www.e-can.com.tw/Invest14.aspx","","無","查詢"
"2642","宅配通","110/11/19","14:30","以線上方式於統一綜合證券召開","(1)公司概況 (2)2021年營運表現 (3)未來展望","264220211119M001.pdf","264220211119E001.pdf","https://www.e-can.com.tw/Invest14.aspx","","無","查詢"
"2701","萬企","110/12/10","15:00","台北市萬華區峨嵋街52號6樓","依規定辦理，主要內容係簡報本公司營運及財務狀況","270120211210M001.pdf","270120211210E001.pdf","www.wanhwa.com.tw",法說會影音連結資訊:http://www.wanhwa.com.tw/textFiles/investor/investor7/investorConference2021vedio.html ,"無","查詢"
"2702","華園","110/12/28","14:00","採線上會議方式進行","本公司2021年第三季業績說明會","270220211228M001.pdf","270220211228E001.pdf","",同步收看網址：:https://meet.google.com/jqb-akcv-wyy 法說會影音連結資訊:https://www.hotelhg.com.tw/investors/ ,"無","查詢"
"2704","國賓","110/12/20","16:00","臺灣證券交易所1樓資訊展示中心(台北市信義路五段7號)","說明本公司之營運概況、財務及業務相關資訊。","270420211220M001.pdf","270420211220E001.pdf","https://investor.ambassador-hotels.com/LegalConference.htm",中文影音檔網址:2704_34_20211220_ch.mp4 ,"無。","查詢"
"2705","六福","110/12/17","14:30","線上法說會(webex)","本公司受邀參加台新證券舉辦之法人說明會","270520211216M001.pptx","270520211216E001.pptx","",同步收看網址：:https://tssco.webex.com/meet/TaishinSecurities ,"無","查詢"
"2706","第一店","110/12/17","14:30","臺北市中山區南京東路二段六十三號本公司","依規定自辦法人說明會","270620211216M002.pdf","270620211216E002.pdf","http://twfirsthotel.com.tw/",法說會影音連結資訊:https://twfirsthotel.com.tw/textFiles/investor/investor8/investorConference2021vedio.html ,"無","查詢"
"2707","晶華","110/12/14","15:45","臺北文創-台北市信義區菸廠路88號6F","本公司受邀參加元富證券舉辦之【2021年12月台股企業日】","270720211214M001.pptx","270720211214E001.pptx","https://www.silkshotelgroup.com/tw/investment","","無","查詢"
"2712","遠雄來","110/09/22","14:00","線上法說會","本公司受邀參加元大證券舉辦之產業座談會，報告本公司營運狀營運狀況。","271220210920M001.pdf","271220210920E001.pdf","https://www.farglory-hotel.com.tw/investors/reports/investor-conference/","","無","查詢"
"2722","夏都","110/03/30","14:00","台南市中西區中山路88號3樓(統一綜合證券股份有限公司)","本公司受邀參加統一證券股份有限公司舉辦「統一證券國際法人部邀請舉辦法人說明會」，其主要內容為本公司營運概況說明。","272220210329M001.pdf","272220210329E001.pdf","https://www.chateau-hotels.com.tw/investors/calendar.php","","無","查詢"
"2722","夏都","110/11/17","14:00","台南市中西區中山路88號3樓(統一綜合證券股份有限公司)","本公司受邀參加統一證券股份有限公司舉辦「統一證券國際法人部邀請舉辦法人說明會」，其主要內容為本公司營運概況說明。","272220211116M001.pdf","272220211116E001.pdf","https://www.chateau-hotels.com.tw/investors/calendar.php","","無","查詢"
"2723","美食-KY","110/05/14","14:00","線上法人說明會","本公司受邀參加日盛證券舉辦之線上法人說明會","272320210513M001.pdf","272320210513E001.pdf","https://www.85cafe.com/InvestorRelations02_04.php","","無","查詢"
"2723","美食-KY","110/03/26","14:00","台北市復興北路99號2樓","本公司受邀參加&#29319;亞證券舉辦之法人說明會","272320210325M001.pdf","272320210325E001.pdf","https://www.85cafe.com/InvestorRelations02_04.php","","無","查詢"
"2723","美食-KY","110/04/07","10:00","電話會議","本公司受邀參加高盛證券與臺灣證券交易所Virtual Taiwan Corporate Day","272320210325M001.pdf","272320210325E001.pdf","https://www.85cafe.com/InvestorRelations02_04.php","","無","查詢"
"2723","美食-KY","110/06/02","14:00","線上","本公司受邀參加花旗證券Pan Asia Regional Conference","272320210513M001.pdf","272320210513E001.pdf","https://www.85cafe.com/InvestorRelations02_04.php","","無","查詢"
"2723","美食-KY","110/08/27","14:00","線上","本公司受邀參加統一證券舉辦之線上法人說明會","272320210827M001.pdf","272320210827E001.pdf","https://www.85cafe.com/InvestorRelations02_04.php","","無","查詢"
"2723","美食-KY","110/06/22 至 110/06/23","10:00","線上","本公司受邀UBS Taiwan Virtual Conference 2021","272320210513M001.pdf","272320210513E001.pdf","https://www.85cafe.com/InvestorRelations02_04.php","","無","查詢"
"2723","美食-KY","110/11/12","14:00","線上","本公司受邀參加康和綜合證券舉辦之線上法人說明會","272320211111M001.pdf","272320211111E001.pdf","https://www.85cafe.com/InvestorRelations02_04.php","","無","查詢"
"2723","美食-KY","110/11/19","11:00","線上","本公司受邀參加Daiwa Investment Conference Hong Kong 2021","272320211111M001.pdf","272320211111E001.pdf","https://www.85cafe.com/InvestorRelations02_04.php","","無","查詢"
"2727","王品","110/05/20","10:00","線上法說會","本公司受邀參加富邦證券舉辦之「2021富邦投資論壇」","272720210519M002.pdf","272720210519E002.pdf","https://www.wowprime.com/investor/conference.aspx","","無","查詢"
"2727","王品","110/12/14","14:30","臺北文創-台北市信義區菸廠路88號6F","本公司受邀參加元富證券舉辦之法說會「2021年12月台股企業日」","272720211213M001.pdf","272720211213E001.pdf","https://www.wowprime.com/investor/conference.aspx","","無","查詢"
"2731","雄獅","110/10/28","14:00","台北市內湖區石潭路151號","本公司受邀參加富邦證券舉辦之法人說明會，會中就本公司已公開發佈之財務數字、經營績效等相關資訊做說明。","273120211027M001.pdf","273120211027E001.pdf","https://www.liontravel.com/info/investors/","","無","查詢"
"2739","寒舍","110/11/30","14:30","線上法人說明會","本公司受邀參加富邦證券舉辦之法人說明會，說明本公司之營運概況及經營策略等相關資訊。","273920211130M001.pdf","273920211130E001.pdf","http://www.mhh-group.com","","報名請洽富邦法人部fion.hsieh@fubon.com。","查詢"
"2748","雲品","110/09/17","15:20","線上會議","本公司受邀參加凱基證券2021年第三季投資論壇，說明本公司產業狀況及經營情形","274820210917M001.pdf","274820210917E001.pdf","https://www.fdc-i.com/investor/shareholders/","","無","查詢"
"2748","雲品","110/12/22","14:00","線上法人說明會","本公司受邀參加德信證券舉辦之線上法說會，說明本公司之營運概況、財務及業務相關資訊。","274820211222M001.pdf","274820211222E001.pdf","https://www.fdc-i.com/investor/shareholders/","","無","查詢"
"2753","八方雲集","110/08/12","14:30","線上業績發表會","(1)因受新冠肺炎影響，本次業績發表會改以線上直播呈現，敬邀 貴單位觀看。 
(2)直播作業敬請至YOUTUBE搜尋【八方雲集上市前業績發表會】 https://www.youtube.com/watch?v=TIPUFnVWdxo即可觀看，QA提問請MAIL至2753@8way.com.tw。
(3)本次業績發表會將由本公司經營團隊說明產業發展、財務業務狀況、未來風險、臺灣證券交易所股份有限公司董事會暨上市審議委員會要求補充揭露事項。","275320210811M001.pdf","275320210811E001.pdf","https://www.8way.com.tw/investor/S3.html","","無。","查詢"
"2801","彰銀","110/06/02","14:30","本次為中文線上法說會，連結網址詳如本公司投資人關係專區或如後說明。","報告本行2021年第1季財務資訊及經營成果","280120210602M001.pdf","280120210602E001.pdf","https://www.bankchb.com/frontend/earningsCall.jsp",同步收看網址：:https://www.zucast.com/event/b6o7OgVh/subscribe/create 法說會影音連結資訊:https://reurl.cc/d78rrq ,"無","查詢"
"2801","彰銀","110/03/31","14:30","本次為中文線上法說會，連結網址詳如本公司投資人關係專區或如後說明。","報告本行2020年第4季財務資訊及經營成果","280120210329M001.pdf","280120210329E001.pdf","https://www.bankchb.com/frontend/earningsCall.jsp",同步收看網址：:https://www.zucast.com/event/QKKSHOVt/subscribe/create 法說會影音連結資訊:https://www.zucast.com/event/QKKSHOVt/subscribe/create ,"無","查詢"
"2801","彰銀","110/08/31","14:30","本次為中文線上法說會，連結網址詳如本公司投資人關係專區或如後說明。","報告本行2021年第2季財務資訊及經營成果","280120210831M001.pdf","280120210831E001.pdf","https://www.bankchb.com/frontend/earningsCall.jsp",同步收看網址：:https://www.zucast.com/event/a1E3nFIL/subscribe/create 法說會影音連結資訊:https://reurl.cc/EGDK7n ,"無","查詢"
"2801","彰銀","110/11/26","14:30","本次為中文線上法說會，連結網址詳如本公司投資人關係專區或如後說明。","報告本行2021年第3季財務資訊及經營成果","280120211126M001.pdf","280120211126E001.pdf","https://www.bankchb.com/frontend/earningsCall.jsp",同步收看網址：:https://www.zucast.com/event/E9TqUpMU/subscribe/create 法說會影音連結資訊:https://reurl.cc/3Om1LL ,"無","查詢"
"2812","台中銀","110/03/15","14:00","線上法說會","公佈2020全年度營運概況","281220210312M001.pdf","281220210312E001.pdf","https://www.tcbbank.com.tw/Intro/B_10.html",中文影音檔網址:2812_8_20210315_ch.mp4 ,"無","查詢"
"2812","台中銀","110/05/24","14:00","線上法說會","2021年第一季營運概況","281220210521M001.pdf","281220210521E001.pdf","https://www.tcbbank.com.tw/Intro/B_10.html",中文影音檔網址:2812_9_20210524_ch.mp4 ,"無","查詢"
"2812","台中銀","110/08/30","14:00","線上法說會","2021年上半年度營運概況","281220210826M001.pdf","281220210826E001.pdf","https://www.tcbbank.com.tw/Intro/B_10.html",中文影音檔網址:2812_10_20210830_ch.mp4 ,"無","查詢"
"2812","台中銀","110/11/22","14:00","線上法說會","2021年第三季營運概況","281220211118M001.pdf","281220211118E001.pdf","https://www.tcbbank.com.tw/Intro/B_10.html",中文影音檔網址:2812_11_20211122_ch.mp4 ,"無","查詢"
"2816","旺旺保","110/09/27","14:30","線上法說會","本公司受邀參加國票綜合證券舉辦之線上法人說明會，會中就本公司已公開發布之營運及財務業務狀況作說明。
報名網址：https://www.surveycake.com/s/kxgg3
報名詢問電話：(02) 2593-6666 #868 林小姐","281620210927M001.pdf","281620210927E001.pdf","https://www.wwunion.com/?page_id=5584","","無","查詢"
"2820","華票","110/08/19","16:00","台北市信義路五段7號台灣證券交易所1樓資訊展示中心(101辦公大樓)","2021年上半年營運說明會","282020210818M002.pptx","282020210818E002.pptx","http://www.cbf.com.tw/lp.asp?ctNode=391&amp;CtUnit=149&amp;BaseDSD=7&amp;mp=1",法說會影音連結資訊:https://webpro.twse.com.tw/webportal/vod/101/35F88F025624-6C940C1F-00CD-11EC-AEC8/?categoryId=101 ,"無","查詢"
"2832","台產","110/07/29","14:30","線上法說會","本公司受邀參加兆豐證券舉辦之線上法說會，會中就本公司已公開發布之營運及財務業務狀況作說明。
報名網址：https://forms.gle/os5FxpeSfcC4Gmra8
報名詢問電話：(02)3322-7245 葉小姐","283220210729M001.pdf","283220210729E001.pdf","https://www.tfmi.com.tw/investor_exp.aspx","","無","查詢"
"2832","台產","110/11/29","14:30","線上法說會","本公司受邀參加國票證券舉辦之線上法說會，會中就本公司已公開發布之營運及財務業務狀況作說明。              
報名網址：https://www.surveycake.com/s/O9a0X
報名詢問電話：(02)2528-8988#666 吳先生","283220211129M001.pdf","283220211129E001.pdf","https://www.tfmi.com.tw/investor_exp.aspx","","無","查詢"
"2834","臺企銀","110/09/02","14:00","線上直播","公告本公司召開2021年第二季中文法人說明會，公佈2021年第二季營運概況。","283420210902M001.pdf","283420210902E001.pdf","https://ir.tbb.com.tw/events/investors-conference",同步收看網址：:http://www.zucast.com/webcast/iIu2081W 法說會影音連結資訊:http://www.zucast.com/webcast/iIu2081W ,"無","查詢"
"2834","臺企銀","110/05/31","14:00","線上直播","公告本公司召開2021年第一季中文法人說明會，
公佈2021年第一季營運概況。","283420210531M001.pdf","283420210531E001.pdf","https://ir.tbb.com.tw/events/investors-conference",同步收看網址：:http://www.zucast.com/webcast/naI5kQQC 法說會影音連結資訊:http://www.zucast.com/webcast/naI5kQQC ,"無","查詢"
"2834","臺企銀","110/03/29","14:00","線上直播","公告本公司召開2020年第四季中文法人說明會，
公佈2020年第四季營運概況。","283420210329M001.pdf","283420210329E001.pdf","https://ir.tbb.com.tw/events/investors-conference",同步收看網址：:http://www.zucast.com/webcast/76sBYBpj 法說會影音連結資訊:http://www.zucast.com/webcast/76sBYBpj ,"無","查詢"
"2834","臺企銀","110/11/25","14:00","網路","揭露本公司2021年第三季營運概況。","283420211125M001.pdf","283420211125E001.pdf","https://ir.tbb.com.tw/events/investors-conference","","本公司受邀參與元大證券舉辦之線上法人說明會","查詢"
"2836","高雄銀","110/09/16","14:30","高雄銀行總行7樓會議室(高雄市左營區博愛二路168號7樓)","2021年第2季法人說明會","283620210916M001.pdf","283620210916E001.pdf","https://www.bok.com.tw/-116",中文影音檔網址:2836_10_20210916_ch.mp4 ,"無","查詢"
"2836","高雄銀","110/03/24","14:30","高雄銀行總行7樓會議室(高雄市左營區博愛二路168號7樓)","2020年第4季法人說明會","283620210324M002.pdf","283620210324E002.pdf","https://www.bok.com.tw/-116",中文影音檔網址:2836_9_20210324_ch.mp4 ,"無","查詢"
"2838","聯邦銀","110/08/05","14:00","直播網址：http://www.zucast.com/webcast/TztBIoCP","本公司將於110年8月5日召開2021年上半年線上法說會，直播網址：http://www.zucast.com/webcast/TztBIoCP","283820210804M001.pdf","283820210804E001.pdf","https://www.ubot.com.tw/investorservice",法說會影音連結資訊:http://www.zucast.com/webcast/TztBIoCP ,"無","查詢"
"2838","聯邦銀","110/11/12","14:00","直播網址 http://www.zucast.com/webcast/8xserUk2","本公司將於110年11月12日召開線上法說會說明2021年第3季財業務資訊","283820211111M001.pdf","283820211111E001.pdf","https://www.ubot.com.tw/investorservice",法說會影音連結資訊:http://www.zucast.com/webcast/8xserUk2 ,"無","查詢"
"2845","遠東銀","110/05/27","15:00","線上法說會","本行2021年第一季營運績效及未來經營策略","284520210527M001.pdf","284520210527E001.pdf","https://www.feib.com.tw/detail?id=470",法說會影音連結資訊:https://www.feib.com.tw/detail?id=470 ,"無","查詢"
"2845","遠東銀","110/04/07","15:00","線上法說會","本行2020年度營運績效及策略發展說明","284520210409M001.pdf","284520210409E001.pdf","https://www.feib.com.tw/detail?id=470",法說會影音連結資訊:https://www.feib.com.tw/detail?id=470 ,"無","查詢"
"2845","遠東銀","110/08/18","15:00","　　　　","本行2021年第二季營運績效及策略發展說明","284520210818M002.pdf","284520210818E002.pdf","https://www.feib.com.tw/detail?id=470",法說會影音連結資訊:https://www.feib.com.tw/detail?id=470 ,"無","查詢"
"2845","遠東銀","110/11/12","15:00","　","本行2021年第三季營運績效及策略發展說明","284520211112M001.pdf","284520211112E001.pdf","https://www.feib.com.tw/detail?id=470",法說會影音連結資訊:https://www.feib.com.tw/detail?id=470 ,"無","查詢"
"2849","安泰銀","110/08/31","16:00","線上法說會","公布110年上半年營運概況","284920210831M001.pdf","284920210831E001.pdf","https://www.entiebank.com.tw/entie/investors-stock04",同步收看網址：:http://www.zucast.com/webcast/E8Ut9mES 法說會影音連結資訊:http://www.zucast.com/webcast/E8Ut9mES ,"無","查詢"
"2850","新產","110/06/18","14:30","永豐金證券線上法人說明會","本公司受邀參加永豐金證券線上法人說明會，說明本公司
營運狀況","285020210618M001.pdf","285020210618E001.pdf","https://www.skinsurance.com.tw/SKI/Doc.aspx?uID=12&amp;sID=1326&amp;ST=","","內容檔案於當日會後公告於公開資訊觀測站","查詢"
"2850","新產","110/12/24","14:30","永豐金證券線上法人說明會","本公司受邀參加永豐金證券線上法人說明會，說明本公司營運狀況","285020211224M001.pdf","285020211224E001.pdf","https://www.skinsurance.com.tw/SKI/doc.aspx?uID=12&amp;sID=1326&amp;ST=","","內容檔案於當日會後公告於公開資訊觀測站","查詢"
"2851","中再保","110/10/29","14:30","證券交易所101大樓一樓資訊展示中心(台北市信義路五段7號)","說明公司營運狀況","285120211029M001.pdf","285120211029E001.pdf","",法說會影音連結資訊:https://webpro.twse.com.tw/webportal/vod/101/552C1D368145-0467A14F-388C-11EC-81A8/?categoryId=101 ,"無","查詢"
"2851","中再保","110/04/23","14:30","證交所101大樓一樓資訊展示中心(台北市信義路五段7號)","說明公司營運狀況","285120210423M001.pdf","285120210423E001.pdf","",法說會影音連結資訊:https://webpro.twse.com.tw/webportal/vod/101/E996E30D75F5-1CE982B3-A401-11EB-B948/?categoryId=101 ,"無","查詢"
"2852","第一保","110/11/29","16:00","台北市信義路五段7號1樓(證券交易所資訊展示中心)","本公司業務及財務狀況","285220211126M001.pdf","285220211126E001.pdf","",法說會影音連結資訊:https://webpro.twse.com.tw/webportal/vod/101/1BA00471D40D-8E32FC98-50ED-11EC-BECC/?categoryId=101 ,"相關資訊依規定揭露於「公開資訊觀測站」","查詢"
"2855","統一證","110/03/24","14:00","本次為中文線上法人說明會","說明本公司109年度財務暨營運報告","285520210324M001.pdf","285520210324E001.pdf","https://www.pscnet.com.tw/pscnetStock/index.do",同步收看網址：:https://zoomtw.zoom.us/j/4025206331?pwd=YytWRWx2cGhSUGdHelVpQ1lzSXRGZz09 法說會影音連結資訊:http://promote.pscnet.com.tw/htmL/test/2855.mp4 ,"會議室號碼：4025206331，會議室密碼為本公司股票代碼","查詢"
"2855","統一證","110/08/24","14:00","本次為中文線上法說會","說明本公司110Q2財務暨營運報告","285520210824M002.pdf","285520210824E002.pdf","http://www.pscnet.com.tw/",同步收看網址：:https://bit.ly/3xTK4mU 法說會影音連結資訊:http://promote.pscnet.com.tw/HTML/test/2855-1100824.mp4 ,"無","查詢"
"2855","統一證","110/06/28","14:00","本次為中文線上法說會","說明本公司110Q1財務暨營運報告","285520210628M001.pdf","285520210628E001.pdf","https://www.pscnet.com.tw/pscnetStock/index.do",同步收看網址：:https://pse.is/3j72yn 法說會影音連結資訊:http://promote.pscnet.com.tw/HTML/test/2855-1100628.mp4 ,"無","查詢"
"2855","統一證","110/11/05","14:00","本次為中文線上法說會","說明本公司110Q3財務暨營運報告","285520211105M001.pdf","285520211105E001.pdf","http://www.pscnet.com.tw/",同步收看網址：:https://reurl.cc/Mk2pEv 法說會影音連結資訊:http://promote.pscnet.com.tw/HTML/test/2855-1101105.mp4 ,"無","查詢"
"2867","三商壽","110/05/26","14:30","線上法說會","三商美邦人壽保險股份有限公司2020年隱含價值暨2021年第一季財務業務資訊報告","286720210526M001.pdf","286720210526E001.pdf","https://www.mli.com.tw/sites/mliportal/investors/index",同步收看網址：:http://www.zucast.com/webcast/pBkvB1y6 法說會影音連結資訊:http://www.zucast.com/webcast/pBkvB1y6 ,"無","查詢"
"2867","三商壽","110/12/02","14:30","線上法說會","三商美邦人壽保險股份有限公司2021年第三季財務業務資訊報告。","286720211202M001.pdf","286720211202E001.pdf","https://www.mli.com.tw/sites/mliportal/investors/index",同步收看網址：:http://www.zucast.com/webcast/WfWDgDHc 法說會影音連結資訊:http://www.zucast.com/webcast/WfWDgDHc ,"無","查詢"
"2880","華南金","110/03/10","15:00","本次為中文線上法說會，連結網址詳如本公司投資人關係專區或如後說明。","公告本公司召開2020年第4季中文法人說明會，公佈2020年度營運概況。","288020210310M001.pdf","288020210310E001.pdf","https://www.hnfhc.com.tw/HNFHC/ir/p.do",同步收看網址：:http://www.zucast.com/webcast/iN27Dkey ,"無","查詢"
"2880","華南金","110/08/25","15:00","本次為中文線上法說會，連結網址詳如本公司投資人關係專區或如後說明。","公告本公司召開2021年第2季中文法人說明會，公佈2021年上半年營運概況。","288020210825M001.pdf","288020210825E001.pdf","https://www.hnfhc.com.tw/HNFHC/ir/p.do",同步收看網址：:http://www.zucast.com/webcast/FKBj8ROK ,"無","查詢"
"2881","富邦金","110/05/24 至 110/05/28","09:00","電話會議","討論富邦金控財務業務相關資訊","288120210520M001.pdf","288120210520E001.pdf","https://fubon.irpro.co/tw/event.php","","無","查詢"
"2881","富邦金","110/06/02 至 110/06/03","09:00","電話會議","討論富邦金控財務業務相關資訊","288120210520M001.pdf","288120210520E001.pdf","https://fubon.irpro.co/tw/event.php","","無","查詢"
"2881","富邦金","110/06/04","09:00","電話會議","討論富邦金控財務業務相關資訊","288120210520M001.pdf","288120210520E001.pdf","https://fubon.irpro.co/tw/event.php","","無","查詢"
"2881","富邦金","110/08/16 至 110/08/18","09:00","電話會議","討論富邦金控財務業務相關訊息","288120210527M001.pdf","288120210527E001.pdf","https://fubon.irpro.co/tw/event.php","","無","查詢"
"2881","富邦金","110/02/22 至 110/02/23","08:00","電話會議","討論富邦金控財務業務相關資訊","288120201125M001.PDF","288120201125E001.PDF","https://www.ir-cloud.com/taiwan/2881/irwebsite_c/event.php","","無","查詢"
"2881","富邦金","110/05/20","14:00","線上法說(14:00-15:30)；電話法說(16:30-17:30)","說明富邦金控110年第一季營運概況以及富邦人壽109年度隱含價值","288120210527M001.pdf","288120210527E001.pdf","https://fubon.irpro.co/tw/event.php",同步收看網址：:https://fubon.irpro.co/tw/event.php 法說會影音連結資訊:https://www.zucast.com/event/4pzuLRmw/subscribe/create (請輸入網址名稱(註)):https://www.zucast.com/event/Yw8KKjW0/subscribe/create ,"無","查詢"
"2881","富邦金","110/01/07","16:00","電話會議","討論富邦金控公開收購日盛金融控股股份有限公司普通股股份相關資訊","288120210105M001.pdf","288120210105E001.pdf","https://www.ir-cloud.com/taiwan/2881/irwebsite_c/event.php","","無","查詢"
"2881","富邦金","110/01/06 至 110/01/07","09:00","電話會議","討論富邦金控財務業務相關資訊","288120201125M001.PDF","288120201125E001.PDF","https://www.ir-cloud.com/taiwan/2881/irwebsite_c/event.php","","無","查詢"
"2881","富邦金","110/09/27 至 110/10/15","09:00","電話會議","討論富邦金控財務業務相關訊息","288120210820M001.pdf","288120210820E001.pdf","https://fubon.irpro.co/tw/event.php","","無","查詢"
"2881","富邦金","110/05/10 至 110/05/11","09:00","電話會議","討論富邦金控財務業務相關資訊","288120210331M001.pdf","288120210331E001.pdf","https://fubon.irpro.co/tw/event.php","","無","查詢"
"2881","富邦金","110/09/07 至 110/09/08","09:00","電話會議","討論富邦金控財務業務相關訊息","288120210820M001.pdf","288120210820E001.pdf","https://fubon.irpro.co/tw/event.php","","無","查詢"
"2881","富邦金","110/09/07 至 110/09/08","09:00","電話會議","討論富邦金控財務業務相關訊息","288120210902M001.pdf","288120210902E001.pdf","https://fubon.irpro.co/tw/event.php","","無","查詢"
"2881","富邦金","110/06/22","09:00","電話會議","討論富邦金控財務業務相關資訊","288120210527M001.pdf","288120210527E001.pdf","https://fubon.irpro.co/tw/event.php","","無","查詢"
"2881","富邦金","110/04/07 至 110/04/09","09:00","電話會議","討論富邦金控財務業務相關資訊","288120210331M001.pdf","288120210331E001.pdf","https://www.irpro.co/2881/events/292/CH/20210331133134-1.pdf","","無","查詢"
"2881","富邦金","110/04/12 至 110/04/16","09:00","電話會議","討論富邦金控財務業務相關資訊","288120210331M001.pdf","288120210331E001.pdf","https://www.irpro.co/2881/events/294/EN/20210331133338-1.pdf","","無","查詢"
"2881","富邦金","110/12/09","15:00","電話會議","討論富邦金控財務業務相關訊息","288120211201M001.pdf","288120211201E001.pdf","https://fubon.irpro.co/tw/event.php","","無","查詢"
"2881","富邦金","110/03/31","14:00","線上法說(14:00-15:30)；電話法說(16:30-17:30)","說明富邦金控109年全年營運概況","288120210331M001.pdf","288120210331E001.pdf","https://fubon.irpro.co/tw/event.php",同步收看網址：:https://fubon.irpro.co/tw/event.php 法說會影音連結資訊:http://www.zucast.com/webcast/Y0DdOuLL 英文場法說:http://www.zucast.com/webcast/LbaBEVo2 ,"無","查詢"
"2881","富邦金","110/03/25","09:00","電話會議","討論富邦金控財務業務相關資訊","288120201125M001.PDF","288120201125E001.PDF","https://www.ir-cloud.com/taiwan/2881/irwebsite_c/event.php","","無","查詢"
"2881","富邦金","110/11/25","14:00","線上法說(14:00-15:30);電話法說(16:30-17:30)","說明富邦金控110年第三季營運概況","288120211201M001.pdf","288120211201E001.pdf","https://fubon.irpro.co/tw/event.php",同步收看網址：:https://fubon.irpro.co/tw/event.php 法說會影音連結資訊:https://www.zucast.com/event/yXO3jfk3/subscribe/create 英文影音連結網址:https://www.zucast.com/event/KiLcmFiF/subscribe/create ,"無","查詢"
"2881","富邦金","110/11/01 至 110/11/03","09:00","電話會議","討論富邦金控財務業務相關訊息","288120210820M001.pdf","288120210820E001.pdf","https://fubon.irpro.co/tw/event.php","","無","查詢"
"2881","富邦金","110/10/26 至 110/10/27","09:00","電話會議","討論富邦金控財務業務相關訊息","288120210902M001.pdf","288120210902E001.pdf","https://fubon.irpro.co/tw/event.php","","無","查詢"
"2881","富邦金","110/08/20","14:00","線上法說(14:00-15:30)；電話法說(16:30-17:30)","說明富邦金控110年上半年營運概況","288120210820M001.pdf","288120210820E001.pdf","https://fubon.irpro.co/tw/event.php",同步收看網址：:https://fubon.irpro.co/tw/event.php 法說會影音連結資訊:https://www.zucast.com/event/63r6q4fG/subscribe/create (請輸入網址名稱(註)):https://www.zucast.com/event/4uoA88IP/subscribe/create ,"無","查詢"
"2882","國泰金","110/05/10 至 110/05/11","09:30","採線上投資人會議形式進行。","本公司受邀參加摩根大通證券舉辦之線上投資人會議，說明109年全年財務業務相關資訊。","288220210408M001.pdf","288220210408E001.pdf","http://www.ir-cloud.com/taiwan/2882/irwebsite_c/index.php","","無","查詢"
"2882","國泰金","110/05/17","14:30","中文場於台北市松仁路9號1樓 國泰金融會議廳舉行；英文場採電話會議暨網路直播進行。","公佈110年度第一季營運概況。中文場14:30-15:30；英文場17:00-18:00。","內容檔案於當日會後公告於公開資訊觀測站","內容檔案於當日會後公告於公開資訊觀測站","http://www.ir-cloud.com/taiwan/2882/irwebsite_c/index.php",同步收看網址：:http://www.zucast.com/webcast/gpggzr2h 法說會影音連結資訊:未輸 ,"無","查詢"
"2882","國泰金","110/09/07 至 110/09/08","16:00","採線上投資人會議形式進行。","本公司受邀參加瑞銀證券舉辦之線上投資人會議，說明110年第二季財務業務相關資訊。","288220210906M002.pdf","288220210906E002.pdf","http://www.ir-cloud.com/taiwan/2882/irwebsite_c/index.php","","無","查詢"
"2882","國泰金","110/09/08","14:00","採線上投資人會議形式進行。","本公司受邀參加Morgan Stanley舉辦之線上投資人會議，說明110年第二季財務業務相關資訊。","288220210906M001.pdf","288220210906E001.pdf","http://www.ir-cloud.com/taiwan/2882/irwebsite_c/index.php","","無","查詢"
"2882","國泰金","110/04/09","10:00","採線上投資人會議形式進行。","本公司受邀參加臺灣證券交易所及高盛證券共同舉辦之線上投資人會議，說明109年全年財務業務相關資訊。","288220210408M001.pdf","288220210408E001.pdf","http://www.ir-cloud.com/taiwan/2882/irwebsite_c/index.php","","無","查詢"
"2882","國泰金","110/01/06","10:00","採線上投資人會議形式進行。","本公司受邀參加Goldman Sachs舉辦之線上投資人會議，說明109年第三季財務業務相關資訊。","288220210105M002.pdf","288220210105E002.pdf","http://www.ir-cloud.com/taiwan/2882/irwebsite_c/index.php","","無","查詢"
"2882","國泰金","110/08/16","09:00","採線上投資人會議形式進行。","本公司受邀參加瑞士信貸舉辦之線上投資人會議，說明110年第一季財務業務相關資訊。","288220210813M001.pdf","288220210813E001.pdf","http://www.ir-cloud.com/taiwan/2882/irwebsite_c/index.php","","無","查詢"
"2882","國泰金","110/05/17","14:30","中文場與英文場皆採電話會議暨網路直播進行。","公佈110年度第一季營運概況。
中文場14:30-15:30於網路直播 http://www.zucast.com/webcast/gpggzr2h
英文場17:00-18:00於網路直播 http://www.zucast.com/webcast/qJX2Xy3Z","288220210517M002.pdf","288220210517E002.pdf","http://www.ir-cloud.com/taiwan/2882/irwebsite_c/index.php",同步收看網址：:http://www.zucast.com/webcast/gpggzr2h 法說會影音連結資訊:http://www.zucast.com/webcast/gpggzr2h (請輸入網址名稱(註)):未輸 ,"因應新冠肺炎防疫，中文場改為網路直撥進行。","查詢"
"2882","國泰金","110/04/13","10:20","採線上投資人會議形式進行。","本公司受邀參加臺灣證券交易所及寬量國際共同主辦之「9th Taiwan CEO Week on Air」線上投資人會議，說明109年全年財務業務相關資訊。","288220210408M001.pdf","288220210408E001.pdf","http://www.ir-cloud.com/taiwan/2882/irwebsite_c/index.php","","無","查詢"
"2882","國泰金","110/06/02","13:00","採線上投資人會議形式進行。","本公司受邀參加花旗證券舉辦之線上投資人會議，說明110年第一季財務業務相關資訊。","288220210524M001.pdf","288220210524E001.pdf","http://www.ir-cloud.com/taiwan/2882/irwebsite_c/index.php","","無","查詢"
"2882","國泰金","110/03/26","15:00","採線上投資人會議形式進行。","本公司受邀參加美銀證券舉辦之線上投資人會議，說明109年全年財務業務相關資訊。","288220210325M001.pdf","288220210325E001.pdf","http://www.ir-cloud.com/taiwan/2882/irwebsite_c/index.php","","無","查詢"
"2882","國泰金","110/08/25","14:30","中文場與英文場皆採電話會議暨網路直播進行。","公佈110年度第二季營運概況。中文場14:30-15:30；英文場17:00-18:00。","288220210826M001.pdf","288220210826E001.pdf","http://www.ir-cloud.com/taiwan/2882/irwebsite_c/index.php",同步收看網址：:http://www.zucast.com/webcast/EglJAkTd 法說會影音連結資訊:http://www.zucast.com/webcast/EglJAkTd ,"無","查詢"
"2882","國泰金","110/05/25","09:00","採線上投資人會議形式進行。","本公司受邀參加美銀證券舉辦之線上投資人會議，說明110年第一季財務業務相關資訊。","288220210524M001.pdf","288220210524E001.pdf","http://www.ir-cloud.com/taiwan/2882/irwebsite_c/index.php","","無","查詢"
"2882","國泰金","110/06/22 至 110/06/23","10:00","採線上投資人會議形式進行。","本公司受邀參加瑞銀證券舉辦之線上投資人會議，說明110年第一季財務業務相關資訊。","288220210618M001.pdf","288220210618E001.pdf","http://www.ir-cloud.com/taiwan/2882/irwebsite_c/index.php","","無","查詢"
"2882","國泰金","110/10/04 至 110/10/06","10:20","採線上投資人會議形式進行。","本公司受邀參加臺灣證券交易所及寬量國際共同主辦之「10th Taiwan CEO Week」線上投資人會議，說明110年第二季財務業務相關資訊。","288220210906M001.pdf","288220210906E001.pdf","http://www.ir-cloud.com/taiwan/2882/irwebsite_c/index.php","","無","查詢"
"2882","國泰金","110/02/23","13:00","採線上投資人會議形式進行。","本公司受邀參加JP Morgan舉辦之線上投資人會議，說明109年第三季財務業務相關資訊。","288220210219M001.pdf","288220210219E001.pdf","http://www.ir-cloud.com/taiwan/2882/irwebsite_c/index.php","","無","查詢"
"2882","國泰金","110/11/16","14:30","中文場採電話會議暨線上會議方式進行，英文場採電話會議暨網路直播方式進行。","公佈110年度第三季營運概況。中文場14:30-15:30；英文場17:00-18:00。","288220211116M001.pdf","288220211116E001.pdf","http://www.ir-cloud.com/taiwan/2882/irwebsite_c/index.php",同步收看網址：:http://www.zucast.com/webcast/vaJdurbU 法說會影音連結資訊:http://www.zucast.com/webcast/vaJdurbU ,"無","查詢"
"2882","國泰金","110/03/22","14:30","中文場於台北市松仁路9號1樓 國泰金融會議廳舉行；英文場採電話會議暨網路直播進行。","公佈109年度第四季營運概況。中文場14:30-15:30；英文場17:00-18:00。","288220210322M001.pdf","288220210322E001.pdf","http://www.ir-cloud.com/taiwan/2882/irwebsite_c/index.php",同步收看網址：:_http://www.zucast.com/webcast/UHrFn2vt 法說會影音連結資訊:http://www.zucast.com/webcast/UHrFn2vt ,"無","查詢"
"2882","國泰金","110/10/26","10:00","採線上投資人會議形式進行。","本公司受邀參加瑞銀證券舉辦之線上投資人會議，說明營運概況。","288220211025M001.pdf","288220211025E001.pdf","http://www.ir-cloud.com/taiwan/2882/irwebsite_c/index.php","","無","查詢"
"2882","國泰金","110/10/27","10:30","採線上投資人會議形式進行。","本公司受邀參加Institutional Capital Advisory (Asia) Limited舉辦之線上投資人會議，說明營運概況。","288220211025M002.pdf","288220211025E002.pdf","http://www.ir-cloud.com/taiwan/2882/irwebsite_c/index.php","","無","查詢"
"2882","國泰金","110/11/01 至 110/11/03","09:00","採線上投資人會議形式進行。","本公司受邀參加花旗證券舉辦之線上投資人會議，說明110年第二季財務業務相關資訊。","288220210906M001.pdf","288220210906E001.pdf","http://www.ir-cloud.com/taiwan/2882/irwebsite_c/index.php","","無","查詢"
"2882","國泰金","110/11/24","13:00","採線上投資人會議形式進行。","本公司受邀參加中國信託證券舉辦之線上投資人會議，說明110年第三季財務業務相關資訊。","288220211123M001.pdf","288220211123E001.pdf","http://www.ir-cloud.com/taiwan/2882/irwebsite_c/index.php","","無","查詢"
"2882","國泰金","110/12/09","11:00","採線上投資人會議形式進行。","本公司受邀參加摩根大通證券舉辦之線上投資人會議，說明110年第三季財務業務相關資訊。","288220211208M001.pdf","288220211208E001.pdf","http://www.ir-cloud.com/taiwan/2882/irwebsite_c/index.php","","無","查詢"
"2882","國泰金","110/12/14","15:45","台北","本公司受邀參加元富證券舉辦之投資人說明會，
說明110年第三季財務業務相關資訊。","288220211208M001.pdf","288220211208E001.pdf","http://www.ir-cloud.com/taiwan/2882/irwebsite_c/index.php","","無","查詢"
"2883","凱基金","110/09/14","15:45","採線上會議形式","本公司受邀元富證券舉辦之台股企業日說明會，說明公司營運概況。","288320210728M001.pdf","288320210728E001.pdf","","","無","查詢"
"2883","凱基金","110/05/11","14:30","中文場與英文場皆採線上法人說明會","公布110年第1季營運概況，中文場14:30起；英文場16:30起","288320210511M001.pdf","288320210511E001.pdf","https://www.cdibh.com/ch/IR/IRPresentation/EventCalendar",同步收看網址：:https://www.cdibh.com/ch/IR/IRPresentation/EventCalendar 法說會影音連結資訊:https://www.cdibh.com/ch/IR/IRPresentation/InvestorConference ,"無","查詢"
"2883","凱基金","110/09/27 至 110/10/15","09:00","採線上法人說明會","本公司受邀參加由臺灣證券交易所及寬量國際共同主辦之線上法說會「10th Taiwan CEO Week on Air」，說明本公司之營運概況、財務及業務相關資訊。","288320210728M001.pdf","288320210728E001.pdf","","","無","查詢"
"2883","凱基金","110/11/03","14:30","中文場及英文場同時召開，採線上法人說明會","公布110年第3季營運概況，14:30起","288320211103M001.pdf","288320211103E001.pdf","https://cdf.irpro.co/tw/investor-conference.php",同步收看網址：:https://cdf.irpro.co/tw/investor-conference.php 法說會影音連結資訊:https://cdf.irpro.co/tw/investor-conference.php ,"無","查詢"
"2883","凱基金","110/03/17","14:30","中文場與英文場皆採線上法人說明會","公布109年第4季營運概況，中文場14:30起；英文場16:30起","288320210317M001.pdf","288320210317E001.pdf","https://www.cdibh.com/ch/IR/IRPresentation/EventCalendar",同步收看網址：:https://www.cdibh.com/ch/IR/IRPresentation/EventCalendar 法說會影音連結資訊:https://www.cdibh.com/CH/IR/IRPresentation/InvestorConference ,"無","查詢"
"2883","凱基金","110/10/14","15:50","採線上會議形式","說明本公司之產業狀況及經營情形","288320210728M001.pdf","288320210728E001.pdf","","","無","查詢"
"2883","凱基金","110/07/28","14:00","中文場及英文場合併召開，採線上法人說明會","公布 110 年第 2 季營運概況，14:00 起","288320210728M001.pdf","288320210728E001.pdf","https://www.cdibh.com/ch/IR/IRPresentation/EventCalendar",同步收看網址：:https://www.cdibh.com/ch/IR/IRPresentation/EventCalendar ,"無","查詢"
"2884","玉山金","110/05/24","14:00","線上","2021年第1季財業務資訊","288420210524M001.pdf","288420210524E001.pdf","https://www.esunfhc.com/zh-tw/investor-relations/ir-events/investor-conference",法說會影音連結資訊:https://webpro.twse.com.tw/webportal/vod/101/955CC7F1B413-ABC36AAE-BC6D-11EB-812E/?categoryId=101 ,"無","查詢"
"2884","玉山金","110/02/23","14:00","線上","2020年第4季財業務資訊","288420210223M001.pdf","288420210223E001.pdf","https://www.esunfhc.com/zh-tw/investor-relations/ir-events/investor-conference","","無","查詢"
"2884","玉山金","110/02/22","15:00","線上","2020年第4季財業務資訊","288420210222M001.pdf","288420210222E001.pdf","https://www.esunfhc.com/zh-tw/investor-relations/ir-events/investor-conference",法說會影音連結資訊:https://webpro.twse.com.tw/webportal/vod/101/17D883F2A1EC-A30A1B5D-74F5-11EB-BFED/?categoryId=101 ,"無","查詢"
"2884","玉山金","110/08/04","15:00","線上","2021年第2季財業務資訊","288420210804M001.pdf","288420210804E001.pdf","https://www.esunfhc.com/zh-tw/investor-relations/ir-events/investor-conference",法說會影音連結資訊:https://webpro.twse.com.tw/webportal/vod/101/FD4393698870-9CBB18FB-F509-11EB-8CC6/?categoryId=101 ,"無","查詢"
"2884","玉山金","110/05/27","14:00","線上","2021年第1季財業務資訊","288420210527M001.pdf","288420210527E001.pdf","https://www.esunfhc.com/zh-tw/investor-relations/ir-events/investor-conference","","無","查詢"
"2884","玉山金","110/06/02","14:00","線上","2021年第1季財業務資訊","288420210602M001.pdf","288420210602E001.pdf","https://www.esunfhc.com/zh-tw/investor-relations/ir-events/investor-conference","","無","查詢"
"2884","玉山金","110/06/23","09:00","線上","2021年第1季財業務資訊","288420210623M001.pdf","288420210623E001.pdf","https://www.esunfhc.com/zh-tw/investor-relations/ir-events/investor-conference","","無","查詢"
"2884","玉山金","110/03/26","14:00","線上","2020年第4季財業務資訊","288420210326M001.pdf","288420210326E001.pdf","https://www.esunfhc.com/zh-tw/investor-relations/ir-events/investor-conference","","無","查詢"
"2884","玉山金","110/11/03","14:00","線上","2021年第3季財業務資訊","288420211103M001.pdf","288420211103E001.pdf","https://www.esunfhc.com/zh-tw/investor-relations/ir-events/investor-conference",法說會影音連結資訊:https://webpro.twse.com.tw/webportal/vod/101/5BBB72BE522A-7C1C3150-3C82-11EC-B185/?categoryId=101 ,"無","查詢"
"2884","玉山金","110/09/08","09:00","線上","2021年第2季財業務資訊","288420210907M001.pdf","288420210907E001.pdf","https://www.esunfhc.com/zh-tw/investor-relations/ir-events/investor-conference","","無","查詢"
"2884","玉山金","110/11/17 至 110/11/19","10:00","線上","2021年第3季財業務資訊","288420211116M001.pdf","288420211116E001.pdf","https://www.esunfhc.com/zh-tw/investor-relations/ir-events/investor-conference","","無","查詢"
"2884","玉山金","110/12/01","10:00","線上","2021年第3季財業務資訊","288420211130M001.pdf","288420211130E001.pdf","https://www.esunfhc.com/zh-tw/investor-relations/ir-events/investor-conference","","無","查詢"
"2885","元大金","110/08/17 至 110/08/18","09:00","台北","本公司擬於民國110年08月17日至08月18日受邀參與瑞士信貸證券
舉行之線上投資人會議 – 2021 Virtual Taiwan Non-Tech Day","288520210813M001.pdf","288520210813E001.pdf","https://www.yuanta.com/TW/IR/Financials/Presentations-and-Events","","無","查詢"
"2885","元大金","110/03/10","09:00","台北","本公司擬於民國110年03月10日受邀參與花旗環球證券線上投資人會議－2021 Citi Virtual Taiwan Corporate Day。","288520210308M001.pdf","288520210308E001.pdf","https://www.yuanta.com/TW/IR/Financials/Presentations-and-Events","","無","查詢"
"2885","元大金","110/05/25 至 110/05/26","09:00","台北","本公司擬於民國110年05月25日至05月26日受邀參與美銀證券舉行之線上投資人會議 – 2021 APAC Financial, Real Estate Equity and Credit Teleconference。","288520210521M001.pdf","288520210521E001.pdf","https://www.yuanta.com/TW/IR/Financials/Presentations-and-Events","","無","查詢"
"2885","元大金","110/06/03","09:00","台北","本公司擬於民國110年06月03日(四)受邀參與花旗環球證券之線上投資人會議–2021 Citi Pan-Asia Regional Investor Virtual Conference","288520210521M001.pdf","288520210521E001.pdf","https://www.yuanta.com/TW/IR/Financials/Presentations-and-Events","","無","查詢"
"2885","元大金","110/11/02","09:00","台北","本公司擬於民國110年11月02日受邀參與花旗環球證券舉行之線上投資人會議 – 2021 Citi Virtual China Investor Conference","288520210813M001.pdf","288520210813E001.pdf","https://www.yuanta.com/TW/IR/Financials/Presentations-and-Events","","無","查詢"
"2885","元大金","110/12/15","14:30","台北","本公司擬於民國110年12月15日受邀參加元富證券所舉辦之「2021年台股企業日」線上投資人說明會","288520211213M001.pdf","288520211213E001.pdf","https://www.yuanta.com/TW/IR/Financials/Presentations-and-Events","","無","查詢"
"2886","兆豐金","110/06/02 至 110/06/04","09:00","網路","揭露本公司2021年第1季財務及業務現況","288620210521M001.pptx","288620210521E001.pptx","http://www.megaholdings.com.tw","","本公司受邀參與花旗證券舉辦之外資法人投資說明會","查詢"
"2886","兆豐金","110/05/24 至 110/05/28","09:00","網路","揭露本公司2020年第1季財務業務現況","288620210521M001.pptx","288620210521E001.pptx","http://www.megaholdings.com.tw","","本公司受邀參與美銀證券舉辦之線上外資法人投資說明會","查詢"
"2886","兆豐金","110/06/22 至 110/06/23","09:00","網路","揭露本公司2021年第1季財務及業務現況","288620210621M001.pptx","288620210621E001.pptx","http://www.megaholdings.com.tw","","本公司受邀參與瑞銀證券舉辦之線上外資法人投資說明會","查詢"
"2886","兆豐金","110/04/08","14:30","本公司/線上","揭露本公司109年第4季財務及業務概況","288620210408M001.pdf","288620210408E001.pdf","http://www.megaholdings.com.tw",同步收看網址：:http://www.zucast.com/webcast/zMaKWWjt ,"無","查詢"
"2886","兆豐金","110/09/09","14:30","網路","揭露本公司110年第2季財務及業務現況","288620210909M001.pptx","288620210909E001.pptx","http://www.megaholdings.com.tw",同步收看網址：:http://www.zucast.com/webcast/c7dCMn6K 法說會影音連結資訊:http://www.zucast.com/webcast/c7dCMn6K ,"無","查詢"
"2886","兆豐金","110/11/01 至 110/11/03","09:00","網路","揭露本公司2021年第2季財務及業務現況","288620210909M001.pptx","288620210909E001.pptx","http://www.megaholdings.com.tw","","本公司受邀參與花旗證券舉辦之線上外資法人投資說明會","查詢"
"2886","兆豐金","110/12/14","14:30","台北文創","揭露本公司2021年第3季營運概況","288620211206M001.pdf","288620211206E001.pdf","http://www.megaholdings.com.tw","","本公司受邀參與元富證券舉辦之外資法人投資說明會","查詢"
"2887","台新新光金","110/08/24","15:00","線上法說會","公告本公司將於110年08月24日召開110年第二季線上法人說明會。網路直播網址: http://www.zucast.com/webcast/nn9XT1kS","288720210824M001.pdf","288720210824E001.pdf","https://www.taishinholdings.com.tw/tsh/",同步收看網址：:http://www.zucast.com/webcast/nn9XT1kS 法說會影音連結資訊:http://www.zucast.com/webcast/nn9XT1kS ,"因考量新型冠狀病毒(COVID-19)疫情，110年第二季法說會以網路直播進行。","查詢"
"2887","台新新光金","110/05/19","14:00","線上法說會","公告本公司將於110年05月19日召開110年第一季線上法人說明會。網路直播網址: http://www.zucast.com/webcast/WAiAe2Yi","288720210519M001.pdf","288720210519E001.pdf","https://www.taishinholdings.com.tw/tsh/",同步收看網址：:http://www.zucast.com/webcast/WAiAe2Yi 法說會影音連結資訊:http://www.zucast.com/webcast/WAiAe2Yi ,"因考量新型冠狀病毒(COVID-19)疫情，110年第一季法說會以網路直播進行。","查詢"
"2887","台新新光金","110/03/16","15:00","線上法說會","公告本公司將於110年03月16日召開109年第四季線上法人說明會。網路直播網址: http://www.zucast.com/webcast/tMcCU58t","288720210316M001.pdf","288720210316E001.pdf","www.taishinholdings.com.tw",同步收看網址：:http://www.zucast.com/webcast/tMcCU58t 法說會影音連結資訊:http://www.zucast.com/webcast/tMcCU58t ,"因考量新型冠狀病毒(COVID-19)疫情，109年第四季法說會以網路直播進行。","查詢"
"2887","台新新光金","110/11/15","14:00","線上法說會","公告本公司將於110年11月15日召開110年第三季線上法人說明會。網路直播網址: http://www.zucast.com/webcast/bGppPXOr","288720211115M001.pdf","288720211115E001.pdf","https://www.taishinholdings.com.tw/tsh/",同步收看網址：:http://www.zucast.com/webcast/bGppPXOr 法說會影音連結資訊:http://www.zucast.com/webcast/bGppPXOr ,"因考量新型冠狀病毒(COVID-19)疫情，110年第三季法說會以網路直播進行。","查詢"
"2887","台新新光金","110/12/14","14:30","台北","台新金控將於110/12/14受邀參加元富證券所舉辦之台股企業日會晤投資人","288720211115M001.pdf","288720211115E001.pdf","https://www.taishinholdings.com.tw/tsh/","","本次簡報資料將以110年第三季法說會內容為主","查詢"
"2887","台新新光金","110/11/30 至 110/12/01","10:00","線上","台新金控將於11/30-12/01參加Citi所舉辦之Taiwan Corporate Day 2021(Virtual)會晤投資人","288720211115M001.pdf","288720211115E001.pdf","https://www.taishinholdings.com.tw/tsh/","","本次簡報資料將以110年第三季法說會內容為主","查詢"
"2889","國票金","110/04/29","14:30","國票金控大樓7樓會議中心 (台北市中山區樂群三路128號7樓)","本公司召開法人說明會，說明公司營運概況。","288920210429M001.pdf","288920210429E001.pdf","http://www.ibf.com.tw/resite-8.asp",中文影音檔網址:2889_11_20210429_ch.mp4 ,"無。","查詢"
"2889","國票金","110/08/31","14:30","本次法人說明會為線上法說會","本公司受邀國票證券舉辦之法人說明會，說明公司營運概況。","288920210830M002.pdf","288920210830E002.pdf","http://www.ibf.com.tw/resite-8.asp","","無。","查詢"
"2890","永豐金","110/06/10","15:30","線上法人說明會","110年第1季營運概況","289020210610M001.pdf","289020210610E001.pdf","http://www.sinopac.com/irCalendar/list.html",同步收看網址：:http://www.zucast.com/webcast/KUUoQQ3w 法說會影音連結資訊:http://www.sinopac.com/upload/sinopac/media/2021Q1_AnalystMeetings_vdo.zip ,"無","查詢"
"2890","永豐金","110/08/12","15:30","網路","110年第二季營運概況","289020210812M001.pdf","289020210812E001.pdf","http://www.sinopac.com/irCalendar/list.html",同步收看網址：:http://www.zucast.com/webcast/L6mhrvzH 法說會影音連結資訊:http://www.sinopac.com/upload/sinopac/media/2021Q2_AnalystMeetings_vdo.zip ,"無","查詢"
"2890","永豐金","110/09/29","15:00","採線上投資人會議形式進行","本公司受邀參加富邦證券舉辦之線上投資人會議，說明110年上半年財務業務相關資訊","289020210929M001.pdf","289020210929E001.pdf","http://www.sinopac.com/irCalendar/list.html","","無","查詢"
"2890","永豐金","110/09/30","14:00","採線上投資人會議形式進行","本公司受邀參加中國信託證券舉辦之線上投資人會議，說明110年上半年財務業務相關資訊","289020210929M002.pdf","289020210929E002.pdf","http://www.sinopac.com/irCalendar/list.html","","無","查詢"
"2890","永豐金","110/03/11","14:30","永豐金控總部大樓(台北市八德路二段306號)","自辦 
109年第四季營運概況。
相關資訊公告於公開資訊觀測站(http://mops.twse.com.tw/)
並揭露於公司網站 (http://www.sinopac.com/irCalendar/list.html)","289020210311M001.pdf","289020210311E001.pdf","http://www.sinopac.com/irCalendar/list.html",法說會影音連結資訊:http://www.sinopac.com/upload/sinopac/media/2020Q4_AnalystMeetings_vdo.zip ,"無","查詢"
"2890","永豐金","110/10/26","10:30","採線上投資人會議形式進行","本公司受邀參加ICA舉辦之Asia ESG Conference線上投資人會議，說明110年上半年財務業務相關資訊","289020211022M001.pdf","289020211022E001.pdf","http://www.sinopac.com/irCalendar/list.html","","無","查詢"
"2890","永豐金","110/11/17","15:00","網路","110年第三季營運概況","289020211117M001.pdf","289020211117E001.pdf","http://www.sinopac.com/irCalendar/list.html",同步收看網址：:http://www.zucast.com/webcast/ezN1llDa 法說會影音連結資訊:http://www.sinopac.com/upload/sinopac/media/2021Q3_AnalystMeetings_vdo.zip ,"無","查詢"
"2890","永豐金","110/12/15","15:45","臺北文創(台北市信義區菸廠路88號6F)及Webex線上轉播","本公司受邀參加元富證券舉辦之「2021年台股企業日」投資人會議，說明110年前三季財務業務相關資訊","289020211207M001.pdf","289020211207E001.pdf","http://www.sinopac.com/irCalendar/list.html","","無","查詢"
"2891","中信金","110/06/02 至 110/06/04","14:00","線上","本公司將於110年6月2日及110年6月4日參加Citi舉辦之
投資人說明會(Pan-Asia Regional Investor
 Conference 2021)","289120210519M001.pdf","289120210519E001.pdf","http://ir.ctbcholding.com/c/events.php","","無","查詢"
"2891","中信金","110/05/19","14:00","中文線上法說(14:00-15:00)；
英文電話法說(17:00-18:00)","公布110年度第一季營運概況","289120210519M001.pdf","289120210519E001.pdf","https://ir.ctbcholding.com/c/events.php",法說會影音連結資訊:https://ir.ctbcholding.com/c/events.php 英文網址:http://ir.ctbcholding.com/html/events.php ,"無","查詢"
"2891","中信金","110/05/25 至 110/05/27","09:00","線上","本公司將於110年5月25日以及110年5月27日參加Bank of 
America舉辦之投資人說明會(2021 APAC Financial, 
Real Estate Equity and Credit Conference)","289120210519M001.pdf","289120210519E001.pdf","http://ir.ctbcholding.com/c/events.php","","無","查詢"
"2891","中信金","110/02/23","09:00","線上","本公司將於110年2月23日參加JP Morgan舉辦之投資人
說明會(2021 Taiwan CEO-CFO Conference)","289120201123M001.pdf","289120201123E001.pdf","http://ir.ctbcholding.com/c/events.php","","無","查詢"
"2891","中信金","110/08/23","14:00","中文線上法說(14:00-15:00)；
英文電話法說(17:00-18:00)","公布110年度第二季營運概況","289120210823M001.pdf","289120210823E001.pdf","https://ir.ctbcholding.com/c/events.php",法說會影音連結資訊:https://ir.ctbcholding.com/c/events.php 英文網址:http://ir.ctbcholding.com/html/events.php ,"無","查詢"
"2891","中信金","110/09/08","10:00","線上","本公司將於110年9月08日參加UBS舉辦之投資人說明會
(APAC Financials &amp; Fintech Virtual Conference)","289120210823M001.pdf","289120210823E001.pdf","http://ir.ctbcholding.com/c/events.php","","無","查詢"
"2891","中信金","110/06/22","09:00","線上","本公司將於110年6月22日參加UBS舉辦之投資人說明會
(Taiwan Virtual Conference 2021)","289120210519M001.pdf","289120210519E001.pdf","http://ir.ctbcholding.com/c/events.php","","無","查詢"
"2891","中信金","110/03/25","14:00","中文線上法說(14:00-15:00)；
英文電話法說(17:00-18:00)","公布109年度第四季營運概況","289120210325M001.pdf","289120210325E001.pdf","https://ir.ctbcholding.com/c/events.php",法說會影音連結資訊:https://ir.ctbcholding.com/c/events.php 英文網址:http://ir.ctbcholding.com/html/events.php ,"無","查詢"
"2891","中信金","110/03/30 至 110/03/31","10:00","線上","本公司將於110年3月30日至31日參加Credit Suisse
舉辦之投資人說明會(24th Credit Suisse Asian 
Investment Conference)","289120210325M001.pdf","289120210325E001.pdf","http://ir.ctbcholding.com/c/events.php","","無","查詢"
"2891","中信金","110/03/26","11:00","線上","本公司將於110年3月26日參加Bank of America
舉辦之投資人說明會(2021 APAC TMT Conference)","289120210325M001.pdf","289120210325E001.pdf","http://ir.ctbcholding.com/c/events.php","","無","查詢"
"2891","中信金","110/11/30","10:00","線上","本公司將於110年11月30日參加Citi舉辦之投資人說明會(Taiwan Corporate Day 2021 (Virtual))","289120211123M001.pdf","289120211123E001.pdf","http://ir.ctbcholding.com/c/events.php","","無","查詢"
"2891","中信金","110/03/09","09:00","線上","本公司將於110年3月9日參加Citi舉辦之投資人說明會
(Taiwan Corporate Day 2021)","289120201123M001.pdf","289120201123E001.pdf","http://ir.ctbcholding.com/c/events.php","","無","查詢"
"2891","中信金","110/11/23","14:00","中文線上法說(14:00-15:00)；英文電話法說(17:00-18:00)","公布110年度第三季營運概況","289120211123M001.pdf","289120211123E001.pdf","https://ir.ctbcholding.com/c/events.php",法說會影音連結資訊:https://ir.ctbcholding.com/c/events.php 英文網址:http://ir.ctbcholding.com/html/events.php ,"無","查詢"
"2891","中信金","110/12/14","14:30","線上","本公司將於110年12月14日參加元富證券舉辦之投資人說明會(2021年12月台股企業日(線上))","289120211123M001.pdf","289120211123E001.pdf","http://ir.ctbcholding.com/c/events.php","","無","查詢"
"2891","中信金","110/12/10","10:00","線上","本公司將於110年12月10日參加JP Morgan舉辦之投資人說明會(JPMorgan Greater China Financial Tour)","289120211123M001.pdf","289120211123E001.pdf","http://ir.ctbcholding.com/c/events.php","","無","查詢"
"2892","第一金","110/05/31","16:30","網路","召開第一季法人說明會","289220210528M001.pdf","289220210528E001.pdf","http://ir.firstholding.com.tw/c/index.php",同步收看網址：:http://ir.firstholding.com.tw/c/index.php 法說會影音連結資訊:http://www.zucast.com/webcast/r5trZSdU ,"無","查詢"
"2892","第一金","110/08/31","16:30","網路","召開2021年第二季法人說明會","289220210831M001.pdf","289220210831E001.pdf","http://ir.firstholding.com.tw/c/index.php",同步收看網址：:http://ir.firstholding.com.tw/c/index.php 法說會影音連結資訊:http://ir.firstholding.com.tw/html/event_info_o.php?id=16827 ,"無","查詢"
"2892","第一金","110/02/25","16:30","網路","召開2020年第四季法人說明會","289220210225M001.pdf","289220210225E001.pdf","http://ir.firstholding.com.tw/c/index.php",同步收看網址：:http://ir.firstholding.com.tw/c/event_info.php 法說會影音連結資訊:https://www.zucast.com/webcast/4ClsjPy9?r=QcwMc7Ho ,"無","查詢"
"2892","第一金","110/11/30","16:30","網路","召開第三季法人說明會","289220211130M001.pdf","289220211130E001.pdf","https://ir.firstholding.com.tw/c/index.php",同步收看網址：:https://ir.firstholding.com.tw/c/event_info_o.php?id=17049 法說會影音連結資訊:http://www.zucast.com/webcast/7V93cTq3 ,"無","查詢"
"2892","第一金","110/12/14","15:45","台北","參加元富證券台股企業日","289220211214M001.pdf","289220211214E001.pdf","https://ir.firstholding.com.tw/c/index.php","","無","查詢"
"2897","王道銀行","110/05/06","14:30","線上法說會。","公佈本公司2020全年度和2021年第一季營運概況。","289720210506M001.pdf","289720210506E001.pdf","https://www.o-bank.com/about/investor/IR-Events/Investor-Conferences",同步收看網址：:http://www.zucast.com/webcast/zA5sSAbt 法說會影音連結資訊:http://www.zucast.com/webcast/zA5sSAbt ,"無","查詢"
"2897","王道銀行","110/10/05 至 110/10/08","13:30","線上法說會","本行受邀參加臺灣證券交易所及寬量國際共同主辦之線上法說會「10th Taiwan CEO Week on Air」","289720211004M001.pdf","289720211004E001.pdf","https://www.o-bank.com/about/investor/IR-Events/Investor-Conferences","","無","查詢"
"2897","王道銀行","110/12/01","14:30","線上法說會","公告本公司召開「2021年第三季法人說明會」，公佈本公司2021年第三季營運概況。","289720211201M001.pdf","289720211201E001.pdf","https://www.o-bank.com/about/investor/IR-Events/Investor-Conferences",同步收看網址：:http://www.zucast.com/webcast/895ZrVAM 法說會影音連結資訊:http://www.zucast.com/webcast/895ZrVAM ,"無","查詢"
"2901","欣欣","110/11/24","14:00","台灣證券交易所101大樓一樓資訊展示中心(台北市信義路5段7號)","公司簡介及營運概況","290120211122M001.ppt","290120211122E001.pptx","",法說會影音連結資訊:https://webpro.twse.com.tw/WebPortal/vod/101/1BA00471D40D-E59F1F7E-4CF2-11EC-BECC/?categoryId=101 ,"無","查詢"
"2903","遠百","110/12/16","14:30","新北市板橋區新站路16號14樓","本公司受邀參加110年12月16日亞東證券主辦之法人座談會，說明本公司110年 Q3營運與財務概況。","290320211215M001.pdf","290320211215E001.pdf","http://www.feds.com.tw/shareholder.aspx","","無","查詢"
"2904","匯僑","110/05/26","14:50","線上法人說明會","公司營運狀況說明","290420210526M001.pdf","290420210526E001.pdf","https://www.pocs.com.tw/msg/message-%E6%B3%95%E4%BA%BA%E8%AA%AA%E6%98%8E-13.html",同步收看網址：:https://webpro.twse.com.tw/ 法說會影音連結資訊:https://webpro.twse.com.tw/webportal/vod/101/99A2C7B33A7C-7E10CED1-BDF5-11EB-916C/?categoryId=101 ,"受邀參加證交所舉辦之「綠色經濟暨航運」產業主題式業績發表會","查詢"
"2905","三商","110/09/10","14:30","視訊會議","公司營運近況及未來展望","290520210910M001.pptx","290520210910E001.pptx","http://www.mercuries.com.tw","","無","查詢"
"2906","高林","110/12/23","14:00","線上法說會","公司業務及營運概況說明","290620211222M001.pdf","290620211222E001.pdf","http://www.collins.com.tw",同步收看網址：:https://www.youtube.com/watch?v=zjk1vdtrBw8 ,"無","查詢"
"2908","特力","110/09/16","14:00","線上法說會","本公司受邀參加元大證券舉辦2021產業座談會(法說會),向投資人說明公司產業概況、營運成果及未來展望","290820210915M001.pdf","290820210915E001.pdf","http://www.testritegroup.com","","無","查詢"
"2910","統領","110/12/13","15:30","福邦證券總公司(台北市忠孝西路一段6號7樓 B會議室)","受邀參加福邦證券所舉辦之法人說明會","291020211213M002.pdf","291020211213E002.pdf","https://www.tonlin.com.tw","","會議資料將於法說會後揭露於公開資訊觀測站及本公司網站。","查詢"
"2911","麗嬰房","110/12/16","10:00","線上會議","本公司受邀參加永豐金證券所舉辦之線上法人說明會，說明本公司營運概況。","291120211215M001.pdf","291120211215E001.pdf","","","無","查詢"
"2912","統一超","110/09/01","10:00","線上法人說明會","110年度上半年度營運財務狀況報告及未來營運展望說明","291220210831M001.pdf","291220210831E001.pdf","http://www.7-11.com.tw/company/ir/conference.html","","相關訊息請參考公開資訊觀測站公司治理專區法說會簡報資料或本公司網站","查詢"
"2912","統一超","110/06/22 至 110/06/23","09:00","線上法人說明會","110年度第一季度營運財務狀況報告及未來營運展望說明","291220210621M001.pdf","291220210621E001.pdf","http://www.7-11.com.tw/company/ir/conference.html","","相關訊息請參考公開資訊觀測站公司治理專區法說會簡報資料或本公司網站","查詢"
"2912","統一超","110/03/30","09:00","線上法人說明會","109年度營運財務狀況報告及未來營運展望說明","291220210329M001.pdf","291220210329E001.pdf","http://www.7-11.com.tw/company/ir/conference.html","","相關訊息請參考公開資訊觀測站公司治理專區法說會簡報資料或本公司網站","查詢"
"2912","統一超","110/11/30","17:00","線上法人說明會","110年度第三季度營運財務狀況報告及未來營運展望說明","291220211129M001.pdf","291220211129E001.pdf","http://www.7-11.com.tw/company/ir/conference.html","","相關訊息請參考公開資訊觀測站公司治理專區法說會簡報資料或本公司網站","查詢"
"2913","農林","110/04/20 至 110/04/21","10:20","線上法說會","本公司受邀參加由寬量國際舉辦之線上法人說明會，說明本公司之營運概況、財務及業務相關資訊。","291320210419M001.pptx","291320210419E001.pptx","http://www.ttch.com.tw","","無","查詢"
"2915","潤泰全","110/12/14","16:00","臺灣證券交易所1樓資訊展示中心(台北市信義區信義路五段7號1樓)","說明本公司近期之營運成果與未來展望","291520211213M001.pdf","291520211213E001.pdf","http://www.ruentex.com.tw/financial/Financial_cn.htm",同步收看網址：:https://webpro.twse.com.tw/webportal/vod/101/4BD2D13C59D8-567C299C-5CBB-11EC-AC2A/?categoryId=101 法說會影音連結資訊:https://webpro.twse.com.tw/webportal/vod/101/4BD2D13C59D8-567C299C-5CBB-11EC-AC2A/?categoryId=101 ,"無","查詢"
"2923","鼎固-KY","110/03/16","14:30","寒舍艾美酒店2樓室宿廳(台北市信義區松仁路38號)","本公司受凱基證券邀請，將於110年3月16日參加凱基證券於寒舍艾美酒店2樓室宿廳(台北市信義區松仁路38號)舉辦之法人說明會。","292320210316M003.pdf","292320210316E003.pdf","http://www.sinohorizon.cn/index.php/Home/Investor/index.html","","無","查詢"
"2929","淘帝-KY","110/05/17","14:00","線上法人說明會","邀參加IR TRUST舉辦之線上法人說明會，公司簡介與營運狀況說明","292920210521M001.pdf","292920210521E001.pdf","www.topbi.com.tw","","無","查詢"
"2939","永邑-KY","110/11/19","14:30","台証金融大樓 首爾會議室
台北市中山區建國北路一段96號12樓","台新證券法人說明會","293920211118M002.pdf","293920211118E002.pdf","http://www.kayeetv.com/tc/p4_investor2.php?cid=11","","無","查詢"
"2945","三商家購","110/09/29","14:30","線上直播方式舉辦上市前業績發表會","(1)受疫情影響，本次業績發表會改以線上直播方式呈現。
(2)線上直播作業敬請至YOUTUBE搜尋【三商家購2945上市前業績發表會】https://www.youtube.com/watch?v=DvSqPrTPr1k即可觀看，QA提問請EMAIL至investor@simplemart.com.tw。
(3)本次業績發表會將由本公司經營團隊說明產業發展、財務業務狀況、未來風險、臺灣證券交易所股份有限公司董事會暨上市審議委員會要求補充揭露事項。","294520210928M001.pdf","294520210928E001.pdf","https://www.simplemartretail.com/","","無","查詢"
"3002","歐格","110/12/01","16:00","臺灣證券交易所1樓資訊展示中心(台北市信義區信義路5段7號1樓)","公司簡介與營運、財務報告","300220211201M001.pdf","300220211201E001.pdf","https://www.ahoku.com.tw/zh-TW/page/Important-Information-Announcement.html",法說會影音連結資訊:https://webpro.twse.com.tw/webportal/vod/101/1BA00471D40D-3C4A2C54-5283-11EC-BECC/?categoryId=101 ,"無","查詢"
"3003","健和興","110/05/26","14:30","線上法人說明會","本公司受邀參加由凱基證券舉辦之線上法人說明會","300320210525M001.pdf","300320210525E001.pdf","https://www.ksterminals.com/tw_investor4.asp","","無","查詢"
"3004","豐達科","110/11/24","14:00","線上法人說明會","本公司受邀參加元大證券舉辦之線上法人說明會，針對本公司市場趨勢、營運概況及110年前3季已公開發佈之財務數字、經營績效等相關資訊做說明。","300420211124M001.pdf","300420211124E001.pdf","http://www.nafco.com.tw","","無。","查詢"
"3005","神基","110/08/18","14:15","線上法人說明會","本公司受元大證券邀請，參加其舉辦之「元大證券2021年第三季線上論壇」，於會中就已公開發佈之財務數字、經營績效等相關資訊做說明。","300520210816M001.pdf","300520210816E001.pdf","https://tw.getacgroup.com/investors/calendar.php","","無。","查詢"
"3005","神基","110/08/27","09:00","線上法人說明會","本公司受花旗證券邀請，參加其舉辦之「Asia TMT Day 2021」，
於會中就已公開發佈之財務數字、經營績效等相關資訊做說明。","300520210816M001.pdf","300520210816E001.pdf","https://tw.getacgroup.com/investors/calendar.php","","無。","查詢"
"3005","神基","110/03/03","14:30","台北市南港區南港路一段209號B棟1樓國際會議廳","本公司受凱基證券邀請，參加其舉辦之國內法人說明會，於會中就已公開發佈之財務數字、經營績效等相關資訊做說明。","300520210302M001.pdf","300520210302E001.pdf","http://tw.getacgroup.com/investors/calendar.php","","無。","查詢"
"3005","神基","110/06/10","15:30","線上法說會","本公司受元大金控邀請，參加其舉辦之「2021元大金控線上亞洲投資創富論壇」，於會中就已公開發佈之財務數字、經營績效等相關資訊做說明。","300520210603M001.pdf","300520210603E001.pdf","https://tw.getacgroup.com/investors/calendar.php","","無。","查詢"
"3005","神基","110/11/30","09:00","線上法人說明會","本公司受花旗證券邀請，參加其舉辦之「Taiwan Corporate Day 2021」，於會中就已公開發佈之財務數字、經營績效等相關資訊做說明。","300520211126M001.pdf","300520211126E001.pdf","https://tw.getacgroup.com/investors/calendar.php","","無。","查詢"
"3006","晶豪科","110/04/09","15:30","台北市信義路四段236號7樓(宏遠證券股份有限公司)","公司營運近況暨未來展望","300620210409M001.pdf","300620210409E001.pdf","http://www.esmt.com.tw","","無","查詢"
"3006","晶豪科","110/11/01","14:00","webex線上視訊會議","公司營運近況暨未來展望","300620211101M001.pdf","300620211101E001.pdf","http://www.esmt.com.tw","","無","查詢"
"3008","大立光","110/05/20 至 110/05/21","09:00","電話會議","本公司受邀參加花旗證券舉辦之線上法人說明會","300820210408M001.pdf","300820210408E001.pdf","","","無","查詢"
"3008","大立光","110/01/07","14:30","線上法說會","109年第四季營運報告及說明110年第一季營運展望","300820210107M001.pdf","300820210107E001.pdf","http://www.largan.com.tw/html/about/invest.php",法說會影音連結資訊:http://www.largan.com.tw/html/about/invest.php ,"無","查詢"
"3008","大立光","110/09/16 至 110/09/17","09:00","電話會議","本公司受邀參加里昂證券舉辦之線上法人說明會","300820210708M001.pdf","300820210708E001.pdf","","","無","查詢"
"3008","大立光","110/04/08","14:30","線上法說會","110年第一季營運報告及說明110年第二季營運展望","300820210408M001.pdf","300820210408E001.pdf","http://www.largan.com.tw/html/about/invest.php",法說會影音連結資訊:http://www.largan.com.tw/html/about/invest.php ,"無","查詢"
"3008","大立光","110/03/18 至 110/03/19","09:00","電話會議","本公司受邀參加美林證券舉辦之線上法人說明會","300820200109M001.pdf","300820200109E001.pdf","","","無","查詢"
"3008","大立光","110/06/17 至 110/06/22","09:00","電話會議","本公司受邀參加野村證券、瑞銀證券舉辦之線上法人說明會","300820210408M001.pdf","300820210408E001.pdf","","","無","查詢"
"3008","大立光","110/10/07","14:30","線上法說會","110年第三季營運報告及說明110年第四季營運展望","300820211007M001.pdf","300820211007E001.pdf","http://www.largan.com.tw/html/about/invest.php",法說會影音連結資訊:http://www.largan.com.tw/html/about/invest.php ,"無","查詢"
"3008","大立光","110/09/07 至 110/09/08","09:00","電話會議","本公司受邀參加瑞士信貸證券舉辦之線上法人說明會","300820210708M001.pdf","300820210708E001.pdf","","","無","查詢"
"3008","大立光","110/07/08","14:30","線上法說會","110年第二季營運報告及說明110年第三季營運展望","300820210708M001.pdf","300820210708E001.pdf","http://www.largan.com.tw/html/about/invest.php",法說會影音連結資訊:http://www.largan.com.tw/html/about/invest.php ,"無","查詢"
"3010","華立","110/06/09","13:00","線上法說會","本公司應元大證券之邀請，參加其舉辦之線上
亞洲投資創富論壇，就公司已公開之財務業務
資訊做說明。","301020210608M001.pdf","301020210608E001.pdf","https://www.wahlee.com","","無","查詢"
"3010","華立","110/05/25","14:30","線上法說會","本公司應元大證券之邀請，參加其舉辦之線上法人說明會，就公司已公開之財務業務資訊做說明。","301020210525M001.pdf","301020210525E001.pdf","https://www.wahlee.com","","無","查詢"
"3011","今皓","110/12/17","14:00","新北市新店區寶興路53號(本公司六樓會議室)","公司簡介、營運近況及未來展望","301120211215M001.pptx","301120211215E001.pptx","http://www.jh.com.tw/shareholder-earnings.php?TVcode=6",法說會影音連結資訊:https://youtu.be/qShxOGYbTLM ,"無","查詢"
"3013","晟銘電","110/11/12","14:00","線上法說會","本公司受邀參加兆豐證券舉辦之線上法人說明會。","301320211112M001.pdf","301320211112E001.pdf","","","報名網址 https://reurl.cc/l5ldK9","查詢"
"3014","聯陽","110/04/08","14:00","台北市信義路四段236號7樓
(宏遠證券股份有限公司)","本公司受邀參加宏遠證券股份有限公司所舉辦之&quot;2021年台股半導體相關產業投資論壇&quot;。","301420210407M001.pdf","301420210407E001.pdf","http://www.ite.com.tw","","無。","查詢"
"3014","聯陽","110/09/28","14:30","線上法說會","本公司受邀參加宏遠證券股份有限公司所舉辦之線上法人說明會","301420210924M001.ppt","301420210924E001.ppt","http://www.ite.com.tw/","","無。","查詢"
"3015","全漢","110/04/14","14:00","兆豐證券總公司 (台北市忠孝東路二段95號)","本公司受邀參加兆豐證券股份有限公司所舉辦之「法人說明會」，會中介紹公司之營運與展望","301520210413M001.pdf","301520210413E001.pdf","https://www.fsp-group.com/tw/ShareholderMeeting.html","","無","查詢"
"3015","全漢","110/12/08","14:30","凱基證券 (台北市中山區明水路700號)","本公司受邀參加凱基證券所舉辦之「法人說明會」，會中介紹公司之營運與展望","301520211207M001.pdf","301520211207E001.pdf","https://www.fsp-group.com/tw/ShareholderMeeting.html","","無","查詢"
"3016","嘉晶","110/11/15","14:30","線上法說會","公司營運成果及未來展望","301620211115M001.pdf","301620211115E001.pdf","http://www.epi.episil.com/","","無","查詢"
"3017","奇鋐","110/08/09","14:00","受邀參加康和證券webex線上法說會。","說明110上半年度營運結果","301720210809M001.pdf","301720210809E001.pdf","http://www.avc.co","","無","查詢"
"3017","奇鋐","110/03/23","14:00","富邦人壽大樓國際會議中心(台北市敦化南路一段108號B2)","說明109年度營運結果","301720210323M001.pdf","301720210323E001.pdf","http://www.avc.co","","無","查詢"
"3018","隆銘綠能","110/12/17","14:00","線上法說會","本公司受邀參加康和證券線上舉辦之法人說明會，報告本公司營運狀況","301820211217M003.pdf","301820211217E003.pdf","http://www.tkte.com.tw/","","無","查詢"
"3019","亞光","110/05/06","14:00","線上法人說明會","歡迎投資人至http://www.asia-optical.com/投資人專區/發言人專欄，點選網路直播服務。","301920210506M001.pdf","301920210506E001.pdf","http://www.asia-optical.com",同步收看網址：:http://www.asia-optical.com 法說會影音連結資訊:http://www.asia-optical.com ,"簡報內容檔案於當日會後公告於公開資訊觀測站","查詢"
"3021","鴻名","110/05/24","14:30","線上法說會","公司簡介及營運概況等說明","302120210524M001.pdf","302120210524E001.pdf","","","無","查詢"
"3021","鴻名","110/11/24","14:00","台北市信義區基隆路1段176號B2(康和證券總公司B2會議室)","公司簡介及營運概況等說明","302120211124M001.pdf","302120211124E001.pdf","","","因採實名制及因應疫情關係，請與會者攜帶口罩及名片","查詢"
"3022","威強電","110/11/26","14:30","新北市汐止區中興路29號6樓(本公司教育訓練中心)","說明本公司2021年前三季營運成果及未來展望","302220211126M001.pdf","302220211126E001.pdf","https://new.ieiworld.com/tw/finance/con_show.php?op=showone&amp;cid=54",法說會影音連結資訊:https://drive.google.com/file/d/1QsyigWtYeuJEcRkMTRCrO7iwKuda7Wm3/view?usp=sharing ,"無","查詢"
"3023","信邦","110/05/20","10:00","線上會議","公告本公司受邀參加富邦證券所舉辦2021富邦證券投資論壇","302320210513M001.pdf","302320210513E001.pdf","https://www.sinbon.com/tw/investor-relations/dividend-capital/","","無","查詢"
"3023","信邦","110/05/20 至 110/05/24","10:00","線上會議","公告本公司受邀參加Citi所舉辦Regional Tech Conference 2021","302320210513M001.pdf","302320210513E001.pdf","https://www.sinbon.com/tw/investor-relations/dividend-capital/","","無","查詢"
"3023","信邦","110/08/31","10:00","線上會議","公告本公司受邀參加Citi所舉辦Asia TMT Day 2021","302320210823M001.pdf","302320210823E001.pdf","https://www.sinbon.com/tw/investor-relations/dividend-capital/","","無","查詢"
"3023","信邦","110/09/06 至 110/09/07","14:00","線上會議","本公司受邀參加Credit Suisse舉辦之 22nd Credit Suisse Asian Technology Conference","302320210823M001.pdf","302320210823E001.pdf","https://www.sinbon.com/tw/investor-relations/dividend-capital/","","無","查詢"
"3023","信邦","110/11/29 至 110/11/30","15:00","線上會議","本公司受邀參加CLSA舉辦之Taiwan Market Mover 2022 Access Day","302320211122M001.pdf","302320211122E001.pdf","https://www.sinbon.com/tw/investor-relations/dividend-capital/","","無","查詢"
"3023","信邦","110/12/01","10:00","線上會議","公告本公司受邀參加Citi所舉辦Taiwan Corporate Day 2021","302320211122M001.pdf","302320211122E001.pdf","https://www.sinbon.com/tw/investor-relations/dividend-capital/","","無","查詢"
"3023","信邦","110/12/22","14:00","台北市中正區市民大道三段2號12樓(三創數位生活園區)","對外說明本公司營運狀況","302320211222M001.pdf","302320211222E001.pdf","http://www.sinbon.com/tw/media-center/event-activity/",法說會影音連結資訊:http://210.65.138.99/webportal/vod/101/65E2E6733537-87302B32-63C9-11EC-8D94/?categoryId=101 ,"採預約制，不接受現場報名，請填https://forms.gle/Qu2CTrQunWAesf4U7","查詢"
"3023","信邦","110/03/10","09:00","線上會議","公告本公司受邀參加Citi所舉辦Taiwan Corporate Day 2021","302320210303M001.pdf","302320210303E001.pdf","https://www.sinbon.com/tw/investor-relations/dividend-capital/","","無","查詢"
"3024","憶聲","110/10/14","15:00","線上法說會","本公司受邀參加元大證券舉辦線上法說會，報告本公司營運狀況。","302420211129M002.pptx","302420211129E002.pptx","","","無","查詢"
"3025","星通","110/11/11","15:00","線上法說會","本公司受邀參加元大證券舉辦之線上法說會,報告本公司營運狀況","302520211111M001.pptx","302520211111E001.pptx","","","無","查詢"
"3026","禾伸堂","110/05/20","14:00","線上法人說明會","本公司受邀參加國泰綜合證券舉辦之線上法人說明會，說明近期營運概況。","302620210520M001.pdf","302620210520E001.pdf","http://www.holystone.com.tw","","無。","查詢"
"3026","禾伸堂","110/03/23","13:45","台北W飯店(台北市忠孝東路五段10號)","本公司受邀參加統一證券舉辦之法人說明會，說明近期營運概況。","302620210323M001.pdf","302620210323E001.pdf","http://www.holystone.com.tw","","無。","查詢"
"3026","禾伸堂","110/08/17","14:00","線上法說會","本公司受邀參加統一證券投資展望論壇，說明近期營運概況。","302620210817M001.pdf","302620210817E001.pdf","http://www.holystone.com.tw","","無","查詢"
"3026","禾伸堂","110/11/11","14:00","線上法說會","本公司受邀參加國泰證券舉辦之線上法人座談會，說明近期營運概況。","302620211111M001.pdf","302620211111E001.pdf","http://www.holystone.com.tw","","無","查詢"
"3027","盛達","110/11/02","16:00","臺灣證券交易所一樓資訊展示中心(台北市信義區信義路五段7號1樓)","簡報營運概況","302720211028M001.pdf","302720211028E001.pdf","https://bit.ly/Billion-ElectricIc-Investor-Conference",法說會影音連結資訊:https://webpro.twse.com.tw/webportal/vod/101/552C1D368145-381BC8B2-3BBF-11EC-81A8/?categoryId=101 ,"15:50 報到 ，16:00 法說會開始。","查詢"
"3028","增你強","110/11/12","14:00","線上法說會","本公司受邀參加群益金鼎證券舉辦之線上法人說明會，說明110年第三季營運成果及未來營運展望。","302820211112M001.pdf","302820211112E001.pdf","http://www.zenitron.com.tw/","","無","查詢"
"3029","零壹","110/03/24","15:00","線上法人說明會-Webex","本公司受邀參加凱基證券舉辦線上法人說明會，向投資人說明公司營運概況。","302920210324M001.pdf","302920210324E001.pdf","","","無。","查詢"
"3029","零壹","110/12/24","15:00","線上法人說明會-Webex","本公司受邀參加凱基證券舉辦線上法人說明會，向投資人說明公司營運概況。","302920211224M001.pdf","302920211224E001.pdf","","","無。","查詢"
"3030","德律","110/05/21","14:00","線上法人說明會","本公司受邀參加中國信託證券舉辦之線上法人說明會；
網址：https://ctbcsec.webex.com/webappng/sites/ctbcsec/dashboard/pmr/charlene","303020210520M001.pdf","303020210520E001.pdf","https://www.tri.com.tw/tw/investor/investor_list-27-2-3.html","","活動諮詢請洽中國信託證券 劉小姐 電話(02)6639-2891","查詢"
"3030","德律","110/11/26","14:00","線上法說會","本公司受邀參加兆豐證券舉辦之線上法說會，將於會中就已公開之財務及業務等相關資訊做說明。","303020211126M001.pdf","303020211126E001.pdf","https://www.tri.com.tw/tw/investor/investor_list-27-2-3.html",法說會影音連結資訊:未輸 ,"當天13:40開放登入，報名連結：https://reurl.cc/ZjMYAW","查詢"
"3031","佰鴻","110/05/27","14:00","https://webpro.twse.com.tw/webportal/vod/101/?categoryId=101","受邀參加110年5月27日證交所舉辦2021年「綠色經濟暨航運」產業主題式業績發表會","303120210525M001.pdf","303120210525E001.pdf","http://www.brtled.com","","無","查詢"
"3032","偉訓","110/12/13","14:30","福邦證券總公司(台北市忠孝西路一段6號7樓 B會議室)","公司簡介及營運概況說明。","303220211209M001.pdf","303220211209E001.pdf","https://www.hec-group.com.tw",法說會影音連結資訊:未輸 ,"無。","查詢"
"3033","威健","110/11/26","14:30","台北巿內湖路一段308號11樓(810會議室)","1.請有意參加之機構投資者務必於110年11月25日上午12點前完成線上報名，可透過網路連結至本公司網站之「投資人專區」項下法人說明會報名(網址 https:// www.weikeng.com.tw/conference.php)。
2.本次法人說明會邀請對象為法人投資機構:至於個人投資大眾; 至於個人投資者，煩請透過台灣證券交易所網站(https://webpro.twse.com.tw/webportal/vod/101/?categoryId=101)或本公司網站(https://www.weikeng.com.tw/conference.php)收看「法人說明會」會後實況。
3.基於環保政策,法人說明會時將不發放書面資料,參加者可在110年11月25日12:00之後,從本公司網站(https://www.weikeng.com.tw/conference.php)自行下載書面資料。
4.COVID-19疫情期間，煩請配合下列事項：
(1)每一研究機構僅限一人參加。
(2)參加者須配合疫情管制措施，留下聯繫資訊(簡訊實聯制QR Code)，進入會場須先量額溫，若其≧37.5°C者，將被拒絕進入會場。
(3)會議全程須佩戴口罩。","303320211125M001.pdf","303320211125E001.pdf","https://www.weikeng.com.tw/conference.php",法說會影音連結資訊:https://www.weikeng.com.tw/conference.php ,"無","查詢"
"3034","聯詠","110/02/04","15:00","網路直播","本公司一○九年第四季自結數合併財務報告及一一○年第一季業績展望。法說會將於15:00進行網路直播，請連結至以下網址http://www.zucast.com/webcast/1eGyjN9g　。 建議參與者於法說會前安裝或升級所需播放軟體，或至http://www.zucast.com/help 尋求技術支援。","303420210204M001.pdf","303420210204E001.pdf","www.novatek.com.tw",同步收看網址：:http://www.zucast.com/webcast/1eGyjN9g 法說會影音連結資訊:https://www.youtube.com/watch?v=HyVShXpfwmk&feature=youtu.be ,"無。","查詢"
"3034","聯詠","110/08/05","15:00","網路直播","本公司一一○年第二季合&#20482;財務報告及第三季業績展望。法說會將於15:00進行網路直播，請連結至以下網址https://www.zucast.com/event/P65s1s0j/subscribe/create　。 建議參與者於法說會前安裝或升級所需播放軟體，或至http://www.zucast.com/help 尋求技術支援。","303420210805M001.pdf","303420210805E001.pdf","www.novatek.com.tw",同步收看網址：:https://www.zucast.com/event/P65s1s0j/subscribe/create 法說會影音連結資訊:https://www.youtube.com/watch?v=_9FEMXbdxss ,"因考量新型冠狀病毒 2019-nCoV疫情，法說會以網路直播進行。","查詢"
"3034","聯詠","110/05/06","15:00","網路直播","本公司一一○年第一季合&#20482;財務報告及第二季業績展望。法說會將於15:00進行網路直播，請連結至以下網址http://www.zucast.com/webcast/MwLBZ8C7  。 建議參與者於法說會前安裝或升級所需播放軟體，或至http://www.zucast.com/help 尋求技術支援。","303420210506M001.pdf","303420210506E001.pdf","www.novatek.com.tw",同步收看網址：:http://www.zucast.com/webcast/MwLBZ8C7 法說會影音連結資訊:https://www.youtube.com/watch?v=P0asJRst31s ,"因考量新型冠狀病毒 2019-nCoV疫情，法說會以網路直播進行。","查詢"
"3034","聯詠","110/03/23","14:00","電話會議","受邀參加由Credit Suisse所舉辦&quot;24th Credit Suisse Asian Investment conference&quot;，就109年第4季營運績效等相關資訊作說明。","303420210204M001.pdf","303420210204E001.pdf","www.novatek.com.tw","","無。","查詢"
"3034","聯詠","110/04/07","14:00","電話會議","受邀參加由高盛銀行及台灣證券交易所共同舉辦&quot;GS &amp; TWSE Taiwan Corporate Day&quot;，就109年第4季營運績效等相關資訊作說明。","303420210204M001.pdf","303420210204E001.pdf","www.novatek.com.tw","","無。","查詢"
"3034","聯詠","110/06/03","15:00","電話會議","受邀參加由里昂證券所舉辦&quot;CLSA Taiwan Access Day&quot;，就110年第1季營運績效等相關資訊作說明。","303420210506M001.pdf","303420210506E001.pdf","www.novatek.com.tw","","無。","查詢"
"3034","聯詠","110/06/22","14:00","電話會議","受邀參加由瑞銀證券所舉辦&quot;UBS TAIWAN VIRTUAL CONFERENCE 2021&quot;，就110年第1季營運績效等相關資訊作說明。","303420210506M001.pdf","303420210506E001.pdf","www.novatek.com.tw","","無。","查詢"
"3034","聯詠","110/03/16","14:00","電話會議","受邀參加由BofA所舉辦&quot;2021 APAC TMT Conference&quot;，就109年第4季營運績效等相關資訊作說明。","303420210204M001.pdf","303420210204E001.pdf","www.novatek.com.tw","","無。","查詢"
"3034","聯詠","110/09/07","14:00","電話會議","受邀參加由瑞士信貸證券所舉辦&quot;22nd Credit Suisse Asian Technology Conference&quot;，就110年第2季營運績效等相關資訊作說明。","303420210805M001.pdf","303420210805E001.pdf","www.novatek.com.tw","","無。","查詢"
"3034","聯詠","110/09/02","15:00","電話會議","受邀參加由富邦證券所舉辦&quot;富邦Q3投資論壇&quot;，就110年第2季營運績效等相關資訊作說明。","303420210805M001.pdf","303420210805E001.pdf","www.novatek.com.tw","","無。","查詢"
"3034","聯詠","110/09/28","16:30","電話會議","受邀參加由台灣摩根士丹利公司所舉辦&quot;VIRTUAL GREATER CHINA DISPLAY DRIVER IC SYMPOSIUM&quot;，就110年第2季營運績效等相關資訊作說明。","303420210805M001.pdf","303420210805E001.pdf","www.novatek.com.tw","","無。","查詢"
"3034","聯詠","110/09/28","15:00","電話會議","受邀參加由國泰證券所舉辦&quot;TAIWAN SEMICONDUCTOR VIRTUAL CONFERENCE&quot;，就110年第2季營運績效等相關資訊作說明。","303420210805M001.pdf","303420210805E001.pdf","www.novatek.com.tw","","無。","查詢"
"3034","聯詠","110/02/23","14:00","電話會議","受邀參加由JP MORGAN所舉辦&quot;TAIWAN CEO-CFO CONFERENCE 2021&quot;，就109年第4季營運績效等相關資訊作說明。","303420210204M001.pdf","303420210204E001.pdf","www.novatek.com.tw","","無。","查詢"
"3034","聯詠","110/11/04","15:00","網路直播","本公司一一○年第三季合&#20482;財務報告及第四季業績展望。法說會將於15:00進行網路直播，請連結至以下網址https://www.zucast.com/event/ZpQ8OOaQ/subscribe/create　。 建議參與者於法說會前安裝或升級所需播放軟體，或至http://www.zucast.com/help 尋求技術支援。","303420211104M001.pdf","303420211104E001.pdf","www.novatek.com.tw",同步收看網址：:https://www.zucast.com/event/ZpQ8OOaQ/subscribe/create 法說會影音連結資訊:https://www.youtube.com/watch?v=ndPUfe0JyGs ,"因考量新型冠狀病毒 2019-nCoV疫情，法說會以網路直播進行。","查詢"
"3034","聯詠","110/11/16","14:00","電話會議","受邀參加由摩根大通銀行所舉辦&quot;2021 Global TMT Conference in Asia&quot;，就110年第3季營運績效等相關資訊作說明。","303420211104M001.pdf","303420211104E001.pdf","www.novatek.com.tw","","無。","查詢"
"3034","聯詠","110/03/09","14:00","電話會議","受邀參加由Citi bank所舉辦&quot;TAIWAN CORPORATE DAY 2021&quot;，就109年第4季營運績效等相關資訊作說明。","303420210204M001.pdf","303420210204E001.pdf","www.novatek.com.tw","","無。","查詢"
"3034","聯詠","110/08/31","14:00","電話會議","受邀參加由花旗銀行所舉辦&quot;citi Asia TMT Day&quot;，就110年第2季營運績效等相關資訊作說明。","303420210805M001.pdf","303420210805E001.pdf","www.novatek.com.tw","","無。","查詢"
"3034","聯詠","110/11/30 至 110/12/01","14:00","電話會議","受邀參加由Citi bank所舉辦&quot;TAIWAN CORPORATE DAY 2021&quot;，就110年第3季營運績效等相關資訊作說明。","303420211104M001.pdf","303420211104E001.pdf","www.novatek.com.tw","","無。","查詢"
"3035","智原","110/09/09","13:30","線上法說會","本公司受邀參加國泰證券第三季產業論壇，分享2021年下半年的產業展望。","303520210727M001.pdf","303520210727E001.pdf","https://www.faraday-tech.com/tw/content/IR/InvestorConference","","無","查詢"
"3035","智原","110/05/21","09:00","線上法說會","本公司將參加花旗環球證券所舉辦之線上法說會
-『Regional Tech Investor Conference 2021』，會中就本公司4/27法說會已公開發佈之財務數字、經營績效等相關資訊做說明。","303520210427M001.pdf","303520210427E001.pdf","http://www.faraday-tech.com/tw/html/IR/QuarterlyResults.html","","無","查詢"
"3035","智原","110/08/04","14:00","線上法說會。","本公司受邀參加本公司受邀參加國泰證券線上論壇，會中就本公司7/27法說會已公開發佈之財務數字、經營績效等相關資訊做說明。","303520210727M001.pdf","303520210727E001.pdf","https://www.faraday-tech.com/tw/content/IR/InvestorConference","","無。","查詢"
"3035","智原","110/08/10","14:30","線上法說會。","本公司受邀參加元富證券舉辦之八月台股企業日，會中就本公司7/27法說會已公開發佈之財務數字、經營績效等相關資訊做說明。","303520210727M001.pdf","303520210727E001.pdf","https://www.faraday-tech.com/tw/content/IR/InvestorConference","","無。","查詢"
"3035","智原","110/08/17","15:15","線上法說會。","本公司受邀參加統一證券2021下半年投資展望論壇，會中就本公司7/27法說會已公開發佈之財務數字、經營績效等相關資訊做說明。","303520210727M001.pdf","303520210727E001.pdf","https://www.faraday-tech.com/tw/content/IR/InvestorConference","","無。","查詢"
"3035","智原","110/06/08","14:00","線上法說會","本公司將參加群益金鼎證券所舉辦之線上法說會
-『Capital Securities Corp. 2Q21 Investment Forum』，會中就本公司4/27法說會已公開發佈之財務數字、經營績效等相關資訊做說明。","303520210427M001.pdf","303520210427E001.pdf","http://www.faraday-tech.com/tw/html/IR/QuarterlyResults.html","","無","查詢"
"3035","智原","110/01/26","14:30","線上法說會","109年第四季線上法人說明會","303520210126M001.pdf","303520210126E001.pdf","http://www.faraday-tech.com/tw/html/IR/QuarterlyResults.html",同步收看網址：:http://www.faraday-tech.com/tw/html/IR/QuarterlyResults.html ,"無","查詢"
"3035","智原","110/08/30","11:00","線上法說會","本公司受邀參加匯豐證券舉辦線上「HSBC Taiwan Executive Forum 2021」，分享產業展望及公司近況。","303520210727M001.pdf","303520210727E001.pdf","https://www.faraday-tech.com/tw/content/IR/InvestorConference","","無","查詢"
"3035","智原","110/06/18","11:00","線上法說會。","本公司將參加KGI凱基證券所舉辦之線上法說會 -『KGI 2021年第二季線上投資論壇』，會中就本公司4/27法說會已公開發佈之財務數字、經營績效等相關資訊做說明。","303520210427M001.pdf","303520210427E001.pdf","http://www.faraday-tech.com/tw/html/IR/QuarterlyResults.html","","無。","查詢"
"3035","智原","110/04/27","14:30","線上法說會","110年第一季線上法人說明會","303520210427M001.pdf","303520210427E001.pdf","http://www.faraday-tech.com/tw/html/IR/QuarterlyResults.html",同步收看網址：:http://www.faraday-tech.com/tw/html/IR/QuarterlyResults.html 法說會影音連結資訊:http://www.faraday-tech.com/tw/html/IR/QuarterlyResults.html ,"無","查詢"
"3035","智原","110/07/09","14:00","線上法說會。","本公司受邀參加台新證券所舉辦之「台新2021年7月台股企業日(Corporate Day)」』，會中就本公司4/27法說會已公開發佈之財務數字、經營績效等相關資訊做說明。","303520210427M001.pdf","303520210427E001.pdf","http://www.faraday-tech.com/tw/html/IR/QuarterlyResults.html","","無","查詢"
"3035","智原","110/10/26","14:30","線上法說會","110年第三季線上法人說明會","303520211026M001.pdf","303520211026E001.pdf","http://www.faraday-tech.com/tw/html/IR/QuarterlyResults.htm",同步收看網址：:https://www.faraday-tech.com/tw/content/IR/InvestorConference 法說會影音連結資訊:http://wms.gridow.com/ir/faraday-tech/faraday_2021Q3.html ,"無","查詢"
"3035","智原","110/07/27","14:30","線上法說會","110年第二季線上法人說明會","303520210727M001.pdf","303520210727E001.pdf","http://www.faraday-tech.com/tw/html/IR/QuarterlyResults.html",同步收看網址：:http://www.faraday-tech.com/tw/html/IR/QuarterlyResults.html 法說會影音連結資訊:http://www.faraday-tech.com/tw/html/IR/QuarterlyResults.html ,"無","查詢"
"3035","智原","110/11/26","10:00","線上法說會","本公司受邀參加JP Morgan Asia Emerging Tech Tour，與投資者討論以更新公司管理策略、未來方向及成長潛力。","303520211026M001.pdf","303520211026E001.pdf","https://www.faraday-tech.com/tw/content/IR/InvestorConference","","無","查詢"
"3035","智原","110/12/09","14:00","線上法說會","本公司受邀參加美商高盛證券所舉辦之線上法說會 -「Goldman Sachs TWN Semis, Foundry, OSAT, IC Design Supply Chain Virtual Day」","303520211026M001.pdf","303520211026E001.pdf","https://www.faraday-tech.com/tw/content/IR/InvestorConference","","無","查詢"
"3036","文曄","110/08/06","14:30","線上法說會","本公司受邀參加兆豐證券於110年8月6日舉辦之線上法人說明會，向投資人說明110年第2季營業成果及未來營運展望。","303620210806M001.pdf","303620210806E001.pdf","https://www.wtmec.com/WT/?page_id=2016","","欲參加者請需事先線上報名，網址：http://www.wtmec.com/online/invite.htm","查詢"
"3036","文曄","110/01/14","11:00","紐約","本公司受邀參加JNK證券於美國舉辦之線上法人說明會，說明109年第3季營業成果","303620201106M001.pdf","303620201106E001.pdf","http://www.wtmec.com/WT/?page_id=2016","","無。","查詢"
"3036","文曄","110/05/17","14:00","線上法說會","本公司受邀參加凱基證券於110年5月17日舉辦之線上法人說明會，向投資人說明110年第1季營業成果及未來營運展望。","303620210427M001.pdf","303620210427E001.pdf","https://www.wtmec.com/WT/?page_id=2016","","無。","查詢"
"3036","文曄","110/04/27","14:30","線上法說會","本公司受邀參加兆豐證券於110年4月27日舉辦之線上法人說明會，向投資人說明110年第1季營業成果及未來營運展望。","303620210427M001.pdf","303620210427E001.pdf","https://www.wtmec.com/WT/?page_id=2016","","欲參加者請需事先線上報名，網址：http://www.wtmec.com/online/invite.htm","查詢"
"3036","文曄","110/08/16","15:00","線上法說會","本公司受邀參加凱基證券於110年8月16日舉辦之線上法人交流會，向投資人說明110年第2季營業成果及未來營運展望。","303620210806M001.pdf","303620210806E001.pdf","https://www.wtmec.com/WT/?page_id=2016","","無。","查詢"
"3036","文曄","110/09/10","09:00","線上法說會","本公司受邀參加瑞士信貸證券於110年9月10日舉辦之線上22nd Credit Suisse Asian Technology Conference，向投資人說明110年第2季營業成果及未來營運展望。","303620210806M001.pdf","303620210806E001.pdf","https://www.wtmec.com/WT/?page_id=2016","","無。","查詢"
"3036","文曄","110/09/15","14:00","線上法說會","本公司受邀參加元大證券於110年9月15日舉辦之線上投資法人座談會，向投資人說明110年第2季營業成果及未來營運展望。","303620210806M001.pdf","303620210806E001.pdf","https://www.wtmec.com/WT/?page_id=2016","","無。","查詢"
"3036","文曄","110/06/07","15:00","線上法說會","本公司受邀參加富邦證券於110年6月7日舉辦之線上法人說明會，向投資人說明110年第1季營業成果及未來營運展望。","303620210427M001.pdf","303620210427E001.pdf","https://www.wtmec.com/WT/?page_id=2016","","無。","查詢"
"3036","文曄","110/02/25","14:30","線上法說會","本公司受邀參加兆豐證券於110年2月25日舉辦之線上法人說明會，向投資人說明109年第4季營業成果及未來營運展望。","303620210225M001.pdf","303620210225E001.pdf","https://www.wtmec.com/WT/?page_id=2016","","欲參加者請需事先線上報名，網址：http://www.wtmec.com/online/invite.htm","查詢"
"3036","文曄","110/09/27","14:00","線上法說會","本公司受邀參加台新證券於110年9月27日舉辦之線上投資法人座談會，向投資人說明110年第2季營業成果及未來營運展望。","303620210806M001.pdf","303620210806E001.pdf","https://www.wtmec.com/WT/?page_id=2016","","無。","查詢"
"3036","文曄","110/09/02","14:00","線上法說會","本公司受邀參加富邦證券於110年9月2日舉辦之線上投資論壇，向投資人說明110年第2季營業成果及未來營運展望。","303620210806M001.pdf","303620210806E001.pdf","https://www.wtmec.com/WT/?page_id=2016","","無。","查詢"
"3036","文曄","110/11/17 至 110/11/19","16:00","線上法說會","本公司受邀參加摩根士丹利證券於110年11月17至19日舉辦之Twentieth Annual Asia Pacific Summit，向投資人說明110年第3季營業成果及未來營運展望。","303620211105M001.pdf","303620211105E001.pdf","https://www.wtmec.com/WT/?page_id=2016","","無。","查詢"
"3036","文曄","110/11/09","14:00","本公司(新北市中和區中正路738號11樓)","本公司受邀參加&#28377;豐證券於110年11月9日舉辦之投資法人座談會，向投資人說明110年第3季營業成果及未來營運展望。","303620211105M001.pdf","303620211105E001.pdf","https://www.wtmec.com/WT/?page_id=2016","","無","查詢"
"3036","文曄","110/11/10","14:00","線上投資法人座談會","本公司受邀參加國票證券於110年11月10日舉辦之線上投資法人座談會，向投資人說明110年第3季營業成果及未來營運展望。","303620211105M001.pdf","303620211105E001.pdf","https://www.wtmec.com/WT/?page_id=2016","","無。","查詢"
"3036","文曄","110/11/12","14:30","線上投資法人座談會","本公司受邀參加凱基證券於110年11月12日舉辦之線上投資法人座談會，向投資人說明110年第3季營業成果及未來營運展望。","303620211105M001.pdf","303620211105E001.pdf","https://www.wtmec.com/WT/?page_id=2016","","無。","查詢"
"3036","文曄","110/11/05","14:30","線上法說會","本公司受邀參加兆豐證券於110年11月5日舉辦之線上法人說明會，向投資人說明110年第3季營業成果及未來營運展望。","303620211105M001.pdf","303620211105E001.pdf","https://www.wtmec.com/WT/?page_id=2016","","欲參加者請需事先線上報名，網址：http://www.wtmec.com/online/invite.htm","查詢"
"3036","文曄","110/07/13","14:00","線上法說會","本公司受邀參加國票綜合證券於110年7月13日舉辦之線上法人座談會，向投資人說明110年第1季營業成果及未來營運展望。","303620210427M001.pdf","303620210427E001.pdf","https://www.wtmec.com/WT/?page_id=2016","","無。","查詢"
"3036","文曄","110/07/01","14:30","線上法說會","本公司受邀參加元富證券於110年7月1日舉辦之法說會「台股企業日」，向投資人說明110年第1季營業成果及未來營運展望。","303620210427M001.pdf","303620210427E001.pdf","https://www.wtmec.com/WT/?page_id=2016","","無","查詢"
"3036","文曄","110/03/10","16:00","線上法人說明會","本公司受邀參加國泰證券於110年3月10日舉辦之線上海外法人說明會，說明109年第4季營業成果","303620210225M001.pdf","303620210225E001.pdf","https://www.wtmec.com/?page_id=3480&amp;lang=en","","無。","查詢"
"3036","文曄","110/12/16","14:30","文曄科技 (新北市中和區中正路738號11樓)","本公司受邀參加富邦證券於110年12月16日舉辦之投資法人座談會，向投資人說明110年第3季營業成果及未來營運展望。","303620211105M001.pdf","303620211105E001.pdf","https://www.wtmec.com/WT/?page_id=2016","","無。","查詢"
"3037","欣興","110/05/07","10:00","線上法說會","本公司受邀參加野村證券所舉辦之線上法說會，會中就本公司已公開發布之財務數字、經營績效等相關資訊作說明。","303720210506M001.pdf","303720210506E001.pdf","http://www.unimicron.com/","","無。","查詢"
"3037","欣興","110/01/20","13:30","台北","本公司受邀參加元富證券與台灣證交所所舉辦之產業論壇，會中就本公司已公開發布之財務數字、經營績效等相關資訊作說明。","303720201110M001.pdf","303720201110E001.pdf","http://www.unimicron.com/","","無。","查詢"
"3037","欣興","110/02/24","15:00","線上法說會","將於說明會當天發布本公司109年度第4季財務暨營運報告。","303720210224M001.pdf","303720210224E001.pdf","http://www.unimicron.com/",同步收看網址：:http://www.zucast.com/webcast/VyzEbrRN 法說會影音連結資訊:http://www.unimicron.com/ ,"無。","查詢"
"3037","欣興","110/06/18","09:40","線上法說會","本公司受邀參加凱基證券所舉辦之2021年第二季線上投資論壇，會中就本公司已公開發布之財務數字、經營績效等相關資訊作說明。","303720210506M001.pdf","303720210506E001.pdf","http://www.unimicron.com/","","無。","查詢"
"3037","欣興","110/07/02","14:30","線上法說會","本公司受邀參加元富證券所舉辦之2021台股企業日，會中就本公司已公開發布之財務數字、經營績效等相關資訊作說明。","303720210506M001.pdf","303720210506E001.pdf","http://www.unimicron.com/","","無。","查詢"
"3037","欣興","110/03/10","14:30","台北","本公司受邀參加元富證券所舉辦之3月台股企業日，會中就本公司已公開發布之財務數字、經營績效等相關資訊作說明。","303720210224M001.pdf","303720210224E001.pdf","http://www.unimicron.com/","","無。","查詢"
"3037","欣興","110/07/28","15:00","線上法說會","將於說明會當天發布本公司110年度第2季財務暨營運報告。","303720210728M001.pdf","303720210728E001.pdf","http://www.unimicron.com/",同步收看網址：:http://www.zucast.com/webcast/Al3dRatb 法說會影音連結資訊:http://www.unimicron.com/ ,"無。","查詢"
"3037","欣興","110/11/10","15:45","台北","本公司受邀參加元富證券所舉辦之2021年11月台股企業日，會中就本公司已公開發布之財務數字、經營績效等相關資訊作說明。","303720211102M001.pdf","303720211102E001.pdf","http://www.unimicron.com/","","無。","查詢"
"3037","欣興","110/12/02","10:00","台北","本公司受邀參加永豐金證券所舉辦之2021年第四季產業投資論壇，會中就本公司已公開發布之財務數字、經營績效等相關資訊作說明。","303720211102M001.pdf","303720211102E001.pdf","http://www.unimicron.com/","","無。","查詢"
"3038","全台","110/12/24","14:30","本公司(高雄市前鎮區中一路5號)","公司營運暨財務報告","303820211224M001.pdf","303820211224E001.pdf","http://www.edtc.com/edtcweb/investor_web.php?in_id=51",法說會影音連結資訊:https://www.edtc.com/edtcweb/investor_web.php?in_id=51 ,"無","查詢"
"3040","遠見","110/09/15","14:00","線上法說會","本公司受邀參加元大證券舉辦之產業座談會，報告本公司營運狀況","304020210914M002.pdf","304020210914E002.pdf","http://www.gv.com.tw/invest.asp","","無","查詢"
"3041","揚智","110/08/09","14:00","線上法人說明會","本公司受邀統一證券舉行2021年第二季線上法人說明會，
由董事長暨發言人梁厚誼報告本公司季度營運成果及答覆
線上與會者提問。
有意參加者，可透過網際網路連結報名參加本次法人說明
會，報名網址：
https://webportal.pscnet.com.tw/global/signup/glob
al_signup_business.php?business_id=11
本次線上法說會資訊亦可至本公司網站http://www.alitech.com 查詢，若您有任何問題，請於
法說會召開前撥打(02)8752-2000與我們的投資人關係專
人聯絡。","304120210809M001.pdf","304120210809E001.pdf","http://www.alitech.com/index.php/tw/investor-relations","","法說會簡報依規定揭露於「公開資訊觀測站」","查詢"
"3041","揚智","110/05/17","14:00","線上法人說明會","本公司受邀統一證券舉行2021年第一季線上法人說明會，由董事長暨發言人梁厚誼報告本公司季度營運成果及答覆線上與會者提問。
有意參加者，可透過網際網路連結報名參加本次法人說明會，報名網址：
https://webportal.pscnet.com.tw/global/signup/global_signup_business.php?business_id=7
本次線上法說會資訊亦可至本公司網站http://www.alitech.com 查詢，若您有任何問題，請於法說會召開前撥打(02)8752-2000與我們的投資人關係專人聯絡。","304120210517M001.pptx","304120210517E001.pptx","http://www.alitech.com/index.php/tw/investor-relations","","法說會簡報依規定揭露於「公開資訊觀測站」","查詢"
"3041","揚智","110/03/12","14:00","台北市中正區忠孝東路二段95號13樓(兆豐證券總公司)","本公司受邀參加兆豐證券舉辦之法人說明會，說明產業狀況與本公司經營績效等。","304120210312M001.pdf","304120210312E001.pdf","http://www.alitech.com/index.php/tw/investor-relations","","法說會簡報依規定揭露於「公開資訊觀測站」","查詢"
"3042","晶技","110/01/07 至 110/01/08","14:00","線上會議","本公司受邀參加瑞士信貸證券舉辦之「2021 Greater China Technology and Internet Virtual Conference」","304220201207M001.pdf","304220201207E001.pdf","http://www.txccorp.com/index_tw.php?action=e_company_1-1&amp;cid=5&amp;sid=11","","無","查詢"
"3042","晶技","110/09/10","10:00","線上會議","本公司受邀參加瑞士信貸證券舉辦之「22nd Credit Suisse Asian Technology Conference」","304220210909M001.pdf","304220210909E001.pdf","http://www.txccorp.com/index_tw.php?action=e_company_1-1&amp;cid=5&amp;sid=11","","無","查詢"
"3042","晶技","110/03/18","15:20","台北西華飯店 (台北市松山區民生東路三段111號3F)","本公司受邀參加群益金鼎證券舉辦之「第一季投資論壇」","304220210317M001.pdf","304220210317E001.pdf","http://www.txccorp.com/index_tw.php?action=e_company_1-1&amp;cid=5&amp;sid=11","","無","查詢"
"3042","晶技","110/09/27","14:30","晶華酒店 4F貴賓廳 
(台北市中山區中山北路二段39巷3號)","本公司召開法人說明會，說明近期營運成果及未來展望","304220210927M001.pdf","304220210927E001.pdf","http://www.txccorp.com/index_tw.php?action=e_company_1-1&amp;cid=5&amp;sid=11",法說會影音連結資訊:http://www.txccorp.com/index_tw.php?action=e_company_1-1&cid=5&sid=11 ,"無","查詢"
"3043","科風","110/11/23","16:00","臺灣證券交易所1樓資訊展示中心(台北市信義路五段7號)","公司簡介及營運報告","304320211123M001.pdf","304320211123E001.pdf","https://www.upspowercom.com/TW/Us-Meet.jsp",同步收看網址：:http://www.twse.com.tw ,"無","查詢"
"3044","健鼎","110/09/09","09:00","電話會議","健鼎於110年09月09日參加瑞信證券 Asian Technology Conference (Virtual)","304420210908M001.pdf","304420210908E001.pdf","","","無","查詢"
"3044","健鼎","110/05/20","09:00","電話會議","健鼎於110年05月20日參加花旗證券 2021 Regional Tech Conference (Virtual)","304420210519M001.pdf","304420210519E001.pdf","","","無","查詢"
"3044","健鼎","110/03/17 至 110/03/18","09:00","電話會議","健鼎於110年03月17- 18日參加美銀證券2021 Asia Pacific TMT Conference(Virtual)","304420210316M001.pdf","304420210316E001.pdf","","","無","查詢"
"3044","健鼎","110/12/01","09:00","線上會議","健鼎於110年12月01日參加花旗證券2021 Taiwan Corporate Day (Virtual)","304420211130M001.pdf","304420211130E001.pdf","","","無","查詢"
"3045","台灣大","110/02/25","16:00","電話會議","本公司109年第4季營運情形","304520210303M001.pdf","304520210303E001.pdf","http://www.taiwanmobile.com/index.html",同步收看網址：:http://corp.taiwanmobile.com/investor-relations/investor-relations.html 法說會影音連結資訊:http://corp.taiwanmobile.com/investor-relations/investor-relations.html ,"無","查詢"
"3045","台灣大","110/05/04","16:00","電話會議","本公司110年第1季營運情形","304520210504M001.pdf","304520210504E001.pdf","http://www.taiwanmobile.com/index.html",同步收看網址：:http://corp.taiwanmobile.com/investor-relations/investor-relations.html 法說會影音連結資訊:http://corp.taiwanmobile.com/investor-relations/investor-relations.html ,"無","查詢"
"3045","台灣大","110/08/05","16:00","電話會議","本公司110年第2季營運情形","304520210805M001.pdf","304520210805E001.pdf","http://www.taiwanmobile.com/index.html",同步收看網址：:http://corp.taiwanmobile.com/investor-relations/investor-relations.html 法說會影音連結資訊:http://corp.taiwanmobile.com/investor-relations/investor-relations.html ,"無","查詢"
"3045","台灣大","110/11/05","16:00","電話會議","本公司110年第3季營運情形","內容檔案於當日會後公告於公開資訊觀測站","內容檔案於當日會後公告於公開資訊觀測站","http://www.taiwanmobile.com/index.html",同步收看網址：:http://corp.taiwanmobile.com/investor-relations/investor-relations.html 法說會影音連結資訊:http://corp.taiwanmobile.com/investor-relations/investor-relations.html ,"無","查詢"
"3045","台灣大","110/03/17","11:00","電話會議","說明109年第四季法說會簡報與其他已公開發佈之財務數字、經營績效等相關資訊。","304520210303M001.pdf","304520210303E001.pdf","http://www.taiwanmobile.com/index.html","","無","查詢"
"3045","台灣大","110/03/24","10:00","電話會議","說明109年第四季法說會簡報與其他已公開發佈之財務數字、經營績效等相關資訊。","304520210303M001.pdf","304520210303E001.pdf","http://www.taiwanmobile.com/index.html","","無","查詢"
"3045","台灣大","110/06/02","10:00","電話會議","說明110年第一季法說會簡報與其他已公開發佈之財務數字、經營績效等相關資訊。","304520210504M001.pdf","304520210504E001.pdf","http://www.taiwanmobile.com/index.html","","無","查詢"
"3045","台灣大","110/03/11","15:45","臺北文創-台北市信義區菸廠路88號6F","說明109年第四季法說會簡報與其他已公開發佈之財務數字、經營績效等相關資訊。","304520210303M001.pdf","304520210303E001.pdf","http://www.taiwanmobile.com/index.html","","無","查詢"
"3045","台灣大","110/08/18","15:30","線上會議","說明110年第二季法說會簡報與其他已公開發佈之財務數字、經營績效等相關資訊。","304520210805M001.pdf","304520210805E001.pdf","http://www.taiwanmobile.com/index.html","","無","查詢"
"3045","台灣大","110/11/04","16:00","電話會議","本公司110年第3季營運情形","304520211104M001.pdf","304520211104E001.pdf","http://www.taiwanmobile.com/index.html",同步收看網址：:http://corp.taiwanmobile.com/investor-relations/investor-relations.html 法說會影音連結資訊:未輸 ,"無","查詢"
"3045","台灣大","110/09/02","15:00","線上會議","說明110年第二季法說會簡報與其他已公開發佈之財務數字、
經營績效等相關資訊。","304520210805M001.pdf","304520210805E001.pdf","http://www.taiwanmobile.com/index.html","","無","查詢"
"3045","台灣大","110/02/26","14:00","電話會議","說明109年第四季法說會簡報與其他已公開發佈之財務數字、經營績效等相關資訊。","304520210303M001.pdf","304520210303E001.pdf","http://www.taiwanmobile.com/index.html","","無","查詢"
"3046","建碁","110/04/14","14:00","新北市汐止區新台五路一段88號一樓","本公司受邀參加元大證券舉辦之法人說明會，會中就建碁公司2020年之業務狀況說明","304620210414M001.pdf","304620210414E001.pdf","https://www.aopen.com/TW_ch/page/investor-conference","","無","查詢"
"3047","訊舟","110/11/26","14:30","線上法說會","受邀參加統一證券舉辦之線上法人說明會，說明本公司之財務概況及營運狀況。","304720211122M001.pdf","304720211122E001.pdf","http://www.edimax.com.tw","","報名請洽統一證券企業法人部張小姐02-27478266轉3003或mail:shiki@uni-psg.com","查詢"
"3048","益登","110/11/18","14:30","線上法人說明會-Webex","本公司受邀參加凱基證券舉辦線上法人說明會，向投資人說明公司營運概況。 同步收看網址:https://kgi.webex.com/kgi-tc/onstage/g.php?MTID=edb024c2fda18e1241ae8cf3eff03a92f","304820211118M002.pdf","304820211118E002.pdf","","","無","查詢"
"3049","精金","110/11/16","14:30","線上法說會","本公司參加康和證券舉辦之線上會議，會中向投資人說明本公司營運概況及展望說明。","304920211116M002.pdf","304920211116E002.pdf","","","完整財務業務資訊請至公開資訊觀測站之法人說明會項下查閱。","查詢"
"3050","鈺德","110/12/21","14:00","線上法說會","本公司受邀參加華南永昌證券舉辦之法人說明會","305020211221M001.pdf","305020211221E001.pdf","http://www.utechmedia.com.tw","","無","查詢"
"3051","力特","110/12/21","14:00","力特光電科技股份有限公司 (桃園市平鎮區平東路659巷37號)","力特光電2021年第三季法人說明會","305120211221M002.doc","305120211221E002.docx","http://www.optimax.com.tw",法說會影音連結資訊:https://www.youtube.com/watch?v=hM3Wrc_XPAg ,"無","查詢"
"3052","夆典","110/10/20","15:00","線上法說會","本公司受邀參加元大證券舉辦之產業座談會","305220211019M001.pdf","305220211019E001.pdf","https://www.apexgrp.com.tw/web/bbs/board.php?bo_table=investor&amp;wr_id=6","","無","查詢"
"3054","立萬利","110/10/12","15:00","線上法說會","本公司受邀參加元大證券舉辦之產業座談會，報告本公司營運狀況。","305420211012M001.pptx","305420211012E001.pptx","","","完整財務業務資訊請至公開資訊觀測站之法人說明會一覽表或法說會項目下查閱。","查詢"
"3055","蔚華科","110/12/23","15:00","線上法說會","公司展望及營運報告。
網路會議網址: http://www.zucast.com/webcast/Emo3v8Rx","305520211223M001.pdf","305520211223E001.pdf","http://www.spirox.com.tw/investor/ir-earnings-conference",法說會影音連結資訊:http://www.zucast.com/webcast/Emo3v8Rx ,"無","查詢"
"3056","富華新","110/08/17","14:30","線上法人說明會","本公司營運概況說明。
報名方式: https://zte.zongtai.com.tw/news/DWnw/detail","305620210817M001.pdf","305620210817E001.pdf","https://zte.zongtai.com.tw/news/DWnw/detail",法說會影音連結資訊:https://www.youtube.com/watch?v=VvL5giQXh0E ,"無。","查詢"
"3057","喬鼎","110/12/22","14:00","新竹科學園區工業東四路21號1樓(本公司會議室)","110年營運說明暨未來展望","305720211222M001.pdf","305720211222E001.pdf","https://www.promise.com/tw/IR/Service/ConferenceInfo",同步收看網址：:NA 法說會影音連結資訊:https://www.youtube.com/watch?v=pp4dJ8jB2Jo ,"無。","查詢"
"3058","立德","110/12/10","14:30","福邦證券總公司(台北市忠孝西路一段6號7樓)","本公司受邀參加福邦證券舉辦之法人說明會，說明本公司營運及財務狀況。","305820211210M001.pdf","305820211210E001.pdf","http://www.lei.com.tw/tw/investor/conference.aspx","","無","查詢"
"3059","華晶科","110/06/18","15:20","線上法人說明會","KGI 2021年第二季線上投資論壇","305920210617M001.pdf","305920210617E001.pdf","http://www.altek.com.tw","","無","查詢"
"3060","銘異","110/12/15","14:00","線上會議","受邀參加元大證券舉辦之線上產業座談會，說明本公司營運概況及未來展望。","306020211215M001.pdf","306020211215E001.pdf","https://www.minaik.com.tw/zh-tw/investo/shareholder","","無","查詢"
"3062","建漢","110/12/24","14:30","福邦證券總公司(台北市忠孝西路一段6號7樓 B會議室)","說明本公司營運概況","306220211224M001.pdf","306220211224E001.pdf","","","無","查詢"
"3090","日電貿","110/04/21","14:30","台北市松山區民生東路三段156號11樓 (宏泰金融大樓11樓)。","本公司受邀參加群益金鼎證券110年04月21日舉辦之法人說明會。","309020210421M001.pdf","309020210421E001.pdf","","","無。","查詢"
"3090","日電貿","110/11/30","14:30","台北市中山區樂群三路128號7樓 (國票金控大樓7樓會議中心)。","本公司受邀參加國票綜合證券110年11月30日舉辦之法人說明會。","309020211130M001.pdf","309020211130E001.pdf","","","無。","查詢"
"3092","鴻碩","110/05/07","14:30","台北市長安東路一段22號13樓 (第一金證券)","受邀參加第一金證券舉辦之法人說明會，就本公司財務及業務相關資訊做說明。","309220210506M001.pdf","309220210506E001.pdf","http://www.hotron-ind.com/cn/companyNews.php","","無","查詢"
"3092","鴻碩","110/03/19","14:30","台北市長安東路一段22號13樓 (第一金證券)","受邀參加第一金證券舉辦之法人說明會，就本公司財務及業務相關資訊做說明。","309220210318M001.pdf","309220210318E001.pdf","http://www.hotron-ind.com/cn/index.php","","無","查詢"
"3094","聯傑","110/11/09","15:00","線上法說會","聯傑國際法說會-公司財務業務營運情形及未來展望","309420211109M001.pptx","309420211109E001.pptx","http://www.davicom.com.tw",中文影音檔網址:3094_8_20211109_ch.mp4 ,"無","查詢"
"3130","一零四","110/06/03","15:00","元大證券線上法人座談會","說明公司營運狀況及產品資訊","313020210601M001.pdf","313020210601E001.pdf","https://corp.104.com.tw/indexfb88.html?m=info&amp;mid=65","","無","查詢"
"3130","一零四","110/12/23","15:00","元大證券,台北市中正區寶慶路69號4樓","說明公司營運狀況及產品資訊","313020211221M001.pdf","313020211221E001.pdf","https://corp.104.com.tw/indexfb88.html?m=info&amp;mid=65","","無","查詢"
"3138","耀登","110/09/15","15:30","線上會議","本公司受邀參加國票證券所舉辦之線上投資論壇，說明營運概況。","313820210923M001.pdf","313820210923E001.pdf","http://www.auden.com.tw","","無","查詢"
"3149","正達","110/03/29","14:30","台北市重慶南路一段2號20樓(永豐金證券)並同步開放線上連結","本公司受邀參加永豐金證券舉辦之法人說明會，說明近期營運成果。","314920210329M001.pdf","314920210329E001.pdf","http://www.gtoc.com.tw/webc/html/investor/index.aspx?nav=5#b02","","報名請洽永豐金鄒小姐(02)23823207或mail：joyce.tsou@sinopac.com","查詢"
"3164","景岳","110/09/17","14:30","台南市南區西門路一段655號四樓永豐金證券台南分公司","受邀參加永豐金證券舉辦之法人說明會，說明本公司之營運概況","316420210916M001.pdf","316420210916E001.pdf","","","無","查詢"
"3164","景岳","110/12/24","14:30","台南市南區西門路一段655號四樓永豐金證券台南分公司","受邀參加永豐金證券舉辦之法人說明會，說明本公司之營運概況","316420211223M002.pdf","316420211223E002.pdf","","","無","查詢"
"3167","大量","110/04/15","14:00","台北市信義區信義路5段7號(證交所資訊展示中心)","本公司受邀參加台灣證券交易所舉辦之「智慧製造主題式業績發表會」，報告本公司營運成果。","316720210414M001.pdf","316720210414E001.pdf","",法說會影音連結資訊:https://webpro.twse.com.tw/webportal/vod/101/?categoryId=101 ,"無","查詢"
"3167","大量","110/08/11","14:30","線上法說會","本公司受邀參加凱基證券舉辦之線上法說會，會中就本公司已公開發佈之財務數字、經營績效等相關資訊做說明。","316720210811M001.pdf","316720210811E001.pdf","","","無。","查詢"
"3189","景碩","110/08/11","14:30","台北文創 (台北市信義區菸廠路88號)實體及線上同時舉行","向法人說明產業狀況與本公司經營績效","318920210810M001.pdf","318920210810E001.pdf","","","無","查詢"
"3189","景碩","110/08/25","14:00","線上科技之旅","向法人說明產業狀況與本公司經營績效","318920210810M001.pdf","318920210810E001.pdf","","","無","查詢"
"3189","景碩","110/08/26","10:00","線上投資論壇","向法人說明產業狀況與本公司經營績效","318920210810M001.pdf","318920210810E001.pdf","","","無","查詢"
"3189","景碩","110/08/27","10:00","線上投資論壇","向法人說明產業狀況與本公司經營績效","318920210810M001.pdf","318920210810E001.pdf","","","無","查詢"
"3189","景碩","110/01/20","13:45","台北晶華酒店","向法人說明產業狀況與本公司經營績效","318920210119M001.pdf","318920210119E001.pdf","","","無","查詢"
"3189","景碩","110/09/15","10:00","線上投資論壇","向法人說明產業狀況與本公司經營績效","318920210907M001.pdf","318920210907E001.pdf","","","無","查詢"
"3189","景碩","110/09/15","14:30","線上投資論壇","向法人說明產業狀況與本公司經營績效","318920210907M001.pdf","318920210907E001.pdf","","","無","查詢"
"3189","景碩","110/09/16","10:00","線上投資論壇","向法人說明產業狀況與本公司經營績效","318920210907M001.pdf","318920210907E001.pdf","","","無","查詢"
"3189","景碩","110/09/17","11:00","線上投資論壇","向法人說明產業狀況與本公司經營績效","318920210907M001.pdf","318920210907E001.pdf","","","無","查詢"
"3189","景碩","110/09/17","14:00","線上投資論壇","向法人說明產業狀況與本公司經營績效","318920210907M001.pdf","318920210907E001.pdf","","","無","查詢"
"3189","景碩","110/09/08","11:00","線上投資論壇","向法人說明產業狀況與本公司經營績效","318920210907M002.pdf","318920210907E002.pdf","","","無","查詢"
"3189","景碩","110/09/09","13:30","線上投資論壇","向法人說明產業狀況與本公司經營績效","318920210907M001.pdf","318920210907E001.pdf","","","無","查詢"
"3189","景碩","110/05/24","10:00","線上投資論壇","向法人說明產業狀況與本公司經營績效","318920210520M002.pdf","318920210520E002.pdf","","","無","查詢"
"3189","景碩","110/09/02","14:00","線上投資論壇","向法人說明產業狀況與本公司經營績效","318920210810M001.pdf","318920210810E001.pdf","","","無","查詢"
"3189","景碩","110/02/23","09:00","線上投資論壇","向法人說明產業狀況與本公司經營績效","318920210219M004.pdf","318920210219E004.pdf","","","無","查詢"
"3189","景碩","110/02/24","14:30","台北文創 (台北市信義區菸廠路88號)","向法人說明產業狀況與本公司經營績效","318920210219M003.pdf","318920210219E003.pdf","","","無","查詢"
"3189","景碩","110/03/19","11:00","台北市君悅酒店","向法人說明產業狀況與本公司經營績效","318920210318M001.pdf","318920210318E001.pdf","","","無","查詢"
"3189","景碩","110/04/07","09:00","線上投資論壇","向法人說明產業狀況與本公司經營績效","318920210406M001.pdf","318920210406E001.pdf","","","無","查詢"
"3189","景碩","110/03/17","10:00","線上投資論壇","向法人說明產業狀況與本公司經營績效","318920210311M001.pdf","318920210311E001.pdf","","","無","查詢"
"3189","景碩","110/11/16","14:00","台北市 君悅酒店","向法人說明產業狀況與本公司經營績效","318920211112M002.pdf","318920211112E002.pdf","","","無","查詢"
"3189","景碩","110/11/17","10:00","線上投資論壇","向法人說明產業狀況與本公司經營績效","318920211112M001.pdf","318920211112E001.pdf","","","無","查詢"
"3189","景碩","110/03/10","10:00","線上投資論壇","向法人說明產業狀況與本公司經營績效","318920210305M001.pdf","318920210305E001.pdf","","","無","查詢"
"3189","景碩","110/07/01","14:30","線上投資論壇","向法人說明產業狀況與本公司經營績效","318920210630M001.pdf","318920210630E001.pdf","","","無","查詢"
"3189","景碩","110/11/26","09:45","台北市 寒舍艾美酒店","向法人說明產業狀況與本公司經營績效","318920211112M001.pdf","318920211112E001.pdf","","","無","查詢"
"3189","景碩","110/11/26","11:00","線上投資論壇","向法人說明產業狀況與本公司經營績效","318920211112M001.pdf","318920211112E001.pdf","","","無","查詢"
"3189","景碩","110/11/30","13:00","線上投資論壇","向法人說明產業狀況與本公司經營績效","318920211112M001.pdf","318920211112E001.pdf","","","無","查詢"
"3189","景碩","110/12/02","11:00","台北市 W-Hotel","向法人說明產業狀況與本公司經營績效","318920211112M001.pdf","318920211112E001.pdf","","","無","查詢"
"3209","全科","110/06/16","14:30","線上會議","本公司受邀參加元大證券舉辦之線上法人說明會。","320920210616M001.pdf","320920210616E001.pdf","https://www.alltek.com/editor_investor3.php?item=5&amp;set_lang=ch","","無","查詢"
"3209","全科","110/09/28","14:00","線上會議","本公司受邀參加元大證券舉辦之線上法人說明會","320920210928M001.pdf","320920210928E001.pdf","https://www.alltek.com/editor_investor3.php?item=5&amp;set_lang=ch","","無","查詢"
"3229","晟鈦","110/11/29","14:00","台北市信義路四段306號13樓會議室","本公司受邀參加凱基證券舉辦之法人說明會，說明本公司營運業務狀況。","322920211129M001.pptx","322920211129E001.pptx","","","無","查詢"
"3231","緯創","110/08/30 至 110/08/31","10:00","電話會議","本公司將於110/08/30-110/08/31受邀參加花旗環球證券舉辦之電話說明會，說明本公司業務簡介及現況說明","323120210825M002.pdf","323120210825E002.pdf","https://www.wistron.com/CMS/LegalPersonSeminar?pageId=78","","無","查詢"
"3231","緯創","110/09/06 至 110/09/07","09:00","電話會議","本公司將於110/9/6-110/9/7受邀參加瑞士信貸舉辦之電話說明會，說明本公司業務簡介及現況說明","323120210825M001.pdf","323120210825E001.pdf","https://www.wistron.com/CMS/LegalPersonSeminar?pageId=78","","無","查詢"
"3231","緯創","110/05/20 至 110/05/21","09:00","電話會議","本公司將於110/5/20~110/5/21受邀參加花旗環球證券舉辦之電話說明會，說明本公司業務簡介及現況說明","323120210524M001.pdf","323120210524E001.pdf","https://www.wistron.com/CMS/LegalPersonSeminar?pageId=78","","無","查詢"
"3231","緯創","110/06/21 至 110/06/22","09:00","電話會議","本公司將於110/6/21~110/6/22受邀參加瑞銀證券舉辦之電話說明會，說明本公司業務簡介及現況說明","323120210524M001.pdf","323120210524E001.pdf","https://www.wistron.com/CMS/LegalPersonSeminar?pageId=78","","無","查詢"
"3231","緯創","110/06/10","13:00","電話會議","本公司將於110/6/10受邀參加元大金融控股(股)公司舉辦之電話說明會，說明本公司業務簡介及現況說明。","323120210524M001.pdf","323120210524E001.pdf","https://www.wistron.com/CMS/LegalPersonSeminar?pageId=78","","無","查詢"
"3231","緯創","110/04/08 至 110/04/09","10:00","電話會議","本公司將於110/04/08-110/04/09受邀參加臺灣證券交易所及高盛證券舉辦之電話說明會，說明本公司業務簡介及現況說明","323120210322M002.pdf","323120210322E002.pdf","https://www.wistron.com/CMS/LegalPersonSeminar?pageId=78","","無。","查詢"
"3231","緯創","110/03/23","18:30","電話會議","本公司將於110/3/23受邀參加花旗環球證券舉辦之電話說明會，說明本公司業務簡介及現況說明","323120210322M001.pdf","323120210322E001.pdf","https://www.wistron.com/CMS/LegalPersonSeminar?pageId=78","","無。","查詢"
"3231","緯創","110/03/24","10:00","電話會議","本公司將於110/3/24受邀參加美林證券舉辦之電話說明會，說明本公司業務簡介及現況說明","323120210322M002.pdf","323120210322E002.pdf","https://www.wistron.com/CMS/LegalPersonSeminar?pageId=78","","無。","查詢"
"3231","緯創","110/11/30 至 110/12/01","10:00","電話會議","本公司將於110/11/30-110/12/1受邀參加花旗環球證券舉辦之電話說明會，說明本公司業務簡介及現況說明","323120211125M001.pdf","323120211125E001.pdf","https://www.wistron.com/CMS/LegalPersonSeminar?pageId=78","","無","查詢"
"3257","虹冠電","110/12/29","14:30","線上法說會。","本公司受邀參加福邦證券舉辦之線上法人說明會，說明本公司營運概況。","325720211228M002.pdf","325720211228E002.pdf","https://www.championmicro.com.tw","","無","查詢"
"3266","昇陽","110/11/26","14:00","元富證券(台北市敦化南路二段97號11樓)","本公司受邀參加元富證券舉辦之法人說明會，就公司財務及業務相關資訊做說明。","326620211126M001.pdf","326620211126E001.pdf","https://www.sunty.com.tw/suntySec/investors-04.html","","無","查詢"
"3296","勝德","110/11/25","14:30","玉山證券經紀本部(台北市松山區民生東路三段156號2樓)","(1)公司概況(2)2021年營運概況(3)未來展望","329620211125M001.pptx","329620211125E001.pptx","https://www.power-tech.com.tw/tw/investor_law.php","","完整財務業務資訊請至公開資訊觀測站之法人說明會一覽表或法說會項下查閱。","查詢"
"3305","昇貿","110/08/17","15:15","線上會議","本公司受邀參加統一證券2021投資展望論壇","330520210816M001.pdf","330520210816E001.pdf","","","無","查詢"
"3308","聯德","110/12/29","14:00","桃園市龜山區科技一路69號","公佈2021年第三季財務報告及未來展望","330820211228M001.pdf","330820211228E001.pdf","http://www.bestec.com.tw/material_info.php?page=1",中文影音檔網址:3308_6_20211229_ch.mp4 ,"無","查詢"
"3311","閎暉","110/12/07","15:00","閎暉淡水總部6樓會議室","110年前3季營運成果及展望","331120211207M001.pdf","331120211207E001.pdf","https://www.silitech.com/ch/investor4.aspx",法說會影音連結資訊:http://210.65.138.99/webportal/vod/101/7342928A4D7A-5D6B22A9-5738-11EC-B13F/?categoryId=101 ,"簡報相關資料將於法說會後上傳並公布於公司網站","查詢"
"3312","弘憶股","110/08/20","15:30","Zoom視訊會議室ID:4290735543(有意參加者，請洽陳小姐lindachen@gmitec.com)","本公司將舉辦2021年第二季線上法人說明會，參與者請於法說會前安裝Zoom視訊會議軟體。
電腦端下載網址：http://www.zoomnow.net。
手機端下載：iOS - APP Store / Android - Google Play。","331220210820M001.pptx","331220210820E001.pptx","http://www.gmitec.com/investors/investor_conference",法說會影音連結資訊:http://www.gmitec.com/investors/investor_conference ,"請各位投資先進務必於8/20(五)15:20前登入會議ID。","查詢"
"3312","弘憶股","110/06/18","14:00","Zoom視訊會議室ID:4290735543
(有意參加者，請洽陳小姐lindachen@gmitec.com)","本公司將舉辦2021年第一季線上法人說明會，參與者請於法說會前安裝Zoom視訊會議軟體。
電腦端下載網址: http://www.zoomnow.net。
手機端下載: iOS - APP Store / Android - Google Play。","331220210618M001.pptx","331220210618E001.pptx","http://www.gmitec.com/investors/investor_conference",法說會影音連結資訊:http://www.gmitec.com/investors/investor_conference ,"請各位投資先進務必於6/18(五)13:50前登入會議ID。","查詢"
"3312","弘憶股","110/04/01","14:30","台灣證券交易所資訊展示中心(台北市信義區信義路五段7號1樓)","公司簡介與營運狀況說明","331220210401M002.pptx","331220210401E002.pptx","http://www.gmitec.com/investors/investor_conference",法說會影音連結資訊:https://webpro.twse.com.tw/webportal/vod/101/83FE79E5B0E0-E10A1320-92BD-11EB-9D65/?categoryId=101 ,"14:00開始報到，14:30說明會開始，親自參與法人說明會的貴賓敬請配戴口罩。","查詢"
"3312","弘憶股","110/11/26","15:30","Zoom視訊會議室ID:4290735543(有意參加者，請洽陳小姐02-26599838#1103)","本公司將舉辦2021年第三季線上法人說明會，參與者請於法說會前安裝Zoom視訊會議軟體。 
電腦端下載網址：http://www.zoomnow.net。 
手機端下載：iOS - APP Store / Android - Google Play。","331220211126M001.pptx","331220211126E001.pptx","http://www.gmitec.com/investors/investor_conference",法說會影音連結資訊:http://www.gmitec.com/investors/investor_conference ,"請各位投資先進務必於11/26(五)15:20前登入會議ID","查詢"
"3321","同泰","110/12/24","14:30","康和證券總公司
台北市信義區基隆路一段176號B2","本公司營運概況說明","332120211224M001.pdf","332120211224E001.pdf","","","無","查詢"
"3338","泰碩","110/05/13","14:00","台北市內湖區瑞光路302號地下二樓(亞洲科技大樓地下二樓交誼廳)","110年第1季營運成果及未來營運展望","333820210513M002.pdf","333820210513E002.pdf","https://www.taisol.com",法說會影音連結資訊:https://youtu.be/7IwiqUU-eEU ,"完整財務業務資訊請至公開資訊觀測站之法人說明會一覽表或法說會項下查閱","查詢"
"3346","麗清","110/07/21","13:30","線上法人說明會","本公司受邀參加統一證券與IR Trust共同舉辦之「2021汽車零組件產業研討會」。","334620210503M001.pptx","334620210503E001.pptx","","","無","查詢"
"3346","麗清","110/04/28","13:30","集思北科大會議中心
(台北市大安區忠孝東路三段1號-億光大樓2樓)","本公司受邀參加凱基證券與IR Trust共同舉辦之「2021 MIT x 現金壓力測試主題式論壇」","334620210503M001.pptx","334620210503E001.pptx","","","無","查詢"
"3346","麗清","110/12/01","13:30","線上法說會。","本公司受邀參加凱基證券與IR Trust共同舉辦之「汽車零組件未來新趨勢商機線上研討會」","334620211130M001.pdf","334620211130E001.pptx","","","無","查詢"
"3356","奇偶","110/11/10","14:30","線上法說會","本公司受邀參加永豐金證券舉辦之線上法人說明會，說明本公司之營運概況。","335620211109M002.pdf","335620211109E002.pdf","","","報名請洽永豐金鄒小姐(02)23823207或E-MAIL:joyce.tsou@sinopac.com","查詢"
"3376","新日興","110/09/15","13:30","新日興股份有限公司(新北市樹林區俊英街174號)","本公司受邀參加元大證券On-line Corporate Day，就公司營運概況等說明。","337620210827M001.pdf","337620210827E001.pdf","http://www.szs.com.tw/news/corporation.aspx","","無","查詢"
"3376","新日興","110/05/24","14:00","新日興股份有限公司(新北市樹林區俊英街174號)","本公司受邀參加花旗證券舉辦之「Regional Tech Conference 2021」，就公司營運概況等說明。","337620210519M001.pdf","337620210519E001.pdf","http://www.szs.com.tw/news/corporation.aspx","","無","查詢"
"3376","新日興","110/03/11","15:45","臺北文創-台北市信義區菸廠路88號6F","本公司受邀參加元富證券所舉辦之法說會「2021年3月台股企業日」，就公司營運概況等說明。","337620210310M001.pdf","337620210310E001.pdf","http://www.szs.com.tw/news/corporation.aspx","","無","查詢"
"3376","新日興","110/06/10","15:30","新日興股份有限公司(新北市樹林區俊英街174號)","本公司受邀參加國泰證券舉辦之第二季產業論壇，就公司營運概況等說明。","337620210519M001.pdf","337620210519E001.pdf","http://www.szs.com.tw/news/corporation.aspx","","無","查詢"
"3376","新日興","110/06/03","16:00","新日興股份有限公司(新北市樹林區俊英街174號)","本公司受邀參加里昂證券舉辦之CLSA Taiwan Access Day Invitation活動，就公司營運概況等說明。","337620210519M001.pdf","337620210519E001.pdf","http://www.szs.com.tw/news/corporation.aspx","","無","查詢"
"3376","新日興","110/03/19","15:10","台北君悅酒店-台北市信義區松壽路2號3F","本公司受邀參加日盛證券所舉辦之法說會「日盛證券太陽獅春季台股企業日」，就公司營運概況等說明。","337620210318M001.pdf","337620210318E001.pdf","http://www.szs.com.tw/news/corporation.aspx","","無","查詢"
"3376","新日興","110/10/22","15:45","新日興股份有限公司(新北市樹林區俊英街174號)","本公司受邀參加元富證券所舉辦之法說會「2021年10月台股企業日」，就公司營運概況等說明。","337620211019M001.pdf","337620211019E001.pdf","http://www.szs.com.tw/news/corporation.aspx","","無","查詢"
"3376","新日興","110/06/30","14:00","新日興股份有限公司(新北市樹林區俊英街174號)","本公司受邀參加國泰證券舉辦的2H21 Outlook of Taiwan Stock Market，就公司營運概況等說明。","337620210630M001.pdf","337620210630E001.pdf","https://www.szs.com.tw/invest-corporation","","無。","查詢"
"3376","新日興","110/07/02","15:45","新日興股份有限公司(新北市樹林區俊英街174號)","本公司受邀參加元富證券舉辦之「2021年07月台股企業日」，就公司營運概況等說明。","337620210630M001.pdf","337620210630E001.pdf","https://www.szs.com.tw/invest-corporation","","無。","查詢"
"3376","新日興","110/08/30","14:00","新日興股份有限公司(新北市樹林區俊英街174號)","本公司受邀參加花旗證券舉辦之Asia TMT Day 2021活動，就公司營運概況等說明。","337620210827M001.pdf","337620210827E001.pdf","http://www.szs.com.tw/news/corporation.aspx","","無","查詢"
"3376","新日興","110/09/01","14:00","新日興股份有限公司(新北市樹林區俊英街174號)","本公司受邀參加國泰證券線上論壇Cathay Securities Online Symposium: Apple Supply Chain，就公司營運概況等說明。","337620210827M001.pdf","337620210827E001.pdf","http://www.szs.com.tw/news/corporation.aspx","","無","查詢"
"3376","新日興","110/11/30","15:00","新日興股份有限公司(新北市樹林區俊英街174號)","本公司受邀參加花旗證券舉辦之Taiwan Corporate Day  2021活動，就公司營運概況等說明。","337620211126M001.pdf","337620211126E001.pdf","https://www.szs.com.tw/investor/conference","","無","查詢"
"3380","明泰","110/03/22","14:30","富邦證券 (台北市敦化南路一段108號B2)","本公司受邀參加富邦證券舉辦之法人說明會，說明本公司2020年度營運成果暨未來展望","338020210322M001.pdf","338020210322E001.pdf","https://www.alphanetworks.com/index.php/irnews","","無","查詢"
"3380","明泰","110/10/21","14:30","線上會議","說明本公司之營運概況、財務報告等相關資訊。","338020211019M001.pdf","338020211019E001.pdf","https://www.alphanetworks.com/index.php/irnews","","無","查詢"
"3406","玉晶光","110/11/18","14:30","線上法說會","110年前三季營運報告及說明","340620211117M001.pdf","340620211117E001.pdf","http://www.gseo.com/about/file/2021/GSEO_2021RCC_ALL.pdf",中文影音檔網址:3406_5_20211118_ch.mp3 ,"完整財務業務資訊請至公開資訊觀測站之法人說明會一覽表或法說會項下查閱","查詢"
"3413","京鼎","110/01/25","14:30","福邦證券總公司(台北市忠孝西路一段6號7樓)","公司受福邦證券邀請參加法人座談會,會中就本公司已發布之財務資訊及營運概況做說明","341320210125M001.pdf","341320210125E001.pdf","","","無","查詢"
"3413","京鼎","110/04/15","15:50","線上法說會（台灣）","本公司受邀參加由臺灣證券交易所及寬量國際共同主辦之線上法說會「9th Taiwan CEO Week on Air」，說明本公司之營運概況、財務及業務相關資訊。","341320210414M001.pdf","341320210414E001.pdf","http://www.foxsemicon.com.tw","","無","查詢"
"3413","京鼎","110/09/15","14:00","線上法說會","本公司受邀參加台新證券所舉辦之「台新2021年9月台股企業日(Corporate Day) 」,會中公布本公司2021年第二季營運成果","341320210915M001.pdf","341320210915E001.pdf","http://www.foxsemicon.com.tw","","無","查詢"
"3413","京鼎","110/06/10","14:30","線上法說會","本公司受邀參加國泰證券舉辦線上之「2021年第二季產業論壇」,會中公布本公司2021年第一季營運成果","341320210615M001.pdf","341320210615E001.pdf","http://www.foxsemicon.com.tw","","無","查詢"
"3413","京鼎","110/03/19","09:40","張榮發基金會國際會議中心10樓(台北市中正區中山南路11號)","本公司受邀參加凱基證券舉辦之「2021年第一季投資論壇」,會中公布本公司2020年第四季營運成果","341320210318M001.pdf","341320210318E001.pdf","http://www.foxsemicon.com.tw","","無","查詢"
"3413","京鼎","110/06/15","14:00","電話會議","本公司受邀參加華南永昌證券舉辦之電話會議，會中就已公開之財務及業務等相關資訊做說明。","341320210612M001.pdf","341320210612E001.pdf","http://www.foxsemicon.com.tw","","無","查詢"
"3413","京鼎","110/12/10","14:00","台北市民生東路四段54號4樓  (華南永昌證券4樓會議室)","本公司受邀參加華南永昌證券舉辦之國內投資人會議，會中公布本公司2021年第三季營運成果。","341320211210M001.pdf","341320211210E001.pdf","http://www.foxsemicon.com.tw","","無","查詢"
"3416","融程電","110/05/19","14:30","線上法說會","本公司受邀參加群益金鼎證券舉辦之線上法說會，說明本公司之營運概況、財務及業務相關資訊。","341620210519M001.pdf","341620210519E001.pdf","https://www.winmate.com.tw/investor_main.asp?showblock=Investor","","完整財務業務資訊請至公開資訊觀測站之法人說明會一覽表或法說會項目下查閱。","查詢"
"3416","融程電","110/04/13 至 110/04/14","10:20","線上法說會(台灣)","本公司受邀參加由臺灣證券交易所及寬量國際共同主辦之線上法說會「9th Taiwan CEO Week on Air」，說明本公司之營運概況、財務及業務相關資訊。","341620210412M001.pdf","341620210412E001.pdf","https://www.winmate.com.tw/investor_main.asp?showblock=Investor","","完整財務業務資訊請至公開資訊觀測站之法人說明會一覽表或法說會項目下查閱。","查詢"
"3416","融程電","110/04/06","14:00","大和國泰證券(台北市基隆路一段200號13樓)","本公司受邀參加大和國泰證券之法人說明會，說明本公司之營運概況、財務及業務相關資訊。","341620210406M001.pdf","341620210406E001.pdf","https://www.winmate.com.tw/investor_main.asp?showblock=Investor","","完整財務業務資訊請至公開資訊觀測站之法人說明會一覽表或法說會項目下查閱。","查詢"
"3416","融程電","110/08/18","14:30","線上法說會","本公司受邀參加富邦證券舉辦之線上法說會，說明本公司之營運概況、財務及業務相關資訊。","341620210818M001.pptx","341620210818E001.pptx","https://www.winmate.com.tw/investor_main.asp?showblock=Investor","","完整財務業務資訊請至公開資訊觀測站之法人說明會一覽表或法說會項目下查閱。","查詢"
"3416","融程電","110/09/28 至 110/09/29","09:10","線上法說會(台灣)","本公司受邀參加由臺灣證券交易所及寬量國際共同主辦之線上法說會「10th Taiwan CEO Week on Air」，說明本公司之營運概況、財務及業務相關資訊。","341620210927M001.pptx","341620210927E001.pptx","https://www.winmate.com.tw/investor_main.asp?showblock=Investor","","完整財務業務資訊請至公開資訊觀測站之法人說明會一覽表或法說會項目下查閱。","查詢"
"3419","譁裕","110/12/08","15:00","&#29319;亞證券股份有限公司(台北市復興北路99號2樓)","本公司受邀參加&#29319;亞證券舉辦之法人說明會","341920211208M001.pdf","341920211208E001.pdf","","","無","查詢"
"3432","台端","110/12/29","14:00","新北市中和區中正路880號13樓(本公司會議室)","本公司110年營運簡報","343220211228M001.pdf","343220211228E001.pdf","",法說會影音連結資訊:http://www.taitwun.com/upFiles/1101229.mp4 ,"無","查詢"
"3437","榮創","110/12/08","14:30","福邦證券總公司(台北市忠孝西路一段6號7樓)","本公司受邀參加福邦證券舉辦之法人說明會，說明本公司之營運、財務及業務概況。","343720211207M001.pdf","343720211207E001.pdf","http://www.aot.com.tw/web/TW/Investors/RelatedLink.aspx","","相關資訊將依規定揭露於公開資訊觀測站。","查詢"
"3443","創意","110/08/11","15:45","線上會議","本公司受邀參加元富證券舉辦之「2021台股企業日」,會中說明本公司業務及營運概況。","344320210729M001.pdf","344320210729E001.pdf","https://www.guc-asic.com/zh-tw/investor_financial/quar","","無","查詢"
"3443","創意","110/08/17","15:15","線上法說會","本公司受邀參加統一證券第三季投資展望論壇,會中說明本公司業務及營運概況。","344320210729M001.pdf","344320210729E001.pdf","https://www.guc-asic.com/zh-tw/investor_financial/quar","","無","查詢"
"3443","創意","110/08/25","15:20","線上法說會","本公司受邀參加群益證券第三季線上投資論壇,會中說明本公司業務及營運概況。","344320210729M001.pdf","344320210729E001.pdf","https://www.guc-asic.com/zh-tw/investor_financial/quar","","無","查詢"
"3443","創意","110/08/27 至 110/08/30","15:00","線上法說會","本公司受邀參加花旗證券舉辦之【Asia TMT Day 2021】，說明本公司營運及業務狀況。","344320210729M001.pdf","344320210729E001.pdf","https://www.guc-asic.com/zh-tw/investor_financial/quar","","無","查詢"
"3443","創意","110/07/30","14:00","線上法說會","公布2021年第二季財務報告與營運績效","344320210729M001.pdf","344320210729E001.pdf","https://www.guc-asic.com/zh-tw/investor_financial/quar",同步收看網址：:https://docs.google.com/forms/d/e/1FAIpQLSdSai-rdvfuxWkhAcsMYPtjhqZwC30Gl0myJHJ4-c-QK10Dug/viewform 法說會影音連結資訊:https://www.guc-asic.com/zh-tw/investor_financial/quar ,"無","查詢"
"3443","創意","110/01/29","14:00","兆豐證券總公司(台北市忠孝東路二段95號13樓)","公布2020年第四季財務報告與營運績效","344320210129M001.pdf","344320210129E001.pdf","http://www.guc-asic.com/zh-tw/investor_financial/quar",同步收看網址：:https://www.facebook.com/events/3685727661653425/ ,"請配合配戴口罩、測量體溫並攜帶名片。防疫考量請盡量以觀看直播方式參與(無法提問)","查詢"
"3443","創意","110/09/09","15:40","線上法說會","本公司受邀參加國泰證第三季產業論壇，說明本公司營運及業務狀況。","344320210729M001.pdf","344320210729E001.pdf","https://www.guc-asic.com/zh-tw/investor_financial/quar","","無","查詢"
"3443","創意","110/09/08","14:00","線上法說會","本公司受邀參加麥格理證券舉辦之「ASIA TECH VIRTUAL CONFERENCE」，說明本公司營運及業務狀況。","344320210729M001.pdf","344320210729E001.pdf","https://www.guc-asic.com/zh-tw/investor_financial/quar","","無","查詢"
"3443","創意","110/06/16","16:00","線上法人說明會","本公司受邀參加臺灣證券交易所與元富證券舉辦之「2021年 台股領航論壇 線上法人說明會」，說明本公司營運及業務狀況。","344320210522M001.pdf","344320210522E001.pdf","https://www.guc-asic.com/zh-tw/investor_financial/quar","","無","查詢"
"3443","創意","110/03/16 至 110/03/17","10:00","線上法說會","本公司受邀參加美林證券所舉辦之線上法說會，會中說明本公司營運及業務狀況。","344320210129M001.pdf","344320210129E001.pdf","https://www.guc-asic.com/zh-tw/investor_financial/quar","","無","查詢"
"3443","創意","110/05/24","15:00","電話會議","本公司受邀參加花旗證券舉辦之【Citi Regional Tech Conference 2021】，說明本公司營運及業務狀況。","344320210522M001.pdf","344320210522E001.pdf","https://www.guc-asic.com/zh-tw/investor_financial/quar","","無","查詢"
"3443","創意","110/06/22","14:00","線上法說會","本公司受邀參加瑞銀證券「UBS Taiwan Virtual Conference 2021」，說明本公司營運及業務狀況。","344320210522M001.pdf","344320210522E001.pdf","https://www.guc-asic.com/zh-tw/investor_financial/quar","","無","查詢"
"3443","創意","110/03/10","14:30","台北文創(台北市信義區菸廠路88號6樓)","本公司受邀參加元富證券舉辦之「2021三月台股企業日」,會中說明本公司業務及營運概況","344320210129M001.pdf","344320210129E001.pdf","http://www.guc-asic.com/zh-tw/investor_financial/quar","","無","查詢"
"3443","創意","110/09/07 至 110/09/09","10:00","線上法說會","本公司受邀參加瑞士信貸證券舉辦之22nd Credit Suisse Asian Technology Conference ，說明本公司營運及業務狀況。","344320210729M001.pdf","344320210729E001.pdf","https://www.guc-asic.com/zh-tw/investor_financial/quar","","無","查詢"
"3443","創意","110/09/02","15:10","線上法說會","本公司受邀參加富邦線上投資論壇，說明本公司營運及業務狀況。","344320210729M001.pdf","344320210729E001.pdf","https://www.guc-asic.com/zh-tw/investor_financial/quar","","無","查詢"
"3443","創意","110/11/11","15:45","線上法說會","本公司受邀參加元富證券舉辦之「2021台股企業日」，說明本公司營運及業務狀況。","344320210729M001.pdf","344320210729E001.pdf","https://www.guc-asic.com/zh-tw/investor_financial/quar","","無","查詢"
"3443","創意","110/12/07","15:20","2021年第四季 KGI線上投資論壇","本公司受邀參加 2021年第四季 KGI線上投資論壇，說明本公司營運及業務狀況。","344320211119M001.pdf","344320211119E001.pdf","https://www.guc-asic.com/zh-tw/investor_financial/quar","","無","查詢"
"3443","創意","110/12/09","10:15","線上法說會","本公司受邀參加高盛證券舉辦之「TWN Semis, Foundry, OSAT, IC Design Supply Chain Virtual Day」","344320211119M001.pdf","344320211119E001.pdf","https://www.guc-asic.com/zh-tw/investor_financial/quar","","無","查詢"
"3443","創意","110/11/24","15:00","線上法說會","本公司受邀參加 2021 第四季富邦投資論壇，說明本公司營運及業務狀況。","344320211119M001.pdf","344320211119E001.pdf","https://www.guc-asic.com/zh-tw/investor_financial/quar","","無","查詢"
"3450","聯鈞","110/11/18","14:00","新北市板橋區民權路88號3樓(台北新板希爾頓酒店)","本公司召開法人說明會","345020211118M001.pptx","345020211118E001.pptx","http://www.elaser.com.tw/sp1-6.htm",法說會影音連結資訊:https://www.youtube.com/watch?v=sjojO8NSf4A ,"因應防疫需求，參加來賓除於進場時須量體溫，填寫健康聲明表外，且會議全程須戴口罩。","查詢"
"3481","群創","110/08/06","14:00","線上法說會","本公司將舉辦2021年下半年線上法說會，報告110年第二季公司營運成果及未來營運展望。","348120210806M001.pdf","348120210806E001.pdf","https://www.innolux.com/tw/ir/investor-conference_list.html",同步收看網址：:https://wms.gridow.com/ir/innolux/innolux_21Secondhalf.html 法說會影音連結資訊:https://wms.gridow.com/ir/innolux/innolux_21Secondhalf.html ,"無","查詢"
"3481","群創","110/05/12","13:00","臺北文創(台北市信義區菸廠路88號6樓)","本公司將參加元富証券舉辦的「5月台股企業日」，說明公司營運狀況。","348120210303M001.pdf","348120210303E001.pdf","","","無","查詢"
"3481","群創","110/06/10","15:30","線上法說會","本公司將參加元大金控舉辦之「2021年線上亞洲投資創富論壇」，說明公司2021年第一季營運與財務狀況及第二季展望。","348120210603M001.pdf","348120210603E001.pdf","","","無","查詢"
"3481","群創","110/03/24 至 110/03/25","10:00","線上法說會","本公司將參加美林證券舉辦之「2021 Asia Pacific Telecom, Media and Technology Conference」，就109年第四季法說會之內容說明公司營運與財務狀況。","348120210303M001.pdf","348120210303E001.pdf","","","無","查詢"
"3481","群創","110/03/22 至 110/03/25","14:00","線上法說會","本公司將參加瑞士信貸所舉辦之「24th Asian Investment Conference」，就109年第四季法說會之內容說明公司營運與財務狀況。","348120210303M001.pdf","348120210303E001.pdf","","","無","查詢"
"3481","群創","110/06/03","14:00","線上法說會","本公司將參加摩根士丹利舉辦之「Inaugural Virtual Japan Summit」，說明公司2021年第一季營運與財務狀況及第二季展望。","348120210603M001.pdf","348120210603E001.pdf","","","無","查詢"
"3481","群創","110/09/06 至 110/09/07","14:00","線上法說會","本公司將參加瑞士信貸所舉辦之「22nd Asian Technology Conference」，就110年第二季法說會之內容說明公司營運與財務狀況。","348120210806M001.pdf","348120210806E001.pdf","","","無","查詢"
"3481","群創","110/03/03","14:00","台北香格里拉遠東國際大飯店(106台北市敦化南路二段201號)","報告109年第4季營運成果及未來之營運展望。","348120210303M001.pdf","348120210303E001.pdf","http://www.innolux.com/",同步收看網址：:http://wms.gridow.com/ir/innolux/innolux_2020Q4.html 法說會影音連結資訊:http://wms.gridow.com/ir/innolux/innolux_2020Q4.html ,"無","查詢"
"3494","誠研","110/12/23","14:00","新北市新店區北新路三段213號1樓「台北矽谷國際會議中心1B廳」","本公司受邀凱基證券舉辦法說會，說明110年前三季營運成果及公司未來營運展望","349420211223M001.pdf","349420211223E001.pdf","","","無","查詢"
"3501","維熹","110/11/23","14:30","福邦證券總公司(台北市忠孝西路一段6號7樓 B會議室)","本公司受邀參加福邦證券舉辦之法人說明會，說明本公司之營運概況及財務業務相關資訊","350120211123M001.pdf","350120211123E001.pdf","http://www.wellshin.com.tw","","無","查詢"
"3504","揚明光","110/07/26","15:00","線上法說會網路直播","110年上半年度財務業務報告","350420210726M001.pdf","350420210726E001.pdf","https://www.youngoptics.com/investors-13-16-102",同步收看網址：:https://www.zucast.com/event/YDJ77tOA/subscribe/create ,"無","查詢"
"3504","揚明光","110/02/08","15:00","線上法說會網路直播","109年度財務業務報告","350420210208M001.pdf","350420210208E001.pdf","https://www.youngoptics.com/investors-13-16-98",同步收看網址：:https://www.zucast.com/event/5fc5oMrl/subscribe/create ,"無","查詢"
"3515","華擎","110/09/24","14:30","線上會議","本公司受邀參加元大證券舉辦之法人說明會","351520210924M001.pdf","351520210924E001.pdf","https://www.asrock.com/general/investor.tw.asp?cat=Finance","","無","查詢"
"3515","華擎","110/06/15","15:00","電話會議","本公司受邀參加元富證券舉辦之法人說明會","351520210615M001.pdf","351520210615E001.pdf","https://www.asrock.com/general/investor.tw.asp?cat=Finance","","無","查詢"
"3515","華擎","110/03/11","15:45","台北市信義區菸廠路88號6樓(臺北文創)","本公司受邀參加元富證券舉辦之法人說明會「2021年03月台股企業日」","351520210311M001.pdf","351520210311E001.pdf","https://www.asrock.com/general/investor.tw.asp?cat=Finance","","無","查詢"
"3515","華擎","110/11/26","15:30","台北市信義區松仁路38號(台北寒舍艾美酒店)","本公司受邀參加元大證券舉辦之投資論壇","351520211126M001.pdf","351520211126E001.pdf","https://www.asrock.com/general/investor.tw.asp?cat=Finance","","無","查詢"
"3518","柏騰","110/12/01","14:30","臺灣證券交易所1樓資訊展示中心(台北市信義區信義路5段7號1樓)","公司簡介及營運概況說明","351820211130M001.pdf","351820211130E001.pdf","http://www.pttech.com.tw/investor-conference/",法說會影音連結資訊:https://webpro.twse.com.tw/webportal/vod/101/1BA00471D40D-E5F11312-5277-11EC-BECC/?categoryId=101 ,"會議資料依規定於法說會後揭露於公開資訊觀測站及公司網站","查詢"
"3528","安馳","110/09/16","14:30","https://reurl.cc/Nrk435","群益金鼎證券舉辦之線上法人說明會，說明本公司營運成果及未來展望","352820210916M001.pdf","352820210916E001.pdf","http://www.anstek.com.tw","","無","查詢"
"3530","晶相光","110/08/26","14:00","線上法說會","本公司受邀參加永豐金證券舉辦之線上法人說明會，說明本公司之營運概況。","353020210825M001.pdf","353020210825E001.pdf","https://www.soinc.com.tw/investors/finance/legal","","Webex link：https://reurl.cc/5rWb97","查詢"
"3530","晶相光","110/12/21","15:00","線上法說會","本公司受邀參加永豐金證券舉辦之線上法人說明會，說明本公司之營運概況。","353020211220M001.pdf","353020211220E001.pdf","https://www.soinc.com.tw/investors/finance/legal","","報名請洽永豐金鄒小姐(02)23823207或E-MAIL:joyce.tsou@sinopac.com","查詢"
"3532","台勝科","110/05/18","14:30","線上法說會","本公司受邀參加由日盛證券舉辦之線上法說會，將於會中說明本公司近期營運概況。","353220210517M001.pdf","353220210517E001.pdf","http://www.fstech.com.tw/ir/Investors/LawSaid.html","","無","查詢"
"3532","台勝科","110/11/23","14:00","日盛證券國際會議廳(台北市南京東路二段111號6F)","本公司受日盛證券邀請，將於會中說明本公司近期營運概況。","353220211122M001.pdf","353220211122E001.pdf","http://www.fstech.com.tw/ir/Investors/LawSaid.html","","無","查詢"
"3533","嘉澤","110/09/29 至 110/10/13","09:00","線上法說會","本公司受邀參加臺灣證券交易所及寬量國際共同主辦之線上法說會「10th Taiwan CEO Week on Air」","353320210928M001.pdf","353320210928E001.pdf","","","無","查詢"
"3533","嘉澤","110/09/29 至 110/10/13","09:00","線上說明會","本公司受邀參加由臺灣證券交易所及寬量國際共同主辦之線上法說會「10th Taiwan CEO Week on Air」，說明本公司之營運概況、財務及業務相關資訊。","353320210928M001.pdf","353320210928E001.pdf","","","無","查詢"
"3533","嘉澤","110/06/09","15:30","線上法說會","本公司受邀參加元大金控2021線上亞洲投資創富論壇","353320210607M001.pdf","353320210607E001.pdf","","","無","查詢"
"3533","嘉澤","110/04/07","09:10","線上法說會","本公司受邀參加臺灣證券交易所及寬量國際共同主辦之線上法說會「9th Taiwan CEO Week on Air」","353320210401M001.pdf","353320210401E001.pdf","","","無","查詢"
"3533","嘉澤","110/11/22","14:00","線上法說會","嘉澤端子工業(股)公司受邀參加富邦證券2021年第四季線上投資論壇","353320211118M001.pdf","353320211118E001.pdf","","","無","查詢"
"3533","嘉澤","110/03/19","15:20","張榮發基金會國際會議中心10F(台北市中正區中山南路11號)","本公司受邀參加凱基證2021年第一季投資論壇","353320210318M001.pdf","353320210318E001.pdf","","","無","查詢"
"3533","嘉澤","110/03/17","13:30","線上法說會","本公司受邀參加元大證券2021線上投資展望說明會","353320210305M001.pdf","353320210305E001.pdf","","","無","查詢"
"3535","晶彩科","110/09/22","14:30","南港中信金融園區Ｂ棟13樓1302會議室(台北市南港區經貿二路188號13樓)","本公司受邀參加中國信託綜合證券股份有限公司舉辦之法人說明會。","353520210922M001.pdf","353520210922E001.pdf","","","因採實名制以及因應疫情關係，請與會者攜帶口罩及名片。","查詢"
"3543","州巧","110/11/16","15:50","台北市信義區信義路5段7號(證交所1樓資訊展示中心)","本公司受邀參加臺灣證券交易所舉辦之「民生消費暨新上市」主題式業績發表會，報告本公司營運成果。","354320211116M001.pdf","354320211116E001.pdf","https://www.jochu.com/StockServices.html",同步收看網址：:https://webpro.twse.com.tw/WebPortal/vod/101/?categoryId=101 ,"無","查詢"
"3545","敦泰","110/04/29","14:30","線上法人說明會","受邀參加富邦證券舉辦之線上法人說明會說明第1季營運結果","354520210429M001.pdf","354520210429E001.pdf","http://www.focaltech-electronics.com/","","報名請洽富邦法人部 tingju.yeh@fubon.com","查詢"
"3545","敦泰","110/04/13","14:30","臺北文創(台北市信義區菸廠路88號6樓)","本公司受邀參加元富證券舉辦之「2021四月台股企業日」,會中說明本公司業務及營運概況","354520210205M002.pdf","354520210205E002.pdf","","","無","查詢"
"3545","敦泰","110/08/11","14:30","線上法說會","本公司受邀參加元富證券舉辦之「台股企業日」，會中說明公司營運概況","354520210730M001.pdf","354520210730E001.pdf","","","無","查詢"
"3545","敦泰","110/08/13","15:20","線上法說會","本公司受邀參加國票證券與IR Trust共同舉辦之「半導體線上產業研討會」，會中說明營運概況","354520210730M001.pdf","354520210730E001.pdf","","","無","查詢"
"3545","敦泰","110/02/05","14:30","線上法人說明會","受邀參加富邦證券舉辦之線上法人說明會","354520210205M002.pdf","354520210205E002.pdf","http://www.focaltech-electronics.com/","","報名請洽富邦法人部 vina.chen@fubon.com","查詢"
"3545","敦泰","110/07/30","14:30","線上法人說明會","受邀參加富邦證券舉辦之線上法人說明會說明第2季營運結果","354520210730M001.pdf","354520210730E001.pdf","http://www.focaltech-electronics.com/","","報名請洽富邦法人部 fion.hsieh@fubon.com","查詢"
"3545","敦泰","110/06/18","14:00","線上法說會","KGI 2021年第二季線上投資論壇","354520210429M001.pdf","354520210429E001.pdf","","","無","查詢"
"3545","敦泰","110/06/21 至 110/06/22","14:00","線上法說會","受邀參加瑞銀證券「UBS Taiwan Virtual Conference 2021」","354520210429M001.pdf","354520210429E001.pdf","","","無","查詢"
"3545","敦泰","110/09/06 至 110/09/10","09:00","線上法說會","本公司受邀參加瑞士信貸證券所舉辦「Credit Suisse 22th Annual Asian Technology Conference」","354520210730M001.pdf","354520210730E001.pdf","","","無","查詢"
"3545","敦泰","110/10/29","14:30","線上法人說明會","受邀參加富邦證券舉辦之線上法人說明會說明第3季營運結果","354520211029M001.pdf","354520211029E001.pdf","http://www.focaltech-electronics.com/","","報名請洽富邦法人部 fion.hsieh@fubon.com","查詢"
"3550","聯穎","110/11/23","14:30","南港中信金融園區B棟13樓1302會議室(台北市南港區經貿二路188號13樓)","本公司受中國信託證券邀請，參加其舉辦的法人座談會，說明本公司營運及財務概況。","355020211122M001.pptx","355020211122E001.pptx","http://acsp01.ynet.com.tw/front/bin/ptlist.phtml?Category=101749","","無","查詢"
"3557","嘉威","110/12/14","14:30","台北文創(台北市信義區菸廠路88號6樓)","本公司受邀參加元富證券舉辦之法人說明會，說明本公司營運及財務狀況。","355720211214M001.pdf","355720211214E001.pdf","http://www.jiaweils.com/index.php?option=module&amp;lang=cht&amp;task=showlist&amp;id=93&amp;index=3","","無","查詢"
"3563","牧德","110/02/25","14:30","台北市敦化南路二段97號(元富證券11樓)","公司營運狀況說明","356320210225M001.pdf","356320210225E001.pdf","http://www.machvision.com.tw",法說會影音連結資訊:http://www.machvision.com.tw ,"無","查詢"
"3563","牧德","110/08/24","14:30","線上法說會","公司營運狀況說明","356320210824M001.pdf","356320210824E001.pdf","http://www.machvision.com.tw/",同步收看網址：:http://www.zucast.com/webcast/rIFv4ENz 法說會影音連結資訊:http://www.machvision.com.tw ,"無。","查詢"
"3563","牧德","110/04/13","15:40","臺灣證券交易所1樓資訊展示中心 (台北市信義路5段7號)","本公司受邀參加台灣證券交易所舉辦之『智慧製造主題式業績發表會』，公司營運狀況說明。","356320210413M001.pdf","356320210413E001.pdf","http://www.machvision.com.tw","","無","查詢"
"3576","聯合再生","110/01/27","14:00","台北市中山區明水路700號","公告本公司受邀參加110年01月27日凱基證券舉辦之法人說明會。","357620201216M001.pdf","357620201216E001.pdf","","","無","查詢"
"3576","聯合再生","110/05/25","15:00","https://webpro.twse.com.tw/webportal/vod/101/?categoryId=101","本公司受邀參加110年5月25日證交所舉辦2021年「綠色經濟暨航運」產業主題式業績發表會","357620210524M001.pdf","357620210524E001.pdf","","","無","查詢"
"3576","聯合再生","110/12/01 至 110/12/02","16:00","線上論壇","CLSA Taiwan Market Mover 2022 Access Day","357620211130M001.pdf","357620211130E001.pdf","","","無","查詢"
"3583","辛耘","110/04/13","14:10","臺灣證券交易所1樓資訊展示中心(台北市信義區信義路5段7號 (101大樓)","本公司受邀參加臺灣證券交易所舉辦之2021年第1季智慧製造產業主題式法說會","358320210412M002.pdf","358320210412E002.pdf","https://www.scientech.com.tw/zh-hant/pages/%E6%B3%95%E8%AA%AA%E6%9C%83.aspx","","無","查詢"
"3583","辛耘","110/04/13","15:00","臺灣證券交易所1樓資訊展示中心(台北市信義區信義路5段7號 (101大樓)","受邀參加臺灣證券交易所舉辦之2021年第1季智慧製造產業主題式法說會","358320210414M002.pdf","358320210414E002.pptx","https://www.scientech.com.tw/zh-hant/pages/%E6%B3%95%E8%AA%AA%E6%9C%83.aspx","","無","查詢"
"3583","辛耘","110/09/02","10:00","線上會議。","本公司受邀參加富邦證券舉辦之「2021年第三季富邦投資論壇」。","358320210901M001.pdf","358320210901E001.pdf","https://www.scientech.com.tw/zh-hant/pages/%E6%B3%95%E8%AA%AA%E6%9C%83.aspx","","無。","查詢"
"3583","辛耘","110/10/21","15:45","臺北文創-台北市信義區菸廠路88號6F","本公司受邀參加元富證券舉辦之「2021年台股企業日」","358320211104M001.pdf","358320211104E001.pdf","https://www.scientech.com.tw/zh-hant/pages/%E6%B3%95%E8%AA%AA%E6%9C%83.aspx","","無。","查詢"
"3588","通嘉","110/12/28","14:30","新竹縣竹北市台元一街3號(三期多功能會議室2樓)","本公司受邀參加康和證券舉辦之法人說明會，說明本公司業務與財務狀況。","358820211228M001.pdf","358820211228E001.pdf","https://www.leadtrend.com.tw/tw/investor/shareholder-services/conference-information","","無。","查詢"
"3591","艾笛森","110/08/17","14:30","線上法人說明會","本公司受邀參加富邦證券所舉辦之線上法說會，說明本公司2021年第二季營運成果及近期營運展望。","359120210813M001.pdf","359120210813E001.pdf","https://www.edison-opto.com.tw/2021-corporate-briefing-materials/","","無","查詢"
"3591","艾笛森","110/01/29","14:30","線上法人說明會","本公司受邀參加富邦證券舉辦之線上法人說明會，會中說明本公司近期營運展望","359120210127M001.pdf","359120210127E001.pdf","https://www.edison-opto.com.tw/2020-corporate-briefing-materials-2/","","無","查詢"
"3591","艾笛森","110/05/13","15:00","線上法人說明會","本公司受邀參加富邦證券所舉辦之線上法說會，說明本公司2021年第一季營運成果及近期營運展望。","359120210513M001.pdf","359120210513E001.pdf","https://www.edison-opto.com.tw/2021-corporate-briefing-materials/","","無","查詢"
"3591","艾笛森","110/11/19","14:00","線上法人說明會","本公司受邀參加富邦證券所舉辦之線上法說會，說明本公司2021年第三季營運成果及近期營運展望。","359120211116M001.pdf","359120211116E001.pdf","https://www.edison-opto.com.tw/2021-corporate-briefing-materials/","","無","查詢"
"3592","瑞鼎","110/12/08","14:30","台北君悅酒店3樓凱悅廳I區(台北市松壽路2號)","本次上市前業績發表會將由公司經營團隊說明產業發展、財務業務狀況、未來風險、臺灣證券交易所股份有限公司董事會暨上市審議委員會要求補充揭露事項。","359220211208M001.pdf","359220211208E001.pdf","https://www.rad-ic.com/zh-TW/news/detail/20211208/2021","","因應防疫要求，與會者須全程配戴口罩並遵守入場防疫規範。","查詢"
"3593","力銘","110/11/11","14:30","台北市信義區信義路五段7號1樓 (臺灣證券交易所101辦公大樓)","本公司簡介與營運概況說明","359320211111M001.pdf","359320211111E001.pdf","http://www.logah.com/",法說會影音連結資訊:https://webpro.twse.com.tw/webportal/vod/101/370BE00FFE36-A22DBF78-42BA-11EC-831C/?categoryId=101 ,"無","查詢"
"3596","智易","110/04/13","14:30","張榮發國際會議中心(台北市中正區中山南路11號8樓  802會議室)","報告公司經營策略及營運展望","359620210413M001.pdf","359620210413E001.pdf","http://www.arcadyan.com","","無","查詢"
"3596","智易","110/12/07","11:00","線上機構投資人說明會","本公司受邀參加凱基證券所舉辦之『2021年第四季線上投資論壇』，會中就本公司已公開之財務數字、經營績效等相關資訊進行說明。","359620211206M001.pdf","359620211206E001.pdf","https://www.arcadyan.com","","無","查詢"
"3605","宏致","110/08/25","14:00","群益金鼎證券第三季線上投資論壇(ZOOM線上會議)","本公司受邀參加群益金鼎證券第三季線上投資論壇，說明公司營運狀況及未來展望","360520210825M001.pdf","360520210825E001.pdf","http://www.acesconn.com","","無","查詢"
"3607","谷崧","110/12/21","15:30","台北市信義區信義路五段7號1樓(證券交易所資訊展示中心)","本公司近期營運狀況說明","360720211221M001.ppt","360720211221E001.ppt","http://www.coxongroup.com",法說會影音連結資訊:https://webpro.twse.com.tw/webportal/vod/101/A7522E96D49F-24AE7526-623E-11EC-B369/?categoryId=101 ,"無","查詢"
"3617","碩天","110/12/28","14:30","宏遠證券702會議室 (台北市信義路四段236號7樓)","本公司受邀參加宏遠證券舉辦之法人說明會，就公司財務及業務相關資訊做說明。","361720211229M001.pdf","361720211229E001.pdf","https://www.cyberpower.com/tw/zh/investor/shareholder","","無。","查詢"
"3622","洋華","110/04/09","14:00","線上法說會","2020年第四季營運狀況及未來展望","362220210408M001.pdf","362220210408E001.pdf","http://www.yfo.com.tw/index.php?option=com_content&amp;task=category&amp;sectionid=1&amp;id=1&amp;Itemid=77",中文影音檔網址:3622_38_20210409_ch.mp3 ,"法說會書面資料請於2021/4/8(四)17:30後至公開資訊觀測站或本公司網站/投資人中心下載","查詢"
"3645","達邁","110/11/15","16:00","臺灣證券交易所1樓資訊展示中心(台北市信義路五段7號)","本公司2021年第三季財務暨營運報告","364520211115M002.pdf","364520211115E002.pdf","http://www.taimide.com.tw",法說會影音連結資訊:https://webpro.twse.com.tw/webportal/vod/101/1BA00471D40D-D6F805F9-45F7-11EC-BECC/?categoryId=101 ,"無","查詢"
"3653","健策","110/11/23","15:00","線上法人說明會","說明公司簡介、產品介紹及財務資訊等相關訊息。","365320211123M001.pdf","365320211123E001.pdf","https://www.tr.jentech.com.tw/copy-of","","無","查詢"
"3661","世芯-KY","110/05/10","14:30","線上法說會","2021年第一季營運與財務概況暨未來展望","366120210510M001.pdf","366120210510E001.pdf","http://www.alchip.com/tw-home/investors/investment-conferences/",法說會影音連結資訊:http://www.alchip.com/tw-home/investors/financials/investment-conference-information/ ,"簡報內容及影音連結於當日會後公告於公開資訊觀測站","查詢"
"3661","世芯-KY","110/08/20","14:30","線上法說會","2021年第二季營運與財務概況暨未來展望","366120210820M001.pdf","366120210820E001.pdf","http://www.alchip.com/tw-home/investors/investment-conferences/",法說會影音連結資訊:http://www.alchip.com/tw-home/investors/financials/investment-conference-information/ ,"簡報內容及影音連結於當日會後公告於公開資訊觀測站","查詢"
"3661","世芯-KY","110/04/13","14:30","線上法說會","說明近日新聞事件對本公司財務、業務影響及因應對策","366120210413M001.pdf","366120210413E001.pdf","http://www.alchip.com/tw-home/investors/investment-conferences/",法說會影音連結資訊:http://www.alchip.com/tw-home/investors/financials/investment-conference-information/ ,"簡報內容及影音連結於當日會後公告於公開資訊觀測站","查詢"
"3661","世芯-KY","110/10/29","14:30","線上法說會","2021年第三季營運與財務概況暨未來展望","366120211029M001.pdf","366120211029E001.pdf","http://www.alchip.com/tw-home/investors/investment-conferences/",法說會影音連結資訊:http://www.alchip.com/tw-home/investors/financials/investment-conference-information/ ,"簡報內容及影音連結於當日會後公告於公開資訊觀測站","查詢"
"3661","世芯-KY","110/03/05","14:30","線上法說會","說明公司2020年營運成果及2021年營運概況暨未來展望","366120210305M001.pdf","366120210305E001.pdf","http://www.alchip.com/tw-home/investors/investment-conferences/",法說會影音連結資訊:http://www.alchip.us/tw-home/investors/financials/investment-conference-information/ ,"簡報內容及影音連結於當日會後公告於公開資訊觀測站","查詢"
"3665","貿聯-KY","110/04/13","14:30","台北市信義區菸廠路88號","本公司受邀參加元富證券舉辦之2021 台股企業，說明營運概況。","366520210412M001.pdf","366520210412E001.pdf","http://www.bizlinktech.com","","無。","查詢"
"3665","貿聯-KY","110/05/20 至 110/05/21","08:00","線上會議","本公司受邀參加花旗證券所舉辦之線上投資論壇，說明營運概況。","366520210517M001.pdf","366520210517E001.pdf","http://www.bizlinktech.com","","無。","查詢"
"3665","貿聯-KY","110/05/18","11:15","線上法說會","本公司受邀參加台新證券舉辦之第二季台新證券投資論壇
，說明營運概況。","366520210517M001.pdf","366520210517E001.pdf","http://www.bizlinktech.com","","無。","查詢"
"3665","貿聯-KY","110/04/08","10:30","線上會議","本公司受邀參加臺灣證券交易所及ICA專顧資本舉辦之線上會議，說明營運概況。","366520210406M001.pdf","366520210406E001.pdf","http://www.bizlinktech.com","","無","查詢"
"3665","貿聯-KY","110/05/27","13:30","線上會議","本公司受邀參加永豐金證券舉辦之第二季產業投資論壇
，說明營運概況。","366520210517M001.pdf","366520210517E001.pdf","http://www.bizlinktech.com","","無。","查詢"
"3665","貿聯-KY","110/01/20","16:00","線上法說會","本公司受邀參加證交所與元富證券舉辦之「2021年 TWSE x 元富證券 The Great Reset – New Industry Landscape after COVID-19線上法人說明會」，說明營運概況。","366520210119M001.pdf","366520210119E001.pdf","http://www.bizlinktech.com","","無。","查詢"
"3665","貿聯-KY","110/01/06 至 110/01/07","10:00","線上會議","本公司受邀參加瑞士信貸所舉辦之線上投資論壇，說明營運概況。","366520210105M001.pdf","366520210105E001.pdf","http://www.bizlinktech.com","","無。","查詢"
"3665","貿聯-KY","110/09/15","14:30","線上會議","本公司受邀參加 參加元富證券所舉辦之「2021年9月台股企業日」，說明營運概況。","366520210903M001.pdf","366520210903E001.pdf","http://www.bizlinktech.com","","無。","查詢"
"3665","貿聯-KY","110/09/09","13:00","線上會議","本公司受邀參加麥格理證券所舉辦之線上投資論壇，說明營運概況。","366520210903M001.pdf","366520210903E001.pdf","http://www.bizlinktech.com","","無。","查詢"
"3665","貿聯-KY","110/09/09","15:40","線上法說會","本公司受邀參加國泰證券所舉辦之線上論壇，說明營運概況。","366520210903M001.pdf","366520210903E001.pdf","http://www.bizlinktech.com","","無。","查詢"
"3665","貿聯-KY","110/04/07","11:00","線上會議","公司受邀參加臺灣證券交易所及高盛證券舉辦之線上會議，說明營運概況。","366520210406M001.pdf","366520210406E001.pdf","http://www.bizlinktech.com","","無。","查詢"
"3665","貿聯-KY","110/06/07","11:00","線上會議","本公司受邀參加美林證券所舉辦之線上投資論壇，說明營運概況。","366520210517M001.pdf","366520210517E001.pdf","http://www.bizlinktech.com","","無","查詢"
"3665","貿聯-KY","110/06/16","14:45","線上會議","本公司受邀參加臺灣證券交易所與元富證券舉辦之「2021年 台股領航論壇 線上法人說明會」說明營運概況。","366520210517M001.pdf","366520210517E001.pdf","http://www.bizlinktech.com","","無","查詢"
"3665","貿聯-KY","110/06/09","14:15","線上會議","本公司受邀參加元大金控所舉辦之線上創富論壇壇，說明營運概況。","366520210517M001.pdf","366520210517E001.pdf","http://www.bizlinktech.com","","無","查詢"
"3665","貿聯-KY","110/09/07 至 110/09/08","08:00","線上會議","本公司受邀參加瑞士信貸所舉辦之線上投資論壇，說明營運概況。","366520210903M001.pdf","366520210903E001.pdf","http://www.bizlinktech.com","","無。","查詢"
"3665","貿聯-KY","110/10/13","16:00","線上會議","本公司受邀參加瑞銀證券投資人會議, 向投資人說明本公司近期之營運狀況.","366520211013M001.pdf","366520211013E001.pdf","http://www.bizlinktech.com","","無","查詢"
"3665","貿聯-KY","110/11/17","09:00","線上會議","本公司受邀參加瑞士信貸舉辦之電話會議，說明營運概況。","366520211116M001.pdf","366520211116E001.pdf","http://www.bizlinktech.com","","無","查詢"
"3665","貿聯-KY","110/11/29 至 110/11/30","15:00","線上會議","本公司受邀參加CLSA舉辦之電話會議，說明營運概況。","366520211116M001.pdf","366520211116E001.pdf","http://www.bizlinktech.com","","無。","查詢"
"3665","貿聯-KY","110/12/01","10:00","線上會議","本公司受邀參加花旗證券舉辦之線上會議，說明營運概況。","366520211116M001.pdf","366520211116E001.pdf","http://www.bizlinktech.com","","無","查詢"
"3665","貿聯-KY","110/12/09","10:30","台北市敦化南路二段201號 (台北遠東國際大飯店)","本公司受國泰證券邀請參加國泰證券第四季論壇會議，說明營運概況。","366520211116M001.pdf","366520211116E001.pdf","http://www.bizlinktech.com","","無。","查詢"
"3665","貿聯-KY","110/12/07","14:00","線上會議","本公司受凱基證券邀請參加第四季 KGI線上投資論壇會議，說明營運概況。","366520211116M001.pdf","366520211116E001.pdf","http://www.bizlinktech.com","","無。","查詢"
"3665","貿聯-KY","110/11/24","10:00","線上會議","本公司受邀參加富邦證券所舉辦之線上論壇，說明營運概況。","366520211116M001.pdf","366520211116E001.pdf","http://www.bizlinktech.com","","無","查詢"
"3665","貿聯-KY","110/12/15","15:45","線上會議","本公司受邀參加 參加元富證券所舉辦之「2021年12月台股企業日」，說明營運概況。","366520211116M001.pdf","366520211116E001.pdf","http://www.bizlinktech.com","","無。","查詢"
"3669","圓展","110/07/27","14:00","線上法說會","說明公司營運概況及未來展望。","366920210727M001.pdf","366920210727E001.pdf","http://tw.aver.com",法說會影音連結資訊:https://tw.aver.com/page/investor-relations#stock-transfer-agent ,"法說會報名網址：https://forms.gle/iTNjpZhHYzbinE4V6","查詢"
"3669","圓展","110/12/23","14:00","線上法說會","說明公司營運概況及未來展望。","366920211223M001.pdf","366920211223E001.pdf","http://tw.aver.com",法說會影音連結資訊:https://tw.aver.com/page/investor-relations ,"法說會報名網址：https://forms.gle/Tsd1atCntoLZkNxD7","查詢"
"3673","TPK-KY","110/08/13","14:30","線上法說會","TPK舉辦2021年第二季營運結果線上法人說明會","367320210813M001.pdf","367320210813E001.pdf","https://www.tpk.com/ir/",法說會影音連結資訊:https://www.tpk.com/ir/ ,"相關資料內容請至本公司網頁查詢 https://www.tpk.com/ir/","查詢"
"3673","TPK-KY","110/05/06","14:30","線上法說會","TPK舉辦2021年第一季營運結果線上法人說明會","367320210506M001.pdf","367320210506E001.pdf","https://www.tpk.com/ir/",法說會影音連結資訊:https://www.tpk.com/ir/ ,"相關資料內容請至本公司網頁查詢 https://www.tpk.com/ir/","查詢"
"3673","TPK-KY","110/02/25","14:30","線上法說會","TPK舉辦2020年第四季營運結果線上法人說明會","367320210225M001.pdf","367320210225E001.pdf","https://www.tpk.com/ir/",法說會影音連結資訊:https://www.tpk.com/ir/ ,"相關資料內容請至本公司網頁查詢 https://www.tpk.com/ir/","查詢"
"3673","TPK-KY","110/10/29","14:30","線上法說會","TPK舉辦2021年第三季營運結果線上法人說明會","367320211029M001.pdf","367320211029E001.pdf","https://www.tpk.com/ir/",法說會影音連結資訊:https://www.tpk.com/ir/ ,"相關資料內容請至本公司網頁查詢 https://www.tpk.com/ir/","查詢"
"3679","新至陞","110/03/24","14:30","台開大樓19樓(台北市重慶南路一段2號19樓)","本公司受邀參加永豐金證券舉辦之法人說明會，向投資人說明本公司之營運狀況。","367920210323M001.pdf","367920210323E001.pdf","https://www.nishoku.com.tw/zh-TW/Investor/Catalog?guid=18110215404026","","無","查詢"
"3686","達能","110/11/24","14:30","桃園市觀音區大潭里環南路599號","說明太陽能產業市場概況及本公司之未來營運展望","368620211124M001.pptx","368620211124E001.pptx","http://www.danentech.com/investor_se.aspx",中文影音檔網址:3686_13_20211124_ch.mp4 ,"無","查詢"
"3694","海華","110/12/28","14:00","Webex 線上會議","本公司受邀參加富邦證券舉辦之法人說明會，說明本公司營運概況","369420211228M001.pptx","369420211228E001.pptx","http://www.azurewave.com/shareholder-service.html","","無","查詢"
"3701","大眾控","110/11/01","14:30","福邦證券總公司(台北市忠孝西路一段6號7樓 B會議室)","受邀參加福邦證券所舉辦之法人說明會, 說明本公司財務及營運狀況","370120211101M001.PDF","370120211101E001.pdf","https://www.ficg.com.tw/","","無","查詢"
"3701","大眾控","110/11/24","14:30","張榮發基金會國際會議中心(台北市中正區中山南路11號會議室1002)","凱基證券所舉辦之法人說明會,說明本公司未來經營策略及願景","370120211124M001.pdf","370120211124E001.pdf","https://www.ficg.com.tw/","","無","查詢"
"3701","大眾控","110/12/21","14:30","台北市內湖區陽光街300號2F 201室","富邦證券所舉辦之企業座談,說明本公司未來經營策略及願景","370120211124M001.pdf","370120211124E001.pdf","https://www.ficg.com.tw/","","無","查詢"
"3702","大聯大","110/05/20 至 110/05/21","14:00","線上法人說明會","本公司將參加花旗環球證券所舉辦之「Regional Tech Conference 2021 (Virtual)」，會中就本公司5/13法說會已公開發佈之財務數字、經營績效等相關資訊做說明。","370220210513M001.pdf","370220210513E001.pdf","https://www.wpgholdings.com/","","無","查詢"
"3702","大聯大","110/08/13","14:30","線上法人說明會","本公司受邀參加凱基證券於110年8月13日舉辦之線上法人說明會，說明110年第二季營業報告及第三季營運展望。","370220210813M001.pdf","370220210813E001.pdf","https://www.wpgholdings.com/","","無","查詢"
"3702","大聯大","110/05/13","16:00","線上法人說明會","本公司受邀參加凱基證券於110年5月13日舉辦之線上法人說明會，說明110年第一季營業報告及第二季營運展望。","370220210513M001.pdf","370220210513E001.pdf","https://www.wpgholdings.com/","","無","查詢"
"3702","大聯大","110/06/18","14:00","線上法人說明會","本公司將參加凱基證券所舉辦之「KGI 2021年第二季線上投資論壇」，會中就本公司5/13法說會已公開發佈之財務數字、經營績效等相關資訊做說明。","370220210513M001.pdf","370220210513E001.pdf","https://www.wpgholdings.com/","","無","查詢"
"3702","大聯大","110/06/10","15:40","線上法人說明會","本公司將參加國泰證券所舉辦之「國泰證券第二季產業論壇」，會中就本公司5/13法說會已公開發佈之財務數字、經營績效等相關資訊做說明。","370220210513M001.pdf","370220210513E001.pdf","https://www.wpgholdings.com/","","無","查詢"
"3702","大聯大","110/03/31","16:00","線上法人說明會","本公司受邀參加凱基證券於110年3月31日舉辦之線上法人說明會，說明109年第四季營業報告。","370220210331M001.pdf","370220210331E001.pdf","https://www.wpgholdings.com/","","無","查詢"
"3702","大聯大","110/09/02","10:00","線上法人說明會","本公司將參加富邦證券所舉辦之「2021富邦投資論壇」，會中就本公司8/13法說會已公開發佈之財務數字、經營績效等相關資訊做說明。","370220210813M001.pdf","370220210813E001.pdf","https://www.wpgholdings.com/","","無","查詢"
"3702","大聯大","110/11/16","14:30","線上法人說明會","本公司受邀參加凱基證券於110年11月16日舉辦之線上法人說明會，說明110年第三季營業報告及第四季營運展望。","370220211116M001.pdf","370220211116E001.pdf","https://www.wpgholdings.com/","","無","查詢"
"3702","大聯大","110/12/09","15:40","台北遠東國際大飯店(台北市敦化南路二段201號B1)","本公司將參加國泰證券所舉辦之「國泰證券第四季產業論壇」，會中就本公司11/16法說會已公開發佈之財務數字、經營績效等相關資訊做說明。","370220211116M001.pdf","370220211116E001.pdf","https://www.wpgholdings.com/","","無","查詢"
"3703","欣陸","110/08/09","14:30","投資人可透過電腦觀看直播或以電話參與，會議電話: (02) 2192-8017，密碼: 748356#","本公司將於8月9日召開線上法人說明會，會中報告2021年第二季經營成果。","370320210809M001.pdf","370320210809E001.pdf","https://www.continental-holdings.com/zh/investor-relations/shareholder/events-presentations/",中文影音檔網址:3703_15_20210809_ch.mp3 ,"無","查詢"
"3703","欣陸","110/05/10","14:30","投資人可透過電腦觀看直播或以電話參與，
會議電話(02)2192-8017，密碼:183232#","本公司將於5月10日召開線上法人說明會，
會中報告2021年第一季經營成果。","370320210510M001.pdf","370320210510E001.pdf","",中文影音檔網址:3703_14_20210510_ch.mp3 ,"無","查詢"
"3703","欣陸","110/02/23","14:30","臺北文創-台北市信義區菸廠路88號6F","報告公司營運現況與業務展望","370320210223M001.pdf","370320210223E001.pdf","","","無","查詢"
"3703","欣陸","110/03/23","14:00","線上法說會","報告公司營運現況與業務展望","370320210323M001.pdf","370320210323E001.pdf","","","無","查詢"
"3703","欣陸","110/03/17","14:30","台北市敦化南路二段97號11樓","報告2020年第四季營運成果與業務展望","370320210317M001.pdf","370320210317E001.pdf","","","相關資訊請洽 元富證券承銷部 陳小姐 電話：02-23255818分機726","查詢"
"3703","欣陸","110/04/07 至 110/04/14","10:20","線上法說會","本公司受邀參加由臺灣證券交易所及寬量國際共同主辦之線上法說會「9th Taiwan CEO Week on Air」，說明本公司之營運概況、財務及業務相關資訊。","370320210407M001.pdf","370320210407E001.pdf","","","無","查詢"
"3703","欣陸","110/11/08","14:30","投資人可透過電腦觀看直播或以電話參與，
會議電話:(02)2192-8017，密碼:473050#","本公司將於11月8日召開線上法人說明會，會中報告2021年第三季經營成果。","370320211108M001.pdf","370320211108E001.pdf","https://www.continental-holdings.com/zh/investor-relations/shareholder/events-presentations/",中文影音檔網址:3703_17_20211108_ch.mp3 ,"無","查詢"
"3703","欣陸","110/10/13 至 110/10/15","09:10","線上法說會","本公司受邀參加由臺灣證券交易所及寬量國際共同主辦之線上法說會「10th Taiwan CEO Week on Air」，說明本公司之營運概況、財務及業務相關資訊。","370320211012M001.PDF","370320211012E001.pdf","","","無","查詢"
"3704","合勤控","110/03/31","14:00","網路廣播","109年第四季營運報告","370420210331M001.pdf","370420210331E001.pdf","https://www.unizyx.com.tw/IR/ch/event.html",同步收看網址：:http://www.zucast.com/webcast/QKDvVxfw 法說會影音連結資訊:http://www.zucast.com/webcast/QKDvVxfw ,"無","查詢"
"3704","合勤控","110/11/04","14:00","線上法說會","本公司受邀參加兆豐證券於110年11月04日舉辦之線上法人說明會，向投資人說明110年第3季營業成果及未來營運展望。","370420211104M001.pptx","370420211104E001.pptx","https://www.unizyx.com.tw/IR/ch/event.html","","無","查詢"
"3705","永信","110/09/16","15:00","線上法說會","本公司受邀參加元大證券舉辦之產業座談會，報告本公司營運狀況。","370520210916M001.pptx","370520210916E001.pptx","http://www.yungshingroup.com/article/articles.aspx?r=103","","無","查詢"
"3705","永信","110/12/22","14:00","線上法說會","本公司受邀參加元大證券舉辦之產業座談會，報告本公司營運狀況。","370520211222M001.pptx","370520211222E001.pptx","http://www.yungshingroup.com/article/articles.aspx?r=103","","無","查詢"
"3706","神達","110/05/21","14:00","線上法人說明會 - Webex","本公司受邀參加凱基證券舉辦之法人說明會，說明本公司今年第一季營運成果以及展望。","370620210520M001.PDF","370620210520E001.PDF","https://www.mitac.com/zh-TW/ir_information/index","","無","查詢"
"3706","神達","110/11/24","14:00","線上法人說明會 - Webex","本公司受邀參加永豐金證券舉辦之法人說明會，說明本公司今年第三季營運成果以及展望。","370620211124M001.pdf","370620211124E001.pdf","https://www.mitac.com/zh-TW/ir_information/index","","無","查詢"
"3708","上緯投控","110/05/18","14:30","線上法說會","主要向投資人說明本公司營運概況、財務及業務狀況。","370820210518M001.pdf","370820210518E001.pdf","http://www.swancor.com/tw/ir/shareholder/legal","","無","查詢"
"3708","上緯投控","110/03/23","14:30","台北市忠孝東路二段95號13F(兆豐證券)","主要向投資人說明本公司營運概況、財務及業務狀況","370820210323M001.pdf","370820210323E001.pdf","http://www.swancor.com/tw/ir/shareholder/legal","","無","查詢"
"3711","日月光投控","110/05/20","10:00","電話會議","無。","371120210428M001.pdf","371120210428E001.pdf","https://ir.aseglobal.com/c/index.php?","","簡報檔內容與110年4月28日召開之法人說明會相同。","查詢"
"3711","日月光投控","110/04/28","14:00","電話會議及網路廣播。","詳110年04月28日公開資訊觀測站之重大訊息與公告-法說會專區。","371120210428M001.pdf","371120210428E001.pdf","http://ir.aseglobal.com/c/ir_events.php",法說會影音連結資訊:https://ase-ir.webex.com/ase-ir/lsr.php?RCID=d1a67e301c94896910f01f9091ec0034 ,"無。","查詢"
"3711","日月光投控","110/02/04","17:30","電話會議及網路廣播。","詳110年02月04日公開資訊觀測站之重大訊息與公告-法說會專區。","371120210204M001.pdf","371120210204E001.pdf","http://ir.aseglobal.com/c/ir_events.php",法說會影音連結資訊:https://webcasts.asia.eqs.com/ASE2020Q4/tc 英文網址：:https://webcasts.asia.eqs.com/ASE2020Q4/en ,"無。","查詢"
"3711","日月光投控","110/07/29","15:00","電話會議及網路廣播。","詳110年07月29日公開資訊觀測站之重大訊息與公告-法說會專區。","371120210729M001.pdf","371120210729E001.pdf","https://ir.aseglobal.com/c/index.php",法說會影音連結資訊:https://ase-ir.webex.com/ase-ir-tc/lsr.php?RCID=2433e50bfac11054683bbffdb4d6d4e7 ,"無。","查詢"
"3711","日月光投控","110/05/26","10:00","電話會議","無。","371120210428M001.pdf","371120210428E001.pdf","https://ir.aseglobal.com/c/index.php?","","簡報檔內容與110年4月28日召開之法人說明會相同。","查詢"
"3711","日月光投控","110/11/30","10:00","電話會議","無。","371120211028M001.pdf","371120211028E001.pdf","https://ir.aseglobal.com/c/index.php","","簡報檔內容與110年10月28日召開之法人說明會相同。","查詢"
"3711","日月光投控","110/10/28","15:00","電話會議及網路廣播。","詳110年10月28日公開資訊觀測站之重大訊息與公告-法說會專區。","371120211028M001.pdf","371120211028E001.pdf","https://ir.aseglobal.com/c/index.php",法說會影音連結資訊:https://ase-ir.webex.com/ase-ir-tc/lsr.php?RCID=75f305f72decb530c68f4542089f817a ,"無。","查詢"
"3711","日月光投控","110/12/08","10:00","電話會議","無。","371120211028M001.pdf","371120211028E001.pdf","https://ir.aseglobal.com/c/index.php","","簡報檔內容與110年10月28日召開之法人說明會相同。","查詢"
"3712","永崴投控","110/11/22","15:00","福邦證券(台北市忠孝西路一段6號7樓B會議室)","本公司營運狀況及未來展望說明","371220211122M001.pdf","371220211122E001.pdf","http://www.fit-holding.com/","","無","查詢"
"3714","富采","110/05/14","14:30","線上法說會","公司簡介及就已公開財務、業務等相關資訊作說明。","371420210513M001.pdf","371420210513E001.pdf","https://ennostar.com","","無","查詢"
"3714","富采","110/08/13","14:00","線上法說會","公司簡介及就已公開財務、業務等相關資訊作說明。","371420210813M001.pdf","371420210813E001.pdf","https://ennostar.com","","無。","查詢"
"3714","富采","110/09/09","09:00","電話會議","公司簡介及就已公開財務、業務等相關資訊作說明。","371420210813M001.pdf","371420210813E001.pdf","https://ennostar.com","","無。","查詢"
"3714","富采","110/03/18","14:30","富邦國際會議中心(台北市松山區敦化南路1段108號)","公司簡介及就已公開財務、業務等相關資訊作說明。","371420210317M001.pdf","371420210317E001.pdf","https://www.ennostar.com/","","無","查詢"
"3714","富采","110/11/11","14:00","線上法說","公司簡介及就已公開財務、業務等相關資訊作說明。","371420211110M001.pdf","371420211110E001.pdf","https://ennostar.com","","無","查詢"
"3714","富采","110/11/30","09:00","線上法說會","公司簡介及就已公開財務、業務等相關資訊作說明。","371420211110M001.pdf","371420211110E001.pdf","http://www.ennostar.com","","無","查詢"
"4104","佳醫","110/09/24","16:20","線上法人說明會","本公司受統一證券邀請舉辦公開法人說明會","410420210924M001.pptx","410420210924E001.pptx","http://www.excelsiormedical.com.tw/enf_news.htm","","無","查詢"
"4106","雃博","110/04/15","14:30","新北市土城區民生街9號","109年營運結果與營運近況說明","410620210415M001.pdf","410620210415E001.pdf","https://www.apexmedicalcorp.com/tw/msg/message-Investors-300.html#investor-section4",法說會影音連結資訊:https://www.apexmedicalcorp.com/tw/msg/msg1983.html ,"無","查詢"
"4106","雃博","110/11/19","14:30","新北市土城區民生街9號","110年第三季營運結果與營運近況說明","410620211119M001.pdf","410620211119E001.pdf","https://www.apexmedicalcorp.com/tw/msg/message-Investors-300.html#investor-section4",法說會影音連結資訊:https://www.apexmedicalcorp.com/tw/msg/msg2069.html ,"無","查詢"
"4108","懷特","110/09/24","14:00","線上法說會網路直播","本公司受凱基證券邀請，舉辦線上法說會，由經營團隊向法人及投資者說明公司研發及展業最新狀況。
懷特為台灣第一家新藥研發型上市公司，研發成功的「懷特血寶&amp;reg;凍晶注射劑」是台灣衛福部TFDA第一個核准上市、全球唯一治療「癌因性疲憊症」的處方新藥，於今年3月1日正式獲得健保給付。
另外懷特痛寶&amp;reg;亦取得藥證，為全球第一個解除中重度疼痛、低成癮性的納布啡口服新藥，目前與多家藥廠洽談授權中。
懷特是衛福部部至今核准9項上市新藥中，唯一獲得2張藥證的公司。","410820210924M001.pdf","410820210924E001.pdf","https://www.phytohealth.com.tw/zh-Hant/news/231","","相關資訊將依規定揭露於公開資訊觀測站。","查詢"
"4119","旭富","110/12/15","14:30","台北市信義區菸廠路88號6F","說明本公司營運概況","411920211215M001.pdf","411920211215E001.pdf","http://www.sci-pharmtech.com.tw","","無","查詢"
"4133","亞諾法","110/11/03","14:30","https://ib.kgi.com/IBWebSite/Views/Registration/RegistPage.aspx?ActNbr=823","本公司受凱基證券邀請，參加其舉辦之國內投資人會議，針對本公司財務業務概況及未來展望做說明。","413320211101M001.pdf","413320211101E001.pdf","http://www.abnova.com/ir/manage5.asp","","完整財務業務資訊請至公開資訊觀測站之法人說明會一覽表或法說會項目下查閱。","查詢"
"4137","麗豐-KY","110/09/13","14:30","線上法人說明會","本公司受邀參加華南永昌證券於110年09月13日舉辦之法人說明會，說明110年第二季之財務、營運成果及公司未來展望。","413720210913M001.pdf","413720210913E001.pdf","http://www.chlitinaholding.com/","","完整財務業務資訊請至公開資訊觀測站之法人說明會一覽表或法說會項目下查閱。","查詢"
"4137","麗豐-KY","110/05/20","14:00","線上法人說明會","本公司受邀參加德信證券與IR Trust舉辦之「2021線上美容保養生技產業主題式研討會」，說明110年第一季之財務、營運成果及公司未來展望。","413720210520M001.pdf","413720210520E001.pdf","http://www.chlitinaholding.com/","","完整財務業務資訊請至公開資訊觀測站之法人說明會一覽表或法說會項目下查閱。","查詢"
"4137","麗豐-KY","110/03/19","14:00","台北市復興北路99號2樓206會議室","本公司受邀參加&#29319;亞證券於110年03月19日舉辦之法人說明會，說明109年第四季之財務、營運成果及公司未來展望。","413720210319M001.pdf","413720210319E001.pdf","http://www.chlitinaholding.com/","","完整財務業務資訊請至公開資訊觀測站之法人說明會一覽表或法說會項目下查閱。","查詢"
"4137","麗豐-KY","110/03/24","14:30","台北市信義區信義路五段7號
(臺灣證券交易所1樓資訊展示中心)","本公司受邀參加臺灣證券交易所於110年03月24日舉辦之110年第1季第一上市公司財務業務說明會，說明109年第四季之財務、營運成果及公司未來展望。","413720210319M001.pdf","413720210319E001.pdf","http://www.chlitinaholding.com/","","完整財務業務資訊請至公開資訊觀測站之法人說明會一覽表或法說會項目下查閱。","查詢"
"4137","麗豐-KY","110/10/22","15:45","台北文創(台北市信義區菸廠路88號)","本公司受邀參加元富證券於110年10月22日舉辦之「台股企業日」，說明110年第二季之財務、營運成果及公司未來展望。","413720210913M001.pdf","413720210913E001.pdf","http://www.chlitinaholding.com/","","完整財務業務資訊請至公開資訊觀測站之法人說明會一覽表或法說會項目下查閱。","查詢"
"4137","麗豐-KY","110/11/23","14:00","國票證券7樓(台北市中山區樂群三路128號7樓)","本公司受邀參加國票證券於110年11月23日舉辦之法人說明會，說明110年第三季之財務、營運成果及公司未來展望。","413720211123M001.pdf","413720211123E001.pdf","http://www.chlitinaholding.com/","","完整財務業務資訊請至公開資訊觀測站之法人說明會一覽表或法說會項目下查閱。","查詢"
"4142","國光生","110/04/14","14:30","台北市建國北路一段96號B1
(台新綜合證券地下一樓會議室)","本公司受邀參加&quot;台新證券法人說明會&quot;，會中就公司業務狀況說明。","414220210412M001.pdf","414220210412E001.pdf","","","無","查詢"
"4142","國光生","110/01/11","22:50","線上法說會","本公司受邀參加J.P. Morgan舉辦之第39屆Healthcare Conference(簡報時間為當地110年1月11日上午9點50分)，本屆因疫情關係改為線上會議，本公司將於線上做口頭報告，說明本公司經營績效、營運現況及未來展望等。","414220210111M001.pdf","414220210111E001.pdf","","","簡報資訊將依規定公告於公開資訊觀測站。","查詢"
"4142","國光生","110/03/18","15:20","台北市松山區民生東路三段111號 (西華飯店)","本公司受邀參加群益金鼎證券舉辦之第一季投資論壇","414220210111M001.pdf","414220210111E001.pdf","","","無","查詢"
"4142","國光生","110/06/09","14:15","線上法說會","本公司受元大金控邀請，參加其舉辦之「2021元大金控線上亞洲投資創富論壇。","414220210604M001.pdf","414220210604E001.pdf","","","無","查詢"
"4142","國光生","110/06/23","14:00","線上法人說明會","本公司受邀參加元富證券及環球生技舉辦之法人說明會","414220210604M001.pdf","414220210604E001.pdf","","","無","查詢"
"4142","國光生","110/10/20","14:00","線上座談會","說明本公司之產業狀況及經營情形","414220211014M001.pdf","414220211014E001.pdf","","","無","查詢"
"4142","國光生","110/10/14","14:40","線上座談會","說明本公司之產業狀況及經營情形","414220211014M001.pdf","414220211014E001.pdf","","","無","查詢"
"4142","國光生","110/03/10","14:30","台北市信義區菸廠路88號6樓(臺北文創)","本公司受邀參加元富證券舉辦之法人說明會「2021年03月台股企業日」","414220210111M001.pdf","414220210111E001.pdf","","","無","查詢"
"4148","全宇生技-KY","110/09/07","15:30","臺灣證券交易所1樓資訊展示中心
(台北市信義路五段7號)","臺灣證券交易所舉辦之第一上市公司財務業務說明會，
說明本公司財務業務狀況。","414820210906M001.pdf","414820210906E001.pdf","","","無","查詢"
"4155","訊映","110/12/30","14:00","線上法說會","本公司受邀參加統一證券所舉辦之線上法人說明會，說明本公司營運概況及未來展望。","415520211228M001.pptx","415520211228E001.pptx","http://www.okbiotech.com","","無。","查詢"
"4164","承業醫","110/05/11","14:30","台北市內湖區行愛路88號(100會議室)","公司概況、營運成果、近況更新及未來展望","416420210510M001.pdf","416420210510E001.pdf","https://www.chcg.com/investor-events/",法說會影音連結資訊:https://www.chcg.com/investor-events/?_sft_investor_events_year=2021 ,"無","查詢"
"4164","承業醫","110/12/23","14:30","台北市內湖區行愛路88號(100會議室)","公司概況、營運成果、近況更新及未來展望","416420211222M001.pdf","416420211222E001.pdf","https://www.chcg.com/investor-events/",法說會影音連結資訊:https://www.chcg.com/investor-events/?_sft_investor_events_year=2021 ,"無","查詢"
"4190","佐登-KY","110/04/14","14:00","台北市重慶南路一段2號19樓(永豐金證券)","本公司受邀參加永豐金證券舉辦之法人座談會，說明近期營運成果","419020210414M001.pdf","419020210414E001.pdf","","","報名請洽永豐金鄒小姐(02)23823207或mail:joyce.tsou@sinopac.com","查詢"
"4306","炎洲","110/12/21","15:00","台北市重慶南路一段2號19樓(永豐金證券)","受邀參加永豐金證券舉辦之法人座談會，說明本公司之營運概況。","430620211221M001.pdf","430620211221E001.pdf","","","無","查詢"
"4414","如興","110/12/28","14:00","線上法說會","本公司受邀參加第一金證券舉辦之線上法說會，說明110年度第三季營運成果及公司未來展望。","441420211228M001.pdf","441420211228E001.pdf","http://www.roohsing.com.tw/zh-tw/shareholder_legal_person.php",同步收看網址：:https://firstsec.webex.com/firstsec/j.php?MTID=m5abb8c8e1f9b98fba4d049c43229b095 ,"會議號：2515 678 5211　密碼：168168","查詢"
"4426","利勤","110/12/21","14:30","雲林縣斗六市斗工12路5號","說明本公司之營運與財務概況","442620211221M001.ppt","442620211221E001.ppt","",法說會影音連結資訊:http://210.65.138.99/webportal/vod/101/E5A59C03B016-FD1FE7BE-6243-11EC-81C0/?categoryId=101 ,"無","查詢"
"4438","廣越","110/08/25","14:30","財團法人張榮發基金會10F (台北市中正區中山南路11號)","本公司受邀參加KGI凱基證券所舉辦之2021年Q2-Q3廣越法人說明會，向投資人說明本公司之營運概況、接單情形、未來展望。","443820210825M001.pdf","443820210825E001.pdf","http://www.qve.com.tw/investor/informationJuristic/Default.aspx","","無","查詢"
"4438","廣越","110/04/07","14:30","財團法人張榮發基金會8F  ( 台北市中正區中山南路11號 )","本公司受邀參加KGI凱基證券所舉辦之2021年第一季廣越法人說明會，向投資人說明本公司之營運概況、接單情形、未來展望。","443820210407M001.pdf","443820210407E001.pdf","http://www.qve.com.tw/investor/informationJuristic/Default.aspx","","無","查詢"
"4438","廣越","110/11/17","14:30","財團法人張榮發基金會7樓703會議室 (台北市中正區中山南路11號)","本公司受邀參加KGI凱基證券所舉辦之2021年Q3-Q4廣越法人說明會，向投資人說明本公司之營運概況、接單情形、未來展望。","443820211117M001.pdf","443820211117E001.pdf","http://www.qve.com.tw/investor/informationJuristic/Default.aspx","","無","查詢"
"4439","冠星-KY","110/03/25","14:00","線上法說會","本公司受邀參加元大證券舉辦之線上法人說明會。","443920210325M001.pdf","443920210325E001.pdf","","","無","查詢"
"4439","冠星-KY","110/10/21","15:45","台北市信義區菸廠路88號 (台北文創)","本公司受邀參加元富證券舉辦之10月台股企業日，說明本公司之營運概況。","443920211021M002.pdf","443920211021E002.pdf","","","完整財務業務資訊請至公開資訊觀測站之法人說明會一覽表或法說會項目下查閱。","查詢"
"4440","宜新實業","110/09/23","14:30","線上業績發表會","(1)因受新冠肺炎影響，本次業績發表會改以線上直播呈現，敬邀 貴單位觀看。 
(2)直播作業敬請至YOUTUBE搜尋【宜新實業4440上市前業績發表會 YI SHIN 4440 IPO】https://www.youtube.com/watch?v=NgQXum7gIK4即可觀看，QA提問請MAIL至ysspkman@yishin-textile.com.tw。
(3)本次業績發表會將由本公司經營團隊說明產業發展、財務業務狀況、未來風險、臺灣證券交易所股份有限公司董事會暨上市審議委員會要求補充揭露事項。","444020210922M001.pdf","444020210922E001.pdf","http://www.yishin-textile.com.tw/zh-tw/investors-02/id/68","","無","查詢"
"4440","宜新實業","110/11/17","14:50","臺灣證券交易所(101大樓)1樓資訊展示中心","臺灣證券交易所舉辦之「2021年民生消費暨新上市」主題式業績發表會","444020211117M001.pdf","444020211117E001.pdf","http://www.yishin-textile.com.tw/zh-tw/investors-02",同步收看網址：:https://webpro.twse.com.tw/webportal/?liveChannelId=1 法說會影音連結資訊:https://webpro.twse.com.tw/webportal/?liveChannelId=1 ,"無","查詢"
"4526","東台","110/04/15","15:40","台北市信義區信義路5段7號 (臺灣證交所101大樓1樓資訊展示中心)","本公司受邀參加證交所舉辦之法人說明會,報告公司營運現況與未來展望","452620210415M001.pdf","452620210415E001.pdf","https://www.tongtai.com.tw/tw/7.1.3.php",法說會影音連結資訊:https://webpro.twse.com.tw/webportal/vod/101/0DDBA84EE60D-34E721AF-9DC6-11EB-BA56/?categoryId=101 ,"無","查詢"
"4532","瑞智","110/09/29","14:30","線上法人說明會","本公司將於110/09/29受元大證券邀請參加法人說明會，說明本公司財務業務相關資訊","453220210929M001.pdf","453220210929E001.pdf","http://www.rechi.com/IR/displayinvestment#tab-4",同步收看網址：:https://yuantasec.webex.com/yuantasec/j.php?MTID=m20dc3be3789da833144cb19dd6442e6d ,"完整財務業務資訊請至公開資訊觀測站之法人說明會一覽表或法說會項目下查閱","查詢"
"4536","拓凱","110/09/15","15:45","線上法人說明會","本公司受邀參加元富證券舉辦之線上法人說明會，將於會中說明本公司財務業務現況及產業發展。","453620210914M001.pdf","453620210914E001.pdf","http://www.topkey.com.tw/www/_chinese/04_ir/01_detail_03_conference.php","","無","查詢"
"4536","拓凱","110/03/11","14:30","臺北文創（台北市信義區菸廠路88號6樓）","本公司受邀參加元富證券舉辦之「2021年3月台股企業日」，將於會中說明本公司財務業務現況及產業發展。","453620210310M001.pdf","453620210310E001.pdf","http://www.topkey.com.tw/www/_chinese/04_ir/01_detail_03_conference.php","","無","查詢"
"4536","拓凱","110/11/26","14:15","台北寒舍艾美酒店2樓(台北市信義區松仁路38號)","本公司受邀參加元大證券舉辦之法人說明會，將於會中說明本公司財務業務現況及產業發展。","453620211126M001.pdf","453620211126E001.pdf","http://www.topkey.com.tw/www/_chinese/04_ir/01_detail_03_conference.php","","無","查詢"
"4536","拓凱","110/07/13","14:00","線上法人說明會","本公司受邀參加元富證券舉辦之線上法人說明會，將於會中說明本公司財務業務現況及產業發展。","453620210712M001.pdf","453620210712E001.pdf","http://www.topkey.com.tw/www/_chinese/04_ir/01_detail_03_conference.php","","無","查詢"
"4540","全球傳動","110/03/31","14:00","第一金證券大樓1303會議室(台北市長安東路一段22號13樓)","本公司受邀參加第一金證券舉辦之法人說明會，說明本公司財務及業務概況。","454020210326M001.pdf","454020210326E001.pdf","","","法說會線上報名網址：https://www.surveycake.com/s/d8zm3","查詢"
"4540","全球傳動","110/09/03","14:30","線上法說會報名網址：https://forms.gle/dL3awqxRSV2do7Mp8","本公司受邀參加群益金鼎證券舉辦之線上法人說明會，說明本公司財務及業務概況。","454020210827M001.pdf","454020210827E001.pdf","","","法說會線上報名網址：https://forms.gle/dL3awqxRSV2do7Mp8","查詢"
"4545","銘鈺","110/11/12","14:30","台北市中山區建國北路一段96號12樓會議室","說明營運現況及未來展望。","454520211112M001.pdf","454520211112E001.pdf","http://www.mapi.com.tw/zh-Hant/investor/info/conference#anchor-1","","無","查詢"
"4551","智伸科","110/05/20","10:00","線上法說會","本公司受邀參加富邦證券舉辦之「2021富邦投資論壇」，
說明本公司營運概況。","455120210519M001.pdf","455120210519E001.pdf","","","無","查詢"
"4551","智伸科","110/01/20","13:30","臺北晶華酒店(台北市中山北路二段39巷3號4樓)","本公司受邀參加臺灣證交所與元富證券合作舉辦之「重啟後疫情時代的產業新型態」臺灣投資說明會，說明本公司營運概況。","455120210119M001.pdf","455120210119E001.pdf","","","無","查詢"
"4551","智伸科","110/03/23","14:00","宏遠證券股份有限公司(台北市大安區信義路四段236號7樓)","本公司受邀參加宏遠證券所舉辦之法人說明會，說明本公司營運概況。","455120210323M001.pdf","455120210323E001.pdf","","","無","查詢"
"4551","智伸科","110/06/02","09:30","線上法說會","本公司受邀參加CLSA所舉辦之法人說明會「CLSA Taiwan
Access Day」，說明本公司營運概況。","455120210519M001.pdf","455120210519E001.pdf","","","無","查詢"
"4551","智伸科","110/04/07","10:00","線上法說會","本公司受邀參加臺灣證券交易所及美商高盛證券舉辦之線上法說會「Taiwan Virtual Corporate Day」，說明本公司營運概況。","455120210323M001.pdf","455120210323E001.pdf","","","無。","查詢"
"4551","智伸科","110/06/22 至 110/06/23","09:00","線上法說會","本公司受邀參加UBS所舉辦之法人說明會「UBS Taiwan Virtual Conference 2021」，說明本公司營運概況。","455120210519M001.pdf","455120210519E001.pdf","","","無","查詢"
"4551","智伸科","110/06/16","10:30","線上 (Webex)","本公司受邀參加臺灣證券交易所與元富證券舉辦之「2021年 台股領航論壇 線上法人說明會」。","455120210519M001.pdf","455120210519E001.pdf","","","無","查詢"
"4551","智伸科","110/05/24","10:00","線上法說會","本公司受邀參加花旗證券舉辦之線上法說會「Regional
Tech Conference 2021」，說明本公司營運概況。","455120210519M001.pdf","455120210519E001.pdf","","","無","查詢"
"4551","智伸科","110/09/02","09:00","線上法說會","本公司受邀參加富邦證券舉辦之「2021年第三季富邦投資論壇」，說明本公司營運概況。","455120210830M001.pdf","455120210830E001.pdf","","","無","查詢"
"4551","智伸科","110/08/31","14:00","線上法說會","本公司受邀參加由康和證券舉辦之線上法說會，說明本公司之營運概況。","455120210830M001.pdf","455120210830E001.pdf","","","無","查詢"
"4551","智伸科","110/11/17","10:00","線上法說會","本公司受邀參加摩根士丹利證券舉辦之Twentieth Annual Asia Pacific Summit。","455120211115M002.pdf","455120211115E002.pdf","","","無","查詢"
"4551","智伸科","110/11/16","14:00","線上法說會","本公司受邀參加富邦證券舉辦之線上法人說明會，說明本公司營運概況。","455120211115M002.pdf","455120211115E002.pdf","","","無。","查詢"
"4551","智伸科","110/11/30 至 110/12/01","09:00","線上法說會","本公司受邀參加花旗環球證券舉辦之線上法說會「Taiwan Corporate Day 2021」，說明本公司營運概況。","455120211115M002.pdf","455120211115E002.pdf","","","無","查詢"
"4552","力達-KY","110/09/10","16:30","臺灣證券交易所1樓資訊展示中心","本公司受邀參加臺灣證券交易所舉辦之『110年第3季第一上市公司財務業務說明會』，說明本公司2021年度營業成果及未來營運展望。","455220210910M002.pdf","455220210910E002.pdf","http://www.lidaholdings.com/","","本次會議採Webpro線上直播方式，不開放現場民眾進場，欲現場參加者請事前與公司聯繫。","查詢"
"4552","力達-KY","110/04/07","15:30","臺灣證券交易所1樓資訊展示中心","本公司受邀參加臺灣證券交易所舉辦之『110年第1季第一上市公司財務業務說明會』，說明本公司2020年度營業成果及未來營運展望。","455220210407M001.pdf","455220210407E001.pdf","http://www.lidaholdings.com/","","無","查詢"
"4555","氣立","110/04/23","14:30","線上法說會","本公司受邀參加富邦證券舉辦之線上法說會，說明本公司之營運概況、財務及業務相關資訊。","455520210423M001.pdf","455520210423E001.pdf","","","法人說明會開會前會將相關簡報資料輸入公開資訊觀測站。","查詢"
"4555","氣立","110/08/18","14:30","線上法說會","本公司受邀參加富邦證券主辦之線上法說會，說明本公司之營運概況、財務及業務相關資訊。","455520210818M001.pdf","455520210818E001.pdf","https://www.chelic.com/website/tw/shareholder.html","","法人說明會開會前會將相關簡報資料輸入公開資訊觀測站。","查詢"
"4557","永新-KY","110/09/08","14:30","臺灣證券交易所1樓資訊展示中心(台北市信義路五段7號)","本公司受臺灣證券交易所邀請參加第一上市公司線上財務業務說明會","455720210901M001.pdf","455720210901E001.pdf","https://www.yusin.com/",同步收看網址：:https://webpro.twse.com.tw/webportal/schedule/ ,"無","查詢"
"4560","強信-KY","110/10/28","14:00","線上法人說明會","本公司受邀參加富邦證券所舉辦之線上法人說明會，說明本公司之業務及營運概況。","456020211028M001.pdf","456020211028E001.pdf","","","無。","查詢"
"4562","穎漢","110/11/18","14:30","高雄市前鎮區中山二路2號九樓之一(大眾財經大樓)","本公司受邀參加台新證券聯合法人說明會，說明公司產業及營運狀況","456220211117M001.pdf","456220211117E001.pdf","","","無","查詢"
"4564","元翎","110/05/11","14:30","福邦證券總公司(台北市忠孝西路一段6號7樓 B會議室)","本公司受邀參加福邦證券舉辦之法人說明會，說明本公司營運概況。","456420210510M001.pdf","456420210510E001.pdf","http://www.twmosa.com","","無","查詢"
"4566","時碩工業","110/11/02","14:00","線上法說會報名請洽永豐金證券 鄒小姐(02)-23823207","本公司受邀參加永豐金證券舉辦之線上法人說明會，說明本公司簡介與經營成果","456620211101M001.pdf","456620211101E001.pdf","http://www.globaltek.com.tw","","無","查詢"
"4571","鈞興-KY","110/04/14","15:40","臺灣證券交易所101大樓1F 資訊展示中心","本公司受邀參加參加臺灣證券交易舉辦之智慧製造主題式業績發表會，說明公司營運回顧及業務展望","457120210414M001.pdf","457120210414E001.pdf","http://www.khgears.com/ft/touzi.php",同步收看網址：:https://webpro.twse.com.tw/webportal/ ,"完整財務業務資訊請至公開資訊觀測站之法人說明會一覽表或法說會項目下查詢","查詢"
"4571","鈞興-KY","110/03/31","14:30","台北市重慶南路一段2號19樓會議室(永豐金證券)","本公司受邀參加永豐金證券舉辦之法說會，說明公司營運回顧及業務展望","457120210330M001.pdf","457120210330E001.pdf","http://www.khgears.com/ft/gudong.php?id=25","","報名請洽永豐金鄒小姐(02)23823207 或mail: joyce.tsou@sinopac.com","查詢"
"4571","鈞興-KY","110/12/08","15:00","台北市重慶南路一段2號19樓會議室(永豐金證券)","本公司受邀參加永豐金證券舉辦之法人座談會，說明公司營運回顧及業務展望","457120211208M001.pdf","457120211208E001.pdf","http://www.khgears.com/ft/index.php","","報名請洽永豐金證券鄒小姐 (02)23823207 或 mail: joyce.tsou@sinopac.com","查詢"
"4572","駐龍","110/11/17","14:00","高雄市前鎮區中山二路2號9樓之1(大眾財經大樓)","本公司受邀參加「台新證券聯合法人說明會」，說明公司營運狀況及未來展望。","457220211118M001.pdf","457220211118E001.pdf","http://www.drewloong.com.tw/?p=2060","","無","查詢"
"4576","大銀微系統","110/08/05","16:00","網址：http://www.zucast.com/webcast/bHoL77RW","(1)營運狀況
(2)Q&amp;A","457620210805M001.pdf","457620210805E001.pdf","https://www.hiwinmikro.tw/zh/investor/shareholder",同步收看網址：:http://www.zucast.com/webcast/bHoL77RW 法說會影音連結資訊:https://www.youtube.com/watch?v=ALDtiz-vJm4 ,"無","查詢"
"4576","大銀微系統","110/11/05","16:00","網址：http://www.zucast.com/webcast/9DuhTO6D","(1)營運狀況 (2)Q&amp;A","457620211102M001.pdf","457620211102E001.pdf","https://www.hiwinmikro.tw/zh/investor/shareholder",同步收看網址：:http://www.zucast.com/webcast/9DuhTO6D 法說會影音連結資訊:https://youtu.be/oTdjyI8KCBU ,"無","查詢"
"4581","光隆精密-KY","110/12/07","14:30","日盛證券(股)公司(台北市南京東路二段85號7樓)","本公司受邀參加日盛證券(股)公司所舉辦之法人說明會，說明本公司2021年第三季營業成果及未來營運展望","458120211207M001.pdf","458120211207E001.pdf","https://www.wkgroup.com/tw/investor-conference-presentation","","為配合防疫，將採實聯制(請務必攜帶名片等證件)，入內將先測量體溫並請全程配戴口罩。","查詢"
"4720","德淵","110/09/28","14:00","新北市五股區五權六路9號","公司上半年營運暨產業狀況","472020210927M001.pdf","472020210927E001.pdf","https://www.texyear.com/",同步收看網址：:http://www.zucast.com/webcast/COeFM2DR 法說會影音連結資訊:http://www.zucast.com/webcast/COeFM2DR ,"無","查詢"
"4720","德淵","110/12/20","14:30","台北市南京東路二段111號6樓","本公司受邀參加日盛證券股份有限公司舉辦之法人說明會，向投資人說明本公司截至第三季營運暨產業狀況","472020211220M001.pdf","472020211220E001.pdf","http://www.texyear.com/","","無","查詢"
"4722","國精化","110/12/23","14:30","線上法說會","本公司受邀參加國票綜合證券舉辦之線上法人說明會，說明本公司營運概況及未來展望","472220211223M001.pdf","472220211223E001.pdf","https://www.qualipoly.com/zh-tw/a3-2826/%E6%B3%95%E4%BA%BA%E8%AA%AA%E6%98%8E%E6%9C%83.html","","無","查詢"
"4736","泰博","110/07/26","14:30","線上法說會","本公司受邀參加凱基證券舉辦之線上法說會，會中就本公司已公開發佈之財務數字、經營績效等相關資訊做說明。","473620210726M001.pdf","473620210726E001.pdf","","","無。","查詢"
"4737","華廣","110/12/09","14:30","線上法人說明會","本公司受邀參加德信證券舉辦之線上法說會，說明本公司之營運概況、財務及業務相關資訊。","473720211209M001.pdf","473720211209E001.pdf","","","無","查詢"
"4739","康普","110/08/25","15:40","線上法說會","本公司受邀參加證交所舉辦之2021年「汽車供應鏈」主題式業績發表會(線上法人說明會)","473920210823M003.pdf","473920210823E003.pdf","https://www.coremaxcorp.com/zh-tw/investor-conference",同步收看網址：:https://webpro.twse.com.tw/webportal/?liveChannelId=1 ,"相關營運概況資訊請至公開資訊觀測站之法人說明會一覽表或法人說明會項下查閱。","查詢"
"4739","康普","110/06/24","15:00","線上法人說明會","向法人說明本公司營運概況","473920210623M001.pdf","473920210623E001.pdf","https://www.coremaxcorp.com/zh-tw/investor-conference","","相關營運概況資訊請至公開資訊觀測站之法人說明會一覽表或法人說明會項下查閱。","查詢"
"4739","康普","110/12/22","14:30","台北市信義區基隆路一段176號B2","向法人說明本公司營運概況","473920211220M001.pdf","473920211220E001.pdf","https://www.coremaxcorp.com/zh-tw/investor-conference","","相關營運概況資訊請至公開資訊觀測站之法人說明會一覽表或法人說明會項下查閱。","查詢"
"4746","台耀","110/03/08","14:30","線上法人說明會","公司未來經營策略及願景","474620210305M002.pdf","474620210305E002.pdf","https://www.formosalab.com/tw/investors3_4.php","","活動諮詢：凱基證券 鄭小姐 電話： 02-2181-8167  E-mail：janice.cheng@kgi.com","查詢"
"4746","台耀","110/12/08","14:35","線上法人說明會","本公司受邀參加第一金證券線上投資座談會，說明公司經營成果及發展前景。","474620211208M001.pdf","474620211208E001.pdf","https://www.formosalab.com/tw/investors3_4.php","","無","查詢"
"4755","三福化","110/12/13","14:30","線上法人說明會","本公司受邀參加第一金證券舉辦之線上法人說明會","475520211220M001.pdf","475520211220E001.pdf","http://www.sfchem.com.tw/","","無。","查詢"
"4763","材料*-KY","110/05/27","15:00","線上法人說明會-ZOOM","本公司受邀參加康和綜合證&#21173;舉辦之線上法說會，說明本公司之營運概況、財務及業務相關資訊。","476320210527M001.pdf","476320210527E001.pdf","","","報名請洽康和證券法人部8787-1888#242。","查詢"
"4763","材料*-KY","110/01/07","15:00","臺北市新生南路一段50號3樓","說明本公司之營運概況、財務及業務相關資訊。","476320210107M001.pdf","476320210107E001.pdf","","","報名請洽德信證券陳亭亭(02)23931755或mail:mamamia@mail.rsc.com.tw","查詢"
"4763","材料*-KY","110/04/21","14:00","線上法人說明會","本公司受邀參加臺灣證券交易所及寬量國際共同主辦之線上法說會「9th Taiwan CEO Week on Air」，說明本公司之營運概況、財務及業務相關資訊。","476320210421M001.pdf","476320210421E001.pdf","","","完整財務業務資訊請至公開觀測站之法人說明會一覽表或法說會項目下查閱。","查詢"
"4763","材料*-KY","110/03/12","14:30","線上法人說明會-Webex","本公司受邀參加凱基證券主辦之線上法說會，說明本公司之營運概況、財務及業務相關資訊。
報名網址:
https://ib.kgi.com/IBWebSite/Views/Registration/RegistPage.aspx?ActNbr=748","476320210312M001.pdf","476320210312E001.pdf","","","本次會議將於法說會前一日提供報名者線上法說會網址及登入相關密碼資訊","查詢"
"4763","材料*-KY","110/09/02","15:00","線上法人說明會-ZOOM","本公司受邀參加康和綜合證&#21173;舉辦之線上法說會，說明本公司之營運概況、財務及業務相關資訊。","476320210902M001.pdf","476320210902E001.pdf","","","報名請洽康和證券法人部(02) )8787-1888#242或mail: irene.ho@concords.com.tw。","查詢"
"4763","材料*-KY","110/10/12 至 110/10/13","10:20","線上法人說明會","本公司受邀參加由臺灣證券交易所及寬量國際共同主辦之線上法說會「10th Taiwan CEO Week on Air」，說明本公司之營運概況、財務及業務相關資訊。","476320211012M001.pdf","476320211012E001.pdf","","","完整財務業務資訊請至公開資訊觀測站之法人說明會一覽表或法說會項目下查閱。","查詢"
"4763","材料*-KY","110/11/18","15:00","線上法人說明會-ZOOM","本公司受邀參加康和綜合證&#21173;舉辦之線上法說會，說 明本公司之營運概況、財務及業務相關資訊","476320211118M001.pdf","476320211118E001.pdf","","","報名請洽康和證券法人部(02) )8787-1888#242或mail: irene.ho@concords.com.tw。","查詢"
"4764","雙鍵","110/12/28","14:30","線上法人說明會-Webex","本公司受邀參加凱基證券舉辦之線上法人說明會，會中將報告公司簡介及營運概況。","476420211227M001.pdf","476420211227E001.pdf","","","無","查詢"
"4766","南寶","110/08/17","14:30","線上法說會","本公司受邀參加由凱基證券舉辦之線上法說會","476620210817M001.pdf","476620210817E001.pdf","","","無","查詢"
"4766","南寶","110/05/19","14:30","線上法說會","本公司受邀參加由富邦證券舉辦之線上法說會","476620210519M001.pdf","476620210519E001.pdf","","","無","查詢"
"4766","南寶","110/10/05 至 110/10/06","10:20","線上法說會","本公司受邀參加由臺灣證券交易所及寬量國際共同主辦之線上法說會「10th Taiwan CEO Week on Air」","476620211005M001.pdf","476620211005E001.pdf","","","無","查詢"
"4766","南寶","110/03/26","10:00","線上法說會","本公司受邀參加由美銀證券舉辦之「2021 APAC TMT Conference」","476620210326M001.pdf","476620210326E001.pdf","","","無","查詢"
"4766","南寶","110/03/25","14:30","線上法說會","本公司受邀參加由凱基證券舉辦之法人說明會","476620210325M001.pdf","476620210325E001.pdf","","","無","查詢"
"4766","南寶","110/04/07 至 110/04/08","14:40","線上法說會","本公司受邀參加由臺灣證券交易所及寬量國際共同主辦之線上法說會「9th Taiwan CEO Week on Air」","476620210407M001.pdf","476620210407E001.pdf","","","無","查詢"
"4766","南寶","110/04/14","15:45","線上法說會","本公司受邀參加由元富證券舉辦之「2021年台股企業日」","476620210407M001.pdf","476620210407E001.pdf","","","無","查詢"
"4766","南寶","110/11/23","14:30","線上法說會","本公司受邀參加由富邦證券舉辦之線上法說會","476620211123M001.pdf","476620211123E001.pdf","","","無","查詢"
"4770","上品","110/11/16","14:30","台北君悅酒店3樓凱悅一區宴會廳(台北市信義區松壽路2號)","本次上市前業績發表會將由本公司經營團隊說明產業發展、財務業務狀況、未來風險、臺灣證券交易所股份有限公司董事會暨上市審議委員會要求補充揭露事項。","477020211116M001.pdf","477020211116E001.pdf","有，網址： https://www.alliedsupreme.com/tw/investor-9","","無","查詢"
"4771","望隼","110/10/28","14:30","張榮發基金會國際會議中心會議室(台北市中正區中山南路11號6樓)","本公司受邀參加凱基證券舉辦之法人說明會,會中就本公司營運介紹及說明。","477120211027M001.pdf","477120211027E001.pdf","","","相關資料請至公開資訊觀測站之法人說明會一覽表或法說會項下查詢","查詢"
"4807","日成-KY","110/04/21","14:00","德信證券-新生南路一段50號3樓","本公司受邀參加德信證券舉辦「泰國KY亮點企業」之聯合法人說明會","480720210510M001.pdf","480720210510E001.pdf","http://www.regaljewelrygroup.com/TW/home/Default.asp","","因應新型冠狀病毒防疫，會議採實名制登記並請與會者全程配戴口罩。","查詢"
"4807","日成-KY","110/01/06","14:30","本公司為線上法說會","本公司受邀參加永豐金證券所舉辦之線上法人說明會
法說會連結網址：https://sinopac-securities.webex.com/sinopac-securities/onstage/g.php?MTID=ea95216046eae25eb613 a51ec6cef72d1
活動號：176 170 3723
活動密碼：4807","480720210105M001.pdf","480720210105E001.pdf","http://www.regaljewelrygroup.com/TW/home/Default.asp","","無","查詢"
"4807","日成-KY","110/09/23","14:30","本公司為線上法說會","本公司受邀參加台新證券所舉辦之線上法人說明會
法說會連結網址：
https://tssco.webex.com/join/cat96654","480720210922M001.pdf","480720210922E001.pdf","http://www.regaljewelrygroup.com/TW/home/Default.asp","","無","查詢"
"4807","日成-KY","110/12/16","14:30","本公司為線上法說會","本公司受邀參加宏遠證券所舉辦之線上法人說明會
法說會連結網址：https://horizonsecurities.my.webex.com/join/pr1707841559","480720211215M001.pdf","480720211215E001.pdf","http://www.regaljewelrygroup.com/TW/home/Default.asp","","無","查詢"
"4904","遠傳","110/01/27","15:00","本公司","說明本公司109年度第3季營運與財務概況","490420201105M001.pdf","490420201105E001.pdf","http://www.fareastone.com.tw","","無","查詢"
"4904","遠傳","110/02/25","17:00","本公司","說明本公司109年度第4季營運與財務概況","490420210225M001.pdf","490420210225E001.pdf","http://www.fareastone.com.tw",同步收看網址：:http://www.zucast.com/webcast/mYjejLcd 法說會影音連結資訊:http://www.zucast.com/webcast/mYjejLcd ,"無","查詢"
"4904","遠傳","110/06/02 至 110/06/03","14:00","本公司","說明本公司110年度第1季營運與財務概況","490420210506M001.pdf","490420210506E001.pdf","http://www.fareastone.com.tw","","無","查詢"
"4904","遠傳","110/05/06","16:00","本公司","說明本公司110年度第1季營運與財務概況","490420210506M001.pdf","490420210506E001.pdf","http://www.fareastone.com.tw",同步收看網址：:http://www.zucast.com/webcast/ijn2y9cZ 法說會影音連結資訊:http://www.zucast.com/webcast/ijn2y9cZ ,"無","查詢"
"4904","遠傳","110/03/16 至 110/03/17","08:00","本公司(線上)","說明本公司109年度第4季營運與財務概況","490420210225M001.pdf","490420210225E001.pdf","http://www.fareastone.com.tw","","無","查詢"
"4904","遠傳","110/03/23 至 110/03/24","08:00","本公司(線上)","說明本公司109年度第4季營運與財務概況","490420210225M001.pdf","490420210225E001.pdf","http://www.fareastone.com.tw","","無","查詢"
"4904","遠傳","110/11/04","17:00","本公司","說明本公司110年度第3季營運與財務概況","490420211104M001.pdf","490420211104E001.pdf","http://www.fareastone.com.tw",同步收看網址：:http://www.zucast.com/webcast/29C9tG1N 法說會影音連結資訊:http://www.zucast.com/webcast/29C9tG1N ,"無","查詢"
"4904","遠傳","110/07/30","16:30","本公司","說明本公司110年度第2季營運與財務概況","490420210730M001.pdf","490420210730E001.pdf","http://www.fareastone.com.tw",同步收看網址：:http://www.zucast.com/webcast/6hV2RR36 法說會影音連結資訊:http://www.zucast.com/webcast/6hV2RR36 ,"無","查詢"
"4904","遠傳","110/03/11","14:30","臺北文創-台北市信義區菸廠路88號6F","說明本公司109年度第4季營運與財務概況","490420210225M001.pdf","490420210225E001.pdf","http://www.fareastone.com.tw","","無","查詢"
"4906","正文","110/05/11","14:30","臺北文創-台北市信義區菸廠路88號6F","本公司受邀參加元富證券所舉辦之法說會「2021年台股企業日」","490620210510M001.pdf","490620210510E001.pdf","https://www.gemteks.com/ir/seminar","","無","查詢"
"4906","正文","110/02/23","14:30","臺北文創-台北市信義區菸廠路88號6F","本公司受邀參加元富證券所舉辦之法說會「2021年2月台股企業日」","490620210222M001.pdf","490620210222E001.pdf","https://www.gemteks.com/ir/seminar","","無","查詢"
"4906","正文","110/12/06","14:00","TICC台北國際會議中心一樓201DE會議室（台北市信義區信義路五段1號會議室）","本公司將舉辦一年一度的法人說明會，將於法說會中就本公司2021年做總結報告，及2022年產業展望做一說明。","490620211206M001.pptx","490620211206E001.pptx","https://www.gemteks.com/ir/seminar",法說會影音連結資訊:https://webpro.twse.com.tw/webportal/vod/101/7342928A4D7A-E0AF4556-56A8-11EC-B13F/?categoryId=101 ,"無","查詢"
"4912","聯德控股-KY","110/03/19","14:00","台北市信義區松壽路2號3樓(台北君悅酒店 鳳嗚廳)","本公司受邀參加日盛證券舉辦之「太陽獅春季台股企業日」","491220210319M002.pdf","491220210319E002.pdf","http://www.lemtech.com","","無","查詢"
"4912","聯德控股-KY","110/12/08","16:30","臺灣證券交易所1樓資訊展示中心(台北市信義路五段7號)","本公司受邀參加臺灣證券交易所舉辦之外國上市公司財務業務說明會，說明本公司財務業務狀況。","491220211207M001.pdf","491220211207E001.pdf","http://www.lemtech.com","","無","查詢"
"4915","致伸","110/08/02","14:00","電話會議","本公司受邀參加元大證券所舉辦之線上法人說明會","491520210729M001.pdf","491520210729E001.pdf","https://www.primax.com.tw/investors/ir-activity/investor-meetings","","無","查詢"
"4915","致伸","110/08/04","15:00","電話會議","本公司受邀參加里昂證券所舉辦之線上法人說明會","491520210729M001.pdf","491520210729E001.pdf","https://www.primax.com.tw/investors/ir-activity/investor-meetings","","無","查詢"
"4915","致伸","110/07/29","14:30","電話會議","本公司受邀參加凱基證券所舉辦之2021年第二季線上法人說明會","491520210729M001.pdf","491520210729E001.pdf","https://www.primax.com.tw/investors/ir-activity/investor-meetings","","無","查詢"
"4915","致伸","110/04/28","14:30","元大證券(地址:台北市南京東路三段225號4樓)","本公司受邀參加元大證券所舉辦之2021年第一季法人說明會","491520210428M001.pdf","491520210428E001.pdf","https://www.primax.com.tw/download.aspx","","無","查詢"
"4915","致伸","110/05/20 至 110/05/24","13:00","電話會議","本公司受邀參加 Citi Regional Tech Conference 2021 (Virtual)","491520210428M001.pdf","491520210428E001.pdf","https://www.primax.com.tw/investors/ir-activity/investor-meetings","","無","查詢"
"4915","致伸","110/08/11","15:45","電話會議","本公司受邀參加元富證券2021年8月台股企業日","491520210729M001.pdf","491520210729E001.pdf","https://www.primax.com.tw/investors/ir-activity/investor-meetings","","無","查詢"
"4915","致伸","110/06/21","14:00","電話會議","本公司受邀參加 UBS Taiwan Virtual Conference 2021","491520210617M001.pdf","491520210617E001.pdf","https://www.primax.com.tw/investors/ir-activity/investor-meetings","","無","查詢"
"4915","致伸","110/03/11","15:45","台北文創","本公司受邀參加元富證券2021年3月台股企業日","491520210303M001.pdf","491520210303E001.pdf","https://www.primax.com.tw/download.aspx","","無","查詢"
"4915","致伸","110/03/17 至 110/03/23","09:00","電話會議","本公司受邀參加 BofA Securities 2021 APAC TMT Conference","491520210303M001.pdf","491520210303E001.pdf","https://www.primax.com.tw/download.aspx","","無","查詢"
"4915","致伸","110/06/10","09:30","電話會議","本公司受邀參加2021元大金控線上亞洲投資創富論壇","491520210608M001.pdf","491520210608E001.pdf","https://www.primax.com.tw/investors/ir-activity/investor-meetings","","無","查詢"
"4915","致伸","110/03/08","17:00","線上法說會","本公司受邀參加Fubon-Jefferies Asia Virtual Tech Trip","491520210303M001.pdf","491520210303E001.pdf","https://www.primax.com.tw/download.aspx","","無","查詢"
"4915","致伸","110/03/05","11:00","台北遠企B1","本公司受邀參加國泰證券第一季產業論壇","491520210303M001.pdf","491520210303E001.pdf","https://www.primax.com.tw/download.aspx","","無","查詢"
"4915","致伸","110/09/01","15:30","電話會議","本公司受邀參加永豐金證券2021第三季線上論壇","491520210729M001.pdf","491520210729E001.pdf","https://www.primax.com.tw/investors/ir-activity/investor-meetings","","無","查詢"
"4915","致伸","110/10/28","14:30","電話會議","本公司受邀參加元大證券所舉辦之2021年第三季法人說明會, 說明第三季營運成果及未來展望","491520211028M001.pdf","491520211028E001.pdf","https://www.primax.com.tw/investors/ir-activity/investor-meetings","","無","查詢"
"4915","致伸","110/12/07","11:00","電話會議","本公司受邀參加凱基證券2021年第四季線上投資論壇","491520211028M001.pdf","491520211028E001.pdf","https://www.primax.com.tw/investors/ir-activity/investor-meetings","","無","查詢"
"4916","事欣科","110/11/03","14:30","線上法人說明會","本公司受邀參加統一綜合證券舉辦之線上法說會，說明本公司之營運概況、財務及業務相關資訊。","491620211103M001.pdf","491620211103E001.pdf","","","無","查詢"
"4919","新唐","110/08/04","15:00","線上法說會","本公司舉行110年上半年度法人說明會，將於會中就公司110年上半年度財務數字與營運概況做說明","491920210805M001.pdf","491920210805E001.pdf","https://www.nuvoton.com/about-nuvoton/investors/investor-conference/presentation-material/",同步收看網址：:http://wms.gridow.com/ir/nuvoton/nuvoton_1H21.html 法說會影音連結資訊:https://www.nuvoton.com/about-nuvoton/investors/investor-conference/webcast-replay/ ,"無","查詢"
"4919","新唐","110/02/19","13:30","線上法說會","本公司舉行109年下半年度法人說明會，將於會中就公司109年下半年度財務數字與營運概況做說明","491920210219M001.pdf","491920210219E001.pdf","https://www.nuvoton.com/about-nuvoton/investors/investor-conference/presentation-meterial/",同步收看網址：:http://wms.gridow.com/ir/nuvoton/nuvoton_2020Q4.html 法說會影音連結資訊:http://www.nuvoton.com/hq/about-nuvoton/investors/investor-conference/webcast-replay/ ,"無","查詢"
"4919","新唐","110/04/08","15:00","線上法說會","本公司受邀參加交易所與高盛證券共同舉辦之線上法人說明會，會中就新唐之業務狀況說明","491920210401M001.pdf","491920210401E001.pdf","https://www.nuvoton.com/about-nuvoton/investors/investor-conference/presentation-meterial/","","無","查詢"
"4919","新唐","110/11/05","15:00","線上法說會","本公司舉行110年第三季法人說明會，將於會中就公司110年第三季財務數字與營運概況做說明","491920211105M001.pdf","491920211105E001.pdf","https://www.nuvoton.com/about-nuvoton/investors/investor-conference/presentation-material/",同步收看網址：:http://wms.gridow.com/ir/nuvoton/nuvoton_21Q3.html 法說會影音連結資訊:https://www.nuvoton.com/about-nuvoton/investors/investor-conference/webcast-replay/ ,"無","查詢"
"4927","泰鼎-KY","110/08/20","14:00","線上法說會","本公司受邀參加元富證券所舉辦之線上法說會","492720210819M001.pdf","492720210819E001.pdf","http://www.apex-intl.com.tw/investor.php#parentHorizontalTab3","","無","查詢"
"4927","泰鼎-KY","110/05/12","14:30","線上法說會","本公司受邀參加元富證券所舉辦之法說會「2021年05月台股企業日」","492720210512M001.pdf","492720210512E001.pdf","http://www.apex-intl.com.tw/investor.php#parentHorizontalTab3","","原為實地法說會，因防疫改為線上法說會。","查詢"
"4927","泰鼎-KY","110/03/10","14:30","臺北文創:台北市信義區菸廠路88號6F","本公司受邀參加元富證券所舉辦之法說會「2021年03月台股企業日」","492720210309M001.pdf","492720210309E001.pdf","http://www.apex-intl.com.tw/investor.php#parentHorizontalTab3","","無","查詢"
"4927","泰鼎-KY","110/11/10","14:30","臺北文創:台北市信義區菸廠路88號6F","本公司受邀參加元富證券舉辦11月台股企業日。","492720211110M001.pdf","492720211110E001.pdf","http://www.apex-intl.com.tw/investor.php#parentHorizontalTab3","","無","查詢"
"4930","燦星網","110/08/30","14:00","線上法說會","本公司受邀參加元大證券舉辦之產業座談會，報告本公司營運狀況。","493020210830M001.pdf","493020210830E001.pdf","","","無。","查詢"
"4930","燦星網","110/12/14","15:00","線上法說會","本公司受邀參加元大證券舉辦之線上法說會，說明本公司財務及營運展望。","493020211213M001.pptx","493020211213E001.pptx","http://www.starcomgistic.com/Web/Investors/SM_Vue.aspx","","無","查詢"
"4934","太極","110/11/17","14:00","太極集團台北公司-台北市南港路二段97號5樓","受兆豐證券股份有限公司邀請參加  110年法人說明會","493420211117M001.pdf","493420211117E001.pdf","http://www.tainergy.com.tw",法說會影音連結資訊:未輸 ,"會議資料將於法說會後揭露於公開資訊觀測站及公司網站。","查詢"
"4935","茂林-KY","110/09/10","14:30","臺灣證券交易所1樓資訊展示中心(台北市信義路五段7號)","本公司受邀參加臺灣證券交易所舉辦之「110Q3第一上市公司線上財務業務說明會」","493520210909M001.pdf","493520210909E001.pdf","https://www.glthome.com.tw/","","無。","查詢"
"4935","茂林-KY","110/04/08","14:30","臺灣證券交易所1樓資訊展示中心(台北市信義路五段7號)","本公司受邀參加臺灣證券交易所舉辦之「110Q1第一上市公司財務業務說明會」","493520210407M002.pdf","493520210407E002.pdf","http://www.glthome.com.tw/","","無。","查詢"
"4935","茂林-KY","110/12/06","14:30","臺灣證券交易所1樓資訊展示中心(台北市信義路五段7號)","本公司受邀參加臺灣證券交易所舉辦之「110Q4第一上市公司財務業務說明會」","493520211202M001.pdf","493520211202E001.pdf","https://www.glthome.com.tw/","","無。","查詢"
"4938","和碩","110/05/18","10:00","電話會議","本公司應邀參加Jefferies與富邦證券共同舉辦之Jefferies &amp; Fubon Virtual Taiwan Corporate Day 2021電話會議，說明本公司營運概況。","493820210512M001.pdf","493820210512E001.pdf","http://www.pegatroncorp.com","","無","查詢"
"4938","和碩","110/05/20","10:00","電話會議","本公司受邀參加花旗證券舉辦之Regional Tech Conference 2021 (Virtual)電話會議，說明本公司營運概況。","493820210512M002.pdf","493820210512E002.pdf","http://www.pegatroncorp.com","","無","查詢"
"4938","和碩","110/02/03","10:00","電話會議","本公司受邀參加花旗證券舉辦之Virtual Conference電話會議，說明本公司營運概況。","493820201112M001.pdf","493820201112E001.pdf","http://www.pegatroncorp.com","","無","查詢"
"4938","和碩","110/08/27","10:00","電話會議","本公司受邀參加花旗證券舉辦之Asia TMT Day 2021電話會議，說明本公司營運概況。","493820210819M003.pdf","493820210819E003.pdf","http://www.pegatroncorp.com","","無","查詢"
"4938","和碩","110/09/07","10:00","電話會議","本公司受邀參加瑞士信貸舉辦之22nd Asian Technology Conference電話會議，說明本公司營運概況。","493820210819M002.pdf","493820210819E002.pdf","http://www.pegatroncorp.com","","無","查詢"
"4938","和碩","110/03/25","14:30","電話會議","本公司應瑞銀證券之邀參加電話會議說明本公司營運概況","493820210325M001.pdf","493820210325E001.pdf","http://www.pegatroncorp.com","","本公司將於法人說明會當日公布營運說明會資料於公開資訊觀測站及公司網站","查詢"
"4938","和碩","110/03/16","09:00","電話會議","本公司應邀參加Bank of America Merrill Lynch舉辦之2021 APAC TMT Conference","493820201112M001.pdf","493820201112E001.pdf","http://www.pegatroncorp.com","","無","查詢"
"4938","和碩","110/06/11","10:00","電話會議","本公司應邀參加Nomura舉辦之Virtual Greater China Corporate Day 電話會議，說明本公司營運概況。","493820210512M002.pdf","493820210512E002.pdf","http://www.pegatroncorp.com","","無","查詢"
"4938","和碩","110/11/23","10:00","電話會議","本公司受邀參加富邦證券舉辦之2021年第四季富邦線上投資論壇電話會議，說明本公司營運概況。","493820211111M001.pdf","493820211111E001.pdf","http://www.pegatroncorp.com","","無","查詢"
"4938","和碩","110/11/11","14:30","電話會議","本公司應花旗證券之邀參加電話會議說明本公司營運概況","493820211111M001.pdf","493820211111E001.pdf","https://www.pegatroncorp.com","","本公司將於法人說明會當日公布營運說明會資料於公開資訊觀測站及公司網站","查詢"
"4938","和碩","110/11/30 至 110/12/01","10:00","電話會議","本公司受邀參加花旗證券舉辦之Taiwan Corporate Day 2021 (Virtual)電話會議，說明本公司營運概況。","493820211111M001.pdf","493820211111E001.pdf","http://www.pegatroncorp.com","","無","查詢"
"4942","嘉彰","110/10/26","14:00","線上法人說明會","本公司受邀參加華南永昌證券舉辦之法人說明會","494220211025M001.pdf","494220211025E001.pdf","http://www.chiachang.com/ChiaGroup/investment_2in.aspx?itemID=20140407111505","","報名請洽華南永昌 李小姐 02-25456888#8967 Email:7015@entrust.com.tw","查詢"
"4943","康控-KY","110/04/09","15:30","臺灣證券交易所1樓資訊展示中心(台北市信義路五段7號)","本公司受邀參加臺灣證券交易所舉辦之110Q1第一上市公司財務業務說明會。","494320210409M001.pdf","494320210409E001.pdf","http://www.concraft.com.tw/traditional_chinese/about_us_investor_conference.html","","無。","查詢"
"4952","凌通","110/09/01","15:20","福邦證券總公司 (台北市忠孝西路一段6號7樓 B會議室)","本公司受邀參加福邦證券舉辦之法人說明會，說明110年上半年之財務及營運狀況。","495220210831M001.pdf","495220210831E001.pdf","https://www.generalplus.com/2LVlangLNw3SVt3SNinvest_r","","無","查詢"
"4956","光鋐","110/11/19","14:30","統一證券(台北市松山區東興路8號B2)","本公司受邀參加統一證券舉辦之法人說明會。","495620211119M002.pdf","495620211119E002.pdf","https://www.epileds.com.tw","","無。","查詢"
"4958","臻鼎-KY","110/01/07 至 110/01/08","09:00","電話會議","瑞信證券所舉辦之2021 Greater China 
Technology and Internet Virtual Conference","495820210104M001.pdf","495820210104E001.pdf","https://www.zdtco.com/tw","","無","查詢"
"4958","臻鼎-KY","110/03/10","14:30","臺北文創(台北市信義區菸廠路88號6F)","受邀參加元富證券所舉辦之2021年3月台股企業日","495820210309M001.pdf","495820210309E001.pdf","","","無","查詢"
"4958","臻鼎-KY","110/06/21 至 110/06/23","10:00","電話會議","PCB產業展望、公司營運績效及Q&amp;A。","495820210618M001.pdf","495820210618E001.pdf","https://www.zdtco.com/tw/investor/regulation","","法人說明會之時間:10時00分~16時50分 (台灣時間)","查詢"
"4958","臻鼎-KY","110/03/16 至 110/03/18","14:00","電話會議","PCB產業展望、公司營運績效及Q&amp;A","495820200108M001.pdf","495820200108E001.pdf","https://www.zdtco.com","","無","查詢"
"4958","臻鼎-KY","110/03/16 至 110/03/18","14:00","電話會議","PCB產業展望、公司營運績效及Q&amp;A","495820210309M001.pdf","495820210309E001.pdf","https://www.zdtco.com/tw/","","無","查詢"
"4958","臻鼎-KY","110/04/07","09:30","線上會議","ICA專顧資本與證券櫃台買賣中心所合辦
之2021探索台股主題論壇","495820210331M001.pdf","495820210331E001.pdf","https://www.zdtco.com","","無","查詢"
"4958","臻鼎-KY","110/04/08","11:00","線上會議","高盛證券與臺灣證券交易所所合辦
之 Virtual Taiwan Corporate Day","495820210331M001.pdf","495820210331E001.pdf","https://www.zdtco.com","","無","查詢"
"4958","臻鼎-KY","110/04/01","16:00","電話會議","PCB產業展望、公司營運績效及Q&amp;A","495820210331M001.pdf","495820210331E001.pdf","https://www.zdtco.com","","無","查詢"
"4958","臻鼎-KY","110/09/02","14:00","線上會議","受邀參加富邦證券所舉辦之2021年投資論壇","495820210901M001.pdf","495820210901E001.pdf","https://www.zdtco.com/tw/investor/events","","請至公開資訊觀測站或公司網站查閱法人說明會相關資訊。","查詢"
"4958","臻鼎-KY","110/09/03","09:30","線上座談會","PCB產業展望、公司營運績效及Q&amp;A","495820210902M002.pdf","495820210902E002.pdf","https://www.zdtco.com/tw/investor/events","","請至公開資訊觀測站或公司網站查閱法人說明會相關資訊。","查詢"
"4958","臻鼎-KY","110/09/07","10:00","線上座談會","PCB產業展望、公司營運績效及Q&amp;A。","495820210902M004.pdf","495820210902E004.pdf","https://www.zdtco.com/tw/investor/events","","請至公開資訊觀測站或公司網站查閱法人說明會相關資訊。","查詢"
"4958","臻鼎-KY","110/11/16 至 110/11/17","09:00","線上法說會","PCB產業展望、公司營運績效及Q&amp;A。","495820211115M001.pdf","495820211115E001.pdf","https://www.zdtco.com/tw/investor/events","","請至公開資訊觀測站或公司網站查閱法人說明會相關資訊。","查詢"
"4958","臻鼎-KY","110/10/07 至 110/10/08","09:00","線上法說會","PCB產業展望、公司營運績效及Q&amp;A","495820211005M001.pdf","495820211005E001.pdf","https://www.zdtco.com/tw/investor/events","","無","查詢"
"4958","臻鼎-KY","110/11/12","14:00","線上法說會","PCB產業展望、公司營運績效及Q&amp;A","495820211111M001.pdf","495820211111E001.pdf","https://www.zdtco.com/tw/investor","","無","查詢"
"4958","臻鼎-KY","110/12/02","10:00","W Hotel Taipei(台北市信義區忠孝東路5段10號)","PCB產業展望、公司營運績效及Q&amp;A。","495820211201M001.pdf","495820211201E001.pdf","https://www.zdtco.com/tw/investor","","請至公開資訊觀測站或公司網站查閱法人說明會相關資訊。","查詢"
"4958","臻鼎-KY","110/12/14","14:30","線上法說會","PCB產業展望、公司營運績效及Q&amp;A。","495820211213M001.pdf","495820211213E001.pdf","https://www.zdtco.com/tw/investor","","請至公開資訊觀測站或公司網站查閱法人說明會相關資訊。","查詢"
"4960","誠美材","110/05/10","14:30","台北晶華酒店 4 樓 
台北市中山北路二段 39 巷 3 號 4 樓
(4樓 Room 1 會議廳)","本公司受邀參加中國信託綜合證券舉辦之法人說明會，
會中將說明本公司營運成果及未來展望。","496020210510M001.pdf","496020210510E001.pdf","www.cmmt.com.tw","","無","查詢"
"4960","誠美材","110/12/10","15:00","台北晶華酒店4樓會議廳
(台北市中山北路二段39巷3號4樓)","本公司受邀參加中國信託綜合證券舉辦之法人說明會， 會中將說明本公司營運成果及未來展望。","496020211210M001.pdf","496020211210E001.pdf","www.cmmt.com.tw","","無","查詢"
"4961","天鈺","110/09/15","14:00","線上會議。","本公司受邀參加台新證券舉辦之「台新2021年9月台股企業日」。","496120210915M001.pdf","496120210915E001.pdf","http://www.fitipower.com","","無。","查詢"
"4961","天鈺","110/08/11","15:45","臺北文創(台北市信義區菸廠路88號6F)實體及線上同時舉行。","受邀參加元富證券所舉辦之法說會「2021年8月台股企業日」，將就110年第2季營運績效等相關資訊作說明。","496120210811M001.pdf","496120210811E001.pdf","http://www.fitipower.com","","新冠肺炎疫情因素，與會者請全程配戴口罩。","查詢"
"4961","天鈺","110/05/19","15:00","線上法人說明會","本公司受邀參加 統一證券舉辦之下半年度展望線上論壇，將就110年第1季營運績效等相關資訊作說明","496120210519M001.pdf","496120210519E001.pdf","http://www.fitipower.com","","報名請洽統一證券法人部","查詢"
"4961","天鈺","110/09/29","13:30","線上會議。","本公司受邀參加國泰證券舉辦之「Taiwan Semiconductor Virtual Conference」。","496120210929M001.pdf","496120210929E001.pdf","http://www.fitipower.com","","無。","查詢"
"4961","天鈺","110/06/10","15:30","線上法人說明會","公告本公司110年06月10日受邀參加國泰證券舉辦之「國泰證券第二季產業論壇」，會中就本公司之財務業務相關資訊說明","496120210610M001.pdf","496120210610E001.pdf","http://www.fitipower.com","","無","查詢"
"4961","天鈺","110/09/02","15:00","線上會議。","本公司受邀參加富邦證券舉辦之「2021年第三季富邦投資論壇」。","496120210902M001.pdf","496120210902E001.pdf","http://www.fitipower.com","","無。","查詢"
"4961","天鈺","110/06/21","15:00","線上會議。","本公司受邀參加UBS舉辦之「UBS Taiwan Virtual Conference 2021」。","496120210621M001.pdf","496120210621E001.pdf","http://www.fitipower.com","","無。","查詢"
"4961","天鈺","110/12/02","15:15","台北W飯店(台北市忠孝東路五段10號)。","本公司受邀參加統一證券舉辦之「2022虎虎生風投資展望座談會」，會中就本公司11/16法說會已公開之財務數字、經營績效等相關資訊進行說明。","496120211202M001.pdf","496120211202E001.pdf","https://www.fitipower.com/investment.asp?id=12","","無。","查詢"
"4961","天鈺","110/12/10","10:00","線上機構投資人說明會","本公司受邀參加美銀證券舉辦之「Asia Semi Sector Virtual Event」，會中就本公司11/16法說會已公開之財務數字、經營績效等相關資訊進行說明。","496120211209M001.pdf","496120211209E001.pdf","https://www.fitipower.com/investment.asp?id=12","","無。","查詢"
"4961","天鈺","110/09/06 至 110/09/09","14:00","線上會議。","本公司受邀參加Credit Suisse舉辦之「22nd Credit Suisse Asian Technology Conference」。","496120210906M001.pdf","496120210906E001.pdf","http://www.fitipower.com","","無。","查詢"
"4961","天鈺","110/03/10","15:45","臺北文創(台北市信義區菸廠路88號6F)","本公司受邀參加元富證券所舉辦之法說會「2021年3月台股企業日」","496120210310M002.pdf","496120210310E002.pdf","http://www.fitipower.com","","新冠肺炎疫情因素，與會者請全程配戴口罩。","查詢"
"4961","天鈺","110/11/16","14:00","線上法說會。","本公司受邀參加元大證券舉辦之線上法說會，報告本公司第三季財報及營運狀況。","496120211116M002.pdf","496120211116E002.pdf","http://www.fitipower.com","","無。","查詢"
"4967","十銓","110/05/07","15:00","兆豐證券總公司","本公司受邀參加兆豐證券主辦之線上法人說明會， 說明公司營運概況及未來展望。","496720210507M001.pdf","496720210507E001.pdf","https://www.teamgroupinc.com/tw/about/profile.php","","無","查詢"
"4968","立積","110/05/04","14:30","網路直播","立積電子(4968) 2021年第一季線上法人說明會。 法說會將於14:30進行網路直播，請連結至以下網址http://www.zucast.com/webcast/DhbY7WJt 建議參與者於法說會前安裝或升級所需播放軟體，或至http://www.zucast.com/hlep 尋求技術支援。","496820210504M001.pdf","496820210504E001.pdf","http://www.richwave.com.tw/zh/invest_sharholder_conference.aspx",同步收看網址：:http://www.zucast.com/webcast/DhbY7WJt 法說會影音連結資訊:http://www.zucast.com/webcast/DhbY7WJt ,"因考量新型冠狀病毒疫情，法說會改為網路直播進行。","查詢"
"4968","立積","110/08/05","15:30","網路直播","立積電子(4968) 2021年第二季線上法人說明會。 法說會將於15:30進行網路直播，請連結至以下網址http://www.zucast.com/webcast/b83bZijo 建議參與者於法說會前安裝或升級所需播放軟體，或至http://www.zucast.com/hlep 尋求技術支援。","496820210805M001.pdf","496820210805E001.pdf","http://www.richwave.com.tw/zh/invest_sharholder_conference.aspx",同步收看網址：:http://www.zucast.com/webcast/b83bZijo 法說會影音連結資訊:http://www.zucast.com/webcast/b83bZijo ,"因考量新型冠狀病毒疫情，法說會改為網路直播進行。","查詢"
"4968","立積","110/04/13","16:00","電話會議","本公司受邀參加摩根士丹利主辦之【China Semi Localization Virtual Bus Tour】，說明本公司之營運概況、財務及業務相關資訊。","496820210226M001.pdf","496820210226E001.pdf","http://www.richwave.com.tw/zh/invest_sharholder_conference.aspx","","無","查詢"
"4968","立積","110/03/10","14:00","線上法人說明會","本公司受邀參加110年3月10 日由永豐金證券主辦之【2021 Q1產業投資線上論壇】，說明本公司之營運概況、財務及業務相關資訊。","496820210226M001.pdf","496820210226E001.pdf","http://www.richwave.com.tw/zh/invest_sharholder_conference.aspx","","無","查詢"
"4968","立積","110/03/19","09:40","張榮發基金會國際會議中心","本公司受邀參加110年3月19 日由凱基證券主辦之2021年第一季投資論壇，說明本公司之營運概況、財務及業務相關資訊。","496820210226M001.pdf","496820210226E001.pdf","http://www.richwave.com.tw/zh/invest_sharholder_conference.aspx","","無","查詢"
"4968","立積","110/03/23","10:30","台北W飯店","本公司受邀參加110年3月23 日由統一證券主辦之牛轉乾坤展望論壇，說明本公司之營運概況、財務及業務相關資訊。","496820210226M001.pdf","496820210226E001.pdf","http://www.richwave.com.tw/zh/invest_sharholder_conference.aspx","","簡報檔請至公司投資人活動相關訊息或公開資訊觀測站查詢","查詢"
"4968","立積","110/03/23 至 110/03/24","09:00","電話會議","本公司受邀參加美銀證券主辦之【2021 APAC TMT Conference】，說明本公司之營運概況、財務及業務相關資訊。","496820210226M001.pdf","496820210226E001.pdf","http://www.richwave.com.tw/zh/invest_sharholder_conference.aspx","","無","查詢"
"4968","立積","110/02/26","14:30","網路直播","立積電子(4968) 2020年第四季線上法人說明會。 法說會將於14:30進行網路直播，請連結至以下網址http://www.zucast.com/webcast/f2K4TjaK 建議參與者於法說會前安裝或升級所需播放軟體，或至http://www.zucast.com/hlep 尋求技術支援。","496820210226M001.pdf","496820210226E001.pdf","http://www.richwave.com.tw/zh/invest_sharholder_conference.aspx",同步收看網址：:http://www.zucast.com/webcast/f2K4TjaK 法說會影音連結資訊:http://www.zucast.com/webcast/f2K4TjaK ,"因考量新型冠狀病毒疫情，法說會改為網路直播進行。","查詢"
"4968","立積","110/10/28","15:30","網路直播","立積電子(4968) 2021年第三季線上法人說明會。","496820211028M001.pdf","496820211028E001.pdf","https://www.richwave.com.tw/zh/invest_sharholder_conference.aspx",同步收看網址：:http://www.zucast.com/webcast/bTl0xHsh 法說會影音連結資訊:http://www.zucast.com/webcast/bTl0xHsh ,"因考量新型冠狀病毒疫情，法說會改為網路直播進行。","查詢"
"4968","立積","110/12/17","13:30","台北君悅酒店(台北市信義區松壽路2號)","本公司於110年12月17日舉辦2021年立積電子技術高峰會，會中將針對本公司產品及技術之布局及未來展望等相關資訊做說明。
另全程有實況轉播，線上直播報名網址: https://gisgroup2.webex.com/gisgroup2-tc/j.php?RGID=r3d30441815e2af2a58c09a3263054105","496820211217M002.pdf","496820211217E002.pdf","https://www.richwave.com.tw/zh/invest_sharholder_conference.aspx",同步收看網址：:https://gisgroup2.webex.com/gisgroup2-tc/j.php?RGID=r3d30441815e2af2a58c09a3263054105 法說會影音連結資訊:https://youtu.be/xQ-NGuZ-564 影音連結網址(英文版):https://youtu.be/HTepDCsKgXc ,"配合防疫規定現場來賓採邀請制請洽本公司。會議資料將於會後揭露於公開資訊觀測站。","查詢"
"4976","佳凌","110/08/26","15:40","線上法說會","本公司受邀參加證交所舉辦之2021年「汽車供應鏈」主題式業績發表會，說明2021年第二季的營運概況。","497620210825M001.pdf","497620210825E001.pdf","http://www.calin.com.tw/fin.php?m=explain&amp;year=110&amp;button=%E6%90%9C+%E5%B0%8B",同步收看網址：:https://webpro.twse.com.tw/webportal/vod/101/?categoryId=101 法說會影音連結資訊:https://webpro.twse.com.tw/webportal/vod/101/?categoryId=101 ,"無","查詢"
"4977","眾達-KY","110/12/08","14:30","台北市信義路五段7號1樓(台灣證券交易所1F資訊展示中心)","本公司受邀參加臺灣證券交易所舉辦之第一上市公司財務業務說明會，說明本公司財務營運概況。","497720211207M001.pdf","497720211207E001.pdf","",同步收看網址：:https://webpro.twse.com.tw ,"無。","查詢"
"4989","榮科","110/11/26","11:00","寒舍艾美酒店(台北市信義區松仁路38號2樓河鼓廳)","本公司受邀參加元大證券舉辦之「元大證券2022年投資論壇」，會中就本公司之營運狀況作報告","498920211126M001.pdf","498920211126E001.pdf","http://www.lcyt.com.tw/tc/earnings_conference.php","","簡報檔將於法說會前一日揭露於公開資訊觀測站及本公司網站。","查詢"
"4994","傳奇","110/06/25","16:00","臺灣證券交易所1F資訊展示中心(台北市信義路五段7號)","簡報營運概況","499420210624M001.pdf","499420210624E001.pdf","http://www.x-legend.tw/03financials/financials_16.php",同步收看網址：:https://webpro.twse.com.tw 法說會影音連結資訊:https://webpro.twse.com.tw/WebPortal/vod/101/D1063CF5F1A1-EAE80AE0-D58E-11EB-9085/?categoryId=101 ,"因應防疫升級，目前不開放現場參與，建議可透過網路轉播同步收看。","查詢"
"4994","傳奇","110/12/16","14:30","臺灣證券交易所1F資訊展示中心(台北市信義路五段7號)","簡報營運概況","499420211214M001.pdf","499420211214E001.pdf","http://www.x-legend.tw/03financials/financials_16.php",法說會影音連結資訊:https://webpro.twse.com.tw/webportal/vod/101/4BD2D13C59D8-526C1C53-5E3F-11EC-AC2A/?categoryId=101 ,"無","查詢"
"4999","鑫禾","110/11/18","14:30","台北兆豐證券大樓(台北市忠孝東路二段95號13樓)","本公司受邀參加兆豐證券舉辦之法人說明會","499920211117M002.pdf","499920211117E002.pdf","http://www.sinher.com.tw/tw/8?nid=27","","無","查詢"
"5007","三星","110/11/18","15:00","線上法說會","本公司受邀參加元富證券舉辦之線上法人說明會，說明產業發展及公司經營現況。","500720211117M001.pdf","500720211117E001.pdf","http://www.sanshing.com.tw/investor5.html","","無","查詢"
"5203","訊連","110/04/27","14:30","線上法人說明會","訊連科技(5203)宣佈將於4月27日舉行線上法人
說明會，屆時將於會中報告110年第一季度經營成果，敬邀各界蒞臨參加，
詳細活動流程如下：

時間	          活動流程
2:30PM ~ 3:15PM	  說明會簡報
3:15PM ~ 3:30PM	  Q &amp; A

本次法人說明會將使用整合線上簡報、螢幕分享、支援強大直播及預錄功能的「U簡報」
進行直播。投資人可透過電腦、平板及手機參與「U簡報」，PC使用者可使用Chrome
瀏覽器開啟下列連結參與本場直播；手機或平板使用者請先下載並安裝「U」App
即可加入該直播。

線上直播網址: https://u.cyberlink.com/live/925438319699953926","520320210427M001.pdf","520320210427E001.pdf","http://tw.cyberlink.com/prog/company/ir-index.do",法說會影音連結資訊:https://tw.cyberlink.com/prog/company/ir-investors-conference.jsp ,"無","查詢"
"5203","訊連","110/02/24","14:30","線上法人說明會","訊連科技(5203)宣佈將於2月24日舉行線上法人
說明會，屆時將於會中報告109年全年度經營成果，敬邀各界蒞臨參加，
詳細活動流程如下：
                                                              
時間	          活動流程
2:30PM ~ 3:15PM	  說明會簡報
3:15PM ~ 3:30PM	  Q &amp; A

本次法人說明會將使用整合線上簡報、螢幕分享、支援強大直播及預錄功能的「U簡報」
進行直播。投資人可透過電腦、平板及手機參與「U簡報」，PC使用者可使用Chrome
瀏覽器開啟下列連結參與本場直播；手機或平板使用者請先下載並安裝「U」App
即可加入該直播。

線上直播網址: https://u.cyberlink.com/live/899040876343331722","520320210224M001.pdf","520320210224E001.pdf","http://tw.cyberlink.com/prog/company/ir-index.do",法說會影音連結資訊:https://tw.cyberlink.com/prog/company/ir-investors-conference.jsp ,"無","查詢"
"5203","訊連","110/10/27","14:30","線上法人說明會","訊連科技(5203)宣佈將於10月27日舉行線上法人說明會，屆時將於會中報告110年第三季度經營成果，敬邀各界蒞臨參加，詳細資料如下： 
時間：110年10月27日(三) 下午2:30
活動流程 2:30PM ~ 3:15PM 說明會簡報 
3:15PM ~ 3:30PM Q &amp; A 
本次法人說明會將使用整合線上簡報、螢幕分享、支援強大直播及預錄功能的「U簡報」進行同步直播。投資人可透過電腦、平板及手機參與「U簡報」，PC使用者可使用Chrome瀏覽器開啟下列連結參與本場直播；手機或平板使用者請先下載並安裝「U」App即可加入該直播。 

線上直播網址: 
https://u.cyberlink.com/web/register/987070766480624095","520320211027M001.pdf","520320211027E001.pdf","https://tw.cyberlink.com/prog/company/ir-index.do",:未輸 法說會影音連結資訊:https://u.cyberlink.com/live/997305455044724589 ,"無","查詢"
"5203","訊連","110/07/27","14:30","線上法人說明會","訊連科技(5203)宣佈將於7月27日舉行線上法人
說明會，屆時將於會中報告110年第二季度經營成果，敬邀各界蒞臨參加，
詳細活動流程如下：                                                              
時間	          活動流程
2:30PM ~ 3:15PM	  說明會簡報
3:15PM ~ 3:30PM	  Q &amp; A

本次法人說明會將使用整合線上簡報、螢幕分享、支援強大直播及預錄功能的「U簡報」
進行直播。投資人可透過電腦、平板及手機參與「U簡報」，PC使用者可使用Chrome
瀏覽器開啟下列連結參與本場直播；手機或平板使用者請先下載並安裝「U」App
即可加入該直播。

線上直播網址: https://u.cyberlink.com/live/958491853060048609","520320210727M001.pdf","520320210727E001.pdf","http://tw.cyberlink.com/prog/company/ir-index.do",法說會影音連結資訊:https://u.cyberlink.com/live/958491853060048609 ,"無","查詢"
"5215","科嘉-KY","110/12/02","15:30","台北市信義路五段7號1樓(台灣證券交易所1F資訊展示中心)","本公司受邀參加臺灣證券交易所舉辦之第一上市公司線上財務業務說明會，說明本公司財務營運概況。","521520211201M002.pptx","521520211201E002.pptx","www.koja.com.tw","","完整財務業務資訊請至公開資訊觀測站之法人說明會一覽表或法說會項目下查閱。","查詢"
"5222","全訊","110/09/22","14:30","線上直播方式舉辦上市前業績發表會","(1)因受新冠肺炎影響，本次業績發表會改以線上直播呈現，敬邀 貴單位觀看。
(2)直播作業敬請至YOUTUBE搜尋【全訊科技股份有限公司上市前業績發表會】 https://www.youtube.com/watch?v=vmoa6fzhJos 即可觀看，QA提問請MAIL至 5222@transcominc.com.tw。
(3)本次業績發表會將由本公司經營團隊說明產業發展、財務業務狀況、未來風險、臺灣證券交易所股份有限公司董事會暨上市審議委員會要求補充揭露事項。","522220210921M001.pdf","522220210921E001.pdf","http://www.transcominc.com.tw/Chinese/investorRelations_detail.php?arg=DMV4yhMvitEhTins4g","","無","查詢"
"5222","全訊","110/11/17","14:00","臺灣證券交易所一樓資訊展示中心(台北市信義區信義路五段7號1樓)","公司簡介、所屬產業概況、營運成果及未來展望說明。","522220211117M001.pdf","522220211117E001.pdf","http://www.transcominc.com.tw/Chinese/investorRelations_detail.php?arg=DMV4yhMvitEhTins4g",法說會影音連結資訊:https://webpro.twse.com.tw/webportal/vod/101/1BA00471D40D-1199E760-4774-11EC-BECC/?categoryId=101 ,"無","查詢"
"5225","東科-KY","110/12/16","14:00","https://yuantasec.webex.com/","說明本公司財務及營運概況","522520211216M001.pdf","522520211216E001.pdf","https://eastech.com",中文影音檔網址:5225_18_20211216_ch.mp4 ,"相關訊息請洽公司發言人  E-mail:ir@eastech.com；電話：+886-2-8911-3535","查詢"
"5234","達興材料","110/12/15","16:00","台灣證券交易所資訊展示中心(台北市信義路5段7號1樓)","財務業務概況及未來展望","523420211214M001.pdf","523420211214E001.pdf","https://www.daxinmat.com/?sn=825&amp;lang=zh-TW",法說會影音連結資訊:https://webpro.twse.com.tw/webportal/vod/101/4BD2D13C59D8-35F1F4E2-5D87-11EC-AC2A/?categoryId=101 ,"15:30報到，16:00會議開始","查詢"
"5243","乙盛-KY","110/11/12","14:30","康和綜合證券總公司B2樓會議室 台北市信義區基隆路一段176號B2","公司簡介及營運狀況說明","524320211111M001.pdf","524320211111E001.pdf","http://www.eson.com.cn/investments-list.php?id=b-f&amp;lang=tw","","無","查詢"
"5244","弘凱","110/12/22","14:30","台北君悅酒店3樓凱悅廳I區(地址：台北市信義區松壽路2號)","(1)本公司依「有價證券初次上市前業績發表會實施要點」規定，辦理股票初次上市前業績發表會。 
(2)本次業績發表會將由本公司經營團隊說明公司產業發展、財務業務狀況、營運風險及未來展望。 
(3)因考量防疫措施之場地與人數限制，現場開放參加之名額有限，欲現場參與本次業績發表會之貴賓，敬請事先報名，若無法成功報名者，可於線上觀看同步直播。 
(4)欲現場參加者，事先報名網址: https://www.honsec.com.tw/eDIgitalDir/conference/regist.asp?id=134 
(5)線上觀看者，敬請於召開時間至YOUTUBE-搜尋【弘凱光電上市前業績發表會】即可觀看，線上若有需詢問問題提問請MAIL至IR@brightek.com","524420211221M001.pdf","524420211221E001.pdf","https://www.brightek.com/investor_xx_legal_st.aspx","","因應防疫要求，與會者須全程配戴口罩並遵守防疫相關規定。","查詢"
"5258","虹堡","110/08/20","14:30","線上法說會","本公司受邀參加台新證券舉辦之法人說明會，說明本公司近期營運成果與未來展望","525820210820M001.pdf","525820210820E001.pdf","https://www.castlestech.com/zh-hant/20161122-2/","","無","查詢"
"5258","虹堡","110/12/14","14:30","台北市中山區建國北路一段96號12樓(台証金融大樓首爾會議室)","本公司受邀參加台新證券舉辦之法人說明會","525820211214M001.pdf","525820211214E001.pdf","https://www.castlestech.com/zh-hant/20161122-2/","","無","查詢"
"5269","祥碩","110/05/13","14:30","線上法說會","本公司營運現況之相關資訊說明","526920210513M001.pdf","526920210513E001.pdf","https://www.asmedia.com.tw",中文影音檔網址:5269_14_20210513_ch.mp3 ,"無","查詢"
"5269","祥碩","110/09/28","10:20","線上法說會(台灣)","本公司受邀參加由臺灣證券交易所及寬量國際共同主辦之線上法說會「10th Taiwan CEO Week on Air」，說明本公司之營運概況、財務及業務相關資訊。","526920210927M001.pdf","526920210927E001.pdf","https://www.asmedia.com.tw","","無","查詢"
"5283","禾聯碩","110/09/30","14:30","線上法說會","本公司受邀參加第一金證券舉辦之線上法人說明會，進行公司簡介及營運狀況說明","528320210928M001.pdf","528320210928E001.pdf","https://www.heran.com.tw/%e6%8a%95%e8%b3%87%e4%ba%ba%e5%b0%88%e5%8d%80/sample-page/","","報名網址 : https://www.surveycake.com/s/7OpaZ","查詢"
"5284","jpp-KY","110/11/03","14:30","線上說明會","參加德信證券邀請之線上座談","528420211102M001.pptx","528420211102E001.pptx","http://www.jppholding.com/5-2-5.html","","無","查詢"
"5285","界霖","110/08/31","14:00","線上法說會","本公司受邀參加匯豐證券舉辦線上「HSBC Taiwan Executive Forum 2021」，向法人投資者說明本公司財務資訊及展望。","528520210827M001.pdf","528520210827E001.pdf","http://www.jihlin.com.tw/investor.php?cid=30","","無","查詢"
"5285","界霖","110/12/14","14:00","線上法說會","本公司受邀參加凱基證券所舉辦之線上法人說明會","528520211213M001.pdf","528520211213E001.pdf","http://www.jihlin.com.tw/investor.php?cid=30","","無","查詢"
"5288","豐祥-KY","110/09/29","14:00","WebEx線上會議","本公司受邀參加富邦證券舉辦之線上法人說明會。","528820210929M001.pdf","528820210929E001.pdf","http://www.eurocharm.com.tw/","","NA","查詢"
"5288","豐祥-KY","110/03/29","12:00","台北市民生東路四段54號4樓 (大會議室)","本公司受邀參加華南永昌證券舉辦之法人說明會","528820210326M001.pdf","528820210326E001.pdf","http://www.eurocharm.com.tw/","","NA","查詢"
"5288","豐祥-KY","110/06/10","14:15","線上法說會(電話會議)","本公司受邀參加元大金控2021線上亞洲投資創富論壇","528820210610M001.pdf","528820210610E001.pdf","http://www.eurocharm.com.tw/","","NA","查詢"
"5288","豐祥-KY","110/06/11","14:00","線上法說會(電話會議)","本公司受邀參加日盛證券舉辦之線上法說會","528820210610M001.pdf","528820210610E001.pdf","http://www.eurocharm.com.tw/","","NA","查詢"
"5288","豐祥-KY","110/12/28","14:30","台北市重慶南路一段2號19樓","本公司受邀參加永豐金證券舉辦之法人說明會","528820211228M001.ppt","528820211228E001.ppt","http://www.eurocharm.com.tw/","","無。","查詢"
"5306","桂盟","110/05/12","14:00","線上法說會","本公司受邀參加富邦證券舉辦法人座談會","530620210510M001.pdf","530620210510E001.pdf","","","原為實地法說會，因故改為線上法說會。","查詢"
"5306","桂盟","110/05/12","14:30","台北市忠孝東路四段295號","本公司受邀參加富邦證券舉辦法人座談會","530620210510M001.pdf","530620210510E001.pdf","","","防疫期間，敬請遵守主辦單位各項防疫措施。","查詢"
"5306","桂盟","110/08/11","14:30","線上法說會","本公司受邀參加元富證券舉辦，「2021年8月台股企業日」活動。","530620210510M001.pdf","530620210510E001.pdf","","","無。","查詢"
"5306","桂盟","110/06/03","11:00","線上會議","本公司受邀參加CLST Taiwan Access Day 活動","530620210510M001.pdf","530620210510E001.pdf","","","無","查詢"
"5306","桂盟","110/04/07","09:30","線上法說會","本公司於民國110年4月7日參加ICA專顧資本與證券櫃檯買賣中心合辦之探索台股主題論壇Taiwan Stock Market Discovery Forum 2021，說明本公司財務及業務相關資訊。","530620210406M001.pdf","530620210406E001.pdf","","","無","查詢"
"5306","桂盟","110/03/17","10:00","線上法說會","本公司受邀參加2021第一季 元大證券投資產業論壇","530620210316M001.pdf","530620210316E001.pdf","","","無","查詢"
"5306","桂盟","110/03/25","09:00","線上法說會","本公司受邀參加2021美林證券Taiwan Non-Tech Day 活動","530620210324M001.pdf","530620210324E001.pdf","","","無","查詢"
"5306","桂盟","110/05/26","09:00","線上法說會","本公司受邀參加CLSA舉辦之17th CITIC CLSA Japan Forum 2021，說明本公司之營運概況","530620210510M001.pdf","530620210510E001.pdf","","","無","查詢"
"5306","桂盟","110/05/25","14:00","線上法說會","本公司受邀元大證券邀請，參加法人線上會議","530620210510M001.pdf","530620210510E001.pdf","","","無","查詢"
"5306","桂盟","110/06/11","10:30","線上法說會(電話會議)","本公司受邀參加日盛證券舉辦之線上法人說明會(電話會議)，於會中就已公開發佈之財務數字、經營績效等相關資訊做說明。","530620210510M001.pdf","530620210510E001.pdf","","","無","查詢"
"5306","桂盟","110/06/09","09:30","線上法說會","本公司受元大金控邀請，參加其舉辦之「2021元大金控線上亞洲投資創富論壇」，於會中就已公開發佈之財務數字、經營績效等相關資訊做說明。","530620210510M001.pdf","530620210510E001.pdf","","","無","查詢"
"5306","桂盟","110/06/22","09:00","線上法說會","本公司受邀參加瑞銀證券 UBS Taiwan Virtual Conference 2021活動","530620210510M001.pdf","530620210510E001.pdf","","","無","查詢"
"5306","桂盟","110/08/17","14:00","線上法說會","本公司受邀參加統一證券2021投資展望論壇","530620210816M001.pdf","530620210816E001.pdf","","","無","查詢"
"5306","桂盟","110/09/17","09:40","線上法說會","本公司受邀參加凱基證券2021年第三季KGI線上投資論壇","530620210816M001.pdf","530620210816E001.pdf","","","無","查詢"
"5306","桂盟","110/10/22","16:00","線上法說會","本公司受邀參加，櫃買中心與永豐金證券合辦之線上引資論壇 [SinoPac x TPEx Pre2022 Checklist Forum]","530620210816M001.pdf","530620210816E001.pdf","","","無","查詢"
"5306","桂盟","110/09/01","10:30","線上會議","本公司受邀參加ICA專顧資本與證券櫃檯買賣中心合辦之探索台股主題論壇","530620210816M001.pdf","530620210816E001.pdf","","","無。","查詢"
"5306","桂盟","110/09/03","10:00","線上會議","本公司受邀參加匯豐證券舉辦之HSBC Taiwan Executive Fourum活動","530620210816M001.pdf","530620210816E001.pdf","","","無","查詢"
"5306","桂盟","110/06/29","09:30","線上法說會","本公司受邀參加由ICA(專顧資本)舉辦Asia Pacific Opportunities Summit 2021 活動","530620210510M001.pdf","530620210510E001.pdf","","","無","查詢"
"5306","桂盟","110/07/09","14:00","線上法說會","本公司受邀參加富邦證券舉辦法人線上座談會","530620210510M001.pdf","530620210510E001.pdf","","","無","查詢"
"5306","桂盟","110/12/02","10:00","台北艾美寒舍酒店(台北市松仁路38號)","本公司受邀參加永豐金證券第四季產業投資論壇","530620211122M001.pdf","530620211122E001.pdf","","","無。","查詢"
"5306","桂盟","110/11/23","14:30","線上法說會","本公司受邀參加美林證券舉辦Taiwan Bicycle Corp Day 活動","530620211122M001.pdf","530620211122E001.pdf","","","無","查詢"
"5306","桂盟","110/12/15","14:00","凱基證券(台北市明水路700號)","本公司受邀參加凱基證券舉辦法人座談會。","530620211122M001.pdf","530620211122E001.pdf","","","敬請遵守主辦單位各項防疫措施。","查詢"
"5388","中磊","110/08/11","14:30","線上法人說明會","公布本公司2021年第二季營運成果及市場展望","538820210811M001.pdf","538820210811E001.pdf","http://www.sercomm.com",同步收看網址：:http://www.zucast.com/webcast/eKKNIW66 法說會影音連結資訊:https://webpro.twse.com.tw/WebPortal/vod/101/2DD1096271A4-EDE69E7A-FA7A-11EB-B853/?categoryId=101 ,"無","查詢"
"5388","中磊","110/05/21","09:00","線上法人說明會","本公司受邀參加花旗證券舉辦之線上投資論壇 (Citi Regional Tech Conference 2021)","538820210519M001.pdf","538820210519E001.pdf","http://www.sercomm.com","","無","查詢"
"5388","中磊","110/03/24","14:30","台北遠東國際大飯店 (台北市敦化南路二段201號2F)","公布本公司2020年第四季營運成果及市場展望","538820210324M001.pdf","538820210324E001.pdf","http://www.sercomm.com",法說會影音連結資訊:https://webpro.twse.com.tw/webportal/vod/101/2B12484501D3-36BC3E94-8C79-11EB-AB21/?categoryId=101 ,"無","查詢"
"5388","中磊","110/03/15","09:00","線上法人說明會","本公司受邀參加美林證券舉辦之「2021 Asia Pacific TMT Virtual Conference」線上投資論壇","538820210310M001.pdf","538820210310E001.pdf","http://www.sercomm.com","","無","查詢"
"5388","中磊","110/03/17","10:00","線上法人說明會","本公司受邀參加元大證券舉辦之2021年線上投資展望說明會","538820210310M002.pdf","538820210310E002.pdf","http://www.sercomm.com","","無","查詢"
"5434","崇越","110/05/13","14:00","福邦證券總公司(台北市忠孝西路一段6號7樓 B會議室)","受邀參加福邦證券舉辦之法人說明會，就本公司已公開之財務業務資訊作說明。","543420210512M001.pdf","543420210512E001.pdf","https://www.topco-global.com/investor-conference/","","無","查詢"
"5434","崇越","110/12/06","14:30","福邦證券總公司(台北市忠孝西路一段6號7樓)","受邀參加福邦證券舉辦之法人說明會，就本公司已公開之財務業務資訊作說明。","543420211206M001.pdf","543420211206E001.pdf","https://www.topco-global.com/investor-conference/","","無","查詢"
"5469","瀚宇博","110/11/11","14:30","線上法人說明會","110年第3季公司營運成果及未來營運展望","546920211111M001.pdf","546920211111E001.pdf","http://tw.hannstarboard.com/corporate-briefing/",法說會影音連結資訊:http://tw.hannstarboard.com/corporate-briefing/ ,"本次法人說明會將與精成科技(股)公司聯合召開。","查詢"
"5471","松翰","110/05/14","14:30","線上法說會","本公司受邀參加富邦證券舉辦之線上法人座談會，報告本公司第一季營運狀況。","547120210513M001.pdf","547120210513E001.pdf","http://www.sonix.com.tw/article-tw-181-6645","","無","查詢"
"5471","松翰","110/09/14","15:45","線上法說會","本公司受邀參加元富證券所舉辦之法說會「2021年9月台股企業日」","547120210915M001.pdf","547120210915E001.pdf","https://www.sonix.com.tw/article-tw-181-6645","","無","查詢"
"5471","松翰","110/03/10","15:45","台北文創(台北市信義區菸廠路88號6樓會議室)","本公司受邀參加元富證券舉辦之3月台股企業日，報告本公司營運狀況。","547120210309M001.pdf","547120210309E001.pdf","http://www.sonix.com.tw/article-tw-181-6645","","無","查詢"
"5471","松翰","110/04/07","15:30","宏遠證券7樓會議室","本公司受邀參加宏遠證券舉辦之2021年台股半導體相關產業投資論壇，報告本公司營運狀況。","547120210406M001.pdf","547120210406E001.pdf","http://www.sonix.com.tw/article-tw-181-6645","","無","查詢"
"5471","松翰","110/09/30","14:00","線上法說會","本公司受邀參加宏遠證券所舉辦之法說會「IC設計產業座談會」","547120210924M002.pdf","547120210924E002.pdf","https://www.sonix.com.tw/article-tw-181-6645","","無","查詢"
"5471","松翰","110/11/18","14:00","線上法說會","本公司受邀參加元大證券舉辦之線上法說會，報告本公司營運狀況。","547120211117M001.pdf","547120211117E001.pdf","https://www.sonix.com.tw/article-tw-181-6645","","無","查詢"
"5471","松翰","110/11/25","14:00","線上法說會","本公司受邀參加群益證券舉辦之第四季線上投資論壇","547120211122M001.pdf","547120211122E001.pdf","https://www.sonix.com.tw/article-tw-181-6645","","無","查詢"
"5484","慧友","110/11/26","14:30","福邦證券股份有限公司(台北市忠孝西路一段6號7樓 B會議室 )","本公司受邀參加福邦證券公司舉辦法人說明會，說明本公司營運與財務概況。","548420211126M001.pptx","548420211126E001.pptx","https://www.everfocus.com.tw","","無","查詢"
"5515","建國","110/05/27","14:00","線上法說會","公司簡介及營運成果","551520210526M001.pdf","551520210526E001.pdf","http://www.ckgroup.com.tw/about/news",中文影音檔網址:5515_6_20210527_ch.mp4 ,"法說會報名電子郵件信箱:jintsai_wang@ckgroup.com.tw","查詢"
"5515","建國","110/09/02","14:00","線上法說會","公司簡介及營運成果","551520210830M001.pptx","551520210830E001.pptx","http://www.ckgroup.com.tw/about/news",中文影音檔網址:5515_7_20210902_ch.mp4 ,"法說會報名網址:https://reurl.cc/qgy7zn","查詢"
"5519","隆大","110/03/24","14:00","高雄市前鎮區民權二路380號19樓之1會議室","公司簡介及營運狀況說明","551920210323M001.pdf","551920210323E001.pdf","https://www.longda.com.tw/ir-list.php?id=684",法說會影音連結資訊:https://www.youtube.com/watch?v=1V4D4olw3Yw ,"無","查詢"
"5521","工信","110/10/21","14:00","線上","本公司受邀參加元大證券舉辦之線上法說會，報告本公司營運狀況。","552120211021M001.pdf","552120211021E001.pdf","https://www.kseco.com.tw/tc/legal.aspx","","無","查詢"
"5522","遠雄","110/10/21","14:30","不適用","本公司受邀參加凱基證券所舉辦之法說會「房市方向指標線上研討會」","552220211020M001.pdf","552220211020E001.pdf","https://www.farglory-land.com.tw/investors-2/","","無","查詢"
"5522","遠雄","110/07/02","14:30","不適用","本公司受邀參加元富證券所舉辦之法說會「2021年7月台股企業日」","552220210701M001.pdf","552220210701E001.pdf","https://www.farglory-land.com.tw/investors-2/","","無","查詢"
"5522","遠雄","110/11/11","14:30","線上+實體，實體會議地點：台北文創(台北市信義區菸廠路88號6樓)","本公司受邀參加元富證券11月台股企業日","552220211110M001.pdf","552220211110E001.pdf","https://www.farglory-land.com.tw/investors-2/","","無","查詢"
"5522","遠雄","110/11/25","14:00","不適用","本公司受邀參加元大證券舉辦之線上法人說明會","552220211124M001.pdf","552220211124E001.pdf","https://www.farglory-land.com.tw/investors-2/","","無","查詢"
"5525","順天","110/12/16","14:30","線上法說會","本公司受邀參加由群益金鼎證券所舉辦之線上法說會,
報告本公司營運狀況","552520211216M001.pdf","552520211216E001.pdf","","","完整財務業務資訊請至公開資訊觀測站之法人說明會一覽表或法說會項目下查詢","查詢"
"5531","鄉林","110/09/16","14:00","線上法說會","說明本公司營運及財務狀況","553120210916M001.pdf","553120210916E001.pdf","http://www.shininggroup.com.tw/",同步收看網址：:http://www.zucast.com/webcast/7DuTfhQP 法說會影音連結資訊:http://mzcan-pdf2mp4.s3.amazonaws.com/output/7DuTfhQP/7DuTfhQP.mp4 ,"無","查詢"
"5533","皇鼎","110/11/16","13:30","新北市汐止區大同路一段一二八號三樓（富信大飯店台北店會議廳）","公司簡介與營運狀況說明","內容檔案於當日會後公告於公開資訊觀測站","內容檔案於當日會後公告於公開資訊觀測站","http://www.founding.com.tw/investor04.php",法說會影音連結資訊:http://www.founding.com.tw/investor04.php?id=10 ,"無","查詢"
"5534","長虹","110/12/09","15:40","台北遠東國際飯店","說明本公司財務及業務概況。","553420211209M001.pdf","553420211209E001.pdf","","","本說明會係由國泰綜合證券主辦，本公司係受邀參加。","查詢"
"5538","東明-KY","110/04/14","14:30","張榮發基金會國際會議中心1008會議室(台北市中正區中山南路11號10樓)","本公司受邀&#21442;加凱基證券所舉辦之線上法人說明會，
會中就本公司營運概況及未來展望等做說明。","553820210414M002.pdf","553820210414E002.pdf","tongming@tonggroup.com.tw","","無","查詢"
"5538","東明-KY","110/11/12","14:30","線上法說會","本公司受邀參加凱基證券所舉辦之線上法人說明會，會中就本公司營運概況及未來展望等做說明","553820211112M001.pdf","553820211112E001.pdf","http://tonggroup.comtw","","無","查詢"
"5546","永固-KY","110/01/19","14:30","台北市復興北路99號2樓&#29319;亞會議室","中國信託綜合證券股份有限公司舉辦之法人說明會，就本公司2020年營運報告。","554620210408M001.pptx","554620210408E001.pptx","","","無","查詢"
"5546","永固-KY","110/06/01","15:30","證交所線上法說會","本公司受邀參加台灣證交所線上法說會","554620210528M001.pptx","554620210528E001.pptx","",同步收看網址：:https://webpro.twse.com.tw/webportal/schedule/ 法說會影音連結資訊:https://webpro.twse.com.tw/webportal/schedule/ ,"無","查詢"
"5546","永固-KY","110/09/08","16:30","證交所線上法說會","臺灣證券交易所舉辦之110年第3季「第一上市公司線上財務業務說明會」","554620210907M002.pdf","554620210907E002.pdf","","","無","查詢"
"5546","永固-KY","110/12/10","14:30","德信證券新生南路一段50號3樓","本公司受邀參加德信證券所舉辦之法說會","554620211209M001.pdf","554620211209E001.pdf","","","無","查詢"
"5607","遠雄港","110/10/21","15:00","線上法說會","本公司受邀參加元大證券舉辦之線上法說會，報告本公司營運狀況。","560720211019M001.pdf","560720211019E001.pdf","https://www.ftz.com.tw/","","無","查詢"
"5608","四維航","110/05/27","14:00","本次為線上會議。","本公司財務及營運狀況說明。","560820210527M001.pdf","560820210527E001.pdf","http://www.swnav.com.tw/finance5.php",法說會影音連結資訊:https://webpro.twse.com.tw/webportal/vod/101/99A2C7B33A7C-ED362A20-BDF1-11EB-916C/?categoryId=101 ,"無。","查詢"
"5608","四維航","110/12/14","14:30","臺灣證券交易所1樓資訊展示中心(台北市信義區信義路五段7號1樓)","本公司財務及營運狀況說明。","560820211214M001.pdf","560820211214E001.pdf","http://www.swnav.com.tw/finance5.php",法說會影音連結資訊:https://webpro.twse.com.tw/WebPortal/vod/101/4BD2D13C59D8-8F4DD46B-5CAE-11EC-AC2A/?categoryId=101 ,"無。","查詢"
"5706","鳳凰","110/07/21","14:30","台灣證券交易所","本公司自辦法人說明會，就本公司已公開發佈之近期財務數字及營運成果等相關資訊做說明","570620210721M001.pdf","570620210721E001.pdf","http://holder.travel.com.tw",同步收看網址：:https://webpro.twse.com.tw/webportal/?liveChannelId=1 法說會影音連結資訊:https://webpro.twse.com.tw/webportal/vod/101/DFE466014C72-38A77542-E9F5-11EB-8CAB/?categoryId=101 ,"完整財務業務資訊請至公開資訊觀測站之法人說明會一覽表或法說會項目下查閱。","查詢"
"5706","鳳凰","110/12/22","14:30","台灣證券交易所","本公司自辦法人說明會，就本公司已公開發佈之近期財務數字及營運成果等相關資訊做說明","570620211221M001.pdf","570620211221E001.pdf","http://holder.travel.com.tw",同步收看網址：:https://webpro.twse.com.tw/webportal/?liveChannelId=1 法說會影音連結資訊:https://webpro.twse.com.tw/webportal/vod/101/3B61E9240065-A55CB656-62FC-11EC-8D31/?categoryId=101 ,"完整財務業務資訊請至公開資訊觀測站之法人說明會一覽表或法說會項目下查閱。","查詢"
"5871","中租-KY","110/08/25","17:30","線上","報告公司財務業務狀況及經營績效","587120210825M002.pdf","587120210825E002.pdf","http://www.chaileaseholding.com/ugC_InvestorRelations.asp",法說會影音連結資訊:http://www.zucast.com/webcast/eumVv6kW ,"無","查詢"
"5871","中租-KY","110/08/25","14:30","線上","報告公司財務業務狀況及經營績效","587120210825M001.pdf","587120210825E001.pdf","http://www.chaileaseholding.com/ugC_InvestorRelations.asp",法說會影音連結資訊:http://www.zucast.com/webcast/WQDimoY0 ,"無","查詢"
"5871","中租-KY","110/05/26","10:00","台北","報告公司財務業務狀況及經營績效","587120210525M001.pdf","587120210525E001.pdf","http://www.chaileaseholding.com/ugC_InvestorRelations.asp","","無","查詢"
"5871","中租-KY","110/01/07","10:00","台北","報告公司財務業務狀況及經營績效","587120210106M001.pdf","587120210106E001.pdf","http://www.chaileaseholding.com/ugC_InvestorRelations.asp","","無","查詢"
"5871","中租-KY","110/09/07","10:00","線上","報告公司財務業務狀況及經營績效","587120210906M001.pdf","587120210906E001.pdf","http://www.chaileaseholding.com/ugC_InvestorRelations.asp","","無","查詢"
"5871","中租-KY","110/08/17","11:00","線上","報告公司財務業務狀況及經營績效","587120210816M001.pdf","587120210816E001.pdf","http://www.chaileaseholding.com/ugC_InvestorRelations.asp","","無","查詢"
"5871","中租-KY","110/05/13","14:30","台北","報告公司財務業務狀況及經營績效","587120210513M001.pdf","587120210513E001.pdf","http://www.chaileaseholding.com.tw/ugC_InvestorRelations.asp",法說會影音連結資訊:http://www.zucast.com/webcast/Mpt9HgBq ,"無","查詢"
"5871","中租-KY","110/05/13","17:30","電話會議","報告公司財務業務狀況及經營績效","587120210513M002.pdf","587120210513E002.pdf","http://www.chaileaseholding.com.tw/ugC_InvestorRelations.asp",法說會影音連結資訊:http://www.zucast.com/webcast/7ucPyOPu ,"無","查詢"
"5871","中租-KY","110/03/26","09:00","台灣","報告公司財務業務狀況及經營績效","587120210325M003.pdf","587120210325E003.pdf","http://www.chaileaseholding.com.tw/ugC_InvestorRelations.asp","","無","查詢"
"5871","中租-KY","110/06/08 至 110/06/09","09:00","台北","報告公司財務業務狀況及經營績效","587120210607M001.pdf","587120210607E001.pdf","http://www.chaileaseholding.com/ugC_InvestorRelations.asp","","無","查詢"
"5871","中租-KY","110/03/25","14:30","台北","報告公司財務業務狀況及經營績效","587120210325M001.pdf","587120210325E001.pdf","http://www.chaileaseholding.com/ugC_InvestorRelations.asp",法說會影音連結資訊:http://www.zucast.com/webcast/INwxSqQs ,"更正原公告中租控股109年第四季線上法人說明會(中文)為實體會議","查詢"
"5871","中租-KY","110/03/25","17:30","台北總公司","報告公司財務業務狀況及經營績效","587120210325M002.pdf","587120210325E002.pdf","http://www.chaileaseholding.com/ugC_InvestorRelations.asp",法說會影音連結資訊:http://www.zucast.com/webcast/bO4x2TLq ,"無","查詢"
"5871","中租-KY","110/06/22","09:00","台灣","報告公司財務業務狀況及經營績效","587120210621M001.pdf","587120210621E001.pdf","http://www.chaileaseholding.com/ugC_InvestorRelations.asp","","無","查詢"
"5871","中租-KY","110/06/23","10:00","線上","報告公司財務業務狀況及經營績效","587120210622M001.pdf","587120210622E001.pdf","http://www.chaileaseholding.com/ugC_InvestorRelations.asp","","無","查詢"
"5871","中租-KY","110/02/23","09:00","台北","報告公司財務業務狀況及經營績效","587120210222M001.pdf","587120210222E001.pdf","http://www.chaileaseholding.com/ugC_InvestorRelations.asp","","無","查詢"
"5871","中租-KY","110/11/11","14:30","線上","報告公司財務業務狀況及經營績效","587120211111M001.pdf","587120211111E001.pdf","http://www.chaileaseholding.com/ugC_InvestorRelations.asp",法說會影音連結資訊:http://www.zucast.com/webcast/mnj9ywTB ,"無","查詢"
"5871","中租-KY","110/11/17","09:00","線上","報告公司財務業務狀況及經營績效","587120211111M001.pdf","587120211111E001.pdf","http://www.chaileaseholding.com/ugC_InvestorRelations.asp","","無","查詢"
"5871","中租-KY","110/11/02 至 110/11/03","09:00","線上","報告公司財務業務狀況及經營績效","587120210825M001.pdf","587120210825E001.pdf","http://www.chaileaseholding.com/ugC_InvestorRelations.asp","","無","查詢"
"5871","中租-KY","110/11/11","17:30","線上","報告公司財務業務狀況及經營績效","587120211111M002.pdf","587120211111E002.pdf","http://www.chaileaseholding.com/ugC_InvestorRelations.asp",法說會影音連結資訊:http://www.zucast.com/webcast/CQCTZFG5 ,"無","查詢"
"5876","上海商銀","110/04/12","14:30","華南永昌證券4樓大會議室
(台北市民生東路4段54號4樓)","本公司受邀參加華南永昌證券舉辦之法人說明會，說明2020年營運概況及2021年未來展望。","587620210409M001.pdf","587620210409E001.pdf","https://www.scsb.com.tw/newscsbweb/content/about/about13.jsp","","無","查詢"
"5880","合庫金","110/08/17","14:30","本次為中文線上法說會，連結網址詳如本公司投資人關係專區項下活動訊息。","公佈本公司2021年第2季之營運、財務概況","588020210817M001.pdf","588020210817E001.pdf","http://www.tcfhc.com.tw/aboutinvestor/activity",法說會影音連結資訊:http://www.zucast.com/webcast/K51XXerG ,"無","查詢"
"5880","合庫金","110/05/18","14:30","本次為中文線上法說會，連結網址詳如本公司投資人關係專區項下活動訊息。","公佈本公司2021年第1季之營運、財務概況","588020210514M001.pdf","588020210514E001.pdf","http://www.tcfhc.com.tw/aboutinvestor/activity",法說會影音連結資訊:http://www.zucast.com/webcast/skWPOKAp ,"無","查詢"
"5880","合庫金","110/03/16","14:30","本次為中文線上法說會，連結網址詳如本公司投資人關係專區項下活動訊息。","公佈本公司2020年第4季及全年度營運及財務概況。","588020210315M001.pdf","588020210315E001.pdf","http://www.tcfhc.com.tw/aboutinvestor/activity",法說會影音連結資訊:http://www.zucast.com/webcast/DYJAHvRv ,"無","查詢"
"5880","合庫金","110/11/23","14:30","本次為中文線上法說會，連結網址詳如本公司投資人關係專區項下活動訊息。","公佈本公司2021年第3季之營運、財務概況","588020211123M001.pdf","588020211123E001.pdf","http://www.tcfhc.com.tw/aboutinvestor/activity",法說會影音連結資訊:http://www.zucast.com/webcast/0qEktRze ,"無","查詢"
"5906","台南-KY","110/12/02","14:30","台北市信義路五段7號1樓(台灣證券交易所1F資訊展示中心)","公司簡介、所屬產業概況，營運成果及未來展望說明","590620211130M001.pdf","590620211130E001.pdf","","","無","查詢"
"5907","大洋-KY","110/12/27","15:30","臺灣證券交易所1樓資訊展示中心(台北市信義路五段7號)","說明公司財務業務及經營績效","590720211224M001.pdf","590720211224E001.pdf","http://www.grandocean.com.tw/investors_calendar.html",同步收看網址：:https://webpro.twse.com.tw/webportal/vod/101/3B61E9240065-5EFB54E0-66EB-11EC-8D31/?categoryId=101 法說會影音連結資訊:https://webpro.twse.com.tw/webportal/vod/101/3B61E9240065-5EFB54E0-66EB-11EC-8D31/?categoryId=101 ,"內容檔案於當日會後公告於公開資訊觀測站","查詢"
"6005","群益證","110/04/21","14:00","線上法人說明會","本公司109年第四季財務業務相關資訊說明","600520210421M001.pdf","600520210421E001.pdf","http://www.capital.com.tw/Capitalgroup/stockholder/default.asp",中文影音檔網址:6005_21_20210421_ch.mp4 ,"欲參加者請洽李小姐(02)8789-8888 分機7065","查詢"
"6005","群益證","110/09/28","14:00","線上法人說明會","本公司110年第二季財務業務相關資訊說明","600520210928M002.pdf","600520210928E002.pdf","http://www.capital.com.tw/Capitalgroup/stockholder/default.asp",中文影音檔網址:6005_23_20210928_ch.mp4 ,"欲參加者請洽李小姐(02)8789-8888 分機7065","查詢"
"6005","群益證","110/06/28","14:00","線上法人說明會","本公司110年第一季財務業務相關資訊說明","600520210628M001.pdf","600520210628E001.pdf","http://www.capital.com.tw/Capitalgroup/stockholder/default.asp",中文影音檔網址:6005_22_20210628_ch.mp4 ,"欲參加者請洽李小姐(02)8789-8888 分機7065","查詢"
"6005","群益證","110/12/28","14:00","線上法人說明會","本公司110年第三季財務業務相關資訊說明","600520211228M001.pdf","600520211228E001.pdf","http://www.capital.com.tw/Capitalgroup/stockholder/default.asp",法說會影音連結資訊:https://webpro.twse.com.tw/WebPortal/vod/101/3B61E9240065-243DCF9F-686C-11EC-8D31/?categoryId=101 ,"欲參加者請洽李小姐(02)8789-8888 分機7065","查詢"
"6024","群益期","110/12/23","15:00","線上法人說明會","本公司營運概況及財務相關資訊說明","602420211221M001.pdf","602420211221E001.pdf","https://www.capitalfutures.com.tw/Capitalgroup/stockholder/default.asp?xy=13&amp;xt=1",同步收看網址：:https://youtu.be/6-5bjvVTHxo 法說會影音連結資訊:https://youtu.be/6-5bjvVTHxo ,"無","查詢"
"6108","競國","110/09/14","16:00","臺灣證券交易所一樓資訊展示中心(台北市信義路5段7號)","本公司近期營運概況之說明","610820210914M001.pdf","610820210914E001.pdf","",法說會影音連結資訊:https://webpro.twse.com.tw/webportal/vod/101/ ,"依防疫規定，本法說會場親臨參加人數限15名。","查詢"
"6112","邁達特","110/05/12","14:00","線上法人說明會","本公司2021年第一季財務結果及業務摘要","611220210512M001.pptx","611220210512E001.pptx","https://www.sysage.com.tw/Investor/Investor_reports",中文影音檔網址:6112_7_20210512_ch.mp4 ,"無","查詢"
"6112","邁達特","110/08/09","14:00","線上法人說明會","本公司2021年第二季財務結果及業務摘要","611220210809M001.pdf","611220210809E001.pdf","https://www.sysage.com.tw/Investor/Investor_reports",中文影音檔網址:6112_8_20210809_ch.mp4 ,"無","查詢"
"6112","邁達特","110/03/10","14:00","線上法人說明會","本公司2020年第四季財務結果及業務摘要","611220210310M002.pdf","611220210310E002.pdf","https://www.sysage.com.tw/Investor/Investor_reports",中文影音檔網址:6112_6_20210310_ch.mp4 ,"無","查詢"
"6112","邁達特","110/11/10","14:00","線上法人說明會","本公司2021年第三季財務結果及業務摘要","611220211110M001.pdf","611220211110E001.pdf","https://www.sysage.com.tw/Investor/Investor_reports",中文影音檔網址:6112_9_20211110_ch.mp4 ,"無","查詢"
"6115","鎰勝","110/12/01","15:00","桃園市龜山區大華里頂湖路50號(本公司員工教育訓練中心)","第三季營運報告","611520211201M001.pdf","611520211201E001.pdf","http://www.isheng.com.tw/investors3/shareholder.35.html",中文影音檔網址:6115_5_20211201_ch.mp4 ,"完整財務業務資訊請至公開資訊觀測站之法人說明會一覽表或法說會項目下查閱。","查詢"
"6116","彩晶","110/08/10","15:45","線上法人說明會","本公司受邀參加元富證券舉辦八月台股企業日","611620210810M001.pdf","611620210810E001.pdf","http:// www.hannstar.com","","無","查詢"
"6116","彩晶","110/11/11","14:00","線上法人說明會","本公司受邀參加富邦證券舉辦之線上法人說明會，說明2021年第三季財務報告及未來營運展望。","611620211110M002.pdf","611620211110E002.pdf","https://www.hannstar.com/","","無","查詢"
"6117","迎廣","110/11/23","14:00","台北市信義區信義路五段7號1樓證券交易所資訊展示中心","本公司財務業務相關資訊說明","611720211122M001.pdf","611720211122E001.pdf","https://www.in-win.com/",:未輸 法說會影音連結資訊:https://webpro.twse.com.tw/webportal/vod/101/1BA00471D40D-DE77559C-4C2B-11EC-BECC/?categoryId=101 ,"無","查詢"
"6120","達運","110/10/19","14:30","線上法說會","本公司受邀參加永豐金證券舉辦之線上法人說明會，說明本公司之財務與營運概況。","612020211019M001.pdf","612020211019E001.pdf","http://www.darwinprecisions.com/?sn=1333&amp;lang=zh-TW","","無","查詢"
"6128","上福","110/11/29","14:30","線上法說會","公告本公司受邀參加凱基證券舉辦之線上法人說明會。","612820211129M001.pdf","612820211129E001.pdf","https://www.gpi.com.tw","","無","查詢"
"6133","金橋","110/12/17","14:30","新北市深坑區北深路3段270巷6號3樓301會議室","公司營運概況說明","613320211217M001.pdf","613320211217E001.pdf","http://www.gbe.com.tw/index.php/zh/investor_relations/report/",法說會影音連結資訊:http://210.65.138.99/webportal/vod/101/77D803DC1CD1-46EFC439-5F0B-11EC-AFDC/?categoryId=101 ,"相關資料將依規定時間登載於公開資訊觀測站及公司網站","查詢"
"6136","富爾特","110/09/28","16:00","臺灣證券交易所1F資訊展示中心(台北市信義區信義路五段7號1樓)","公司簡介及公司營運狀況說明","613620210928M001.pdf","613620210928E001.pdf","https://ir.fullerton.com.tw/financial/3",同步收看網址：:https://webpro.twse.com.tw/webportal/vod/101/4B31EF0278A4-4AD78105-2037-11EC-9907/?categoryId=101 法說會影音連結資訊:https://webpro.twse.com.tw/webportal/vod/101/4B31EF0278A4-4AD78105-2037-11EC-9907/?categoryId=101 ,"無","查詢"
"6139","亞翔","110/12/24","16:00","臺灣證券交易所1樓資訊展示中心(台北市信義區信義路五段7號1樓)","說明亞翔工程營運策略與未來展望等相關資訊","613920251202M003.pdf","613920251202E003.pdf","https://www.lkeng.com.tw/investors6.php",法說會影音連結資訊:https://webpro.twse.com.tw/webportal/vod/101/3B61E9240065-7FDC4A5A-6499-11EC-8D31/?categoryId=101 ,"15:30報到，16:00法說會開始","查詢"
"6141","柏承","110/12/16","14:00","線上法說會","2021年前三季營運成果暨未來展望","614120211216M004.pdf","614120211216E004.pdf","","","無","查詢"
"6142","友勁","110/12/08","14:30","Webex線上視訊會議","本公司受邀參加宏遠證券舉辦之線上網通產業座談會。","614220211208M001.pdf","614220211208E001.pdf","","","無","查詢"
"6152","百一","110/12/14","14:00","Webex線上會議","永豐金證券舉辦之線上法人說明會，說明本公司之營運概況","615220211213M002.pdf","615220211213E002.pdf","https://www.pesi.com.tw/investors/法人說明會","","無","查詢"
"6153","嘉聯益","110/03/19","10:00","線上法說會","本公司受邀參加美林證券舉辦之線上法人說明會","615320210317M001.pdf","615320210317E001.pdf","","","無","查詢"
"6153","嘉聯益","110/12/02","10:00","台北 W Hotel (台北市信義區忠孝東路五段10號)","本公司受邀參加統一證券舉辦之法人說明會。","615320211130M001.pdf","615320211130E001.pdf","","","無。","查詢"
"6155","鈞寶","110/12/15","14:30","線上法說會","本公司受邀參加台新證券舉辦之線上法人說明會，說明本公司營運概況。","615520211214M001.pdf","615520211214E001.pdf","http://www.kingcore.com.tw/T/msg--md-Financial--pid-15--id-22.html",同步收看網址：:https://tssco.webex.com/meet/TaishinSecurities ,"採Webex線上視訊軟體會議召開，會議室：176 670 1769","查詢"
"6164","華興","110/11/17","14:30","華興電子工業股份有限公司(新北市新店區中正路542-5號5樓)","本公司將於2021年11月17日下午二點三十分舉行2021年法人說明會，報告本公司營運概況及公司未來展望並回答投資人提問。","616420211116M001.pdf","616420211116E001.pdf","https://www.ledtech.com.tw/",中文影音檔網址:6164_5_20211117_ch.mp4 ,"無。","查詢"
"6165","浪凡","110/12/16","14:00","線上法人說明會","本公司受邀參加永豐金證券舉辦之線上法人說明會。","616520211216M001.pdf","616520211216E001.pdf","","","無","查詢"
"6166","凌華","110/09/08","14:00","線上會議","本公司受邀參加玉山證券舉辦之法人說明會","616620210908M001.pptx","616620210908E001.pptx","","","無","查詢"
"6166","凌華","110/12/20","13:30","線上會議","本公司受邀參加玉山證券舉辦之法人說明會","616620211220M001.pdf","616620211220E001.pdf","","","無","查詢"
"6168","宏齊","110/12/07","14:00","線上法說會","本公司受邀參加元大證券股份有限公司主辦之
線上法說會，說明本公司營業概況。","616820211207M003.pdf","616820211207E003.pdf","","","無","查詢"
"6176","瑞儀","110/09/23","14:30","華南永昌證券：台北市民生東路四段54號4樓","(1)營運財務狀況報告 (2)產業及市場分析","617620210922M001.pdf","617620210922E001.pdf","","","無。","查詢"
"6176","瑞儀","110/03/18","14:30","華南永昌證券 
台北市民生東路四段54號4樓","(1)營運財務狀況報告 (2)產業及市場分析","617620210316M001.pdf","617620210316E001.pdf","","","無。","查詢"
"6176","瑞儀","110/04/28","14:30","台北晶華酒店3樓宴會A廳(台北市中山區中山北路二段39巷3號)","109年度及110年第一季營運成果及公司未來展望","617620210428M001.pdf","617620210428E001.pdf","http://www.radiant.com.tw",同步收看網址：:https://youtu.be/KqncfCw-BvA 中文影音檔網址:6176_97_20210428_ch.mp4 ,"無。","查詢"
"6176","瑞儀","110/12/16","14:30","華南永昌證券：台北市民生東路四段54號4樓","(1)營運財務狀況報告 (2)產業及市場分析","617620211214M001.pdf","617620211214E001.pdf","","","無。","查詢"
"6177","達麗","110/05/14","14:30","線上法人說明會","本公司將參加台新證券所舉辦之線上法說會，說明本公司營運概況。","617720210514M001.pdf","617720210514E001.pdf","https://www.da-li.com.tw/page/results-call/","","無","查詢"
"6183","關貿","110/08/11","16:00","臺灣證券交易所1樓資訊展示中心(台北市信義區信義路五段7號1樓)","說明本公司營運狀況。","618320210811M001.pdf","618320210811E001.pdf","https://www.tradevan.com.tw/investor/index.do?act=stockholder&amp;type=11",同步收看網址：:https://webpro.twse.com.tw/webportal/vod/101/?categoryId=101 法說會影音連結資訊:https://webpro.twse.com.tw/webportal/vod/101/35F88F025624-8BA8910A-FA80-11EB-AEC8/?categoryId=101 ,"因應新型冠狀病毒防疫需求，與會者須全程戴口罩，並需於入場前配合測量額溫。","查詢"
"6184","大豐電","110/08/26","15:00","線上法說會","109年暨110年上半年度營運成果暨公司未來展望","618420210826M001.pdf","618420210826E001.pdf","https://www.dafeng.tv/finance/index.php?d=1","","簡報內容檔案於當日會後公告於公開資訊觀測站","查詢"
"6189","豐藝","110/11/11","14:30","報名網址： https://reurl.cc/emL9LK","受邀參加群益金鼎證券舉辦之法人說明會，說明本公司營運成果及未來展望","618920211111M001.pdf","618920211111E001.pdf","http://www.promate.com.tw",法說會影音連結資訊:https://drive.google.com/file/d/1Nu7SzUpCtqB_4L2oKrHl20huw15L1V3L/view?usp=sharing ,"法說會資料將依規定於會後上傳。","查詢"
"6191","精成科","110/11/11","14:30","線上法人說明會","110年第3季營運成果及未來營運展望","619120211111M001.pdf","619120211111E001.pdf","http://www.gbm.com.tw/zhtw/invest/Investor_conference.jsp",中文影音檔網址:6191_12_20211111_ch.mp4 ,"本次線上法人說明會將與瀚宇博德(股)公司聯合召開","查詢"
"6192","巨路","110/05/11","14:30","台北市中山區明水路700號(凱基證券)","本公司參加凱基證券舉辦之法人溝通會議","619220210507M001.pdf","619220210507E001.pdf","","","無","查詢"
"6192","巨路","110/11/24","14:00","台北市中山區明水路700號(凱基證券)","本公司參加凱基證券舉辦之法人溝通會議","619220211118M001.pdf","619220211118E001.pdf","","","無","查詢"
"6196","帆宣","110/04/13","15:45","台北文創- 台北市信義區菸廠路88號6樓","本公司受邀參加元富證券所舉辦之法說會「2021年4月台股企業日」","619620210413M001.pdf","619620210413E001.pdf","","","無","查詢"
"6196","帆宣","110/12/15","14:30","台北文創-台北市信義區菸廠路88號6樓","本公司受邀參加元富證券所舉辦之法說會「2021年12月台股企業日」","619620211214M001.pdf","619620211214E001.pdf","","","無","查詢"
"6197","佳必琪","110/11/23","14:00","線上法說會","主要向投資人說明本公司營運概況及財務業務狀況。","619720211124M001.pdf","619720211124E001.pdf","",同步收看網址：:https://www.zucast.com/event/5yu9wxuv/subscribe/create 法說會影音連結資訊:http://mzcan-pdf2mp4.s3.amazonaws.com/output/5yu9wxuv/5yu9wxuv.mp4 ,"無。","查詢"
"6201","亞弘電","110/11/25","14:00","線上法說會","營運概況及財務業務狀況","620120211124M001.pdf","620120211124E001.pdf","http://www.yahorng.com/download.php?dirId=550&amp;lang=tchinese",同步收看網址：:http://www.zucast.com/webcast/l31Prckt 法說會影音連結資訊:http://www.yahorng.com/download.php?dirId=549&lang=tchinese ,"完整財務業務資訊請至公開資訊觀測站之法人說明會一覽表或法說會項目下查閱。","查詢"
"6202","盛群","110/02/01","14:30","宏遠證券總公司(台北市大安區信義路四段236號7樓)","本公司109年第4季財務與業務營運相關資訊報告","620220210201M002.pdf","620220210201E002.pdf","https://www.holtek.com.tw/web/guest/investor_conference",中文影音檔網址:6202_61_20210201_ch.mp4 ,"無","查詢"
"6202","盛群","110/04/26","14:30","宏遠證券總公司(台北市大安區信義路四段236號7樓)","本公司110年第1季財務與業務營運相關資訊報告","620220210426M001.pdf","620220210426E001.pdf","https://www.holtek.com.tw/web/guest/investor_conference",中文影音檔網址:6202_63_20210426_ch.mp4 ,"無","查詢"
"6202","盛群","110/10/25","14:30","線上法說會","本公司110年第3季財務與業務營運相關資訊報告","620220211025M001.pdf","620220211025E001.pdf","https://www.holtek.com.tw/web/guest/investor_conference",中文影音檔網址:6202_65_20211025_ch.mp4 ,"請各位投資先進務必於10/25(一)14:20前登入會議ID，以確認報名者為本人。","查詢"
"6202","盛群","110/12/01","10:00","線上會議","本公司受邀參加花旗證券舉辦之線上論壇 &quot;Taiwan Corporate Day 2021&quot;說明公司財務資訊及展望","620220211130M001.pdf","620220211130E001.pdf","https://www.holtek.com.tw/web/guest/investor_conference","","無","查詢"
"6202","盛群","110/03/11","14:00","宏遠證券總公司(台北市大安區信義路四段236號7樓)","本公司受邀參加宏遠證券舉辦之法人座談會，說明公司經營績效及營運現況","620220210201M002.pdf","620220210201E002.pdf","https://www.holtek.com.tw/web/guest/investor_conference","","無","查詢"
"6202","盛群","110/07/26","14:30","線上法說會","本公司110年第2季財務與業務營運相關資訊報告","620220210726M001.pdf","620220210726E001.pdf","https://www.holtek.com.tw/web/guest/investor_conference",中文影音檔網址:6202_64_20210726_ch.mp4 ,"請各位投資先進務必於7/26(一)14:20前登入會議ID，以確認報名者為本人。","查詢"
"6202","盛群","110/11/24","11:00","線上法說會","本公司受邀參加中信證券舉辦之線上投資論壇，說明公司財務資訊及經營績效","620220211025M001.pdf","620220211025E001.pdf","https://www.holtek.com.tw/web/guest/investor_conference","","無","查詢"
"6205","詮欣","110/03/19","14:00","張榮發國際會議中心","本公司受邀參加凱基證券舉辦的2021年第一季投資論壇，說明營運概況","620520210319M001.pptx","620520210319E001.pptx","","","無","查詢"
"6205","詮欣","110/12/21","14:00","台北遠東國際大飯店(台北市敦化南路二段201號5樓)","本公司受邀參加國泰證券舉辦之法人說明會","620520211223M001.pdf","620520211223E001.pdf","","","無","查詢"
"6206","飛捷","110/09/10","14:30","採TEAM線上會議方式","本公司受邀凱基證券參加線上法說,說明本公司110年度上半年營運成果","620620210910M001.pptx","620620210910E001.pptx","http://www.flytech.com.tw","","報名資訊請洽凱基證券,電話(02)2181-8014","查詢"
"6206","飛捷","110/03/19","14:30","受邀永豐金證券參加線上法說會","飛捷科技受邀永豐金證券參加線上法說會說明公司營運成果","620620210318M001.pdf","620620210318E001.pdf","https://www.flytech.com.tw/index.php","","本公司擬於3/18召開董事會承認2020年財務報表,將於當日盤後上傳相關資訊。","查詢"
"6209","今國光","110/11/12","14:30","台北市中山區樂群三路128號7樓","本公司受邀參加國票綜合證券舉辦之法人說明會，說明本公司之營運、財務及業務概況。","620920211112M001.PPTX","620920211112E001.PPTX","http://www.kinko-optical.com/tw_wealth_download2.asp?St=A&amp;FFkindno=12","","無","查詢"
"6213","聯茂","110/01/22","09:00","線上法說會","本公司將於2021/01/22參加「高盛證券投資人線上說明會」，就本公司已公布之經營績效等相關資訊做說明。","621320210119M001.pdf","621320210119E001.pdf","http://www.iteq.com.tw","","無","查詢"
"6213","聯茂","110/02/23","15:00","線上法說會。","本公司將於2021/02/23參加野村證&#21173;Nomura Asia Tech Virtual Group Meeting，就本公司已公布之經營績效等相關資訊做說明。","621320210119M001.pdf","621320210119E001.pdf","http://www.iteq.com.tw","","無","查詢"
"6213","聯茂","110/09/15","10:30","線上法說會","本公司將於2021/09/15參加統一證券線上法人說明會，就本公司已公布之經營績效等相關資訊做說明。","621320210914M001.pdf","621320210914E001.pdf","http://www.iteq.com.tw","","無","查詢"
"6213","聯茂","110/09/16","10:30","線上法說會","本公司將於2021/09/16參加永豐金證券第三季線上投資論壇，就本公司已公布之經營績效等相關資訊做說明。","621320210914M003.pdf","621320210914E003.pdf","http://www.iteq.com.tw","","無","查詢"
"6213","聯茂","110/09/15","16:00","線上法說會","本公司將於2021/09/15參加匯豐證券線上法人說明會，就本公司已公布之經營績效等相關資訊做說明。","621320210914M002.pdf","621320210914E002.pdf","http://www.iteq.com.tw","","無","查詢"
"6213","聯茂","110/09/28","15:00","線上法說會","本公司將於2021/09/28參加高盛證券線上法人說明會，就本公司已公布之經營績效等相關資訊做說明。","621320210914M003.pdf","621320210914E003.pdf","http://www.iteq.com.tw","","無","查詢"
"6213","聯茂","110/10/06","15:00","線上法說會","本公司將於2021/10/06參加國泰證券線上法人座談會，就本公司已公布之經營績效等相關資訊做說明。","621320210914M003.pdf","621320210914E003.pdf","http://www.iteq.com.tw","","無","查詢"
"6213","聯茂","110/02/24","15:45","臺北文創(台北市信義區菸廠路88號6F)","本公司將於2021/02/24參加元富證券所舉辦之「2021年台股企業日」，就本公司已公布之經營績效等相關資訊做說明。","621320210119M001.pdf","621320210119E001.pdf","http://www.iteq.com.tw","","無","查詢"
"6213","聯茂","110/03/24","15:00","線上法說會。","本公司將於2021/03/24參加美銀證券所舉辦之「2021 APAC TMT Conference」，就本公司已公布之經營績效等相關資訊做說明。","621320210323M002.pdf","621320210323E002.pdf","http://www.iteq.com.tw","","無","查詢"
"6213","聯茂","110/03/29","10:30","統一證券總公司（台北市東興路八號）","本公司將於2021/03/29參加統一證券所舉辦之牛轉乾坤投資展望論壇，就本公司已公布之經營績效等相關資訊做說明。","621320210326M001.pdf","621320210326E001.pdf","http://www.iteq.com.tw","","無","查詢"
"6213","聯茂","110/04/08","14:00","線上法說會","本公司將於2021/04/08參加臺灣證券交易所和高盛集團共同舉辦之Taiwan Virtual Corporate Day 2021，就本公司已公布之經營績效等相關資訊做說明。","621320210406M001.pdf","621320210406E001.pdf","http://www.iteq.com.tw","","無","查詢"
"6213","聯茂","110/11/10","15:30","線上法說會","本公司將於2021/11/10參加國泰證券線上論壇，就本公司已公布之經營績效等相關資訊做說明。","621320211108M001.pdf","621320211108E001.pdf","http://www.iteq.com.tw","","無","查詢"
"6213","聯茂","110/11/11","09:00","線上法說會","本公司將於2021/11/11參加摩根大通證券Global TMT Conference in Asia，就本公司已公布之經營績效等相關資訊做說明。","621320211108M001.pdf","621320211108E001.pdf","http://www.iteq.com.tw","","無","查詢"
"6213","聯茂","110/11/16","11:15","台北君悅酒店(Grand Hyatt Taipei)","本公司將於2021/11/16參加台新2021年第四季雪亮投資論壇，就本公司已公布之經營績效等相關資訊做說明。","621320211108M001.pdf","621320211108E001.pdf","http://www.iteq.com.tw","","無","查詢"
"6213","聯茂","110/12/01","09:00","線上法說會","本公司將於2021/12/01參加花旗環球證券Taiwan Corporate Day 2021，就本公司已公布之經營績效等相關資訊做說明。","621320211129M001.pdf","621320211129E001.pdf","http://www.iteq.com.tw","","無","查詢"
"6213","聯茂","110/12/02","15:40","台北寒舍艾美酒店 (台北市信義區松仁路38號)","本公司將於2021/12/02參加永豐金證券2021年第四季產業投資論壇，就本公司已公布之經營績效等相關資訊做說明。","621320211129M001.pdf","621320211129E001.pdf","http://www.iteq.com.tw","","無","查詢"
"6213","聯茂","110/12/09","13:30","台北遠東國際大飯店 (台北市敦化南路二段201號)","本公司將於2021/12/09參加國泰證券第四季產業論壇，就本公司已公布之經營績效等相關資訊做說明。","621320211129M001.pdf","621320211129E001.pdf","http://www.iteq.com.tw","","無","查詢"
"6213","聯茂","110/10/27","09:00","線上法說會","本公司將於2021/10/27參加野村證券Virtual Taiwan Corporate Day 2021，就本公司已公布之經營績效等相關資訊做說明。","621320211026M002.pdf","621320211026E002.pdf","http://www.iteq.com.tw","","無","查詢"
"6213","聯茂","110/11/24","11:00","線上論壇","本公司將於2021/11/24參加富邦證券2021年第四季線上投資論壇，就本公司已公布之經營績效等相關資訊做說明。","621320211108M001.pdf","621320211108E001.pdf","http://www.iteq.com.tw","","無","查詢"
"6213","聯茂","110/11/26","09:45","台北寒舍艾美酒店 (台北市信義區松仁路38號)","本公司將於2021/11/26參加元大證券2022年投資論壇，就本公司已公布之經營績效等相關資訊做說明。","621320211108M001.pdf","621320211108E001.pdf","http://www.iteq.com.tw","","無","查詢"
"6213","聯茂","110/11/26","13:30","國票金融大樓 7F (台北市中山區樂群三路128號 7F)","本公司將於2021/11/26參加2021國票證券投資論壇，就本公司已公布之經營績效等相關資訊做說明。","621320211108M001.pdf","621320211108E001.pdf","http://www.iteq.com.tw","","無","查詢"
"6214","精誠","110/06/03","14:30","線上法人說明會","本公司受邀參加富邦證券舉辦之線上法人說明會，報告公司營運現況與未來展望。","621420210603M001.pdf","621420210603E001.pdf","http://tw.systex.com/investors_financial/","","相關資訊請洽富邦證券法人部 vina.chen@fubon.com","查詢"
"6214","精誠","110/03/24","14:30","線上法人說明會","本公司受邀參加富邦證券舉辦之線上法人說明會，報告公司營運現況與未來展望。","621420210324M002.pdf","621420210324E002.pdf","http://tw.systex.com/investors_financial/","","相關資訊請洽富邦證券法人部 vina.chen@fubon.com","查詢"
"6214","精誠","110/09/03","14:30","線上法人說明會","本公司受邀參加富邦證券舉辦之線上法人說明會，
報告公司營運現況與未來展望。","621420210903M001.pdf","621420210903E001.pdf","http://tw.systex.com/investors_financial/","","相關資訊請洽富邦證券法人部 vina.chen@fubon.com","查詢"
"6214","精誠","110/11/24","15:00","線上法人說明會","本公司受邀參加元大證券舉辦之線上法人說明會， 報告公司營運現況與未來展望。","621420211124M001.pdf","621420211124E001.pdf","http://tw.systex.com/investors_financial/","","無","查詢"
"6215","和椿","110/11/25","14:30","福邦證券總公司(台北市忠孝西路一段6號7樓B會議室)","本公司受邀參加福邦證券舉辦之法人說明會，說明本公司近年營運及財務狀況。","621520211125M001.pptx","621520211125E001.pptx","","","無","查詢"
"6216","居易","110/11/12","14:30","新竹縣湖口鄉鳳山村復興路26號","2021年前3季營運說明會","621620211112M001.pdf","621620211112E001.pdf","https://www.draytek.com/zh/",中文影音檔網址:6216_5_20211112_ch.mp4 ,"無","查詢"
"6224","聚鼎","110/11/24","13:00","線上法說會","公告本公司受邀參加中國信託證券舉辦之「第四季前瞻論壇」線上法人說明會","622420211124M001.pdf","622420211124E001.pdf","http://www.pttc.com.tw/investor_conference.aspx","","無","查詢"
"6224","聚鼎","110/03/19","15:20","張榮發基金會國際會議中心10F(台北市中正區中山南路11號)","公告本公司受邀參加凱基證券舉辦之「2021年第一季投資論壇」","622420210318M001.pdf","622420210318E001.pdf","http://www.pttc.com.tw/investor_conference.aspx","","無","查詢"
"6225","天瀚","110/12/20","10:00","台北市忠孝西路一段80號13樓（基泰忠孝Worktel 1301會議室）","本公司受邀參加凱基證券舉辦之法人說明會,說明本公司營運概況","622520211220M001.pdf","622520211220E001.pdf","","","無","查詢"
"6226","光鼎","110/11/11","16:00","線上法說會","本公司受邀參加元大證券舉辦之產業座談會，報告本公司營運狀況。","622620211110M001.ppt","622620211110E001.ppt","","","無。","查詢"
"6230","尼得科超眾","110/08/31","16:00","線上法說會","本公司受邀參加由元大證券股份有限公司舉辦之線上法說會，說明本公司之營運概況、財務及業務相關資訊。","623020210831M001.pdf","623020210831E001.pdf","http://www.ccic.com.tw/investor.php","","本次採Cisco Webex視訊會議，報名請洽DavidWei@yuanta.com","查詢"
"6235","華孚","110/11/24","15:00","線上法人說明會","本公司受邀參加元大證券舉辦之線上法人說明會，針對本公司110年前3季營運概況，於會中就已公開發佈之財務數字、經營績效等相關資訊做說明。","623520211124M001.pdf","623520211124E001.pdf","http://www.waffer.com.tw/GuDong?sign=tzrgx","","無。","查詢"
"6239","力成","110/05/20 至 110/05/24","10:00","視訊會議","本公司受邀參加花旗環球證券舉辦之「Regional Tech  Conference 2021(Virtual)」。","623920210427M001.pdf","623920210427E001.pdf","","","無","查詢"
"6239","力成","110/04/27","14:30","新竹縣湖口鄉新竹工業區大同路15號6樓(訓練教室)","報告110年第1季營運成果及未來之營運展望。","623920210427M001.pdf","623920210427E001.pdf","https://www.pti.com.tw",中文影音檔網址:6239_162_20210427_ch.mp4 ,"無。","查詢"
"6239","力成","110/01/06 至 110/01/08","09:00","視訊會議","本公司受邀參加瑞士信貸舉辦之「2021 Greater China Technology and Internet Virtual Conference」。","623920201022M001.pdf","623920201022E001.pdf","","","無。","查詢"
"6239","力成","110/01/26","14:30","新竹縣湖口鄉新竹工業區大同路15號6樓(訓練教室)","報告109年第4季營運成果及未來之營運展望。","623920210126M001.pdf","623920210126E001.pdf","https://www.pti.com.tw",中文影音檔網址:6239_159_20210126_ch.mp4 ,"無。","查詢"
"6239","力成","110/08/25","10:15","視訊會議","本公司受邀參加美銀美林證券舉辦之法人說明會。","623920210727M001.pdf","623920210727E001.pdf","","","無。","查詢"
"6239","力成","110/09/08 至 110/09/10","10:00","視訊會議","本公司受邀參加瑞士信貸舉行之「22nd Credit Suisse Asian Technology Conference」。","623920210727M001.pdf","623920210727E001.pdf","","","無。","查詢"
"6239","力成","110/08/27 至 110/08/31","10:00","視訊會議","本公司受邀參加花旗環球證券舉辦之「Asia TMT Day 2021」。","623920210727M001.pdf","623920210727E001.pdf","","","無。","查詢"
"6239","力成","110/03/16 至 110/03/19","10:00","電話會議","本公司受邀參加美銀美林證券舉辦之2021 APAC TMT Conference。","623920210126M001.pdf","623920210126E001.pdf","","","無。","查詢"
"6239","力成","110/06/09","10:30","視訊會議","本公司受邀參加麥格理證券舉辦之「North Asia Thematic Corporate Day- Memory」。","623920210427M001.pdf","623920210427E001.pdf","","","無。","查詢"
"6239","力成","110/09/07","10:00","視訊會議","本公司受邀參加麥格理證券舉辦之「ASIA TECH VIRTUAL CONFERENCE」。","623920210727M001.pdf","623920210727E001.pdf","","","無。","查詢"
"6239","力成","110/09/03","14:00","視訊會議","本公司受邀參加 J.P. Morgan 舉辦之法人說明會。","623920210727M001.pdf","623920210727E001.pdf","","","無。","查詢"
"6239","力成","110/02/22 至 110/02/23","13:00","視訊會議","本公司受邀參加J.P. Morgan舉辦之「Taiwan CEO-CFO Conference 2021 Virtual」。","623920210126M001.pdf","623920210126E001.pdf","","","無","查詢"
"6239","力成","110/11/11","10:00","視訊會議","本公司受邀參加 J.P. Morgan 舉辦之「2021 Global TMT Conference in Asia」 &amp; 「1st Disruptive Tech Conference in India」","623920211026M001.pdf","623920211026E001.pdf","","","無。","查詢"
"6239","力成","110/10/26","14:30","新竹縣湖口鄉新竹工業區大同路15號6樓(訓練教室)","報告110年第3季營運成果及未來之營運展望。","623920211026M001.pdf","623920211026E001.pdf","https://www.pti.com.tw",中文影音檔網址:6239_171_20211026_ch.mp4 ,"無。","查詢"
"6239","力成","110/07/27","14:30","線上法說會","報告110年第二季營運成果及未來之營運展望。","623920210727M001.pdf","623920210727E001.pdf","https://www.pti.com.tw",中文影音檔網址:6239_165_20210727_ch.mp4 ,"現場開放狀況將視疫情指揮中心公告調整，以公開資訊觀測站之公告為準。","查詢"
"6239","力成","110/11/30 至 110/12/01","10:00","視訊會議","本公司受邀參加花旗環球證券舉辦之「Taiwan Corporate Day 2021(Virtual)」。","623920211026M001.pdf","623920211026E001.pdf","","","無。","查詢"
"6243","迅杰","110/08/19","14:00","線上法說會","說明第二季業績成果及第三季業務展望。","624320210819M001.pdf","624320210819E001.pdf","http://www.ene.com.tw/chinese/ir/newslist.php","","無","查詢"
"6243","迅杰","110/03/17","11:00","線上法說會","本公司受邀參加元大證券舉辦之2021年線上投資展望說明會","624320210317M001.pdf","624320210317E001.pdf","http://www.ene.com.tw/chinese/ir/newslist.php","","無","查詢"
"6243","迅杰","110/03/12","14:30","台北市重慶南路一段2號17樓(永豐金證券/台開金融大樓17樓)","說明第四季業績成果及第一季展望","624320210312M001.pdf","624320210312E001.pdf","http:www.ene.com.tw/chinese/ir/newslist.php","","無","查詢"
"6243","迅杰","110/06/11","14:30","線上法說會","說明第一季業績成果及第二季業務展望。","624320210611M001.pdf","624320210611E001.pdf","http://www.ene.com.tw/chinese/ir/newslist.php","","無","查詢"
"6243","迅杰","110/11/10","14:30","線上法說會","說明第三季業績及第四季展望。","624320211110M001.pdf","624320211110E001.pdf","http://www.ene.com.tw/chinese/ir/newslist.php","","無","查詢"
"6257","矽格","110/11/17","14:30","台北市杭州南路一段24號3F及4F(集思交通部國際會議中心國際會議廳)","公司營運概況說明","625720211117M001.pdf","625720211117E001.pdf","http://www.sigurd.com.tw","","會後將於公開資訊觀測站公告相關資訊","查詢"
"6269","台郡","110/04/28","14:30","採電話會議方式進行","2021年第1季營運成果","626920210428M001.pdf","626920210428E001.pdf","http://www.flexium.com.tw/big5/invest_illustrate.asp","","法說會相關訊息可至本公司官網查閱","查詢"
"6269","台郡","110/02/17","16:00","採電話會議方式舉行","向投資法人簡介公司並說明營運概況","626920210217M002.pdf","626920210217E002.pdf","http://www.flexium.com.tw/big5/invest_illustrate.asp","","法說會相關訊息可至本公司官網查閱","查詢"
"6269","台郡","110/02/17","16:00","採電話會議方式舉行","2020年第4季營運成果","626920210217M003.pdf","626920210217E003.pdf","http://www.flexium.com.tw/big5/invest_illustrate.asp","","法說會相關訊息可至本公司官網查閱","查詢"
"6269","台郡","110/02/17","16:00","採電話會議方式舉行","2020年第4季營運成果","626920210217M001.pdf","626920210217E001.pdf","http://www.flexium.com.tw/big5/invest_illustrate.asp","","法說會相關訊息可至本公司官網查閱","查詢"
"6269","台郡","110/05/24","10:00","線上說明會","向投資法人簡介公司並說明營運概況","626920210428M001.pdf","626920210428E001.pdf","","","完整財務業務說明資訊請至公開資訊觀測站之法人說明會一覽表或法說會項目下查閱","查詢"
"6269","台郡","110/07/29","14:30","採電話會議方式進行","2021年第2季營運成果","626920210729M001.pdf","626920210729E001.pdf","http://www.flexium.com.tw/big5/invest_illustrate.asp","","法說會相關訊息可至本公司官網查閱","查詢"
"6269","台郡","110/10/27","14:30","採電話會議方式進行","2021年第3季營運成果","626920211027M001.pdf","626920211027E001.pdf","http://www.flexium.com.tw/big5/invest_illustrate.asp","","法說會相關訊息可至本公司官網查閱","查詢"
"6269","台郡","110/08/30","11:00","線上說明會","向投資法人簡介公司並說明營運概況","626920210729M001.pdf","626920210729E001.pdf","","","無","查詢"
"6269","台郡","110/12/01","14:00","線上說明會","向投資法人簡介公司並說明營運概況","626920211027M001.pdf","626920211027E001.pdf","","","無","查詢"
"6269","台郡","110/11/11 至 110/11/15","11:00","線上說明會","向投資法人簡介公司並說明營運概況","626920211027M001.pdf","626920211027E001.pdf","","","無","查詢"
"6271","同欣電","110/04/23","14:30","台北市中正區徐州路2號3樓(台大國際會議中心301會議室)","簡介2021年第一季營運成果及展望","627120210423M001.pdf","627120210423E001.pdf","","","無","查詢"
"6271","同欣電","110/08/13","14:30","線上法說會","本公司受邀參加凱基證券舉辦之法說會，簡介2021年第二季營運成果及展望","627120210813M001.pdf","627120210813E001.pdf","","","無","查詢"
"6271","同欣電","110/05/06","15:00","線上電話會議","本公司於110/05/06受邀由臺灣證交所與永豐金證券舉辦之&quot;2021線上臺灣投資說明會&quot;投資論壇，
就公司營運及產業概況向投資機構做說明。","627120210423M001.pdf","627120210423E001.pdf","","","無","查詢"
"6271","同欣電","110/03/19","14:30","台北市中正區徐州路2號4樓(台大國際會議中心401會議室)","簡介2020年第四季營運成果及展望","627120210319M001.pdf","627120210319E001.pdf","","","無","查詢"
"6271","同欣電","110/06/18","11:00","線上參加","無","627120210423M001.pdf","627120210423E001.pdf","","","無","查詢"
"6271","同欣電","110/11/12","14:30","線上法說會","公告本公司受邀參加凱基證券舉辦之法說會，簡介2021年第三季營運成果及展望","內容檔案於當日會後公告於公開資訊觀測站","內容檔案於當日會後公告於公開資訊觀測站","","","無","查詢"
"6271","同欣電","110/11/12","14:30","線上法說會","本公司受邀參加凱基證券舉辦之法說會，簡介2021年第三季營運成果及展望","627120211112M001.pdf","627120211112E001.pdf","","","無","查詢"
"6277","宏正","110/05/07","14:00","線上法說會","說明本公司110年度第1季營運與財務概況","627720210507M001.pdf","627720210507E001.pdf","https://www.aten.com/tw/zh/aten-info/investor-relations/investor-event/",同步收看網址：:http://www.zucast.com/webcast/MALAH1B7 法說會影音連結資訊:http://www.zucast.com/webcast/MALAH1B7 ,"無","查詢"
"6277","宏正","110/09/07","14:00","線上法說會","說明本公司110年度第2季營運與財務概況","627720210907M001.pdf","627720210907E001.pdf","https://www.aten.com/tw/zh/aten-info/investor-relations/investor-event/",同步收看網址：:http://www.zucast.com/webcast/AisH8keX 法說會影音連結資訊:http://www.zucast.com/webcast/AisH8keX ,"無","查詢"
"6277","宏正","110/04/14","10:20","線上法說會","本公司受邀參加由臺灣證券交易所及寬量國際共同主辦之線上法說會「9th Taiwan CEO Week on Air」，說明本公司之營運概況、財務及業務相關資訊。","627720210413M001.pdf","627720210413E001.pdf","https://www.aten.com/tw/zh/aten-info/investor-relations/investor-event/","","完整財務業務資訊請至公開資訊觀測站之法人說明會一覽表或法說會項目下查閱。","查詢"
"6277","宏正","110/03/10","14:00","線上法說會","說明本公司109年度第4季營運與財務概況","627720210310M001.pdf","627720210310E001.pdf","https://www.aten.com/tw/zh/aten-info/investor-relations/investor-event/",同步收看網址：:http://www.zucast.com/webcast/kTup8M3p 法說會影音連結資訊:http://www.zucast.com/webcast/kTup8M3p ,"無","查詢"
"6277","宏正","110/12/08","14:00","線上法說會","說明本公司110年度第3季營運與財務概況","627720211208M001.pdf","627720211208E001.pdf","https://www.aten.com/tw/zh/aten-info/investor-relations/investor-event/",同步收看網址：:http://www.zucast.com/webcast/Qadc7k0h 法說會影音連結資訊:http://www.zucast.com/webcast/Qadc7k0h ,"無","查詢"
"6277","宏正","110/10/14","15:50","線上法說會","本公司受邀參加元大證券舉辦之線上法說會，說明本公司之營運概況。","627720211014M001.pdf","627720211014E001.pdf","https://www.aten.com/tw/zh/aten-info/investor-relations/investor-event/","","無","查詢"
"6278","台表科","110/11/10","14:30","華南永昌證券 台北市民生東路四段54號4樓 大會議室","本公司營運概況說明","627820211110M001.pdf","627820211110E001.pdf","http://www.tsmt.com.tw/shareholder.asp","","無。","查詢"
"6281","全國電","110/08/27","14:30","線上法說會","本公司受邀參加元富證券主辦之線上法說會，說明本公司之營運概況、財務及業務相關資訊。","628120210826M001.pdf","628120210826E001.pdf","","","無","查詢"
"6281","全國電","110/12/23","14:30","線上法說會","本公司受邀參加元富證券主辦之線上法說會，說明本公司之營運概況、財務及業務相關資訊。","628120211222M001.pdf","628120211222E001.pdf","","","無","查詢"
"6282","康舒","110/08/19","14:30","線上會議","本公司受邀參加國泰綜合證券所舉辦之線上法人說明會，說明本公司110年上半年營運概況。","628220210818M002.pdf","628220210818E002.pdf","https://www.acbel.com/public/investor-event","","無","查詢"
"6282","康舒","110/12/14","15:30","線上會議","本公司受邀參加凱基證券所舉辦之線上法人說明會，說明本公司營運概況。","628220211214M001.pdf","628220211214E001.pdf","https://www.acbel.com/public/investor-event","","無","查詢"
"6283","淳安","110/12/22","15:00","台北市南京東路二段111號6樓(6D會議室)","富邦證券舉辦法說會","628320211229M001.pdf","628320211229E001.pdf","https://www.soe-ele.com/","","因採實名制以及因應疫情關係，請與會者攜帶口罩及名片。","查詢"
"6285","啟碁","110/05/24","10:00","線上法說會","本公司受花旗證券邀請參加「Regional Tech Conference 2021」","628520210510M001.pdf","628520210510E001.pdf","https://www.wnc.com.tw","","無","查詢"
"6285","啟碁","110/04/14","14:30","臺北文創(台北市信義區菸廠路88號6樓)","本公司受元富證券邀請參加元富台股企業日，主要內容為公司營運概況","628520210322M001.pdf","628520210322E001.pdf","https://www.wnc.com.tw","","無","查詢"
"6285","啟碁","110/05/18","14:00","線上法說會","本公司受台新證券邀請參加2021第二季投資論壇，主要內容為公司營運概況","628520210510M001.pdf","628520210510E001.pdf","https://www.wnc.com.tw","","無","查詢"
"6285","啟碁","110/09/09","14:20","線上法說會","本公司受國泰證券邀請參加第三季產業論壇，主要內容為公司營運概況","628520210827M001.pdf","628520210827E001.pdf","https://www.wnc.com.tw","","無","查詢"
"6285","啟碁","110/05/11","14:30","線上法說會","本公司受凱基證券邀請參加線上法說會，主要內容為公司營運概況","628520210510M001.pdf","628520210510E001.pdf","https://www.wnc.com.tw","","無","查詢"
"6285","啟碁","110/02/22","10:00","線上法說會","本公司受摩根大通邀請參加 「Taiwan CEO-CFO Conference」，主要內容為公司營運概況","628520201112M001.pdf","628520201112E001.pdf","https://www.wnc.com.tw","","無","查詢"
"6285","啟碁","110/02/24","16:00","電話會議","本公司受野村證券邀請參加 「Nomura Asia Tech Virtual Group Meeting」，主要內容為公司營運概況","628520201112M001.pdf","628520201112E001.pdf","https://www.wnc.com.tw","","無","查詢"
"6285","啟碁","110/08/30","11:00","線上法說會","本公司受花旗環球證券邀請參加「Citi Asia TMT Day 2021」，主要內容為公司營運概況","628520210827M001.pdf","628520210827E001.pdf","https://www.wnc.com.tw","","無","查詢"
"6285","啟碁","110/06/21","14:00","線上法說會","本公司受瑞銀證券邀請參加「UBS Taiwan Virtual Conference 2021」，主要內容為公司營運概況","628520210510M001.pdf","628520210510E001.pdf","https://www.wnc.com.tw","","無","查詢"
"6285","啟碁","110/06/09","10:45","線上法說會","本公司受元大金控邀請參加2021元大金控線上亞洲投資創富論壇","628520210510M001.pdf","628520210510E001.pdf","https://www.wnc.com.tw","","無","查詢"
"6285","啟碁","110/03/24","10:00","線上法說會","本公司受美銀證券邀請參加 「2021 Asia Pacific TMT Conference」，主要內容為公司營運概況","628520210322M001.pdf","628520210322E001.pdf","https://www.wnc.com.tw","","無","查詢"
"6285","啟碁","110/12/02","11:00","線上法說會","本公司受國泰證券邀請參加「4Q21 Cathay Securities Online Symposium」，主要內容為公司營運概況","628520211109M001.pdf","628520211109E001.pdf","https://www.wnc.com.tw","","無","查詢"
"6285","啟碁","110/11/10","14:30","線上法說會","本公司受凱基證券邀請參加線上法說會，主要內容為公司營運概況","628520211109M001.pdf","628520211109E001.pdf","https://www.wnc.com.tw","","無","查詢"
"6405","悅城","110/11/19","14:00","線上法說會","受邀參加凱基證券舉辦之線上法說會，說明本公司營運狀況。","640520211119M001.pdf","640520211119E001.pdf","","","無","查詢"
"6409","旭隼","110/05/07","16:30","線上法說會","本公司受邀參加永豐金證券舉辦之「Taiwan Stock Exchange &amp; SinoPac co-hosted Virtual Conference 2021」英文線上論壇，會中介紹公司之營運與財務狀況","640920210506M001.pdf","640920210506E001.pdf","","","無","查詢"
"6409","旭隼","110/05/20 至 110/05/21","09:00","線上法說會","本公司受邀參加CITI主辦之線上法說會,會中介紹公司之營運與財務狀況","640920210506M001.pdf","640920210506E001.pdf","","","無","查詢"
"6409","旭隼","110/09/08 至 110/09/09","14:00","線上法說會","本公司受邀參加 Credit Suisse主辦之線上法說會,會中介紹公司之營運與財務狀況","640920210906M001.pdf","640920210906E001.pdf","","","無","查詢"
"6409","旭隼","110/09/15 至 110/09/16","15:00","線上法說會","本公司受邀參加 CLSA 主辦之『28th Annual CITIC CLSA Flagship Investors’ Forum』線上法說會,會中介紹公司之營運與財務狀況","640920210906M001.pdf","640920210906E001.pdf","","","無","查詢"
"6409","旭隼","110/05/12","15:00","線上法說會","本公司受邀參加 CLSA主辦之線上法說會,會中介紹公司之營運與財務狀況","640920210506M001.pdf","640920210506E001.pdf","","","無","查詢"
"6409","旭隼","110/04/09 至 110/04/14","09:00","線上法說會","本公司受邀參加由臺灣證券交易所及寬量國際共同主辦之線上法說會「9th Taiwan CEO Week on Air」","640920210308M001.pdf","640920210308E001.pdf","","","無","查詢"
"6409","旭隼","110/01/28","16:30","線上法說會","本公司受邀參加里昂證券主辦之線上法說會,會中介紹公司之營運與財務狀況","640920201208M001.pdf","640920201208E001.pdf","","","無","查詢"
"6409","旭隼","110/03/09 至 110/03/10","09:00","線上法說會","本公司受邀參加大和國泰證券主辦之「Daiwa Investment Conference Tokyo 2021 (Virtual)」線上法說會","640920210308M001.pdf","640920210308E001.pdf","","","無","查詢"
"6409","旭隼","110/06/09","09:30","線上法說會","本公司受邀參加元大主辦之『元大金控2021線上創富論壇』線上法說會,會中介紹公司之營運與財務狀況","640920210506M001.pdf","640920210506E001.pdf","","","無","查詢"
"6409","旭隼","110/02/23","09:00","線上法說會","本公司受邀參加J.P. Morgan主辦之「 J.P. Morgan Taiwan CEO-CFO Conference」線上法說會","640920201208M001.pdf","640920201208E001.pdf","","","無","查詢"
"6409","旭隼","110/11/30","14:00","線上法說會","本公司受邀參加花旗證券所舉辦之『Taiwan Corporate Day 2021 , (Virtual)』，會中介紹公司之營運與財務狀況。","640920211110M001.pdf","640920211110E001.pdf","","","無","查詢"
"6409","旭隼","110/11/12","14:00","線上法說會","本公司受邀參加摩根大通證券所舉辦之『9th Annual J.P. Morgan Global TMT Conference in Asia , (Virtual)』，會中介紹公司之營運與財務狀況。","640920211110M001.pdf","640920211110E001.pdf","","","無","查詢"
"6409","旭隼","110/10/05 至 110/10/06","09:00","線上法說會","本公司受邀參加QIC舉辦之「10th Taiwan CEO Week」，會中介紹公司之營運與財務狀況。","640920210906M001.pdf","640920210906E001.pdf","","","無","查詢"
"6412","群電","110/03/03","15:00","線上法說會","本公司受邀參加康和證券所舉辦之線上法說會，說明本公司2020年第4季營運成果。","641220210303M001.pdf","641220210303E001.pdf","https://www.chiconypower.com/zh-tw/investor/message","","無","查詢"
"6412","群電","110/05/20","10:00","線上法說會","本公司受邀參加花旗證券舉辦之線上法人說明會，會中就本公司已公開發布之營運及財務業務狀況向投資人說明。","641220210504M001.pdf","641220210504E001.pdf","https://www.chiconypower.com/zh-tw/investor/message","","無","查詢"
"6412","群電","110/05/04","15:00","線上法說會","本公司受邀參加華南永昌證券所舉辦之線上法說會，說明本公司2021年第1季營運成果。","641220210504M001.pdf","641220210504E001.pdf","https://www.chiconypower.com/zh-tw/investor/message","","無","查詢"
"6412","群電","110/06/10","14:15","線上法說會","本公司受邀參加元大金控舉辦之線上法人說明會，會中就本公司已公開發布之營運及財務業務狀況向投資人說明。","641220210504M001.pdf","641220210504E001.pdf","https://www.chiconypower.com/zh-tw/investor/message","","無","查詢"
"6412","群電","110/08/30 至 110/08/31","15:00","線上法說會","本公司受邀參加花旗證券舉辦之線上法人說明會，會中就本公司已公開發布之營運及財務業務狀況向投資人說明。","641220210805M001.pdf","641220210805E001.pdf","https://www.chiconypower.com/zh-tw/investor/message","","無","查詢"
"6412","群電","110/09/02","14:00","線上法說會","本公司受邀參加證券櫃檯買賣中心與ICA專顧資本合辦之「探索台股主題論壇」，會中就本公司已公開發布之營運及財務業務狀況向投資人說明。","641220210805M001.pdf","641220210805E001.pdf","https://www.chiconypower.com/zh-tw/investor/message","","無","查詢"
"6412","群電","110/03/16","14:00","線上法說會","本公司受邀參加美銀證券所舉辦之線上法說會，說明本公司2020年第4季營運成果。","641220210303M001.pdf","641220210303E001.pdf","https://www.chiconypower.com/zh-tw/investor/message","","無","查詢"
"6412","群電","110/04/01","14:00","線上法說會","本公司受邀參加國泰證券所舉辦之線上論壇，會中就本公司已公開發布之營運及財務業務狀況向投資人說明。","641220210303M001.pdf","641220210303E001.pdf","https://www.chiconypower.com/zh-tw/investor/message","","無","查詢"
"6412","群電","110/08/05","15:00","線上法說會","本公司受邀參加康和證券所舉辦之線上法說會，說明本公司2021年第2季營運成果。","641220210805M001.pdf","641220210805E001.pdf","https://www.chiconypower.com/zh-tw/investor/message","","無","查詢"
"6412","群電","110/11/03","15:00","線上法說會","本公司受邀參加華南永昌證券所舉辦之線上法說會，說明本公司2021年第3季營運成果。","641220211103M001.pdf","641220211103E001.pdf","https://www.chiconypower.com/zh-tw/investor/message","","無","查詢"
"6412","群電","110/11/10","14:30","台北文創，台北市信義區菸廠路88號6樓","本公司受邀參加元富證券舉辦之法人說明會，會中就本公司已公開發布之營運及財務業務狀況向投資人說明。","641220211103M001.pdf","641220211103E001.pdf","https://www.chiconypower.com/zh-tw/investor/message","","無","查詢"
"6412","群電","110/12/07","14:00","線上法說會","本公司受邀參加ICA專顧資本舉辦之「BEST of Asia Discovery Conference 2021亞洲精粹峰會2021」，會中就本公司已公開發布之營運及財務業務狀況向投資人說明。","641220211103M001.pdf","641220211103E001.pdf","https://www.chiconypower.com/zh-tw/investor/message","","無","查詢"
"6412","群電","110/12/08","14:35","線上法說會","本公司受邀參加第一金證券舉辦之台股線上論壇，會中就本公司已公開發布之營運及財務業務狀況向投資人說明。","641220211103M001.pdf","641220211103E001.pdf","https://www.chiconypower.com/zh-tw/investor/message","","無","查詢"
"6414","樺漢","110/08/13","14:30","線上法說會","本公司受邀參加國票證券舉辦之法說會， 說明本公司2021年第2季財務及業務相關資訊","641420210813M001.pdf","641420210813E001.pdf","https://www.ennoconn.com/about_zh-tw_97.html","","無","查詢"
"6414","樺漢","110/05/14","14:30","電話會議","本公司受邀參加國票證券舉辦之中文線上法說會，說明本公司2021年第1季財務及業務相關資訊。","641420210514M001.pdf","641420210514E001.pdf","https://www.ennoconn.com/about_zh-tw_97.html","","因疫情影響，本公司5月14日受邀參加國票證券舉辦之法說會，改為中文線上法說會。","查詢"
"6414","樺漢","110/03/29","15:00","台北國際會議中心(TICC) 102會議室
台北市信義區信義路五段1號1樓","本公司受邀參加元大證券舉辦之法說會，
說明本公司2020年第4季財務及業務相關資訊","641420210329M001.pdf","641420210329E001.pdf","https://www.ennoconn.com/about_zh-tw_97.html","","無","查詢"
"6414","樺漢","110/06/08","14:00","電話會議","本公司受邀參加大和國泰證券舉辦之中文線上產業座談會，說明本公司財務及業務相關資訊。","641420210514M001.pdf","641420210514E001.pdf","https://www.ennoconn.com/about_zh-tw_97.html","","無","查詢"
"6414","樺漢","110/11/11","14:00","線上法說會","本公司受邀參加國票證券舉辦之法說會， 說明本公司2021年第3季財務及業務相關資訊","641420211116M001.pdf","641420211116E001.pdf","https://www.ennoconn.com/about_zh-tw_97.html","","無","查詢"
"6415","矽力*-KY","110/09/15","15:00","線上法說會","本公司受邀參加台灣證券交易所及元大證券所舉辦之線上法說會","641520210901M003.pdf","641520210901E003.pdf","https://www.silergy.com/","","無。","查詢"
"6415","矽力*-KY","110/05/13","14:30","電話會議","本公司受邀參加UBS所舉辦之線上法說會，說明2021年第一季營運及業務狀況。 投資人或分析師撥入電話號碼: Country Local Dial-in Toll Free Number Hong Kong +852-3001-3842 800-968-764 China +86-400-810-4761 10800-712-1202 Malaysia 1-800-80-8124 Japan +81-3-6868-2619 0034-800-40-0719 Singapore +65-6883-9208 800-120-4284 Taiwan +886-2-2795-7358 00801-137-694 UK +44-20-7950-6551 0800-279-3590 USA +1-210-795-1143 866-297-1588 Conference ID: 5608391","641520210513M001.pdf","641520210513E001.pdf","https://www.silergy.com/","","無。","查詢"
"6415","矽力*-KY","110/05/29","09:30","電話會議。","本公司受邀參加Macquarie所舉辦之法人說明會，就本公司已公開發布之財務數字、經營績效等相關資訊做說明。","641520210513M001.pdf","641520210513E001.pdf","https://www.silergy.com/","","無。","查詢"
"6415","矽力*-KY","110/04/08 至 110/04/09","07:00","線上法說會","本公司受邀參加寬量國際所舉辦之線上法說會，就本公司已公開發布之財務數字、經營績效等相關資訊做說明。","641520210317M001.pdf","641520210317E001.pdf","https://www.silergy.com/","","無。","查詢"
"6415","矽力*-KY","110/03/23","06:00","線上法說會","本公司受邀參加BofA所舉辦之線上法說會，就本公司已公開發布之財務數字、經營績效等相關資訊做說明。","641520210317M001.pdf","641520210317E001.pdf","https://www.silergy.com/","","無。","查詢"
"6415","矽力*-KY","110/03/17","14:30","電話會議","本公司受邀參加UBS所舉辦之線上法說會，說明2020年第四季營運及業務狀況。 投資人或分析師撥入電話號碼: Country Local Dial-in Toll Free Number Hong Kong +852-3001-3842 800-968-764 China +86-400-810-4761 10800-712-1202 Malaysia 1-800-80-8124 Japan +81-3-6868-2619 0034-800-40-0719 Singapore +65-6883-9208 800-120-4284 Taiwan +886-2-2795-7358 00801-137-694 UK +44-20-7950-6551 0800-279-3590 USA +1-210-795-1143 866-297-1588 Conference ID: 3249198","641520210317M001.pdf","641520210317E001.pdf","https://www.silergy.com/","","無。","查詢"
"6415","矽力*-KY","110/09/01","14:30","線上法說會","本公司受邀參加Morganstanley所舉辦之線上法說會，說明2021年第二季營運及業務狀況。投資人或分析師可透過以下連結參加: 
Register below if you are outside Mainland China: 
https://morganstanley.webcasts.com/starthere.jsp?ei=1489822&amp;tp_key=94bcc4dd08
Register below if you are within Mainland China:
https://morganstanley.gmwebcasts.cn/starthere.jsp?ei=1489822&amp;tp_key=94bcc4dd08","641520210901M002.pdf","641520210901E002.pdf","https://www.silergy.com/","","無","查詢"
"6415","矽力*-KY","110/09/01","19:00","線上法說會","本公司受邀參加Merrill Lynch所舉辦之線上法說會，就本公司已公開發布之財務數字、經營績效等相關資訊做說明。","641520210901M003.pdf","641520210901E003.pdf","https://www.silergy.com/","","無","查詢"
"6415","矽力*-KY","110/09/02","08:00","線上法說會","本公司受邀參加J.P. Morgan所舉辦之線上法說會，就本公司已公開發布之財務數字、經營績效等相關資訊做說明。","641520210901M001.pdf","641520210901E001.pdf","https://www.silergy.com/","","無","查詢"
"6415","矽力*-KY","110/02/23","09:00","線上法說會","本公司受邀參加J.P. Morgan所舉辦之線上法說會，就本公司已公開發布之財務數字、經營績效等相關資訊做說明。","641520210222M001.pdf","641520210222E001.pdf","https://www.silergy.com/","","無。","查詢"
"6415","矽力*-KY","110/09/27","08:00","線上法說會","本公司受邀參加QIC所舉辦之線上法說會，就本公司已公開發布之財務數字、經營績效等相關資訊做說明。","641520210901M002.pdf","641520210901E002.pdf","https://www.silergy.com/","","無。","查詢"
"6415","矽力*-KY","110/11/12","14:30","電話會議","本公司受邀參加UBS所舉辦之線上法說會，說明2021年第三季營運及業務狀況。投資人或分析師可透過以下連結參加:
Region           Local Dial-in          Toll Free Number
Hong Kong     +852-3001-3842         800-968-764
China         +86-400-810-4761       10800-712-1202
Malaysia                             1-800-80-8124
Japan         +81-3-6868-2619         0034-800-40-0719
Singapore     +65-6883-9208           800-120-4284
Taiwan        +886-2-2795-7358        00801-137-694
UK           +44-20-7950-6551        0800-279-3590
USA          +1-210-795-1143         866-297-1588
Conference ID: 3966619","641520211112M001.pdf","641520211112E001.pdf","https://www.silergy.com/","","無。","查詢"
"6415","矽力*-KY","110/11/30","11:00","線上法說會","本公司受邀參加Nomura所舉辦之線上法說會，就本公司已公開發布之財務數字、經營績效等相關資訊做說明。","641520211112M001.pdf","641520211112E001.pdf","https://www.silergy.com/","","無。","查詢"
"6415","矽力*-KY","110/11/19","09:00","線上法說會","本公司受邀參加J.P. Morgan所舉辦之線上法說會，就本公司已公開發布之財務數字、經營績效等相關資訊做說明。","641520211112M001.pdf","641520211112E001.pdf","https://www.silergy.com/","","無","查詢"
"6415","矽力*-KY","110/12/08","15:00","線上法說會","本公司受邀參加Goldman Sachs所舉辦之線上法說會，就本公司已公開發布之財務數字、經營績效等相關資訊做說明。","641520211112M001.pdf","641520211112E001.pdf","https://www.silergy.com/","","無。","查詢"
"6416","瑞祺電通","110/12/03","14:30","線上會議","本公司受邀參加國票證券舉辦之法人說明會","641620211203M001.pdf","641620211203E001.pdf","https://www.cas-well.com/index.html","","無","查詢"
"6426","統新","110/11/17","14:00","高雄市前鎮區中山二路2號九樓之一(大眾財經大樓)","本公司受邀參加台新證券舉辦之法人說明會，說明本公司營運狀況。","642620211215M001.pdf","642620211215E001.pdf","","","完整財務業務資訊請至公開資訊觀測站之法人說明會一覽表或法說會項下查閱。","查詢"
"6431","光麗-KY","110/12/03","14:00","台北市中正區忠孝東路一段85號6F會議室(台中銀證券台北分公司)","報告本公司前三季財務業務狀況及營運方向","643120211203M001.pdf","643120211203E001.pdf","http://www.kskl.com.cn/investors01_t.asp",同步收看網址：:https://webproserver.twse.com.tw/webportal/vod/101/?categoryId=101 法說會影音連結資訊:http://www.kskl.com.cn/investors07_t_06_v01.asp 台灣證券交易所影音傳播網:https://webproserver.twse.com.tw/webportal/vod/101/?categoryId=101 ,"無","查詢"
"6438","迅得","110/04/13","14:10","臺灣證券交易所1樓資訊展示中心(台北市信義區信義路5段7號 (101大樓))","本公司受邀參加台灣證券交易所舉辦之『智慧製造主題式業績發表會』。","643820210506M001.pdf","643820210506E001.pdf","","","無","查詢"
"6438","迅得","110/11/16","14:00","台北君悅酒店3樓 (台北市信義區松壽路2號3樓)","本公司受邀參加台新證券舉辦之「2021年第四季雪亮投資論壇」，就本公司已公開發佈之財務數字、業務狀況等相關資訊做說明。","643820211122M001.pdf","643820211122E001.pdf","","","無","查詢"
"6442","光聖","110/07/23","14:00","線上法說會","本公司受邀參加華南永昌證券所舉辦之線上法說會。","644220210720M001.pdf","644220210720E001.pdf","","","完整財務業務資訊請至公開資訊觀測站之法人說明會一覽表或法說會項目下查閱。","查詢"
"6442","光聖","110/12/14","15:00","德信證券3樓大型會議室
(台北市中正區新生南路一段50號3樓)","本公司受邀參加德信證券所舉辦之法說會","644220211208M001.pdf","644220211208E001.pdf","","","完整財務業務資訊請至公開資訊觀測站之法人說明會一覽表或法說會項目下查閱。","查詢"
"6443","元晶","110/12/14","14:30","元大證券寶慶大樓4樓會議室(台北市寶慶路69號)","本公司受邀參加元大證券所舉辦之法人說明會","644320211213M001.pdf","644320211213E001.pdf","http://www.tsecpv.com/zh-tw/investors/shareholder/irs_02","","相關資訊將依規定揭露於公開資訊觀測站","查詢"
"6446","藥華藥","110/01/12 至 110/01/15","01:00","線上法說會","本公司受邀參加由J.P. Morgan舉辦之38th Annual J.P. Morgan Healthcare Conference，說明本公司之營運概況、財務及業務相關資訊，會議期間為2021年1月11日至2021年1月14日 (美西時間) 。","644620210111M001.pdf","644620210111E001.pdf","","","無","查詢"
"6446","藥華藥","110/04/14 至 110/04/15","10:30","線上法說會","本公司受邀參加由臺灣證券交易所及寬量國際共同主辦之線上法說會「9th Taiwan CEO Week on Air」，說明本公司之營運概況、財務及業務相關資訊。","644620210415M001.pdf","644620210415E001.pdf","","","無","查詢"
"6446","藥華藥","110/10/04 至 110/10/05","09:10","線上法說會","本公司受邀參加由臺灣證券交易所及寬量國際共同主辦之線上法說會「10th Taiwan CEO Week」，說明本公司之營運概況、財務及業務相關資訊。","644620211003M001.pdf","644620211003E001.pdf","","","無。","查詢"
"6446","藥華藥","110/03/25","15:00","線上法說會","本公司受邀參加由美銀證券（BofA Securities）舉辦之線上法說會「BofA 2021 APAC TMT Conference」，說明本公司之營運概況、財務及業務相關資訊。","644620210325M001.pdf","644620210325E001.pdf","","","無","查詢"
"6446","藥華藥","110/03/23","14:00","新光站前摩天大樓16樓(臺北市中正區忠孝西路一段66號)","(1) 本公司受邀參加由元富證券與環球生技月刊舉辦之「台灣罕見疾病藥品大未來」生醫產業趨勢暨企業投資說明會，由本公司醫學長秦小強M.D. Ph.D.擔任專題演講者，講題為「早期血癌罕病治療新契機，真性紅血球增生症」。
(2) 報名網址: https://news.gbimonthly.com/tw/activity/show.php?num=218","644620210323M001.pdf","644620210323E001.pdf","","","無","查詢"
"6446","藥華藥","110/03/16","15:00","線上法說會","(1) 本公司受邀參加由寬量國際舉辦之線上法人說明會，說明本公司之營運概況、財務及業務相關資訊。
(2) 報名網址: https://forms.gle/RyBa96Xp9GTEbqRs6","644620210316M001.pdf","644620210316E001.pdf","","","無。","查詢"
"6446","藥華藥","110/11/15","15:00","台北文創（台北市信義區菸廠路88號6樓會議室）","(1) 本公司受邀參加元富證券舉辦之「2021年11月台股企業日」，說明美國FDA核准真性紅血球增多症新藥Besremi（Ropeginterferon alfa-2b）上市事宜。
(2) 配合新冠肺炎疫情之防疫政策，請與會人員全程配戴口罩、配合量測體溫並填寫健康聲明書，始得進入會場。","644620211115M001.pdf","644620211115E001.pdf","","","無。","查詢"
"6446","藥華藥","110/11/15","17:00","英文場 線上法說會","本公司受邀參加寬量國際舉辦之英文法人說明會，說明本公司之營運概況、財務及業務相關資訊","644620211115M002.pdf","644620211115E002.pdf","","","全程由寬量國際安排舉辦，請與寬量國際洽詢細節。","查詢"
"6446","藥華藥","110/10/07","15:00","線上法說會","(1) 本公司受邀參加由寬量國際舉辦之線上法人說明會，說明本公司之營運概況、財務及業務相關資訊。

(2) 參加方式：會議連結 https://zoomtw.zoom.us/j/99154023750
參與者請於法說會前安裝Zoom視訊會議軟體：
電腦端下載網址：https://zoomnow.net/zntw_zoom_download.php?showType=ALL
手機端下載Zoom：iOS-App Store / Android-Google Play

(3) 報名網址: https://forms.gle/2K1eRJcSj43LFshp9","644620211007M001.pdf","644620211007E001.pdf","","","無。","查詢"
"6449","鈺邦","110/12/07","14:30","福邦證券總公司(台北市忠孝西路一段6號7樓)","本公司受邀參加福邦證券舉辦之法人說明會，說明營運現況及未來展望","644920211207M001.pdf","644920211207E001.pdf","https://www.apaq.com.tw/zh-tw/news/最新消息","","無","查詢"
"6451","訊芯-KY","110/11/19","14:00","(登入收聽網址：http://www.zucast.com/webcast/ywPhagyy)","公司營運情形及未來展望之線上法人說明會","645120211119M003.pdf","645120211119E003.pdf","http://www.zucast.com/webcast/ywPhagyy",同步收看網址：:http://www.zucast.com/webcast/ywPhagyy 法說會影音連結資訊:http://www.zucast.com/webcast/On4WVKQL ,"無","查詢"
"6456","GIS-KY","110/08/20","14:00","台北市復興南路一段209號(線上與實體同時舉行)","本公司將參加元富證券舉辦之法說會，會中將就已公佈之財務數字等相關資訊做說明。","645620210819M001.pdf","645620210819E001.pdf","http://www.gis-touch.com","","無","查詢"
"6456","GIS-KY","110/03/10","14:30","台北文創(台北市信義區菸廠路88號6F)","本公司將參加元富證券舉辦之「2021年3月台股企業日」，會中將就已公佈之財務數字等相關資訊做說明。","645620210309M001.pdf","645620210309E001.pdf","http://www.gis-touch.com","","無","查詢"
"6464","台數科","110/11/17","14:30","台北市中山區建國北路一段96號13樓(台證金融大樓台北廳)","本公司受邀參加台新證券舉辦之法人說明會","646420211116M001.pdf","646420211116E001.pdf","https://www.topmso.com.tw/index.php/tw/investors/conference_briefing","","無","查詢"
"6472","保瑞","110/05/13","14:00","台新金控元廳(台北市仁愛路四段118號2樓)","公司營運近況及未來展望","內容檔案於當日會後公告於公開資訊觀測站","內容檔案於當日會後公告於公開資訊觀測站","https://www.bora-corp.com/tw/investors/shareholders",法說會影音連結資訊:未輸 ,"無","查詢"
"6472","保瑞","110/05/13","14:00","https://www.youtube.com/watch?v=1UO40Ufpwh4","公司營運近況及未來展望","647220210513M001.pdf","647220210513E001.pdf","https://www.bora-corp.com/tw/investors/shareholders",同步收看網址：:https://www.youtube.com/watch?v=1UO40Ufpwh4 法說會影音連結資訊:https://www.youtube.com/watch?v=1UO40Ufpwh4 ,"因疫情影響，本公司5月13日於台新金控元廳舉辦之法說會，改為線上法說會。","查詢"
"6472","保瑞","110/11/18","16:00","櫃買中心網站觀看線上直播(櫃買中心網址:http://www.tpex.org.tw)。","受邀櫃買中心11/18(四)場是(主題為「生技醫療」)之業績發表會。","647220211118M001.pdf","647220211118E001.pdf","",法說會影音連結資訊:https://vimeo.com/647227125 ,"相關資訊將依規定揭露於公開資訊觀測站","查詢"
"6477","安集","110/11/10","14:30","福邦證券股份有限公司(台北市忠孝西路一段6號7樓B會議室)","本公司受邀參加福邦證券股份有限公司舉辦之法人說明會，進行公司簡介並說明營運概況。","647720211110M001.pdf","647720211110E001.pdf","http://www.anjitek.com/","","相關資訊將依規定揭露於公開資訊觀測站。","查詢"
"6491","晶碩","110/05/13","14:00","線上法說會","向法人說明產業狀況與本公司經營績效","649120210514M001.pptx","649120210514E001.pptx","","","無","查詢"
"6491","晶碩","110/03/25","14:00","凱基復興會議室-台北市松山區復興北路167號4樓","向法人說明產業狀況與本公司經營績效","649120210325M001.pptx","649120210325E001.pptx","","","無","查詢"
"6491","晶碩","110/08/17","15:00","線上法說會","本公司將參加花旗環球證券所舉辦之線上法說會，會中就本公司之財務數字、經營績效等相關資訊做說明。","649120210816M001.pptx","649120210816E001.pptx","https://www.pegavision.com/tw/investor3_page03.php","","無","查詢"
"6491","晶碩","110/12/16","14:00","線上法說會","本公司將參加元大證券所舉辦之線上法說會，會中就本公司之財務數字、經營績效等相關資訊做說明。","649120211216M001.pptx","649120211216E001.pptx","https://www.pegavision.com/tw/investor3_page03.php","","無","查詢"
"6504","南六","110/05/11","14:30","臺北文創(台北市信義區菸廠路88號6F)","會中就本公司已公開之財務數字、經營績效等相關資訊做說明，詳情請參閱公開資訊觀測站。","650420210510M001.pdf","650420210510E001.pdf","http://www.e-nonwoven.com.tw/investors.php?id=88","","無。","查詢"
"6505","台塑化","110/09/27","14:30","線上法說會","本公司受國票證券之邀參加線上法人座談會，說明近期營運概況","650520210924M001.pdf","650520210924E001.pdf","http://www.fpcc.com.tw/tw/ir/material-information","","無","查詢"
"6505","台塑化","110/03/18","14:00","匯豐證券(台北市基隆路一段333號)","本公司受匯豐證券之邀參加法人座談會，說明近期營運概況","650520210312M001.pdf","650520210312E001.pdf","http://www.fpcc.com.tw/tw/ir/material-information","","無","查詢"
"6505","台塑化","110/06/24","15:00","線上法說會","本公司受康和證券之邀參加線上法人座談會，說明近期營運概況","650520210623M001.pdf","650520210623E001.pdf","http://www.fpcc.com.tw/tw/ir/material-information","","無","查詢"
"6505","台塑化","110/11/11","15:45","線上法說會","本公司受元富證券之邀參加11月台股企業日活動，說明近期營運概況。","650520211103M001.pdf","650520211103E001.pdf","http://www.fpcc.com.tw/tw/ir/material-information","","無","查詢"
"6515","穎崴","110/04/07 至 110/04/08","10:20","線上法說會（臺灣）","本公司受邀參加由臺灣證券交易所及寬量國際共同主辦之線上法說會「9th Taiwan CEO Week on Air」，說明本公司之營運概況、財務及業務相關資訊。","651520210406M001.pdf","651520210406E001.pdf","https://www.winwayglobal.com/","","無","查詢"
"6515","穎崴","110/11/25","14:30","線上法說會","受兆豐證券股份有限公司邀請參加線上法人說明會, 說明本公司營運概況","651520211125M001.pdf","651520211125E001.pdf","https://www.winwayglobal.com/tw/investors#investor-100","","會議資料將於法說會後揭露於公開資訊觀測站及公司網站。","查詢"
"6515","穎崴","110/12/27","14:30","集思交通部國際會議中心(台北市杭州南路一段24號)","本公司受邀參加凱基證券舉辦之法人說明會, 說明本公司營運概況","651520211227M001.pdf","651520211227E001.pdf","https://www.winwayglobal.com/tw/investors#investor-100","","會議資料將於法說會後揭露於公開資訊觀測站及公司網站。","查詢"
"6525","捷敏-KY","110/04/09","14:30","臺灣證券交易所1樓資訊展示中心（台北市信義路五段7號)","所屬產業概況及營運成果說明","652520210408M001.pdf","652520210408E001.pdf","http://www.gemservices.com/","","無","查詢"
"6531","愛普*","110/08/03","14:30","線上法說會","本公司將舉行線上法人說明會，說明110年第二季度營運與財務概況，並回答投資人提問。
有意參加者可透過網路連結以下網址參加線上法人說明會，網址:http://www.zucast.com/webcast/sszTExTk
，欲提問之投資人請撥打下列免費電話號碼參加會議，
台灣: 0800-080-059
香港: 800-968-966
新加坡: 800-886-1064
美國: 1-866-836-0101
國際線: +886-2-2192-8018
電話接通後，請按密碼: 676170 #","653120210803M001.pdf","653120210803E001.pdf","https://www.apmemory.com/zh-hant/investors/investors-meeting/",中文影音檔網址:6531_15_20210803_ch.mp4 ,"無。","查詢"
"6531","愛普*","110/05/11","14:30","臺灣證券交易所1樓資訊展示中心
(台北市信義路五段7號)","本公司110年第一季度營運與財務概況說明","653120210511M001.pdf","653120210511E001.pdf","https://www.apmemory.com/zh-hant/investors/investors-meeting/",同步收看網址：:https://webpro.twse.com.tw/webportal/?liveChannelId=1 法說會影音連結資訊:https://webpro.twse.com.tw/webportal/vod/101/C79FB926DAA6-31EEEE07-B228-11EB-882F/?categoryId=101 ,"疫情嚴峻，請多利用證交所網頁同步觀看與會。現場將依防疫規定管制參加人數。請見諒。","查詢"
"6531","愛普*","110/03/16","14:30","台北市松山區復興北路99號2樓；線上會議:https://reurl.cc/pm90lb","本公司受邀參加元大證券舉辦之法人說明會，說明本公司之營運概況及財務、業務相關資訊。","653120210316M001.pdf","653120210316E001.pdf","https://www.apmemory.com/investors/investors-meeting/",中文影音檔網址:6531_13_20210316_ch.mp4 ,"考量防疫，請以線上會議方式與會(會議密碼：6531)。與會人員需配戴口罩並量測體溫","查詢"
"6531","愛普*","110/09/07","12:00","線上會議","本公司受邀參加Macquarie Conference Asia Tech Access Day，說明本公司營運概況。","653120210906M001.pdf","653120210906E001.pdf","https://www.apmemory.com/zh-hant/investors/investor-events-n/","","無。","查詢"
"6531","愛普*","110/09/27 至 110/09/30","10:00","線上會議","本公司受野村證券、施羅德投信、麥格理資本、摩根大通證券及Mondrian Investment Partners Ltd.邀請，線上參加投資人會議。會中就本公司已公開發佈之財務數字、經營績效等相關資訊做說明。","653120210926M001.pdf","653120210926E001.pdf","","","無。","查詢"
"6531","愛普*","110/11/11 至 110/11/15","10:00","線上會議","本公司受邀參加J.P. Morgan舉辦之「2021 Global TMT Conference in Asia」線上法說會，說明公司近期營運成果及未來展望。","653120211110M001.pdf","653120211110E001.pdf","","","無。","查詢"
"6531","愛普*","110/12/01 至 110/12/02","09:00","線上會議","應邀參加瑞士信貸舉辦之海外投資人會議","653120211110M001.pdf","653120211110E001.pdf","","","無","查詢"
"6531","愛普*","110/11/02","14:30","線上法說會","本公司將舉行線上法人說明會，說明110年第三季度營運與財務概況，並回答投資人提問。 有意參加者可透過網路連結以下網址參加線上法人說明會， 
網址: http://www.zucast.com/webcast/SCQ49ehA
欲提問之投資人請撥打下列免費電話號碼參加會議，
台灣: 0800-080-059
大陸: 800-803-6015 (需由市話撥打)
香港: 800-968-966
新加坡: 800-886-1064
美國: 1-866-836-0101
國際線: +886-2-2192-8018
電話接通後，請按密碼: 407566 #","653120211102M001.pdf","653120211102E001.pdf","https://www.apmemory.com/zh-hant/investors/investor-events-n/",中文影音檔網址:6531_18_20211102_ch.mp4 ,"無。","查詢"
"6533","晶心科","110/05/07","15:00","英文線上論壇","本公司受邀參加永豐金證券舉辦之「Taiwan Stock Exchange &amp; SinoPac co-hosted Virtual Conference 2021」英文線上論壇，就公司營運及產業概況說明。","653320210506M001.pdf","653320210506E001.pdf","http://www.andestech.com/tw/法人說明會召開資訊/","","無","查詢"
"6533","晶心科","110/05/11","15:45","臺北文創六樓(台北市菸廠路88號)","本公司受邀參加元富證券於臺北文創舉辦之「五月台股企業日」。","653320210511M001.pdf","653320210511E001.pdf","http://www.andestech.com/tw/法人說明會召開資訊/","","無","查詢"
"6533","晶心科","110/09/14","15:45","線上座談會","本公司受邀參加元富證券所舉辦之法說會「2021年9月台股企業日」","653320210913M001.pdf","653320210913E001.pdf","http://www.andestech.com/tw/法人說明會召開資訊/","","無","查詢"
"6533","晶心科","110/01/07","09:00","線上會議","本公司受邀參加JPMorgan 摩根大通證券舉辦之Taiwan Semi IP &amp; Design Enablement Tour線上會議，會中說明本公司概況。","653320210106M001.pdf","653320210106E001.pdf","http://www.andestech.com/tw/法人說明會召開資訊/","","無","查詢"
"6533","晶心科","110/08/17","14:30","線上法說會","本公司於110/08/17召開第二季線上法人說明會，報告2021年第二季營運成果及公司未來展望","653320210817M001.pdf","653320210817E001.pdf","http://www.andestech.com/tw/法人說明會召開資訊/",同步收看網址：:https://zoom.us/j/99064078418 法說會影音連結資訊:https://www.youtube.com/watch?v=3b2L8qKH-Gk ,"無","查詢"
"6533","晶心科","110/09/02","09:30","線上座談會","本公司受邀參加ICA專顧資本與證券櫃檯買賣中心合辦之探索台股主題論壇","653320210817M001.pdf","653320210817E001.pdf","http://www.andestech.com/tw/法人說明會召開資訊/","","無","查詢"
"6533","晶心科","110/04/09","14:00","宏遠證券七樓會議室(台北市信義路四段236號7樓)","本公司受邀參加宏遠證券股份有限公司所舉辦之&amp;LT;2021年台股半導體相關產業投資論壇&gt; 。","653320210305M001.pdf","653320210305E001.pdf","http://www.andestech.com/tw/法人說明會召開資訊/","","無","查詢"
"6533","晶心科","110/03/18","09:00","線上法說會","本公司受邀參加美銀證券舉辦之「2021 APAC TMT Conference」，會中說明本公司近期之營運成果及未來展望。","653320210305M001.pdf","653320210305E001.pdf","http://www.andestech.com/tw/法人說明會召開資訊/","","無","查詢"
"6533","晶心科","110/03/19","11:00","張榮發基金會國際會議中心10F (台北市中正區中山南路11 號)","本公司受邀參加凱基證券舉辦之「2021年第一季投資論壇」","653320210305M001.pdf","653320210305E001.pdf","http://www.andestech.com/tw/法人說明會召開資訊/","","無","查詢"
"6533","晶心科","110/03/09","16:00","線上法說會","本公司受邀參加永豐金證券舉辦之2021 Q1線上論壇","653320210305M001.pdf","653320210305E001.pdf","http://www.andestech.com/tw/法人說明會召開資訊/","","無","查詢"
"6533","晶心科","110/03/05","14:30","線上法說會","本公司受凱基證券邀請參加線上法說會，會中說明本公司近期之營運成果及未來展望。","653320210305M001.pdf","653320210305E001.pdf","http://www.andestech.com/tw/法人說明會召開資訊/","","無","查詢"
"6533","晶心科","110/07/14 至 110/07/16","09:00","線上會議","本公司受邀參加瑞士信貸舉辦之海外投資人會議","653320210511M001.pdf","653320210511E001.pdf","http://www.andestech.com/tw/法人說明會召開資訊/","","無","查詢"
"6533","晶心科","110/10/26","10:00","線上法說會","本公司受邀參加野村證券舉辦之「Nomura Virtual Taiwan Corporate Day 2021」，說明本公司財務及業務相關資訊","653320211022M001.pdf","653320211022E001.pdf","http://www.andestech.com/tw/法人說明會召開資訊/","","無","查詢"
"6533","晶心科","110/11/17","14:30","線上法說會","本公司於110/11/17召開第三季線上法人說明會，報告
2021年第三季營運成果及公司未來展望","653320211116M001.pdf","653320211116E001.pdf","http://www.andestech.com/tw/法人說明會召開資訊/",同步收看網址：:https://zoom.us/w/94778522448 法說會影音連結資訊:https://youtu.be/_oBHz2_4y7E ,"無","查詢"
"6541","泰福-KY","110/01/26","14:00","統一證券15樓會議室(台北市松山區東興路8號15樓)","本公司受邀參加統一證券舉辦之法人說明會，會中將說明本公司之業務狀況資訊及未來展望。","654120210126M001.pdf","654120210126E001.pdf","","","配合新冠疫情因素，與會者請全程配戴口罩。","查詢"
"6541","泰福-KY","110/04/27","14:30","台北市敦化南路二段97號11樓 （敦南摩天大廈-元富證券11樓教育訓練室）","本公司受邀參加元富證券舉辦之法人說明會，會中將說明本公司之產品現況及未來發展計畫。","654120210427M001.pdf","654120210427E001.pdf","","","完整財務業務資訊請至公開資訊觀測站查閱。","查詢"
"6552","易華電","110/12/16","14:00","高雄市前鎮區中山二路2號九樓之一","本公司會中將就本公司已公開發佈之財務業務等相關資訊做說明。","655220211216M001.pdf","655220211216E001.pdf","http://www.jmct.com.tw/","","無","查詢"
"6558","興能高","110/05/20","14:30","線上法人說明會","本公司受邀參加由凱基證券舉辦之線上法人說明會","655820210520M001.pptx","655820210520E001.pptx","","","無","查詢"
"6573","虹揚-KY","110/06/01","14:30","線上法說會","說明公司109年營運成果及110年未來展望","657320210528M002.pdf","657320210528E002.pdf","http://www.hygroup.com.tw/tw-ww/investors/conference.aspx",同步收看網址：:https://webpro.twse.com.tw/webportal/schedule/ ,"無","查詢"
"6573","虹揚-KY","110/11/25","14:00","線上法說會","本公司受邀參加康和證券舉辦之法人說明會，主要內容為公司營運說明。","657320211124M002.pdf","657320211124E002.pdf","http://www.hygroup.com.tw/tw-ww/investors/conference.aspx","","無","查詢"
"6579","研揚","110/08/20","15:00","台新證券大樓(台北市中山區建國北路一段96號B1樓)","本公司受邀參加台新證券舉辦之法說會，說明公司營運及財務相關狀況","657920210819M001.pdf","657920210819E001.pdf","https://www.aaeon.com/tw/ai/investors-conference","","無","查詢"
"6579","研揚","110/12/29","14:30","線上會議","說明公司營運及財務相關狀況","657920211228M001.pdf","657920211228E001.pdf","https://www.aaeon.com/tw/ai/investors-conference",法說會影音連結資訊:https://youtu.be/JzORaUO3PYE ,"無","查詢"
"6581","鋼聯","110/01/18","14:30","台北君悅酒店凱悅廳二區(台北市信義區松壽路2號3樓)","本公司受邀參加康和證券舉辦之法說會，說明本公司之營運、財務及業務狀況。","658120210118M001.pptx","658120210118E001.pptx","https://www.tsutw.com.tw/index.php",法說會影音連結資訊:https://www.youtube.com/watch?v=kCD9FLWQrJw&t=61s ,"無。","查詢"
"6582","申豐","110/12/13","14:00","永豐金證券(台北市重慶南路一段2號20樓)","本公司受邀法人說明會，說明營運結果","658220211213M001.pdf","658220211213E001.pdf","","","無","查詢"
"6589","台康生技","110/09/02","14:00","線上座談會","本公司受邀參加，ICA專顧資本與證券櫃檯買賣中心
合辦之『探索台股主題論壇』，並就本公司營運狀況做一說明。","658920210902M001.pdf","658920210902E001.pdf","http://www.eirgenix.com/","","無。完整財務業務資訊請至公開資訊觀測站之法人說明會一覽表或法說會項目下查閱。","查詢"
"6589","台康生技","110/08/25","15:20","ZOOM會議號碼：968 7448 4015","本公司受邀參加群益金鼎證券第三季線上投資論壇，
會中說明本公司已公開發布之營運及財務業務狀況。","658920210825M001.pdf","658920210825E001.pdf","http://www.eirgenix.com/en/investor/03.aspx?unit=3","","敬請洽群益證林先生索取會議密碼(02)87808888 #597或Jerry.lin@capital.com.tw","查詢"
"6589","台康生技","110/05/11","15:45","台北市信義區菸廠路88號6樓","本公司受邀參加元富證券舉辦之法人說明會","658920210511M001.pdf","658920210511E001.pdf","http://www.eirgenix.com/index_c.aspx","","無","查詢"
"6589","台康生技","110/06/09","15:30","會議連結資訊
02-7724-9381","本公司受邀參加元大金控2021線上亞洲投資創富論壇，
會中就本公司已公開發布之營運及財務業務狀況
向投資人說明。","658920210609M001.pdf","658920210609E001.pdf","http://www.eirgenix.com","","無","查詢"
"6591","動力-KY","110/03/30","14:30","康和綜合證券總公司B2大會議廳
(台北市信義區基隆路一段176號B2)","本公司受邀參加康和綜合證券股份有限公司舉辦法人說明會，說明本公司之營運概況及財務業務相關資訊。","659120210326M003.pdf","659120210326E003.pdf","http://www.sun-max.com.tw/tw/investor.html","","無","查詢"
"6591","動力-KY","110/11/26","09:30","台北寒舍艾美酒店－北河廳 
(台北市信義區松仁路38號2樓)","受邀參加元大證券舉辦之2022年投資論壇","659120211124M001.pdf","659120211124E001.pdf","https://www.sun-max.com.tw/investor_tw.php?id=20","","無","查詢"
"6592","和潤企業","110/06/03","14:30","線上法人說明會","說明本公司2021年第一季營運成果。","659220210603M001.pdf","659220210603E001.pdf","https://www.hfcfinance.com.tw/HFCIPO/zh-TW/Investor/Seminar","","報名請洽https://forms.gle/QNZnqUm8PCGXtGUX7","查詢"
"6592","和潤企業","110/03/31","14:30","台北市中山區建國北路一段96號B1會議室(台証金融大樓 B1會議室)","說明本公司2020年度營運成果","659220210331M002.pdf","659220210331E002.pdf","https://www.hfcfinance.com.tw/HFCIPO/zh-TW/Investor/Seminar","","無","查詢"
"6592","和潤企業","110/09/02","15:40","台北國際會議中心101AB會議室(台北市信義路五段1號)","說明本公司2021年第二季營運成果。","659220210902M001.pdf","659220210902E001.pdf","https://www.hfcfinance.com.tw/HFCIPO/zh-TW/Investor/Seminar","","報名請洽https://www.surveycake.com/s/xB7N9","查詢"
"6592","和潤企業","110/11/24","15:00","台新銀行建北大樓B1會議室(台北市中山區建國北路二段17號B1)","說明本公司2021年第三季營運成果。","659220211122M003.pdf","659220211122E003.pdf","https://www.hfcfinance.com.tw/HFCIPO/zh-TW/Investor/Seminar","","報名請洽 https://www.surveycake.com/s/BQQBa","查詢"
"6598","ABC-KY","110/07/23","15:00","線上法說會
報名請洽永豐金證券 鄒小姐(02)-23823207。","本公司受邀參加永豐金證券舉辦之線上法人說明會，說明本公司營運概況及未來展望。","659820210721M001.pdf","659820210721E001.pdf","","","無。","查詢"
"6598","ABC-KY","110/06/23","14:00","線上出席。","受邀參加論壇「新興傳染疾病發展趨勢與挑戰」。","659820210622M002.pdf","659820210622E002.pdf","","","無。","查詢"
"6598","ABC-KY","110/11/23","14:00","台北市南京東路二段85號7樓","本公司受邀參加日盛證券舉辦之法人說明會，說明本公司營運概況及未來展望。
報名請洽日盛證券 林小姐 (02)2504-8888 #7208或
Email:Irene0517@jsun.com","659820211119M001.pdf","659820211119E001.pdf","","","無。","查詢"
"6598","ABC-KY","110/11/23","14:00","台北市南京東路二段85號7樓
報名請洽日盛證券 林小姐 (02)2504-8888 #7208","本公司受邀參加日盛證券舉辦之法人說明會，說明本公司營運概況及未來展望。","659820211119M001.pdf","659820211119E001.pdf","","","無。","查詢"
"6605","帝寶","110/12/29","15:00","台北市松山區民生東路四段54號4樓 會議室","本公司受邀參加華南永昌綜合證券舉辦之法人說明會，向法人說明本公司營運概況。","660520211224M001.pdf","660520211224E001.pdf","","","無","查詢"
"6625","必應","110/12/21","14:30","台北市建國北路一段96號13樓(台証金融大樓 台北廳)","本公司受邀參加台新證券舉辦之法人說明會，報告本公司營運狀況。","662520211221M001.pdf","662520211221E001.pdf","http://www.bin-live.com","","無。","查詢"
"6641","基士德-KY","110/03/24","15:30","臺灣證券交易所1樓資訊展示中心(台北市信義區信義路五段7號)","本公司受邀參加臺灣證券交易所舉辦之財務業務說明會，說明本公司之營運概況。","664120210322M001.pdf","664120210322E001.pdf","http://www.gsd.net.tw/","","無","查詢"
"6641","基士德-KY","110/11/11","14:00","線上法說會","本公司受邀參加永豐金證券舉辦之線上法人說明會，說明本公司之營運概況。","664120211110M002.pdf","664120211110E002.pdf","http://www.gsd.net.tw/","","報名請洽永豐金證券鄒小姐(02)2382-3207或mail：joyce.tsou@sinopac.com","查詢"
"6655","科定","110/10/21","14:30","線上法說會","本公司受邀參加國票綜合證券舉辦之法人說明會，說明本公司近期營運概況。","665520211021M001.pdf","665520211021E001.pdf","","","完整財務業務資訊請至公開資訊觀測站之法人說明會一覽表或法說會項目下查閱。","查詢"
"6666","羅麗芬-KY","110/12/14","15:45","台北市信義區菸廠路88號6F(臺北文創)","本公司受邀參加元富證券舉辦12月台股企業日。","666620211213M001.pdf","666620211213E001.pdf","https://luolifen.com/tc/join1-33.html","","無。","查詢"
"6668","中揚光","110/09/15","14:00","線上法人說明會","受邀參加元大證券舉辦之法人說明會","666820210914M001.pdf","666820210914E001.pdf","http://www.zy-tech.com.tw/page/about/index.aspx?kind=36","","無","查詢"
"6669","緯穎","110/11/10","09:00","電話會議","本公司受邀參加Citi Research舉辦之電話會議，說明營運概況。","666920211105M001.pdf","666920211105E001.pdf","https://www.wiwynn.com/zh-hant/investors/shareholder-services/#investor-meetings","","無","查詢"
"6669","緯穎","110/07/14","14:00","電話會議","本公司受邀參加Citi Research舉辦之電話會議，說明營運概況。","666920210713M001.pdf","666920210713E001.pdf","https://www.wiwynn.com/zh-hant/investors/shareholder-services/#investor-meetings","","無","查詢"
"6670","復盛應用","110/05/20","15:00","線上法說會","本公司受邀參加富邦證券舉辦之線上法人說明會，說明2021年第一季營運狀況。","667020210520M001.pdf","667020210520E001.pdf","https://www.fusheng-precision.com/copy-of-8","","報名請洽富邦證券法人部vina.chen@fubon.com。","查詢"
"6670","復盛應用","110/04/06","14:30","宏遠證券(台北市信義路四段236號7樓)","本公司受邀參加宏遠證券舉辦之法說會，說明2020年第四季營運狀況。","667020210407M001.pdf","667020210407E001.pdf","https://www.fusheng-precision.com/copy-of-8","","無","查詢"
"6670","復盛應用","110/09/03","16:00","線上法說會","本公司受邀參加富邦證券舉辦之法人說明會，說明2021年第二季營運狀況。","667020210903M001.pdf","667020210903E001.pdf","https://www.fusheng-precision.com/copy-of-8","","無","查詢"
"6670","復盛應用","110/12/01","15:00","線上法說會","本公司受邀參加花旗證券舉辦之法人說明會，說明2021年第三季營運狀況。","667020211201M001.pdf","667020211201E001.pdf","https://www.fusheng-precision.com/copy-of-8","","無","查詢"
"6671","三能-KY","110/09/14","14:00","線上法說會","本公司受邀參加兆豐證券(股)公司所舉辦之法人說明會，說明本公司2021年第2季營業成果及未來營運展望。 報名網址：https://forms.gle/DgcTMvu8AQWS4xf29，活動內容詢問電話：(02) 3322-7245 葉小姐","667120210914M001.pdf","667120210914E001.pdf","https://www.sannenggroup.com/2_investment.html","","報名請洽兆豐葉小姐 (02)3322-7245   E-mail:yvonne_yeh@megasec.com.tw","查詢"
"6671","三能-KY","110/03/30","15:30","台北市信義路5段7號（臺灣證券交易所1樓資訊展示中心）","本公司受邀參加臺灣證券交易所舉辦之『110年第1季第一上市公司財務業務說明會』，說明本公司2020年度營業成果及未來營運展望。","667120210329M002.pdf","667120210329E002.pdf","https://www.sannenggroup.com/2_investment.html","","無","查詢"
"6672","騰輝電子-KY","110/08/03","10:00","線上法人說明會","本公司將參加Cathay Securities所舉辦之線上法說會 -「Aug.2021 Cathay Securities Taiwan Symposium」","667220210727M001.pdf","667220210727E001.pdf","","","無","查詢"
"6672","騰輝電子-KY","110/06/09","14:30","線上法人說明會","本公司受邀參加群益金鼎證券舉辦之線上法人說明會，說明公司營運成果及未來營運展望。

報名網址：https://forms.gle/FUp7YjUyWna8EcMg8
活動內容詢問電話：(02)8789-8888分機5132吳小姐","667220210602M001.pdf","667220210602E001.pdf","","","無","查詢"
"6672","騰輝電子-KY","110/04/12","13:30","線上法人說明會","本公司受邀參加由臺灣證券交易所及寬量國際共同主辦之線上法說會「9thTaiwan CEO Week on Air」。","667220210408M001.pdf","667220210408E001.pdf","","","完整財務業務資訊請至公開資訊觀測站之法人說明會一覽表或法說會項目下查閱。","查詢"
"6672","騰輝電子-KY","110/12/22","14:00","線上法說會","本公司受邀參加元大證券主辦之線上法說會，說明本公司營業概況。","667220211221M001.pdf","667220211221E001.pdf","","","無","查詢"
"6674","鋐寶科技","110/11/09","14:30","線上法說會","本公司受凱基證券邀請，參加其舉辦之國內投資人會議，針對本公司營運概況及未來展望做說明。","667420211109M001.pdf","667420211109E001.pdf","http://www.icbn.com.tw","","無","查詢"
"6689","伊雲谷","110/04/15","09:10","線上法說會(台灣)","本公司受邀參加由臺灣證券交易所及寬量國際共同主辦之線上法說會「9th Taiwan CEO Week on Air」，說明本公司之營運概況、財務及業務相關資訊。","668920210413M001.pdf","668920210413E001.pdf","https://www.ecloudvalley.com/zh-hant/investors/shareholder-services/","","相關資訊請至公開資訊觀測站之法人說明會一覽表或法說會項目下查閱。","查詢"
"6689","伊雲谷","110/03/26","09:00","線上法說會(台灣)","本公司受邀參加美林證券舉辦之「2021 APAC TMT Conference」","668920210325M001.pdf","668920210325E001.pdf","https://www.ecloudvalley.com/zh-hant/investors/shareholder-services/","","相關資訊請至公開資訊觀測站之法人說明會一覽表或法說會項目下查閱。","查詢"
"6689","伊雲谷","110/06/22","09:00","線上法說會(台灣)","本公司將參加瑞銀證券所舉辦之線上法說會-『UBS Taiwan Virtual Conference 2021』","668920210621M001.pdf","668920210621E001.pdf","https://www.ecloudvalley.com/zh-hant/investors/shareholder-services/","","相關資訊請至公開資訊觀測站之法人說明會一覽表或法說會項目下查閱。","查詢"
"6691","洋基工程","110/12/01","14:30","線上直播方式舉辦上市前業績發表會","(1)受疫情影響，本次業績發表會改以線上直播方式呈現，敬邀 貴單位觀看。
(2)線上直播作業敬請至YOUTUBE搜尋【洋基工程上市前業績發表會】即可觀看，QA提問請EMAIL至YankeyInvestor@yankey.com.tw。
(3)本次業績發表會將由本公司經營團隊說明產業發展、財務業務狀況、未來風險、臺灣證券交易所股份有限公司董事會暨上市審議委員會要求補充揭露事項。","669120211130M001.pdf","669120211130E001.pdf","http://www.yankey.com.tw/Investment/conference","","無","查詢"
"6691","洋基工程","110/11/17","15:00","富邦國際會議中心(台北市敦化南路一段108號地下二樓)","本公司受邀參加富邦綜合證券舉辦之法人說明會","669120211116M001.pdf","669120211116E001.pdf","http://www.yankey.com.tw/Investment/conference","","因應防疫需求，參加來賓除於進場時須量體溫外，會議全程須戴口罩。","查詢"
"6698","旭暉應材","110/12/22","14:30","線上法說會","本公司受邀參加兆豐證券舉辦之線上法人說明會，說明本公司營運概況。","669820211221M001.pdf","669820211221E001.pdf","http://www.fine-mat.com/investor/investor_5/","","法說會報名網址 https://forms.gle/yLscPMvLFmyfNf729","查詢"
"6706","惠特","110/04/09","14:30","臺大醫院國際會議中心401廳(地址:台北市中正區徐州路2號)","本公司受邀參加凱基證券舉辦之法人說明會，說明本公司營運概況以及未來展望。","670620210409M001.pdf","670620210409E001.pdf","https://zh-tw.fittech.com.tw/","","無","查詢"
"6706","惠特","110/12/07","15:20","線上法說會","本公司受邀參加凱基證券舉辦之2021年第四季KGI線上投資論壇，說明本公司營運概況以及未來展望。","670620211207M001.pdf","670620211207E001.pdf","https://zh-tw.fittech.com.tw/","","無","查詢"
"6715","嘉基","110/09/16","14:30","線上法說會","本公司受邀參加宏遠證券舉辦之線上法人說明會，說明本公司110年第二季營運成果","671520210916M001.pdf","671520210916E001.pdf","https://www.lintestech.com/investors_02-04.html","","報名請洽：michelle.wang@honsec.com.tw","查詢"
"6719","力智","110/03/10","14:30","台北凱撒大飯店3樓凱撒廳(台北市中正區忠孝西路一段38號3樓)","本公司受邀參加福邦證券舉辦之興櫃前法人說明會，會中說明本公司營運概況與展望。","671920210309M001.pdf","671920210309E001.pdf","","","無","查詢"
"6719","力智","110/12/09","14:30","台北君悅酒店3樓 凱悅廳一區 (台北市信義區松壽路2號)","(1)本公司依「有價證券初次上市前業績發表會實施要點規定」，於上市前辦理股票初次上市前業績發表會。
(2)本次業績發表會將由本公司經營團隊說明產業發展、財務業務狀況、未來風險、公司治理及企業社會責任、臺灣證券交易所股份有限公司董事會暨上市審議委員會要求補充揭露事項。
(3)因考量防疫措施之場地與人數限制，現場開放參加之名額有限，欲現場參與本次業績發表會之貴賓，敬請事先報名，若無法成功報名者，可於線上觀看同步直播。
(4)欲現場參加者，事先報名網址: https://www.surveycake.com/s/w9O6l。
(5)線上觀看者，敬請於召開時間至YOUTUBE-搜尋【力智電子上市前業績發表會】即可觀看，線上若有需詢問問題提問請MAIL至upi_ir@upi-semi.com。","671920211208M002.pdf","671920211208E002.pdf","https://www.upi-semi.com/tw-article-upi-734-2439","","無","查詢"
"6742","澤米","110/11/04","14:30","台北國際會議中心 1 樓 102 會議室 (台北市信義區信義路五段1號)","本公司受邀參加中國信託證券舉辦之興櫃前法人說明會","674220211103M001.pdf","674220211103E001.pdf","","","為配合政府防疫措施，室內人數上限80人，請於入場時請全程配戴口罩。","查詢"
"6743","安普新","110/12/14","14:30","台北市南港區經貿二路188號13樓1302會議室(中信金控總部B棟13樓)","財務及營運展望報告","674320211214M001.pdf","674320211214E001.pdf","https://www.ampacscorp.com/zh-tw/ir/internal","","無","查詢"
"6754","匯僑設計","110/11/17","15:40","臺灣證券交易所(101大樓)1樓資訊展示中心","(1)本公司受邀參加臺灣證券交易所舉辦之「民生消費暨新上市」主題式業績發表會。","內容檔案於當日會後公告於公開資訊觀測站","內容檔案於當日會後公告於公開資訊觀測站","http://www.richhonour.com/tw/investors.html",同步收看網址：:https://webpro.twse.com.tw/webportal/?liveChannelId=1 ,"無","查詢"
"6754","匯僑設計","110/11/17","15:40","臺灣證券交易所(101大樓)1樓資訊展示中心","臺灣證券交易所舉辦之「民生消費暨新上市」主題式業績發表會","675420211117M001.pdf","675420211117E001.pdf","http://www.richhonour.com/tw/investors.html",同步收看網址：:https://webpro.twse.com.tw/webportal/?liveChannelId=1 法說會影音連結資訊:https://webpro.twse.com.tw/webportal/vod/101/1BA00471D40D-8376BC63-4782-11EC-BECC/?categoryId=101 ,"無","查詢"
"6756","威鋒電子","110/05/04","14:30","宏泰金融大樓11樓 (台北市民生東路三段156號11樓)","本公司受邀參加群益金鼎證券舉辦之法人說明會，就本公司已公開發佈之訊息作說明。","675620210429M001.pdf","675620210429E001.pdf","https://www.via-labs.com/investor_activity.php","","簡報資料將於會後上傳及公布於公司網站。","查詢"
"6756","威鋒電子","110/11/05","14:30","線上法說會","本公司受邀參加富邦證券舉辦之線上法人說明會，就本公司已公開發佈之訊息作說明。","675620211104M001.pptx","675620211104E001.pptx","https://www.via-labs.com/investor_activity.php","","無","查詢"
"6768","志強-KY","110/09/08","15:30","臺灣證券交易所1樓資訊展示中心(台北市信義路五段7號)","本公司受臺灣證券交易所邀請參加第一上市公司線上財務業務說明會","676820210907M002.pdf","676820210907E002.pdf","",同步收看網址：:https://webpro.twse.com.tw/webportal/schedule/ ,"無","查詢"
"6768","志強-KY","110/06/09","14:15","線上法說會","本公司受元大金控邀請，參加其舉辦之「2021元大金控線上亞洲投資創富論壇。","676820210708M002.pdf","676820210708E002.pdf","","","無","查詢"
"6768","志強-KY","110/03/18","14:30","台北君悅酒店三樓凱悅廳I區(台北市信義區松壽路2號)","本次業績發表會將由本公司之經營團隊向各界先進說明產業發展、財務業務狀況、未來風險、公司治理及企業社會責任、上市審議委員會暨臺灣證券交易所股份有限公司要求本公司於公開說明書及評估報告補充揭露事項。","676820210709M001.pdf","676820210709E001.pdf","http://www.sportsgear.com.tw/investors.html","","無","查詢"
"6768","志強-KY","110/09/17","14:00","線上投資論壇","向法人說明產業狀況與本公司經營績效","676820210907M002.pdf","676820210907E002.pdf","","","無","查詢"
"6768","志強-KY","110/11/11","14:00","線上法說會","本公司受邀參加元大證券舉辦之線上法說會，報告本公司營運狀況。","676820211110M003.pdf","676820211110E003.pdf","","","無","查詢"
"6770","力積電","110/06/21","16:00","線上","本公司受邀參加UBS舉辦之投資人說明會","677020210618M001.pdf","677020210618E001.pdf","","","無","查詢"
"6770","力積電","110/06/09","13:00","線上法人座談會","本公司受邀參加元大證券公司舉辦的線上法人座談會","677020210608M001.pdf","677020210608E001.pdf","","","無","查詢"
"6770","力積電","110/06/10","15:40","線上法人座談會","本公司受邀參加國泰證券舉辦之第二季產業論壇","677020210608M001.pdf","677020210608E001.pdf","","","無","查詢"
"6770","力積電","110/06/04","15:30","線上法說會","本公司受邀參加凱基證券公司舉辦的線上法人說明會","677020210603M001.pdf","677020210603E001.pdf","","","無","查詢"
"6770","力積電","110/04/07 至 110/04/08","14:00","線上法說會","本公司受邀參加由臺灣證券交易所及寬量國際共同主辦之線上法說會「9th Taiwan CEO Week on Air」","677020210406M001.ppt","677020210406E001.ppt","","","無","查詢"
"6770","力積電","110/04/07 至 110/04/08","14:00","線上法說會","本公司應邀參加由瑞士信貸證券公司舉辦的線上企業概況說明會","677020210407M001.pdf","677020210407E001.pdf","","","更正:本公司未參加臺灣證券交易所及寬量國際共同主辦之線上法說會","查詢"
"6770","力積電","110/11/10","14:30","線上直播方式舉辦上市前業績發表會","(1)配合防疫措施，本次業績發表會以線上直播方式呈現，敬邀　貴單位觀看。
(2)線上直播作業敬請至YOUTUBE搜尋【力晶積成電子6770上市前業績發表會】https://www.youtube.com/watch?v=B5nfJDVxRYY即可觀看，QA提問請MAIL至IR@powerchip.com。
(3)本次業績發表會將由本公司經營團隊說明產業發展、財務業務狀況、未來風險、臺灣證券交易所股份有限公司董事會暨上市審議委員會要求補充揭露事項。","677020211109M001.pdf","677020211109E001.pdf","https://www.powerchip.com/","","無","查詢"
"6770","力積電","110/11/23","15:00","線上","本公司受邀參加瑞士信貸集團舉辦之NDR (Non-Deal Roadshow)","677020211122M002.pdf","677020211122E002.pdf","網址： https://www.powerchip.com/","","無","查詢"
"6770","力積電","110/12/08","13:30","線上","本公司受邀參加高盛證券舉辦之法人說明會-「TWN Semis, Foundry, OSAT, IC Design Supply Chain Virtual Day」","677020211207M001.pdf","677020211207E001.pdf","https://www.powerchip.com/","","無","查詢"
"6770","力積電","110/11/29","15:00","線上","本公司受邀參加美銀美林證券舉辦之外資法人說明會","677020211126M001.pdf","677020211126E001.pdf","https://www.powerchip.com/","","無","查詢"
"6770","力積電","110/11/29","17:00","線上","本公司受邀參加台灣匯立證券舉辦之外資法人說明會","677020211126M002.pdf","677020211126E002.pdf","https://www.powerchip.com/","","無","查詢"
"6776","展碁國際","110/08/24","14:30","線上法說會","本公司受邀參加永豐金證券舉辦之法人說明會，會中就展碁國際公司2021年第二季之經營成果及營運展望說明","677620210823M001.pdf","677620210823E001.pdf","https://www.weblink.com.tw/?page_id=256","","無","查詢"
"6776","展碁國際","110/04/14","14:00","新北市汐止區新台五路一段 88 號一樓","本公司受邀參加元大證券舉辦之法人說明會，
會中就展碁公司2020年之業務狀況說明","677620210415M001.pdf","677620210415E001.pdf","","","無","查詢"
"6776","展碁國際","110/02/24","14:30","台北市重慶南路一段2號19樓(永豐金證券)","本公司受邀參加永豐金證券舉辦之法人座談會，說明公司營運現況及未來展望。","677620210223M001.pdf","677620210223E001.pdf","","","報名請洽永豐金(02)23823207或mail：joyce.tsou@sinopac.com","查詢"
"6776","展碁國際","110/03/04","14:30","台北君悅酒店三樓凱悅廳二區(台北市信義區松壽路2號)","本次業績發表會將由本公司經營團隊說明產業發展、財務業務狀況、未來風險及台灣證券交易所股份有限公司董事會暨上市審議委員會要求補充揭露等相關事項。","677620210303M001.pdf","677620210303E001.pdf","https://www.weblink.com.tw/","","無","查詢"
"6776","展碁國際","110/11/16","14:10","臺灣證券交易所(101大樓)1樓資訊展示中心","臺灣證券交易所舉辦之「2021年民生消費暨新上市」主題式業績發表會","677620211116M001.pdf","677620211116E001.pdf","",同步收看網址：:https://webpro.twse.com.tw/webportal/?liveChannelId=1 ,"無","查詢"
"6781","AES-KY","110/02/23","14:30","台北君悅酒店3樓凱悅廳一區(台北市松壽路2號)","1.Advanced Energy Solution Holding Co., Ltd.（股票代號：6781）謹訂民國110年2月23日(星期二) 下午2時30分舉辦上市前業績發表會。 2.本次業績發表會將由本公司經營團隊說明產業發展、 財務業務狀況、未來風險、公司治理及企業社會責任、 有價證券上市審議委員會詢問重點暨臺灣證券交易所股 份有限公司要求於公開說明書及評估報告補充揭露事項。","678120210218M001.pdf","678120210218E001.pdf","http://www.advancedenergysolution.com.tw/message.html#","","無","查詢"
"6790","永豐實","110/08/26","14:30","線上直播方式舉辦上市前業績發表會","(1)受疫情影響，本次業績發表會改以線上直播方式呈現，敬邀 貴單位觀看。
(2)線上直播作業敬請至YOUTUBE搜尋【永豐餘消費品實業上市前業績發表會】https://youtu.be/UIv9ZKZJ6Es 即可觀看，QA提問請EMAIL至ir.cpg@yfycpg.com。
(3)本次業績發表會將由本公司經營團隊說明產業發展、財務業務狀況、未來風險、臺灣證券交易所股份有限公司董事會暨上市審議委員會要求補充揭露事項。","679020210825M001.pdf","679020210825E001.pdf","https://www.yfycpg.com/?page_id=1117","","無","查詢"
"6790","永豐實","110/12/02","15:40","台北寒舍艾美酒店","本公司受邀參加永豐金證券舉辦產業投資論壇，說明公司營運概況","679020211117M001.pdf","679020211117E001.pdf","https://www.yfycpg.com/?page_id=1117","","無","查詢"
"6790","永豐實","110/11/18","14:00","證交所1樓資訊展示中心","本公司受邀參加證交所舉行之「民生消費暨新上市」主題式業績發表會，說明公司營運概況","679020211117M001.pdf","679020211117E001.pdf","https://www.yfycpg.com/?page_id=1117","","無","查詢"
"6792","詠業","110/04/12","09:10","線上法說會（台灣）","本公司受邀參加由臺灣證券交易所及寬量國際共同主辦之線上法說會「9th Taiwan CEO Week on Air」，說明本公司之營運概況、財務及業務相關資訊。","679220210412M001.pdf","679220210412E001.pdf","","","相關資訊請至公開資訊觀測站之法人說明會一覽表或法說會項目下查閱。","查詢"
"6792","詠業","110/11/02","14:30","台北萬豪酒店8樓 花園(地點：台北市中山區樂群二路199號)","(1)本公司依「有價證券初次上市前業績發表會實施要點規定」，於上市前辦理股票初次上市前業績發表會。(2)本次業績發表會將由本公司經營團隊說明產業發展、財務業務狀況、未來風險、公司治理及企業社會責任、臺灣證券交易所股份有限公司董事會暨上市審議委員會要求補充揭露事項。 (3)因考量防疫措施之場地與人數限制，現場開放參加之名額有限，欲現場參與本次業績發表會之貴賓，敬請事先報名，若無法成功報名者，可於線上觀看同步直播。 (4)欲現場參加者，事先報名網址: https://forms.gle/HYGrdbwfU6GnNxAM9 (5)線上觀看者，敬請於召開時間至YOUTUBE-搜尋【詠業科技上市前業績發表會】即可觀看，線上若有需詢問問題提問請MAIL至investor@unictron.com。","679220211101M001.pdf","679220211101E001.pdf","https://www.unictron.com","","因應防疫要求，與會者須全程配戴口罩並遵守防疫相關規定。","查詢"
"6796","晉弘","110/04/13","14:30","中國信託金融園區B棟13樓1302會議室(台北市南港區經貿二路188號13樓)","本公司受邀參加中國信託證券舉辦之興櫃前法人說明會","679620210412M001.pdf","679620210412E001.pdf","","","為配合政府防疫措施，入場時請全程配戴口罩。","查詢"
"6796","晉弘","110/10/12","15:00","中國信託金融園區B棟13樓1302會議室(台北市南港區經貿二路188號13樓)","本公司受邀參加中國信託證券舉辦之興櫃法人說明會","679620211012M001.pdf","679620211012E001.pdf","","","因應疫情關係，請與會者全程佩戴口罩。","查詢"
"6806","森崴能源","110/09/29","14:30","中影八德大樓三樓演講廳(台北市八德路二段260號3樓)","(1)因受新冠肺炎影響，為避免群聚染疫風險，本公司上市前業績發表會同步以線上直播呈現，敬請 貴單位觀看。
(2)直播頻道：YouTube 森崴能源 網站連結https://www.youtube.com/watch?v=jxa_o1jKKpE
(3)Q&amp;A 以網路填單方式進行提問（請至https://www.shinfox.com.tw/shinfox.html），若當天無法完全回答，將以E Mail方式回覆。
(4)本次上市前業績發表會將由公司經營團隊說明產業發展、財務業務狀況、未來風險、公司治理及企業社會責任、臺灣證券交易所股份有限公司董事會暨上市審議委員會要求補充揭露事項。","680620210928M001.pdf","680620210928E001.pdf","https://www.shinfox.com.tw/report_governance_conference.html","","因應防疫要求，與會者須全程配戴口罩並遵守防疫相關規定。","查詢"
"6830","汎銓","110/07/20","14:30","線上法人說明會","本公司受邀參加台新綜合證券舉辦之興櫃前線上法人說明會，會中說明本公司財務營運概況。會議資料將於法說會後揭露於公開資訊觀測站，完整財務業務資訊請至公開資訊觀測站之法人說明會一覽表或法說會項目下查閱。","683020210720M001.pdf","683020210720E001.pdf","https://www.msscorps.com/links/","","線上法說會報名請洽:https://reurl.cc/KA2qk9","查詢"
"6835","圓裕","110/07/27","14:30","線上法人說明會","本公司受邀參加台新綜合證券舉辦之興櫃前線上法人說明會，會中說明本公司財務營運概況。會議資料將於法說會後揭露於公開資訊觀測站，完整財務業務資訊請至公開資訊觀測站之法人說明會一覽表或法說會項目下查閱。","683520210727M001.pdf","683520210727E001.pdf","","","線上法人說明會報名請洽:https://www.surveycake.com/s/7O8qP","查詢"
"6838","台新藥","110/10/05","14:30","線上法人說明會。","說明本公司營運概況。","683820211005M001.pdf","683820211005E001.pdf","","","本公司於登錄興櫃買賣前說明營運概況,當日會後公告簡報內容檔案於公開資訊觀測站。","查詢"
"6861","睿生光電","110/11/29","15:00","台北市松山區復興北路99號，(牛牛牛)亞會議中心-15樓會議室","本公司受邀參加元大證券舉辦之興櫃前法人說明會，說明本公司之營運概況及展望。","686120211129M003.pdf","686120211129E003.pdf","","","無","查詢"
"6873","泓德能源","110/12/02","10:00","台北寒舍艾美酒店 (台北市信義區松仁路38號)","介紹本公司之營運概況及經營策略等財務業務相關資訊。","687320211202M001.pdf","687320211202E001.pdf","","","完整財務業務資訊請至公開資訊觀測站之法人說明會一覽表或法說會項目下查閱。","查詢"
"6873","泓德能源","110/12/23","14:30","台北市重慶南路一段2號19樓(1901會議室)","介紹本公司營運概況及經營策略等財務業務相關資訊。","687320211223M001.pdf","687320211223E001.pdf","","","報名窗口：永豐金鄒小姐 joyce.tsou@sinopac.com。","查詢"
"8011","台通","110/12/03","14:00","線上法說會","第三季營運報告","801120211203M001.pdf","801120211203E001.pdf","https://www.ttcc.com.tw/",同步收看網址：:無 法說會影音連結資訊:http://www.zucast.com/webcast/qKUfUQgX ,"無","查詢"
"8016","矽創","110/08/19","15:15","線上法說會","本公司受邀參加高盛證券舉辦之「Taiwan Semis, Foundry, OSAT, IC Design Supply Chain Virtual Day」","801620210818M001.pdf","801620210818E001.pdf","https://www.sitronix.com.tw/tw/investor-relations/conference/","","無","查詢"
"8016","矽創","110/05/19","15:00","線上法說會","本公司受邀參加統一證券舉辦之2021下半年趨勢論壇","801620210518M001.pdf","801620210518E001.pdf","https://www.sitronix.com.tw/tw/investor-relations/conference/","","無","查詢"
"8016","矽創","110/05/24","10:00","線上法說會","本公司受邀參加花旗環球證券所舉辦之Citi Regional Tech Conference 2021論壇","801620210519M001.pdf","801620210519E001.pdf","https://www.sitronix.com.tw/tw/investor-relations/conference/","","無","查詢"
"8016","矽創","110/09/17","15:20","線上法說會","本公司受邀參加 9/17(五)凱基證券舉辦之2021Q3線上論壇","801620210915M001.pdf","801620210915E001.pdf","https://www.sitronix.com.tw/tw/investor-relations/conference/","","無","查詢"
"8016","矽創","110/05/11","14:00","線上法說會","本公司受邀參加國泰證券舉辦之「May 2021 Cathay Securities Taiwan Symposium」論壇","801620210510M001.pdf","801620210510E001.pdf","https://www.sitronix.com.tw/tw/investor-relations/conference/","","無","查詢"
"8016","矽創","110/06/16","13:30","線上法說會","本公司受邀參加臺灣證券交易所與元富證券舉辦之線上「2021年 台股領航論壇 」","801620210615M001.pdf","801620210615E001.pdf","https://www.sitronix.com.tw/tw/investor-relations/conference/","","無","查詢"
"8016","矽創","110/12/02","14:00","台北W飯店【台北市忠孝東路五段10號】","本公司受邀參加12/02 (四)統一證券 2021 Q4冬季投資論壇活動","801620211201M001.pdf","801620211201E001.pdf","https://www.sitronix.com.tw/tw/investor-relations/conference/","","無","查詢"
"8016","矽創","110/03/10","15:45","台北市信義區菸廠路88號6F (臺北文創)","本公司(3/10) 受邀參加元富證券所舉辦之「2021年03月台股企業日」法說會","801620210309M001.pdf","801620210309E001.pdf","https://www.sitronix.com.tw/tw/investor-relations/conference/","","無","查詢"
"8016","矽創","110/10/21","14:30","線上法說會","本公司受邀參加 10/21(四) 元富證券 10月台股企業日論壇活動","801620211020M001.pdf","801620211020E001.pdf","https://www.sitronix.com.tw/tw/investor-relations/conference/","","無","查詢"
"8021","尖點","110/05/07","14:30","採電話會議方式進行","110年第一季業績線上法人說明會","802120210507M001.pdf","802120210507E001.pdf","http://www.topoint.tw/",同步收看網址：:http://www.topoint.tw/tw/conference/ 法說會影音連結資訊:●http://www.topoint.tw/tw/conference/ ,"無","查詢"
"8021","尖點","110/02/26","14:30","採電話會議方式進行","109年第四季業績線上法人說明會","802120210226M001.pdf","802120210226E001.pdf","http://www.topoint.tw/",法說會影音連結資訊:http://www.topoint.tw/tw/conference/ ,"無","查詢"
"8021","尖點","110/11/05","14:30","採電話會議方式進行","110年第三季業績線上法人說明會","802120211105M001.pdf","802120211105E001.pdf","http://www.topoint.tw/tw/conference/",法說會影音連結資訊:http://www.topoint.tw/tw/conference/ ,"無","查詢"
"8021","尖點","110/12/02","10:00","台北W飯店【台北市忠孝東路五段10號】","統一證券2021Q4冬季投資論壇","802120211105M001.pdf","802120211105E001.pdf","http://www.topoint.tw/tw/conference/","","完整財務業務資訊請至公開資訊觀測站之法人說明會一覽表或法說會項目下查閱。","查詢"
"8021","尖點","110/08/06","14:30","採電話會議方式進行","110年第二季業績線上法人說明會","802120210806M001.pdf","802120210806E001.pdf","http://www.topoint.tw/",同步收看網址：:http://www.topoint.tw/tw/conference/ 法說會影音連結資訊:http://www.topoint.tw/tw/conference/ ,"無","查詢"
"8028","昇陽半導體","110/03/19","11:10","台北市信義區松壽路2號3F","日盛證券台股企業日","802820190821M001.pdf","802820190821E001.pdf","http://www.psi.com.tw/share_news.asp","","無","查詢"
"8028","昇陽半導體","110/12/07","14:00","線上法說會","本公司受邀參加凱基證券2021年第四季投資論壇","802820190821M001.pdf","802820190821E001.pdf","http://www.psi.com.tw/share_news.asp","","無","查詢"
"8028","昇陽半導體","110/11/16","11:10","台北市信義區松壽路2號3F","台新2021年第四季雪亮投資論壇","802820190821M001.pdf","802820190821E001.pdf","http://www.psi.com.tw/share_news.asp","","無","查詢"
"8033","雷虎","110/12/22","14:00","雷虎科技股份有限公司會議室(台中市西屯區工業區六路七號)","公司簡介及財務業務概況","803320211221M001.pptx","803320211221E001.pptx","https://www.thundertiger.com/",中文影音檔網址:8033_5_20211222_ch.mp4 ,"完整財務業務資訊請至公開資訊觀測站之法人說明會一覽表或法說會項目下查閱。","查詢"
"8039","台虹","110/12/02","14:30","線上法說會","本公司將於110/12/02受邀參加凱基證券舉辦之線上法人說明會，說明本公司110年第三季之財務營運概況。","803920211202M001.pdf","803920211202E001.pdf","http://www.taiflex.com.tw/","","無","查詢"
"8046","南電","110/08/12","14:30","線上法說會。","本公司受邀參加康和證券舉辦之線上法說會，說明本公司之營運概況。","804620210811M003.pdf","804620210811E003.pdf","http://www.nanyapcb.com.tw/nypcb/chinese/InvestorRelations/Financials/FinancialReports.aspx","","無。","查詢"
"8046","南電","110/10/06","14:00","線上法說會。","本公司受邀參加元富證券舉辦之線上法說會，說明本公司之營運概況。","804620211005M001.pdf","804620211005E001.pdf","http://www.nanyapcb.com.tw/nypcb/Chinese/InvestorRelations/Financials/FinancialReports.aspx","","無。","查詢"
"8046","南電","110/03/04","14:30","康和證券台北總公司(台北市信義區基隆路一段176號地下二樓)","本公司受邀參加康和證券法人說明會，說明本公司之營運概況。","804620210305M001.pdf","804620210305E001.pdf","http://www.nanyapcb.com.tw/nypcb/chinese/InvestorRelations/Financials/FinancialReports.aspx","","無。","查詢"
"8046","南電","110/07/06","14:00","線上法說會。","本公司受邀參加元富證券舉辦之線上法說會，說明本公司之營運概況。","804620210705M001.pdf","804620210705E001.pdf","http://www.nanyapcb.com.tw/nypcb/chinese/InvestorRelations/Financials/FinancialReports.aspx","","無","查詢"
"8046","南電","110/11/11","14:30","康和證券台北總公司(台北市信義區基隆路一段176號地下二樓)","本公司受邀參加康和證券法人說明會，說明本公司之營運概況。","804620211110M002.pdf","804620211110E002.pdf","http://www.nanyapcb.com.tw/nypcb/Chinese/InvestorRelations/Financials/FinancialReports.aspx","","無。","查詢"
"8070","長華*","110/11/09","14:30","線上法人說明會","本公司受邀參加凱基證券股份有限公司舉辦之線上法人說明會，說明公司未來經營策略及願景。","807020211109M001.pdf","807020211109E001.pdf","https://www.cwei.com.tw/","","無","查詢"
"8072","陞泰","110/12/13","14:00","臺灣證券交易所1F資訊展示中心 (台北市信義路五段7號)","公司前三季財報及營運報告","807220211210M001.pdf","807220211210E001.pdf","",同步收看網址：:https://webpro.twse.com.tw/webportal/schedule/ 法說會影音連結資訊:https://webpro.twse.com.tw/webportal/vod/101/4BD2D13C59D8-ED554EC9-5BE2-11EC-AC2A/?categoryId=101 ,"無","查詢"
"8081","致新","110/08/11","14:00","富邦綜合證券股份有限公司(線上法說)","本公司受邀參加富邦證券所舉辦之線上法說會","808120210811M001.pdf","808120210811E001.pdf","","","無","查詢"
"8081","致新","110/02/05","14:00","國泰綜合證券股份有限公司(視訊會議)","本公司受邀參加國泰綜合證券所舉辦之線上法說會,說明本公司之營運概況","808120210205M001.ppt","808120210205E001.ppt","","","無","查詢"
"8081","致新","110/05/12","14:00","富邦綜合證券股份有限公司(線上法說)","本公司受邀參加富邦證券所舉辦之線上法說會","808120210512M001.ppt","808120210512E001.ppt","","","無","查詢"
"8081","致新","110/11/10","14:00","線上法人說明會","本公司受邀參加凱基證券所舉辦之線上法人說明會","808120211111M001.pdf","808120211111E001.pdf","","","無","查詢"
"8101","華冠","110/12/29","15:30","福邦證券(台北市中正區忠孝西路一段6號7樓)B會議室","1.本公司受邀參加由富邦證券舉辦之法人說明會。
2.公司將於法人說明會後，將財物、業務相關資訊公告於公開資訊觀測站及公司網站。","810120211228M001.ppt","810120211228E001.ppt","http://www.arimacomm.com.tw/","","無","查詢"
"8103","瀚荃","110/10/14","14:40","線上法說會","本公司受邀參加元大證券舉辦之線上論壇","810320211013M001.pdf","810320211013E001.pdf","https://www.cvilux-group.com/zh-cht/investors/invest","","無","查詢"
"8104","錸寶","110/05/06","14:30","第一金證券大樓13樓會議室
(台北市長安東路一段22號13樓)","應邀參加第一金證券舉辦之法人說明會，會中就公司營運狀況說明。","810420210510M001.pdf","810420210510E001.pdf","https://www.ritdisplay.com","","無","查詢"
"8104","錸寶","110/11/15","14:00","福邦證券股份有限公司總公司(台北市忠孝西路一段6號7樓 B會議室)","應邀參加福邦證券舉辦之法人說明會，會中就公司營運狀況說明。","810420211112M001.pdf","810420211112E001.pdf","https://www.ritdisplay.com","","無","查詢"
"8105","凌巨","110/08/25","14:00","線上電話法說會","說明本公司之營運概況、財務及業務相關資訊","810520210824M001.pdf","810520210824E001.pdf","","","無","查詢"
"8105","凌巨","110/12/20","15:30","線上電話法說會","說明本公司之營運概況、財務及業務相關資訊","810520211220M001.pdf","810520211220E001.pdf","","","無","查詢"
"8110","華東","110/12/22","14:00","線上法人說明會","本公司110年度第三季營運成果及公司未來展望","811020211222M001.pdf","811020211222E001.pdf","http://www.walton.com.tw",同步收看網址：:http://www.zucast.com/webcast/WFyrgzJN 法說會影音連結資訊:http://www.zucast.com/webcast/WFyrgzJN?r=qUjYEXEV ,"無","查詢"
"8112","至上","110/10/12","14:30","Zoom視訊會議室","公司營運概況說明。 請各位投資先進務必於10/12中午12:00前上網完成報名。報名網址http://www.supreme.com.tw/WP/Meeting.aspx
參與者請於法說會前安裝Zoom資訊會議軟體。電腦端下載網址：http://www.zoomnow.net 手機端下載：iOS-APP Store/Android- Googe Play","811220211012M001.pdf","811220211012E001.pdf","http://www.supreme.com.tw/WP/WP0055.aspx",法說會影音連結資訊:https://youtu.be/uexpm3ARdmM ,"無。","查詢"
"8112","至上","110/07/07","14:30","Zoom視訊會議室","公司營運概況說明。

請各位投資先進務必於7/7中午12:00前上網完成報名。
報名網址  https://app.supreme.com.tw/Job/Meeting.aspx
參與者請於法說會前安裝Zoom資訊會議軟體。
電腦端下載網址：http://www.zoomnow.net
手機端下載：iOS-APP Store/Android- Googe Play","811220210707M001.pdf","811220210707E001.pdf","http://www.supreme.com.tw/WP/WP0055.aspx",法說會影音連結資訊:https://youtu.be/KoLxAgNp2DY ,"無。","查詢"
"8114","振樺電","110/08/16","15:30","採Webex線上會議方式","本公司受邀參加凱基證券110年8月16日15點30分線上法說會議，向投資人說明本公司110年上半年營運成果。","811420210816M002.pdf","811420210816E002.pdf","https://www.posiflex.com/zh-TW/monthly_revenue_and_conference_files/index/2021/244","","報名相關資訊請洽凱基證券倪小姐，電話：(02)2181-8014。","查詢"
"8114","振樺電","110/10/27","16:00","採WebEx線上會議方式","本公司受邀參加野村證券舉辦之線上法說會議「Virtual Taiwan Corporate Day」，向投資人說明本公司財務業務相關資訊。","811420211026M001.pdf","811420211026E001.pdf","https://www.posiflex.com/zh-TW/monthly_revenue_and_conference_files/index/2021/244","","無","查詢"
"8114","振樺電","110/11/15","14:30","台北市明水路700號","本公司受邀參加KGI凱基證券舉辦之法人說明會，向投資人說明本公司110年第三季營運成果。","811420211115M001.pdf","811420211115E001.pdf","https://www.posiflex.com/zh-TW/monthly_revenue_and_conference_files/index/2021/244","","無","查詢"
"8114","振樺電","110/12/16","14:00","台北市復興北路99號","本公司受邀參加&#29319;亞證券舉辦之法人說明會，向投資人說明本公司110年第三季營運成果。","811420211115M001.pdf","811420211115E001.pdf","https://www.posiflex.com/zh-TW/monthly_revenue_and_conference_files/index/2021/244","","無","查詢"
"8131","福懋科","110/08/12","14:00","線上法說會","本公司受邀參加華南永昌證券舉辦之法人說明會，說明本公司之財務業務概況。","813120210811M001.pdf","813120210811E001.pdf","http://www.fatc.com.tw","","報名請洽華南永昌 李小姐02-25456888#8967 Email:7015@entrust.com.tw","查詢"
"8131","福懋科","110/11/25","14:00","線上法說會","本公司受邀參加華南永昌證券舉辦之法人說明會，說明本公司之財務業務概況。","813120211124M002.pdf","813120211124E002.pdf","http://www.fatc.com.tw","","報名請洽華南永昌 李小姐02-25456888#8967 Email:7015@entrust.com.tw","查詢"
"8150","南茂","110/05/20 至 110/05/24","09:00","線上法說會","本公司應花旗環球證券之邀請，參加2021 Citi Regional Tech Conference，就已公開發布之財務數字及經營績效等相關資訊進行說明。","815020210511M001.pdf","815020210511E001.pdf","https://www.chipmos.com/chinese/news/list.aspx?MID=1","","無","查詢"
"8150","南茂","110/05/11","15:00","採電話會議方式進行","110年第一季營運成果線上法人說明會","815020210511M001.pdf","815020210511E001.pdf","https://www.chipmos.com/chinese/ir/info2.aspx",同步收看網址：:https://www.chipmos.com/chinese/ir/info2.aspx 法說會影音連結資訊:https://www.chipmos.com/chinese/ir/info2.aspx ,"無","查詢"
"8150","南茂","110/09/16","14:00","線上法說會","本公司應國票證券邀請，參加2021國票證券投資論壇，就已公開發布之財務數字及經營績效等相關資訊進行說明。","815020210810M001.pdf","815020210810E001.pdf","https://www.chipmos.com/chinese/news/list.aspx?MID=1","","無","查詢"
"8150","南茂","110/06/16","14:45","線上法說會","本公司應元富證券之邀請，參加證交所與元富證券合辦之台股領航論壇，就已公開發布之財務數字及經營績效等相關資訊進行說明。","815020210511M001.pdf","815020210511E001.pdf","https://www.chipmos.com/chinese/news/list.aspx?MID=1","","無","查詢"
"8150","南茂","110/06/09 至 110/06/10","09:30","線上法說會","本公司應元大證券之邀請，參加元大金控2021年線上亞洲投資創富論壇，就已公開發布之財務數字及經營績效等相關資訊進行說明。","815020210511M001.pdf","815020210511E001.pdf","https://www.chipmos.com/chinese/news/list.aspx?MID=1","","無","查詢"
"8150","南茂","110/04/08","09:30","線上法說會","本公司參加ICA專顧資本與證券櫃檯買賣中心合辦之探索台股主題論壇Taiwan Stock Market Discovery Forum 2021，就已公開發布之財務數字及經營績效等相關資訊進行說明。","815020210316M001.pdf","815020210316E001.pdf","https://www.chipmos.com/chinese/news/list.aspx?MID=1","","無","查詢"
"8150","南茂","110/09/28","14:00","線上法說會","本公司應Morgan Stanley邀請，參加亞洲顯示器驅動IC線上論壇，就已公開發布之財務數字及經營績效等相關資訊進行說明。","815020210810M001.pdf","815020210810E001.pdf","https://www.chipmos.com/chinese/news/list.aspx?MID=1","","無","查詢"
"8150","南茂","110/03/16","15:00","採電話會議方式進行","109年第四季暨全年營運成果線上法人說明會","815020210316M001.pdf","815020210316E001.pdf","https://www.chipmos.com/chinese/ir/info2.aspx",同步收看網址：:https://www.chipmos.com/chinese/ir/info2.aspx ,"無","查詢"
"8150","南茂","110/09/07 至 110/09/10","09:00","線上法說會","本公司應瑞士信貸之邀請，參加22nd Credit Suisse Asian Technology Conference，就已公開發布之財務數字及經營績效等相關資訊進行說明。","815020210810M001.pdf","815020210810E001.pdf","https://www.chipmos.com/chinese/news/list.aspx?MID=1","","無","查詢"
"8150","南茂","110/03/17 至 110/03/19","09:00","線上法說會","本公司應美林證券之邀請，參加2021 BAML Asia Pacific TMT Conference，就已公開發布之財務數字及經營績效等相關資訊進行說明。","815020210316M002.pdf","815020210316E002.pdf","https://www.chipmos.com/chinese/news/list.aspx?MID=1","","無","查詢"
"8150","南茂","110/08/10","15:00","採電話會議方式進行","110年第二季營運成果線上法人說明會","815020210810M001.pdf","815020210810E001.pdf","https://www.chipmos.com/chinese/ir/info2.aspx",同步收看網址：:https://www.chipmos.com/chinese/ir/info2.aspx 法說會影音連結資訊:https://www.chipmos.com/chinese/ir/info2.aspx ,"無","查詢"
"8150","南茂","110/11/08","16:00","採電話會議方式進行","110年第三季營運成果線上法人說明會","815020211108M001.pdf","815020211108E001.pdf","https://www.chipmos.com/chinese/ir/info2.aspx",同步收看網址：:https://www.chipmos.com/chinese/ir/info2.aspx 法說會影音連結資訊:https://www.chipmos.com/chinese/ir/info2.aspx ,"無","查詢"
"8150","南茂","110/12/15","14:30","線上法說會","本公司應元富證券之邀請，參加元富證券台股企業日，就已公開發布之財務數字及經營績效等相關資訊進行說明。","815020211108M001.pdf","815020211108E001.pdf","https://www.chipmos.com/chinese/news/list.aspx?MID=1","","無","查詢"
"8163","達方","110/08/06","15:00","線上法說會","本公司受邀參加兆豐證券於110年8月6日舉辦之線上法人說明會，向投資人說明110年第2季營業成果及未來展望。","816320210806M001.pdf","816320210806E001.pdf","http://www.darfon.com/tw/","","本次採Cisco Webex視訊會議，報名請至 https://forms.gle/kGJP89E66JjXxiHK7 線上報名","查詢"
"8163","達方","110/04/13 至 110/04/14","15:50","線上法說會","本公司受邀參加由臺灣證券交易所及寬量國際共同主辦之線上法說會「9th Taiwan CEO Week on Air」，說明本公司之營運概況、財務及業務相關資訊。","816320210315M001.pdf","816320210315E001.pdf","https://www.darfon.com.tw/tw","","無","查詢"
"8163","達方","110/03/15","15:00","線上法說會","本公司受邀參加兆豐證券於110年3月15日舉辦之線上法說會，向投資人說明109年第4季營業成果及未來營運展望。","816320210315M001.pdf","816320210315E001.pdf","http://www.darfon.com/tw","","本次採Cisco Webex視訊會議，報名請至 https://forms.gle/UBuBrBbSNL122QP17線上報名","查詢"
"8201","無敵","110/09/13","16:00","臺灣證券交易所1樓資訊展示中心(台北市信義區信義路五段7號)","公司簡介及營運狀況說明","820120210913M001.pdf","820120210913E001.pdf","https://www.besta.com.tw/zh-tw/FinancialPage/Legal",同步收看網址：:https://webpro.twse.com.tw/webportal/vod/101/FD73B9E74465-2EA59662-146C-11EC-A66D/?categoryId=101 法說會影音連結資訊:https://webpro.twse.com.tw/webportal/vod/101/FD73B9E74465-2EA59662-146C-11EC-A66D/?categoryId=101 ,"15時30分報到，16時00分開始","查詢"
"8210","勤誠","110/09/07","09:50","線上法說會","本公司受邀參加瑞士信貸證券舉辦之「 22th Annual Asian Technology Conference」","821020210906M001.pdf","821020210906E001.pdf","www.chenbro.com","","完整財務業務資訊請至公開資訊觀測站之法人說明會一覽表或法說會項目下查閱。","查詢"
"8210","勤誠","110/05/18","14:30","線上法說會","一、本公司受邀參加寬量國際主辦之線上法說會, 2021年第一季營運概況說明 二、直撥網址http://www.zucast.com/webcast/okleMsWB","821020210518M001.pdf","821020210518E001.pdf","http://www.chenbro.com","","完整財務資訊請至公開資訊觀測站之法人說明會一覽表或法說會項目下查閱","查詢"
"8210","勤誠","110/08/12","14:30","線上法說會","一、本公司受邀參加寬量國際主辦之線上法說會, 2021年第二季營運概況說明 二、直播網址 http://www.zucast.com/webcast/Ydj91y06","821020210812M001.pdf","821020210812E001.pdf","http://www.chenbro.com","","完整財務資訊請至公開資訊觀測站之法人說明會一覽表或法說會項目下查閱","查詢"
"8210","勤誠","110/04/14","09:00","線上法說會（台灣）","本公司受邀參加由臺灣證券交易所及寬量國際共同主辦之線上法說會「9th Taiwan CEO Week on Air」，說明本公司之營運概況、財務及業務相關資訊。","821020210413M001.pdf","821020210413E001.pdf","www.chenbro.com","","完整財務業務資訊請至公開資訊觀測站之法人說明會一覽表或法說會項目下查閱。","查詢"
"8210","勤誠","110/03/24","14:30","線上法說會","本公司受邀參加寬量國際主辦之線上法說會,說明 2020年第四季營運概況
直播網址:http://www.zucast.com/webcast/6Jj5vpAN","821020210324M001.pdf","821020210324E001.pdf","www.chenbro.com","","完整財務業務資訊請至公開資訊觀測站之法人說明會一覽表或法說會項目下查閱","查詢"
"8210","勤誠","110/09/28 至 110/09/29","13:30","線上法說會","本公司受邀參加由臺灣證券交易所及寬量國際共同主辦之線上法說會「10th Taiwan CEO Week on Air」，說明本公司之營運概況、財務及業務相關資訊。","821020210927M001.pdf","821020210927E001.pdf","http://www.chenbro.com","","完整財務業務資訊請至公開資訊觀測站之法人說明會一覽表或法說會項目下查閱。","查詢"
"8210","勤誠","110/11/11","16:00","線上法說會","一、本公司受邀參加寬量國際主辦之線上法說會, 2021年第三季營運概況說明 二、直播網址 http://www.zucast.com/webcast/En2hknVn","821020211111M001.pdf","821020211111E001.pdf","http://www.chenbro.com","","無","查詢"
"8213","志超","110/11/12","15:00","福邦證券總公司(台北市忠孝西路一段6號7樓 B會議室)","本公司受邀參加福邦證券舉辦之法人說明會，說明公司營運現況及所屬產業概況及展望。","821320211112M001.pdf","821320211112E001.pdf","http://www.tpt-pcb.com.tw/seminar.htm","","無。","查詢"
"8215","明基材","110/05/18","14:20","線上法說會","本公司受邀參加兆豐證券舉辦之線上法說會，將於會中就已公開之財務及業務等相關資訊做說明。","821520210518M001.pdf","821520210518E001.pdf","http://www.benqmaterials.com","","當天14:00開放登入，報名連結：https://forms.gle/aguKF7uwuqKkUNxu7","查詢"
"8215","明基材","110/08/18","14:20","線上法說會","本公司受邀參加兆豐證券舉辦之線上法說會，將於會中就已公開之財務及業務等相關資訊做說明。","821520210818M001.pdf","821520210818E001.pdf","http://www.benqmaterials.com","","當天14:00開放登入，報名連結：https://forms.gle/aguKF7uwuqKkUNxu7","查詢"
"8215","明基材","110/03/10","14:20","線上法說會","本公司受邀參加兆豐證券舉辦之線上法說會，將於會中就已公開之財務及業務等相關資訊做說明。","821520210310M001.pptx","821520210310E001.pptx","http://www.benqmaterials.com","","本次採Cisco Webex視訊會議，當天14:00開放登入，報名請洽ii_rd@megasec.com.tw。","查詢"
"8215","明基材","110/11/04","14:30","線上法說會","本公司受邀參加兆豐證券舉辦之線上法說會，將於會中就已公開之財務及業務等相關資訊做說明。","821520211109M001.pdf","821520211109E001.pdf","http://www.benqmaterials.com","","當天14:10開放登入，報名連結：https://forms.gle/VKCoD6D9PWwAkq486","查詢"
"8222","寶一","110/11/26","14:00","報名請與富邦證券葉小姐tingju.yeh@fubon.com聯繫","本公司應富邦證券邀請，參加該機構舉辦之「寶一科技法人說明會」","822220211124M001.pdf","822220211124E001.pdf","","","相關資訊依規定揭露於「公開資訊觀測站」。","查詢"
"8249","菱光","110/12/27","14:00","線上法人說明會","本公司受邀參加康和證券線上舉辦之法人說明會，報告本公司營運狀況。","824920211223M001.pptx","824920211223E001.pptx","","","無","查詢"
"8261","富鼎","110/11/10","14:00","線上法說會","本公司受邀參加元大證券舉辦之線上法說會，本公司營運狀況報告。","826120211110M001.pdf","826120211110E001.pdf","","","無","查詢"
"8271","宇瞻","110/08/11","14:30","線上法說會","本公司受邀參加凱基證券舉辦民國110年度上半年經營績效與產業概況線上說明會","827120210810M001.pdf","827120210810E001.pdf","https://www.apacer.com/zh/Investor/Stock","","無","查詢"
"8271","宇瞻","110/03/10","14:30","台灣證券交易所1F資訊展示中心","民國109年度經營績效與產業概況說明","827120210311M001.pdf","827120210311E001.pdf","https://www.apacer.com/zh/Investor/Stock",同步收看網址：:https://reurl.cc/vnr8ky 法說會影音連結資訊:https://www.youtube.com/watch?v=vhxr44M7bB4 ,"無","查詢"
"8341","日友","110/08/16","14:00","線上法說會","本公司受邀參加康和證券舉辦之法人說明會，說明本公司近期之營運成果與未來展望。","834120210812M001.pdf","834120210812E001.pdf","https://www.sunnyfriend.com.tw/AboutSF/IIC","","無","查詢"
"8367","建新國際","110/08/13","14:30","線上法說會","公告本公司受邀參加凱基證券舉辦之線上法人說明會。","836720210810M001.pdf","836720210810E001.pdf","https://www.chienshing.com.tw/investment04","","無","查詢"
"8374","羅昇","110/09/23","14:00","線上法人說明會","本公司2021年第二季之財務結果及業務概況","837420210923M001.pdf","837420210923E001.pdf","https://www.acepillar.com.tw/user_info.php",中文影音檔網址:8374_5_20210923_ch.mp4 ,"無","查詢"
"8404","百和興業-KY","110/07/14","14:00","線上法人說明會","本公司受邀參加富邦證券舉辦之聯合線上法人說明會，說明本公司營運成果及未來展望。","840420210714M001.pdf","840420210714E001.pdf","https://www.paiho.cn","","相關訊息請洽富邦證券法人部  E-mail:Jack.L.Chen@fubon.com","查詢"
"8411","福貞-KY","110/04/13","14:30","線上法人說明會","本公司受邀參加富邦證券舉辦之線上法人說明會，報告公司營運現況與未來展望。","841120210413M001.pdf","841120210413E001.pdf","www.kingcanholdings.com","","相關資訊請洽富邦證券法人部 vina.chen@fubon.com","查詢"
"8411","福貞-KY","110/06/07","14:30","證交所線上法說會","本公司受邀參加台灣證交所線上法說會","841120210607M001.pdf","841120210607E001.pdf","www.kingcanholdings.com","","無","查詢"
"8411","福貞-KY","110/11/09","14:00","線上法人說明會","本公司受邀參加永豐金證券舉辦之線上法人說明會，報告公司營運現況與未來展望。","841120211109M002.pdf","841120211109E002.pdf","www.kingcanholdings.com","","無","查詢"
"8422","可寧衛*","110/05/25","14:10","台北市信義區信義路5段7號(101大樓)1樓資訊展示中心線上舉辦","本公司營運及財務業務狀況說明","842220210520M001.pdf","842220210520E001.pdf","http://www.cleanaway.tw","","本公司受邀參加證券交易所「綠色經濟暨航運」線上業績發表會","查詢"
"8422","可寧衛*","110/09/14","14:00","線上法說會-Webex","本公司營運及財務業務狀況說明","842220210910M001.pdf","842220210910E001.pdf","http://www.cleanaway.tw","","本公司受邀參加統一綜合證券線上法說","查詢"
"8422","可寧衛*","110/03/17","14:30","台北市松山區長安東路二段225號C棟6樓601會議室(合庫證券總公司)","本公司營運及財務業務狀況說明","842220210315M001.pdf","842220210315E001.pdf","http://www.cleanaway.tw","","本公司受邀參加合作金庫證券舉辦之法人說明會","查詢"
"8422","可寧衛*","110/12/08","15:40","線上會議-Webex","本公司營運及財務業務狀況說明","842220211206M001.pdf","842220211206E001.pdf","http://www.cleanaway.tw","","本公司受邀參加第一金證券線上投資座談會","查詢"
"8429","金麗-KY","110/12/10","16:30","臺灣證券交易所一樓資訊展示中心
(台北市信義區信義路5段7號1樓)","公司簡介及營運概況說明","842920211207M001.pdf","842920211207E001.pdf","http://www.jinligroup.com.tw/zh_TW/news-details/id/50","","無","查詢"
"8442","威宏-KY","110/11/29","14:00","線上法說會","本公司受邀參加富邦證券所舉辦之線上法人說明會","844220211129M001.pdf","844220211129E001.pdf","http://www.ww-holding.com.tw/shareholder.php","","無","查詢"
"8443","阿瘦","110/11/03","14:00","線上法說會","公司營運概況說明;
本次採Microsoft Teams會議,欲報名者請將:
1.法人機構名稱
2.參加者姓名
3.Email信箱,
寄至本公司投資人信箱:ir@mail.aso.com.tw","844320211103M001.pdf","844320211103E001.pdf","http://www.asogroup.com.tw/invest_info4.aspx",法說會影音連結資訊:https://asotw.co/tWsU1 ,"本次採Microsoft Teams會議,報名請將相關資訊寄到ir@mail.aso.com.tw","查詢"
"8454","富邦媒","110/09/27 至 110/10/15","09:00","線上會議","本公司受邀參加QIC舉辦之Taiwan CEO Week，說明本公司未來營運發展計劃及110年第二季法說會簡報與其他已公開發佈之財務數字、經營績效等相關資訊。","845420210820M001.pdf","845420210820E001.pdf","http://www.fmt.com.tw/","","無","查詢"
"8454","富邦媒","110/06/02 至 110/06/04","09:00","線上會議","本公司受邀參加Credit Suisse舉辦之Asia Consumer Corporate Day，說明本公司未來營運發展計劃及110年第一季法說會簡報與其他已公開發佈之財務數字、經營績效等相關資訊。","845420210520M001.pdf","845420210520E001.pdf","http://www.fmt.com.tw/","","無","查詢"
"8454","富邦媒","110/06/22 至 110/06/23","09:00","線上會議","本公司受邀參加UBS舉辦之Taiwan Virtual Conference 2021，說明本公司未來營運發展計劃及110年第一季法說會簡報與其他已公開發佈之財務數字、經營績效等相關資訊。","845420210520M001.pdf","845420210520E001.pdf","http://www.fmt.com.tw/","","無","查詢"
"8454","富邦媒","110/06/02 至 110/06/04","09:00","線上會議","本公司受邀參加Citi舉辦之Pan-Asia Regional Investor Conference 2021，說明本公司未來營運發展計劃及110年第一季法說會簡報與其他已公開發佈之財務數字、經營績效等相關資訊。","845420210520M001.pdf","845420210520E001.pdf","http://www.fmt.com.tw/","","無","查詢"
"8454","富邦媒","110/05/06","16:30","線上會議","本公司受邀參加台灣證券交易所與永豐金證券合辦之線上數位引資論壇，說明本公司未來營運發展計劃及110年第一季法說會簡報與其他已公開發佈之財務數字、經營績效等相關資訊。","845420210430M001.pdf","845420210430E001.pdf","http://www.fmt.com.tw/","","無","查詢"
"8454","富邦媒","110/04/29","14:30","線上會議","本公司受邀參加富邦證券舉辦之法人說明會，說明本公司
未來營運發展計劃及110年第一季法說會簡報與其他已公
開發佈之財務數字、經營績效等相關資訊。","845420210428M001.pdf","845420210428E001.pdf","http://www.fmt.com.tw/","","無","查詢"
"8454","富邦媒","110/04/29","16:00","線上會議","本公司受邀參加Credit Suisse舉辦之法人說明會，說明本公司未來營運發展計劃及110年第一季法說會簡報與其他已公開發佈之財務數字、經營績效等相關資訊。","845420210428M001.pdf","845420210428E001.pdf","http://www.fmt.com.tw/","","無","查詢"
"8454","富邦媒","110/05/24 至 110/05/25","09:00","線上會議","本公司受邀參加J.P. Morgan舉辦之Asia Consumer 1x1 Forum 2021，說明本公司未來營運發展計劃及110年第一季法說會簡報與其他已公開發佈之財務數字、經營績效等相關資訊。","845420210514M001.pdf","845420210514E001.pdf","http://www.fmt.com.tw/","","無","查詢"
"8454","富邦媒","110/05/24 至 110/05/28","09:00","線上會議","本公司受邀參加Goldman Sachs舉辦之TechNet Conference Asia Pacific 2021，說明本公司未來營運發展計劃及110年第一季法說會簡報與其他已公開發佈之財務數字、經營績效等相關資訊。","845420210514M001.pdf","845420210514E001.pdf","http://www.fmt.com.tw/","","無","查詢"
"8454","富邦媒","110/05/26 至 110/05/28","09:00","線上會議","本公司受邀參加Morgan Stanley舉辦之Virtual China Summit，說明本公司未來營運發展計劃及110年第一季法說會簡報與其他已公開發佈之財務數字、經營績效等相關資訊。","845420210514M001.pdf","845420210514E001.pdf","http://www.fmt.com.tw/","","無","查詢"
"8454","富邦媒","110/05/24 至 110/05/28","09:00","線上會議","本公司受邀參加CLSA舉辦之 17th CITIC CLSA Japan Forum 2021，說明本公司未來營運發展計劃及110年第一季法說會簡報與其他已公開發佈之財務數字、經營績效等相關資訊。","845420210514M001.pdf","845420210514E001.pdf","http://www.fmt.com.tw/","","無","查詢"
"8454","富邦媒","110/08/16 至 110/08/18","09:00","線上會議","本公司受邀參加Credit Suisse舉辦之Taiwan Non-Tech Day - Embrace the economic reopening，說明本公司未來營運發展計劃及110年第二季法說會簡報與其他已公開發佈之財務數字、經營績效等相關資訊。","845420210802M001.pdf","845420210802E001.pdf","http://www.fmt.com.tw/","","無","查詢"
"8454","富邦媒","110/09/01 至 110/09/03","09:00","線上會議","本公司受邀參加Morgan Stanley舉辦之Flagship Virtual Asia TMT Conference，說明本公司未來營運發展計劃及110年第二季法說會簡報與其他已公開發佈之財務數字、經營績效等相關資訊。","845420210820M001.pdf","845420210820E001.pdf","http://www.fmt.com.tw/","","無","查詢"
"8454","富邦媒","110/09/07 至 110/09/09","09:00","線上會議","本公司受邀參加Goldman Sachs舉辦之Food Forum，說明本公司未來營運發展計劃及110年第二季法說會簡報與其他已公開發佈之財務數字、經營績效等相關資訊。","845420210820M001.pdf","845420210820E001.pdf","http://www.fmt.com.tw/","","無","查詢"
"8454","富邦媒","110/01/06 至 110/01/07","09:00","線上會議","本公司受邀參加Credit Suisse舉辦之2021 Greater China Technology and Internet Virtual Conference，說明本公司未來營運發展計劃及109年第三季法說會簡報與其他已公開發佈之財務數字、經營績效等相關資訊。","845420210105M001.pdf","845420210105E001.pdf","http://www.fmt.com.tw/","","無","查詢"
"8454","富邦媒","110/01/07 至 110/01/08","09:00","線上會議","本公司受邀參加Morgan Stanley舉辦之Virtual China New Economy Summit，說明本公司未來營運發展計劃及109年第三季法說會簡報與其他已公開發佈之財務數字、經營績效等相關資訊。","845420210105M001.pdf","845420210105E001.pdf","http://www.fmt.com.tw/","","無","查詢"
"8454","富邦媒","110/01/11 至 110/01/12","09:00","線上會議","本公司受邀參加Goldman Sachs舉辦之Greater China Corporate Day，說明本公司未來營運發展計劃及109年第三季法說會簡報與其他已公開發佈之財務數字、經營績效等相關資訊。","845420210105M001.pdf","845420210105E001.pdf","http://www.fmt.com.tw/","","無","查詢"
"8454","富邦媒","110/02/19","14:30","線上會議","本公司受邀參加富邦證券舉辦之法人說明會，說明本公司未來營運發展計劃及109年第四季法說會簡報與其他已公開發佈之財務數字、經營績效等相關資訊。","845420210218M001.pdf","845420210218E001.pdf","http://www.fmt.com.tw/","","無","查詢"
"8454","富邦媒","110/02/19","16:00","線上會議","本公司受邀參加Credit Suisse舉辦之法人說明會，說明本公司未來營運發展計劃及109年第四季法說會簡報與其他已公開發佈之財務數字、經營績效等相關資訊。","845420210218M001.pdf","845420210218E001.pdf","http://www.fmt.com.tw/","","無","查詢"
"8454","富邦媒","110/02/22 至 110/02/23","09:00","線上會議","本公司受邀參加J.P. Morgan舉辦之Taiwan CEO-CFO Conference 2021，說明本公司未來營運發展計劃及109年第四季法說會簡報與其他已公開發佈之財務數字、經營績效等相關資訊。","845420210218M001.pdf","845420210218E001.pdf","http://www.fmt.com.tw/","","無","查詢"
"8454","富邦媒","110/04/07 至 110/04/09","09:00","線上會議","本公司受邀參加Taiwan Stock Exchange和Goldman Sachs共同舉辦之Virtual Taiwan Corporate Day 2021，說明本公司未來營運發展計劃及109年第四季法說會簡報與其他已公開發佈之財務數字、經營績效等相關資訊。","845420210401M001.pdf","845420210401E001.pdf","http://www.fmt.com.tw/","","無","查詢"
"8454","富邦媒","110/04/14","14:30","台北市信義區菸廠路88號6F","本公司受邀參加元富證券舉辦之台股企業日，說明本公司未來營運發展計劃及109年第四季法說會簡報與其他已公開發佈之財務數字、經營績效等相關資訊。","845420210401M001.pdf","845420210401E001.pdf","http://www.fmt.com.tw/","","無","查詢"
"8454","富邦媒","110/04/13 至 110/04/16","09:00","線上會議","本公司受邀參加QIC寬量國際舉辦之Taiwan CEO Week，說明本公司未來營運發展計劃及109年第四季法說會簡報與其他已公開發佈之財務數字、經營績效等相關資訊。","845420210401M001.pdf","845420210401E001.pdf","http://www.fmt.com.tw/","","無","查詢"
"8454","富邦媒","110/09/14","09:30","線上會議","本公司受邀參加TWSE及Yuanta舉辦之 On-line Conference，說明本公司未來營運發展計劃及110年第二季法說會簡報與其他已公開發佈之財務數字、經營績效等相關資訊。","845420210820M001.pdf","845420210820E001.pdf","http://www.fmt.com.tw/","","無","查詢"
"8454","富邦媒","110/11/16 至 110/11/18","10:00","線上會議","本公司受邀參加 J.P. Morgan舉辦之Global TMT  Conference in Asia，說明本公司未來營運發展計劃及
110年第三季法說會簡報與其他已公開發佈之財務數字、經營績效等相關資訊。","845420211029M001.pdf","845420211029E001.pdf","http://www.fmt.com.tw/","","無","查詢"
"8454","富邦媒","110/11/17 至 110/11/19","09:00","線上會議","本公司受邀參加 Morgan Stanley舉辦之Twentieth Annual Asia Pacific Summit，說明本公司未來營運發展計劃及110年第三季法說會簡報與其他已公開發佈之財務數字、經營績效等相關資訊。","845420211029M001.pdf","845420211029E001.pdf","http://www.fmt.com.tw/","","無","查詢"
"8454","富邦媒","110/03/23 至 110/03/30","09:00","線上會議","本公司受邀參加Credit Suisse舉辦之24th Credit Suisse Asian Investment Conference，說明本公司未來營運發展計劃及109年第四季法說會簡報與其他已公開發佈之財務數字、經營績效等相關資訊。","845420210317M001.pdf","845420210317E001.pdf","http://www.fmt.com.tw/","","無","查詢"
"8454","富邦媒","110/07/29","10:30","線上會議","本公司受邀參加UBS舉辦之法人說明會，說明本公司未來營運發展計劃及110年第二季法說會簡報與其他已公開發佈之財務數字、經營績效等相關資訊。","845420210728M001.pdf","845420210728E001.pdf","http://www.fmt.com.tw/","","無","查詢"
"8454","富邦媒","110/07/29","14:30","線上會議","本公司受邀參加富邦證券舉辦之法人說明會，說明本公司未來營運發展計劃及110年第二季法說會簡報與其他已公開發佈之財務數字、經營績效等相關資訊。","845420210728M002.pdf","845420210728E002.pdf","http://www.fmt.com.tw/","","無","查詢"
"8454","富邦媒","110/11/01","10:00","線上會議","本公司受邀參加UBS舉辦之法人說明會，說明本公司未來營運發展計劃及110年第三季法說會簡報與其他已公開發佈之財務數字、經營績效等相關資訊。","845420211029M001.pdf","845420211029E001.pdf","http://www.fmt.com.tw/","","無","查詢"
"8454","富邦媒","110/11/01","16:00","線上會議","本公司受邀參加富邦證券舉辦之法人說明會，說明本公司未來營運發展計劃及110年第三季法說會簡報與其他已公開發佈之財務數字、經營績效等相關資訊。","845420211029M002.pdf","845420211029E002.pdf","http://www.fmt.com.tw/","","無","查詢"
"8454","富邦媒","110/11/24","14:00","西華飯店3F(台北市松山區民生東路三段111號)","本公司受邀參加群益金鼎證券第四季實體投資論壇，說明本公司未來營運發展計劃及110年第三季法說會簡報與其他已公開發佈之財務數字、經營績效等相關資訊。","845420211029M001.pdf","845420211029E001.pdf","http://www.fmt.com.tw/","","無","查詢"
"8454","富邦媒","110/11/26","11:00","寒舍艾美酒店 (台北市信義區松仁路38號2樓宴會廳)","本公司受邀參加元大證券舉辦之2022年投資產業論壇，說明本公司未來營運發展計劃及110年第三季法說會簡報與其他已公開發佈之財務數字、經營績效等相關資訊。","845420211029M002.pdf","845420211029E002.pdf","http://www.fmt.com.tw/","","無","查詢"
"8454","富邦媒","110/11/30 至 110/12/01","09:00","線上會議","本公司受邀參加花旗證券舉辦之2021年台灣企業日，說明本公司未來營運發展計劃及110年第三季法說會簡報與其他已公開發佈之財務數字、經營績效等相關資訊。","845420211029M001.pdf","845420211029E001.pdf","http://www.fmt.com.tw/","","無","查詢"
"8454","富邦媒","110/12/09","09:00","台北遠東國際大飯店(台北市敦化南路二段201號B1)","本公司受邀參加國泰證券舉辦之第四季論壇，說明本公司未來營運發展計劃及110年第三季法說會簡報與其他已公開發佈之財務數字、經營績效等相關資訊。","845420211123M001.pdf","845420211123E001.pdf","http://www.fmt.com.tw/","","無","查詢"
"8454","富邦媒","110/12/07","09:00","線上會議","本公司受邀參加Daiwa舉辦之Emerging Opportunity Virtual Tour，說明本公司未來營運發展計劃及110年第三季法說會簡報與其他已公開發佈之財務數字、經營績效等相關資訊。","845420211123M001.pdf","845420211123E001.pdf","http://www.fmt.com.tw/","","無","查詢"
"8462","柏文","110/11/23","14:30","Webex線上法人說明會","本公司受邀參加永豐金證券股份有限公司舉辦之2021Q3線上法人說明會","846220211122M001.pdf","846220211122E001.pdf","https://www.powerwindhealth.com.tw/list/cate-25241.htm","","報名請洽永豐金證券股份有限公司法人業務部 E-mail：betty.hsieh@sinopac.com","查詢"
"8462","柏文","110/11/24","10:50","台北西華飯店3樓A廳(台北市松山區民生東路三段111號)","本公司受邀參加群益金鼎證券股份有限公司舉辦之2021第四季投資論壇","846220211122M001.pdf","846220211122E001.pdf","https://www.powerwindhealth.com.tw/list/cate-25241.htm","","無。","查詢"
"8463","潤泰材","110/12/23","16:00","臺灣證券交易所1樓資訊展示中心(台北市信義路五段7號1樓)","本公司營運概況說明","846320211223M001.pdf","846320211223E001.pdf","http://www.rtm.com.tw/chinese/ir/financial-information-3.php",同步收看網址：:https://webpro.twse.com.tw/WebPortal/vod/101/3B61E9240065-15624C87-63CA-11EC-8D31/?categoryId=101 法說會影音連結資訊:https://webpro.twse.com.tw/WebPortal/vod/101/3B61E9240065-15624C87-63CA-11EC-8D31/?categoryId=101 ,"無","查詢"
"8464","億豐","110/04/13","09:10","線上會議","本公司受邀參加台灣證交所與寬量國際舉辦的線上法說會","846420210324M001.pdf","846420210324E001.pdf","http://www.nienmade.com.tw/ShareholderArea.aspx","","無","查詢"
"8464","億豐","110/05/11","14:30","臺北文創","本公司受邀參加元富證券(MasterLink)舉辦的法說會議","846420210510M001.pdf","846420210510E001.pdf","http://www.nienmade.com.tw/ShareholderArea.aspx","","無","查詢"
"8464","億豐","110/09/03","10:00","線上會議","本公司受邀參加匯豐證券(HSBC)舉辦的線上論壇。","846420210816M001.PDF","846420210816E001.PDF","http://www.nienmade.com.tw/ShareholderArea.aspx","","無","查詢"
"8464","億豐","110/08/17","14:00","線上會議","本公司受邀參加瑞信證券(Credit Suisse)舉辦的線上論壇(Taiwan Non-Tech Day)","846420210816M001.PDF","846420210816E001.PDF","http://www.nienmade.com.tw/ShareholderArea.aspx","","無","查詢"
"8464","億豐","110/09/30","09:10","線上會議","本公司受邀參加台灣證交所與寬量國際舉辦的線上論壇。","846420210816M001.PDF","846420210816E001.PDF","http://www.nienmade.com.tw/ShareholderArea.aspx","","無","查詢"
"8464","億豐","110/02/22","10:00","線上會議","本公司受邀參加摩根大通證券舉辦的線上法說會議","846420201118M001.pdf","846420201118E001.pdf","http://www.nienmade.com.tw/ShareholderArea.aspx","","無","查詢"
"8464","億豐","110/04/07","14:00","線上會議","本公司受邀參加台灣證交所與高盛證券(Goldman Sachs)舉辦的線上法說會議(Taiwan Corporate Day 2021)","846420210324M001.pdf","846420210324E001.pdf","http://www.nienmade.com.tw/ShareholderArea.aspx","","無","查詢"
"8464","億豐","110/03/25","09:00","線上會議","本公司受邀參加美林證券(BoA)舉辦的線上法說會議
(2021 APAC TMT Conference)","846420210324M001.pdf","846420210324E001.pdf","http://www.nienmade.com.tw/ShareholderArea.aspx","","無","查詢"
"8464","億豐","110/03/30","14:00","線上會議","本公司受邀參加瑞信證券(Credit Suisse)舉辦的線上法說會議(24th Credit Suisse Asian Investment Conference)","846420210324M001.pdf","846420210324E001.pdf","http://www.nienmade.com.tw/ShareholderArea.aspx","","無","查詢"
"8464","億豐","110/06/22","09:00","線上會議","本公司受邀參加瑞銀證券(UBS Securities)舉辦的線上論壇(Taiwan Virtual Conference 2021)","846420210510M001.pdf","846420210510E001.pdf","http://www.nienmade.com.tw/ShareholderArea.aspx","","無","查詢"
"8466","美吉吉-KY","110/04/28","13:30","集思北科大會議中心台北市大安區忠孝東路三段1號(億光大樓2樓)","本公司受邀參加凱基證券與IR Trust共同舉辦之「2021 MIT x 現金壓力測試主題式論壇」","846620210427M001.pdf","846620210427E001.pdf","","","無","查詢"
"8466","美吉吉-KY","110/07/07","15:00","線上法人說明會","本公司受邀參加康和證券舉辦之線上座談會","846620210706M001.pdf","846620210706E001.pdf","","","無","查詢"
"8466","美吉吉-KY","110/10/21","13:30","線上法人說明會","本公司受邀參加凱基證券與IR Trust共同舉辦之「房市風向指標線上研討會」","846620211020M001.pdf","846620211020E001.pdf","","","無","查詢"
"8467","波力-KY","110/09/10","15:30","線上法說會。","本公司受邀參加臺灣證券交易所所舉辦之線上財務業務說明會，就本公司已公開發布之財務數字、經營績效等相關資訊做說明。","846720210909M001.pdf","846720210909E001.pdf","http://www.bonnyworldwide.com/tw/investment/index.aspx?kind=13",法說會影音連結資訊:https://webpro.twse.com.tw/webportal/vod/101/FD73B9E74465-9B4F3285-1213-11EC-A66D/?categoryId=101 ,"相關資料將登載於公司網站及公開資訊觀測站。","查詢"
"8473","山林水","110/10/28","14:30","線上法人說明會","本公司受邀參加兆豐證券舉辦之線上法人說明會","847320211028M001.pdf","847320211028E001.pdf","http://www.mfw.com.tw","","本次會議採線上方式進行，報名請至https://forms.gle/SbBbay3UY4p1BdJt8線上報名。","查詢"
"8478","東哥遊艇","110/08/10","14:00","線上法說會","元大證券舉辦之法人說明會，說明本公司2021年上半年財務及業務相關資訊","847820210810M001.pdf","847820210810E001.pdf","http://www.oceanalexander.com.tw/cn/investor/investor2021.jsp","","無","查詢"
"8481","政伸","110/05/11","14:30","台北市信義路四段236號7樓","本公司受邀參加宏遠證券舉辦之法人說明會","848120210510M001.pdf","848120210510E001.pdf","https://www.transart.com.tw/Investors01-3.php","","無","查詢"
"8481","政伸","110/12/07","14:30","線上法人說明會","本公司受邀參加第一金證券舉辦之線上法人說明會","848120211206M001.pdf","848120211206E001.pdf","https://www.transart.com.tw/Investors01-3.php","","無","查詢"
"8482","商億-KY","110/09/15","14:30","線上法說會","本公司受邀參加凱基證券所舉辦之線上法人說明會","848220210914M001.pdf","848220210914E001.pdf","https://www.shaneglobal.com.tw/investor/shareholders/institutional_investors","","完整財務業務資訊請至公開資訊觀測站之法人說明會一覽表或法說會項目下查詢","查詢"
"8482","商億-KY","110/04/12 至 110/04/13","09:00","線上法說會（台灣）","本公司受邀參加由臺灣證券交易所及寬量國際共同主辦之線上法說會「9th Taiwan CEO Week on Air」。","848220210326M001.pdf","848220210326E001.pdf","https://www.shaneglobal.com.tw/investor/shareholders/institutional_investors","","無。","查詢"
"8482","商億-KY","110/03/26","09:00","線上法說會","本公司受邀參加美林證券所舉辦之線上法說會，
就本公司已公開發布之財務數字、經營績效等相
關資訊做說明。","848220210326M001.pdf","848220210326E001.pdf","https://www.shaneglobal.com.tw/investor/shareholders/institutional_investors?search_year=2021","","無","查詢"
"8482","商億-KY","110/11/30","14:30","線上法說會","本公司受邀參加凱基證券所舉辦之線上法人說明會","848220211126M001.pdf","848220211126E001.pdf","https://www.shaneglobal.com.tw/investor/shareholders/institutional_investors","","無","查詢"
"8488","吉源-KY","110/12/06","15:30","臺灣證券交易所1樓資訊展示中心(台北市信義路五段7號)","本公司受邀參加台灣證券交易所舉辦之外國上市公司財務業務說明會","848820211203M001.pdf","848820211203E001.pdf","",同步收看網址：:https://webpro.twse.com.tw ,"同步收看網址: https://webpro.twse.com.tw/","查詢"
"8499","鼎炫-KY","110/11/11","14:00","線上法說會","本公司受邀參加永豐金證券舉辦之線上法人說明會，就本公司產業狀況及已公開財報、業務等相關資訊做說明","849920211111M001.pdf","849920211111E001.pdf","","","無","查詢"
"8926","台汽電","110/08/26","14:30","線上法人說明會","本公司受邀參加元富證券舉辦之線上法人說明會，說明110年第2季財務業務相關資訊","892620210826M001.pdf","892620210826E001.pdf","http://www.cogen.com.tw/investors/law","","無","查詢"
"8926","台汽電","110/05/27","14:30","線上法人說明會","本公司受邀參加富邦證券舉辦之線上法人說明會，說明110年第1季財務業務相關資訊。","892620210527M001.pdf","892620210527E001.pdf","http://www.cogen.com.tw/investors/law","","無。","查詢"
"8926","台汽電","110/03/30","14:30","線上法人說明會","本公司受邀參加玉山證券舉辦之線上法人說明會，說明109年財務業務相關資訊。","892620210330M001.pdf","892620210330E001.pdf","https://www.cogen.com.tw/investors/law","","無","查詢"
"8926","台汽電","110/11/25","14:30","線上法人說明會","本公司受邀參加日盛證券舉辦之線上法人說明會，說明110年第3季財務業務相關資訊。","892620211125M001.pdf","892620211125E001.pdf","http://www.cogen.com.tw/investors/law","","無","查詢"
"8940","新天地","110/12/15","14:30","台中市西區台灣大道二段573號4樓 會議室","為促進機構投資法人對本公司產業之瞭解，本公司受邀參加日盛證券股份有限公司舉辦之「日盛證券法人說明會」。","894020211214M001.pdf","894020211214E001.pdf","https://newpalace.weebly.com/2786135498263713603926009.html","","無","查詢"
"8996","高力","110/12/20","14:30","兆豐證券總公司13樓會議廳(台北市中正區忠孝東路2段95號13樓)","兆豐證券舉辦之法人說明會，說明本公司營運成果及未來展望。","899620211220M002.PDF","899620211220E002.PDF","https://www.kaori.com.tw/tw/modules/investors/meeting","","無","查詢"
"9103","美德醫療-DR","110/03/22","14:00","台北市信義區松高路9號11樓","本公司受邀參加富邦證券舉辦之法人說明會，會中將分享2021年策略方向與營運計劃。","910320210315M002.pdf","910320210315E002.pdf","http://www.medtecs.com/zh-tw/news/latest-activities/335-9103-2021","","無","查詢"
"910861","神州-DR","110/03/31","17:00","香港灣仔告士打道77-79號富通大廈31樓","召開業績電話會會議- 報告本公司截至二零二零年十二月三十一日止年度之全年業績。","91086120210401M001.pdf","91086120210401E001.pdf","www.dcholdings.com","","無","查詢"
"910861","神州-DR","110/09/01","17:00","香港灣仔告士打道77-79號富通大廈31樓","召開中文業績電話會會議- 報告本集團截至二零二一年六月三十日止六個月之未經審核中期業績","91086120210901M001.pdf","91086120210901E001.pdf","http://www.dcholdings.com","","無","查詢"
"910861","神州-DR","110/09/02","17:00","香港灣仔告士打道77-79號富通大廈31樓","召開英文業績電話會會議- 報告本集團截至二零二一年六月三十日止六個月之未經審核中期業績","91086120210902M001.pdf","91086120210902E001.pdf","http://www.dcholdings.com","","無","查詢"
"9802","鈺齊-KY","110/04/19","14:00","&#29319;亞會議中心 (台北市復興北路99號15樓 )","受邀參加元大證券舉辦之法人說明會，就本公司財務及業務相關資訊做說明。","980220210419M001.pdf","980220210419E001.pdf","https://www.fulgentsun.com/investors05_1.asp","","無","查詢"
"9802","鈺齊-KY","110/01/20","14:45","臺北晶華酒店(台北市中山區中山北路二段39巷3號)","受邀參加臺灣證券交易所與元富證券共同舉辦之法人說明會，就本公司財務及業務相關資訊做說明。","980220210120M001.pdf","980220210120E001.pdf","http://www.fulgentsun.com/investors05_1.asp","","無","查詢"
"9802","鈺齊-KY","110/03/19","14:00","張榮發基金會國際會議中心10F (台北市中正區中山南路11號)","受邀參加凱基證券舉辦之法人說明會，就本公司財務及業務相關資訊做說明。","980220210319M001.pdf","980220210319E001.pdf","https://www.fulgentsun.com/investors05_1.asp","","無","查詢"
"9802","鈺齊-KY","110/11/26","14:15","台北寒舍艾美酒店","本公司將於2021/11/26參加元大證券2022年投資論壇，說明營運成果及未來展望。","980220211126M001.pdf","980220211126E001.pdf","https://www.fulgentsun.com/investors05_1.asp","","無。","查詢"
"9802","鈺齊-KY","110/07/20","14:30","線上法人說明會","本公司受邀參加國票證券線上法人說明會，就本公司財務及業務相關資訊做說明。","980220210720M001.pdf","980220210720E001.pdf","https://www.fulgentsun.com/investors05_1.asp","","無。","查詢"
"9802","鈺齊-KY","110/10/21","14:30","線上&amp;實體會議，
台北文創:台北市信義區菸廠路88號6樓(會議室606)","本公司受邀參加元富證券「10月台股企業日」。","980220211021M001.pdf","980220211021E001.pdf","https://www.fulgentsun.com/investors05_1.asp","","無。","查詢"
"9802","鈺齊-KY","110/12/08","15:30","臺灣證券交易所1樓資訊展示中心(台北市信義路五段7號)","本公司受邀參加臺灣證券交易所舉辦之110年第4季第一上市公司財務業務說明會，就本公司財務及業務相關資訊做說明。","980220211207M001.pdf","980220211207E001.pdf","https://www.fulgentsun.com/investors05_1.asp","","無。","查詢"
"9902","台火","110/11/24","14:30","線上法人說明會","本公司受邀參加玉山證券舉辦之線上法人說明會,說明本公司之業務及財務概況","990220211124M001.pdf","990220211124E001.pdf","http://www.tidehold.com/investor/investor.html#LBS","","報名請洽玉山證券駱先生0-55561313#6198 Email:free820318-71402@esunsec.com.tw","查詢"
"9904","寶成","110/05/25","14:00","線上法說會","應邀參加富邦證券舉辦之線上會議，介紹本公司及說明110年第一季營運績效。","990420210524M001.pdf","990420210524E001.pdf","http://www.pouchen.com/","","無","查詢"
"9904","寶成","110/03/26","15:00","線上法說會","應邀參加美銀證券(BofA Securities)舉辦之線上會議，介紹本公司及說明109年第四季營運績效。","990420210325M001.pdf","990420210325E001.pdf","http://www.pouchen.com/","","無","查詢"
"9904","寶成","110/09/02","14:00","線上法說會","應邀參加富邦證券舉辦之線上會議，介紹本公司及說明110年第二季營運績效。","990420210901M001.pdf","990420210901E001.pdf","http://www.pouchen.com/","","無","查詢"
"9904","寶成","110/11/26","14:00","線上法說會","應邀參加富邦證券舉辦之線上會議，介紹本公司及說明110年第三季營運績效。","990420211125M001.pdf","990420211125E001.pdf","http://www.pouchen.com/","","無","查詢"
"9905","大華","110/10/29","14:00","本次中文法人說明會採網路直播方式進行。","公司營運現況及未來展望說明","990520211029M001.pdf","990520211029E001.pdf","http://www.greatchina.com.tw/invest_new.html",中文影音檔網址:9905_5_20211029_ch.mp4 ,"完整財務業務資訊請至公開資訊觀測站之法人說明會一覽表或法說會項目下查閱。","查詢"
"9905","大華","110/10/29","14:00","本次中文法人說明會採網路直播方式進行。","公司營運現況及未來展望說明","990520211029M002.pdf","990520211029E002.pdf","http://www.greatchina.com.tw/invest_new.html",中文影音檔網址:9905_6_20211029_ch.mp4 ,"完整財務業務資訊請至公開資訊觀測站之法人說明會一覽表或法說會項目下查閱。","查詢"
"9906","欣巴巴","110/09/28","14:30","線上法說會(統一證券主辦)","公司簡介與營運概況說明","990620210927M001.pdf","990620210927E001.pdf","http://www.hsinbaba.com.tw/engpdf2/276.pdf","","報名請洽統一證券02-27478266(分機3257、3279、3784、3213、3872)","查詢"
"9906","欣巴巴","110/07/09","14:30","台北市信義路四段236號7樓
(報名後提供連結及會議號碼)","公司簡介與營運概況說明","990620210706M001.pdf","990620210706E001.pdf","http://www.hsinbaba.com.tw/engpdf2/275.pdf","","報名請洽宏遠證券王小姐(02)2700-8899 分機2179","查詢"
"9906","欣巴巴","110/12/20","15:00","台北市東興路8號15樓","公司簡介與營運概況說明","990620211217M001.pdf","990620211217E001.pdf","http://www.hsinbaba.com.tw/engpdf2/277.pdf","","報名請洽統一證券02-27478266(分機3729、3784、3213、3872、3257、3734、3862)","查詢"
"9907","統一實","110/03/25","14:30","線上法說會","1.本公司預計與統一企業及統一中控在110/03/25，舉行線上聯合法說會，報告本公司109年年度營運與財務概況。
2.以下二種方式參加會議: (1).網路直播連結:http://www.zucast.com/webcast/pRdomuoZ。(2).電話會議:電話號碼:+886-2-2192-8017，與會密碼:460209#。若您欲參與提問請用電話會議方式參加，網路直播僅提供收聽及觀看功能，無法參與提問。","990720210325M001.pdf","990720210325E001.pdf","http://www.tonyi.com.tw/cusPage.php?id=249",同步收看網址：:http://www.zucast.com/webcast/pRdomuoZ 法說會影音連結資訊:http://www.zucast.com/webcast/pRdomuoZ ,"會議簡報將於當日法說會後揭露及上傳於「公開資訊觀測站」。","查詢"
"9907","統一實","110/11/24","14:00","線上法人說明會","本公司受邀參加統一證券舉辦之線上法人說明會，說明本公司110年第1~3季營運狀況。","990720211124M001.pdf","990720211124E001.pdf","http://www.tonyi.com.tw","","無","查詢"
"9908","大台北","110/10/29","16:00","臺灣證交所一樓資訊展示中心(台北市信義路5段7號)","本公司近期財務及營運概況說明","990820211028M002.pdf","990820211028E002.pdf","https://www.taipeigas.com.tw/",法說會影音連結資訊:https://webpro.twse.com.tw/webportal/vod/101/552C1D368145-4BDB8420-3896-11EC-81A8/?categoryId=101 ,"無","查詢"
"9910","豐泰","110/09/09","13:30","電話會議","說明本公司之營運與財務概況","991020210816M001.pdf","991020210816E001.pdf","https://www.fengtay.com/","","無","查詢"
"9910","豐泰","110/05/18","14:00","電話會議","說明本公司之營運與財務概況","991020210517M001.pdf","991020210517E001.pdf","http://www.fengtay.com","","無","查詢"
"9910","豐泰","110/03/26","14:00","電話會議","說明本公司之營運與財務概況.","991020210324M001.pdf","991020210324E001.pdf","http://www.fengtay.com","","無","查詢"
"9910","豐泰","110/03/17","13:30","電話會議","說明本公司之營運與財務概況","991020210316M002.pdf","991020210316E002.pdf","http://www.fengtay.com","","無","查詢"
"9910","豐泰","110/08/17","09:00","電話會議","說明本公司之營運與財務概況.","991020210816M001.pdf","991020210816E001.pdf","http://www.fengtay.com","","無","查詢"
"9910","豐泰","110/12/07","14:00","電話會議","說明本公司之營運與財務概況","991020211203M001.pdf","991020211203E001.pdf","https://www.fengtay.com","","無","查詢"
"9911","櫻花","110/03/19","11:00","張榮發基金會國際會議中心10樓會議廳","本公司受邀參加凱基證券舉辦第一季投資論壇，說明本公司經營績效與營運展望","991120210318M001.pdf","991120210318E001.pdf","https://www.sakura.com.tw/company/finance","","無","查詢"
"9911","櫻花","110/11/23","14:00","線上法說會","本公司受邀參加富邦證券舉辦「2021第四季富邦線上投資論壇」，說明本公司經營績效與營運展望。","991120211119M001.pdf","991120211119E001.pdf","https://www.sakura.com.tw/company/finance","","無","查詢"
"9912","偉聯","110/10/06","14:00","台北市信義區信義路五段7號1樓(證交所資訊展示中心)","公司簡介及營運概況等說明","991220211005M001.pdf","991220211005E001.pdf","https://www.agneovo.com/zh/%e6%b3%95%e4%ba%ba%e8%aa%aa%e6%98%8e%e6%9c%83%e7%b0%a1%e5%a0%b1",法說會影音連結資訊:https://webpro.twse.com.tw/webportal/vod/101/F51CA44B84B9-ED261363-2674-11EC-BA46/?categoryId=101 ,"無","查詢"
"9914","美利達","110/08/17","10:00","線上法說","瑞士信貸-台灣非科技日投資者會議","991420210816M001.pdf","991420210816E001.pdf","https://merida-bikes.com","","無","查詢"
"9914","美利達","110/09/01","10:00","線上法說","USB JAPAN in focus 2021","991420210831M001.pdf","991420210831E001.pdf","https://merida-bikes.com","","無","查詢"
"9914","美利達","110/03/31","15:00","線上會議","受邀參加瑞士信貸亞洲投資論壇","991420210330M001.pdf","991420210330E001.pdf","https://merida-bikes.com","","無","查詢"
"9917","中保科","110/04/28","15:30","集思北科大會議中心-台北市大安區忠孝東路三段1號
-億光大樓2樓","本公司受邀參加凱基證券所舉辦之「2021 MIT X 現金壓力測試主題論壇」，說明本公司2020年營運成果及2021年營運展望","991720210413M001.pdf","991720210413E001.pdf","http://www.secom.com.tw/investor/investor_01_a-1.aspx?cid=2013060078&amp;dpt=doc_down&amp;pt=2013060078","","無","查詢"
"9917","中保科","110/04/13","15:45","臺北文創-台北市信義區菸廠路88號6F","本公司受邀參加元富證券所舉辦之法說會「2021年4月台股企業日」，說明本公司2020年營運成果","991720210413M001.pdf","991720210413E001.pdf","http://www.secom.com.tw/investor/investor_01_a-1.aspx?cid=2013060078&amp;dpt=doc_down&amp;pt=2013060078","","無","查詢"
"9917","中保科","110/12/08","10:05","中興保全科技會議室","本公司受邀參加第一金證券所舉辦之「2021年12月線上投資座談會」，說明本公司2021年第三季營運成果及2022年營運展望","991720211207M001.pdf","991720211207E001.pdf","http://www.secom.com.tw/investor/investor_01_a-1.aspx?cid=2013060078&amp;dpt=doc_down&amp;pt=2013060078","","無","查詢"
"9917","中保科","110/12/09","14:00","中興保全科技會議室","本公司受邀參加大和國泰證券所舉辦之「2021年12月投資座談會」，說明本公司2021年第三季營運成果及2022年營運展望","991720211207M001.pdf","991720211207E001.pdf","http://www.secom.com.tw/investor/investor_01_a-1.aspx?cid=2013060078&amp;dpt=doc_down&amp;pt=2013060078","","無","查詢"
"9918","欣天然","110/07/16","14:30","臺灣證券交易所101辦公大樓一樓資訊展示中心(台北市信義路五段7號1樓)","說明本公司營運狀況及業務展望","991820210714M001.pdf","991820210714E001.pdf","https://www.shinshingas.com.tw/Investor_Conference.html",同步收看網址：:https://webpro.twse.com.tw 法說會影音連結資訊:https://webpro.twse.com.tw/webportal/vod/101/DFE466014C72-886D757D-E602-11EB-8CAB/?categoryId=101 ,"因應防疫升級，目前不開放現場參與，建議可透過網路轉播同步收看。","查詢"
"9918","欣天然","110/11/29","14:30","臺灣證券交易所101辦公大樓一樓資訊展示中心(台北市信義區信義路5段7號1樓)","說明本公司營運狀況及業務展望","991820211125M001.pdf","991820211125E001.pdf","https://www.shinshingas.com.tw/Investor_Conference.html",法說會影音連結資訊:https://webpro.twse.com.tw/WebPortal/vod/101/1BA00471D40D-1588CAF7-50E2-11EC-BECC/?categoryId=101 ,"完整財務業務資訊請至公開資訊觀測站之法人說明會一覽表或法說會項目下查閱。","查詢"
"9919","康那香","110/05/20","15:30","國票綜合證券線上法人說明會","本公司受邀參加國票綜合證券舉辦之線上法人說明會，進行本公司民國110年第一季財務業務及已公開財務數字之相關資訊說明。","991920210518M001.pdf","991920210518E001.pdf","https://www.knh.com.tw/share3-5.html","","無。","查詢"
"9919","康那香","110/09/28","14:00","元富證券線上法人說明會","本公司受邀參加元富證券舉辦之線上法人說明會，進行本公司民國110年第二季財務業務及已公開財務數字之相關資訊說明。","991920210927M001.pdf","991920210927E001.pdf","https://www.knh.com.tw/share3-5.html","","無。","查詢"
"9921","巨大","110/05/18","15:00","線上電話會議","本公司受邀參加
Daiwa Investment Conference London 2021","992120210517M001.pdf","992120210517E001.pdf","https://www.giantcyclingworld.com/inc/conference_presentation.php","","無","查詢"
"9921","巨大","110/08/11","16:00","線上電話會議","本公司受邀參加瑞銀證券(股)公司舉辦之線上法人說明會","992120210517M001.pdf","992120210517E001.pdf","https://www.giantcyclingworld.com/inc/conference_presentation.php","","無","查詢"
"9921","巨大","110/06/02","16:00","線上電話會議","本公司受邀參加Credit Suisse Asia Consumer Corporate Day","992120210517M001.pdf","992120210517E001.pdf","https://www.giantcyclingworld.com/inc/conference_presentation.php","","無","查詢"
"9921","巨大","110/06/04","07:00","線上電話會議","本公司受邀參加Morgan Stanley Inaugural Virtual Japan Summit","992120210517M001.pdf","992120210517E001.pdf","https://www.giantcyclingworld.com/inc/conference_presentation.php","","無","查詢"
"9921","巨大","110/09/14 至 110/09/15","14:00","線上電話會議","本公司受邀參加28th Annual CITIC CLSA Flagship Investors","992120210830M001.pdf","992120210830E001.pdf","https://www.giantgroup-cycling.com/ir-shareholderconference","","無","查詢"
"9921","巨大","110/05/13","15:00","線上電話會議","本公司受邀參加Morgan Stanley舉辦之線上法人說明會","992120210507M001.pdf","992120210507E001.pdf","https://www.giantcyclingworld.com/inc/conference_presentation.php","","無","查詢"
"9921","巨大","110/05/25","09:00","線上電話會議","本公司受邀參加JP Morgan Asia Consumer 1X1 Forum 2021 (Virtual)","992120210517M001.pdf","992120210517E001.pdf","https://www.giantcyclingworld.com/inc/conference_presentation.php","","無","查詢"
"9921","巨大","110/05/27","10:00","線上電話會議","本公司受邀參加17th Annual CITIC CLSA Japan Forum 2021","992120210517M001.pdf","992120210517E001.pdf","https://www.giantcyclingworld.com/inc/conference_presentation.php","","無","查詢"
"9921","巨大","110/09/28 至 110/09/30","09:00","電話線上會議","本公司受邀參加 Daiwa-Affin Hwang Taiwan Corp Day
2021/09/28&amp;30兩天","992120210830M001.pdf","992120210830E001.pdf","https://www.giantgroup-cycling.com/ir-shareholderconference","","無","查詢"
"9921","巨大","110/03/30","10:00","電話會議","本公司受邀參加美林證券舉辦之
2021 APAC TMT Conference","992120210329M001.pdf","992120210329E001.pdf","https://www.giantcyclingworld.com/inc/conference_presentation.php","","無","查詢"
"9921","巨大","110/04/07","10:00","電話會議","本公司受邀參加Taiwan Stock Exchange &amp; Goldman Sachs Virtual Taiwan Corporate Day","992120210329M001.pdf","992120210329E001.pdf","https://www.giantcyclingworld.com/inc/conference_presentation.php","","無","查詢"
"9921","巨大","110/03/29","16:00","電話會議","本公司受邀參加瑞銀證券(股)公司舉辦之線上法人說明會","992120210308M001.pdf","992120210308E001.pdf","https://www.giantcyclingworld.com/inc/conference_presentation.php","","無","查詢"
"9921","巨大","110/03/09 至 110/03/10","09:00","電話會議","本公司受邀參加Citi Taiwan Corporate Day 2021 (Virtual)","992120210308M001.pdf","992120210308E001.pdf","https://www.giantcyclingworld.com/inc/conference_presentation.php","","無","查詢"
"9921","巨大","110/06/22","10:00","線上電話會議","本公司受邀參加UBS Taiwan Virtual Conference 2021","992120210517M001.pdf","992120210517E001.pdf","https://www.giantcyclingworld.com/inc/conference_presentation.php","","無","查詢"
"9921","巨大","110/09/01","08:00","線上電話會議","本公司受邀參加 UBS Japan in Focus 2021","992120210830M001.pdf","992120210830E001.pdf","https://www.giantcyclingworld.com/inc/conference_presentation.php","","無","查詢"
"9921","巨大","110/09/03","11:00","線上電話會議","本公司受邀參加 HSBC Taiwan Executive Forum","992120210830M001.pdf","992120210830E001.pdf","https://www.giantcyclingworld.com/inc/conference_presentation.php","","無","查詢"
"9921","巨大","110/09/07","14:00","線上電話會議","本公司受邀參加 Morgan Stanley Virtual
Asia ESG Conference","992120210830M001.pdf","992120210830E001.pdf","https://www.giantcyclingworld.com/inc/conference_presentation.php","","無","查詢"
"9921","巨大","110/10/27","10:00","線上電話會議","本公司受邀參加Nomura Virtual Taiwan Corporate Day 2021","992120210830M001.pdf","992120210830E001.pdf","https://www.giantgroup-cycling.com/ir-shareholderconference","","無","查詢"
"9921","巨大","110/11/17 至 110/11/18","10:00","線上電話會議","受邀參加Morgan Stanley Twentieth Annual Asia Pacific Summit","992120211115M001.pdf","992120211115E001.pdf","https://www.giantgroup-cycling.com/ir-shareholderconference","","無","查詢"
"9921","巨大","110/11/19","14:00","線上電話會議","本公司受邀參加  Daiwa DIC HK 2021","992120211115M001.pdf","992120211115E001.pdf","https://www.giantgroup-cycling.com/ir-shareholderconference","","無","查詢"
"9921","巨大","110/11/30 至 110/12/01","10:00","線上電話會議","本公司受邀參加Citi Taiwan Corporate Day 2021","992120211115M001.pdf","992120211115E001.pdf","https://www.giantgroup-cycling.com/ir-shareholderconference","","無","查詢"
"9924","福興","110/09/02","14:30","線上法說會","本公司受邀參加宏遠證券舉辦之線上法說會，
會中將針對2021年第二季之營運概況做說明。","992420210830M002.pdf","992420210830E002.pdf","http://www.fuhsing.com.tw/conference","","無","查詢"
"9924","福興","110/12/15","14:30","台北市敦化南路一段108號B2
(富邦國際會議中心)","本公司受邀參加富邦證券舉辦之法人說明會，
會中將針對公司近期之營運概況做說明。","992420211210M001.pdf","992420211210E001.pdf","http://www.fuhsing.com.tw/conference","","無","查詢"
"9925","新保","110/10/20","14:30","新保智慧生活體驗館(台北市建國北路1段126號1樓)","本公司近期營運概況說明","992520211015M002.pdf","992520211015E002.pdf","https://www.sks.com.tw/Shareholder#list-columns&#list-corporation",法說會影音連結資訊:https://webpro.twse.com.tw/webportal/vod/101/71F7F6ACD804-CA370F31-3185-11EC-B90C/?categoryId=101 ,"無","查詢"
"9926","新海","110/10/14","14:00","台北市信義路五段七號一樓台灣證券交易所101大樓1樓資訊展示館","110年上半年業績發表","992620211013M002.pdf","992620211013E002.pdf","http://www.shinhaigas.com.tw/shareholder.php",:未輸 法說會影音連結資訊:https://webpro.twse.com.tw/webportal/vod/101/557AF51F34D0-338B1ABC-2CC0-11EC-81F2/?categoryId=101 ,"無","查詢"
"9927","泰銘","110/11/18","15:00","大眾財經大樓(高雄市前鎮區中山二路2號9樓之一)","台新綜合證券(股)公司舉辦之「台新證券聯合法人說明會」","992720211118M001.pdf","992720211118E001.pdf","http://www.tmicl.com.tw","","無","查詢"
"9928","中視","110/11/26","15:00","中國電視事業股份有限公司(台北市南港區重陽路118號第二大廈3樓)","本公司受邀參加凱基證券舉辦之法人說明會","992820211126M001.pdf","992820211126E001.pdf","","","無","查詢"
"9929","秋雨","110/11/25","15:30","福邦證券總公司(台北市忠孝西路一段6號7樓B會議室)","本公司受邀參加福邦證券所舉辦之法人說明會","992920211123M003.pdf","992920211123E003.pdf","http://www.choiceprintgroup.com/ch/rule.php?id=24","","無","查詢"
"9930","中聯資源","110/11/24","14:30","台北晶華酒店","本公司業務及財務相關資訊","993020211122M001.pdf","993020211122E001.pdf","https://www.chc.com.tw/pst.html","","無","查詢"
"9931","欣高","110/06/08","14:00","高雄市鹽埕區大義街56號","說明本公司110年第一季營運概況","993120210608M003.doc","993120210608E003.doc","http://www.hkgas.com.tw",法說會影音連結資訊:https://youtu.be/UKhoBrZzVIY ,"無","查詢"
"9933","中鼎","110/08/11","15:45","Webex","本公司受邀參加元富證券舉辦八月台股企業日。","993320210811M001.pdf","993320210811E001.pdf","https://www.ctci.com/","","無","查詢"
"9933","中鼎","110/08/18","10:45","線上法說會","本公司受邀參加元大證券2021年第三季線上論壇。","993320210817M001.pdf","993320210817E001.pdf","http://www.ctci.com/","","無","查詢"
"9933","中鼎","110/04/14","14:40","線上法說會（台灣）","本公司受邀參加由臺灣證券交易所及寬量國際共同主辦之線上法說會「9th Taiwan CEO Week on Air」，說明本公司之營運概況、財務及業務相關資訊。","993320210414M001.pdf","993320210414E001.pdf","https://www.ctci.com/","","完整財務業務資訊請至公開資訊觀測站之法人說明會一覽表或法說會項目下查閱。","查詢"
"9933","中鼎","110/10/08","10:20","線上法說會（台灣）","本公司受邀參加由臺灣證券交易所及寬量國際共同主辦之線上法說會「10th Taiwan CEO Week on Air」，說明本公司之營運概況、財務及業務相關資訊。","993320211007M001.pdf","993320211007E001.pdf","https://www.ctci.com/","","完整財務業務資訊請至公開資訊觀測站之法人說明會一覽","查詢"
"9933","中鼎","110/08/31","14:30","本次為線上法人說明會","2021年至今營運回顧與業務展望","993320210831M001.pdf","993320210831E001.pdf","http://www.ctci.com/",同步收看網址：:https://ctci-1.webex.com/ctci-1-tc/j.php?MTID=m170b016eec872b25fbed5947319b2f65 ,"無","查詢"
"9933","中鼎","110/06/23","14:00","本次為線上法人說明會","2021年至今營運回顧與業務展望","993320210623M002.pdf","993320210623E002.pdf","http://www.ctci.com/",同步收看網址：:https://ctci-1.webex.com/ctci-1-tc/j.php?MTID=m4ed3c280ebd6091824eef8bbdc2128a1 ,"無","查詢"
"9933","中鼎","110/03/17","11:00","線上法說會","本公司受邀參加元大證券2021線上投資展望說明會","993320210316M001.pdf","993320210316E001.pdf","http://www.ctci.com","","無","查詢"
"9933","中鼎","110/03/23","14:30","本次為線上法人說明會","2020年營運回顧與業務展望","993320210323M001.pdf","993320210323E001.pdf","http://www.ctci.com",同步收看網址：:https://ctci-1.webex.com/ctci-1/j.php?MTID=mbf69730bb971560297e9141dd4e06669 法說會影音連結資訊:http://www.ctci.com ,"無","查詢"
"9933","中鼎","110/12/17","14:30","本次為線上法人說明會","2021年至今營運回顧與業務展望","993320211217M001.pdf","993320211217E001.pdf","http://www.ctci.com/",同步收看網址：:https://ctci-1.webex.com/ctci-1-tc/j.php?MTID=m573aab2e578e4ef0c1daf3c29b764b62 法說會影音連結資訊:未輸 ,"無","查詢"
"9934","成霖","110/09/16","14:30","線上法說會","本公司受邀參加宏遠證券舉辦之線上法人說明會","993420210914M001.pdf","993420210914E001.pdf","https://tw.globeunion.com/investors/","","無","查詢"
"9934","成霖","110/12/17","11:00","線上法說會","本公司受邀參加凱基證券投顧舉辦之線上法人說明會","993420211214M002.pdf","993420211214E002.pdf","https://tw.globeunion.com/investors/","","無","查詢"
"9935","慶豐富","110/04/09","14:30","線上法人說明會","受邀參加群益金鼎證券舉辦線上法說會，說明本公司之營運概況 報名網址：
https://forms.gle/xj5AttmdmxLptveU7 活動內容詢問電話：02-8789-8888分機5142劉小姐","993520210409M001.pdf","993520210409E001.pdf","http://www.chingfeng.com/msg/Organization.html","","無","查詢"
"9937","全國","110/10/19","16:00","線上法說會","本公司受邀參加元大證券舉辦之線上產業說明會，報告本公司營運狀況。","993720211018M001.pdf","993720211018E001.pdf","http://inv.npcgas.com.tw/html/investors/15.aspx","","無。","查詢"
"9938","百和","110/08/18","10:00","電話會議","本公司受邀參加瑞士信貸證券舉辦之「Taiwan Non-Tech Day」，說明本公司財務業務狀況及經營績效。","993820210818M001.pdf","993820210818E001.pdf","http://www.paiho.com","","無","查詢"
"9938","百和","110/07/14","14:30","線上法人說明會","本公司受邀參加富邦證券舉辦之聯合線上法人說明會，說明本公司財務業務狀況及經營績效。","993820210713M001.pdf","993820210713E001.pdf","http://www.paiho.com","","相關訊息請洽富邦證券法人部 E-mail:Jack.L.Chen@fubon.com","查詢"
"9938","百和","110/09/02","11:10","線上法人說明會","本公司受邀參加富邦證券舉辦之富邦投資論壇，說明本公司財務業務狀況及經營績效。","993820210827M001.pdf","993820210827E001.pdf","http://www.paiho.com","","相關訊息請洽富邦證券法人部 E-mail: leanne.lee@fubon.com","查詢"
"9938","百和","110/10/22","14:30","線上法人說明會","本公司受邀參加元富證券舉辦之法說會「2021年10月台股企業日」，說明本公司財務業務狀況及經營績效。","993820211020M001.pdf","993820211020E001.pdf","http://www.paiho.com","","無","查詢"
"9939","宏全","110/05/18","15:15","線上法說會","公司簡介財務、業務及相關資訊作說明","993920210518M001.pdf","993920210518E001.pdf","https://www.honchuan.com/tw","","本公司受邀參加台新證券所舉辦第二季線上投資論壇","查詢"
"9939","宏全","110/03/19","14:00","張榮發基金會國際會議中心10F(台北市中正區中山南路11號10F)","公司簡介財務、業務及相關資訊作說明","993920210316M001.pdf","993920210316E001.pdf","https://www.honchuan.com/tw","","本公司受邀參加凱基證券所舉辦第一季投資論壇","查詢"
"9939","宏全","110/03/17","15:30","線上法說會","公司簡介財務、業務及相關資訊作說明","993920210316M001.pdf","993920210316E001.pdf","www.honchuan.com","","本公司受邀參加元大證券舉辦之2021年線上投資展望說明會","查詢"
"9939","宏全","110/11/26","14:50","線上法說會","公司簡介財務、業務及相關資訊作說明","993920211125M001.pdf","993920211125E001.pdf","https://www.honchuan.com/tw","","本公司受邀參加國票證券舉辦之2021年線上法說會","查詢"
"9940","信義","110/08/11","14:30","線上法說會","一一O年第2季公司營運狀況說明","994020210809M001.pdf","994020210809E001.pdf","https://www.sinyi.com.tw/investors/investors-ch-news_news",中文影音檔網址:9940_38_20210811_ch.mp4 ,"相關資訊將依規定公布於公開資訊觀測站公司治理專區","查詢"
"9940","信義","110/05/11","15:30","線上法說會","一一○年第1季公司營運狀況說明","994020210507M001.pdf","994020210507E001.pdf","https://www.sinyi.com.tw/investors/investors-ch-news_news",中文影音檔網址:9940_37_20210511_ch.mp4 ,"相關資訊將依規定公布於公開資訊觀測站公司治理專區","查詢"
"9940","信義","110/11/11","14:30","線上法說會","一一O年第3季公司營運狀況說明","994020211109M001.pdf","994020211109E001.pdf","https://www.sinyi.com.tw/investors/shareholder-services/investor-conference",中文影音檔網址:9940_39_20211111_ch.mp4 ,"相關資訊將依規定公布於公開資訊觀測站公司治理專區","查詢"
"9940","信義","110/03/11","14:00","線上法說會","一零九年第四季公司營運狀況說明","994020210309M001.pdf","994020210309E001.pdf","https://www.sinyi.com.tw/investors/investors-ch-news_news",中文影音檔網址:9940_36_20210311_ch.mp4 ,"相關資訊將依規定公布於公開資訊觀測站公司治理專區","查詢"
"9941","裕融","110/05/27","13:30","線上法人說明會","本公司受邀參加富邦證券於2021年05月27日舉辦之上市公司財務業務概況座談會，會中將說明本公司2021年第一季營運概況。","994120210527M001.pdf","994120210527E001.pdf","www.tac.com.tw","","報名請洽富邦法人部vina.chen@fubon.com","查詢"
"9941","裕融","110/08/25","15:10","線上法人說明會","本公司受邀參加富邦證券於2021年08月25日舉辦之上市公司財務業務概況座談會，會中將說明本公司2021年第二季營運概況。","994120210825M001.pdf","994120210825E001.pdf","www.tac.com.tw","","報名請洽富邦法人部vina.chen@fubon.com","查詢"
"9941","裕融","110/04/14","15:30","台北市大安區敦化南路二段97號11樓","本公司受邀參加元富證券於2021年04月14日舉辦之上市公司財務業務概況座談會，會中將說明本公司2020年第四季營運概況。","994120210414M001.pdf","994120210414E001.pdf","https://www.tac.com.tw/","","法說會報名連結：https://www.masterlink.com.tw/mlAP/UnderWrite/apply.aspx?pk=140","查詢"
"9941","裕融","110/11/17","13:30","線上法人說明會","本公司受邀參加富邦證券於2021年11月17日舉辦之上市公司財務業務概況座談會，會中將說明本公司2021年第三季營運概況。","994120211117M001.pdf","994120211117E001.pdf","www.tac.com.tw","","報名請洽富邦法人部tingju.yeh@fubon.com","查詢"
"9942","茂順","110/09/23","14:00","線上法說會","本公司受邀參加元大證券舉辦之產業座談會，報告本公司營運狀況。","994220210917M001.pdf","994220210917E001.pdf","","","無。","查詢"
"9942","茂順","110/12/23","14:00","線上法說會","本公司受邀參加元大證券舉辦之線上法說會，報告本公司營運狀況。","994220211220M001.pdf","994220211220E001.pdf","","","無。","查詢"
"9943","好樂迪","110/11/11","14:00","福邦證券總公司(台北市忠孝西路一段6號7樓 B會議室)","公司簡介及營運概況等說明","994320211110M001.pptx","994320211110E001.ppt","","","無","查詢"
"9944","新麗","110/10/26","14:00","線上法人說明會","受邀參加
主要向投資人說明營運概況。","994420211026M001.pdf","994420211026E001.pdf","http://www.shinih.com/cht/cs4/01.php","","無","查詢"
"9945","潤泰新","110/10/21","15:30","線上法人說明會","本公司受邀參加凱基證券舉辦之「房市風向指標線上研討會」法人說明會，說明本公司近期之營運成果與未來展望","994520211020M003.pdf","994520211020E003.pdf","http://rcweb.ruentex.com.tw/RUENTEX/","","無","查詢"
"9946","三發地產","110/12/21","16:00","線上法說會","本公司受邀參加元大證券舉辦之產業座談會","994620211221M001.pdf","994620211221E001.pdf","","","無","查詢"
"9955","佳龍","110/12/24","14:00","桃園市觀音區大潭里環科路323號","110年前三季營運報告及說明","995520211223M001.pdf","995520211223E001.pdf","https://www.sdti.com.tw/investors_finance.html",法說會影音連結資訊:https://www.facebook.com/100003338635759/videos/462509011953043/ ,"無","查詢"
"9958","世紀鋼","110/05/26","15:40","本次為線上法人說明會。","本公司財務及營運狀況說明。","995820210524M001.pdf","995820210524E001.pdf","","","無。","查詢"
"9958","世紀鋼","110/02/23","15:45","台北文創-台北市信義區菸廠路88號6樓","本公司受邀參加元富證券所舉辦之法說會「2021年02月台股企業日」","995820210220M002.pptx","995820210220E002.pptx","","","無","查詢"