"公司代號","公司名稱","召開法人說明會日期","召開法人說明會時間","召開法人說明會地點","法人說明會擇要訊息","法人說明會簡報內容-中文","法人說明會簡報內容-英文","公司網站是否有提供法人說明會相關資訊","影音連結資訊","其他應敘明事項","歷年法人說明會"
"1101","台泥","111/02/21 至 111/02/22","09:00","線上法說會","公司簡介、所屬產業概況、營運成果及未來展望說明","110120211124M002.pdf","110120211124E002.pdf","https://www.taiwancement.com/en/ir_investor-meetings.html","","無，完整財務業務資訊請至公開資訊觀測站之法人說明會一覽表或法說會項目下查閱。","查詢"
"1101","台泥","111/09/13 至 111/09/15","14:00","線上法說會","公司簡介、所屬產業概況、營運成果及未來展望說明","110120220922M001.pdf","110120220922E001.pdf","https://www.taiwancement.com/en/ir_investor-meetings.html","","無","查詢"
"1101","台泥","111/11/14","14:30","實體(採實名報名制)及線上法說會，實體法說會地點:台北市中山北路2段113號3樓士敏廳。","公司簡介、所屬產業概況、營運成果及未來展望說明。","110120221114M001.pdf","110120221114E001.pdf","https://www.taiwancement.com/tw/ir_investor-meetings.html",:未輸 法說會影音連結資訊:https://www.taiwancement.com/tw/ir_investor-meetings-inner.html?id=29 ,"實體及線上法說會報名網址：https://www.taiwancement.com/tw/investorsSignUp.html","查詢"
"1102","亞泥","111/03/31","16:00","電話法人說明會","本公司受邀參加凱基證券舉辦2021年第四季營運概況線上法說會","110220220331M001.pdf","110220220331E001.pdf","https://www.acc.com.tw/","","無","查詢"
"1102","亞泥","111/04/01","16:00","電話法人說明會","公司受邀參加HSBC舉辦線上法說會","110220220401M001.pdf","110220220401E001.pdf","https://www.acc.com.tw/",法說會影音連結資訊:未輸 ,"無","查詢"
"1102","亞泥","111/06/08","11:00","線上法人說明會","本公司受邀參加Citi舉辦Pan Asia Regional Conference","110220220526M001.pdf","110220220526E001.pdf","https://www.acc.com.tw/","","無","查詢"
"1102","亞泥","111/06/20","09:00","線上法人說明會","本公司受邀參加UBS舉辦Taiwan Virtual Conference 2022","110220220601M001.pdf","110220220601E001.pdf","https://www.acc.com.tw/","","無","查詢"
"1102","亞泥","111/01/11","14:00","線上法人說明會","本公司受邀參加元大證券舉辦法人座談會說明本公司營運現況與展望","110220220104M001.pdf","110220220104E001.pdf","https://www.acc.com.tw/","","無","查詢"
"1102","亞泥","111/08/15","16:00","線上法人說明會","本公司受邀參加KGI舉辦2022年第二季營運概況線上法說會","110220220812M001.pdf","110220220812E001.pdf","https://www.acc.com.tw/","","無","查詢"
"1102","亞泥","111/08/30","09:00","線上法人說明會","本公司受邀參加HSBC Taiwan Executive Forum說明本公司營運現況及展望","110220220812M002.pdf","110220220812E002.pdf","https://www.acc.com.tw/","","無","查詢"
"1102","亞泥","111/03/09","14:00","線上法人說明會","本公司受邀參加Citi舉辦之Taiwan Corporate Day 2022說明本公司營運現況與展望","110220220223M001.pdf","110220220223E001.pdf","https://www.acc.com.tw/","","無","查詢"
"1102","亞泥","111/03/10","10:30","線上法人說明會","本公司受邀參加國泰證券舉辦2022年第一季產業論壇說明本公司營運現況與展望","110220220223M002.pdf","110220220223E002.pdf","https://www.acc.com.tw/","","無","查詢"
"1102","亞泥","111/04/12","14:30","臺北文創","本公司受邀參加元富證券舉辦2022台股企業日說明本公司營運現況與展望","110220220401M002.pdf","110220220401E002.pdf","https://www.acc.com.tw/","","無","查詢"
"1102","亞泥","111/05/16","16:00","線上法人說明會","本公司受邀參加凱基證券舉辦法人座談會說明本公司營運現況與展望","110220220513M001.pdf","110220220513E001.pdf","https://www.acc.com.tw/","","無","查詢"
"1102","亞泥","111/11/15","15:00","線上法人說明會","本公司受邀參加KGI舉辦2022年第三季營運概況線上法說會","110220221114M001.pdf","110220221114E001.pdf","https://www.acc.com.tw/","","無","查詢"
"1102","亞泥","111/12/07","13:30","台北","本公司受邀參加國泰證券舉辦第四季產業論壇","110220221114M002.pdf","110220221114E002.pdf","https://www.acc.com.tw/","","無","查詢"
"1102","亞泥","111/09/14","14:00","線上法人說明會","本公司受康和、元大、富邦、台新、第一金證券聯合邀請，舉辦法人座談會說明營運現況及展望","110220220914M001.pdf","110220220914E001.pdf","https://www.acc.com.tw/","","無","查詢"
"1103","嘉泥","111/03/23","14:30","線上法說會","110年第四季公司營運狀況","110320220323M001.pdf","110320220323E001.pdf","https://www.chcgroup.com.tw/index.php?route=static/static/coptinfmtrpt",法說會影音連結資訊:https://www.youtube.com/watch?v=Ewq-5PRwHs0 ,"線上法說會報名網址：https://forms.gle/d2vSqgp1Cm5hGPbB9","查詢"
"1103","嘉泥","111/05/27","14:30","線上法說會","111年第一季公司營運狀況","110320220527M001.pdf","110320220527E001.pdf","https://www.chcgroup.com.tw/index.php?route=static/static/coptinfmtrpt",法說會影音連結資訊:https://www.youtube.com/watch?v=C34VQVQF6LY ,"線上法說會報名網址：https://forms.gle/dKjDVwDfzFoD9G5F6","查詢"
"1103","嘉泥","111/08/31","15:00","線上法說會","本公司受邀參加元富證券舉辦之法人座談會","110320220831M001.pdf","110320220831E001.pdf","https://www.chcgroup.com.tw/index.php?route=static/static/coptinfmtrpt","","無","查詢"
"1103","嘉泥","111/12/16","14:30","實體及線上法說會(採實名報名制)，地點:君品酒店5 樓亮懷廳(台北市承德路一段3號5樓)","111年第三季公司營運狀況","110320221216M001.pdf","110320221216E001.pdf","https://www.chcgroup.com.tw/%e6%af%8f%e5%ad%a3%e7%87%9f%e9%81%8b-2022/",法說會影音連結資訊:https://youtu.be/_Av5MfTkcKw ,"實體及線上法說會報名網址：https://forms.gle/tmnMXTECnpR6VDuv6","查詢"
"1104","環泥","111/06/01","14:00","線上法人說明會","本公司受統一綜合證券邀請參加線上法人說明會","110420220531M001.ppt","110420220531E001.pptx","http://www.ucctw.com/m/412-1518-9960.php?Lang=zh-tw","","無","查詢"
"1104","環泥","111/09/14","11:00","Webex 平台舉辦線上法人說明會","本公司受第一金證券邀請參加法人說明會","110420220913M001.pdf","110420220913E001.pdf","http://www.ucctw.com/m/412-1518-9960.php?Lang=zh-tw",中文影音檔網址:1104_15_20220914_ch.mp4 ,"無","查詢"
"1108","幸福","111/12/26","16:00","101大樓一樓資訊展示中心 (台北市信義路5段7號)","公司簡介與營運概況","110820221226M001.pdf","110820221226E001.pdf","https://www.luckygrp.com.tw/tw/index.asp?au_id=23&amp;sub_id=59",法說會影音連結資訊:https://webpro.twse.com.tw/webportal/vod/101/C19816874A91-D4F57CCF-84F7-11ED-BAC1/?categoryId=101 ,"15:30報到，16:00法說會開始。","查詢"
"1109","信大","111/08/31","16:00","臺灣證券交易所一樓資訊展示中心(台北市信義區信義路五段7號1樓)","公司簡介、營業概況、財務分析、未來展望","110920220831M001.pdf","110920220831E001.pdf","http://www.hsingta.com.tw",同步收看網址：:https://webpro.twse.com.tw/webportal/?liveChannelId=1 法說會影音連結資訊:https://webpro.twse.com.tw/webportal/vod/101/431726D89141-913C5158-2913-11ED-AFA0/?categoryId=101 ,"無。","查詢"
"1110","東泥","111/11/30","16:00","線上法說會","本公司受邀參加元大證券舉辦之線上法說會，報告本公司營運狀況。","111020221128M001.pptx","111020221128E001.pptx","http://www.southeastcement.com.tw/index.php?q=conference","","無。","查詢"
"1201","味全","111/12/19","15:00","線上產業座談會","本公司受邀參加元大證券舉辦之線上產業座談會。","120120221219M002.pdf","120120221219E002.pdf","http://www.weichuan.com.tw/","","無","查詢"
"1203","味王","111/10/25","14:30","臺灣證券交易所1樓資訊展示中心(台北市信義路五段7號)","公司概況、財務報告及營運概況","120320221024M001.ppt","120320221024E001.ppt","http://www.vewong.com/ec99/ushop20069/profile_11.asp",法說會影音連結資訊:https://webpro.twse.com.tw/WebPortal/vod/101/C9B6F1071B9F-56DCA780-5433-11ED-9E4A/?categoryId=101 ,"無","查詢"
"1210","大成","111/05/26","15:30","線上法說會","2022Q1財報說明","121020220526M001.pdf","121020220526E001.pdf","https://www.dachan.com/conference","","無","查詢"
"1210","大成","111/04/12","14:30","線上法說會(元富)","公司簡介與營運狀況說明。","121020220412M001.pdf","121020220412E001.pdf","https://www.dachan.com/conference","","無","查詢"
"1210","大成","111/08/26","14:00","線上法說會","2022Q2財報說明。","121020220826M001.pdf","121020220826E001.pdf","https://www.dachan.com/conference","","無","查詢"
"1210","大成","111/11/18","14:00","線上法說會","2022Q3財報說明","121020221118M001.pdf","121020221118E001.pdf","https://www.dachan.com/conference","","無","查詢"
"1213","大飲","111/11/23","15:00","新北市三重區重陽路三段99號9樓","公司簡介及營運狀況報告","121320221123M001.pptx","121320221123E001.pptx","https://applesidra.com.tw/",法說會影音連結資訊:https://www.youtube.com/watch?v=W1Gk89BRgH4 ,"中、英文簡報內容檔案於當日會後公告於公開資訊觀測站","查詢"
"1215","卜蜂","111/11/29","14:00","證券交易所一樓資訊展示中心(台北市信義區信義路五段7號)","簡報營運狀況","121520221129M001.ppt","121520221129E001.ppt","https://www.cptwn.com.tw/ec99/rwd1453/category.asp?category_id=21",法說會影音連結資訊:https://webpro.twse.com.tw/webportal/vod/101/2182451A5070-FCF7ECF3-6FBA-11ED-8D56/?categoryId=101 ,"無","查詢"
"1216","統一","111/05/13","09:00","線上法說會","本公司應麥格里證券之邀參加線上法說會，報告本公司截至111年第一季度之營運與財務概況。","121620220512M001.pdf","121620220512E001.pdf","https://www.uni-president.com.tw/invest/index.html","","會議簡報依規定揭露於「公開資訊觀測站」。","查詢"
"1216","統一","111/04/08","08:00","線上法說會","本公司應臺灣證券交易所暨高盛證券之邀於111/4/8參加「TWSE/GS Virtual Taiwan Corporate Day 2022」，報告本公司110年度之營運與財務概況。","121620220407M001.pdf","121620220407E001.pdf","https://www.uni-president.com.tw/invest/index.html","","會議簡報依規定揭露於「公開資訊觀測站」。","查詢"
"1216","統一","111/03/11","15:00","線上法說會","1.本公司預計與統一中控、統一實業及大統益在111年3月11日舉行線上聯合法說會，報告本公司截至110全年度之營運與財務概況。

2. 會議採以下二種方式進行: 
(1).網路音訊直播: http://www.zucast.com/webcast/ummccMEf。
(2).電話會議:電話號碼:+886-2-2192-8017，與會密碼:300645#。
若您欲口頭提問，請用電話會議方式參加。","121620220311M001.pdf","121620220311E001.pdf","https://www.uni-president.com.tw/invest/index.html",同步收看網址：:http://www.zucast.com/webcast/ummccMEf 法說會影音連結資訊:http://www.zucast.com/webcast/ummccMEf ,"會議簡報將於當日法說會後揭露及上傳於「公開資訊觀測站」。","查詢"
"1216","統一","111/06/21","09:00","線上法說會","本公司應瑞銀證券之邀參加線上法說會，報告本公司截至111年第一季度之營運與財務概況。","121620220512M001.pdf","121620220512E001.pdf","https://www.uni-president.com.tw/invest/index.html","","會議簡報依規定揭露於「公開資訊觀測站」。","查詢"
"1216","統一","111/08/16","09:00","線上法說會","本公司應摩根大通證券之邀參加線上法說會，報告本公司截至111年上半年度之營運與財務概況。","121620220815M001.pdf","121620220815E001.pdf","https://www.uni-president.com.tw/invest/index.html","","會議簡報依規定揭露於「公開資訊觀測站」。","查詢"
"1216","統一","111/11/11","11:00","線上法說會","本公司應邀於111年11月11日參加元大證券舉辦之線上論壇，報告本公司截至111年前三季之營運與財務概況。","121620221110M001.pdf","121620221110E001.pdf","https://www.uni-president.com.tw/invest/index.html","","會議簡報依規定揭露於「公開資訊觀測站」。","查詢"
"1216","統一","111/12/02","11:00","線上法說會","本公司應邀於111年12月2日參加花旗證券舉辦之「Citi Taiwan Corporate Day 2022」，報告本公司截至111年前三季之營運與財務概況。","121620221110M001.pdf","121620221110E001.pdf","https://www.uni-president.com.tw/invest/index.html","","會議簡報依規定揭露於「公開資訊觀測站」。","查詢"
"1216","統一","111/09/14","11:00","線上法說會","本公司應邀於111年9月14日參加台灣董事學會、臺灣證券交易所及安擘諮詢共同舉辦之線上論壇，報告本公司截至111年上半年度之營運與財務概況。","121620220815M001.pdf","121620220815E001.pdf","https://www.uni-president.com.tw/invest/index.html","","會議簡報依規定揭露於「公開資訊觀測站」。","查詢"
"1217","愛之味","111/08/19","14:00","台北市敦化南路二段97號16樓第一會議室","公司簡介與營運狀況說明","121720220819M001.pdf","121720220819E001.pdf","https://www.agv.com.tw/年度行事曆/",法說會影音連結資訊:https://www.youtube.com/watch?v=rysHnR7HVrE ,"無","查詢"
"1218","泰山","111/12/01","14:00","線上法說會","本公司受邀參加元大證券舉辦之線上法人說明會。","121820221201M001.pdf","121820221201E001.pdf","http://www.taisun.com.tw/investor/legal-person-info/","","無。","查詢"
"1219","福壽","111/09/02","14:30","臺灣證券交易所1F資訊展示中心(台北市信義路五段7號1樓)","公司營運、財務績效說明及未來展望","121920220830M001.pdf","121920220830E001.pdf","https://www.fwusow.com.tw/",法說會影音連結資訊:https://webpro.twse.com.tw/webportal/vod/101/431726D89141-AB186DED-2A92-11ED-AFA0/?categoryId=101 ,"無","查詢"
"1220","台榮","111/10/11","14:30","證券交易所101辦公大樓一樓資訊展示中心(台北市信義路五段7號)","簡報營運概況(14:00報到 14:30開始說明會)","122020221007M001.pptx","122020221007E001.pptx","",法說會影音連結資訊:https://webpro.twse.com.tw/webportal/vod/101/C9B6F1071B9F-E4D4947B-4933-11ED-9E4A/?categoryId=101 ,"無","查詢"
"1225","福懋油","111/11/25","14:00","線上法說會","擬於111年11月25日14:00舉行線上法人說明會，報告本公司111年第三季業績成果，欲參加可透過網路連接下列網址參加線上法人說明會。
http://www.zucast.com/webcast/e62nhp2a","122520221125M001.pptx","122520221125E001.pptx","https://www.fopco.com.tw",中文影音檔網址:1225_6_20221125_ch.mp4 ,"無","查詢"
"1227","佳格","111/07/14","14:30","線上法說會","受邀參加元富證券舉辦之「2022台股企業日」線上法人說明會，會中就本公司已公開發布之營運及財務業務狀況做說明。","122720220714M001.pdf","122720220714E001.pdf","https://www.sfworldwide.com/investors-financial-%E6%B3%95%E8%AA%AA%E6%9C%83%E5%A0%B1%E5%91%8A.html","","無","查詢"
"1229","聯華","111/06/02","14:00","線上法說會","本公司受邀參加永豐金證券產業投資線上論壇，會中就本公司已公開發佈之財務及業務等相關資訊做說明。","122920220602M001.pdf","122920220602E001.pdf","https://www.lhicholdings.com/investors/3news/Investor-Conference/","","無","查詢"
"1229","聯華","111/12/14","14:30","線上法說會","本公司受邀參加元富證券線上法說會，會中就本公司已公開發佈之財務數字、經營績效等相關資訊做說明。","122920221214M001.pdf","122920221214E001.pdf","https://www.lhicholdings.com/investors/3news/Investor-Conference-2/","","無","查詢"
"1231","聯華食","111/12/21","14:00","線上法說會","公司簡介及營運概況說明","123120221221M001.pdf","123120221221E001.pdf","https://www.lianhwa.com.tw/column_list.php?content_category_sn=180",同步收看網址：:http://www.zucast.com/webcast/APDBYS7a 法說會影音連結資訊:http://www.zucast.com/webcast/APDBYS7a ,"無","查詢"
"1232","大統益","111/03/11","15:00","線上法說會","1.本公司預計與統一企業、統一中控及統一實業在111年3月11日舉行線上聯合法說會，報告本公司截至110全年度之營運與財務概況。
2.會議採以下二種方式進行: (1).網路音訊直播:http://www.zucast.com/webcast/ummccMEf。(2).電話會議:電話號碼:+886-2-2192-8017，與會密碼:300645#。若您欲口頭提問，請用電話會議方式參加。","123220220311M001.pdf","123220220311E001.pdf","https://www.ttet.com.tw/",同步收看網址：:http://www.zucast.com/webcast/ummccMEf 法說會影音連結資訊:http://www.zucast.com/webcast/ummccMEf ,"會議簡報將於當日法說會後揭露及上傳於「公開資訊觀測站」。","查詢"
"1233","天仁","111/12/09","15:00","線上法人說明會","111年度天仁茶業線上法人說明會","123320221128M001.pdf","123320221128E001.pdf","https://www.tenren.com.tw/Content/Downloads/List.aspx?SiteID=10&amp;MmmID=654061447454403423",同步收看網址：:http://www.zucast.com/webcast/1eJX7JOG 法說會影音連結資訊:http://www.zucast.com/webcast/1eJX7JOG ,"公司網站所提供法人說明會相關內容，將於法人說明會後上傳至本公司網站。","查詢"
"1234","黑松","111/12/21","14:00","臺灣證券交易所一樓資訊展示中心(台北市信義區信義路五段7號1樓)","公司簡介及營運報告","123420221221M001.pdf","123420221221E001.pdf","https://www.heysong.com.tw/investor/stockconference",法說會影音連結資訊:https://webpro.twse.com.tw/WebPortal/vod/101/C19816874A91-FC351955-80FE-11ED-BAC1/?categoryId=101 ,"因應防疫措施，與會者須全程配戴口罩並遵守入場防疫規範。","查詢"
"1235","興泰","111/12/23","14:30","本公司二樓會議室(高雄市仁武區高楠公路10號)","2022年前三季營運概況說明","123520221222M001.pdf","123520221222E001.pdf","http://www.goldenbrand.com.tw/legal.php",法說會影音連結資訊:http://www.goldenbrand.com.tw/legal.php ,"無","查詢"
"1236","宏亞","111/12/28","14:30","台北市信義區信義路五段7號台灣證券交易所1樓","111年第三季經營結果及經營模式說明","123620221227M001.pdf","123620221227E001.pdf","https://www.hunya.com.tw/ir/news",同步收看網址：:https://webpro.twse.com.tw/WebPortal/vod/101/C19816874A91-1019FDF6-8683-11ED-BAC1/?categoryId=101 法說會影音連結資訊:https://webpro.twse.com.tw/WebPortal/vod/101/C19816874A91-1019FDF6-8683-11ED-BAC1/?categoryId=101 ,"無。","查詢"
"1256","鮮活果汁-KY","111/12/09","15:00","線上法人說明會","受邀參加兆豐證券線上法人說明會，說明本公司營運概況。","125620221209M001.pdf","125620221209E001.pdf","http://www.myfreshjuice.com/","","無","查詢"
"1301","台塑","111/03/14","12:30","台北市民生東路4段54號4樓","本公司受邀參加華南永昌證券法人說明會，說明本公司2021年營運概況","130120220311M001.pdf","130120220311E001.pdf","http://www.fpc.com.tw/fpcw/index.php?op=res&amp;id=13&amp;c=22","","無","查詢"
"1301","台塑","111/06/22","14:00","線上法說會","本公司受邀參加HSBC線上法說會，說明本公司營運概況。","130120220621M001.pdf","130120220621E001.pdf","http://www.fpc.com.tw/fpcw/index.php?op=res&amp;id=13&amp;c=22","","無","查詢"
"1301","台塑","111/09/13","10:50","ILLUME TAIPEI茹曦酒店2樓(台北市松山區敦化北路100號)","本公司受邀參加群益金鼎證券法人說明會，說明本公司營運概況。","130120220912M001.pdf","130120220912E001.pdf","http://www.fpc.com.tw/fpcw/index.php?op=res&amp;id=13&amp;c=22","","無","查詢"
"1301","台塑","111/12/13","11:10","台北晶華酒店(台北市中山北路二段39巷3號)B3F會議室","本公司受邀參加永豐金證券法人說明會，說明本公司營運概況。","130120221212M001.pdf","130120221212E001.pdf","http://www.fpc.com.tw/fpcw/index.php?op=res&amp;id=13&amp;c=22","","無","查詢"
"1303","南亞","111/02/18","14:30","電話會議","本公司受邀參加富達投信舉辦之法人說明會，說明本公司之營運概況","130320220217M001.pdf","130320220217E001.pdf","http://www.npc.com.tw","","無","查詢"
"1303","南亞","111/04/13","15:45","電話會議","本公司受邀參加元富證券舉辦之2022年台股企業日，說明本公司之營運概況","130320220412M002.pdf","130320220412E002.pdf","http://www.npc.com.tw","","無","查詢"
"1303","南亞","111/12/01","15:20","台北萬豪酒店","本公司受邀參加群益金鼎證券舉辦之2022年第四季投資論壇，說明本公司之營運概況","130320221130M001.pdf","130320221130E001.pdf","http://www.npc.com.tw","","無","查詢"
"1303","南亞","111/08/30","15:15","台北晶華酒店","本公司受邀參加台新證券舉辦之台新2022年第三季全球投資論壇，說明本公司之營運概況","130320220829M003.pdf","130320220829E003.pdf","http://www.npc.com.tw","","無","查詢"
"1304","台聚","111/03/23","14:30","台北市信義區信義路五段7號1樓 (臺灣證券交易所資訊展示中心)","(1)主要產品市場回顧及展望(2)公司財務資訊","130420220323M001.pdf","130420220323E001.pdf","https://www.usife.com.tw/zh-tw/dirInvestor/frmInvestor7",同步收看網址：:https://webpro.twse.com.tw/webportal/?liveChannelId=1 法說會影音連結資訊:https://webpro.twse.com.tw/webportal/vod/101/1B9E88917C1F-D92BAF5A-AA7F-11EC-824F/?categoryId=101 ,"出席人員仍需遵守中央疫情指揮中心之防疫規定。","查詢"
"1304","台聚","111/05/20","14:30","線上法說會","本公司受邀參加群益金鼎證券舉辦之線上法說會，說明(1)主要產品市場回顧及展望(2)公司財務資訊。報名網址:請填寫報名表單:https://forms.gle/E9FQjK7hNfuotjjm9。活動內容請洽本公司發言人吳銘宗副總，Tel No:(02)2650-3238。","130420220520M001.pdf","130420220520E001.pdf","https://www.usife.com.tw/zh-tw/dirInvestor/frmInvestor7",中文影音檔網址:1304_10_20220520_ch.mp4 ,"無","查詢"
"1304","台聚","111/11/17","16:00","台北市信義區信義路五段7號1樓 (臺灣證券交易所資訊展示中心)","(1)主要產品市場回顧及展望(2)公司財務資訊","130420221117M001.pdf","130420221117E001.pdf","https://www.usife.com.tw/zh-tw/dirInvestor/frmInvestor7",同步收看網址：:https://webpro.twse.com.tw/webportal/?liveChannelId=1 法說會影音連結資訊:https://webpro.twse.com.tw/webportal/vod/101/2182451A5070-202EEF64-665A-11ED-8D56/?categoryId=101 ,"出席人員仍需遵守中央疫情指揮中心之防疫規定。","查詢"
"1304","台聚","111/08/25","16:00","台北市信義區信義路五段7號1樓 (臺灣證券交易所資訊展示中心)","(1)主要產品市場回顧及展望(2)公司財務資訊","130420220825M001.pdf","130420220825E001.pdf","https://www.usife.com.tw/zh-tw/dirInvestor/frmInvestor7",同步收看網址：:https://webpro.twse.com.tw/webportal/?liveChannelId=1 法說會影音連結資訊:https://webpro.twse.com.tw/webportal/vod/101/AB890A339082-7DDCF2C1-2457-11ED-9970/?categoryId=101 ,"出席人員仍需遵守中央疫情指揮中心之防疫規定。","查詢"
"1305","華夏","111/05/17","14:30","線上法說會","本公司受邀參加群益金鼎證券舉辦之線上法人說明會，說明(1)2022年Q1回顧及Q2展望(2)公司2022年Q1財務資訊。
報名網址：請填寫報名表單https://forms.gle/5KB3k9awrz17DvvC8 
活動內容詢問電話：請洽發言人胡吉宏執行副總
(02)2650-3708 。","130520220517M001.pdf","130520220517E001.pdf","https://www.cgpc.com.tw/zh-tw/dirServices/frmServices8.aspx",中文影音檔網址:1305_21_20220517_ch.mp4 ,"無。","查詢"
"1305","華夏","111/03/22","14:30","台北市信義區信義路五段7號1樓(臺灣證券交易所資訊展示中心)","(1)2021年回顧及2022年Q1展望 (2)公司2021年財務資訊","130520220322M001.pdf","130520220322E001.pdf","https://www.cgpc.com.tw/zh-tw/dirServices/frmServices8.aspx",同步收看網址：:https://webpro.twse.com.tw/webportal/?liveChannelId=1 法說會影音連結資訊:https://webpro.twse.com.tw/webportal/vod/101/1B9E88917C1F-87652458-A9B5-11EC-824F/?categoryId=101 ,"出席人員仍須遵守中央疫情指揮中心之防疫規定。","查詢"
"1305","華夏","111/08/19","16:00","台北市信義區信義路五段7號1樓(臺灣證券交易所資訊展示中心)","(1)2022年Q2回顧及Q3展望 (2)公司2022年Q2財務資訊","130520220819M001.pdf","130520220819E001.pdf","https://www.cgpc.com.tw/zh-tw/dirServices/frmServices8.aspx",同步收看網址：:https://webpro.twse.com.tw/webportal/?liveChannelId=1 法說會影音連結資訊:https://webpro.twse.com.tw/webportal/vod/101/2567A527CA29-EE9A4085-1FA3-11ED-8254/?categoryId=101 ,"出席人員仍須遵守中央疫情指揮中心之防疫規定。","查詢"
"1305","華夏","111/11/16","16:00","台北市信義區信義路五段7號1樓(臺灣證券交易所資訊展示中心)","(1)2022年Q3回顧及Q4展望 (2)公司2022年Q3財務資訊","130520221116M001.pdf","130520221116E001.pdf","https://www.cgpc.com.tw/zh-tw/dirServices/frmServices8.aspx",同步收看網址：:https://webpro.twse.com.tw/webportal/?liveChannelId=1 法說會影音連結資訊:https://webpro.twse.com.tw/webportal/vod/101/2182451A5070-F9E08E8E-6591-11ED-8D56/?categoryId=101 ,"出席人員仍須遵守中央疫情指揮中心之防疫規定。","查詢"
"1307","三芳","111/09/20","14:00","webex視訊會議","本公司受邀參加中信證券法人說明會,說明本公司之營運概況","130720250117M007.pdf","130720250117E007.pdf","https://wwww.sanfang.com","","內容檔案於當日會後公告於公開資訊觀測站","查詢"
"1308","亞聚","111/05/18","14:30","線上法說會","本公司受邀參加群益金鼎證券線上法說會。
法說會內容:(1)公司簡介與產品介紹(2)營運概況及展望
(3)財務資訊。","130820220518M001.pdf","130820220518E001.pdf","https://www.apc.com.tw/zh-tw/dirServices/frmServices8.aspx",中文影音檔網址:1308_6_20220518_ch.mp4 ,"報名網址:https://forms.gle/wPVUKwCMUSTSUY73A 活動電話:(02)8751-6888#3224黃經理","查詢"
"1309","台達化","111/05/18","16:00","線上法說會","本公司受邀參加群益金鼎證券線上法說會，法說會內容: 1.公司簡介 2.2021年回顧 3.2022年展望 4.公司財務資訊。","130920220518M001.pdf","130920220518E001.pdf","https://www.ttc.com.tw/zh-tw/dirServices/frmServices8.aspx",中文影音檔網址:1309_6_20220518_ch.mp4 ,"報名網址：https://forms.gle/DmNJb4xVGEMMgbQeA。活動電話：(02)2650-3278 顏副總","查詢"
"1310","台苯","111/09/22","14:30","線上法說會","本公司受邀參加華南永昌證券舉辦之線上法人說明會，說明本公司之營運概況。","131020220922M001.pdf","131020220922E001.pdf","https://www.smct.com.tw/","","報名請洽華南永昌 陳小姐02-2545-6888 Email:10019@entrust.com.tw","查詢"
"1312","國喬","111/11/24","14:00","採視訊方式進行","所屬產業概況及營運成果","131220221123M001.pdf","131220221123E001.pdf","http://www.gppc.com.tw",中文影音檔網址:1312_6_20221124_ch.mp4 ,"無","查詢"
"1313","聯成","111/11/22","14:30","台北市南港區南港路一段209號A棟1樓A111訓練教室","本公司受邀參加凱基證券舉辦之法人說明會，主要內容為公司營運說明。","131320221122M001.pdf","131320221122E001.pdf","https://www.upc.com.tw","","無","查詢"
"1314","中石化","111/04/07","16:00","臺灣證券交易所1樓資訊展示中心 
(台北市信義路5段7號1樓)","說明本公司財務暨營運概況","131420220407M001.pdf","131420220407E001.pdf","https://www.cpdc.com.tw/tw/ir_conference",法說會影音連結資訊:https://webpro.twse.com.tw/webportal/vod/101/F7D208DEDBA0-90D02CA6-B655-11EC-AB7B/?categoryId=101 ,"無","查詢"
"1314","中石化","111/10/14","16:00","臺灣證券交易所1樓資訊展示中心 
(台北市信義路5段7號1樓)","說明本公司財務暨營運概況","131420221014M001.pdf","131420221014E001.pdf","https://www.cpdc.com.tw/tw/ir_conference",法說會影音連結資訊:https://webpro.twse.com.tw/webportal/vod/101/C9B6F1071B9F-3935F70F-4B9D-11ED-9E4A/?categoryId=101 ,"無","查詢"
"1315","達新","111/12/22","15:00","第一金證券7樓會議室(台北市中山區長安東路一段22號7樓)","本公司受邀參加第一金證券舉辦之法人說明會，報告本公司近期財務暨營運概況。","131520221215M001.pdf","131520221215E001.pdf","http://www.tahhsin.com.tw",法說會影音連結資訊:https://webpro.twse.com.tw/WebPortal/vod/101/F57D4FFA83A6-2D8DC915-81D4-11ED-9E13/?categoryId=101 ,"會議簡報依規定揭露「公開資訊觀測站」","查詢"
"1316","上曜","111/01/14","14:30","線上法說會","本公司受邀參加康和證券與IR Trust共同舉辦之「通膨時代不動產後勢浪潮線上研討會」","131620220114M001.pdf","131620220114E001.pdf","","","完整財務業務資訊請至公開資訊觀測站之法人說明會一覽表或法說會項目下查閱。","查詢"
"1316","上曜","111/05/11","14:00","線上法說會","本公司受邀參加華南永昌證券舉辦之線上法人說明會","131620220511M001.pdf","131620220511E001.pdf","","","完整財務業務資訊請至公開資訊觀測站之法人說明會一覽表或法說會項目下查閱。","查詢"
"1316","上曜","111/12/29","15:00","線上法說會","本公司受邀參加元富證券舉辦之線上法人說明會","131620221229M001.pdf","131620221229E001.pdf","","","完整財務業務資訊請至公開資訊觀測站之法人說明會一覽表或法說會項目下查閱。","查詢"
"1316","上曜","111/09/30","14:00","線上法說會","本公司受邀參加台新證券舉辦之線上法人說明會","131620221003M002.pdf","131620221003E002.pdf","","","完整財務業務資訊請至公開資訊觀測站之法人說明會一覽表或法說會項目下查閱。","查詢"
"1319","東陽","111/06/08","15:00","以線上形式參與","本公司受第一金證券邀請參加於111年6月8日舉辦之線上投資座談會，說明本公司之營運概況、財務及業務狀況相關事宜","131920220607M001.pdf","131920220607E001.pdf","http://www.tyg.com.tw","","無","查詢"
"1319","東陽","111/03/02","14:00","以線上形式參與","本公司受群益金鼎證券邀請參加於111年3月2日舉辦之“群益金鼎證券第一季投資論壇”，說明本公司之營運概況、財務及業務狀況相關事宜","131920220301M001.pdf","131920220301E001.pdf","http://www.tyg.com.tw","","無","查詢"
"1319","東陽","111/06/24","14:00","以線上形式參與","本公司受大和國泰證券邀請參加於111年6月24日舉辦之線上投資座談會，說明本公司之營運概況、財務及業務狀況相關事宜","131920220623M001.pdf","131920220623E001.pdf","http://www.tyg.com.tw","","無","查詢"
"1319","東陽","111/12/08","14:00","台北君悅酒店","本公司受統一證券邀請參加於111年12月8日舉辦之「統一證券2022 Q4 冬季投資論壇」，說明本公司之營運概況、財務及業務狀況相關事宜。","131920221206M001.pdf","131920221206E001.pdf","http://www.tyg.com.tw","","無","查詢"
"1319","東陽","111/09/07","15:30","以線上形式參與","本公司受國泰綜合證券邀請參加於111年9月7日舉辦之“國泰證券第三季產業論壇“，說明本公司之營運概況、財務及業務狀況相關事宜。","131920220905M001.pdf","131920220905E001.pdf","http://www.tyg.com.tw","","無","查詢"
"1319","東陽","111/11/10 至 111/11/11","09:00","香港港島香格里拉","本公司受大和國泰證券邀請參加於111年11月10日至111年11月11日舉辦之「2022大和國泰香港投資論壇」，說明本公司之營運概況、財務及業務狀況相關事宜。","131920221109M001.pdf","131920221109E001.pdf","http://www.tyg.com.tw","","無","查詢"
"1319","東陽","111/09/06","13:30","台北","本公司受永豐金證券邀請參加於111年9月6日舉辦之“永豐金證券第三季投資論壇“，說明本公司之營運概況、財務及業務狀況相關事宜。","131920220905M001.pdf","131920220905E001.pdf","http://www.tyg.com.tw","","無","查詢"
"1319","東陽","111/10/20","10:00","以線上形式參與","本公司受瑞銀證券邀請參加於111年10月20日舉辦之“台灣科技日-汽車供應鏈”線上論壇，說明本公司之營運概況、財務及業務狀況相關事宜。","131920221019M001.pdf","131920221019E001.pdf","http://www.tyg.com.tw","","無","查詢"
"1321","大洋","111/08/29","16:00","臺灣證券交易所資訊展示中心(台北信義區信義路5段7號1樓)","公司簡介、2022年事業部營運情形、2022Q2
經營績效、投資收益及ESG永續報告書。","132120220829M001.pptx","132120220829E001.pptx","http://www.opc.com.tw)",同步收看網址：:https://webpro.twse.com.tw/WebPortal/vod/101/DD8C8EF06B62-F42D0306-2779-11ED-9615/?categoryId=101 法說會影音連結資訊:https://webpro.twse.com.tw/WebPortal/vod/101/DD8C8EF06B62-F42D0306-2779-11ED-9615/?categoryId=101 ,"無","查詢"
"1323","永裕","111/11/14","14:30","線上法人說明會","公司受邀參加凱基證券公司所舉辦之上市公司法人說明會，說明本公司營運展望與經營績效。","132320221114M001.pptx","132320221114E001.pptx","https://www.yonyu.com.tw/yonyu/ir05.php",同步收看網址：:https://kgitw.webex.com/kgitw-tc/onstage/g.php?MTID=e758df9ed76bb2699d1b3babbfaafee07 ,"內容檔案於當日會後公告於公開資訊觀測站。連線方式請詳公司網站說明。","查詢"
"1324","地球","111/03/11","14:30","台北市忠孝西路一段6號7樓福邦證券B會議室","公司簡介及營運概況說明。","132420220311M001.pdf","132420220311E001.pdf","https://www.globetape.com/investor-63-71-page104","","無。","查詢"
"1325","恆大","111/12/23","14:30","台北巿信義區信義路五段7號1樓(證交所資訊展示中心)","公司簡介及營運概況等說明","132520221222M001.pdf","132520221222E001.pdf","http://www.uk.com.tw",同步收看網址：:https://webpro.twse.com.tw/WebPortal/vod/101/C19816874A91-4B13491A-8290-11ED-BAC1/?categoryId=101 法說會影音連結資訊:https://webpro.twse.com.tw/WebPortal/vod/101/C19816874A91-4B13491A-8290-11ED-BAC1/?categoryId=101 ,"無","查詢"
"1326","台化","111/04/27","14:00","線上法說會","本公司受邀參加華南永昌證券舉辦之法人說明會，說明本公司之營運概況","132620220426M001.pdf","132620220426E001.pdf","http://www.fcfc.com.tw/PRE/TW/IR-InstitutionalInvestorConference.html","","報名請洽華南永昌 李小姐02-25456888#8967 Email:7015@entrust.com.tw","查詢"
"1326","台化","111/08/24","14:00","線上法說會","本公司受邀參加華南永昌證券舉辦之法人說明會，說明本公司111年上半年之營運概況及產業展望","132620220823M001.pdf","132620220823E001.pdf","https://www.fcfc.com.tw/corporate-information-session","","報名請洽華南永昌 王小姐02-25451712 Email:10002@entrust.com.tw","查詢"
"1337","再生-KY","111/12/07","15:30","臺灣證券交易所1樓資訊展示中心(台北市信義路5段7號101大樓1樓)","本公司召開法人說明會","133720221205M001.pdf","133720221205E001.pdf","http://asia-recycle.com/UpFiles/20221205.txt","","無","查詢"
"1338","廣華-KY","111/07/27","13:30","線上法說會","本公司受邀參加凱基證券與IR Trust共同舉辦之「2022車用零組件迎全球新能源車競賽」線上研討會","133820220726M001.pdf","133820220726E001.pdf","","","無","查詢"
"1338","廣華-KY","111/11/25","14:30","線上法說會","本公司受邀參加國泰證券舉辦之線上法人說明會，就公司營運概況等說明。","133820221124M001.pdf","133820221124E001.pdf","","","無","查詢"
"1339","昭輝","111/08/09","14:30","彰化縣鹿港鎮興業路8號(昭輝辦公大樓會議室)","介紹公司概況，說明營運成果以及未來展望","133920220809M001.pdf","133920220809E001.pdf","http://www.yccco.com.tw",中文影音檔網址:1339_13_20220809_ch.mp4 ,"無","查詢"
"1339","昭輝","111/11/22","14:30","彰化縣鹿港鎮興業路8號(昭輝辦公大樓會議室)","介紹公司概況，說明營運成果以及未來展望","133920221122M001.pdf","133920221122E001.pdf","http://www.yccco.com.tw",中文影音檔網址:1339_14_20221122_ch.mp4 ,"無","查詢"
"1340","勝悅-KY","111/12/01","16:00","台北市衡陽路51號10樓(基泰國際會議中心)","本公司將於111年12月1日召開法人說明會","134020221122M001.pdf","134020221122E001.pdf","http://www.vnm.com.tw/index.php?temp=news&amp;lang=cht",中文影音檔網址:1340_15_20221201_ch.mp4 ,"無","查詢"
"1341","富林-KY","111/05/25","14:00","線上法說會","本公司受邀參加中信證券舉辦之線上法說會，說明本公司財務及營運概況。","134120220525M001.pdf","134120220525E001.pdf","http://www.fulinvn.com/tc/investor_detail.php?PKey=350","","內容檔案於當日會後公告於公開資訊觀測站","查詢"
"1341","富林-KY","111/12/06","15:20","臺灣證券交易所(101大樓)1樓資訊展示中心(台北市信義區信義路5段7號)","本公司受邀參加臺灣證券交易所舉辦之2022年「新南向投資」主題式業績發表會，會中說明本公司111年第3季營運成果及營運展望。","134120221202M001.pdf","134120221202E001.pdf","http://www.fulinvn.com/tc/investor_detail.php?PKey=351","","無","查詢"
"1342","八貫","111/03/15","14:30","台北市中正區寶慶路69號4樓,元大證券寶慶大樓 4樓","本公司受邀參加元大證券舉辦投資說明會，說明本公司營運概況及未來展望。","134220220315M001.pdf","134220220315E001.pdf","","","無","查詢"
"1402","遠東新","111/06/08","14:00","視訊會議","本公司受邀參加由花旗證券於2022/6/8舉辦之Pan-Asia Regional Investor Conference，
說明2022年度第一季度營運與財務概況","140220220607M001.pdf","140220220607E001.pdf","http://www.fenc.com/","","法說會資料已揭露於公開資訊觀測站之法說會專區","查詢"
"1402","遠東新","111/04/08","14:00","視訊會議","本公司受邀參加由元大證券於2022/4/8舉辦之法人座談會，
說明2021年度營運與財務概況","140220220407M001.pdf","140220220407E001.pdf","http://www.fenc.com/","","法說會資料已揭露於公開資訊觀測站之法說會專區","查詢"
"1402","遠東新","111/03/22","09:00","視訊會議","本公司受邀參加由摩根史坦利證券於2022/3/22舉辦Virtual Hong Kong Summit 2022，
說明2021年度營運與財務概況","140220220321M001.pdf","140220220321E001.pdf","http://www.fenc.com/","","法說會資料已揭露於公開資訊觀測站之法說會專區","查詢"
"1402","遠東新","111/08/30 至 111/09/01","15:00","視訊會議","本公司受邀參加由匯豐證券舉辦之HSBC Taiwan Executive Forum，
說明2022年度第二季度營運與財務概況","140220220829M001.pdf","140220220829E001.pdf","http://www.fenc.com/","","法說會資料已揭露於公開資訊觀測站之法說會專區","查詢"
"1402","遠東新","111/09/07","14:30","台北遠東香格里拉","本公司受邀參加由國泰證券於台北遠東香格里拉舉辦之第三季產業論壇，
說明2022年度第二季度營運與財務概況","140220220829M002.pdf","140220220829E002.pdf","http://www.fenc.com/","","法說會資料已揭露於公開資訊觀測站之法說會專區","查詢"
"1402","遠東新","111/10/12","14:00","台北南港展覽館 (2022台北紡織展)","本公司受邀參加由匯豐證券於2022/10/12在台北南港展覽館所舉辦
HSBC Taiwan Textile Tour，說明2022年度上半年營運與財務概況","140220221011M001.pdf","140220221011E001.pdf","http://www.fenc.com/","","法說會資料已揭露於公開資訊觀測站之法說會專區","查詢"
"1402","遠東新","111/12/08","15:20","台北晶華酒店","本公司受邀參加由凱基證券於2022/12/8在台北晶華酒店所舉辦
第四季投資論壇，說明2022年度第三季度營運與財務概況","140220221130M001.pdf","140220221130E001.pdf","http://www.fenc.com/","","法說會資料已揭露於公開資訊觀測站之法說會專區","查詢"
"1409","新纖","111/08/30","14:30","證交所101辦公大樓一樓資訊展示中心(PM 2：10 ~ 2：30報到、PM 2：30 ~ 3：30說明會)","2022年上半年營運狀況及未來展望說明會","140920220830M001.pptx","140920220830E001.pptx","",同步收看網址：:https://webpro.twse.com.tw/WebPortal/ 法說會影音連結資訊:https://webpro.twse.com.tw/WebPortal/vod/101/DD8C8EF06B62-604D7F87-2836-11ED-9615/?categoryId=101 ,"無","查詢"
"1410","南染","111/10/25","15:30","台灣證券交易所1樓資訊展示中心 (台北市信義路5段7號1樓)","本公司近期營運概況說明","141020221025M001.pdf","141020221025E001.pdf","",同步收看網址：:https://webpro.twse.com.tw/webportal/vod/101/C9B6F1071B9F-3935F70F-4B9D-11ED-9E4A/?categoryId=101 ,"無","查詢"
"1413","宏洲","111/12/13","14:00","福邦證券股份有限公司會議室(台北市忠孝西路一段6號7樓)","本公司受邀參加福邦證券舉辦之法人說明會。","141320221212M001.pdf","141320221212E001.pdf","https://www.hungchou.com.tw/index","","無","查詢"
"1414","東和","111/12/16","14:00","臺南市麻豆區埤頭里工業路227號","公司簡介與營運概況說明","141420221216M001.pdf","141420221216E001.pdf","http://www.tungho.com.tw/index.php?option=module&amp;lang=cht&amp;task=showlist&amp;id=127&amp;index=4",法說會影音連結資訊:https://www.youtube.com/watch?v=jfhmiChamdI ,"無","查詢"
"1416","廣豐","111/09/12","14:00","http://www.zucast.com/webcast/fl6h9fZo","本公司於111年09月12日14:00 召開線上法人說明會，欲參加者可透過網路連接下列網址參加線上法說會
http://www.zucast.com/webcast/fl6h9fZo","141620220908M001.pptx","141620220908E001.pptx","https://www.kfic.com.tw/shareholders.html",中文影音檔網址:1416_7_20220912_ch.mp4 ,"無","查詢"
"1416","廣豐","111/12/12","14:00","http://www.zucast.com/webcast/5BGVgnA4","本公司於111年12月12日14:00 召開線上法人說明會，欲參加者可透過網路連接下列網址參加線上法說會http://www.zucast.com/webcast/5BGVgnA4","141620221212M001.pptx","141620221212E001.pptx","https://www.kfic.com.tw/shareholders.html",中文影音檔網址:1416_8_20221212_ch.mp4 ,"無","查詢"
"1417","嘉裕","111/11/17","15:10","線上法說會","本公司受邀參加富邦證券舉辦之線上法說會,會中介紹本
公司2022年第三季營運成果報告","141720221117M001.pdf","141720221117E001.pdf","https://www.carnival.com.tw/","","報名請洽富邦證券法人業務部 tingju.yeh@fubon.com","查詢"
"1418","東華","111/12/16","15:30","臺灣證券交易所1樓資訊展示中心(地址:台北市信義區信義路五段7號101大樓1樓)","本公司111年第三季財務報告","141820221213M001.pdf","141820221213E001.pdf","",法說會影音連結資訊:https://webpro.twse.com.tw/WebPortal/vod/101/C19816874A91-E75F691B-7D18-11ED-BAC1/?categoryId=101 ,"無","查詢"
"1419","新紡","111/09/20","14:30","臺北市信義區信義路五段7號1樓
證券交易所資訊展示中心","簡報營運狀況","141920220916M001.pptx","141920220916E001.pptx","https://sites.google.com/view/sktextile",法說會影音連結資訊:https://webpro.twse.com.tw/WebPortal/vod/101/1D07F6A761E1-AA9711E0-38B0-11ED-B66A/?categoryId=101 ,"無","查詢"
"1423","利華","111/05/04","14:30","台灣證券交易所(101大樓)一樓資訊展示中心(台北市信義路五段7號)","本公司110年度營運概況。","142320220504M001.pdf","142320220504E001.pdf","http://www.reward.com.tw/",法說會影音連結資訊:https://webpro.twse.com.tw/webportal/vod/101/07929B97F286-C833B3A3-CB7B-11EC-B129/?categoryId=101 ,"無","查詢"
"1432","大魯閣","111/12/15","14:00","台北市大安區敦化南路二段97號11樓(敦南摩天大廈-元富證券11樓教育訓練室)","本公司受邀參加元富證券舉辦之法人說明會，將在會中說明公司現況及未來發展計畫。","143220221214M001.pdf","143220221214E001.pdf","http://www.taroko.com.tw/c/news_detail.php?id=18305","","無","查詢"
"1434","福懋","111/06/27","14:00","線上法說會","本公司受邀參加華南永昌證券舉辦之法人說明會，說明本公司之營運概況。","143420220624M001.pdf","143420220624E001.pdf","http://www.ftc.com.tw/newftc/legal.php","","報名請洽華南永昌 李小姐02-25456888#8967 Email:7015@entrust.com.tw","查詢"
"1434","福懋","111/11/28","14:00","線上法說會","本公司受邀參加華南永昌證券舉辦之法人說明會，說明本公司之營運概況。","143420221125M001.pdf","143420221125E001.pdf","http://www.ftc.com.tw/newftc/legal.php","","報名請洽華南永昌 邱小姐02-25456888#8968 Email:8570@entrust.com.tw","查詢"
"1435","中福","111/12/02","15:00","線上法說會","本公司受邀參加元大證券舉辦之線上法人說明會，會中說明本公司營運概況","143520221201M001.pdf","143520221201E001.pdf","","","無","查詢"
"1436","華友聯","111/11/10","14:00","線上法說會","本公司受邀參加元大證券舉辦之線上法說會，報告本公司營運狀況。","143620221110M001.pdf","143620221110E001.pdf","http://www.huakai.com.tw",法說會影音連結資訊:未輸 ,"無。","查詢"
"1437","勤益控","111/07/19","14:30","線上法人說明會","本公司受邀參加永豐金證券舉辦之線上法人說明會，說明本公司財務概況。","143720220719M001.pdf","143720220719E001.pdf","http://www.gtm.com.tw/web/invenstor/invenstor_direction_1.jsp","","無","查詢"
"1437","勤益控","111/12/16","14:30","線上法人說明會","本公司受邀參加永豐金證券舉辦之線上法人說明會，說明本公司財務概況。","143720221216M001.pdf","143720221216E001.pdf","http://www.gtm.com.tw/web/invenstor/invenstor_direction_1.jsp","","無","查詢"
"1438","三地開發","111/12/16","14:00","高雄市苓雅區中正二路175號16樓之3
(本次法說會採線上會議)","說明本公司營運概況及未來展望","143820221216M001.pdf","143820221216E001.pdf","",中文影音檔網址:1438_6_20221216_ch.mp4 ,"無","查詢"
"1439","雋揚","111/12/16","15:30","福邦證券總公司(台北市忠孝西路一段6號14樓)","本公司受邀參加福邦證券舉辦之法人說明會","143920221216M001.pdf","143920221216E001.pdf","https://www.ascentglobal.com.tw/tw/investor","","公司簡介、營運及財務概況等說明。","查詢"
"1439","雋揚","111/08/29","14:30","福邦證券總公司(台北市忠孝西路一段6號7樓 B會議室)","本公司受邀參加福邦證券舉辦之法人說明會","143920220829M001.pdf","143920220829E001.pdf","http://www.chuwa.com.tw/investor/stock.htm","","公司簡介、營運及財務概況等說明","查詢"
"1440","南紡","111/03/17","14:00","台北美福大飯店 (台北市中山區樂群二路55號)","本公司受邀參加統一證券所舉辦之「2022 Q1 全球展望春季投資論壇」，說明本公司營運概況。","144020220315M001.pdf","144020220315E001.pdf","http://www.tainanspin.com.tw/index.php?option=module&amp;lang=cht&amp;task=pageinfo&amp;id=39&amp;index=1","","無","查詢"
"1440","南紡","111/09/15","14:00","台北美福大飯店 (台北市中山區樂群二路55號)","本公司受邀參加統一證券所舉辦之「2022 Q3 全球展望秋季投資論壇」，說明本公司營運概況。","144020220913M002.pdf","144020220913E002.pdf","http://www.tainanspin.com.tw/index.php?option=module&amp;lang=cht&amp;task=pageinfo&amp;id=39&amp;index=1","","無","查詢"
"1441","大東","111/12/16","15:30","視訊系統：cisco webex","藉此活動讓法人及投資者更瞭解公司產品現況及未來發展計畫，進而清楚掌握公司未來的營運動向","144120221216M001.pdf","144120221216E001.pdf","","","本次會議採線上報名，請逕洽元富證券 承銷部 電話：02-23255818分機726陳小姐","查詢"
"1442","名軒","111/11/25","14:30","新北市五股區成泰路一段189巷16號B1綜合教室","公司財務與營運概況說明","144220221125M001.pdf","144220221125E001.pdf","https://www.advancetek.com.tw/投資人專區/財務業務/法人說明會",中文影音檔網址:1442_9_20221125_ch.mp4 ,"無","查詢"
"1443","立益物流","111/12/05","15:00","元富證券教育訓練中心(台北市大安區敦化南路二段97號11樓)","說明公司產業發展與經營現況","144320221201M001.ppt","144320221201E001.ppt","www.lily.com.tw",法說會影音連結資訊:未輸 ,"無","查詢"
"1444","力麗","111/10/31","14:30","台北市忠孝東路二段95號13樓（兆豐證券）","公司財務及營運概況。","144420221028M001.ppt","144420221028E001.ppt","https://www.lealeagroup.com.tw/","","報名網址：https://forms.gle/86YgVTrCHhTmowVr7","查詢"
"1445","大宇","111/11/28","14:00","群益金鼎證券(台北市松山區民生東路三段156號11樓)1101會議室","本公司受邀參加群益金鼎證券舉辦之法人說明會，進行本公司營運概況說明。","144520221128M001.pptx","144520221128E001.pptx","http://www.utc.tw/UNIVERSAL/Service10.aspx","","無","查詢"
"1446","宏和","111/12/13","16:00","線上法說會","本公司受邀參加元大證券舉辦之線上法說會","144620221213M001.pdf","144620221213E001.pdf","http://www.hongho.com.tw/","","無","查詢"
"1447","力鵬","111/10/31","15:30","台北市忠孝東路二段95號13樓(兆豐證券)","公司財務及營運概況","144720221028M001.ppt","144720221028E001.ppt","https://www.lealeagroup.com.tw",法說會影音連結資訊:未輸 ,"　報名網址：https://forms.gle/J8PdepD4jGB6c2nd9","查詢"
"1449","佳和","111/12/14","15:00","台南市官田區工業路11號行政大樓一樓會議室","簡報營運狀況","144920221212M001.pptx","144920221212E001.pptx","http://www.chgtex.com",法說會影音連結資訊:https://www.youtube.com/watch?v=vFkie1ZRCcg ,"完整資訊請至公開資訊觀測站之法人說明會一覽表或法說會項目下查詢","查詢"
"1451","年興","111/12/08","16:00","台北市信義區信義路五段7號1樓(臺灣證券交易所資訊展示中心)","公司簡介及營運概況說明","145120221207M001.pdf","145120221207E001.pdf","https://www.nhjeans.com",法說會影音連結資訊:https://webpro.twse.com.tw/WebPortal/vod/101/C19816874A91-EF9F7DE3-76D2-11ED-BAC1/?categoryId=101 ,"無","查詢"
"1452","宏益","111/11/15","14:00","台北市大同區塔城街66號6樓","本公司受邀參加群益金鼎證券舉辦之法人說明會","145220221115M001.pdf","145220221115E001.pdf","https://www.hongyilon.com.tw/","","無","查詢"
"1453","大將","111/12/02","15:00","德信綜合證券會議中心
(台北市中正區新生南路一段50號3樓)","本公司現況及營運展望說明","145320221130M001.pptx","145320221130E001.pptx","http://www.tajiang.com.tw","","相關資料將依法人說明會相關規定登載於公開資訊觀測站及公司網站","查詢"
"1454","台富","111/12/01","14:00","台北市南京東路二段85號7樓 日盛證券會議室","一、公司簡介。
二、公司沿革。
三、產業概況。
四、營運狀況。
五、未來展望。","145420221130M001.pptx","145420221130E001.pptx","","","無","查詢"
"1455","集盛","111/12/15","15:00","受邀參加統一證券舉辦線上法人說明會","報告本公司111年前三季之營運結果及未來展望","145520221215M001.pdf","145520221215E001.pdf","http://www.zigsheng.com","","無","查詢"
"1456","怡華","111/09/23","14:30","臺灣證券交易所1樓資訊展示中心(台北市信義區信義路五段7號1樓)","簡報說明公司營運情形","145620220921M001.pdf","145620220921E001.pdf","http://www.ihwa.com.tw/investment_tw.php?id=630",法說會影音連結資訊:https://webpro.twse.com.tw/webportal/vod/101/1D07F6A761E1-1BF3BD6B-3B0F-11ED-B66A/?categoryId=101 ,"無","查詢"
"1457","宜進","111/12/13","14:30","福邦證券股份有限公司會議室(台北市忠孝西路一段6號7樓)","本公司受邀參加福邦證券舉辦之法人說明會","145720221212M001.ppt","145720221212E001.ppt","http://www.yijinn.com.tw","","無","查詢"
"1459","聯發","111/09/30","14:00","線上法說會","元大證券舉辦之【2022第二季聯合產業座談會】","145920220930M001.pdf","145920220930E001.pdf","http://www.lanfa.com.tw/","","無","查詢"
"1460","宏遠","111/07/08","14:30","線上法人座談會","本公司受邀參加凱基證券舉辦之法人座談會，於會中就已公開發佈之財務數字、經營績效等相關資訊做說明。","146020220708M001.pdf","146020220708E001.pdf","","","無","查詢"
"1463","強盛新","111/12/14","14:30","康和綜合證券總公司B2會議室
台北市信義區基隆路一段176號B2","本公司受邀參加康和綜合證券所舉辦之法人說明會","146320221214M003.pptx","146320221214E003.pptx","https://www.csgroup.com.tw","","無","查詢"
"1464","得力","111/12/28","14:00","台南市新市區三舍里240號","說明本公司之營運概況","146420221227M001.pptx","146420221227E001.pptx","http://www.delicacy.com.tw/zh-tw/Investor/法說會/法說會資訊",法說會影音連結資訊:未輸 ,"欲參加者請洽朱小姐(06)5011081或mail:chuchu5811@delicacy.com.tw","查詢"
"1464","得力","111/08/25","14:00","台南市新市區三舍里240號","說明本公司之營運概況","146420220824M001.pptx","146420220824E001.pptx","http://www.delicacy.com.tw/zh-tw/Investor/法說會/法說會資訊",法說會影音連結資訊:未輸 ,"欲參加者請洽朱小姐(06)5011081或mail：chuchu5811@delicacy.com.tw","查詢"
"1465","偉全","111/09/15","14:00","台北市信義路五段7號101大樓1樓(臺灣證券交易所資訊展示中心)","說明本公司之業務與財務概況。","146520220915M001.pdf","146520220915E001.pdf","",法說會影音連結資訊:https://webpro.twse.com.tw/WebPortal/ ,"無。","查詢"
"1466","聚隆","111/11/30","14:00","線上法人說明會-Webex","本公司受邀凱基證券股份有限公司舉辦之法人說明會。","146620221122M001.pdf","146620221122E001.pdf","","","無","查詢"
"1467","南緯","111/12/16","14:30","台北市南京東路二段85號7樓 日盛證券7樓會議室","本公司受邀參加日盛證券股份有限公司所舉辦之法人說明會","146720221216M001.pdf","146720221216E001.pdf","http://www.texray.com","","簡報檔請至公開資訊觀測站之法人說明會一覽表或法說會項目查閱","查詢"
"1468","昶和","111/08/19","15:00","台北市大安區忠孝東路四段270號9樓","本公司自辦法人說明會","146820220818M001.pdf","146820220818E001.pdf","https://www.chang-ho.com.tw/",同步收看網址：:https://www.facebook.com/watch/?v=877524463406009 法說會影音連結資訊:https://fb.watch/e_Z_a9lA0b/ ,"無","查詢"
"1468","昶和","111/11/29","14:00","台北市大安區忠孝東路四段270號9樓","本公司自辦法人說明會","146820221129M001.pdf","146820221129E001.pdf","https://www.chang-ho.com.tw/",同步收看網址：:http://fb.watch/h5oautHAT9/ 法說會影音連結資訊:https://www.facebook.com/watch/?v=877524463406009 ,"無","查詢"
"1470","大統新創","111/09/30","14:00","線上法說會","公司簡介及營運概況說明","147020220930M001.pdf","147020220930E001.pdf","https://www.evertex.tw/en/ir/corporate-presentation",中文影音檔網址:1470_7_20220930_ch.mp4 ,"無","查詢"
"1471","首利","111/12/08","14:30","福邦證券總公司(台北市忠孝西路一段6號14樓)","公司簡介及營運概況等說明","147120221208M001.pdf","147120221208E001.pdf","www.soly-tech.com","","無","查詢"
"1472","三洋實業","111/12/28","14:00","線上法說會","本公司受邀參加康和證券舉辦之線上法人說明會，說明本公司營運狀況及未來展望","147220221223M001.pdf","147220221223E001.pdf","https://triocean.com.tw/",同步收看網址：:https://youtu.be/HLTDS-IA-ZM 法說會影音連結資訊:未輸 ,"報名請洽康和證券鄭小姐 電話:02-2760-9790或Email:110130@concords.com.tw","查詢"
"1473","台南","111/07/29","14:00","線上法人說明會","公司簡介及說明公司營運狀況","147320220729M001.pdf","147320220729E001.pdf","https://www.eng.tai-nan.com/investor-conference?lang=zh",中文影音檔網址:1473_18_20220729_ch.mp4 ,"WEBEX會議號碼：2512 150 7978 ,會議密碼：w392e275","查詢"
"1473","台南","111/12/01","16:00","線上法人說明會","本公司受邀參加元大證券舉辦之線上法人說明會，報告本公司營運狀況","147320221201M001.pptx","147320221201E001.pptx","https://www.eng.tai-nan.com/investor-conference?lang=zh","","無","查詢"
"1474","弘裕","111/04/19","16:00","台北市信義區信義路五段7號1樓 (臺灣證券交易所資訊展示中心)","本公司之產品發展與未來營運重點","147420220419M001.pdf","147420220419E001.pdf","https://www.textile-hy.com.tw/finance/法說會資訊.html",同步收看網址：:https://webpro.twse.com.tw/webportal/vod/101/53B039C192B7-397EBABD-BFC2-11EC-B2CE/?categoryId=101 法說會影音連結資訊:https://webpro.twse.com.tw/webportal/vod/101/53B039C192B7-397EBABD-BFC2-11EC-B2CE/?categoryId=101 ,"無","查詢"
"1474","弘裕","111/12/20","16:00","台北市信義區信義路五段7號1樓(臺灣證券交易所資訊展示中心)","本公司之產品發展與未來營運重點","147420221220M004.pdf","147420221220E004.pdf","https://www.textile-hy.com.tw/finance/法說會資訊.html",同步收看網址：:https://webpro.twse.com.tw/webportal/vod/101/C19816874A91-03C421E3-8044-11ED-BAC1/?categoryId=101 法說會影音連結資訊:https://webpro.twse.com.tw/webportal/vod/101/C19816874A91-03C421E3-8044-11ED-BAC1/?categoryId=101 ,"無","查詢"
"1475","業旺","111/12/20","14:00","台北市重慶南路一段2號12樓 (凱基證券)","公司簡介與營業概況","147520221220M001.pdf","147520221220E001.pdf","","","本公司受邀參加凱基證券舉辦之法人說明會","查詢"
"1476","儒鴻","111/03/17","16:00","線上法人說明會","受邀參加 本公司受美銀證券舉辦之線上法人說明會，會中說明本公司110年經營成果報告及營運展望。","147620220309M001.pdf","147620220309E001.pdf","http://www.eclat.com.tw/zh-tw/investor_presentation.php","","欲報名參加者，請以E-mail回覆(E-mail: cindy.yang2@bofa.com)","查詢"
"1476","儒鴻","111/03/09","14:30","台北市敦化南路一段108號B2 (富邦國際會議中心)","本公司受邀參加富邦證券舉辦之法人說明會，會中說明本公司110年度經營成果報告及營運展望","147620220309M001.pdf","147620220309E001.pdf","http://www.eclat.com.tw/zh-tw/investor_info.php","","無。","查詢"
"1476","儒鴻","111/08/25","15:00","線上法人說明會","本公司受邀參加Morgan Stanley舉辦之線上法人說明會，會中說明本公司111年上半年經營成果報告及營運展望。","147620220809M001.pdf","147620220809E001.pdf","http://www.eclat.com.tw/zh-tw/investor_presentation.php","","欲報名參加者，請以E-mail回覆(E-mail: Claudia.Wu@morganstanley.com)","查詢"
"1476","儒鴻","111/08/09","14:30","台北市大安區羅斯福路四段85號(B1樓 國際會議廳)","本公司受邀參加永豐金證券舉辦之法人說明會，會中說明本公司111年第二季經營成果報告","147620220809M001.pdf","147620220809E001.pdf","http://www.eclat.com.tw/zh-tw/investor_info.php","","欲報名參加者，請於8/5前以E-mail回覆(E-mail: betty.hsieh@sinopac.com)","查詢"
"1476","儒鴻","111/05/10","14:00","線上法人說明會","本公司受邀參加康和綜合證券舉辦之線上法人說明會，會中說明本公司111年第一季營運成果報告。","147620220510M001.pdf","147620220510E001.pdf","http://www.eclat.com.tw/zh-tw/investor_presentation.php","","報名網址：https://reurl.cc/NAZ27k","查詢"
"1476","儒鴻","111/11/08","15:00","台北市信義區基隆路一段176號B2會議廳","本公司受邀參加康和證券舉辦之法人說明會，會中說明本公司111年第三季營運成果報告。","147620221108M001.pdf","147620221108E001.pdf","http://www.eclat.com.tw/zh-tw/investor_presentation.php","","欲報名參加者，請以E-mail回覆(E-mail:cindy.chou@concords.com.tw)","查詢"
"1477","聚陽","111/03/04","10:00","視訊會議","介紹本公司之營運概況及經營策略等財務業務相關資訊。","147720211129M001.pdf","147720211129E001.pdf","http://www.makalot.com.tw","","無","查詢"
"1477","聚陽","111/03/17","11:15","台北美福飯店","介紹本公司之營運概況及經營策略等財務業務相關資訊。","147720211129M001.pdf","147720211129E001.pdf","http://www.makalot.com.tw","","無","查詢"
"1477","聚陽","111/02/10","14:30","視訊會議","介紹本公司之營運概況及經營策略等財務業務相關資訊","147720211129M001.pdf","147720211129E001.pdf","http://www.makalot.com.tw","","無","查詢"
"1477","聚陽","111/06/09","11:00","線上法說會","介紹本公司之營運概況及經營策略等財務業務相關資料","147720220512M001.pdf","147720220512E001.pdf","http://www.twse.com.tw","","原召開地點為台北美福飯店（台北市中山區樂群二路55號），因疫情關係改為線上法說會。","查詢"
"1477","聚陽","111/06/07","14:00","線上法說會","介紹本公司之營運概況及經營策略等財務業務相關資料","147720220512M001.pdf","147720220512E001.pdf","http://www.twse.com.tw","","無","查詢"
"1477","聚陽","111/06/08","14:00","線上法說會","介紹本公司之營運概況及經營策略等財務業務相關資料","147720220512M001.pdf","147720220512E001.pdf","http://www.twse.com.tw","","無","查詢"
"1477","聚陽","111/07/14","14:30","線上法說會","介紹本公司之營運概況及經營策略等財務業務相關資料","147720220512M001.pdf","147720220512E001.pdf","http://www.twse.com.tw","","無","查詢"
"1477","聚陽","111/04/13","14:00","電話會議","介紹本公司之營運概況及經營策略等財務業務相關資訊","147720211129M001.pdf","147720211129E001.pdf","http://www.twse.com.tw","","無","查詢"
"1477","聚陽","111/05/31","14:00","線上法說會","介紹本公司之營運概況及經營策略等財務業務相關資料","147720220512M001.pdf","147720220512E001.pdf","http://www.twse.com.tw","","無","查詢"
"1477","聚陽","111/04/08","11:00","視訊會議","介紹本公司之營運概況及經營策略等財務業務相關資訊。","147720211129M001.pdf","147720211129E001.pdf","http://www.makalot.com.tw/","","無","查詢"
"1477","聚陽","111/05/12","14:30","線上法人說明會","介紹本公司之營運概況及經營策略等財務業務相關資訊","147720220512M001.pdf","147720220512E001.pdf","http://www.twse.com.tw","","無","查詢"
"1477","聚陽","111/03/24","10:00","視訊會議","介紹本公司之營運概況及經營策略等財務業務相關資訊。","147720211129M001.pdf","147720211129E001.pdf","http://www.makalot.com.tw","","無","查詢"
"1477","聚陽","111/08/10","15:30","線上法說會","介紹本公司之營運概況及經營策略等財務業務相關資料","147720220512M001.pdf","147720220512E001.pdf","http://www.twse.com.tw","","無","查詢"
"1477","聚陽","111/03/10","10:00","視訊會議","介紹本公司之營運概況及經營策略等財務業務相關資訊。","147720211129M001.pdf","147720211129E001.pdf","http://www.makalot.com.tw","","無","查詢"
"1477","聚陽","111/03/22","14:00","視訊會議","介紹本公司之營運概況及經營策略等財務業務相關資訊。","147720211129M001.pdf","147720211129E001.pdf","http://www.makalot.com.tw","","無","查詢"
"1477","聚陽","111/08/22","15:00","線上法說會","介紹本公司之營運概況及經營策略等財務業務相關資料","147720220512M001.pdf","147720220512E001.pdf","http://www.twse.com.tw","","無","查詢"
"1477","聚陽","111/06/30","09:30","線上法說會","介紹本公司之營運概況及經營策略等財務業務相關資料","147720220512M001.pdf","147720220512E001.pdf","http://www.twse.com.tw","","無","查詢"
"1477","聚陽","111/06/21","14:00","線上法說會","介紹本公司之營運概況及經營策略等財務業務相關資料","147720220512M001.pdf","147720220512E001.pdf","http://www.twse.com.tw","","無","查詢"
"1477","聚陽","111/06/17","10:00","線上法說會","介紹本公司之營運概況及經營策略等財務業務相關資料","147720220512M001.pdf","147720220512E001.pdf","http://www.twse.com.tw","","無","查詢"
"1477","聚陽","111/11/10","11:00","香格里拉台北遠東國際大飯店","介紹本公司之營運概況及經營策略等財務業務相關資料","147720220906M001.pdf","147720220906E001.pdf","http://www.twse.com.tw","","無","查詢"
"1477","聚陽","111/08/31","14:00","線上法說會","介紹本公司之營運概況及經營策略等財務業務相關資料","147720220512M001.pdf","147720220512E001.pdf","http://www.twse.com.tw","","無","查詢"
"1477","聚陽","111/11/14","11:00","線上法說","介紹本公司之營運概況及經營策略等財務業務相關資料","147720221111M001.pdf","147720221111E001.pdf","http://www.twse.com.tw","","無","查詢"
"1477","聚陽","111/11/22","14:50","臺灣證券交易所 (101大樓) 1樓資訊展示中心","本公司受邀參加由臺灣證券交易所舉辦上市公司「休閒及運動」主題式業績發表會","147720220906M001.pdf","147720220906E001.pdf","http://www.makalot.com.tw",同步收看網址：:https://webpro.twse.com.tw/webportal/?liveChannelId=1 ,"無","查詢"
"1477","聚陽","111/11/22","09:30","香格里拉台北遠東國際大飯店","介紹本公司之營運概況及經營策略等財務業務相關資料","147720220906M001.pdf","147720220906E001.pdf","http://www.makalot.com.tw","","無","查詢"
"1477","聚陽","111/11/16 至 111/11/17","09:30","新加坡","介紹本公司之營運概況及經營策略等財務業務相關資料","147720221111M001.pdf","147720221111E001.pdf","http://www.makalot.com.tw","","無","查詢"
"1477","聚陽","111/09/13","14:00","線上法說會","介紹本公司之營運概況及經營策略等財務業務相關資料","147720220906M001.pdf","147720220906E001.pdf","http://www.twse.com.tw","","無","查詢"
"1477","聚陽","111/09/12","14:00","線上法說會","介紹本公司之營運概況及經營策略等財務業務相關資料","147720220906M001.pdf","147720220906E001.pdf","http://www.twse.com.tw","","無","查詢"
"1477","聚陽","111/09/07","11:00","香格里拉台北遠東國際大飯店","介紹本公司之營運概況及經營策略等財務業務相關資料","147720220906M001.pdf","147720220906E001.pdf","http://www.twse.com.tw","","無","查詢"
"1477","聚陽","111/09/16","14:00","線上法說會","介紹本公司之營運概況及經營策略等財務業務相關資料","147720220906M001.pdf","147720220906E001.pdf","http://www.twse.com.tw","","無","查詢"
"1477","聚陽","111/10/18","11:00","線上法說會","介紹本公司之營運概況及經營策略等財務業務相關資料","147720220906M001.pdf","147720220906E001.pdf","http://www.twse.com.tw","","無","查詢"
"1477","聚陽","111/10/12","14:00","線上法說會","介紹本公司之營運概況及經營策略等財務業務相關資料","147720220906M001.pdf","147720220906E001.pdf","http://www.twse.com.tw","","無","查詢"
"1477","聚陽","111/10/13","14:30","線上法說會","介紹本公司之營運概況及經營策略等財務業務相關資料","147720220906M001.pdf","147720220906E001.pdf","http://www.twse.com.tw","","無","查詢"
"1477","聚陽","111/11/30","15:15","台北晶華酒店","介紹本公司之營運概況及經營策略等財務業務相關資料","147720221111M001.pdf","147720221111E001.pdf","http://www.makalot.com.tw","","無","查詢"
"1477","聚陽","111/09/15","11:15","台北美福飯店（台北市中山區樂群二路55號）","介紹本公司之營運概況及經營策略等財務業務相關資料","147720220906M001.pdf","147720220906E001.pdf","http://www.twse.com.tw","","無","查詢"
"1477","聚陽","111/10/05","14:00","線上法說會","介紹本公司之營運概況及經營策略等財務業務相關資料","147720220906M001.pdf","147720220906E001.pdf","http://www.twse.com.tw","","無","查詢"
"1477","聚陽","111/12/08","11:00","台北君悅飯店","介紹本公司之營運概況及經營策略等財務業務相關資料","147720221111M001.pdf","147720221111E001.pdf","http://www.makalot.com.tw","","無","查詢"
"1503","士電","111/05/24","15:00","台北市信義區信義路五段7號1樓 證券交易所資訊展示中心","本公司受邀參加證交所舉辦之2022年「基礎建設」主題式業績發表會，說明本公司之營運概況、財務及業務相關資訊。","150320220524M001.pptx","150320220524E001.pptx","https://www.seec.com.tw/Content/Messagess/contents.aspx?SiteID=10&amp;MmmID=655617024476060631",同步收看網址：:https://webpro.twse.com.tw/webportal/vod/101/93E3EF1C601A-839675D9-DB38-11EC-B8D4/?categoryId=101 法說會影音連結資訊:https://webpro.twse.com.tw/webportal/vod/101/93E3EF1C601A-839675D9-DB38-11EC-B8D4/?categoryId=101 ,"無","查詢"
"1504","東元","111/05/25","14:30","本次中文法人說明會採網路直播方式進行。","說明東元電機111年第一季財務業務相關資訊。","150420220525M001.pdf","150420220525E001.pdf","http://www.teco.com.tw",中文影音檔網址:1504_145_20220525_ch.mp4 ,"無。","查詢"
"1504","東元","111/08/16","14:30","本次中文法人說明會採網路直播方式進行。","說明東元電機111年第二季財務業務相關資訊。","150420220816M001.pdf","150420220816E001.pdf","http://www.teco.com.tw",中文影音檔網址:1504_150_20220816_ch.mp4 ,"無。","查詢"
"1504","東元","111/03/02 至 111/03/03","10:00","台灣線上","本公司受邀參加瑞銀證券舉辦之
『UBS x TWSE Taiwan Corporate Day』，並就本公司營運狀況做一說明。","150420211112M001.pdf","150420211112E001.pdf","http://www.teco.com.tw","","無。","查詢"
"1504","東元","111/03/28 至 111/04/01","10:30","台灣線上法人說明會","本公司受邀參加ICA專顧研究舉辦之
『第二屆亞洲未來峰會』，並就本公司營運狀況做一說明。","150420220323M001.pdf","150420220323E001.pdf","http://www.teco.com.tw","","無","查詢"
"1504","東元","111/03/23","14:30","本次中文法人說明會採網路直播方式進行。","說明東元電機110年第四季財務業務相關資訊。","150420220323M001.pdf","150420220323E001.pdf","http://www.teco.com.tw",中文影音檔網址:1504_142_20220323_ch.mp4 英文影音檔網址:1504_142_20220323_en.mp4 ,"無。","查詢"
"1504","東元","111/04/07","11:00","台灣線上法人說明會","本公司受邀參加
『TWSE/GS Taiwan Corporate Day 2022』，並就本公司營運狀況做一說明。","150420220323M001.pdf","150420220323E001.pdf","http://www.teco.com.tw","","無","查詢"
"1504","東元","111/05/26","15:40","台北","本公司受邀參加台灣證券交易所舉辦之
基礎建設主題式業績發表會，並就本公司營運狀況做一說明。","150420220525M002.pdf","150420220525E002.pdf","http://www.teco.com.tw","","無。","查詢"
"1504","東元","111/06/21","15:20","台灣線上法人說明會","本公司受邀參加群益金鼎證券舉辦之線上投資論壇，
並就本公司營運狀況做一說明。","150420220525M001.pdf","150420220525E001.pdf","http://www.teco.com.tw","","無。","查詢"
"1504","東元","111/07/14","15:45","台灣線上法人說明會","本公司受邀參加元富證券舉辦之「2022年台股企業日」，
並就本公司營運狀況做一說明。","150420220525M001.pdf","150420220525E001.pdf","http://www.teco.com.tw","","無。","查詢"
"1504","東元","111/07/22","16:00","臺灣證券交易所1樓資訊展示中心
(台北市信義路五段7號1樓)","本公司受邀參加台灣證券交易所舉辦之科技大未來
主題式業績發表會，並就本公司營運狀況做一說明。","150420220525M001.pdf","150420220525E001.pdf","http://www.teco.com.tw",法說會影音連結資訊:https://webpro.twse.com.tw/webportal/vod/101/0F86CE4D8967-D1FFDB31-099B-11ED-BF84/?categoryId=101 ,"無","查詢"
"1504","東元","111/11/15","14:30","本次中文法人說明會採網路直播方式進行。","說明東元電機111年第三季財務業務相關資訊。","150420221115M001.pdf","150420221115E001.pdf","http://www.teco.com.tw",中文影音檔網址:1504_153_20221115_ch.mp4 ,"無。","查詢"
"1504","東元","111/09/21 至 111/09/22","09:10","台灣線上法人說明會","本公司受邀參加臺灣證券交易所及寬量國際共同主辦
之「12th Taiwan CEO Week」，並就本公司營運狀況
做一說明。","150420220816M001.pdf","150420220816E001.pdf","http://www.teco.com.tw","","無。","查詢"
"1504","東元","111/09/07","15:00","台北遠東國際大飯店 (台北市敦化南路二段201號B1)","本公司受邀參加國泰證券舉辦之「第三季產業論壇」，
並就本公司營運狀況做一說明。","150420220816M001.pdf","150420220816E001.pdf","http://www.teco.com.tw","","無。","查詢"
"1506","正道","111/12/20","16:00","線上法說會","本公司受邀參加元大證券舉辦之線上法說會，報告本公司營運狀營運狀況。","150620221219M001.pdf","150620221219E001.pdf","","","無","查詢"
"1512","瑞利","111/12/21","14:00","線上法說會","本公司受邀參加中國信託綜合證券股份有限公司舉辦之法人說明會","151220221221M001.pdf","151220221221E001.pdf","","","無","查詢"
"1513","中興電","111/08/18","14:00","集思北科大會議中心2F感恩廳(台北市大安區忠孝東路三段1號2F)","公司近期營運概況及未來經營策略暨展望","151320220818M001.pdf","151320220818E001.pdf","HTTP://WWW.CHEM.COM.TW","","無","查詢"
"1514","亞力","111/11/24","16:00","線上法說會","下午16點00分","151420221123M001.pptx","151420221123E001.pptx","https://www.allis.com.tw/zh-tw/download-c17911/111%E5%B9%B4.html","","無","查詢"
"1515","力山","111/12/15","14:30","本公司受邀參加元大證券舉辦線上法說會，報告本公司營運狀況。","公司概況及經營實績","151520221214M001.pdf","151520221214E001.pdf","https://www.rexon.net/home02.aspx?ID=$5502&amp;IDK=2&amp;EXEC=L","","無","查詢"
"1515","力山","111/11/11","16:00","臺灣證券交易所一樓資訊展示中心(台北市信義區信義路五段7號1樓)","公司概況及經營實績","151520221110M001.pdf","151520221110E001.pdf","https://www.rexon.net/home02.aspx?ID=$5502&amp;IDK=2&amp;EXEC=L",法說會影音連結資訊:https://webpro.twse.com.tw/webportal/vod/101/2182451A5070-78E98B55-619B-11ED-8D56/?categoryId=101 ,"無","查詢"
"1516","川飛","111/11/07","15:00","國票綜合證券(台北市松山區南京東路五段188號15樓)","受邀參加國票綜合證券舉辦之法人說明會，介紹本公司及說明營運狀況","151620221107M001.pptx","151620221107E001.ppt","","","無","查詢"
"1517","利奇","111/11/25","14:30","福邦證券總公司(台北市中正區忠孝西路一段6號7樓)","本公司受邀參加福邦證券舉辦之法人說明會，介紹本公司及說明營運概況。","151720221124M001.pdf","151720221124E001.pdf","https://www.leechi.com.tw/investor/77","","無","查詢"
"1519","華城","111/12/05","14:00","台北市中山區樂群三路128號7樓會議室(國票金控大樓)","受邀參加國票證券舉辦法人說明會，說明本公司經營績效與營運展望。","151920221205M002.pdf","151920221205E002.pdf","http://www.fortune.com.tw","","無","查詢"
"1521","大億","111/09/05","14:00","線上法人說明會","本公司受邀參加第一金證券舉辦之線上法人說明會，會中說明本公司營運成果。","152120220905M001.ppt","152120220905E001.ppt","http://www.tayih-ind.com.tw/investor_d03.php",中文影音檔網址:1521_6_20220905_ch.mp4 ,"相關資訊請洽第一金證券法人部 sheryl.wang@firstsec.com.tw。","查詢"
"1522","堤維西","111/08/17","15:45","線上法說會","本公司受邀參加元富證券舉辦之法說會「2022年8月台股企業日」","152220220817M001.pdf","152220220817E001.pdf","","","無","查詢"
"1524","耿鼎","111/12/23","13:40","耿鼎企業股份有限公司(桃園市蘆竹區內溪路48號)","公司簡報及營運狀況說明。","152420221222M001.pdf","152420221222E001.pdf","http://www.gordon.com.tw/edit_page.html",法說會影音連結資訊:https://www.youtube.com/watch?v=qniphI0SGSQ ,"無。","查詢"
"1525","江申","111/05/18","15:45","線上法人說明會","本公司受邀參加富邦證券舉辦之上市公司法人說明會，會中說明本公司2021年度及2022年第一季營運概況。","152520220518M001.pdf","152520220518E001.pdf","http://www.kian-shen.com/investors-2.php","","報名請洽富邦法人部tingju.yeh@fubon.com","查詢"
"1525","江申","111/11/17","14:20","線上法人說明會","本公司受邀參加富邦證券舉辦之上市公司法人說明會，會中說明本公司2022年前三季營運概況。","152520221117M001.pdf","152520221117E001.pdf","http://www.kian-shen.com/investors-2.php","","報名請洽富邦法人業務部tingju.yeh@fubon.com","查詢"
"1526","日馳","111/08/05","14:00","新北市林口區下福里71-2號2樓","簡報營運狀況","152620220805M001.pdf","152620220805E001.pdf","http://www.sunrace.tw",中文影音檔網址:1526_6_20220805_ch.mp4 ,"無","查詢"
"1527","鑽全","111/06/10","10:00","線上法說會","本公司受邀參加第一金證券舉辦之線上法人說明會。","152720220609M001.pdf","152720220609E001.pdf","https://www.basso.com.tw/zh-tw/a3-1733/%E6%B3%95%E8%AA%AA%E6%9C%83.html","","無","查詢"
"1527","鑽全","111/12/22","14:00","線上法說會","本公司受邀參加第一金證券舉辦之線上法人說明會","152720221220M001.pdf","152720221220E001.pdf","https://www.basso.com.tw/zh-tw/a3-2411/%E6%B3%95%E4%BA%BA%E8%AA%AA%E6%98%8E%E6%9C%83.html","","無","查詢"
"1528","恩德","111/11/29","15:00","線上法人說明會","本公司受邀參加統一證券企業法人部舉辦之線上法說會，為各界投資先進說明產業及營運狀況。","152820221125M001.pdf","152820221125E001.pdf","","","無","查詢"
"1529","樂事綠能","111/12/14","14:00","線上會議","本公司受邀參加統一證券國際法人部舉辦之線上法人說明會。","152920221214M001.pdf","152920221214E001.pdf","","","無","查詢"
"1530","亞崴","111/11/25","15:30","線上法說會","本公司受邀參加元大證券舉辦之線上法說會，說明營運現況及未來展望。","153020221125M001.ppt","153020221125E001.ppt","http://www.awea.com/awea_tw/publication/investor/events/events.htm","","無","查詢"
"1531","高林股","111/11/25","15:00","玉山證券(台北市松山區民生東路三段115號5樓 (玉山金控總部大樓))","本公司現況及營運展望說明","153120221124M001.pdf","153120221124E001.pdf","https://siruba.com/tw/investor/","","相關資料將依法人說明會相關規定登載於公開資訊觀測站及公司網站.","查詢"
"1532","勤美","111/03/17","14:00","線上法說會，參加會議方式、會議號及密碼請洽日盛證券法人部索取。","本公司受邀參加日盛證券舉辦之線上法人說明會，說明公司營運概況。","153220220311M001.pdf","153220220311E001.pdf","http://www.cmp.com.tw/cht/investor/news#conference","","03/17線上法說會，報名電話：(02)2504-8888 ，報名窗口：周怡小姐#2632。","查詢"
"1532","勤美","111/04/26","14:00","線上法說會，參加會議方式、會議號及密碼請洽康和證券法人部索取。","本公司受邀參加康和證券舉辦之線上法人說明會，說明公司營運概況。","153220220311M001.pdf","153220220311E001.pdf","http://www.cmp.com.tw/cht/investor/news#conference","","4/26線上法說會，報名電話：(02)8787-1888#280，報名窗口：康和證券法人部 卓小姐。","查詢"
"1532","勤美","111/08/17","14:30","線上法說會，參加會議方式、連線資訊請洽元富證券索取。","本公司受邀參加元富證券舉辦之線上法人說明會「2022年08月台股企業日」，說明公司營運概況。","153220220311M001.pdf","153220220311E001.pdf","http://www.cmp.com.tw/cht/investor/news#conference","","8/17線上法說會，報名電話：(02)2731-3888#607，報名窗口：元富證券 程經理。","查詢"
"1532","勤美","111/09/12","16:00","臺灣證券交易所一樓資訊展示中心(台北市信義路五段7號1樓)","說明公司營運概況","153220220912M001.pdf","153220220912E001.pdf","http://www.cmp.com.tw/cht/investor/news#conference",法說會影音連結資訊:https://webpro.twse.com.tw/webportal/vod/101/21A490992667-5E1848CE-3277-11ED-9E88/?categoryId=101 ,"相關資訊依規定揭露於「公開資訊觀測站」及公司網站。","查詢"
"1532","勤美","111/11/30","14:00","台北晶華酒店4樓(台北市中山北路二段39巷3號)","本公司受邀參加台新證券舉辦之2022年第四季全球投資論壇，說明公司營運概況。","153220221128M001.pdf","153220221128E001.pdf","http://www.cmp.com.tw/cht/investor/news#conference","","相關資訊依規定揭露於「公開資訊觀測站」及公司網站。","查詢"
"1533","車王電","111/10/25","14:30","線上法說會","群益金鼎證券主辦本公司與華德動能科技股份有限公司聯合法人說明會，說明本公司營運概況及展望。","153320221025M001.pdf","153320221025E001.pdf","http://www.more.com.tw","","完整財務業務資訊請至公開資訊觀測站之法人說明會一覽表或法說會項目下查閱。","查詢"
"1535","中宇","111/12/21","14:30","富邦國際會議中心","本公司業務及財務相關資訊。","153520221219M001.pdf","153520221219E001.pdf","http://www.ecotek.com.tw/?prog=shold_conference","","無。","查詢"
"1535","中宇","111/05/25","14:30","線上法說會","本公司業務及財務相關資訊。","153520220524M002.pdf","153520220524E002.pdf","https://www.ecotek.com.tw/?prog=shareholders_presentation","","無","查詢"
"1536","和大","111/08/25","14:00","線上法人說明會","公司簡介及產業狀況等相關資訊","153620220826M001.pdf","153620220826E001.pdf","http://www.hota.com.tw","","無","查詢"
"1536","和大","111/11/30","11:00","大和國泰證券線上法人說明會","受邀參加大和國泰證券舉辦之線上座談會
公司簡介及說明產業狀況與公司經營績效等相關資訊","153620221129M001.pdf","153620221129E001.pdf","http://www.hota.com.tw","","無","查詢"
"1537","廣隆","111/08/10","14:30","線上法說會","本公司受邀參加2022年8月10日元富證券所主辦的「2022年8月台股企業日」線上法人說明會，向法人投資者就公司簡介及已公開財務、業務等相關資訊做說明。","153720220809M002.pdf","153720220809E002.pdf","https://www.klb.com.tw/zh-tw/Investor/Investor5","","無","查詢"
"1537","廣隆","111/03/09","14:30","台北文創:台北市信義區菸廠路88號6樓","本公司受邀參加2022年3月9日元富證券所主辦的「2022年3月台股企業日」法人說明會，向法人投資者就公司簡介及已公開財務、業務等相關資訊做說明。","153720220308M001.pdf","153720220308E001.pdf","https://www.klb.com.tw/zh-tw/Investor/Investor5","","無","查詢"
"1537","廣隆","111/05/11","14:30","線上法說會","本公司受邀參加2022年5月11日元富證券所主辦的「2022年5月台股企業日」線上法人說明會，向法人投資者就公司簡介及已公開財務、業務等相關資訊做說明。","153720220510M001.pdf","153720220510E001.pdf","https://www.klb.com.tw/zh-tw/Investor/Investor5","","無","查詢"
"1537","廣隆","111/11/09","14:30","線上法說會","本公司受邀參加2022年11月9日元富證券所主辦的「2022年11月台股企業日」線上法人說明會，向法人投資者就公司簡介及已公開財務、業務等相關資訊做說明。","153720221108M002.pdf","153720221108E002.pdf","https://www.klb.com.tw/zh-tw/Investor/Investor5","","無","查詢"
"1538","正峰","111/10/12","16:00","線上法說會","本公司受邀參加元大證券舉辦之線上法說會，報告本公司營運狀況。","153820221011M001.pdf","153820221011E001.pdf","","","無","查詢"
"1539","巨庭","111/12/07","14:00","台中市太平區永豐路78號","說明本公司最近年度營收及淨利","153920221205M001.pptx","153920221205E001.pptx","http://www.geetech.com.tw",法說會影音連結資訊:http://www.geetech.com.tw/images/Financial/investors/2022/202202.mp4 ,"無","查詢"
"1540","喬福","111/10/31","15:00","11049 台北市信義路5段7號101大樓1樓資訊展示中心","近期財務狀況","154020221029M001.pptx","154020221029E001.pptx","",同步收看網址：:http://www.twse.com.tw 法說會影音連結資訊:https://webpro.twse.com.tw/webportal/vod/101/C9B6F1071B9F-AAA3BA31-58F2-11ED-9E4A/?categoryId=101 ,"無","查詢"
"1541","錩泰","111/11/18","14:30","南山人壽烏日教育訓練中心(台中市西屯區成功西路300號3樓316訓練討論室)","本公司受邀參加台新證券舉辦之法人說明會","154120221118M001.pptx","154120221118E001.pptx","",中文影音檔網址:1541_6_20221118_ch.mp4 ,"完整財務業務資訊請至公開資訊觀測站之法人說明會一覽表或法說會項目下查閱。","查詢"
"1558","伸興","111/05/25","14:00","線上法說會","本公司受邀參加宏遠證券舉辦之法人線上說明會，說明公司簡介與營運概況","155820220519M001.pdf","155820220519E001.pdf","","","無","查詢"
"1558","伸興","111/11/25","14:00","線上法說會","本公司受邀參加永豐金證券舉辦之線上法人說明會，說明本公司之營運概況","155820221124M001.pdf","155820221124E001.pdf","","","報名請洽永豐金謝小姐(02)23828169或E-MAIL:betty.hsieh@sinopac.com","查詢"
"1560","中砂","111/02/25","14:00","線上法人說明會","本公司將於法人說明會中,公佈2021年度財務結果及2022年度營運展望","156020220224M002.pptx","156020220224E002.pptx","http://www.kinik.com.tw","","無","查詢"
"1560","中砂","111/07/27","14:00","線上法說會","本公司受邀參加第一金證券舉辦之線上法人座談會，說明本公司財務及業務相關資訊。","156020220726M001.pdf","156020220726E001.pdf","https://www.kinik.com.tw/","","會議簡報等資料將依規定於期限前揭露於公開資訊觀測站及本公司官網。","查詢"
"1560","中砂","111/04/27","14:00","線上法人說明會","本公司將於法人說明會中，說明2022年Q1營運成果及年度展望","156020220426M002.pdf","156020220426E002.pdf","www.kinik.com.tw","","無","查詢"
"1560","中砂","111/10/28","14:00","台北市復興北路99號15樓(C會議室)","本公司受邀參加富邦證券舉辦之法人說明會，說明本公司第三季營運概況。","156020221027M001.pdf","156020221027E001.pdf","https://www.kinik.com.tw/zh-tw/","","完整財務業務資訊請至公開資訊觀測站之法人說明會一覽表或法說會項目下查閱。","查詢"
"1563","巧新","111/04/19","09:00","線上法說會（台灣）","本公司受邀參加由臺灣證券交易所及寬量國際共同主辦之線上法說會「11th Taiwan CEO Week」，說明本公司之營運概況、財務及業務相關資訊。","156320220418M001.pdf","156320220418E001.pdf","","","相關資訊請至公開資訊觀測站之法人說明會一覽表或法說會項目下查閱。","查詢"
"1563","巧新","111/07/26","14:30","線上法說會","本公司受邀參加凱基證券與IR Trust共同舉辦之「車用零組件迎全球新能源車競賽」線上研討會。","156320220726M001.pdf","156320220726E001.pdf","","","無","查詢"
"1563","巧新","111/03/16","14:00","線上法說會","本公司受邀參加Bofa Securities舉辦線上法說會2022 APAC TMT Conference，會中就本公司已公開發佈之財務數字、經營績效等相關資訊做說明，詳請參閱公開資訊觀測站。","156320220316M001.pdf","156320220316E001.pdf","","","無","查詢"
"1563","巧新","111/09/21 至 111/09/26","10:20","線上法說會","本公司受邀參加由臺灣證券交易所及寬量國際共同主辦之線上法說會「12th Taiwan CEO Week」，說明本公司之營運概況、財務及業務相關資訊。","156320220920M002.pdf","156320220920E002.pdf","","","相關資訊請至公開資訊觀測站之法人說明會一覽表或法說會項目下查閱。","查詢"
"1568","倉佑","111/12/01","14:00","大眾財經大樓（高雄市前鎮區中山二路2號九樓之一）","本公司受台新綜合證券股份有限公司邀請參加「台新證券聯合法人說明會」。","156820221201M001.pptx","156820221201E001.pptx","https://www.tsangyow.com.tw/tw/investor.php?tab=3&amp;tabs=5#","","相關資訊將依規定揭露於公開資訊觀測站。","查詢"
"1582","信錦","111/06/10","14:30","線上法說會","本公司受邀參加永豐金證券舉辦之「2022年第二季線上論壇」，說明本公司之營運概況。","158220220610M001.pdf","158220220610E001.pdf","http://www.syncmold.com.tw/syncmold-2018/item_yearly_2018.html","","無","查詢"
"1582","信錦","111/09/23","14:30","線上法說會","本公司受邀參加&#29319;亞證券舉辦之線上法人說明會，說明本公司之營運概況。","158220220923M001.pdf","158220220923E001.pdf","http://www.syncmold.com.tw/syncmold-2018/item_yearly_2018.html","","無","查詢"
"1583","程泰","111/11/25","14:30","線上法說會","本公司受邀參加元大證券舉辦之線上法說會，說明營運現況及未來展望。","158320221125M001.pdf","158320221125E001.pdf","https://www.goodwaycnc.com/exhtml_goodway/goodway_tw/publication/investor/events/events.htm","","無","查詢"
"1587","吉茂","111/10/05","14:00","國票綜合證券-301多功能會議室(台北市中山區樂群三路128號3樓)","本公司受邀參加國票綜合證券舉辦之法人說明會，報告2022年上半年度公司營運現況暨未來展望","158720221005M001.pdf","158720221005E001.pdf","https://www.cryomaxcooling.com","","無","查詢"
"1589","永冠-KY","111/06/10","15:50","線上法說會","本公司受邀參加中國信託證券舉辦之『中國信託證券2022第二季前瞻論壇』","158920220609M001.pdf","158920220609E001.pdf","http://www.ygget.com/content/tw/491.aspx","","無。","查詢"
"1589","永冠-KY","111/01/07","09:45","台北文創6樓(台北市信義區菸廠路88號6樓)","受邀參加元富證券與證交所合辦之投資論壇「智慧台灣2022」","158920220103M002.pdf","158920220103E002.pdf","http://www.ygget.com/content/tw/491.aspx","","無。","查詢"
"1589","永冠-KY","111/01/04","13:15","線上會議","受邀參加元富證券與證交所合辦之投資論壇「智慧台灣2022」","158920220103M001.pdf","158920220103E001.pdf","http://www.ygget.com/content/tw/491.aspx","","無。","查詢"
"1589","永冠-KY","111/03/23","14:30","德信證券(台北市中正區新生南路一段50號3樓)","本公司受邀參加德信證券舉辦之『法人說明會』","158920220322M001.pdf","158920220322E001.pdf","http://www.ygget.com/content/tw/491.aspx","","無。","查詢"
"1589","永冠-KY","111/06/22","14:00","線上法說會","本公司受邀參加永豐金證券舉辦之『2022 Q2產業投資線上論壇』","158920220621M002.pdf","158920220621E002.pdf","http://www.ygget.com/content/tw/491.aspx","","無。","查詢"
"1589","永冠-KY","111/09/16","10:00","線上法說會","本公司受邀參加台灣董事學會、臺灣證券交易所及安擘諮詢共同舉辦之『2022線上數位引資論壇』","158920220914M001.pdf","158920220914E001.pdf","http://www.ygget.com/content/tw/491.aspx","","無。","查詢"
"1589","永冠-KY","111/09/15","11:00","線上法說會","本公司受邀參加第一金證券舉辦之『線上投資座談會』","158920220914M001.pdf","158920220914E001.pdf","http://www.ygget.com/content/tw/491.aspx","","無。","查詢"
"1590","亞德客-KY","111/06/07","10:00","線上法說會","公司簡介與營運狀況說明","159020220510M002.pdf","159020220510E002.pdf","https://as-tw.airtac.com/about.aspx?c_kind=5&amp;c_kind2=134&amp;c_kind3=311","","受邀參加大和國泰證券舉辦之線上法說會Industrials Automation&amp;Machinery Tour","查詢"
"1590","亞德客-KY","111/06/09","09:00","線上法說會","公司簡介與營運狀況說明","159020220510M002.pdf","159020220510E002.pdf","https://as-tw.airtac.com/about.aspx?c_kind=5&amp;c_kind2=134&amp;c_kind3=311","","參加香港商野村國際證券舉辦之線上法說會「Investment Forum Asia 2022」。","查詢"
"1590","亞德客-KY","111/06/21","09:00","線上法說會","公司簡介與營運狀況說明","159020220510M002.pdf","159020220510E002.pdf","https://as-tw.airtac.com/about.aspx?c_kind=5&amp;c_kind2=134&amp;c_kind3=311","","受邀參加瑞銀證券舉辦之線上法說會「Taiwan Virtual Conference 2022」。","查詢"
"1590","亞德客-KY","111/04/27","16:00","線上法說會","公司簡介與營運狀況說明","159020220328M002.pdf","159020220328E002.pdf","https://as-tw.airtac.com/about.aspx?c_kind=5&amp;c_kind2=134&amp;c_kind3=311","","受邀參加台灣摩根士丹利證券舉辦之線上法說會1Q22 Results English Conference Call","查詢"
"1590","亞德客-KY","111/05/11","09:00","線上法說會","公司簡介與營運狀況說明","159020220510M001.pdf","159020220510E001.pdf","https://as-tw.airtac.com/about.aspx?c_kind=5&amp;c_kind2=134&amp;c_kind3=311","","受邀參加香港商麥格理舉辦之線上法說會「DELTAH China Conference 2022」。","查詢"
"1590","亞德客-KY","111/05/18","14:00","線上法說會","公司簡介與營運狀況說明","159020220510M002.pdf","159020220510E002.pdf","https://as-tw.airtac.com/about.aspx?c_kind=5&amp;c_kind2=134&amp;c_kind3=311","","受邀參加花旗環球證券舉辦之線上法人說明會「Regional Tech Conference 2022」。","查詢"
"1590","亞德客-KY","111/08/03","16:00","線上法說會","公司簡介與營運狀況說明","159020220510M002.pdf","159020220510E002.pdf","https://as-tw.airtac.com/about.aspx?c_kind=5&amp;c_kind2=134&amp;c_kind3=311","","受邀參加台灣摩根士丹利證券舉辦之線上法說會「2Q22 Results English Webcast」。","查詢"
"1590","亞德客-KY","111/01/06","11:00","台北文創","公司簡介與營運狀況說明","159020211104M001.pdf","159020211104E001.pdf","https://as-tw.airtac.com/about.aspx?c_kind=5&amp;c_kind2=134&amp;c_kind3=311","","受邀參加證交所&amp;元富證券辦之「智慧台灣投資論壇 2022」。","查詢"
"1590","亞德客-KY","111/03/29","09:00","線上法說會","公司簡介與營運狀況說明","159020220328M001.pdf","159020220328E001.pdf","https://as-tw.airtac.com/about.aspx?c_kind=5&amp;c_kind2=134&amp;c_kind3=311","","受邀參加瑞士信貸銀行舉辦之線上法說會「25th Credit Suisse Asian Investment」。","查詢"
"1590","亞德客-KY","111/04/07","09:00","線上法說會","公司簡介與營運狀況說明","159020220328M002.pdf","159020220328E002.pdf","https://as-tw.airtac.com/about.aspx?c_kind=5&amp;c_kind2=134&amp;c_kind3=311","","受邀參加證交所&amp;美商高盛舉辦之線上法說會「Taiwan Virtual Corporate Day」。","查詢"
"1590","亞德客-KY","111/03/15","09:00","線上法說會","公司簡介與營運狀況說明","159020211104M001.pdf","159020211104E001.pdf","https://as-tw.airtac.com/about.aspx?c_kind=5&amp;c_kind2=134&amp;c_kind3=311","","受邀參加里昂證券舉辦之線上法說會「Taiwan Access Day」。","查詢"
"1590","亞德客-KY","111/03/22","09:00","線上法說會","公司簡介與營運狀況說明","159020211104M001.pdf","159020211104E001.pdf","https://as-tw.airtac.com/about.aspx?c_kind=5&amp;c_kind2=134&amp;c_kind3=311","","受邀參加美林證券舉辦線上法說會2022Asia PacificTelecom Media&amp;TechnologyConference","查詢"
"1590","亞德客-KY","111/02/22","09:00","線上法說會","公司簡介與營運狀況說明","159020211104M001.pdf","159020211104E001.pdf","https://as-tw.airtac.com/about.aspx?c_kind=5&amp;c_kind2=134&amp;c_kind3=311","","受邀參加摩根大通證券舉辦之線上法說會「Taiwan CEO-CFO Conference 2022」","查詢"
"1590","亞德客-KY","111/02/21","16:00","線上法說會","公司簡介與營運狀況說明","159020211104M001.pdf","159020211104E001.pdf","https://as-tw.airtac.com/about.aspx?c_kind=5&amp;c_kind2=134&amp;c_kind3=311","","受邀參加瑞銀證券舉辦之線上法說會「AirTAC 4Q21 Results Conference Call」。","查詢"
"1590","亞德客-KY","111/08/29 至 111/09/03","21:00","波士頓、蒙特利爾、紐約、芝加哥、舊金山","公司簡介與營運狀況說明","159020220819M001.pdf","159020220819E001.pdf","https://as-tw.airtac.com/about.aspx?c_kind=5&amp;c_kind2=134&amp;c_kind3=311","","受邀參加大和國泰證券舉辦之海外NDR(Non-Deal Roadshow)。","查詢"
"1590","亞德客-KY","111/12/13","11:10","台北晶華酒店","公司簡介與營運狀況說明","159020221107M006.pdf","159020221107E006.pdf","https://as-tw.airtac.com/about.aspx?c_kind=5&amp;c_kind2=134&amp;c_kind3=311","","受邀參加永豐金證券舉辦之「2022年第四季投資論壇」。","查詢"
"1590","亞德客-KY","111/09/07","09:00","線上法說會","公司簡介與營運狀況說明","159020220819M001.pdf","159020220819E001.pdf","https://as-tw.airtac.com/about.aspx?c_kind=5&amp;c_kind2=134&amp;c_kind3=311","","受邀參加瑞士信貸舉辦之線上法說會23rd Credit Suisse Asian Technology Conference","查詢"
"1590","亞德客-KY","111/09/13","09:00","線上法說會","公司簡介與營運狀況說明","159020220819M001.pdf","159020220819E001.pdf","https://as-tw.airtac.com/about.aspx?c_kind=5&amp;c_kind2=134&amp;c_kind3=311","","受邀參加里昂證券舉辦之線上法說會29th Annual Flagship Investors","查詢"
"1590","亞德客-KY","111/09/23","09:00","線上法說會","公司簡介與營運狀況說明","159020220819M001.pdf","159020220819E001.pdf","https://as-tw.airtac.com/about.aspx?c_kind=5&amp;c_kind2=134&amp;c_kind3=311","","受邀參加大和國泰證券舉辦之線上法說會「Affin Hwang Taiwan Corporate Day 2022」。","查詢"
"1590","亞德客-KY","111/10/05","09:00","線上法說會","公司簡介與營運狀況說明","159020220819M001.pdf","159020220819E001.pdf","https://as-tw.airtac.com/about.aspx?c_kind=5&amp;c_kind2=134&amp;c_kind3=311","","參加香港商野村國際證券舉辦之線上法說會「Virtual Taiwan Corporate Day 2022」。","查詢"
"1590","亞德客-KY","111/10/26","16:00","線上法說會","公司簡介與營運狀況說明","159020220819M001.pdf","159020220819E001.pdf","https://as-tw.airtac.com/about.aspx?c_kind=5&amp;c_kind2=134&amp;c_kind3=311","","受邀參加瑞銀證券舉辦之線上法說會「3Q22 Results Conference Call」。","查詢"
"1590","亞德客-KY","111/11/08","13:00","臺北香格里拉遠東國際大飯店","公司簡介與營運狀況說明","159020221107M001.pdf","159020221107E001.pdf","https://as-tw.airtac.com/about.aspx?c_kind=5&amp;c_kind2=134&amp;c_kind3=311","","受邀美商高盛舉辦之法說會「Taiwan Corporate Day」。","查詢"
"1590","亞德客-KY","111/11/09","09:00","線上法說會","公司簡介與營運狀況說明","159020221107M002.pdf","159020221107E002.pdf","https://as-tw.airtac.com/about.aspx?c_kind=5&amp;c_kind2=134&amp;c_kind3=311","","受邀參加美林證券舉辦線上法說會「2022 China Conference」。","查詢"
"1590","亞德客-KY","111/11/10","10:00","台北君悅酒店","公司簡介與營運狀況說明","159020221107M003.pdf","159020221107E003.pdf","https://as-tw.airtac.com/about.aspx?c_kind=5&amp;c_kind2=134&amp;c_kind3=311","","受邀參加香港商麥格理舉辦之法說會「Taiwan Corporate Day」。","查詢"
"1590","亞德客-KY","111/11/16 至 111/11/17","09:30","新加坡","公司簡介與營運狀況說明","159020221107M004.pdf","159020221107E004.pdf","https://as-tw.airtac.com/about.aspx?c_kind=5&amp;c_kind2=134&amp;c_kind3=311","","受邀參加台灣摩根士丹利證券舉辦之法說會「21st Annual Asia Pacific Summit」。","查詢"
"1590","亞德客-KY","111/11/23","09:00","臺北香格里拉遠東國際大飯店","公司簡介與營運狀況說明","159020221107M005.pdf","159020221107E005.pdf","https://as-tw.airtac.com/about.aspx?c_kind=5&amp;c_kind2=134&amp;c_kind3=311","","受邀參加里昂證券舉辦之法說會「Taiwan Market Mover 2023 Access Day」。","查詢"
"1590","亞德客-KY","111/11/30","09:00","台北W飯店","公司簡介與營運狀況說明","159020221107M006.pdf","159020221107E006.pdf","https://as-tw.airtac.com/about.aspx?c_kind=5&amp;c_kind2=134&amp;c_kind3=311","","受邀參加花旗環球證券舉辦之法人說明會「Taiwan Corporate Day」。","查詢"
"1597","直得","111/11/29","14:00","線上法人說明會-Webex","受凱基證券股份有限公司邀請舉辦之線上法人說明會。","159720221125M002.pdf","159720221125E002.pdf","http://www.chieftek.com/chinese/INVESTOR%20EVENTS.asp",同步收看網址：:https://hehuani.my.webex.com/hehuani.my-tc/j.php?MTID=m6afb850cb30f4fa957a544573b6d648c ,"無","查詢"
"1598","岱宇","111/04/01","14:00","本公司受邀參加由宏遠證券舉辦之線上法說會","說明本公司之營運概況、財務及業務相關資訊","159820220331M001.pdf","159820220331E001.pdf","https://dyaco.com/zh-hant/investors/investors-news","","無","查詢"
"1598","岱宇","111/05/13","14:00","本公司受邀參加由富邦證券舉辦之線上法說會","說明本公司之營運概況、財務及業務相關資訊","159820220512M001.pdf","159820220512E001.pdf","https://dyaco.com/zh-hant/investors/investors-news","","無","查詢"
"1598","岱宇","111/11/23","14:30","本公司受邀參加由元大證券舉辦之線上法說會","說明本公司之營運概況、財務及業務相關資訊","159820221122M001.pdf","159820221122E001.pdf","https://dyaco.com/zh-hant/investors/investors-news","","完整財務業務資訊請至公開資訊觀測站之法人說明會一覽表或法說會項目下查閱。","查詢"
"1598","岱宇","111/09/07","15:45","本公司受邀參加由元富證券舉辦之線上法說會","說明本公司之營運概況、財務及業務相關資訊","159820220902M001.pdf","159820220902E001.pdf","https://dyaco.com/zh-hant/investors/investors-news","","無","查詢"
"1603","華電","111/12/02","14:30","日盛證券股份有限公司(台北市南京東路二段85號8樓8002室)","(1)經營概況 (2)財務資訊 (3)經營理念與展望","160320221201M001.pptx","160320221201E001.pptx","https://www.cwcowin.com.tw",法說會影音連結資訊:https://webpro.twse.com.tw/WebPortal/vod/101/3F0811263645-1DFFFDF8-721C-11ED-A411/?categoryId=101 ,"無","查詢"
"1604","聲寶","111/09/13","14:30","台灣證券交易所1樓資訊展示中心","說明111年度第二季營運結果","160420220913M001.pdf","160420220913E001.pdf","https://www.sampo.com.tw/aboutlist.aspx?q=11",同步收看網址：:https://webpro.twse.com.tw/WebPortal/?liveChannelId=1 法說會影音連結資訊:https://webpro.twse.com.tw/WebPortal/vod/101/?categoryId=101 ,"14時~14時30分報到；14時30分開始","查詢"
"1605","華新","111/02/22","16:00","線上法說會","本公司受邀參加國泰證券所舉辦之&quot;110年第四季線上法人說明會&quot;，說明本公司財務及業務相關資訊。","160520220222M001.pdf","160520220222E001.pdf","https://www.walsin.com/investors/investor-conference/#pills-investor-conference","","無","查詢"
"1605","華新","111/05/06","16:00","線上法說會","本公司受邀參加國泰證券所舉辦之&quot;111年第一季線上法人說明會&quot;，說明本公司財務及業務相關資訊。","160520220506M001.pdf","160520220506E001.pdf","https://www.walsin.com/investors/investor-conference/#pills-investor-conference","","無","查詢"
"1605","華新","111/08/05","16:00","線上法說會","本公司受邀參加國泰證券所舉辦之&quot;111年第二季線上法人說明會&quot;說明本公司財務及業務相關資訊。","160520220805M001.pdf","160520220805E001.pdf","https://www.walsin.com/investors/investor-conference/#pills-investor-conference","","無","查詢"
"1605","華新","111/11/04","16:00","線上法說會","本公司自辦法人說明會說明111年度第三季財務報告相關資訊","160520221104M001.pdf","160520221104E001.pdf","https://www.walsin.com/investors/investor-conference/#pills-investor-conference",:未輸 法說會影音連結資訊:https://drive.google.com/file/d/1sIgnzMVXIeKeNep_gyt99dIUuw1NK1Yz/view?usp=share_link ,"無","查詢"
"1608","華榮","111/11/10","14:30","高雄市仁武區高楠公路30號(本公司高楠工廠2樓會議室)","公開說明111年前三季營運狀況","160820221109M001.pdf","160820221109E001.pdf","http://www.hegroup.com.tw/index.php?option=module&amp;lang=cht&amp;task=pageinfo&amp;id=230&amp;index=1",法說會影音連結資訊:https://www.youtube.com/watch?v=_N7njJ6_XxU ,"無","查詢"
"1609","大亞","111/05/24","14:10","台北市信義區信義路5段7號 (101大樓)","本公司受邀參加-證交所2022年「基礎建設」主題式業績發表會","160920220524M001.pptx","160920220524E001.pptx","https://www.taya.com.tw/msg/message-%E6%B3%95%E4%BA%BA%E8%AA%AA%E6%98%8E%E6%9C%83-122.html",同步收看網址：:https://webpro.twse.com.tw/WebPortal/vod/101/?categoryId=101 ,"無","查詢"
"1609","大亞","111/09/06","14:00","採線上法人說明會形式進行。","本公司受邀參加凱基證券舉辦之「線上法人說明會」，向投資人說明本公司營運狀況等。","160920220906M001.pptx","160920220906E001.pptx","https://www.taya.com.tw/msg/message-%E6%B3%95%E4%BA%BA%E8%AA%AA%E6%98%8E%E6%9C%83-122.html",法說會影音連結資訊:https://www.taya.com.tw/msg/msg528.html ,"無","查詢"
"1611","中電","111/06/15","14:30","臺灣證券交易所1樓資訊展示中心(台北市信義路五段7號)","營運報告","161120220614M001.pdf","161120220614E001.pdf","http://www.chinaelectric.com.tw/investor9.php",同步收看網址：:https://webpro.twse.com.tw/webportal/vod/101/9913876F2E17-38AA492A-EC77-11EC-8D93/?categoryId=101 法說會影音連結資訊:https://webpro.twse.com.tw/webportal/vod/101/9913876F2E17-38AA492A-EC77-11EC-8D93/?categoryId=101 ,"無","查詢"
"1611","中電","111/11/24","16:00","臺灣證券交易所1樓資訊展示中心(台北市信義路五段7號)","營運報告","161120221123M001.pdf","161120221123E001.pdf","http://www.chinaelectric.com.tw/investor9.php",同步收看網址：:https://webpro.twse.com.tw/webportal/vod/101/?categoryId=101 法說會影音連結資訊:https://webpro.twse.com.tw/webportal/vod/101/2182451A5070-FA40E586-6BD0-11ED-8D56/?categoryId=101 ,"無","查詢"
"1612","宏泰","111/12/02","14:30","福邦證券總公司(台北市忠孝西路一段6號7樓)","本公司受邀參加福邦證券舉辦之法人說明會，說明本公司之營運、財務及業務概況。","161220221201M001.pdf","161220221201E001.pdf","","","無","查詢"
"1614","三洋電","111/07/01","14:30","台灣證券交易所1樓資訊展示中心","公司營運及資產運用現況說明","161420220629M001.pdf","161420220629E001.pdf","http://www.sanyo.com.tw",法說會影音連結資訊:https://webpro.twse.com.tw/webportal/vod/101/9913876F2E17-CE7A1B9B-F90E-11EC-8D93/?categoryId=101 ,"相關法人說明會資訊請至公開資訊觀測站查閱","查詢"
"1615","大山","111/12/27","14:30","本公司會議室(雲林縣斗六市西平路369號)","本公司簡介及111年前三季財務業務","161520221223M001.ppt","161520221223E001.ppt","http://www.dahsan.com.tw",法說會影音連結資訊:https://youtu.be/iUyWrJHNdYI ,"111年度法人說明會影音資訊將於會後上傳","查詢"
"1616","億泰","111/12/20","13:30","台北市中正區仁愛路二段91巷1號1樓(本公司會議室)","111年度法人說明會","161620221220M001.ppt","161620221220E001.ppt","http://www.evertop.com",法說會影音連結資訊:https://www.youtube.com/watch?v=VPRmfQfZm3w&feature=youtu.be ,"111年度法人說明會影音連結將於會後上傳","查詢"
"1617","榮星","111/11/30","14:00","高雄市前鎮區中山二路2號九樓之一","本公司受邀參加台新證券舉辦之聯合法人說明會，針對本公司111年前三季財務及營運概況等相關資訊做說明。","161720221128M001.pdf","161720221128E001.pdf","http://www.jswire.com.tw","","會議簡報依規定公佈於「公開資訊觀測站」。","查詢"
"1618","合機","111/11/28","14:00","本公司觀音二廠。(桃園巿觀音區觀音工業區經建5路32號)","本公司簡介及財務、業務、營運概況說明。","161820221128M001.pdf","161820221128E001.pdf","https://www.hold-key.com.tw/invest_holdkey_06.html",法說會影音連結資訊:https://www.youtube.com/watch?v=-7AEUcV6Tus ,"無。","查詢"
"1626","艾美特-KY","111/08/09","14:30","線上法人說明會","本公司受邀參加凱基證券股份有限公司舉辦線上法人說明會，說明本公司財務營運概況。","162620220808M001.pdf","162620220808E001.pdf","http://www.airmate-china.com","","無","查詢"
"1626","艾美特-KY","111/12/27","14:30","線上法人說明會","本公司受邀參加凱基證券股份有限公司舉辦線上法人說明會，說明本公司財務營運概況。","162620221226M001.pdf","162620221226E001.pdf","ttp://www.airmate-china.com","","無","查詢"
"1702","南僑","111/06/22","14:00","華南永昌證券(台北市民生東路四段54號4樓會議室)","本公司受邀參加華南永昌證券舉辦之法人說明會，會中就本公司2022年第一季營運狀況及未來業務展望向投資法人說明。","170220220622M001.pdf","170220220622E001.PDF","http://www.namchow.com.tw/page/main_page/investor_relations/11/index.html",同步收看網址：:https://huanan.my.webex.com/huanan.my-tc/j.php?MTID=m629f45ca18efdb94fcc1e45936812acc ,"本次法說會將以線上及實體形式同時進行","查詢"
"1702","南僑","111/10/13","15:45","台北文創-台北市信義區菸廠路88號6樓","本公司受邀參加元富證券舉辦之法人說明會，會中就本公司2022年第二季營運狀況及未來業務展望向投資法人說明。","170220221013M001.pdf","170220221013E001.pdf","http://www.namchow.com.tw/page/main_page/investor_relations/11/index.html","","本次法說會將以線上及實體形式同時進行","查詢"
"1707","葡萄王","111/02/17","14:30","線上法說會","本公司受邀參加富邦證券舉辦之線上法說會","170720220216M001.pdf","170720220216E001.pdf","https://www.grapeking.com.tw","","無","查詢"
"1707","葡萄王","111/04/14 至 111/04/22","09:00","線上法說會","本公司受邀參加由臺灣證券交易所及寬量國際共同主辦之線上法說會「11th Taiwan CEO Week」","170720220413M001.pdf","170720220413E001.pdf","https://www.grapeking.com.tw","","無","查詢"
"1707","葡萄王","111/09/15 至 111/09/16","13:00","線上法說會","本公司受邀參加由台灣董事學會、臺灣證券交易所及安擘諮詢共同主辦之線上法說會「2022 BIC Online Investment Forum」","170720220914M001.pdf","170720220914E001.pdf","https://www.grapeking.com.tw","","無","查詢"
"1707","葡萄王","111/09/19 至 111/09/30","09:00","線上法說會","本公司受邀參加臺灣證券交易所及寬量國際共同主辦之線上法說會「12th Taiwan CEO Week」","170720220916M001.pdf","170720220916E001.pdf","https://www.grapeking.com.tw/","","無","查詢"
"1707","葡萄王","111/11/30","14:00","線上法說會","本公司受邀參加安擘諮詢主辦之線上法人座談會","170720221129M001.pdf","170720221129E001.pdf","https://www.grapeking.com.tw/","","無","查詢"
"1707","葡萄王","111/12/27","14:00","線上法說會","本公司受邀參加凱基證券舉辦之線上法人說明會","170720221129M001.pdf","170720221129E001.pdf","https://www.grapeking.com.tw/","","無","查詢"
"1708","東鹼","111/11/23","16:00","台北市敦化南路二段97號11樓
（敦南摩天大廈-元富證券11樓教育訓練室）","本公司受邀參加元富證券舉辦之法人說明會，說明本公司財務暨營運概況。","170820221123M001.pdf","170820221123E001.pdf","","","無","查詢"
"1709","和益","111/12/15","16:00","台北市大安區敦化南路二段97號19樓","本公司受邀參加元富證券所舉辦之法人說明會。","170920221214M001.pptx","170920221214E001.pptx","http://www.fucc.com.tw/","","無","查詢"
"1710","東聯","111/03/18","14:30","視訊會議","說明公司營運情形，相關訊息請參閱本公司網站。","171020220317M001.pdf","171020220317E001.pdf","https://www.oucc.com.tw/investor-77-page100","","無","查詢"
"1710","東聯","111/12/23","14:00","視訊會議","說明公司營運情形，相關訊息請參閱本公司網站。","171020221222M001.pdf","171020221222E001.pdf","https://www.oucc.com.tw/investor-77-page100","","無","查詢"
"1710","東聯","111/06/24","14:00","視訊會議","說明公司營運情形，相關訊息請參閱本公司網站。","171020220623M001.pdf","171020220623E001.pdf","https://www.oucc.com.tw/investor-77-page100","","無","查詢"
"1710","東聯","111/09/16","14:30","視訊會議","說明公司營運情形，相關訊息請參閱本公司網站。","171020220915M001.pdf","171020220915E001.pdf","https://www.oucc.com.tw/investor-77-page100","","無","查詢"
"1711","永光","111/08/26","14:30","採Webex線上會議方式","受邀參加康和證券舉辦之法人說明會，說明本公司
2022年度上半年營運狀況。","171120220822M002.pdf","171120220822E002.pdf","https://www.ecic.com/financial/shareholder/conference/","","報名網址: https://reurl.cc/VDaevY","查詢"
"1711","永光","111/04/26","14:30","採Webex線上會議方式","受邀參加康和證券舉辦之法人說明會，說明本公司2021年度營運狀況。","171120220425M001.pdf","171120220425E001.pdf","https://www.ecic.com/financial/shareholder/conference/","","報名網址:https://reurl.cc/VDaevY","查詢"
"1712","興農","111/05/26","14:00","線上法人說明會","受邀參加永豐金證券舉辦之線上法人說明會，說明營運狀況。
報名網址：https://forms.gle/jb8PnYADuzhy2ZvX6，
活動內容詢問電話：(02)2382-3207鄒小姐","171220220525M001.pdf","171220220525E001.pdf","https://www.sinon.com.tw/","","無","查詢"
"1712","興農","111/08/11","14:30","線上法人說明會","本公司受邀參加元富證券舉辦之法人說明會「2022年8月台股企業日」，說明營運狀況。
報名網址：https://forms.gle/R5ERjGzR3NMrjG7WA
活動內容詢問電話：(02)2731-3888","171220220810M001.pdf","171220220810E001.pdf","https://www.sinon.com.tw/","","無","查詢"
"1712","興農","111/03/22","14:30","線上法人說明會","受邀參加群益金鼎證券舉辦之線上法人說明會，說明營運狀況。
報名網址：https://forms.gle/jgEB6NhoDJ7L4JPu7，
活動內容詢問電話：(02)8789-8888 分機 5142 劉小姐","171220220321M001.pdf","171220220321E001.pdf","https://www.sinon.com.tw/","","無","查詢"
"1712","興農","111/11/24","14:30","線上法人說明會","本公司受邀參加元大證券舉辦之線上法人說明會，說明營運狀況。
報名網址：https://forms.gle/PEU6LAd1p4RKu3jGA
活動內容詢問電話：(02)2718-5516陳先生","171220221123M001.pdf","171220221123E001.pdf","https://www.sinon.com.tw/","","無","查詢"
"1713","國化","111/04/01","14:30","臺灣證券交易所一樓資訊展中心(台北市信義路五段七號)","簡報大綱:1.110年度營運成果報告.2.重要轉投資概況.
3.未來展望概要.4.Q&amp;A","171320220401M001.pptx","171320220401E001.pdf","http://www.ccwi.com.tw",同步收看網址：:https://webpro.twse.com.tw/webportal/vod/101/F7D208DEDBA0-B5A0DE6F-B188-11EC-AB7B/?categoryId=101 法說會影音連結資訊:https://webpro.twse.com.tw/webportal/vod/101/F7D208DEDBA0-B5A0DE6F-B188-11EC-AB7B/?categoryId=101 (請輸入網址名稱(註)):未輸 ,"無","查詢"
"1714","和桐","111/11/28","14:30","福邦證券總公司(台北市忠孝西路一段6號7樓B會議室)","1.公司簡介;2.營運概況;3.財務資料","171420221128M001.pdf","171420221128E001.pdf","www.htgroup.com.tw","","無","查詢"
"1717","長興","111/03/16","14:00","台北晶華酒店(4樓B場)","受邀參加凱基證券舉辦之法說會《2022年第一季投資論壇》","171720220316M001.pdf","171720220316E001.pdf","https://www.eternal-group.com/WebData/CorporationIndex?WebDataTypeID=37","","無","查詢"
"1717","長興","111/05/20","14:00","線上法說會","受邀參加統一證券舉辦之線上法人說明會","171720220520M001.pdf","171720220520E001.pdf","https://www.eternal-group.com/WebData/CorporationIndex?WebDataTypeID=37","","無","查詢"
"1717","長興","111/08/11","14:30","線上法說會","受邀參加元富證券舉辦之線上法人說明會","171720220811M001.pdf","171720220811E001.pdf","https://www.eternal-group.com/WebData/CorporationIndex?WebDataTypeID=37","","無","查詢"
"1717","長興","111/11/18","14:00","線上法說會","受邀參加華南永昌證券舉辦之線上法人說明會","171720221118M001.pdf","171720221118E001.pdf","https://www.eternal-group.com/WebData/CorporationIndex?WebDataTypeID=37","","無","查詢"
"1718","中纖","111/06/16","14:00","線上法說會","公司簡介與營運狀況說明","171820220615M003.pdf","171820220615E003.pdf","http://www.cmfc.com.tw/tw/inve_conference.aspx",中文影音檔網址:1718_6_20220616_ch.mp4 ,"無","查詢"
"1720","生達","111/04/07","14:30","臺灣證券交易所1樓資訊展示中心(台北市信義路5段7號)
(若疫情嚴重，則改採線上舉行)","110年度營運概況說明","172020220406M001.pdf","172020220406E001.pdf","www.standard.com.tw",同步收看網址：:https://webpro.twse.com.tw/WebPortal/ 法說會影音連結資訊:https://webpro.twse.com.tw/WebPortal/vod/101/F7D208DEDBA0-EA78E4E4-B646-11EC-AB7B/?categoryId=101 ,"完整財務業務資訊請至公開資訊觀測站之法人說明會一覽表項下查閱","查詢"
"1720","生達","111/11/17","14:30","臺灣證券交易所1樓資訊展示中心(台北市信義路5段7號101大樓1樓)","2022年前三季營運概況說明","172020221116M002.pdf","172020221116E002.pdf","https://www.standard.com.tw",同步收看網址：:https://webpro.twse.com.tw/WebPortal/vod/101/2182451A5070-78FA4DAF-6650-11ED-8D56/?categoryId=101 法說會影音連結資訊:https://webpro.twse.com.tw/WebPortal/vod/101/2182451A5070-78FA4DAF-6650-11ED-8D56/?categoryId=101 ,"完整財務業務資訊請至公開資訊觀測站之法人說明會一覽表項下查閱","查詢"
"1721","三晃","111/09/08","14:00","線上法人說明會","本公司受邀參加永豐金證券線上法人說明會","172120220908M001.pdf","172120220908E001.pdf","http://www.sunko.com.tw","","活動報名網址https://www.surveycake.com/s/MwXgD","查詢"
"1722","台肥","111/06/16","15:20","線上會議","本公司受凱基證券邀請參加2022年第二季線上投資論壇，說明公司簡介、營運狀況及未來方向。","172220220615M002.pdf","172220220615E002.pdf","http://www.taifer.com.tw","","相關資訊請參考公開資訊觀測站公司治理專區及本公司網站","查詢"
"1722","台肥","111/11/29","15:30","線上會議","本公司受凱基證券邀請參加線上法人說明會，說明公司簡介、營運狀況及未來方向。","172220221128M001.pdf","172220221128E001.pdf","https://www.taifer.com.tw/","","相關資訊請參考公開資訊觀測站公司治理專區及本公司網站","查詢"
"1723","中碳","111/06/16","14:00","線上法人說明會","主要向投資人說明本公司營運概況、財務及業務狀況","172320220613M001.pdf","172320220613E001.pdf","http://www.cscc.com.tw/fin_brief.htm","","本次採Cisco Webex視訊會議，報名請洽sylvia.lin@kgi.com","查詢"
"1723","中碳","111/12/21","13:30","富邦國際會議中心","本公司業務及財務相關資訊 (含部分截至111年11月份之自結財務資訊)","172320221222M001.pdf","172320221222E001.pdf","https://www.cscc.com.tw/fin_brief.htm","","無","查詢"
"1723","中碳","111/03/03","14:00","線上法人說明會","主要向投資人說明本公司營運概況、財務及業務狀況","172320220302M001.pdf","172320220302E001.pdf","http://www.cscc.com.tw/Inv.htm","","本次採Cisco Webex視訊會議，報名請洽andrea.huang@cim.capital.com.tw","查詢"
"1723","中碳","111/08/11","14:00","線上法人說明會","主要向投資人說明本公司營運概況、財務及業務狀況","172320220809M002.pdf","172320220809E002.pdf","http://www.cscc.com.tw/fin_brief.htm","","本次採Cisco Webex視訊會議，報名請洽wangjupei@masterlink.com.tw","查詢"
"1725","元禎","111/09/21","14:30","證交所101辦公大樓一樓資訊展示中心(台北市信義路五段七號)","公司簡介與營運狀況說明。","172520220920M001.pdf","172520220920E001.pdf","http://www.yuanjen.com/03.php?idno=19",同步收看網址：:https://webpro.twse.com.tw/webportal/vod/101/1D07F6A761E1-BC3A4814-397B-11ED-B66A/?categoryId=101 法說會影音連結資訊:https://webpro.twse.com.tw/webportal/vod/101/1D07F6A761E1-BC3A4814-397B-11ED-B66A/?categoryId=101 ,"無。","查詢"
"1726","永記","111/12/16","14:00","本公司會議室(高雄市小港區沿海三路26號)","本公司財務及營運概況相關資訊","172620221216M001.pdf","172620221216E001.pdf","",法說會影音連結資訊:https://drive.google.com/file/d/1VzVRB-6tOgXxCqf5zNzLAu-Ka2ppAgYT/view?usp=drivesdk ,"無","查詢"
"1727","中華化","111/12/07","15:00","採Webex線上會議方式進行","受邀參加富邦證券舉辦之法說會，說明本公司之營運概況","172720221207M001.pdf","172720221207E001.pdf","https://www.chciw.com.tw/","","無","查詢"
"1730","花仙子","111/12/01","14:30","線上法說會","本公司受邀參加中國信託綜合證券舉辦之法人說明會","173020221130M001.pdf","173020221130E001.pdf","www.farcent.com.tw","","無","查詢"
"1731","美吾華","111/07/19","14:00","線上法說會網路直播","本公司受凱基證券邀請，舉辦線上法說會，由經營團隊向法人及投資者說明公司研發及展業最新狀況。 美吾華(股)公司於1976年創立，40多年來穩健獲利。美吾髮&amp;reg;獲選為台灣百大品牌，全球權威市調公司凱度KANTAR近期公布最新「2021年消費者指數研究」，美吾華公司洗髮用品高居台灣品牌市占第一。經營染髮、洗髮、護髮、沐浴等系列產品，建構研發、生產到品牌行銷的完整價值鏈，成功整合電商和實體通路，於疫情期間屢創佳績。另外行銷懷特生技新藥和安克生醫公司研發成功的新藥、智慧療影像創新醫材，及國際大廠產品總代理。","173120220719M001.pdf","173120220719E001.pdf","https://www.maywufa.com.tw/news_center/news/detail/706","","相關資訊將依規定揭露於公開資訊觀測站。","查詢"
"1732","毛寶","111/12/06","15:00","線上法說會","公司簡介及營運報告","173220221205M001.pdf","173220221205E001.pdf","https://www.maobao.com.tw/",同步收看網址：:https://wms.gridow.com/ir/maobao/maobao_2022.html ,"無","查詢"
"1733","五鼎","111/06/15","14:30","線上法說會","本公司受邀參加台新證券舉辦之線上法人說明會，說明公司業務及營運概況。","173320220615M001.pdf","173320220615E001.pdf","https://www.apexbio.com.tw","","無。","查詢"
"1733","五鼎","111/11/17","14:30","線上法說會","本公司受邀參加兆豐證券舉辦之線上法人說明會，說明公司業務及營運概況。","173320221117M001.pdf","173320221117E001.pdf","https://www.apexbio.com.tw","","無。","查詢"
"1734","杏輝","111/08/18","14:00","國票金控總部大樓 (臺北市中山區樂群三路128號7樓會議室)","本公司受邀參加國票綜合證券舉辦之法人說明會，說明本公司之營運概況及業務相關資訊。","173420220818M001.pdf","173420220818E001.pdf","http://www.sinphar.com.tw/investors?page=1","","無","查詢"
"1735","日勝化","111/11/29","14:30","線上法人說明會","本公司受邀參加凱基證券所舉辦之線上法人說明會","173520221129M001.pdf","173520221129E001.pdf","https://www.twemc.com.tw","","無","查詢"
"1736","喬山","111/04/08","15:00","線上法說會","本公司受邀參加Taiwan Stock Exchange and Goldman Sachs Taiwan Virtual Corporate Day 2022，會中就本公司已公開發佈之財務數字、經營績效等相關資訊做說明。","173620220329M001.pdf","173620220329E001.pdf","","","無","查詢"
"1736","喬山","111/03/08","14:30","線上會議","受邀參加元富證券舉辦之「台股企業日」,說明本公司財務業務狀況。","173620220307M001.pdf","173620220307E001.pdf","","","無","查詢"
"1736","喬山","111/12/08","11:00","台北晶華酒店","受邀參加2022年第四季凱基投資論壇,說明公司營運概況","173620221205M001.pdf","173620221205E001.pdf","","","無","查詢"
"1736","喬山","111/09/30","14:00","線上說明會","受邀參加大和國泰證券舉辦之線上法人說明會，進行公司簡介及營運狀況說明","173620220928M001.pdf","173620220928E001.pdf","","","無","查詢"
"1737","臺鹽","111/08/26","14:30","臺灣證券交易所1F資訊展示中心(台北市信義路五段7號1樓)","本公司營運及財務相關概況","173720220824M001.pdf","173720220824E001.pdf","https://www.tybio.com.tw/",同步收看網址：:https://webpro.twse.com.tw/WebPortal/vod/101/DD8C8EF06B62-750DB3A5-2510-11ED-9615/?categoryId=101 法說會影音連結資訊:https://webpro.twse.com.tw/WebPortal/vod/101/DD8C8EF06B62-750DB3A5-2510-11ED-9615/?categoryId=101 ,"無","查詢"
"1752","南光","111/12/07","14:00","日盛證券6D國際會議廳 (台北市南京東路二段111號6樓)","投資論壇。","175220221207M002.pdf","175220221207E002.pdf","http://www.nangkuang.com.tw","","無","查詢"
"1760","寶齡富錦","111/08/16","15:00","臺北市敦化南路1段108號B2(富邦國際會議中心)","本公司受邀參加富邦證券於111年08月16日舉辦之法人說明會， 說明本公司營運報告及未來展望","176020220822M001.pdf","176020220822E001.pdf","http://www.pbf.com.tw","","無","查詢"
"1760","寶齡富錦","111/12/12","15:00","台北市南京東路三段219號11樓","本公司受邀參加元大證券於111年12月12日舉辦之法人說明會，報告本公司最新的營運概況和成果","176020221212M001.pdf","176020221212E001.pdf","http://www.twse.com.tw","","無","查詢"
"1762","中化生","111/04/13","10:20","線上法人說明會","(1)說明本公司110年度財務業務資訊及未來經營策略。
(2)本公司當日受邀參與4場線上法人說明會，簡報內容皆相同，各場次時間：10:20~11:20 / 11:30~12:30
/ 15:50~16:50 / 17:00~18:00。","176220220412M001.pdf","176220220412E001.pdf","","","無","查詢"
"1762","中化生","111/03/24","14:00","線上法人說明會","說明本公司110年度財務業務資訊及未來經營策略","176220220323M001.pdf","176220220323E001.pdf","","","報名請洽富邦法人部 fion.hsieh@fubon.com","查詢"
"1762","中化生","111/08/25","14:00","線上法人說明會","說明本公司111年第二季財務業務資訊及未來經營策略","176220220822M001.pdf","176220220822E001.pdf","","","無","查詢"
"1773","勝一","111/11/29","14:00","台北晶華酒店(台北市中山北路2段39巷3號)","台新2022年第四季全球投資論壇","177320221124M001.pdf","177320221124E001.pdf","","","會議簡報依規定公佈於「公開資訊觀測站」。","查詢"
"1776","展宇","111/12/28","15:00","新竹縣湖口鄉光復路71號二樓會議室","說明本公司111年已公開發布之財務業績、營運成果等相關資訊。","177620221227M001.pptx","177620221227E001.pptx","https://www.headway.com.tw",法說會影音連結資訊:未輸 ,"無","查詢"
"1783","和康生","111/12/20","15:30","線上","本公司受邀參加台新證券舉辦之線上法人說明會","178320221220M001.pdf","178320221220E001.pdf","","","無","查詢"
"1783","和康生","111/03/28","14:00","線上","本公司受邀參加元大證券舉辦之線上法人說明會","178320220328M002.pdf","178320220328E002.pdf","","","無","查詢"
"1783","和康生","111/05/11","15:00","線上","本公司受邀參加台新證券舉辦之線上法人說明會","178320220511M001.pdf","178320220511E001.pdf","","","無","查詢"
"1783","和康生","111/08/29","14:00","線上","本公司受邀參加台新證券舉辦之線上法人說明會","178320220829M001.pdf","178320220829E001.pdf","","","無","查詢"
"1786","科妍","111/11/30","14:00","線上法人說明會","本公司受統一證�麥傰釓|辦公開法人說明會","178620221130M001.pdf","178620221130E001.pdf","https://www.scivision.com.tw/big5/info.php?sn=12","","無","查詢"
"1789","神隆","111/12/28","14:30","線上會議","本公司受邀參加元富證券舉辦之線上法人說明會，會中就本公司已公開發佈之111年前三季財務數字與營運概況等相關資訊做說明","178920221228M001.pdf","178920221228E001.pdf","http://www.scinopharm.com.tw/activity.asp","","無","查詢"
"1789","神隆","111/06/14","14:00","線上會議","本公司受邀參加永豐金證券舉辦之產業投資線上論壇，會中就本公司已公開發佈之財務數字與營運概況等相關資訊做說明","178920220614M001.pdf","178920220614E001.pdf","https://www.scinopharm.com.tw/activity.asp","","無","查詢"
"1789","神隆","111/01/19","09:00","線上會議","本公司受邀參加J.P. Morgan舉辦之2022 Healthcare Conference線上會議，會中就本公司已公開發佈之財務數字、營運概況等相關資訊做說明","178920220118M001.pdf","178920220118E001.pdf","http://www.scinopharm.com.tw/activity.asp","","無","查詢"
"1789","神隆","111/03/17","14:00","線上會議","本公司舉行線上法人說明會，會中就110年營運成果與營運展望做說明","178920220317M001.pdf","178920220317E001.pdf","http://www.scinopharm.com.tw/activity.asp",同步收看網址：:http://www.zucast.com/webcast/qNpkATYM 法說會影音連結資訊:https://www.zucast.com/webcast/qNpkATYM?r=in4nnvE4 ,"無","查詢"
"1789","神隆","111/08/10","14:30","線上會議","本公司舉行111年上半年線上法人說明會，會中就111年上半年財務數字與營運概況等相關資訊做說明","178920220810M001.pdf","178920220810E001.pdf","http://www.scinopharm.com.tw/activity.asp",同步收看網址：:http://www.zucast.com/webcast/VOgVmnJi 法說會影音連結資訊:https://webpro.twse.com.tw/WebPortal/vod/101/8F6BED957F0D-1454CD05-189C-11ED-90F2/?categoryId=101 ,"無","查詢"
"1795","美時","111/03/22","14:00","線上法人說明會，中文場：14:00-15:00；英文電話會議16:00-17:00","將就本公司財務及營運狀況向投資法人說明。
中文場：http://www.zucast.com/webcast/miUyvRm0
英文電話會議：受邀參加元大證券舉辦之英文電話會議。","179520220322M001.pdf","179520220322E001.pdf","https://www.lotuspharm.com.tw/newsroom",同步收看網址：:http://www.zucast.com/webcast/miUyvRm0 法說會影音連結資訊:http://www.zucast.com/webcast/miUyvRm0 ,"無。","查詢"
"1795","美時","111/03/17","10:00","臺北市中山區樂群二路55號","本公司受邀參加統一證券舉辦之2022 Q1春生萬物 全球展望春季投資論壇，將就本公司財務及營運狀況向投資法人說明。","179520220317M001.pdf","179520220317E001.pdf","https://www.lotuspharm.com.tw/newsroom","","無。","查詢"
"1795","美時","111/02/15 至 111/02/18","13:30","線上法人說明會","本公司受邀參加QIC舉辦之 “Healthcare Forum – 
Revisit Taiwan Healthcare Leaders in the Post-
COVID Era”，將就本公司財務及營運狀況向投資法人
說明。","179520220210M001.pdf","179520220210E001.pdf","https://www.lotuspharm.com.tw/newsroom","","無。","查詢"
"1795","美時","111/06/16","11:00","線上法人說明會","本公司受邀參加瑞士信貸舉辦之Asia Healthcare Corporate Day，將就本公司財務及營運狀況向投資法人說明。","179520220517M001.pdf","179520220517E001.pdf","https://www.lotuspharm.com.tw/newsroom","","無。","查詢"
"1795","美時","111/08/12","14:00","線上法人說明會，中文場：14:00-15:00；英文電話會議16:00-17:00","將就本公司財務及營運狀況向投資法人說明。
中文場：http://www.zucast.com/webcast/il34LRSI
英文電話會議：受邀參加富邦證券舉辦之英文電話會議。","179520220812M001.pdf","179520220812E001.pdf","https://www.lotuspharm.com.tw/newsroom",同步收看網址：:http://www.zucast.com/webcast/il34LRSI 法說會影音連結資訊:http://www.zucast.com/webcast/il34LRSI ,"無。","查詢"
"1795","美時","111/05/17","14:00","線上法人說明會，中文場：14:00-15:00；英文電話會議16:00-17:00","將就本公司財務及營運狀況向投資法人說明。
中文場：http://www.zucast.com/webcast/Q2bIwHb2
英文電話會議：受邀參加凱基證券舉辦之英文電話會議。","179520220517M001.pdf","179520220517E001.pdf","https://www.lotuspharm.com.tw/newsroom",同步收看網址：:http://www.zucast.com/webcast/Q2bIwHb2 法說會影音連結資訊:http://www.zucast.com/webcast/Q2bIwHb2 ,"無。","查詢"
"1795","美時","111/04/13","15:45","線上會議","本公司受邀參加元富證券舉辦之2022年台股企業日，將就
本公司財務及營運狀況向投資法人說明。","179520220412M001.pdf","179520220412E001.pdf","https://www.lotuspharm.com.tw/newsroom","","無。","查詢"
"1795","美時","111/04/14","14:00","線上法人說明會","本公司受邀參加永豐證券舉辦之線上法人說明會，將就本公司財務及營運狀況向投資法人說明。","179520220412M002.pdf","179520220412E002.pdf","","","無。","查詢"
"1795","美時","111/08/16","11:00","線上法人說明會","本公司受邀參加國泰證券舉辦之生技企業日，將就本公司財務及營運狀況向投資法人說明。","179520220812M002.pdf","179520220812E002.pdf","","","無。","查詢"
"1795","美時","111/09/02","14:00","台北君悅酒店","本公司受邀參加富邦證券舉辦之2022年第三季投資論壇，將就本公司財務及營運狀況向投資法人說明。","179520220812M003.pdf","179520220812E003.pdf","","","無。","查詢"
"1795","美時","111/09/07","13:30","台北晶華酒店","本公司受邀參加元大證券舉辦之2022年第三季投資論壇，將就本公司財務及營運狀況向投資法人說明。","179520220812M004.pdf","179520220812E004.pdf","","","無。","查詢"
"1795","美時","111/11/23 至 111/11/24","17:00","香港","本公司受大和國泰證券之邀請前往香港進行非籌資巡迴說明會(Non-deal roadshow)，會中將就本公司財務及營運狀況向投資法人說明。","179520221115M002.pdf","179520221115E002.pdf","","","無。","查詢"
"1795","美時","111/11/15","14:00","線上法人說明會，中文場：14:00-15:00；英文電話會議16:00-17:00","將就本公司財務及營運狀況向投資法人說明。
中文場：http://www.zucast.com/webcast/dSlfV1w4
英文電話會議：受邀參加富邦證券舉辦之英文電話會議。","179520221115M001.pdf","179520221115E001.pdf","https://www.lotuspharm.com.tw/newsroom",同步收看網址：:http://www.zucast.com/webcast/dSlfV1w4 法說會影音連結資訊:http://www.zucast.com/webcast/dSlfV1w4 ,"無。","查詢"
"1795","美時","111/12/15","14:00","元大證券宏春大樓","本公司受邀參加元大證券舉辦之2022年第四季趨勢論壇，將就本公司財務及營運狀況向投資法人說明。","179520221215M001.pdf","179520221215E001.pdf","","","無。","查詢"
"1802","台玻","111/11/22","14:30","台北市松山區敦化南路一段108號(富邦人壽大樓)","本公司受邀參加富邦證券舉辦之法人說明會，會中說明本公司之營運概況。","180220221122M001.pptx","180220221122E001.pptx","","","無","查詢"
"1805","寶徠","111/12/29","14:30","台北市中正區忠孝東路一段85號6樓(會議室)。","本公司受邀參加台中銀證券舉辦之法人說明會，介紹公司概況，並說明公司營運及未來展望。","180520221229M002.pdf","180520221229E002.pdf","","","本次法人說明會採實體與線上同步進行。","查詢"
"1806","冠軍","111/11/23","14:30","台北市重慶南路一段2號17樓1701會議室","本公司受邀永豐金證券舉辦之法人說明會。","180620221123M001.pdf","180620221123E001.pdf","http://group.champion.com.tw/events","","無","查詢"
"1808","潤隆","111/12/06","14:00","統一證券總公司15樓會議室(台北市松山區東興路8號)","本公司受邀參加統一證券舉辦之法人說明會，說明本公司之營運概況。","180820221205M002.pdf","180820221205E002.pdf","https://www.runlong.com.tw","","無","查詢"
"1809","中釉","111/10/06","15:30","線上法說會","公司簡介及營運報告","180920221004M002.pdf","180920221004E002.pdf","http://www.china-glaze.com.tw/","","報名網址:https://forms.gle/z35k1nDBE4BvF2RM6","查詢"
"1810","和成","111/11/24","14:00","線上法人說明會","本公司受邀參加群益金鼎證券舉辦之線上法人說明會，說明營運狀況。
報名網址：https://www.surveycake.com/s/pykdr","181020221124M001.pdf","181020221124E001.pdf","https://www.hcg.com.tw/About/Corporate",法說會影音連結資訊:https://www.hcg.com.tw/videos/1810-20221124.mp4 ,"無","查詢"
"1817","凱撒衛","111/08/24","14:00","線上法人說明會","本公司受邀參加福邦證券舉辦之線上法人說明會，於會中報告公司簡介及營運概況。","181720220824M001.pptx","181720220824E001.pptx","https://www.caesar.com.tw/investor/ir.html","","將於當日13:30開放登入，報名連結:https://forms.gle/3U93pQDaTSssaJnr5","查詢"
"1817","凱撒衛","111/12/05","14:30","台北市忠孝西路一段6號7樓","本公司受邀參加福邦證券舉辦之法人說明會，於會中報告公司簡介及營運概況。","181720221205M001.pptx","181720221205E001.pptx","https://www.caesar.com.tw/investor/ir.html","","報名連結:https://forms.gle/8QUxebp3xh6VxgNx5 當日將於14:00開放報到，","查詢"
"1903","士紙","111/12/29","14:30","臺灣證券交易所1樓資訊展示中心(台北市信義路五段7號)","公司簡介及營運報告","190320221227M001.pdf","190320221227E001.pdf","https://www.shihlin.com.tw/stock_information.html",法說會影音連結資訊:https://webpro.twse.com.tw/webportal/vod/101/C9DAA3745DEF-B47FF3F1-8749-11ED-A643/?categoryId=101 ,"無。","查詢"
"1904","正隆","111/08/19","14:00","線上視訊會議","公司概況及未來發展","190420220819M001.pdf","190420220819E001.pdf","https://www.clc.com.tw/",中文影音檔網址:1904_28_20220819_ch.mp4 ,"線上視訊會議網址:https://reurl.cc/zNrym7","查詢"
"1904","正隆","111/03/25","14:00","線上視訊會議","公司概況及未來發展","190420220325M001.pdf","190420220325E001.pdf","http://www.clc.com.tw/",中文影音檔網址:1904_27_20220325_ch.mp4 ,"線上視訊會議網址: https://reurl.cc/rQOxMZ","查詢"
"1905","華紙","111/03/18","14:00","永豐餘信誼大樓17樓(台北市重慶南路二段51號)","本公司舉辦法人說明會，說明2021年第四季營運結果","190520220318M001.pdf","190520220318E001.pdf","www.chp.com.tw",法說會影音連結資訊:http://irconference.twse.com.tw/1905_47_20220318_ch.mp4 影音傳播網:https://webpro.twse.com.tw/webportal/vod/101/27903B6002A3-0FBD3E5A-A68E-11EC-AAC2/?categoryId=101 中華紙漿公司:http://www.chp.com.tw/investors/conference ,"無","查詢"
"1905","華紙","111/05/16","14:00","https://yfy.webex.com/yfy/j.php?MTID=me22cb9744a271c9a540cc78052093be4","本公司舉辦法人說明會，說明2022年第一季營運結果","190520220516M001.pdf","190520220516E001.pdf","www.chp.com.tw",法說會影音連結資訊:http://irconference.twse.com.tw/1905_48_20220516_ch.mp4 華紙官網:http://www.chp.com.tw/tw/investors/conference 交易所影音傳播網:https://webpro.twse.com.tw/webportal/vod/101/D7F27A7ED392-ED80606F-D4E7-11EC-922A/?categoryId=101 ,"無","查詢"
"1905","華紙","111/08/15","14:00","https://yfy.webex.com/yfy/j.php?MTID=m1f08b2625475381940376ff6f9fd92fd","本公司舉辦法人說明會，說明2022年第二季營運結果","190520220815M001.pdf","190520220815E001.pdf","www.chp.com.tw",法說會影音連結資訊:https://irconference.twse.com.tw/1905_49_20220815_ch.mp4 公司官網:http://www.chp.com.tw/investors/conference ,"無","查詢"
"1905","華紙","111/11/14","14:00","永豐餘信誼大樓10F（台北市重慶南路二段51號）","本公司舉辦法人說明會，說明2022年第三季營運結果","190520221114M002.pdf","190520221114E002.pdf","www.chp.com.tw",法說會影音連結資訊:https://irconference.twse.com.tw/1905_50_20221114_ch.mp4 中華紙漿官網:http://www.chp.com.tw/tw/investors/conference ,"無","查詢"
"1906","寶隆","111/08/26","16:00","線上法說會","本公司受邀參加元大證券舉辦之法人說明會。","190620220826M001.pdf","190620220826E001.pdf","http://www.baolongintl.com/B1001.asp","","無。","查詢"
"1907","永豐餘","111/03/18","15:00","https://yfy.webex.com/yfy/j.php?MTID=m99d99be502d52d398e9422e2cb20c565","本公司舉辦法人說明會，說明2021年度第四季營運結果","190720220318M001.pdf","190720220318E001.pdf","http://www.yfy.com",同步收看網址：:https://yfy.webex.com/yfy/j.php?MTID=m99d99be502d52d398e9422e2cb20c565 法說會影音連結資訊:https://www.yfy.com/tw/investor_conference.html ,"無","查詢"
"1907","永豐餘","111/08/15","15:00","線上會議
https://yfy.webex.com/yfy/j.php?MTID=mca8fb635e5446ee645d1b2c3e9f8aab4","本公司舉辦法人說明會，說明2022年度第二季營運結果","190720220815M001.pdf","190720220815E001.pdf","http://www.yfy.com",法說會影音連結資訊:https://www.yfy.com/tw/investor_conference.html#video ,"無","查詢"
"1907","永豐餘","111/05/16","15:00","線上會議
https://yfy.webex.com/yfy/j.php?MTID=m0c93543756eea2c7050c9276eb9ed786","本公司舉辦法人說明會，說明2022年度第一季營運結果","190720220516M001.pdf","190720220516E001.pdf","http://www.yfy.com",法說會影音連結資訊:https://www.yfy.com/tw/investor_conference.html#video ,"無","查詢"
"1907","永豐餘","111/11/14","15:00","線上會議https://yfy.webex.com/yfy/j.php?MTID=m1e8d0f63d8ad8bbbc958ec5bc555a4e8","本公司舉辦法人說明會，說明2022年度第三季營運結果","190720221114M001.pdf","190720221114E001.pdf","http://www.yfy.com",法說會影音連結資訊:https://www.yfy.com/tw/investor_conference.html#video ,"無","查詢"
"1909","榮成","111/08/26","15:30","線上法說會","本公司受邀參加元大證券舉辦之線上法說會","190920220826M001.pdf","190920220826E001.pdf","http://longchenpaper.com/B6001.asp","","無","查詢"
"1909","榮成","111/12/29","15:30","線上法說會","本公司受邀參加元大證券舉辦之線上法說會","190920221229M001.pdf","190920221229E001.pdf","http://longchenpaper.com/B6001.asp","","無","查詢"
"2002","中鋼","111/03/24","14:00","線上法說會","本公司業務及財務相關資訊 (含部分截至111年2月份之自結財務資訊)","200220220323M001.pdf","200220220323E001.pdf","http://www.csc.com.tw/csc/ss/pst/pst_index.html","","無","查詢"
"2002","中鋼","111/06/24","14:00","線上法說會","本公司業務及財務相關資訊 (含部分截至111年5月份之自結財務資訊)","200220220623M001.pdf","200220220623E001.pdf","http://www.csc.com.tw/csc/ss/pst/pst_index.html","","無","查詢"
"2002","中鋼","111/09/22","14:30","線上法說會","本公司業務及財務相關資訊 (含部分截至111年8月份之自結財務資訊)","200220220921M001.pdf","200220220921E001.pdf","http://www.csc.com.tw/csc/ss/pst/pst_index.html","","無","查詢"
"2002","中鋼","111/12/20","15:20","富邦國際會議中心","本公司業務及財務相關資訊 (含部分截至111年10月份
之自結財務資訊)","200220221219M001.pdf","200220221219E001.pdf","https://www.csc.com.tw/csc/ss/pst/pst_index.html","","無","查詢"
"2006","東和鋼鐵","111/12/20","15:00","線上法說會","本公司受邀參加元大證券舉辦之線上法說會， 報告
本公司營運狀況","200620221220M001.pdf","200620221220E001.pdf","https://www.tunghosteel.com/Home/Index","","無","查詢"
"2006","東和鋼鐵","111/09/13","15:00","線上法說會","本公司受邀參加元大證券舉辦之線上法說會， 報告本公司營運狀況","200620220912M001.pptx","200620220912E001.pptx","https://www.tunghosteel.com/Home/Index","","無","查詢"
"2007","燁興","111/08/24","14:00","燁興公司訓練教室(高雄市岡山區寶米路369號)","(1)公司簡介
(2)營運概況
(3)市場概況及未來展望
(4)企業社會責任","200720220824M001.pdf","200720220824E001.pdf","http://www.yheco.com.tw/",法說會影音連結資訊:http://www.yheco.com.tw/YH_Conference.asp ,"無","查詢"
"2007","燁興","111/11/23","14:00","燁興公司訓練教室(高雄市岡山區寶米路369號)","(1)公司簡介(2)營運概況(3)市場概況及未來展望(4)企業社會責任","200720221123M001.pdf","200720221123E001.pdf","http://www.yheco.com.tw/",法說會影音連結資訊:http://www.yheco.com.tw/YH_Conference.asp ,"無","查詢"
"2008","高興昌","111/10/21","14:00","高雄市鼓山區中華一路318號(本公司二樓)","本公司111年1-6月業績說明","200820221020M002.pdf","200820221020E002.pdf","http://www.khc.com.tw",中文影音檔網址:2008_7_20221021_ch.mp4 ,"無","查詢"
"2009","第一銅","111/11/17","14:30","高雄市小港區沿海一路479號(本公司臨海工廠2樓會議室)","公開說明111年前三季營運狀況","200920221117M001.pdf","200920221117E001.pdf","http://www.fcht.com.tw/index.php?option=module&amp;lang=cht&amp;task=pageinfo&amp;id=274&amp;index=1",法說會影音連結資訊:https://www.youtube.com/watch?v=7S2smnK1Beg ,"無。","查詢"
"2010","春源","111/10/04","14:30","臺灣證券交易所1F資訊展示中心(台北市信義區信義路五段7號1樓)","本公司業務及財務相關資訊","201020221004M001.pdf","201020221004E001.pdf","http://www.cysco.com.tw/shareholder/index.htm",法說會影音連結資訊:https://webpro.twse.com.tw/webportal/vod/101/C9B6F1071B9F-FE78F738-43B7-11ED-9E4A/?categoryId=101 ,"為響應環保，現場恕不提供書面資料；進入會場時請配戴口罩並配合防疫作業","查詢"
"2012","春雨","111/05/25","15:40","臺灣證券交易所 (101大樓) 1樓資訊展示中心","本公司受邀參加台灣證券交易所舉辦之「基礎建設」主題式業績發表會，以提升投資大眾對本公司營運狀況及未來發展計畫之瞭解。","201220220524M001.pdf","201220220524E001.pdf","https://www.chunyu.com.tw/TW/index.aspx","","因疫情關係，請於會議進行時全程配戴口罩 ，以維護個人健康。","查詢"
"2012","春雨","111/11/29","14:00","線上法人說明會","本公司受邀參加元大證券舉辦之線上法人說明會，報告本公司營運狀況。","201220221128M001.pdf","201220221128E001.pdf","https://www.chunyu.com.tw/ChunyuPortalMIS/chunyu_www/1-5.htm","","完整財務業務資訊請至公開資訊觀測站之法人說明會一覽表或法說會項目下查閱。","查詢"
"2013","中鋼構","111/05/26","14:30","線上法說會","本公司業務及財務相關資訊","201320220525M001.pdf","201320220525E001.pdf","","","無","查詢"
"2013","中鋼構","111/12/21","16:10","富邦國際會議中心","本公司業務及財務相關資訊","201320221219M001.pdf","201320221219E001.pdf","","","無","查詢"
"2014","中鴻","111/03/24","14:00","線上法說會","本公司業務及財務相關資訊","201420220322M001.pdf","201420220322E001.pdf","http://www.chsteel.com.tw/cg/ss_note.html","","無","查詢"
"2014","中鴻","111/06/27","15:00","線上法說會","本公司業務及財務相關資訊","201420220624M001.pdf","201420220624E001.pdf","http://www.chsteel.com.tw/cg/ss_note.html","","無","查詢"
"2014","中鴻","111/09/29","14:00","線上法說會","本公司業務及財務相關資訊","201420220927M001.pdf","201420220927E001.pdf","http://www.chsteel.com.tw/cg/ss_note.html","","無","查詢"
"2014","中鴻","111/12/20","13:30","富邦國際會議中心","本公司業務及財務相關資訊","201420221219M001.pdf","201420221219E001.pdf","http://www.chsteel.com.tw/cg/ss_note.html","","無","查詢"
"2015","豐興","111/04/28","14:00","線上法人說明會","本公司受邀參加華南永昌證券法人說明會","201520220428M001.pdf","201520220428E001.pdf","https://www.fenghsin.com.tw/investor.html","","報名請洽華南永昌 李小姐 02-25456888#8967 Email:7015@entrust.com.tw","查詢"
"2015","豐興","111/01/25","14:00","線上法人說明會","本公司受邀參加華南永昌證券法人說明會","201520220124M001.pdf","201520220124E001.pdf","http://www.fenghsin.com.tw/investor.html","","報名請洽華南永昌 李小姐 02-25456888#8967 Email:7015@entrust.com.tw","查詢"
"2015","豐興","111/07/29","14:00","線上法人說明會","本公司受邀參加元富證券法人說明會","201520220728M001.pdf","201520220728E001.pdf","https://www.fenghsin.com.tw/investor.html","","報名請洽元富證券法人處  蔡小姐02-27313888#639 Email:maggietsai@masterlink.com.tw","查詢"
"2015","豐興","111/10/28","14:00","線上法人說明會","本公司受邀參加凱基證券法人說明會","201520221026M001.pdf","201520221026E001.pdf","https://www.fenghsin.com.tw/investor.html","","報名請洽凱基證券法人部  張子妍02-21818888#8246 Email:Tracy.zhang@kgi.com","查詢"
"2017","官田鋼","111/06/23","14:30","台南市中西區中山路88號3樓","本公司受邀參加&quot;統一證券聯合法人說明會&quot;，會中就公司業務狀況說明。","201720220622M001.pdf","201720220622E001.pdf","","","無","查詢"
"2017","官田鋼","111/03/31","14:30","台南市中西區中山路88號3樓","本公司受邀參加&quot;統一證券聯合法人說明會&quot;，會中就公司業務狀況說明。","201720220330M001.pdf","201720220330E001.pdf","","","無","查詢"
"2017","官田鋼","111/09/28","14:30","線上會議","本公司受邀參加統一證券聯合法人說明會，會中就公司業務狀況說明。","201720220927M001.pdf","201720220927E001.pdf","","","無","查詢"
"2017","官田鋼","111/12/06","14:00","線上會議","本公司受邀參加統一證券聯合法人說明會，會中就公司業務狀況說明。","201720221205M001.pdf","201720221205E001.pdf","","","無","查詢"
"2020","美亞","111/12/21","14:00","線上法說會網址:https:////youtu.be/feaKpfvnn50","本公司111年第二次財務業務相關資訊報告。","202020221221M001.pdf","202020221221E001.pdf","http://www.mayer.com.tw/2014/07/blog-post_54.html",中文影音檔網址:2020_9_20221221_ch.mp4 ,"線上法說會電話:25091199網址:https:////youtu.be/feaKpfvnn50","查詢"
"2020","美亞","111/05/27","15:30","線上法說會網址:https://zoomtw.zoom.us/j/4147001506","本公司111年第一次財務業務相關資訊報告。","202020220526M001.pdf","202020220526E001.pdf","http://www.mayer.com.tw/2014/07/blog-post_54.html",中文影音檔網址:2020_8_20220527_ch.mp4 ,"線上法說會電話:25091199網址:https://zoomtw.zoom.us/j/4147001506，ID:4147001506","查詢"
"2022","聚亨","111/03/29","14:00","高雄市岡山區新樂街79-1號聚亨公司一樓會議室","公司營運概況說明","202220220329M001.pdf","202220220329E001.pdf","https://www.tycons.com.tw",法說會影音連結資訊:https://www.tycons.com.tw/index.php?option=module&lang=cht&task=showlist&id=250&index=4 ,"無","查詢"
"2022","聚亨","111/12/06","14:00","高雄市岡山區新樂街79-1號聚亨公司一樓會議室","公司營運概況說明","202220221206M001.pdf","202220221206E001.pdf","https://www.tycons.com.tw",法說會影音連結資訊:https://www.tycons.com.tw/index.php?option=module&lang=cht&task=showlist&id=250&index=5 ,"無","查詢"
"2023","燁輝","111/08/25","14:00","燁輝公司行政大樓5樓(高雄市橋頭區芋寮路369號)","公司簡介、營運概況、永續發展、未來展望","202320220825M001.pdf","202320220825E001.pdf","https://www.yiehphui.com.tw/investor_conference/",法說會影音連結資訊:https://www.yiehphui.com.tw/investor_conference/ ,"無","查詢"
"2023","燁輝","111/11/28","14:00","燁輝公司行政大樓5樓(高雄市橋頭區芋寮路369號)","公司簡介、營運概況、永續發展、未來展望","202320221128M001.pdf","202320221128E001.pdf","https://www.yiehphui.com.tw/investor_conference/",法說會影音連結資訊:https://www.yiehphui.com.tw/investor_conference/ ,"無","查詢"
"2024","志聯","111/12/21","14:30","線上法人說明會","群益金鼎證券於111年12月21日舉辦之線上法人說明會，公司簡介與營運狀況說明。","202420221219M001.pdf","202420221219E001.pdf","http://www.chihlien.com.tw","","完整財務業務資訊請至公開資訊觀測站之法人說明會一覽表","查詢"
"2025","千興","111/11/30","14:00","台南市麻豆區工業路222號(本公司)","公司簡介、營運概況、經營績效及未來展望說明","202520221129M002.pdf","202520221129E002.pdf","http://www.csssc.com.tw/tw/about_InvestorConference.htm",法說會影音連結資訊:http://www.csssc.com.tw/tw/about_InvestorConference.htm ,"會議資料將於法說會後揭露於公開資訊觀測站","查詢"
"2027","大成鋼","111/12/27","14:00","台北市松山區復興北路99號2樓","本公司受邀參加&#29319;亞證券舉辦之法人說明會說明本公司營運現況與展望","202720221227M001.pdf","202720221227E001.pdf","http://www.tachen.com.tw/aboutTachenGrp.asp","","無","查詢"
"2028","威致","111/11/24","14:00","線上法人說明會","本公司受邀參加福邦證券舉辦之線上法人說明會，說明本公司營運概況","202820221122M001.pdf","202820221122E001.pdf","http://www.weichih.com.tw","","完整財務業務資訊請至公開資訊觀測站之法人說明會一覽表或法說會項目下查閱。","查詢"
"2029","盛餘","111/12/27","14:00","線上法說會","本公司受邀參加元大證券舉辦之線上法人說明會，說明本公司營運概況。","202920221226M001.pdf","202920221226E001.pdf","https://www.shengyusteel.com","","無","查詢"
"2029","盛餘","111/06/23","14:00","線上法說會","本公司受邀參加元大證券舉辦之線上法人說明會，說明本公司營運概況。","202920220622M002.pdf","202920220622E002.pdf","https://www.shengyusteel.com","","無","查詢"
"2029","盛餘","111/03/23","14:00","線上法說會","本公司受邀參加元富證券舉辦之線上法人說明會，說明本公司營運概況。","202920220322M001.pdf","202920220322E001.pdf","https://shengyusteel.com/www/","","無","查詢"
"2029","盛餘","111/10/27","14:00","線上法說會","本公司受邀參加日盛證券舉辦之線上法人說明會，說明本公司營運概況。","202920221026M001.pdf","202920221026E001.pdf","https://www.shengyusteel.com","","無","查詢"
"2030","彰源","111/06/23","14:00","線上法人說明會","本公司受邀參加凱基證券於111年6月23日舉辦之線上法人說明會，說明公司簡介與營運狀況說明。","203020220623M001.pdf","203020220623E001.pdf","http://www.froch.com/TCHI/Investor_Service.php","","無","查詢"
"2031","新光鋼","111/03/22","14:30","統一證券 
統一證券大樓15樓(台北市松山區東興路8號15樓)","本公司受邀參加統一證券舉辦之法人說明會，會中就本公司已公開發佈之財務數字、經營績效等相關資訊做說明。","203120220321M001.pdf","203120220321E001.pdf","https://www.hkssteel.com.tw/news.html","","法說會報名聯絡資訊 電話：02-747-8266","查詢"
"2032","新鋼","111/01/11","14:30","台灣證券交易所1樓資訊展示中心","本公司營運概況及成果說明。","203220220110M001.pdf","203220220110E001.pdf","https://www.sinkang.com.tw/investor-69",法說會影音連結資訊:https://webpro.twse.com.tw/webportal/vod/101/4D50BA67EBBF-89EC51D4-72AC-11EC-A354/?categoryId=101 ,"無。","查詢"
"2033","佳大","111/12/13","15:00","線上法說會。","本公司受邀參加元大證券舉辦之線上法說會，報告本公司營運狀況。","203320221207M001.pptx","203320221207E001.pptx","http://www.ctworld.com.tw/","","無","查詢"
"2034","允強","111/12/13","13:30","台北晶華酒店4F(台北市中山北路二段39巷3號)","受邀請參加永豐金證券2022年第四季投資論壇","203420221213M001.pdf","203420221213E001.pdf","https://www.ycinox.com/tw/ir/ir-233-2021-2022","","無","查詢"
"2038","海光","111/11/30","14:00","https://youtu.be/Vh2T7cNhtlw","本公司舉辦111年法人說明會，於會中說明營業概況。","203820221130M001.pdf","203820221130E001.pdf","https://www.haikwang.com.tw/h/index?key=986075855303",同步收看網址：:https://youtu.be/Vh2T7cNhtlw 法說會影音連結資訊:https://www.youtube.com/watch?v=Vh2T7cNhtlw ,"無","查詢"
"2049","上銀","111/05/10","14:00","網址：http://www.zucast.com/webcast/5tAAp0y7","1.營運狀況 2.Q&amp;A","204920220510M001.pdf","204920220510E001.pdf","http://www.hiwin.tw",同步收看網址：:http://www.zucast.com/webcast/5tAAp0y7 法說會影音連結資訊:https://www.hiwin.tw/stock/stock_video.aspx ,"無","查詢"
"2049","上銀","111/11/18","14:00","網址：http://www.zucast.com/webcast/7cNXM0Rh","1.營運狀況 2.Q&amp;A","204920221118M001.pdf","204920221118E001.pdf","http://www.hiwin.tw",同步收看網址：:http://www.zucast.com/webcast/7cNXM0Rh 法說會影音連結資訊:https://www.hiwin.tw/stock/stock_video.aspx ,"無","查詢"
"2059","川湖","111/03/23 至 111/03/24","09:00","線上法說會","本公司受邀參加美林證券所舉辦之線上法說會「2022 APAC TMT Conference」，說明本公司之營運概況、財務及業務相關資訊。","205920220322M001.pdf","205920220322E001.pdf","https://www.kingslide.com/","","無","查詢"
"2059","川湖","111/05/11","14:30","線上法說會","本公司受邀參加由元大證券舉辦之線上法說會，說明本公司之營運概況、財務及業務相關資訊。","205920220510M001.pdf","205920220510E001.pdf","https://www.kingslide.com/","","無","查詢"
"2059","川湖","111/04/08","09:00","線上法說會","本公司受邀參加臺灣證券交易所及高盛證券共同主辦之「TWSE/GS Virtual 
Taiwan Corporate Day　2022」線上法說會 ，說明本公司之營運概況、財
務及業務相關資訊。","205920220322M001.pdf","205920220322E001.pdf","https://www.kingslide.com/","","無","查詢"
"2059","川湖","111/08/10","14:30","線上法說會","本公司受邀參加由富邦證券舉辦之線上法說會，說明本公司之營運概況、財務及業務相關資訊。","205920220810M001.pdf","205920220810E001.pdf","https://www.kingslide.com/","","無","查詢"
"2059","川湖","111/11/10","14:30","線上法說會","本公司受邀參加由元大證券舉辦之線上法說會，說明本公司之營運概況、財務及業務相關資訊。","205920221110M001.pdf","205920221110E001.pdf","https://www.kingslide.com/","","無","查詢"
"2062","橋椿","111/09/20","14:00","台中市西屯區市政路386號22樓","(1)公司基本介紹(2)公司成長策略","206220220919M001.pdf","206220220919E001.pdf","http://www.sunspring.com.tw/stocl.html","","1.統一證券主辦。2.請來賓提供新冠肺炎3劑疫苗或2天內快篩陰性證明。","查詢"
"2062","橋椿","111/12/29","14:00","台中市西屯區市政路386號22樓","(1)公司基本介紹(2)公司成長策略","206220221228M001.pdf","206220221228E001.pdf","http://www.sunspring.com.tw/stocl.html","","本次法人說明會由統一證券主辦。","查詢"
"2069","運錩","111/11/30","14:00","高雄市前鎮區中山二路2號9樓之1(大眾財經大樓)","本公司受邀參加台新證券舉辦之法人說明會，說明營運概況。","206920221128M002.pdf","206920221128E002.pdf","http://www.yuenchang.com.tw/","","無","查詢"
"2101","南港","111/11/07","16:00","線上法說會","本公司受邀參加元大證券舉辦之線上法說會。","210120221104M002.pdf","210120221104E002.pdf","https://www.nankang-tyre.com/investors/shareholder/legal",中文影音檔網址:2101_17_20221107_ch.mp4 ,"完整財務業務資訊請至公開資訊觀測站之法人說明會一覽表或法說會項目下查閱。","查詢"
"2102","泰豐","111/10/12","14:00","線上法說會","本公司受邀參加元大證券所舉辦之線上法說會","210220221012M001.pptx","210220221012E001.pptx","https://www.federalcorporation.com/tc/Presentations.php","","無","查詢"
"2103","台橡","111/05/26","14:00","線上法說會","本公司擬於111年5月26日召開線上法人說明會，針對2021年與2022年第一季營運及財務表現進行說明，並闡述其ESG策略目標與執行計劃。欲參加者可透過網路連接下列網址參加: http://www.zucast.com/webcast/UW7HHLop","210320220526M001.pdf","210320220526E001.pdf","http://www.tsrc.com.tw",中文影音檔網址:2103_15_20220526_ch.mp4 ,"參加者若有法說會相關問題，敬請以「問與答」功能輸入方式提問。","查詢"
"2103","台橡","111/11/04","15:30","臺灣證券交易所一樓資訊展示中心 (台北市信義區信義路五段7號1樓)","2022年前三季營運表現、2023年市場展望、及環境、社會與治理（ESG）執行進度。完整財務業務資訊請至公開資訊觀測站之法人說明會一覽表或法說會項目下查閱。","210320221104M001.pdf","210320221104E001.pdf","http://www.tsrc.com.tw",法說會影音連結資訊:https://webpro.twse.com.tw/webportal/vod/101/C9B6F1071B9F-D479E678-5C24-11ED-9E4A/?categoryId=101 ,"為因應防疫需求，請參加者全程佩戴口罩，並配合於入場前測量額溫。","查詢"
"2104","國際中橡","111/11/14","14:30","實體(採實名報名制)及線上法說會，實體法說會地點:台北市中山北路2段113號3樓士敏廳。","公司簡介、所屬產業概況、營運成果及未來展望說明","210420221114M001.pdf","210420221114E001.pdf","http://www.csrcgroup.com/investors2.html?lang=tw",法說會影音連結資訊:https://www.csrcgroup.com/investors2.html?lang=tw ,"法說會報名網址：https://www.taiwancement.com/tw/investorsSignUp.html","查詢"
"2105","正新","111/09/07","11:00","線上會議","本公司受邀參加元大證券舉辦之第三季線上投資論壇","210520220906M001.pdf","210520220906E001.pdf","https://www.cst.com.tw/shareholder_8.php","","無。","查詢"
"2105","正新","111/12/29","15:00","線上會議","本公司受邀參加元大證券舉辦之線上法人說明會","210520221229M001.pdf","210520221229E001.pdf","https://www.cst.com.tw/shareholder_8.php","","無。","查詢"
"2106","建大","111/12/07","11:00","台北市中山區中山北路二段39巷3號(台北晶華酒店)","公告本公司受邀參加國泰綜合證券第四季產業論壇","210620221206M001.pdf","210620221206E001.pdf","http://csr.kenda.com.tw/default.aspx?lang=0&amp;menuid=3,16","","無","查詢"
"2107","厚生","111/12/02","14:30","台灣證券交易所1F資訊展示中心 (台北市信義區信義路五段7號1樓)","說明本公司營運及財務相關概況。","210720221201M001.pdf","210720221201E001.pdf","http://www.frg.com.tw/m/st-cg37.html",法說會影音連結資訊:https://webpro.twse.com.tw/webportal/vod/101/2182451A5070-DB1F305A-7214-11ED-8D56/?categoryId=101 ,"14:00報到，14:30會議開始。","查詢"
"2108","南帝","111/08/26","14:00","台北市中正區寶慶路69號4樓","本公司受邀參加元大證券公司舉辦之法人說明會","210820220825M001.pptx","210820220825E001.pptx","http://www.nantex.com.tw","","無","查詢"
"2109","華豐","111/12/05","14:00","線上法說會","本公司受邀參加群益金鼎證券舉辦之法人說明會","210920221205M001.pdf","210920221205E001.pdf","https://www.duro.com.tw/tw/investor/institutional-investors-conference/","","無。","查詢"
"2114","鑫永銓","111/12/16","14:00","國票綜合證券(台北市南京東路五段188號15樓)","本公司受邀參加國票綜合證券舉辦之法人說明會","211420221216M001.pdf","211420221216E001.pdf","http://www.hyc-king.com","","無","查詢"
"2115","六暉-KY","111/11/28","14:30","線上法說會","本公司受邀參加凱基證券舉辦之線上法人說明會，會中就財務業務概況做說明。","211520221125M002.pdf","211520221125E002.pdf","https://www.luhai.com.tw/ch/investor_detail.asp?id=3","","無","查詢"
"2201","裕隆","111/04/13","13:30","線上法說會","本公司受邀參加富邦證券舉辦之線上法說會，會中介紹本
公司2021年度營運成果報告","220120220413M001.pdf","220120220413E001.pdf","https://www.yulon-motor.com.tw/investors_operational.aspx","","報名請洽富邦證券法人業務部 tingju.yeh@fubon.com","查詢"
"2201","裕隆","111/05/18","13:30","線上法說會","本公司受邀參加富邦證券舉辦之線上法說會，會中介紹本
公司2022年度第一季營運成果報告","220120220519M001.pdf","220120220519E001.pdf","https://www.yulon-motor.com.tw/investors_operational.aspx","","報名請洽富邦證券法人業務部 tingju.yeh@fubon.com","查詢"
"2201","裕隆","111/11/16","13:30","線上法說會","本公司受邀參加富邦證券舉辦之線上法說會,會中介紹本公司2022年第三季營運成果報告","220120221116M001.pdf","220120221116E001.pdf","https://www.yulon-motor.com.tw/investors_operational.aspx","","報名請洽富邦證券法人業務部 tingju.yeh@fubon.com","查詢"
"2201","裕隆","111/08/26","13:30","線上法說會","本公司受邀參加富邦證券舉辦之線上法說會,會中介紹本公司2022年第二季營運成果報告","220120220826M001.pdf","220120220826E001.pdf","https://www.yulon-motor.com.tw/investors_operational.aspx","","報名請洽富邦證券法人業務部 tingju.yeh@fubon.com","查詢"
"2204","中華","111/04/13","14:20","線上法人說明會","(1)中華汽車2021年經營成果(2)中華汽車2022年營運展望","220420220413M001.pdf","220420220413E001.pdf","https://www.china-motor.com.tw/opetation.php","","報名請洽富邦法人業務部tingju.yeh@fubon.com","查詢"
"2204","中華","111/05/18","15:00","線上法人說明會","(1)中華汽車2022年Q1經營成果(2)中華汽車營運概況","220420220518M001.pdf","220420220518E001.pdf","https://www.china-motor.com.tw/opetation.php","","報名請洽富邦法人業務部tingju.yeh@fubon.com","查詢"
"2204","中華","111/08/26","14:20","線上法人說明會","(1)中華汽車2022年上半年經營成果
(2)中華汽車2022年下半年營運展望","220420220826M001.pdf","220420220826E001.pdf","https://www.china-motor.com.tw/opetation.php","","報名請洽富邦法人業務部tingju.yeh@fubon.com","查詢"
"2204","中華","111/11/16","15:10","線上法人說明會","(1)中華汽車2022年前三季經營成果(2)中華汽車2023年營運展望","220420221116M001.pdf","220420221116E001.pdf","https://www.china-motor.com.tw/opetation.php","","報名請洽富邦法人業務部tingju.yeh@fubon.com","查詢"
"2206","三陽工業","111/04/19","13:30","線上法說會(台灣)","本公司受邀參加由臺灣證券交易所及寬量國際共同主辦之線上法說會「11th Taiwan CEO Week」，說明本公司營運概況、財務及業務相關資訊。","220620220418M001.pdf","220620220418E001.pdf","","","無。","查詢"
"2206","三陽工業","111/09/27 至 111/09/29","13:30","線上法說會(台灣)","本公司受邀參加由臺灣證券交易所及寬量國際共同主辦之線上法說會「12th Taiwan CEO Week」，說明本公司之營運概況、財務及業務相關資訊。","220620220926M001.pdf","220620220926E001.pdf","https://www.sanyang.com.tw/earningscall-142","","無。","查詢"
"2207","和泰車","111/05/26","14:30","線上法說","說明本公司2022年Q1營運成果及未來展望","220720220526M001.pdf","220720220526E001.pdf","http://www.hotaimotor.com.tw","","報名請洽 https://www.surveycake.com/s/Lv036","查詢"
"2207","和泰車","111/04/12","14:30","線上法說會","說明本公司2021年Q4營運成果及未來展望","220720220412M001.pdf","220720220412E001.pdf","http://www.hotaimotor.com.tw","","報名請洽https://www.surveycake.com/s/4MoZ0","查詢"
"2207","和泰車","111/09/01","14:30","線上法說會","說明本公司2022年Q2營運成果及未來展望","220720220901M001.pdf","220720220901E001.pdf","http://www.hotaimotor.com.tw","","報名請洽：brinda.shih@concords.com.tw","查詢"
"2207","和泰車","111/12/08","14:30","線上法說會","說明本公司2022年Q3營運成果及未來展望","220720221208M001.pdf","220720221208E001.pdf","http://www.hotaimotor.com.tw","","報名請洽 https://www.surveycake.com/s/K04yN","查詢"
"2208","台船","111/08/02","14:30","線上法說會","業務及財務報告","220820220803M001.pdf","220820220803E001.pdf","http://www.csbcnet.com.tw/Service/Investor/StockInformation.htm","","無","查詢"
"2211","長榮鋼","111/05/09","14:30","線上法人說明會","本公司受邀參加由凱基證券舉辦之線上法人說明會，說明公司營運之現況及未來展望。","221120220509M001.pdf","221120220509E001.pdf","https://www.evergreennet.com/customPage/法人說明會簡報資料","","無","查詢"
"2211","長榮鋼","111/12/20","14:30","線上法人說明會","本公司受邀參加由凱基證券舉辦之線上法人說明會，說明公司營運之現況及未來展望。","221120221220M001.pdf","221120221220E001.pdf","https://www.evergreennet.com/customPage/法人說明會簡報資料","","無","查詢"
"2227","裕日車","111/05/18","14:15","線上法說會","公司營運狀況說明","222720220518M001.pdf","222720220518E001.pdf","http://www.nissan.com.tw","","報名請洽富邦證券法人業務部   tingju.yeh@fubon.com","查詢"
"2227","裕日車","111/11/16","14:20","線上法說會","公司營運狀況說明","222720221116M001.pdf","222720221116E001.pdf","http://www.nissan.com.tw","","報名請洽富邦證券法人業務部 tingju.yeh@fubon.com","查詢"
"2228","劍麟","111/03/24","15:00","線上法人說明會","BofA Securities舉辦線上法說會2022 APAC TMT Conference，會中就公司業務狀況等說明。","222820220323M001.pdf","222820220323E001.pdf","http://www.ironforce.com.tw/","","無","查詢"
"2228","劍麟","111/12/13","14:30","台北晶華酒店4樓(台北市中山北路二段39巷3號)","受邀參加永豐金證券2022第四季投資論壇，說明本公司營運狀況，
報名請洽永豐金證券法人業務部謝小姐 betty.hsieh@sinopac.com。","222820221212M002.pdf","222820221212E002.pdf","http://www.ironforce.com.tw/",法說會影音連結資訊:http://www.ironforce.com.tw/ ,"無","查詢"
"2228","劍麟","111/10/13","14:00","線上法人座談會","受邀參加永豐金證券舉辦之線上法人座談會，說明本公司營運狀況，報名請洽永豐金證券李小姐(02)2316-5146 lena.lee@sinopac.com。","222820221012M001.pdf","222820221012E001.pdf","http://www.ironforce.com.tw/","","無","查詢"
"2231","為升","111/10/20","14:30","台北喜來登大飯店(台北市中正區忠孝東路一段12號)","受邀出席凱基證券舉辦之法人說明會","223120221019M001.pdf","223120221019E001.pdf","https://www.cubelec.com.tw/conference.php","","無","查詢"
"2233","宇隆","111/07/25","13:30","台北寒舍艾美酒店3F翡翠珍珠廳","公告本公司召開TUF ONE行星減速機產品發表會暨法人說明會","223320220725M001.pdf","223320220725E001.pdf","https://www.turvo.com.tw/",中文影音檔網址:2233_34_20220725_ch.mp4 ,"無。","查詢"
"2233","宇隆","111/11/29","14:00","國票綜合證券(台北市南京東路五段188號15樓)","本公司受邀參加國票綜合證券舉辦之法人說明會，說明本公司之營運、財務及業務概況。","223320221129M001.pdf","223320221129E001.pdf","https://www.turvo.com.tw/","","無","查詢"
"2236","百達-KY","111/12/06","14:30","臺灣證券交易所1樓資訊展示中心","本公司受邀參加臺灣證券交易所舉辦之法人說明會，就本公司產業狀況及已公開財報、業務等相關資訊做說明。","223620221202M001.pdf","223620221202E001.pdf","http://www.patec-intl.com/big5/investorrel_news.php&#160;&#160;","","無","查詢"
"2239","英利-KY","111/11/16","14:30","線上法說會","本公司受邀參加永豐金證券舉辦之線上法人說明會，說明本公司之業務及營運概況。","223920221116M001.pdf","223920221116E001.pdf","http://www.engley.com/","","報名請洽永豐金鄒小姐(02)23823207或mail:joyce.tsou@sinopac.com","查詢"
"2241","艾姆勒","111/01/26","14:30","線上法人說明會","本公司110年第4季營運狀況及財務資訊","224120220126M001.pdf","224120220126E001.pdf","http://www.amulaire.com/invest/stock","","無","查詢"
"2241","艾姆勒","111/08/11","14:30","&#29319;亞會議中心15樓 (台北市復興北路99號15樓)","本公司111年第2季營運狀況及財務資訊","224120220811M001.pdf","224120220811E001.pdf","http://www.amulaire.com/invest/stock","","無","查詢"
"2243","宏旭-KY","111/09/06","15:30","臺灣證券交易所1樓資訊展示中心(台北市信義路五段7號1樓)","本公司受邀參加臺灣證券交易所舉辦之法人說明會，就本公司產業狀況及已公開財報、業務等相關資訊做說明","224320220905M001.pdf","224320220905E001.pdf","","","無","查詢"
"2247","汎德永業","111/05/11","15:45","線上法人說明會","說明營運成果及未來展望。","224720220511M001.pdf","224720220511E001.pdf","https://www.pgum.com.tw","","無","查詢"
"2247","汎德永業","111/11/17","14:00","富邦綜合證券股份有限公司(線上法說)","本公司受邀參加富邦證券所舉辦之線上法說會","224720221116M001.pdf","224720221116E001.pdf","https://www.pgum.com.tw/investors/information/investor-conference/","","無","查詢"
"2250","IKKA-KY","111/12/07","14:30","臺灣證券交易所1樓資訊展示中心
(台北市信義路5段7號)","受邀參加臺灣證券交易所舉辦之財務業務說明會,就本公司財務及業務狀況做說明。","225020230106M001.pdf","225020230106E001.pdf","","","完整財務業務資訊請至公開資訊觀測站之法人說明會一覽表或法說會項目下查閱。","查詢"
"2301","光寶科","111/02/14","14:00","線上法說會","本公司110年第4季財務業務情形","230120220214M001.pdf","230120220214E001.pdf","https://www.liteon.com/zh-tw",同步收看網址：:https://earningscon.liteon.com/4Q21 法說會影音連結資訊:https://www.liteon.com/zh-tw/investor/financialreports/10 ,"本次法說會採線上直播，PC可以瀏覽器開啟連結，手機或平板請先下載Teams APP","查詢"
"2301","光寶科","111/04/21 至 111/04/22","10:20","線上會議","本公司受券商邀請，參加其舉辦之線上法人說明會，報告公司簡介與營運現況","230120220419M001.pdf","230120220419E001.pdf","https://www.liteon.com/zh-tw/investor/financialreports/10","","無","查詢"
"2301","光寶科","111/04/19","14:00","線上會議","本公司111年第1季財務業務情形","230120220419M001.pdf","230120220419E001.pdf","https://www.liteon.com/zh-tw",同步收看網址：:https://earningscon.liteon.com/1Q22 法說會影音連結資訊:https://www.liteon.com/zh-tw/investor/financialreports/10 ,"本次法說會採線上會議，電腦可用瀏覽器開啟連結，手機或平板請先下載Teams APP。","查詢"
"2301","光寶科","111/06/09","14:35","線上會議","本公司受券商邀請，參加其舉辦之線上法人說明會，報告公司簡介與營運現況","230120220419M001.pdf","230120220419E001.pdf","https://www.liteon.com/zh-tw/investor/financialreports/10","","無","查詢"
"2301","光寶科","111/03/16","15:20","台北晶華酒店","本公司受券商邀請，參加其舉辦之法人說明會，報告公司簡介與營運現況","230120220214M001.pdf","230120220214E001.pdf","https://www.liteon.com/zh-tw/investor/financialreports/10","","無","查詢"
"2301","光寶科","111/03/17 至 111/03/21","10:00","電話會議","本公司受券商邀請，參加其舉辦之線上法人說明會，報告公司簡介與營運現況","230120220214M001.pdf","230120220214E001.pdf","https://www.liteon.com/zh-tw/investor/financialreports/10","","無","查詢"
"2301","光寶科","111/03/29 至 111/03/31","10:30","電話會議","本公司受券商邀請，參加其舉辦之線上法人說明會，報告公司簡介與營運現況","230120220214M001.pdf","230120220214E001.pdf","https://www.liteon.com/zh-tw/investor/financialreports/10","","無","查詢"
"2301","光寶科","111/04/08","14:00","電話會議","本公司受券商邀請，參加其舉辦之線上法人說明會，報告公司簡介與營運現況","230120220214M001.pdf","230120220214E001.pdf","https://www.liteon.com/zh-tw/investor/financialreports/10","","無","查詢"
"2301","光寶科","111/05/18 至 111/05/20","10:00","線上會議","本公司受券商邀請，參加其舉辦之線上法人說明會，報告公司簡介與營運現況","230120220419M001.pdf","230120220419E001.pdf","https://www.liteon.com/zh-tw/investor/financialreports/10","","無","查詢"
"2301","光寶科","111/06/16","14:45","線上會議","本公司受券商邀請，參加其舉辦之線上法人說明會，報告公司簡介與營運現況","230120220419M001.pdf","230120220419E001.pdf","https://www.liteon.com/zh-tw/investor/financialreports/10","","無","查詢"
"2301","光寶科","111/07/19","14:00","線上會議","本公司111年第2季財務業務情形","230120220719M001.pdf","230120220719E001.pdf","https://www.liteon.com/zh-tw",同步收看網址：:https://earningscon.liteon.com/2Q22 法說會影音連結資訊:https://www.liteon.com/zh-tw/investor/financialreports/10 ,"本次法說會採線上會議，電腦可用瀏覽器開啟連結，手機或平板請先下載Teams APP。","查詢"
"2301","光寶科","111/08/16","14:30","線上會議","本公司受券商邀請，參加其舉辦之線上法人說明會，報告公司簡介與營運現況","230120220719M001.pdf","230120220719E001.pdf","","","無","查詢"
"2301","光寶科","111/09/27 至 111/09/28","09:00","線上法說會(台灣)","本公司受邀參加由臺灣證券交易所及寬量國際共同主辦之線上法說會「12th Taiwan CEO Week」，說明本公司之營運概況、財務及業務相關資訊。","230120220719M001.pdf","230120220719E001.pdf","","","無","查詢"
"2301","光寶科","111/09/20 至 111/09/22","10:00","線上會議","本公司受ICA邀請，參加其舉辦之線上法人說明會「3rd Annual Asia Insights Forum」，報告公司簡介與營運現況。","230120220719M001.pdf","230120220719E001.pdf","","","無","查詢"
"2301","光寶科","111/11/30 至 111/12/01","10:00","台北W飯店","本公司受Citi邀請，參加其舉辦之線上法人說明會「Citi - Taiwan Corporate Day 2022」，報告公司簡介與營運現況。","230120221020M001.pdf","230120221020E001.pdf","","","無","查詢"
"2301","光寶科","111/12/07","15:40","台北晶華酒店(台北市中山區中山北路二段39巷3號)","本公司受國泰證券邀請，參加其舉辦之線上法人說明會「國泰第四季產業論壇」，報告公司簡介與營運現況。","230120221020M001.pdf","230120221020E001.pdf","","","無","查詢"
"2301","光寶科","111/12/08","15:20","晶華酒店 / 4樓會議室","本公司受凱基證券邀請，參加其舉辦之線上法人說明會「2022年第四季投資論壇」，報告公司簡介與營運現況。","230120221020M001.pdf","230120221020E001.pdf","","","無","查詢"
"2301","光寶科","111/09/07","13:30","線上會議","本公司受券商邀請，參加其舉辦之線上法人說明會，報告公司簡介與營運現況。","230120220719M001.pdf","230120220719E001.pdf","","","無","查詢"
"2301","光寶科","111/09/05 至 111/09/08","10:00","線上會議","本公司受券商邀請，參加其舉辦之線上法人說明會，報告公司簡介與營運現況","230120220719M001.pdf","230120220719E001.pdf","","","無","查詢"
"2301","光寶科","111/09/20 至 111/09/22","10:00","電話會議","本公司受ICA邀請，參加其舉辦之線上法人說明會「3rd Annual Asia Insights Forum」，報告公司簡介與營運現況。","230120220719M001.pdf","230120220719E001.pdf","","","無","查詢"
"2301","光寶科","111/12/13","10:00","台北晶華酒店","本公司受永豐金證券邀請，參加其舉辦之線上法人說明會「第四季產業投資論壇」，報告公司簡介與營運現況。","230120221020M001.pdf","230120221020E001.pdf","","","無","查詢"
"2301","光寶科","111/10/20","14:00","線上會議","本公司111年第3季財務業務情形。","230120221020M001.pdf","230120221020E001.pdf","https://www.liteon.com/zh-tw",同步收看網址：:https://earningscon.liteon.com/3Q22 法說會影音連結資訊:https://www.liteon.com/zh-tw/investor/financialreports/10 ,"本次法說會採線上會議，電腦可用瀏覽器開啟連結，手機或平板請先下載Teams APP。","查詢"
"2302","麗正","111/12/01","14:00","國票綜合證券股份有限公司 (台北市松山區南京東路五段188號15樓會議室)","本公司受邀參加國票證券舉辦之法人說明會，會中說明本公司之營運成效及未來展望。","230220221130M001.pdf","230220221130E001.pdf","","","無","查詢"
"2303","聯電","111/03/07","14:45","電話會議","本公司受邀參加瑞銀證券舉辦之法人說明會
「1Q22 Virtual APAC Tech Tour」。","230320220125M001.pdf","230320220125E001.pdf","http://www.umc.com","","無","查詢"
"2303","聯電","111/03/09","09:00","電話會議","本公司受邀參加花旗證券舉辦之法人說明會
「Taiwan Corporate Day 2022」。","230320220125M001.pdf","230320220125E001.pdf","http://www.umc.com","","無","查詢"
"2303","聯電","111/03/18","09:00","電話會議","本公司受邀參加富邦證券及Jefferies共同舉辦之
法人說明會「Virtual Asia Techknowledge Tour」。","230320220125M001.pdf","230320220125E001.pdf","http://www.umc.com","","無","查詢"
"2303","聯電","111/02/21","09:00","電話會議","本公司受邀參加摩根大通證券舉辦之法人說明會「Taiwan CEO-CFO Conference」。","230320220125M001.pdf","230320220125E001.pdf","http://www.umc.com","","無","查詢"
"2303","聯電","111/02/23","09:40","電話會議","本公司受邀參加野村證券舉辦之法人說明會「Taiwan ESG Corporate Day」。","230320220125M001.pdf","230320220125E001.pdf","http://www.umc.com","","無","查詢"
"2303","聯電","111/06/07","08:00","電話會議","本公司受邀參加高盛證券舉辦之法人說明會「Global Semiconductor Virtual Conference 2022」。","230320220427M001.pdf","230320220427E001.pdf","http://www.umc.com","","無","查詢"
"2303","聯電","111/05/18","08:00","電話會議","本公司受邀參加花旗證券舉辦之法人說明會
「Regional Tech Conference 2022 (Virtual)」。","230320220427M001.pdf","230320220427E001.pdf","http://www.umc.com","","無","查詢"
"2303","聯電","111/01/25","17:00","線上法說會","本公司2021年第四季財務暨營運報告。","230320220125M001.pdf","230320220125E001.pdf","http://www.umc.com",法說會影音連結資訊:https://www.umc.com/zh-TW/Download/quarterly_results/QuarterlyResultsDetail/2021/2021Q4 ,"無","查詢"
"2303","聯電","111/01/07","10:00","電話會議","本公司受邀參加野村證券舉辦之法人說明會「Virtual Tech Series」。","230320211027M001.pdf","230320211027E001.pdf","http://www.umc.com","","無","查詢"
"2303","聯電","111/01/10","15:00","電話會議","本公司受邀參加野村證券舉辦之法人說明會「Asia Tech Virtual Group Meeting」。","230320211027M001.pdf","230320211027E001.pdf","http://www.umc.com","","無","查詢"
"2303","聯電","111/05/30","09:00","電話會議","本公司受邀參加美銀證券舉辦之法人說明會「2022 Innovative China Conference」。","230320220427M001.pdf","230320220427E001.pdf","http://www.umc.com","","無","查詢"
"2303","聯電","111/06/16","09:00","電話會議","本公司受邀參加野村證券舉辦之法人說明會「 Greater China Corporate Day 2022」。","230320220427M001.pdf","230320220427E001.pdf","http://www.umc.com","","無","查詢"
"2303","聯電","111/06/20","09:00","電話會議","本公司受邀參加瑞銀證券舉辦之法人說明會「 Taiwan Virtual Conference 2022」。","230320220427M001.pdf","230320220427E001.pdf","http://www.umc.com","","無","查詢"
"2303","聯電","111/04/27","17:00","線上法說會","本公司2022年第一季財務暨營運報告。","230320220427M001.pdf","230320220427E001.pdf","http://www.umc.com",法說會影音連結資訊:https://www.umc.com/zh-TW/Download/quarterly_results/QuarterlyResultsDetail/2022/2022Q1 ,"無","查詢"
"2303","聯電","111/07/27","17:00","線上法說會","本公司2022年第二季財務暨營運報告。","230320220727M001.pdf","230320220727E001.pdf","http://www.umc.com",法說會影音連結資訊:https://www.umc.com/zh-TW/Download/quarterly_results/QuarterlyResultsDetail/2022/2022Q2 ,"無","查詢"
"2303","聯電","111/08/23","13:45","電話會議","本公司受邀參加高盛證券舉辦之法人說明會「Investor Group Meeting」。","230320220727M001.pdf","230320220727E001.pdf","http://www.umc.com","","無","查詢"
"2303","聯電","111/08/24","10:00","電話會議","本公司受邀參加野村證券舉辦之法人說明會「Asia Tech Group Meeting」。","230320220727M001.pdf","230320220727E001.pdf","http://www.umc.com","","無","查詢"
"2303","聯電","111/08/25","11:00","電話會議","本公司受邀參加美銀證券舉辦之法人說明會「Asia Summer Tech Tour」。","230320220727M001.pdf","230320220727E001.pdf","http://www.umc.com","","無","查詢"
"2303","聯電","111/04/12","10:20","電話會議","本公司受邀參加寬量國際舉辦之法人說明會「11th Taiwan CEO Week」。","230320220125M001.pdf","230320220125E001.pdf","http://www.umc.com","","無","查詢"
"2303","聯電","111/04/07","09:00","電話會議","本公司受邀參加臺灣證券交易所及高盛證券共同舉辦之法人說明會「Taiwan Virtual Corporate Day 2022」。","230320220125M001.pdf","230320220125E001.pdf","http://www.umc.com","","無","查詢"
"2303","聯電","111/04/07","10:00","電話會議","本公司受邀參加銀河-聯昌證券舉辦之法人說明會「Tech &amp; EV Virtual Conference 2022」。","230320220125M001.pdf","230320220125E001.pdf","http://www.umc.com","","無","查詢"
"2303","聯電","111/05/10","10:00","電話會議","本公司受邀參加�擢袓狳橧|辦之法人說明會
「9th Annual China Conference」。","230320220427M001.pdf","230320220427E001.pdf","http://www.umc.com","","無","查詢"
"2303","聯電","111/03/16","09:00","電話會議","本公司受邀參加里昂證券舉辦之法人說明會
「Taiwan Access Day」。","230320220125M001.pdf","230320220125E001.pdf","http://www.umc.com","","無","查詢"
"2303","聯電","111/03/14 至 111/03/15","09:00","電話會議","本公司受邀參加美銀證券舉辦之法人說明會
「2022 APAC TMT Conference」。","230320220125M001.pdf","230320220125E001.pdf","http://www.umc.com","","無","查詢"
"2303","聯電","111/09/20","16:00","電話會議","本公司受邀參加瑞銀證券舉辦之法人說明會「3Q22 APAC Tech Tour」。","230320220727M001.pdf","230320220727E001.pdf","http://www.umc.com","","無","查詢"
"2303","聯電","111/11/01","11:00","電話會議","本公司受邀參加美銀證券舉辦之法人說明會「2022 China Conference」。","230320221026M001.pdf","230320221026E001.pdf","http://www.umc.com","","無","查詢"
"2303","聯電","111/09/06","09:00","電話會議","本公司受邀參加瑞信證券舉辦之法人說明會「23rd Asian Technology Conference」。","230320220727M001.pdf","230320220727E001.pdf","http://www.umc.com","","無","查詢"
"2303","聯電","111/11/09","14:00","台北遠東香格里拉","本公司受邀參加高盛證券舉辦之法人說明會「Taiwan Corporate Day」。","230320221026M001.pdf","230320221026E001.pdf","http://www.umc.com","","無","查詢"
"2303","聯電","111/11/10 至 111/11/15","16:00","電話會議","本公司受邀參加摩根大通證券舉辦之法人說明會「2022 Global TMT Conference in Asia」。","230320221026M001.pdf","230320221026E001.pdf","http://www.umc.com","","無","查詢"
"2303","聯電","111/08/30","11:00","電話會議","本公司受邀參加匯豐證券舉辦之法人說明會「 Taiwan Executive Forum」。","230320220727M001.pdf","230320220727E001.pdf","http://www.umc.com","","無","查詢"
"2303","聯電","111/08/30 至 111/08/31","08:50","電話會議","本公司受邀參加花旗證券舉辦之法人說明會「Asia TMT Day 2022」。","230320220727M001.pdf","230320220727E001.pdf","http://www.umc.com","","無","查詢"
"2303","聯電","111/10/26","17:00","線上法說會","本公司2022年第三季財務暨營運報告。","230320221026M001.pdf","230320221026E001.pdf","http://www.umc.com",法說會影音連結資訊:https://www.umc.com/zh-TW/Download/quarterly_results/QuarterlyResultsDetail/2022/2022Q3 ,"無","查詢"
"2305","全友","111/12/16","14:00","新竹市科學園區工業東三路6號本公司會議室","公司營運狀況及財務報告","230520221216M001.pdf","230520221216E001.pdf","https://microtek.com/tw/news",法說會影音連結資訊:https://microtek.com/tw/news/detail/20 ,"無","查詢"
"2308","台達電","111/07/29","15:00","線上法說會","本公司召開法人說明會說明111年第二季財務報告相關資訊","230820220729M001.pdf","230820220729E001.pdf","https://www.deltaww.com/zh-TW/investors/analystMeeting",中文影音檔網址:2308_331_20220729_ch.mp4 英文影音檔網址:2308_331_20220729_en.mp4 ,"無","查詢"
"2308","台達電","111/08/02","16:00","台灣證券交易所","本公司受台灣證券交易所邀請，將於上述時間地點，向法人投資者就本公司111年第二季之財務報告相關資訊做一說明。","230820220802M001.pdf","230820220802E001.pdf","https://www.deltaww.com/zh-TW/investors/analystMeeting",法說會影音連結資訊:https://webpro.twse.com.tw/WebPortal/vod/101/E7F745C48E18-29D7F79C-124B-11ED-8106/?categoryId=101 ,"無","查詢"
"2308","台達電","111/01/05","09:45","線上法說會","本公司受元富證券邀請，將於上述時間地點，向法人投資者就本公司110年第三季之財務報告相關資訊做一說明。","230820211029M001.pdf","230820211029E001.pdf","https://www.deltaww.com/zh-TW/investors/analystMeeting","","無","查詢"
"2308","台達電","111/01/07 至 111/01/11","09:00","線上法說會","本公司受野村證券邀請，將於上述時間地點，向法人投資者就本公司110年第三季之財務報告相關資訊做一說明。","230820211029M001.pdf","230820211029E001.pdf","https://www.deltaww.com/zh-TW/investors/analystMeeting","","無","查詢"
"2308","台達電","111/04/29","15:00","線上法說會","本公司召開法人說明會說明111年第一季財務報告相關資訊","230820220429M001.pdf","230820220429E001.pdf","https://www.deltaww.com/zh-TW/investors/analystMeeting",中文影音檔網址:2308_327_20220429_ch.mp4 英文影音檔網址:2308_327_20220429_en.mp4 ,"無","查詢"
"2308","台達電","111/02/25","15:00","線上法說會","本公司召開法人說明會說明110年第四季財務報告相關資訊","230820220225M001.pdf","230820220225E001.pdf","https://www.deltaww.com/zh-TW/investors/analystMeeting",中文影音檔網址:2308_319_20220225_ch.mp4 英文影音檔網址:2308_319_20220225_en.mp4 ,"無","查詢"
"2308","台達電","111/03/02 至 111/03/04","10:00","線上法說會","本公司受摩根大通證券邀請，將於上述時間地點，向法人投資者就本公司110年第四季之財務報告相關資訊做一說明。","230820220225M001.pdf","230820220225E001.pdf","https://www.deltaww.com/zh-TW/investors/analystMeeting","","無","查詢"
"2308","台達電","111/03/08 至 111/03/11","10:00","線上法說會","本公司受大和國泰證券邀請，將於上述時間地點，向法人投資者就本公司110年第四季之財務報告相關資訊做一說明。","230820220225M001.pdf","230820220225E001.pdf","https://www.deltaww.com/zh-TW/investors/analystMeeting","","無","查詢"
"2308","台達電","111/03/09","10:00","線上法說會","本公司受花旗證券邀請，將於上述時間地點，向法人投資者就本公司110年第四季之財務報告相關資訊做一說明。","230820220225M001.pdf","230820220225E001.pdf","https://www.deltaww.com/zh-TW/investors/analystMeeting","","無","查詢"
"2308","台達電","111/03/21 至 111/03/22","14:00","線上法說會","本公司受美銀證券邀請，將於上述時間地點，向法人投資者就本公司110年第四季之財務報告相關資訊做一說明。","230820220225M001.pdf","230820220225E001.pdf","https://www.deltaww.com/zh-TW/investors/analystMeeting","","無","查詢"
"2308","台達電","111/03/23","10:00","線上法說會","本公司受摩根史丹利證券邀請，將於上述時間地點，向法人投資者就本公司110年第四季之財務報告相關資訊做一說明。","230820220225M001.pdf","230820220225E001.pdf","https://www.deltaww.com/zh-TW/investors/analystMeeting","","無","查詢"
"2308","台達電","111/03/29 至 111/03/30","10:00","線上法說會","本公司受瑞士信貸證券邀請，將於上述時間地點，向法人投資者就本公司110年第四季之財務報告相關資訊做一說明。","230820220225M001.pdf","230820220225E001.pdf","https://www.deltaww.com/zh-TW/investors/analystMeeting","","無","查詢"
"2308","台達電","111/03/15 至 111/03/16","10:00","線上法說會","本公司受里昂證券邀請，將於上述時間地點，向法人投資者就本公司110年第四季之財務報告相關資訊做一說明。","230820220225M001.pdf","230820220225E001.pdf","https://www.deltaww.com/zh-TW/investors/analystMeeting","","無","查詢"
"2308","台達電","111/09/21 至 111/09/23","09:00","線上法說會","本公司受大和證券邀請，將於上述時間地點，向法人投資者就本公司111年第二季之財務報告相關資訊做一說明。","230820220729M001.pdf","230820220729E001.pdf","https://www.deltaww.com/zh-TW/investors/analystMeeting","","無","查詢"
"2308","台達電","111/09/13 至 111/09/16","09:00","線上法說會","本公司受里昂證券邀請，將於上述時間地點，向法人投資者就本公司111年第二季之財務報告相關資訊做一說明。","230820220729M001.pdf","230820220729E001.pdf","https://www.deltaww.com/zh-TW/investors/analystMeeting","","無","查詢"
"2308","台達電","111/09/14","15:20","台北喜來登","本公司受凱基證券邀請，將於上述時間地點，向法人投資者就本公司111年第二季之財務報告相關資訊做一說明。","230820220729M001.pdf","230820220729E001.pdf","https://www.deltaww.com/zh-TW/investors/analystMeeting","","無","查詢"
"2308","台達電","111/08/29","10:00","台北","本公司受摩根大通證券邀請，將於上述時間地點，向法人投資者就本公司111年第二季之財務報告相關資訊做一說明。","230820220729M001.pdf","230820220729E001.pdf","https://www.deltaww.com/zh-TW/investors/analystMeeting","","無","查詢"
"2308","台達電","111/08/30 至 111/08/31","09:00","線上法說會","本公司受花旗證券邀請，將於上述時間地點，向法人投資者就本公司111年第二季之財務報告相關資訊做一說明。","230820220729M001.pdf","230820220729E001.pdf","https://www.deltaww.com/zh-TW/investors/analystMeeting","","無","查詢"
"2308","台達電","111/09/07","09:30","線上法說會","本公司受元大證券邀請，將於上述時間地點，向法人投資者就本公司111年第二季之財務報告相關資訊做一說明。","230820220729M001.pdf","230820220729E001.pdf","https://www.deltaww.com/zh-TW/investors/analystMeeting","","無","查詢"
"2308","台達電","111/08/22","10:00","台北","本公司受美銀證券邀請，將於上述時間地點，向法人投資者就本公司111年第二季之財務報告相關資訊做一說明。","230820220729M001.pdf","230820220729E001.pdf","https://www.deltaww.com/zh-TW/investors/analystMeeting","","無","查詢"
"2308","台達電","111/06/07","09:00","線上法說會","本公司受大和國泰證券邀請，將於上述時間地點，向法人投資者就本公司111年第一季之財務報告相關資訊做一說明。","230820220429M001.pdf","230820220429E001.pdf","https://www.deltaww.com/zh-TW/investors/analystMeeting","","無","查詢"
"2308","台達電","111/05/18","09:00","線上法說會","本公司受花旗證券邀請，將於上述時間地點，向法人投資者就本公司111年第一季之財務報告相關資訊做一說明。","230820220429M001.pdf","230820220429E001.pdf","https://www.deltaww.com/zh-TW/investors/analystMeeting","","無","查詢"
"2308","台達電","111/05/11","09:00","線上法說會","本公司受野村證券邀請，將於上述時間地點，向法人投資者就本公司111年第一季之財務報告相關資訊做一說明。","230820220429M001.pdf","230820220429E001.pdf","https://www.deltaww.com/zh-TW/investors/analystMeeting","","無","查詢"
"2308","台達電","111/08/26","10:00","台北","本公司受美銀證券邀請，將於上述時間地點，向法人投資者就本公司111年第二季之財務報告相關資訊做一說明。","230820220729M001.pdf","230820220729E001.pdf","https://www.deltaww.com/zh-TW/investors/analystMeeting","","無","查詢"
"2308","台達電","111/11/30","09:00","台北W飯店","本公司受花旗證券邀請，將於上述時間地點，向法人投資者就本公司111年第3季之財務報告相關資訊做一說明。","230820221028M001.pdf","230820221028E001.pdf","https://www.deltaww.com/zh-TW/investors/analystMeeting","","無","查詢"
"2308","台達電","111/12/09","14:00","大和國泰證券辦公室","本公司受大和國泰證券邀請，將於上述時間地點，向法人投資者就本公司111年第3季之財務報告相關資訊做一說明。","230820221028M001.pdf","230820221028E001.pdf","https://www.deltaww.com/zh-TW/investors/analystMeeting","","無","查詢"
"2308","台達電","111/11/08","15:00","台北君悅飯店","本公司受瑞士信貸證券邀請，將於上述時間地點，向法人投資者就本公司111年第三季之財務報告相關資訊做一說明。","230820221028M001.pdf","230820221028E001.pdf","https://www.deltaww.com/zh-TW/investors/analystMeeting","","無","查詢"
"2308","台達電","111/11/09","15:30","台北君悅飯店","本公司受麥格理證券邀請，將於上述時間地點，向法人投資者就本公司111年第三季之財務報告相關資訊做一說明。","230820221028M001.pdf","230820221028E001.pdf","https://www.deltaww.com/zh-TW/investors/analystMeeting","","無","查詢"
"2308","台達電","111/11/16 至 111/11/18","09:30","新加坡","本公司受摩根史坦利證券邀請，將於上述時間地點，向法人投資者就本公司111年第三季之財務報告相關資訊做一說明。","230820221028M001.pdf","230820221028E001.pdf","https://www.deltaww.com/zh-TW/investors/analystMeeting","","無","查詢"
"2308","台達電","111/09/02","15:10","台北君悅飯店","本公司受富邦證券邀請，將於上述時間地點，向法人投資者就本公司111年第二季之財務報告相關資訊做一說明。","230820220729M001.pdf","230820220729E001.pdf","https://www.deltaww.com/zh-TW/investors/analystMeeting","","無","查詢"
"2308","台達電","111/10/28","15:00","台達電子瑞光大樓","本公司召開法人說明會說明111年第三季財務報告相關資訊","230820221028M001.pdf","230820221028E001.pdf","https://www.deltaww.com/zh-TW/investors/analystMeeting",中文影音檔網址:2308_342_20221028_ch.mp4 英文影音檔網址:2308_342_20221028_en.mp4 ,"無","查詢"
"2308","台達電","111/11/14","14:00","華南永昌證券台北辦公室","本公司受華南永昌證券邀請，將於上述時間地點，向法人投資者就本公司111年第三季之財務報告相關資訊做一說明。","230820221028M001.pdf","230820221028E001.pdf","https://www.deltaww.com/zh-TW/investors/analystMeeting","","無","查詢"
"2308","台達電","111/11/22","09:30","遠東飯店","本公司受里昂證券邀請，將於上述時間地點，向法人投資者就本公司111年第三季之財務報告相關資訊做一說明。","230820221028M001.pdf","230820221028E001.pdf","https://www.deltaww.com/zh-TW/investors/analystMeeting","","無","查詢"
"2308","台達電","111/11/23","11:00","台北W飯店","本公司受花旗證券邀請，將於上述時間地點，向法人投資者就本公司111年第3季之財務報告相關資訊做一說明。","230820221028M001.pdf","230820221028E001.pdf","https://www.deltaww.com/zh-TW/investors/analystMeeting","","無","查詢"
"2308","台達電","111/11/29","15:00","台北晶華酒店","本公司受台新證券邀請，將於上述時間地點，向法人投資者就本公司111年第3季之財務報告相關資訊做一說明。","230820221028M001.pdf","230820221028E001.pdf","https://www.deltaww.com/zh-TW/investors/analystMeeting","","無","查詢"
"2312","金寶","111/12/09","15:00","新北市深坑區北深路三段147號(金寶營運總部一樓101會議室)","營運狀況與展望","231220221209M001.pdf","231220221209E001.pdf","",法說會影音連結資訊:https://www.kinpo.com.tw/zh-TW/investor/financials/investor-conferences (請輸入網址名稱(註)):未輸 ,"無","查詢"
"2313","華通","111/03/17","14:00","台北美福飯店（台北市中山區樂群二路55號）","統一證券舉辦之「2022 Q1 春季投資論壇」，會中就本公司已公開資訊做說明","231320220317M001.pdf","231320220317E001.pdf","http://www.compeq.com.tw/accomplishments01_4_2.php","","無","查詢"
"2313","華通","111/01/11","14:00","日盛證券6F(台北市南京東路二段111號6樓)","日盛證券舉辦法人說明會","231320220111M001.pdf","231320220111E001.pdf","http://www.compeq.com.tw/accomplishments01_4_2.php","","無","查詢"
"2313","華通","111/08/16","14:30","台北文創 [台北市信義區菸廠路88號(6F)]","元富證券舉辦法人說明會，會中就公司業務狀況等說明","231320220815M001.pdf","231320220815E001.pdf","http://www.compeq.com.tw/accomplishments01_4_2.php","","無","查詢"
"2313","華通","111/07/13","14:00","線上法說會","第一金證券舉辦之線上法人說明會","231320220712M001.pdf","231320220712E001.pdf","http://www.compeq.com.tw/accomplishments01_4_2.php","","無","查詢"
"2313","華通","111/05/26","14:00","線上法說會","富邦論壇之線上法人說明會","231320220526M001.pdf","231320220526E001.pdf","http://www.compeq.com.tw/accomplishments01_4_2.php","","無","查詢"
"2313","華通","111/09/15","14:00","台北美福飯店（台北市中山區樂群二路55號）","統一證券舉辦之「2022 Q3全球展望秋季投資論壇」，會中就本公司已公開資訊做說明","231320220815M001.pdf","231320220815E001.pdf","https://www.compeq.com.tw/accomplishments01_4_2.php","","無","查詢"
"2313","華通","111/11/30","14:00","台北晶華酒店 台北市中山區中山北路二段39巷3號","本公司受邀參加「台新2022年第四季全球投資論壇」","231320221128M001.pdf","231320221128E001.pdf","https://www.compeq.com.tw/accomplishments01_4_2.php","","無","查詢"
"2314","台揚","111/05/17","14:00","Webex線上會議","本公司受邀參加台新證券2022年第二季全球投資論壇，就本公司已公開發佈之財務數字、業務狀況等相關資訊做說明","231420220517M001.pdf","231420220517E001.pdf","","","無","查詢"
"2314","台揚","111/11/30","15:15","台北晶華酒店4樓(台北市中山北路2段39巷3號)","本公司受邀參加台新證券2022年第四季全球投資論壇，就本公司已公開發佈之財務數字、業務狀況等相關資訊做說明","231420221130M001.pdf","231420221130E001.pdf","","","無","查詢"
"2316","楠梓電","111/12/15","14:00","電話會議","本公司應統一證券之邀參加電話會議說明本公司營運概況","231620221215M001.pdf","231620221215E001.pdf","https://www.wus.com.tw/index.php/zh-tw/2017-10-17-07-23-12#%E6%B4%BB%E5%8B%95%E8%B3%87%E8%A8%8A","","無","查詢"
"2317","鴻海","111/09/14","16:00","電話會議","本公司受邀參加29th Annual CITIC CLSA Flagship Investors’ Forum，說明本公司營運概況。","231720220810M001.pdf","231720220810E001.pdf","","","無","查詢"
"2317","鴻海","111/01/13","09:00","電話會議","本公司受邀參加Nomura舉辦之法人交流會，說明本公司營運概況。","231720211112M002.pdf","231720211112E002.pdf","","","無","查詢"
"2317","鴻海","111/01/26","09:00","電話會議","本公司受邀參加Citi舉辦之法人交流會，說明本公司營運概況。","231720211112M002.pdf","231720211112E002.pdf","","","無","查詢"
"2317","鴻海","111/01/25","10:00","電話會議","本公司受邀參加富邦證券舉辦之法人交流會，說明本公司營運概況。","231720211112M002.pdf","231720211112E002.pdf","","","無","查詢"
"2317","鴻海","111/01/13","16:30","電話會議","本公司受邀參加Federated Hermes 舉辦之ESG Engagement Online Meeting，說明本公司ESG進度與概況。","231720211112M002.pdf","231720211112E002.pdf","","","無","查詢"
"2317","鴻海","111/01/07","13:15","台北文創(台北市信義區菸廠路88號)","本公司受邀參加元富證券與證交所合辦之投資論壇「智慧台灣2022」，說明本公司營運概況。","231720211112M002.pdf","231720211112E002.pdf","","","無","查詢"
"2317","鴻海","111/01/12","16:00","電話會議","本公司受邀參加Nomura舉辦之法人交流會，說明本公司營運概況。","231720211112M002.pdf","231720211112E002.pdf","","","無","查詢"
"2317","鴻海","111/06/10","09:00","電話會議","本公司受邀參加BofA舉辦之法人交流會，說明本公司營運概況。","231720220512M001.pdf","231720220512E001.pdf","","","無","查詢"
"2317","鴻海","111/06/14","15:00","電話會議","本公司受邀參加富邦證券舉辦之法人交流會，說明本公司營運概況。","231720220512M001.pdf","231720220512E001.pdf","","","無","查詢"
"2317","鴻海","111/06/08","10:00","電話會議","本公司受邀參加Nomura舉辦之法人交流會，說明本公司營運概況。","231720220512M001.pdf","231720220512E001.pdf","","","無","查詢"
"2317","鴻海","111/06/09","09:00","電話會議","本公司受邀參加Daiwa舉辦之法人交流會，說明本公司營運概況。","231720220512M001.pdf","231720220512E001.pdf","","","無","查詢"
"2317","鴻海","111/06/01","09:00","電話會議","本公司受邀參加Morgan Stanley舉辦之法人交流會，說明本公司營運概況。","231720220512M001.pdf","231720220512E001.pdf","","","無","查詢"
"2317","鴻海","111/01/25","16:00","電話會議","本公司受邀參加美林證券舉辦之法人交流會，說明本公司營運概況。","231720211112M002.pdf","231720211112E002.pdf","","","無","查詢"
"2317","鴻海","111/07/21","14:30","臺灣證券交易所101大樓1F資訊展示中心（台北市信義路五段7號1樓）","本公司受邀參加台灣證券交易所舉辦之2022年科技大未來主題式業績發表會，說明本公司營運概況","231720220720M001.pdf","231720220720E001.pdf","",法說會影音連結資訊:https://webpro.twse.com.tw/webportal/vod/101/0F86CE4D8967-A73377E0-08C9-11ED-BF84/?categoryId=101 ,"無","查詢"
"2317","鴻海","111/08/10","15:00","線上法說會","本公司下午3點00分召開中文線上法人說明會。

線上加入：
https://fxn-event.webex.com/fxn-event-tc/j.php?MTID=ma8aa269d836b9f90a44a68098575d4e1

活動號：2512 214 3494
活動密碼：20220810","231720220810M001.pdf","231720220810E001.pdf","https://www.honhai.com/zh-tw/investor-relations/investor-relations-activities/investor-conference",法說會影音連結資訊:https://youtu.be/T1NIt-GsonY ,"相關資訊請洽黃奕誠先生、陳慧芸小姐，電話02-2268-3466#510-10004/510-10009","查詢"
"2317","鴻海","111/04/20","08:00","電話會議","本公司受邀參加JNK Securities主辦之TechLeaderBoard，說明本公司營運概況。","231720220316M001.pdf","231720220316E001.pdf","","","無","查詢"
"2317","鴻海","111/03/24","09:00","電話會議","本公司受邀參加Credit Suisse舉辦之法人交流會，說明本公司營運概況。","231720220316M001.pdf","231720220316E001.pdf","","","無","查詢"
"2317","鴻海","111/03/17","09:00","電話會議","本公司受邀參加Goldman Sachs舉辦之法人交流會，說明本公司營運概況。","231720220316M001.pdf","231720220316E001.pdf","","","無","查詢"
"2317","鴻海","111/03/17","11:00","電話會議","本公司受邀參加BofA Securities舉辦之法人交流會，說明本公司營運概況。","231720220316M001.pdf","231720220316E001.pdf","","","無","查詢"
"2317","鴻海","111/03/17","16:00","電話會議","本公司受邀參加CLSA舉辦之法人交流會，說明本公司營運概況。","231720220316M001.pdf","231720220316E001.pdf","","","無","查詢"
"2317","鴻海","111/03/22","14:00","電話會議","本公司受邀參加日盛證券舉辦之法人交流會，說明本公司營運概況。","231720220316M001.pdf","231720220316E001.pdf","","","無","查詢"
"2317","鴻海","111/03/22 至 111/03/23","16:00","電話會議","本公司受邀參加Morgan Stanley舉辦之法人交流會，說明本公司營運概況。","231720220316M001.pdf","231720220316E001.pdf","","","無","查詢"
"2317","鴻海","111/03/16","15:00","線上法說會","本公司下午3點00分召開中文線上法人說明會。

線上加入：
https://fxn-event.webex.com/fxn-event-tc/j.php?MTID=m433ab8442472c818acdededa31835007
活動號：2514 046 2414
活動密碼：2022","231720220316M001.pdf","231720220316E001.pdf","https://www.honhai.com/zh-tw/investor-relations/investor-relations-activities/investor-conference",法說會影音連結資訊:https://www.youtube.com/watch?v=JfUkv8Ru2Ek ,"相關資訊請洽黃奕誠先生、陳慧芸小姐，電話02-2268-3466#510-10004/510-10009","查詢"
"2317","鴻海","111/01/19","09:00","電話會議","本公司受邀參加美林證券舉辦之法人交流會，說明本公司營運概況。","231720211112M002.pdf","231720211112E002.pdf","","","無","查詢"
"2317","鴻海","111/01/20","09:00","電話會議","本公司受邀參加美林證券舉辦之法人交流會，說明本公司營運概況。","231720211112M002.pdf","231720211112E002.pdf","","","無","查詢"
"2317","鴻海","111/02/21 至 111/02/22","16:00","電話會議","本公司受邀參加J.P. Morgan舉辦之法人交流會，說明本公司營運概況。","231720211112M002.pdf","231720211112E002.pdf","","","無","查詢"
"2317","鴻海","111/02/23","10:20","電話會議","本公司受邀參加Nomura舉辦之法人交流會，說明本公司營運概況。","231720211112M002.pdf","231720211112E002.pdf","","","無","查詢"
"2317","鴻海","111/02/23","16:00","電話會議","本公司受邀參加玉山證券舉辦之法人交流會，說明本公司營運概況。","231720211112M002.pdf","231720211112E002.pdf","","","無","查詢"
"2317","鴻海","111/05/13","09:00","電話會議","本公司受邀參加UBS舉辦之法人交流會，說明本公司營運概況。","231720220512M001.pdf","231720220512E001.pdf","","","無","查詢"
"2317","鴻海","111/05/13","17:00","電話會議","本公司受邀參加UBS舉辦之法人交流會，說明本公司營運概況。","231720220512M001.pdf","231720220512E001.pdf","","","無","查詢"
"2317","鴻海","111/05/16","17:00","電話會議","本公司受邀參加UBS舉辦之法人交流會，說明本公司營運概況。","231720220512M001.pdf","231720220512E001.pdf","","","無","查詢"
"2317","鴻海","111/05/18","09:00","電話會議","本公司受邀參加Citi舉辦之法人交流會，說明本公司營運概況。","231720220512M001.pdf","231720220512E001.pdf","","","無","查詢"
"2317","鴻海","111/05/19","16:30","電話會議","本公司受邀參加台灣證券交易所及永豐金證券合辦之法人交流會，說明本公司營運概況。","231720220512M001.pdf","231720220512E001.pdf","","","無","查詢"
"2317","鴻海","111/05/12","15:00","線上法說會","本公司下午3點00分召開中文線上法人說明會。 
線上加入： https://fxn-event.webex.com/fxn-event-tc/j.php?MTID=m7c093318f7b87fa0db697c7960ac0349 
活動號：2512 400 2795 
活動密碼：20220512","231720220512M001.pdf","231720220512E001.pdf","https://www.honhai.com/zh-tw/investor-relations/investor-relations-activities/investor-conference",法說會影音連結資訊:https://www.youtube.com/watch?v=e53xYluzosY ,"相關資訊請洽黃奕誠先生、陳慧芸小姐，電話02-2268-3466#510-10004/510-10009","查詢"
"2317","鴻海","111/04/21","09:10","電話會議","本公司受邀參加QIC主辦之11th Taiwan CEO Week，說明本公司營運概況。","231720220316M001.pdf","231720220316E001.pdf","","","無","查詢"
"2317","鴻海","111/04/12","14:00","電話會議","本公司受邀參加由凱基證券舉辦之線上座談會，說明本公司營運概況","231720220316M001.pdf","231720220316E001.pdf","","","無","查詢"
"2317","鴻海","111/05/25","09:00","電話會議","本公司受邀參加Goldman Sachs舉辦之法人交流會，說明本公司營運概況。","231720220512M001.pdf","231720220512E001.pdf","","","無","查詢"
"2317","鴻海","111/04/07","16:00","電話會議","本公司受邀參加證交所與Goldman Sachs舉辦之法人交流會，說明本公司營運概況。","231720220316M001.pdf","231720220316E001.pdf","","","無","查詢"
"2317","鴻海","111/04/08","15:00","電話會議","本公司受邀參加CGS及CIMB舉辦之法人交流會，說明本公司營運概況。","231720220316M001.pdf","231720220316E001.pdf","","","無","查詢"
"2317","鴻海","111/08/11","09:00","電話會議","本公司受邀參加Citi舉辦之2Q22 Post-Results Conference Call，說明本公司營運概況。","231720220810M001.pdf","231720220810E001.pdf","","","無","查詢"
"2317","鴻海","111/03/31","10:00","電話會議","本公司受邀參加由Silver Point Advisors舉辦之線上座談會，說明本公司營運概況。","231720220316M001.pdf","231720220316E001.pdf","","","無","查詢"
"2317","鴻海","111/03/25","08:00","電話會議","本公司受邀參加BofA Securities舉辦之法人交流會，說明本公司營運概況。","231720220316M001.pdf","231720220316E001.pdf","","","無","查詢"
"2317","鴻海","111/06/20 至 111/06/21","15:00","電話會議","本公司受邀參加UBS舉辦之法人交流會，說明本公司營運概況。","231720220512M001.pdf","231720220512E001.pdf","","","無","查詢"
"2317","鴻海","111/06/23","09:00","電話會議","本公司受邀參加Morgan Stanley舉辦之法人交流會，說明本公司營運概況。","231720220512M001.pdf","231720220512E001.pdf","","","無","查詢"
"2317","鴻海","111/06/28","11:00","電話會議","本公司受邀參加由Silver Point Advisors舉辦之線上座談會，說明本公司營運概況。","231720220512M001.pdf","231720220512E001.pdf","","","無","查詢"
"2317","鴻海","111/07/07","08:00","電話會議","本公司受邀參加高盛舉辦之法人交流會，說明本公司營運概況。","231720220512M001.pdf","231720220512E001.pdf","","","無","查詢"
"2317","鴻海","111/07/12","15:00","電話會議","本公司受邀參加合作金庫舉辦之法人交流會，說明本公司營運概況。","231720220512M001.pdf","231720220512E001.pdf","","","無","查詢"
"2317","鴻海","111/07/13","16:00","電話會議","本公司受邀參加花旗證券舉辦之法人交流會，說明本公司營運概況。","231720220512M001.pdf","231720220512E001.pdf","","","無","查詢"
"2317","鴻海","111/07/14","08:00","電話會議","本公司受邀參加花旗證券舉辦之法人交流會，說明本公司營運概況。","231720220512M001.pdf","231720220512E001.pdf","","","無","查詢"
"2317","鴻海","111/06/30","09:00","電話會議","本公司受邀參加里昂證券舉辦之法人交流會，說明本公司營運概況。","231720220512M001.pdf","231720220512E001.pdf","","","無","查詢"
"2317","鴻海","111/07/07","16:00","電話會議","本公司受邀參加里昂證券舉辦之法人交流會，說明本公司營運概況。","231720220512M001.pdf","231720220512E001.pdf","","","無","查詢"
"2317","鴻海","111/07/14","09:00","電話會議","本公司受邀參加BMO Financial Group舉辦之法人交流會，說明本公司營運概況。","231720220512M001.pdf","231720220512E001.pdf","","","無","查詢"
"2317","鴻海","111/08/11","16:00","電話會議","本公司受邀參加Nomura舉辦之2Q22 Post-Results Conference Call，說明本公司營運概況","231720220810M001.pdf","231720220810E001.pdf","","","無","查詢"
"2317","鴻海","111/08/19","11:00","電話會議","本公司受邀參加&#29319;亞證券舉辦之法人交流會，說明本公司營運概況。","231720220810M001.pdf","231720220810E001.pdf","","","無","查詢"
"2317","鴻海","111/09/28","15:00","電話會議","本公司受邀參加兆豐證券舉辦之法人交流會，說明本公司營運概況。","231720220810M001.pdf","231720220810E001.pdf","","","無","查詢"
"2317","鴻海","111/10/25","16:00","電話會議","本公司受邀參加CGS-CIMB及群益證券舉辦之法人交流會，說明本公司營運概況。","231720220810M001.pdf","231720220810E001.pdf","","","無","查詢"
"2317","鴻海","111/12/06 至 111/12/09","01:15","美國","本公司受花旗證券邀請參加海外投資人會議，說明本公司營運概況。","231720221110M001.pdf","231720221110E001.pdf","","","無","查詢"
"2317","鴻海","111/10/21","15:00","電話會議","本公司受邀參加凱基證券舉辦之法人交流會，說明本公司營運概況。","231720220810M001.pdf","231720220810E001.pdf","","","無","查詢"
"2317","鴻海","111/11/10","15:00","線上法說會","本公司下午3點00分召開中文線上法人說明會。

線上加入：
https://fxn-event.webex.com/fxn-event-tc/j.php?MTID=m1d73428414ac844a00830d4c2ba89d31

活動號：2510 092 2556
活動密碼：1110","231720221110M001.pdf","231720221110E001.pdf","https://www.honhai.com/zh-tw/investor-relations/investor-relations-activities/investor-conference",法說會影音連結資訊:https://youtu.be/Ur4ZtApxEok ,"相關資訊請洽黃奕誠先生、陳慧芸小姐，電話02-2268-3466#510-10004/510-10009","查詢"
"2317","鴻海","111/09/06","16:00","電話會議","本公司受邀參加23rd Credit Suisse Asian Technology Conference，說明本公司營運概況。","231720220810M001.pdf","231720220810E001.pdf","","","無","查詢"
"2317","鴻海","111/09/07","15:00","電話會議","本公司受邀參加2022元大證券第三季投資論壇，說明本公司營運概況。","231720220810M001.pdf","231720220810E001.pdf","","","無","查詢"
"2317","鴻海","111/09/08","09:00","電話會議","本公司受邀參加23rd Credit Suisse Asian Technology Conference，說明本公司營運概況。","231720220810M001.pdf","231720220810E001.pdf","","","無","查詢"
"2317","鴻海","111/09/13","15:30","茹曦酒店 105台北市松山區敦化北路100號","本公司受邀參加群益第三季論壇，說明本公司營運概況。","231720220810M001.pdf","231720220810E001.pdf","","","無","查詢"
"2317","鴻海","111/08/26","10:00","電話會議","本公司受邀參加SMBC Nikko Securities Inc. 舉辦之法人交流會，說明本公司營運概況。","231720220810M001.pdf","231720220810E001.pdf","","","無","查詢"
"2317","鴻海","111/08/25","16:30","台北遠東香格里拉 (台北市大安區敦化南路二段201號)","本公司受邀參加BofA舉辦之BofA Asia Summer Tech Tour，說明本公司營運概況。","231720220810M001.pdf","231720220810E001.pdf","","","無","查詢"
"2317","鴻海","111/11/15","10:00","電話會議","本公司受邀參加JP Morgan舉辦之2022 Global TMT Conference in Asia，說明本公司營運概況。","231720221110M001.pdf","231720221110E001.pdf","","","無","查詢"
"2317","鴻海","111/11/16 至 111/11/18","15:30","MANDARIN ORIENTAL SINGAPORE
5 Raffles Avenue Marina Square, SINGAPORE","本公司受邀參加Morgan Stanley舉辦之Twenty-First Annual Asia Pacific Summit，說明本公司營運概況","231720221110M001.pdf","231720221110E001.pdf","","","無","查詢"
"2317","鴻海","111/11/22","14:00","台北W飯店
110台北市信義區忠孝東路五段10號","本公司受邀參加Citi舉辦之Asia Tech Tour，說明本公司營運概況。","231720221110M001.pdf","231720221110E001.pdf","","","無","查詢"
"2317","鴻海","111/11/23","16:00","臺北遠東香格里拉
106台北市大安區敦化南路二段201號","本公司受邀參加CLSA舉辦之Taiwan Market Mover 2023 Access Day，說明本公司營運概況。","231720221110M001.pdf","231720221110E001.pdf","","","無","查詢"
"2317","鴻海","111/08/29","16:00","Le Meridien 寒舍艾美酒店
台北市信義區松仁路38號","本公司受邀參加JPMorgan Asia Tech Tour，說明本公司營運概況。","231720220810M001.pdf","231720220810E001.pdf","","","無","查詢"
"2317","鴻海","111/08/31","16:00","電話會議","本公司受邀參加Citi Asia TMT Day，說明本公司營運概況。","231720220810M001.pdf","231720220810E001.pdf","","","無","查詢"
"2317","鴻海","111/12/13","15:00","電話會議","本公司受邀參加元大證券舉辦之法人交流會，說明本公司營運概況。","231720221110M001.pdf","231720221110E001.pdf","","","無","查詢"
"2317","鴻海","111/09/21","14:40","電話會議","本公司受邀參加臺灣證券交易所及寬量國際共同主辦之線上法說會「12th Taiwan CEO Week」，說明本公司營運概況。","231720220810M001.pdf","231720220810E001.pdf","","","無","查詢"
"2317","鴻海","111/09/22","09:00","電話會議","本公司受邀參加Daiwa-Affin Hwang Taiwan Corporate Day，說明本公司營運概況。","231720220810M001.pdf","231720220810E001.pdf","","","無","查詢"
"2317","鴻海","111/09/23","09:15","電話會議","本公司受邀參加由Silver Point Advisors舉辦之線上座談會，說明本公司營運概況。","231720220810M001.pdf","231720220810E001.pdf","","","無","查詢"
"2317","鴻海","111/10/20","09:00","110台北市信義區松仁路7號5樓","本公司受邀參加UBS舉辦之Taiwan Technology Day: Automotive Supply Chain，說明本公司營運概況。","231720220810M001.pdf","231720220810E001.pdf","","","無","查詢"
"2317","鴻海","111/10/07","14:00","電話會議","本公司受邀參加日盛證券舉辦之法人交流會，說明本公司營運概況。","231720220810M001.pdf","231720220810E001.pdf","","","無","查詢"
"2317","鴻海","111/10/05","16:15","電話會議","本公司受邀參加Federated Hermes Limited舉辦之EOS Client Advisory Council，說明本公司ESG進度與概況。","231720220810M001.pdf","231720220810E001.pdf","","","無","查詢"
"2317","鴻海","111/11/11","09:00","台北君悅酒店
110台北市信義區松壽路2號","本公司受邀參加Macquarie舉辦之Taiwan Corporate Day，說明本公司營運概況。","231720221110M001.pdf","231720221110E001.pdf","","","無","查詢"
"2317","鴻海","111/11/11","16:00","電話會議","本公司受邀參加Morgan Stanley舉辦之3Q22 Post-Results Conference Call，說明本公司營運概況。","231720221110M001.pdf","231720221110E001.pdf","","","無","查詢"
"2317","鴻海","111/11/11","11:30","台北W飯店
110台北市信義區忠孝東路五段10號","本公司受邀參加Raymond James &amp; Associates舉辦之法人座談會，說明本公司營運概況。","231720221110M001.pdf","231720221110E001.pdf","","","無","查詢"
"2321","東訊","111/11/02","16:00","線上法說會","公司簡介及營運概況等","232120221102M001.pdf","232120221102E001.pdf","https://www.tecom.com.tw/tw/",中文影音檔網址:2321_6_20221102_ch.mp4 ,"無","查詢"
"2323","中環","111/12/09","15:00","台北市重慶南路一段2號7樓(永豐金證券)","公司簡介與營運概況","232320221209M001.pdf","232320221209E001.pdf","","","本公司受邀參加永豐金證券舉辦之法人說明會","查詢"
"2324","仁寶","111/03/18","10:00","電話會議","美銀證券所舉辦之APAC TMT Conference，就公司營運概況向投資機構做說明","232420220317M001.pdf","232420220317E001.pdf","www.compal.com","","無","查詢"
"2324","仁寶","111/06/10","10:00","電話會議","美銀證券舉辦之2022 Innovative China Conference，就公司營運概況向投資機構做說明。","232420220609M001.pdf","232420220609E001.pdf","www.compal.com","","無","查詢"
"2324","仁寶","111/01/06","09:00","電話會議","由瑞士信貸舉辦之線上會議就公司營運及產業概況向投資機構做說明","232420220105M001.pdf","232420220105E001.pdf","www.compal.com","","無","查詢"
"2324","仁寶","111/03/15","14:30","電話會議","UBS舉辦之法人說明會說明110年第四季財務數字及展望","232420220315M001.pdf","232420220315E001.pdf","www.compal.com","","無","查詢"
"2324","仁寶","111/03/30","14:00","電話會議","凱基證券所舉辦之線上法人座談會，就公司營運概況向投資機構做說明。","232420220328M001.pdf","232420220328E001.pdf","www.compal.com","","無","查詢"
"2324","仁寶","111/08/12","14:00","電話會議","UBS舉辦之仁寶電腦111年第二季線上法人說明會","232420220812M001.pdf","232420220812E001.pdf","www.compal.com","","無","查詢"
"2324","仁寶","111/04/08","10:00","電話會議","台灣證券交易所與Goldman Sachs舉辦之Taiwan Corporate Day 2022，就公司營運概況向投資機構做說明。","232420220406M001.pdf","232420220406E001.pdf","www.compal.com","","無","查詢"
"2324","仁寶","111/05/12","14:30","線上會議","元富證券所舉辦之「2022年5月台股企業日」，就公司營運概況向投資機構做說明。","232420220511M001.pdf","232420220511E001.pdf","www.compal.com","","無","查詢"
"2324","仁寶","111/05/18","10:00","線上會議","Citi Regional Tech Conference，就公司營運概況向投資機構做說明。","232420220517M001.pdf","232420220517E001.pdf","www.compal.com","","無","查詢"
"2324","仁寶","111/09/13","14:00","茹曦酒店","群益第三季論壇，會中說明本公司營運概況。","232420220912M001.pdf","232420220912E001.pdf","www.compal.com","","無","查詢"
"2324","仁寶","111/09/15","14:00","線上會議","台灣董事學會、臺灣證券交易所及安擘諮詢共同舉辦之2022線上數位引資論壇，會中說明本公司營運概況。","232420220912M002.pdf","232420220912E002.pdf","www.compal.com","","無","查詢"
"2324","仁寶","111/09/08","10:00","線上會議","瑞士信貸舉辦之Asian Technology Conference，就公司營運及產業概況向投資機構做說明。","232420220906M001.pdf","232420220906E001.pdf","www.compal.com","","無","查詢"
"2324","仁寶","111/11/15","14:00","線上會議","凱基證券舉辦之法人說明會，說明本公司營運概況。","232420221114M001.pdf","232420221114E001.pdf","www.compal.com","","無","查詢"
"2324","仁寶","111/12/01","10:50","台北萬豪酒店","群益第四季論壇，會中說明本公司營運概況。","232420221130M001.pdf","232420221130E001.pdf","www.compal.com","","無","查詢"
"2324","仁寶","111/10/12","14:30","線上會議","元富證券之2022年台股企業日，說明本公司營運概況。","232420221013M001.pdf","232420221013E001.pdf","www.compal.com","","無","查詢"
"2327","國巨*","111/05/25","14:30","線上電話會議","本公司於111/05/25受邀參加由元大證券舉辦之&quot;2022年第二季投資產業線上論壇&quot;，
就公司營運及產業概況向投資機構說明。","232720220524M001.pdf","232720220524E001.pdf","https://www.yageo.com/zh-TW/Download/Index/investor_conference#bottom_link_title","","公司網站www.yageo.com/zh-TW/Download/Index/investor_conference#bottom_link_title","查詢"
"2327","國巨*","111/04/26","16:00","線上電話會議","本公司於111/04/26受邀參加由摩根士丹利證券舉辦之線上法說會，
說明111年第一季營運報告，並就公司營運及產業概況向投資機構做說明。","232720220426M001.pdf","232720220426E001.pdf","https://www.yageo.com/zh-TW/Download/Index/investor_conference#bottom_link_title","","公司網站www.yageo.com/zh-TW/Download/Index/investor_conference#bottom_link_title","查詢"
"2327","國巨*","111/08/11","16:00","線上電話會議","本公司於111/08/11受邀參加由摩根士丹利證券舉辦之線上法說會，
說明111年第二季營運報告，並就公司營運及產業概況向投資機構做說明。","232720220811M001.pdf","232720220811E001.pdf","https://www.yageo.com/zh-TW/Download/Index/investor_conference#bottom_link_title","","公司網站www.yageo.com/zh-TW/Download/Index/investor_conference#bottom_link_title","查詢"
"2327","國巨*","111/03/09 至 111/03/10","16:00","線上電話會議","本公司於111/03/09~111/03/10受邀參加由花旗證券舉辦之線上論壇&quot;Taiwan Corporate Day 2022&quot;,
就公司營運及產業概況向投資機構做說明。","232720220308M001.pdf","232720220308E001.pdf","https://www.yageo.com/zh-TW/Download/Index/investor_conference#bottom_link_title","","公司網站www.yageo.com/zh-TW/Download/Index/investor_conference#bottom_link_title","查詢"
"2327","國巨*","111/03/10","14:30","線上電話會議","本公司於111/03/10受邀參加由元富證券舉辦之&quot;2022年3月台股企業日&quot;,
就公司營運及產業概況向投資機構做說明。","232720220308M004.pdf","232720220308E004.pdf","https://www.yageo.com/zh-TW/Download/Index/investor_conference#bottom_link_title","","公司網站www.yageo.com/zh-TW/Download/Index/investor_conference#bottom_link_title","查詢"
"2327","國巨*","111/03/15 至 111/03/16","10:00","線上電話會議","本公司於111/03/15~111/03/16受邀參加由美銀證券舉辦之線上論壇&quot;2022 APAC TMT Conference&quot;,
就公司營運及產業概況向投資機構做說明。","232720220308M005.pdf","232720220308E005.pdf","https://www.yageo.com/zh-TW/Download/Index/investor_conference#bottom_link_title","","公司網站www.yageo.com/zh-TW/Download/Index/investor_conference#bottom_link_title","查詢"
"2327","國巨*","111/03/18","15:00","線上電話會議","本公司於111/03/18受邀參加由摩根士丹利證券舉辦之線上法說會，
說明110年第四季營運報告，並就公司營運及產業概況向投資機構做說明。","232720220318M001.pdf","232720220318E001.pdf","https://www.yageo.com/zh-TW/Download/Index/investor_conference#bottom_link_title","","公司網站www.yageo.com/zh-TW/Download/Index/investor_conference#bottom_link_title","查詢"
"2327","國巨*","111/11/03","16:00","香格里拉台北遠東國際大飯店","本公司於111/11/03受邀參加由凱基證券舉辦之法說會，
並就公司在感測器市場的策略佈局向投資機構說明。","232720221110M002.pdf","232720221110E002.pdf","https://www.yageo.com/zh-TW/Download/Index/investor_conference#bottom_link_title","","公司網站www.yageo.com/zh-TW/Download/Index/investor_conference#bottom_link_title","查詢"
"2327","國巨*","111/11/14","10:00","線上電話會議","本公司於111/11/14受邀參加由大和證券舉辦之&quot;Daiwa Investment Conference Hong Kong 2022&quot;，
就公司營運及產業概況向投資機構說明。","232720221110M003.pdf","232720221110E003.pdf","https://www.yageo.com/zh-TW/Download/Index/investor_conference#bottom_link_title","","公司網站www.yageo.com/zh-TW/Download/Index/investor_conference#bottom_link_title","查詢"
"2327","國巨*","111/11/15 至 111/11/16","10:00","線上電話會議","本公司於111/11/15~11/16受邀參加由摩根大通證券舉辦之&quot;2022 Global TMT Conference in Asia&quot;，
就公司營運及產業概況向投資機構說明。","232720221110M003.pdf","232720221110E003.pdf","https://www.yageo.com/zh-TW/Download/Index/investor_conference#bottom_link_title","","公司網站www.yageo.com/zh-TW/Download/Index/investor_conference#bottom_link_title","查詢"
"2327","國巨*","111/08/31","10:00","線上電話會議","本公司於111/08/31受邀參加由花旗證券舉辦之&quot;Citi Asia 
TMT Day 2022&quot;，
就公司營運及產業概況向投資機構說明。","232720220830M002.pdf","232720220830E002.pdf","https://www.yageo.com/zh-TW/Download/Index/investor_conference#bottom_link_title","","公司網站www.yageo.com/zh-TW/Download/Index/investor_conference#bottom_link_title","查詢"
"2327","國巨*","111/09/01","10:00","線上電話會議","本公司於111/09/01受邀參加由摩根士丹利證券舉辦之 
&quot;Virtual Asia TMT 
Conference 2022&quot;，就公司營運及產業概況向投資機構說明。","232720220830M001.pdf","232720220830E001.pdf","https://www.yageo.com/zh-TW/Download/Index/investor_conference#bottom_link_title","","公司網站www.yageo.com/zh-TW/Download/Index/investor_conference#bottom_link_title","查詢"
"2327","國巨*","111/09/05 至 111/09/06","16:00","線上電話會議","本公司於111/09/05~09/06受邀參加由瑞士信貸證券舉辦之
&quot;23rd Credit Suisse Asian Technology Conference&quot;，
就公司營運及產業概況向投資機構說明。","232720220902M002.pdf","232720220902E002.pdf","https://www.yageo.com/zh-TW/Download/Index/investor_conference#bottom_link_title","","公司網站www.yageo.com/zh-TW/Download/Index/investor_conference#bottom_link_title","查詢"
"2327","國巨*","111/09/06","15:30","香格里拉台北遠東國際大飯店","本公司於111/09/06受邀參加由永豐金證券舉辦之&quot;2022年第三季產業投資論壇&quot;，
就公司營運及產業概況向投資機構說明。","232720220902M001.pdf","232720220902E001.pdf","https://www.yageo.com/zh-TW/Download/Index/investor_conference#bottom_link_title","","公司網站www.yageo.com/zh-TW/Download/Index/investor_conference#bottom_link_title","查詢"
"2327","國巨*","111/09/08","09:00","線上電話會議","本公司於111/09/08受邀參加由Jefferies和富邦證券 
共同舉辦之&quot;3rd Annual Jefferies 
Asia Forum&quot;，就公司營運及產業概況向投資機構說明。","232720220907M002.pdf","232720220907E002.pdf","https://www.yageo.com/zh-TW/Download/Index/investor_conference#bottom_link_title","","公司網站www.yageo.com/zh-TW/Download/Index/investor_conference#bottom_link_title","查詢"
"2327","國巨*","111/09/14 至 111/09/15","09:00","線上電話會議","本公司於111/09/14~09/15受邀參加由里昂證券舉辦之
&quot;29th Annual CITIC CLSA Flagship 
Investors&#039; Forum 2022&quot;，就公司營運及產業概況向投資機構說明。","232720220907M003.pdf","232720220907E003.pdf","https://www.yageo.com/zh-TW/Download/Index/investor_conference#bottom_link_title","","公司網站www.yageo.com/zh-TW/Download/Index/investor_conference#bottom_link_title","查詢"
"2327","國巨*","111/11/10","16:00","線上電話會議","本公司於111/11/10受邀參加由摩根士丹利證券舉辦之線上法說會，
說明111年第三季營運報告，並就公司營運及產業概況向投資機構做說明。","232720221110M003.pdf","232720221110E003.pdf","https://www.yageo.com/zh-TW/Download/Index/investor_conference#bottom_link_title","","公司網站www.yageo.com/zh-TW/Download/Index/investor_conference#bottom_link_title","查詢"
"2327","國巨*","111/12/01","14:00","W Hotel","本公司於111/12/01受邀參加由花旗證券舉辦之&quot;Taiwan Corporate Day&quot;，
就公司營運及產業概況向投資機構說明。","232720221130M001.pdf","232720221130E001.pdf","https://www.yageo.com/zh-TW/Download/Index/investor_conference#bottom_link_title","","公司網站www.yageo.com/zh-TW/Download/Index/investor_conference#bottom_link_title","查詢"
"2328","廣宇","111/06/21","11:00","線上會議","本公司受邀參加UBS Taiwan Virtual Conference 2022，說明本公司營運概況。","232820220620M002.pdf","232820220620E002.pdf","https://www.panpi.com.tw/tw/investor_service/corporate_governance/investor_meeting","","無","查詢"
"2328","廣宇","111/12/19","14:30","台北市中正區忠孝西路一段6號14樓","本公司受邀參加福邦證券所舉辦之法人說明會，說明本公司營運概況。","232820221219M001.pdf","232820221219E001.pdf","http://www.panpi.com.tw/tw/investor_service/corporate_governance/investor_meeting","","無","查詢"
"2329","華泰","111/11/25","14:30","台北市寶慶路69號4樓會議室","受邀參加元大證券舉辦之法說會，報告本公司營運狀況。","232920221125M001.pdf","232920221125E001.pdf","https://www.ose.com.tw/about/investment/shareholder/","","無","查詢"
"2330","台積電","111/01/13","14:00","線上法說會","(1)公布本公司2021年第4季財務報告及2022年第1季業績展望。(2)參加方式：請參見https://investor.tsmc.com/chinese/quarterly-results/2021/q4","233020220113M001.pdf","233020220113E001.pdf","https://investor.tsmc.com/chinese/quarterly-results/2021/q4",同步收看網址：:https://investor.tsmc.com/chinese/quarterly-results/2021/q4 法說會影音連結資訊:https://investor.tsmc.com/chinese/quarterly-results/2021/q4 ,"無。","查詢"
"2330","台積電","111/03/22","09:00","線上機構投資人說明會","&#8226;	本公司受邀參加瑞士信貸所舉辦之『25th Credit Suisse Asian Investment Conference』，會中就本公司1/13法說會已公開之財務數字、經營績效等相關資訊進行說明。","233020220113M001.pdf","233020220113E001.pdf","https://investor.tsmc.com/chinese/quarterly-results/","","無。","查詢"
"2330","台積電","111/02/22","09:00","線上機構投資人說明會","本公司受邀參加摩根大通證券所舉辦之「J.P. Morgan Taiwan CEO-CFO Conference 2022(Virtual)」，會中就本公司1/13法說會已公開之財務數字、經營績效等相關資訊進行說明。","233020220113M001.pdf","233020220113E001.pdf","https://investor.tsmc.com/chinese/quarterly-results/","","無。","查詢"
"2330","台積電","111/07/14","14:00","線上法說會","(1)公布本公司2022年第2季財務報告及2022年第3季業績展望。(2)參加方式：請參見https://investor.tsmc.com/chinese/quarterly-results/2022/q2","233020220714M001.pdf","233020220714E001.pdf","https://investor.tsmc.com/chinese/quarterly-results/2022/q2",同步收看網址：:https://investor.tsmc.com/chinese/quarterly-results/2022/q2 法說會影音連結資訊:https://investor.tsmc.com/chinese/quarterly-results/2022/q2 ,"無。","查詢"
"2330","台積電","111/06/20","16:00","線上機構投資人說明會","本公司受邀參加瑞銀證券所舉辦之『UBS Taiwan Virtual Conference 2022』，會中就本公司4/14法說會已公開之財務數字、經營績效等相關資訊進行說明。","233020220414M001.pdf","233020220414E001.pdf","https://investor.tsmc.com/chinese/quarterly-results/","","無。","查詢"
"2330","台積電","111/03/16","09:00","線上機構投資人說明會","本公司受邀參加美銀證券所舉辦之『BofA 2022 APAC TMT Conference』，會中就本公司1/13法說會已公開之財務數字、經營績效等相關資訊進行說明。","233020220113M001.pdf","233020220113E001.pdf","https://investor.tsmc.com/chinese/quarterly-results/","","無。","查詢"
"2330","台積電","111/05/19","09:00","線上機構投資人說明會","本公司受邀參加花旗環球證券所舉辦之『Regional Tech Investor Conference 2022』，會中就本公司4/14法說會已公開之財務數字、經營績效等相關資訊進行說明。","233020220414M001.pdf","233020220414E001.pdf","https://investor.tsmc.com/chinese/quarterly-results/","","無。","查詢"
"2330","台積電","111/04/14","14:00","線上法說會","(1)公布本公司2022年第1季財務報告及2022年第2季業績展望。(2)參加方式：請參見https://investor.tsmc.com/chinese/quarterly-results/2022/q1","233020220414M001.pdf","233020220414E001.pdf","https://investor.tsmc.com/chinese/quarterly-results/2022/q1",同步收看網址：:https://investor.tsmc.com/chinese/quarterly-results/2022/q1 法說會影音連結資訊:https://investor.tsmc.com/chinese/quarterly-results/2022/q1 ,"無。","查詢"
"2330","台積電","111/12/10","02:00","美國加州","本公司將舉辦『TSMC Investor Day』，會中就本公司10/13法說會已公開之財務數字、經營績效等相關資訊進行說明。","233020221013M001.pdf","233020221013E001.pdf","https://investor.tsmc.com/chinese/quarterly-results/","","無。","查詢"
"2330","台積電","111/11/16 至 111/11/18","09:30","新加坡東方文華酒店","本公司受邀參加摩根士丹利證券所舉辦之『Twenty-First Annual Asia Pacific Summit』，會中就本公司10/13法說會已公開之財務數字、經營績效等相關資訊進行說明。","233020221013M001.pdf","233020221013E001.pdf","https://investor.tsmc.com/chinese/quarterly-results/","","無。","查詢"
"2330","台積電","111/10/13","14:00","線上法說會","(1)公布本公司2022年第3季財務報告及2022年第4季業績展望。(2)參加方式：請參見https://investor.tsmc.com/chinese/quarterly-results/2022/q3","233020221013M001.pdf","233020221013E001.pdf","https://investor.tsmc.com/chinese/quarterly-results/2022/q3",同步收看網址：:https://investor.tsmc.com/chinese/quarterly-results/2022/q3 法說會影音連結資訊:https://investor.tsmc.com/chinese/quarterly-results/2022/q3 ,"無。","查詢"
"2331","精英","111/08/31","14:30","統一證券
台北市松山區東興路8號13樓(統一證券大樓)","本公司受邀參加統一證券法人說明會，就本公司已公布之經營績效等相關資訊做說明","233120220831M001.pdf","233120220831E001.pdf","","","無","查詢"
"2331","精英","111/12/07","14:30","永豐金證券 台北市重慶南路一段2號19樓(1901會議室)","本公司受邀參加永豐金證券舉辦之法人說明會，說明近期營運成果。","233120221207M001.pdf","233120221207E001.pdf","","","無","查詢"
"2332","友訊","111/03/30","14:30","統一證券集團大樓會議室（台北市松山區東興路8號）","本公司受邀參加統一證券所舉辦之法人說明會，說明本公司營運展望與經營績效。","233220220330M001.pdf","233220220330E001.pdf","https://www.ir-cloud.com/taiwan/2332/irwebsite_c/index.php?mod=event","","無","查詢"
"2332","友訊","111/12/19","14:30","統一證券集團大樓會議室（台北市松山區東興路8號）","本公司受邀參加統一證券所舉辦之法人說明會，說明本公司營運展望與經營績效。","233220221219M001.pdf","233220221219E001.pdf","http://www.ir-cloud.com/taiwan/2332/irwebsite_c/index.php?mod=event","","無","查詢"
"2337","旺宏","111/02/21 至 111/02/22","10:00","線上法人說明會","本公司受邀參加摩根大通舉辦之「Taiwan CEO-CFO Conference 2022」，會中就本公司已公開資訊做說明。","233720220125M001.pdf","233720220125E001.pdf","https://www.macronix.com/zh-tw/about/investor-relations/Pages/quarterly-results.aspx","","無","查詢"
"2337","旺宏","111/03/09","14:30","台北","本公司受邀參加元富證券舉辦之「2022年台股企業日」，會中就本公司已公開資訊做說明。","233720220125M001.pdf","233720220125E001.pdf","https://www.macronix.com/zh-tw/about/investor-relations/Pages/quarterly-results.aspx","","無","查詢"
"2337","旺宏","111/03/10","10:00","線上法人說明會","本公司受邀參加花旗證券舉辦之「Taiwan Corporate Day 2022」，會中就本公司已公開資訊做說明。","233720220125M001.pdf","233720220125E001.pdf","https://www.macronix.com/zh-tw/about/investor-relations/Pages/quarterly-results.aspx","","無","查詢"
"2337","旺宏","111/03/03 至 111/03/04","10:50","線上法人說明會","本公司受邀參加以下法人說明會，會中就本公司已公開資訊做說明：(1)111/03/03受邀參加群益金鼎證券舉辦之「2022年第一季投資論壇」；(2)111/03/04受邀參加台新證券舉辦之「台新2022年3月台股企業日(Corporate Day)」。","233720220125M001.pdf","233720220125E001.pdf","https://www.macronix.com/zh-tw/about/investor-relations/Pages/quarterly-results.aspx","","無","查詢"
"2337","旺宏","111/03/15 至 111/03/16","10:00","線上法人說明會","本公司受邀參加美銀證券舉辦之「2022 APAC TMT Conference」，會中就本公司已公開資訊做說明。","233720220125M001.pdf","233720220125E001.pdf","https://www.macronix.com/zh-tw/about/investor-relations/Pages/quarterly-results.aspx","","無","查詢"
"2337","旺宏","111/06/01 至 111/06/02","15:00","線上法人說明會","本公司受邀參加美銀證券舉辦之「2022 Innovative China Conference」，會中就本公司已公開資訊做說明。","233720220426M001.pdf","233720220426E001.pdf","https://www.macronix.com/zh-tw/about/investor-relations/Pages/quarterly-results.aspx","","無","查詢"
"2337","旺宏","111/01/25","16:00","線上法人說明會","旺宏電子2021年第四季營運成果報告","233720220125M001.pdf","233720220125E001.pdf","https://www.macronix.com/zh-tw/about/investor-relations/Pages/quarterly-results.aspx",法說會影音連結資訊:https://www.macronix.com/zh-tw/about/investor-relations/Pages/quarterly-results.aspx ,"無","查詢"
"2337","旺宏","111/06/09 至 111/06/10","13:30","線上法人說明會","本公司受邀參加元富證券與櫃買中心共同舉辦之「MasterLink x TPEx Taiwan Technology Day」，會中就本公司已公開資訊做說明。","233720220426M001.pdf","233720220426E001.pdf","https://www.macronix.com/zh-tw/about/investor-relations/Pages/quarterly-results.aspx","","無","查詢"
"2337","旺宏","111/04/06","11:00","線上法人說明會","本公司受邀參加證交所與高盛證券共同舉辦之「TWSE/GS Taiwan Corporate Day 2022」，會中就本公司已公開資訊做說明。","233720220125M001.pdf","233720220125E001.pdf","https://www.macronix.com/zh-tw/about/investor-relations/Pages/quarterly-results.aspx","","無","查詢"
"2337","旺宏","111/05/11","10:00","線上法人說明會","本公司受邀參加Macquarie舉辦之「DELTAH China Virtual Conference」，會中就本公司已公開資訊做說明。","233720220426M001.pdf","233720220426E001.pdf","https://www.macronix.com/zh-tw/about/investor-relations/Pages/quarterly-results.aspx","","無","查詢"
"2337","旺宏","111/03/17","15:15","台北","本公司受邀參加統一證券舉辦之「2022 Q1 春季投資論壇」，會中就本公司已公開資訊做說明。","233720220125M001.pdf","233720220125E001.pdf","https://www.macronix.com/zh-tw/about/investor-relations/Pages/quarterly-results.aspx","","無","查詢"
"2337","旺宏","111/04/26","16:00","線上法人說明會","旺宏電子2022年第一季營運成果報告","233720220426M001.pdf","233720220426E001.pdf","https://www.macronix.com/zh-tw/about/investor-relations/Pages/quarterly-results.aspx",法說會影音連結資訊:https://www.macronix.com/zh-tw/about/investor-relations/Pages/quarterly-results.aspx ,"無","查詢"
"2337","旺宏","111/05/18 至 111/05/20","11:00","線上法人說明會","本公司受邀參加花旗證券舉辦之「Regional Tech Conference」，會中就本公司已公開資訊做說明。","233720220426M001.pdf","233720220426E001.pdf","https://www.macronix.com/zh-tw/about/investor-relations/Pages/quarterly-results.aspx","","無","查詢"
"2337","旺宏","111/04/28","10:00","線上法人說明會","本公司受邀參加台灣證券交易所與寬量國際共同舉辦之「11th Taiwan CEO Week」，會中就本公司已公開資訊做說明。","233720220426M001.pdf","233720220426E001.pdf","https://www.macronix.com/zh-tw/about/investor-relations/Pages/quarterly-results.aspx","","無","查詢"
"2337","旺宏","111/07/26","16:00","線上法人說明會","旺宏電子2022年第二季營運成果報告","233720220726M001.pdf","233720220726E001.pdf","https://www.macronix.com/zh-tw/about/investor-relations/Pages/quarterly-results.aspx",法說會影音連結資訊:https://www.macronix.com/zh-tw/about/investor-relations/Pages/quarterly-results.aspx ,"無","查詢"
"2337","旺宏","111/10/25","16:00","線上法人說明會","旺宏電子2022年第三季營運成果報告","233720221025M001.pdf","233720221025E001.pdf","https://www.macronix.com/zh-tw/about/investor-relations/Pages/quarterly-results.aspx",法說會影音連結資訊:https://www.macronix.com/zh-tw/about/investor-relations/Pages/quarterly-results.aspx ,"無","查詢"
"2337","旺宏","111/09/20","10:00","線上法人說明會","本公司受邀參加台灣證券交易所與寬量國際共同舉辦之「12th Taiwan CEO Week」，會中就本公司已公開資訊做說明。","233720220726M001.pdf","233720220726E001.pdf","https://www.macronix.com/zh-tw/about/investor-relations/Pages/quarterly-results.aspx","","無","查詢"
"2338","光罩","111/12/08","11:15","台北君悅酒店/台北市信義區松壽路2號","本公司受邀參加統一證券國法部舉辦之「統一證券2022 Q4全球展望冬季投資論壇」","233820221208M001.pdf","233820221208E001.pdf","https://www.tmcnet.com.tw/","","無。","查詢"
"2338","光罩","111/08/30","14:00","台北晶華酒店4樓會議室","本公司受邀參加台新證券舉辦之「台新2022年第三季全球投資論壇」","233820220830M001.pdf","233820220830E001.pdf","https://www.tmcnet.com.tw/","","無。","查詢"
"2340","台亞","111/11/22","16:00","新竹豐邑喜來登大飯店3樓東館宴會I廳
（新竹縣竹北市光明六路東一段265號3樓）","本公司舉辦財務業務概況座談會","234020221121M001.pdf","234020221121E001.pdf","https://www.tascsemi.com/investor-relations/shareholder-column/law-meeting/",同步收看網址：:https://www.youtube.com/watch?v=6Eo8bqxEfPQ 法說會影音連結資訊:https://www.tascsemi.com/investor-relations/shareholder-column/law-meeting/ ,"無","查詢"
"2342","茂矽","111/03/16","14:30","台灣證券交易所一樓資訊展示中心
(台北市信義路五段7號1樓)","說明公司110年營運狀況及未來展望","234220220316M001.pdf","234220220316E001.pdf","http://www.mosel.com.tw/investor_1.aspx",法說會影音連結資訊:https://webpro.twse.com.tw/webportal/vod/101/79497B6CD843-5A08D755-A4FE-11EC-A368/?categoryId=101 ,"無","查詢"
"2344","華邦電","111/02/11","15:30","線上法說會","本公司舉行110年下半年度法人說明會，將於會中就公司110年下半年度財務數字與營運概況做說明","234420220211M001.pdf","234420220211E001.pdf","http://www.winbond.com/",同步收看網址：:https://wms.gridow.com/ir/winbond/winbond_21Q4.html 法說會影音連結資訊:https://wms.gridow.com/ir/winbond/winbond_21Q4.html ,"無","查詢"
"2344","華邦電","111/08/05","15:00","線上法說會","本公司舉行111年上半年度法人說明會，將於會中就公司111年上半年度財務數字與營運概況做說明","234420220809M001.pdf","234420220809E001.pdf","http://www.winbond.com",同步收看網址：:https://wms.gridow.com/ir/winbond/winbond_1H22.html 法說會影音連結資訊:https://wms.gridow.com/ir/winbond/winbond_1H22.html ,"無","查詢"
"2345","智邦","111/11/18","14:30","線上會議","說明本公司之營運概況及財務相關資訊。","234520221117M001.pdf","234520221117E001.pdf","http://www.accton.com.tw/investor-conference/",法說會影音連結資訊:https://www.accton.com.tw/investor-conference/ ,"無","查詢"
"2347","聯強","111/05/06","14:00","台北市民生東路3段75號11樓，同步視訊","本公司受元大證券邀請參加聯強(2347)法人說明會，說明公司業務狀況","234720220506M001.pdf","234720220506E001.pdf","http://www.synnex-grp.com/tw","","無","查詢"
"2347","聯強","111/05/19","11:00","線上法人&#35500;明會","本公司受邀參加花旗證券舉辦之Citi Regional Tech Conference 2022說明本公司營運狀況","234720220506M001.pdf","234720220506E001.pdf","http://www.synnex-grp.com/tw","","無","查詢"
"2347","聯強","111/01/05 至 111/01/06","14:30","台北文創(台北市信義區菸廠路88號)","本公司受邀參加元富證券X證交所-2022智慧台灣產業論壇，說明公司業務狀況","234720220104M001.pdf","234720220104E001.pdf","http://www.synnex-grp.com/en/financial-calendar","","無","查詢"
"2347","聯強","111/03/14","14:00","台北市民生東路3段75號11樓，同步視訊","本公司受元大證券邀請參加聯強(2347)法人說明會，說明公司業務狀況","234720220314M001.pdf","234720220314E001.pdf","http://www.synnex-grp.com/tw","","詳細會議資訊請參考本公司官網-投資人關係 (http://www.synnex-grp.com/tw)","查詢"
"2347","聯強","111/03/28","11:30","線上法人說明會","本公司受邀參加，ICA專顧研究舉辦之『第二屆亞洲未來峰會』，並就本公司營運狀況做說明。","234720220325M001.pdf","234720220325E001.pdf","http://www.synnex-grp.com/tw","","無","查詢"
"2347","聯強","111/08/08","14:00","台北市民生東路3段75號11樓，同步視訊","說明公司業務狀況","234720220808M001.pptx","234720220808E001.pptx","http://www.synnex-grp.com/tw","","無","查詢"
"2347","聯強","111/11/07","14:00","台北市民生東路3段75號11樓，同步視訊","說明公司業務狀況","234720221107M001.pdf","234720221107E001.pdf","http://www.synnex-grp.com/tw","","無","查詢"
"2347","聯強","111/09/13","15:20","台北市松山區敦化北路100號茹曦酒店","說明公司業務狀況","234720220912M001.pptx","234720220912E001.pptx","http://www.synnex-grp.com/tw","","無","查詢"
"2348","海悅","111/11/30","14:30","台北市忠孝東路二段95號13樓","111年第三季營運成果及未來展望","234820221130M002.pptx","234820221130E002.pptx","","","因疫情關係，請於會議進行時全程配戴口罩 ，以維護個人健康。","查詢"
"2349","錸德","111/12/06","14:00","線上法說會","本公司受邀參加國票綜合證券線上法人說明會，說明本公司營運概況。","234920221206M001.pptx","234920221206E001.ppt","http://www.ritek.com.tw",法說會影音連結資訊:未輸 ,"無。","查詢"
"2351","順德","111/05/18","15:00","線上座談會","本公司受邀參加證交所與永豐金證券舉辦之線上法說會-「SinoPac x TWSE Taiwan Corporate Day 2022」","235120220517M001.pdf","235120220517E001.pdf","http://www.sdi.com.tw","","無","查詢"
"2351","順德","111/03/10","15:30","線上法說會","本公司受邀參加國泰證券舉辦之第一季產業論壇","235120220309M001.pdf","235120220309E001.pdf","http://www.sdi.com.tw","","無","查詢"
"2351","順德","111/03/22 至 111/03/23","14:00","線上座談會","本公司受邀參加美國銀行美林證券舉辦之線上法說會-「 BofA Securities 2022 APAC TMT Conference」","235120220321M001.pdf","235120220321E001.pdf","http://www.sdi.com.tw","","無","查詢"
"2351","順德","111/05/19","10:00","線上座談會","受邀參加花旗證券舉辦之「Regional Tech Conference 2022」","235120220517M001.pdf","235120220517E001.pdf","http://www.sdi.com.tw","","無","查詢"
"2351","順德","111/07/11 至 111/07/13","16:00","歐洲地區","本公司受邀參加永豐金證券訂於111/7/11-7/13於歐洲地區參加海外投資人會議，說明本公司營運概況","235120220708M001.pdf","235120220708E001.pdf","http://www.sdi.com.tw","","無","查詢"
"2351","順德","111/11/16 至 111/11/17","09:30","新加坡","本公司受邀參加摩根士丹利證券訂於111/11/16-11/17於新加坡參加海外投資人會議，說明本公司營運概況","235120221115M001.pdf","235120221115E001.pdf","http://www.sdi.com.tw","","無","查詢"
"2351","順德","111/10/20 至 111/10/21","13:00","10/20台北國泰金融中心及10/21線上座談會","本公司受邀參加瑞銀證券舉辦之法說會-「UBS Taiwan Technology Day: Automotive Supply Chain」","235120221005M001.pdf","235120221005E001.pdf","http://www.sdi.com.tw","","無","查詢"
"2351","順德","111/09/07","14:30","線上座談會","本公司受邀參加國泰證券舉辦之第三季產業論壇","235120220906M001.pdf","235120220906E001.pdf","http://www.sdi.com.tw","","無","查詢"
"2351","順德","111/12/02","14:00","線上座談會","本公司受邀參加花旗證券舉辦之「 Citi Taiwan Corporate Day」","235120221121M001.pdf","235120221121E001.pdf","http://www.sdi.com.tw","","無","查詢"
"2351","順德","111/11/29","15:00","線上座談會","本公司受邀參加大和國泰證券舉辦之「 EV &amp; Auto Tech Tour」","235120221121M001.pdf","235120221121E001.pdf","http://www.sdi.com.tw","","無","查詢"
"2351","順德","111/11/22","14:00","台北遠東香格里拉","本公司受邀參加里昂證券舉辦之法說會-「Taiwan Market Mover 2023 Access Day」","235120221121M001.pdf","235120221121E001.pdf","http://www.sdi.com.tw","","無","查詢"
"2351","順德","111/10/06","15:00","線上座談會","本公司受邀參加野村證券舉辦之線上法說會-「Nomura Virtual Taiwan Corporate Day 2022」","235120221005M001.pdf","235120221005E001.pdf","http://www.sdi.com.tw","","無","查詢"
"2352","佳世達","111/08/08","14:00","線上法說會","本公司2022年第二季財務結果及業務摘要","235220220808M001.pdf","235220220808E001.pdf","https://www.qisda.com/tw/investor/ir-activities",中文影音檔網址:2352_41_20220808_ch.mp4 ,"會議簡報檔及影音連結將於法人說明會後揭露於公開資訊觀測站。","查詢"
"2352","佳世達","111/03/09","14:30","線上法說會","本公司2021年第四季財務結果及業務摘要","235220220309M001.pdf","235220220309E001.pdf","https://www.qisda.com.tw/page.aspx?uid=100",中文影音檔網址:2352_39_20220309_ch.mp4 ,"會議簡報檔案及影音連結將於法人說明會後揭露於公開資訊觀測站。","查詢"
"2352","佳世達","111/05/09","14:30","線上法說會","本公司2022年第一季財務結果及業務摘要","235220220509M001.pdf","235220220509E001.pdf","https://www.qisda.com.tw/page.aspx?uid=100",中文影音檔網址:2352_40_20220509_ch.mp4 ,"會議簡報檔案及影音連結將於法人說明會後揭露於公開資訊觀測站。","查詢"
"2352","佳世達","111/11/07","14:00","本公司基湖大樓(台北市內湖區基湖路16號)","本公司2022年第三季財務結果及業務摘要","235220221107M001.pdf","235220221107E001.pdf","https://www.qisda.com/tw/investor/ir-activities",中文影音檔網址:2352_43_20221107_ch.mp4 ,"會議簡報檔案及影音連結將於法人說明會後揭露於公開資訊觀測站。","查詢"
"2352","佳世達","111/09/14","16:00","線上會議","本公司受邀參加台灣董事學會、臺灣證券交易所及安擘諮詢共同舉辦之2022線上數位引資論壇，說明本公司第二季營運成果。","235220220808M001.pdf","235220220808E001.pdf","https://www.qisda.com/tw/investor/ir-activities","","完整財務業務資訊請至公開資訊觀測站之法人說明會一覽表或法說會項目下查閱。","查詢"
"2353","宏碁","111/03/21 至 111/04/12","10:00","線上法說會","公告本公司受邀參加以下之說明會，會中將就本公司已公
開發佈之財務數字、經營績效等相關資訊做說明。簡報資
料請參閱公開資訊觀測站。
(1)111年3月21日：美林證券舉辦之2022 Asia Pacific 
   Telecom, Media &amp; Technology Conference
(2)111年3月22日：摩根史坦利證券舉辦之Virtual Hong
    Kong Summit 2022
(3)111年4月6日-111年4月7日：交易所與高盛證券共同
   舉辦之TWSE/GS Virtual Taiwan Corporate Day2022
(4)111年4月12日：元富證券舉辦之2022年台股企業日","235320220316M001.pdf","235320220316E001.pdf","http://www.acer-group.com","","無","查詢"
"2353","宏碁","111/05/18 至 111/06/16","16:00","線上法人說明會","公告本公司受邀參加以下之說明會，會中將就本公司已公開發佈之財務數字、經營績效等相關資訊做說明。 簡報資料請參閱公開資訊觀測站。 
(1)111年5月18日受邀參加花旗證券舉辦之Regional Tech Conference 2022 (Virtual) 
(2)111年6月16日受邀參加元富證券舉辦之2022年6月台股企業日","235320220506M001.pdf","235320220506E001.pdf","http://www.acer-group.com","","無","查詢"
"2353","宏碁","111/01/05 至 111/01/07","14:30","線上轉播","本公司受邀參加Credit Suisse 2022 Greater China Technology and Internet Conference，會中就宏碁之業務狀況說明。","235320211108M002.pdf","235320211108E002.pdf","http://www.acer-group.com","","無","查詢"
"2353","宏碁","111/05/20 至 111/06/20","14:30","線上法人說明會","公告本公司受邀參加以下之說明會，會中將就本公司已公開發佈之財務數字、經營績效等相關資訊做說明。
簡報資料請參閱公開資訊觀測站。
(1)111年5月20日：受邀參加KGI證券舉辦之宏碁股份有限公司線上法人說明會
(2)111年5月30日：受邀參加美林證券舉辦之2022 Innovative China Conference
(3)111年5月31日：受邀參加摩根史坦利證券舉辦之2022 Morgan Stanley Japan Summit
(4)111年6月20日：受邀參加瑞銀證券舉辦之UBS Taiwan Virtual Conference 2022","235320220506M001.pdf","235320220506E001.pdf","http://www.acer-group.com","","無","查詢"
"2353","宏碁","111/11/09","10:00","君悅飯店","公告本公司111年11月09日受邀參加瑞信證券舉辦之Credit Suisse 2022 Taiwan Tech Tour，會中就本公司已公開發佈之財務數字、經營績效等相關資訊做說明。簡報資料請參閱公開資訊觀測站。","235320221108M001.pdf","235320221108E001.pdf","http://www.acer-group.com","","無","查詢"
"2353","宏碁","111/09/05 至 111/09/08","10:00","線上法人說明會","公告本公司受邀參加以下之說明會，會中將就本公司已公開發佈之財務數字、經營績效等相關資訊做說明。
簡報資料請參閱公開資訊觀測站。
(1)111年09月05日：受邀參加瑞士信貸證券舉辦之23rd Credit Suisse Asian Technology Conference (9/5-9/8)
(2)111年09月07日：受邀參加Jefferies證券舉辦之3rd Annual Jefferies Asia Forum (9/7-9/9)","235320220901M001.pdf","235320220901E001.pdf","http://www.acer-group.com","","無","查詢"
"2354","鴻準","111/03/18","14:00","電話會議","本公司受邀參加美銀美林舉辦之BofA 2022 APAC TMT Conference，說明本公司營運概況。","235420220317M001.pdf","235420220317E001.pdf","https://www.foxconntech.com.tw/","","無","查詢"
"2355","敬鵬","111/11/24","14:00","康和綜合證券總公司B2會議室 台北市信義區基隆路一段176號B2","公司營運介紹及說明","235520221124M001.pdf","235520221124E001.pdf","","","無","查詢"
"2356","英業達","111/03/18","10:00","電話會議","本公司受邀參加富邦證券所舉辦之Jefferies Virtual Asia Techknowledge Tour說明本公司營運概況","235620220317M001.pdf","235620220317E001.pdf","https://www.inventec.com","","無","查詢"
"2356","英業達","111/03/18","16:00","電話會議","本公司受邀參加美國銀行美林證券所舉辦之BOA APAC TMT Conference說明本公司營運概況","235620220317M002.pdf","235620220317E002.pdf","https://www.inventec.com","","無","查詢"
"2356","英業達","111/01/11","14:00","電話會議","本公司受邀參加野村證券所舉辦之Nomura Asia Tech Conference說明本公司營運概況","235620211112M001.pdf","235620211112E001.pdf","https://www.inventec.com","","無","查詢"
"2356","英業達","111/06/15","16:00","線上會議","說明本公司營運概況","235620220513M003.pdf","235620220513E003.pdf","https://www.inventec.com","","無","查詢"
"2356","英業達","111/06/16","15:45","線上會議","說明本公司營運概況","235620220513M003.pdf","235620220513E003.pdf","https://www.inventec.com","","無","查詢"
"2356","英業達","111/05/31","16:00","電話會議","說明本公司營運概況","235620220513M003.pdf","235620220513E003.pdf","https://www.inventec.com","","無","查詢"
"2356","英業達","111/01/05","16:00","電話會議","本公司受邀參加瑞士信貸所舉辦之2022 Greater China Technology and Internet Conference","235620211112M001.pdf","235620211112E001.pdf","htttps://www.inventec.com","","無","查詢"
"2356","英業達","111/05/17","14:30","電話會議","本公司受邀參加Jefferies &amp; Fubon Taiwan Corporate Day","235620220513M002.pdf","235620220513E002.pdf","https://www.inventec.com","","無","查詢"
"2356","英業達","111/05/18","16:00","電話會議","本公司受邀參加花旗證券 Regional Tech Conference","235620220513M003.pdf","235620220513E003.pdf","hsstps://www.inventec.com","","無","查詢"
"2356","英業達","111/05/13","14:30","電話會議","說明本公司營運概況","235620220513M001.pdf","235620220513E001.pdf","https://www.inventec.com","","無","查詢"
"2356","英業達","111/06/21","15:00","線上會議","說明本公司營運概況","235620220513M003.pdf","235620220513E003.pdf","https://www.inventec.com","","無","查詢"
"2356","英業達","111/08/29","15:00","線上會議","本公司受邀參加HSBC Taiwan Executive Forum 說明本公司營運概況","235620220824M002.pdf","235620220824E002.pdf","https://www.inventec.com","","無","查詢"
"2356","英業達","111/08/30","09:00","線上會議","本公司受邀參加花旗證券 Asia TMT Day 說明本公司營運概況","235620220824M003.pdf","235620220824E003.pdf","https://www.inventec.com","","無","查詢"
"2356","英業達","111/08/24","14:00","線上會議","本公司受邀參加 Nomura Asia Tech Conference 說明本公司營運概況","235620220824M001.pdf","235620220824E001.pdf","https://www.inventec.com","","無","查詢"
"2356","英業達","111/11/30","10:00","W Hotel (台北市信義區忠孝東路五段10號)","說明本公司營運概況","235620221111M001.pdf","235620221111E001.pdf","https://www.inventec.com","","無","查詢"
"2356","英業達","111/09/06","15:00","線上會議","本公司受邀參加瑞士信貸所舉辦之 Asian Technology Conference 說明本公司營運概況","235620220824M003.pdf","235620220824E003.pdf","https://www.inventec.com","","無","查詢"
"2356","英業達","111/09/07","10:00","線上會議","本公司受邀參加 Annual Jefferies Asia Forum 說明本公司營運概況","235620220824M003.pdf","235620220824E003.pdf","https://www.inventec.com","","無","查詢"
"2356","英業達","111/11/11","14:00","線上會議","本公司受邀參加富邦證券第三季營運實績說明會，說明本公司營運概況","235620221111M001.pdf","235620221111E001.pdf","https://www.inventec.com","","無","查詢"
"2356","英業達","111/11/17","10:00","新加坡","本公司受邀參加Morgan Stanley 21st Asia Pacific Summit，說明本公司營運概況","235620221115M001.pdf","235620221115E001.pdf","https://www.inventec.com","","無","查詢"
"2356","英業達","111/09/20","13:30","線上會議","本公司受邀參加瑞銀證券 UBS APAC Tech Tour, 說明本公司營運概況","235620220824M003.pdf","235620220824E003.pdf","https://www.inventec.com","","無","查詢"
"2357","華碩","111/03/17","14:00","線上會議","向法人說明產業狀況與本公司經營績效","235720220316M001.pdf","235720220316E001.pdf","https://www.asus.com/tw/Pages/Investor/","","無","查詢"
"2357","華碩","111/02/22","14:00","線上會議","向法人說明產業狀況與本公司經營績效。","235720211110M001.pdf","235720211110E001.pdf","https://www.asus.com/tw/Pages/Investor/","","無","查詢"
"2357","華碩","111/08/11","16:00","本次為線上會議","1.說明111年第2季營運結果。 
2.報告品牌業務近況及公司願景。","235720230206M001.pdf","235720230206E001.pdf","https://www.asus.com/tw/Pages/Investor/",同步收看網址：:https://asia.webcast-eqs.com/register/asus22q2/tc 法說會影音連結資訊:https://asia.webcast-eqs.com/asus22q2/tc ,"無","查詢"
"2357","華碩","111/03/24","15:00","線上會議","向法人說明產業狀況與本公司經營績效","235720220316M001.pdf","235720220316E001.pdf","https://www.asus.com/tw/Pages/Investor/","","無","查詢"
"2357","華碩","111/03/16","16:00","本次為線上會議","1.說明110年第4季營運結果。 
2.報告品牌業務近況及公司願景。","235720220316M001.pdf","235720220316E001.pdf","https://www.asus.com/tw/Pages/Investor/",同步收看網址：:https://asia.webcast-eqs.com/register/asus21q4/ 法說會影音連結資訊:https://asia.webcast-eqs.com/register/asus21q4/tc ,"無","查詢"
"2357","華碩","111/05/11","16:00","本次為線上會議","1.說明111年第1季營運結果。 
2.報告品牌業務近況及公司願景。","235720220511M001.pdf","235720220511E001.pdf","https://www.asus.com/tw/Pages/Investor/",同步收看網址：:https://asia.webcast-eqs.com/register/asus22q1/tc 法說會影音連結資訊:https://asia.webcast-eqs.com/asus22q1/tc ,"無","查詢"
"2357","華碩","111/09/06","14:00","線上會議","向法人說明產業狀況與本公司經營績效","235720220811M001.pdf","235720220811E001.pdf","https://www.asus.com/tw/Pages/Investor/","","無","查詢"
"2357","華碩","111/09/01","14:00","線上會議","向法人說明產業狀況與本公司經營績效","235720220811M001.pdf","235720220811E001.pdf","https://www.asus.com/tw/Pages/Investor/","","無","查詢"
"2357","華碩","111/11/10","16:00","本次為線上會議","1.說明111年第3季營運結果。 
2.報告品牌業務近況及公司願景。","235720221110M001.pdf","235720221110E001.pdf","https://www.asus.com/tw/Pages/Investor/",同步收看網址：:https://asia.webcast-eqs.com/asus22q3/tc 法說會影音連結資訊:https://asia.webcast-eqs.com/asus22q3/tc ,"內容檔案於當日會後公告於公開資訊觀測站","查詢"
"2359","所羅門","111/11/22","14:30","統一綜合證券股份有限公司(線上法說)","本公司受邀參加統一綜合證券所舉辦之線上法說會","235920221122M001.pdf","235920221122E001.pdf","https://www.solomon.com.tw/%e8%82%a1%e6%9d%b1%e5%b0%88%e5%8d%80/#tab-id-3","","報名請洽統一證郭小姐(02)2747-8266 #3784, Email:angeline.kuo@uni-psg.com","查詢"
"2360","致茂","111/02/23","14:30","線上法說會","(1)2021年第四季營運結果
(2)參加方式:請撥打電話並輸入密碼
電話:+886-2-2192-8016 (0800-080-059)
密碼:217546#","236020220223M001.pdf","236020220223E001.pdf","http://www.chromaate.com",法說會影音連結資訊:https://www.chromaate.com/tw/investors/quarterly_results ,"無","查詢"
"2360","致茂","111/03/09","09:00","電話會議","本公司受邀參加花旗證券舉辦之Citi Taiwan Corporate Day，向投資人說明本公司2021年第4季之營運概況。","236020220223M001.pdf","236020220223E001.pdf","http://www.chromaate.com","","無","查詢"
"2360","致茂","111/07/28","14:30","電話會議","(1)2022年第二季營運結果 (2)參加方式:請撥打電話並輸入密碼 電話:+886-2-2192-8016 (0800-080-059) 密碼:716148#","236020220728M001.pdf","236020220728E001.pdf","http://www.chromaate.com",法說會影音連結資訊:https://www.chromaate.com/tw/investors/quarterly_results ,"無","查詢"
"2360","致茂","111/04/28","14:30","電話會議","2022年第一季營運結果","236020220428M001.pdf","236020220428E001.pdf","http://www.chromaate.com",法說會影音連結資訊:https://www.chromaate.com/tw/investors/quarterly_results ,"無","查詢"
"2360","致茂","111/06/07","14:00","線上法說會","本公司受邀參加野村證券舉辦之Nomura Investment Forum Asia 2022，向投資人說明本公司2022年第1季之營運概況。","236020220428M001.pdf","236020220428E001.pdf","http://www.chromaate.com","","無","查詢"
"2360","致茂","111/06/20","14:00","電話會議","本公司受邀參加瑞銀證券舉辦之UBS Taiwan Virtual Conference 2022，向投資人說明本公司2022年第1季之營運概況。","236020220428M001.pdf","236020220428E001.pdf","http://www.chromaate.com","","無","查詢"
"2360","致茂","111/01/12","09:00","電話會議","本公司受邀參加野村證券舉辦之Nomura Asia Tech Virtual Group Meeting，向投資人說明本公司2021年第3季之營運概況。","236020211103M001.pdf","236020211103E001.pdf","http://www.chromaate.com","","無","查詢"
"2360","致茂","111/01/07","11:00","台北文創 (台北市信義區菸廠路88號)","本公司受邀參加元富證券與台灣證交所舉辦之智慧台灣2022，向投資人說明本公司2021年第3季之營運概況。","236020211103M001.pdf","236020211103E001.pdf","http://www.chromaate.com","","無","查詢"
"2360","致茂","111/01/07","09:45","電話會議","本公司受邀參加元富證券與台灣證交所舉辦之智慧台灣2022，向投資人說明本公司2021年第3季之營運概況。","236020211103M001.pdf","236020211103E001.pdf","http://www.chromaate.com","","無","查詢"
"2360","致茂","111/01/05","10:00","電話會議","本公司受邀參加瑞士信貸舉辦之2022 Greater China Technology and Internet Conference，向投資人說明本公司2021年第3季之營運概況。","236020211103M001.pdf","236020211103E001.pdf","http://www.chromaate.com","","無","查詢"
"2360","致茂","111/08/31","11:00","線上法說會","本公司受邀參加花旗證券舉辦之Citi Asia TMT Day，向投資人說明本公司2022年第2季之營運概況。","236020220728M001.pdf","236020220728E001.pdf","http://www.chromaate.com","","無","查詢"
"2360","致茂","111/09/05","14:00","線上法說會","本公司受邀參加瑞士信貸舉辦之Credit Suisse Asian Technology Conference，向投資人說明本公司2022年第2季之營運概況。","236020220728M001.pdf","236020220728E001.pdf","http://www.chromaate.com","","無","查詢"
"2360","致茂","111/09/13","14:00","線上法說會","本公司受邀參加證交所、台灣董事學會暨安擘諮詢共同舉辦之線上數位引資論壇，向投資人說明本公司2022年第2季之營運概況。","236020220728M001.pdf","236020220728E001.pdf","http://www.chromaate.com","","無","查詢"
"2360","致茂","111/09/15","11:00","台北美福大飯店","本公司受邀參加統一證券舉辦之2022 Q3 秋季投資論壇，向投資人說明本公司2022年第2季之營運概況。","236020220728M001.pdf","236020220728E001.pdf","http://www.chromaate.com","","無","查詢"
"2360","致茂","111/10/31","14:30","電話會議","(1)2022年第三季業績說明會 (2)參加方式(英文法說會):請撥打電話並輸入密碼 電話:+886-2-2192-8016 (0800-080-059) 密碼:186246#","236020221031M001.pdf","236020221031E001.pdf","http://www.chromaate.com",法說會影音連結資訊:https://www.chromaate.com/tw/investors/quarterly_results ,"無","查詢"
"2360","致茂","111/11/09","09:00","台北遠東香格里拉飯店","本公司受邀參加高盛證券舉辦之Goldman Sachs Taiwan Corporate Day，向投資人說明本公司2022年第3季之營運概況。","236020221031M001.pdf","236020221031E001.pdf","http://www.chromaate.com","","無","查詢"
"2360","致茂","111/11/11","15:30","台北君悅飯店","本公司受邀參加麥格理證券舉辦之MACQUARIE TAIWAN CORPORATE DAY，向投資人說明本公司2022年第3季之營運概況。","236020221031M001.pdf","236020221031E001.pdf","http://www.chromaate.com","","無","查詢"
"2360","致茂","111/11/30","09:00","W Hotel","本公司受邀參加花旗證券舉辦之 Citi Taiwan Corporate Day，向投資人說明本公司2022年第3季之營運概況。","236020221031M001.pdf","236020221031E001.pdf","http://www.chromaate.com","","無","查詢"
"2362","藍天","111/03/29","15:30","台北市松山區東興路8號13樓","統一證券舉辦法人說明會 說明本公司財務及營運概況","236220220329M001.pdf","236220220329E001.pdf","https://www.clevo.com.tw/","","本法說會於下午3:00即可開始進場","查詢"
"2362","藍天","111/06/22","14:30","WebEx線上會議(報名取得會議連結)","本公司受邀參加統一證券舉辦之線上法人說明會，說明本公司財務及營運概況","236220220622M001.pdf","236220220622E001.pdf","https://www.clevo.com.tw","","無","查詢"
"2362","藍天","111/08/25","14:30","統一證券總公司B201會議室(台北市松山區東興路8號B2)","統一證券舉辦法人說明會 說明本公司財務及營運概況","236220220825M001.pdf","236220220825E001.pdf","https://www.clevo.com.tw/","","本法說會於下午2:00即可開始進場","查詢"
"2362","藍天","111/11/24","14:30","Webex線上會議(報名取得會議連結)","本公司受邀參加統一證券舉辦之線上法人說明會，說明本公司財務及營運概況","236220221124M002.pdf","236220221124E002.pdf","https://www.clevo.com.tw","","無","查詢"
"2363","矽統","111/11/11","14:30","線上法說會","本公司受邀參加由宏遠證券所舉辦之「IC設計產業座談會」。","236320221111M001.pptx","236320221111E001.pptx","https://www.sis.com/Finance_Stockholder.aspx","","完整財務業務資訊請至公開資訊觀測站之法人說明會一覽表或法說會項目下查閱。","查詢"
"2364","倫飛","111/11/25","14:30","線上法人說明會","1.公司簡介 2.營運概況 3.財務報告 4.Ｑ＆Ａ","236420221125M001.pdf","236420221125E001.pdf","",同步收看網址：:http://www.zucast.com/webcast/CPeUyv76 法說會影音連結資訊:http://www.zucast.com/webcast/CPeUyv76 ,"無","查詢"
"2365","昆盈","111/12/09","14:30","新北市三重區重新路五段492號(本公司一樓會議室)","公司營運概況報告","236520221209M001.pdf","236520221209E001.pdf","http://tw.geniusnet.com/investor",法說會影音連結資訊:https://youtu.be/djC-54EVl2c ,"無","查詢"
"2367","燿華","111/09/08","14:30","線上法說會","本公司受邀參加元富證券舉辦之2022台股企業日暨線上法說會","236720220908M001.pdf","236720220908E001.pdf","https://www.pcbut.com.tw/portal/inner-page.html?P=5&amp;SP=2","","無","查詢"
"2368","金像電","111/06/16","14:30","線上會議","本公司受邀參加元富證券舉辦之線上說明會","236820220616M001.pptx","236820220616E001.pptx","https://www.gce.com.tw/legal.html","","無","查詢"
"2368","金像電","111/08/15","14:00","線上會議","本公司受邀參加美商高盛亞洲證券有限公司舉辦之線上說明會","236820220812M001.pdf","236820220812E001.pdf","https://www.gce.com.tw/legal.html","","無","查詢"
"2368","金像電","111/03/31","15:00","電話會議","本公司受邀參加台灣匯立證券舉辦之線上說明會","236820220331M001.pptx","236820220331E001.pptx","https://www.gce.com.tw/legal.html","","無","查詢"
"2368","金像電","111/05/04","15:30","電話會議","本公司受邀參加大和國泰證券舉辦之線上說明會","236820220331M001.pptx","236820220331E001.pptx","https://www.gce.com.tw/legal.html","","無","查詢"
"2368","金像電","111/12/15","14:00","線上會議","本公司受邀參加國票綜合證券股份有限公司舉辦之線上說明會","236820221215M001.pptx","236820221215E001.pptx","https://www.gce.com.tw/legal.html","","無","查詢"
"2369","菱生","111/11/22","14:30","線上法人說明會","本公司受邀參加中國信託綜合證券舉辦之線上法人說明會","236920221122M001.pdf","236920221122E001.pdf","","","無","查詢"
"2371","大同","111/08/29","15:30","福邦證券(台北市中正區忠孝西路一段6號)","本公司受邀參加福邦證券之法人說明會，
說明本公司財務概況及新能源佈局","237120220829M001.pdf","237120220829E001.pdf","https://www.tatung.com/Content/corporate-report.asp","","相關資料揭露於公開資訊觀測站及本公司網站。","查詢"
"2371","大同","111/12/28","15:00","福邦證券 台北市中正區忠孝西路一段6號14樓(C會議室)","本公司受邀參加福邦證券之法人說明會，說明本公司財務暨營運報告。
防疫期間為保持安全距離會議室容納人數將會控管，名額有限，請投資人報名參加，報名連結: https://forms.gle/sNX3Dct2PS14VqpA6。","237120221228M001.pdf","237120221228E001.pdf","https://www.tatung.com/Content/corporate-report.asp","","相關財務業務資訊請至公開資訊觀測站及本公司網站查閱。","查詢"
"2373","震旦行","111/08/19","14:00","線上法說會","說明本公司2022年上半年營運概況","237320220818M001.pdf","237320220818E001.pdf","https://www.aurora.com.tw/event-information",同步收看網址：:https://youtu.be/O3lFVXyH6d4 法說會影音連結資訊:https://www.aurora.com.tw/event-information ,"無","查詢"
"2373","震旦行","111/11/23","14:00","線上法說會","說明本公司2022年第三季營運概況","237320221123M001.pdf","237320221123E001.pdf","https://www.aurora.com.tw/event-information",同步收看網址：:https://www.youtube.com/watch?v=PfDgTAPHAF4 法說會影音連結資訊:https://www.aurora.com.tw/event-information ,"無","查詢"
"2374","佳能","111/12/26","14:30","線上法人說明會","公司營運概況說明","237420221226M001.pdf","237420221226E001.pdf","http://www.abilitycorp.com.tw",同步收看網址：:http://www.zucast.com/webcast/Y0kopI4F 法說會影音連結資訊:http://www.zucast.com/webcast/Y0kopI4F ,"無","查詢"
"2375","凱美","111/11/14","14:00","線上法人說明會-Webex","本公司受邀參加凱基證券舉辦之線上法人說明會，說明本公司營運概況","237520221114M001.pdf","237520221114E001.pdf","","","無","查詢"
"2376","技嘉","111/04/12","14:00","線上法說會","本公司受邀參加國泰證券舉辦之線上法人說明會，就公司營運概況等說明。","237620220412M001.pdf","237620220412E001.pdf","http://www.gigabyte.tw/Investor/83","","無","查詢"
"2376","技嘉","111/11/17","14:00","線上法說會","本公司受邀參加國泰證券舉辦之線上法人說明會，就公司營運概況等說明。","237620221117M001.pdf","237620221117E001.pdf","https://www.gigabyte.com/tw/Investor/83","","無","查詢"
"2377","微星","111/03/22","14:00","網路直播","本公司將舉辦2021年第四季線上法人說明會，說明本公司營運狀況。 報名網址：https://www.irpro.co/webcast/index.php?eventid=36","237720220322M001.pdf","237720220322E001.pdf","https://tw.msi.com",同步收看網址：:https://www.irpro.co/webcast/index.php?eventid=36 法說會影音連結資訊:https://youtu.be/pTq8v8bxILc ,"無","查詢"
"2379","瑞昱","111/03/02 至 111/03/22","09:00","線上法說會","公告本公司111年03月02日受邀參加瑞銀證券(UBS)舉辦之UBS x TWSE Taiwan Corporate Day、111年03月15日受邀參加美銀證券(BofA)舉辦之2022 APAC TMT Conference及111年03月22日受邀參加瑞士信貸證券(Credit Suisse)舉辦之25th Asian Investment Conference投資人線上論壇，會中就本公司之財務業務相關資訊說明。","237920220208M001.pdf","237920220208E001.pdf","","","無","查詢"
"2379","瑞昱","111/02/08","15:00","網路直播","瑞昱半導體將於2月8日(二)舉行2021年第四季線上法人說明會，下午3:00pm - 3:45pm為中文時段、3:45pm - 4:30pm為英文時段。請連結至以下直播網址：http://www.zucast.com/webcast/bHZho9gW建議參與者於法說會前安裝或升級所需播放軟體，或至http://www.zucast.com/help 尋求技術支援。","237920220208M001.pdf","237920220208E001.pdf","https://www.realtek.com",同步收看網址：:http://www.zucast.com/webcast/bHZho9gW 法說會影音連結資訊:https://www.realtek.com/zh-tw/investor-relations/ir-analysts-meeting/quarterly-earning-release ,"無","查詢"
"2379","瑞昱","111/01/05","09:00","線上法說會","公告本公司受邀參加Credit Suisse舉辦之投資人線上論壇，會中就本公司之財務業務相關資訊說明","237920211126M001.pdf","237920211126E001.pdf","","","無","查詢"
"2379","瑞昱","111/04/22","15:00","網路直播","瑞昱半導體將於4月22日(五)舉行2022年第一季線上法人說明會，下午3:00pm - 3:45pm為中文時段、3:45pm - 4:30pm為英文時段。請連結至以下直播網址：http://www.zucast.com/webcast/I4qxbNrC建議參與者於法說會前安裝或升級所需播放軟體，或至http://www.zucast.com/help 尋求技術支援。","237920220422M001.pdf","237920220422E001.pdf","https://www.realtek.com",同步收看網址：:http://www.zucast.com/webcast/I4qxbNrC 法說會影音連結資訊:https://www.realtek.com/zh-tw/investor-relations/ir-analysts-meeting/quarterly-earning-release ,"無","查詢"
"2379","瑞昱","111/06/09 至 111/06/21","09:00","線上法說會","公告本公司111年06月09日參加野村(Nomura)證券舉辦之Nomura Investment Forum Asia 2022英文線上論壇，及111年06月21日參加瑞銀(UBS)證券舉辦之Taiwan Virtual Conference 2022英文線上論壇，會中就公司營運及產業概況向投資機構做說明。","237920220520M001.pdf","237920220520E001.pdf","","","無","查詢"
"2379","瑞昱","111/04/07","09:00","線上法說會","公告本公司111年04月07日受邀參加TWSE &amp; Goldman Sachs共同舉辦之Goldman Sachs Taiwan Virtual Corporate Day 2022，會中就本公司之財務業務相關資訊說明","237920220406M001.pdf","237920220406E001.pdf","","","無","查詢"
"2379","瑞昱","111/05/18 至 111/05/24","09:00","線上法說會","公告本公司111年05月18日受邀參加花旗證券(Citi) 舉辦之Regional Tech Conference 2022、111年05月24日受邀參加高盛證券(Goldman Sachs)舉辦之TechNet Conference Asia Pacific 2022投資人線上論壇，會中就本公司之財務業務相關資訊說明。","237920220422M001.pdf","237920220422E001.pdf","","","無","查詢"
"2379","瑞昱","111/05/23","15:00","線上法說會","公告本公司111年05月23日參加臺灣證券交易所及永豐金證券舉辦之「SinoPac x TWSE Taiwan Corporate Day 2022」英文線上論壇，就公司營運及產業概況向投資機構做說明。","237920220520M001.pdf","237920220520E001.pdf","","","無","查詢"
"2379","瑞昱","111/08/23 至 111/08/31","09:00","線上法說會","公告本公司111年08月23日參加瑞銀(UBS)證券舉辦之Digital Asset Conference 2022英文線上論壇，及111年08月30日和111年08月31日參加花旗(Citi)證券舉辦之Asia TMT Day 2022英文線上論壇，會中就公司營運及產業概況向投資機構做說明。","237920220728M001.pdf","237920220728E001.pdf","","","無","查詢"
"2379","瑞昱","111/07/28","15:00","網路直播","瑞昱半導體將於7月28日(四)舉行2022年第2季線上法人說明會，下午3:00pm - 3:45pm為中文時段、3:45pm - 4:30pm為英文時段。請連結至以下直播網址：http://www.zucast.com/webcast/3vclwjJ7建議參與者於法說會前安裝或升級所需播放軟體，或至http://www.zucast.com/help 尋求技術支援。","237920220728M001.pdf","237920220728E001.pdf","https://www.realtek.com",同步收看網址：:http://www.zucast.com/webcast/3vclwjJ7 法說會影音連結資訊:https://www.realtek.com/zh-tw/investor-relations/ir-analysts-meeting/quarterly-earning-release ,"無","查詢"
"2379","瑞昱","111/09/01 至 111/09/13","10:30","線上法說會","公告本公司111年09月1日參加富邦舉辦之2022投資論壇、111年09月6日參加瑞士信貸(Credit Suisse)舉辦之Asian Technology Conference 以及111年09月13日參加里昂證券(CLSA)舉辦之29th Annual Flagship Investors&#039; Forum 2022 英文線上論壇，會中就公司營運及產業概況向投資機構做說明。","237920220826M001.pdf","237920220826E001.pdf","","","無","查詢"
"2379","瑞昱","111/11/22 至 111/12/07","09:00","11/22 CLSA 台北香格里拉飯店
12/1 Citi 台北W飯店
12/7 國泰 台北晶華酒店","公告本公司111年11月22日參加里昂證券(CLSA)舉辦之Market Mover 2023 Access Day、111年12月1日參加花旗證券(Citi)舉辦之Citi Taiwan Corporate Day 2022及111年12月7日參加國泰證券舉辦之第四季論壇，會中就公司營運及產業概況向投資機構做說明。","237920221118M001.pdf","237920221118E001.pdf","","","無","查詢"
"2379","瑞昱","111/11/09 至 111/11/14","10:00","線上法說會","公告本公司111年11月9日參加大和證券(Daiwa)舉辦之Investment Conference 2022及111年11月14日參加摩根大通(JPMorgan)舉辦之Global TMT Conference in Asia英文線上論壇，會中就公司營運及產業概況向投資機構做說明。","237920221026M001.pdf","237920221026E001.pdf","","","無","查詢"
"2379","瑞昱","111/11/16 至 111/11/17","10:00","Mandarin Oriental, Singapore","公告本公司111年11月16日至111年11月17日參加摩根史坦利(Morgan Stanley)舉辦之21st Annual Asia Pacific Summit英文實體投資論壇，會中就公司營運及產業概況向投資機構做說明。","237920221026M001.pdf","237920221026E001.pdf","","","無","查詢"
"2379","瑞昱","111/10/28","15:00","網路直播","瑞昱半導體將於10月28日(五)舉行2022年第3季線上法人說明會，下午3:00pm - 3:45pm為中文時段、3:45pm - 4:30pm為英文時段。請連結至以下直播網址：http://www.zucast.com/webcast/op0gmdgC建議參與者於法說會前安裝或升級所需播放軟體，或至http://www.zucast.com/help 尋求技術支援。","237920221026M001.pdf","237920221026E001.pdf","https://www.realtek.com",同步收看網址：:http://www.zucast.com/webcast/op0gmdgC 法說會影音連結資訊:https://www.realtek.com/zh-tw/investor-relations/ir-analysts-meeting/quarterly-earning-release ,"無","查詢"
"2380","虹光","111/12/16","14:00","新竹縣新竹科學園區研新一路二十號","公司營運狀況說明","238020221216M001.pptx","238020221216E001.pptx","https://www.avision.com/tw/investor-relations/shareholder-services/",法說會影音連結資訊:https://www.avision.com/tw/investor-relations/shareholder-services/ ,"無","查詢"
"2382","廣達","111/05/26","09:00","電話會議","本公司受邀參加富邦證券舉辦之&quot;2022富邦投資論壇&quot;就本公司目前之營運概況，作回顧及展望說明","238220210513M001.pdf","238220210513E001.pdf","http://www.quantatw.com","","詳細資料請詳公開資訊觀測站及本公司網站。","查詢"
"2382","廣達","111/01/04","09:00","電話會議","本公司受邀參加元富證券與證交所合辦之投資論壇「智慧台灣2022」電話會議，說明本公司營運概況。","238220211112M001.pdf","238220211112E001.pdf","http://www.quantatw.com","","詳細資料請詳公開資訊觀測站及本公司網站","查詢"
"2382","廣達","111/07/26","09:00","電話會議","本公司受邀參加瑞穗證券所舉辦之線上路演(Virtual NDR)就本公司目前之營運概況，作回顧及展望說明","238220220513M001.pdf","238220220513E001.pdf","http://www.quantatw.com","","詳細資料請詳公開資訊觀測站及本公司網站。","查詢"
"2382","廣達","111/06/10","09:00","電話會議","本公司受邀參加美銀證券所舉辦之2022 Innovative China Conference就本公司目前之營運概況，作回顧及展望說明","238220210513M001.pdf","238220210513E001.pdf","http://www.quantatw.com","","詳細資料請詳公開資訊觀測站及本公司網站","查詢"
"2382","廣達","111/02/21 至 111/02/22","09:00","電話會議","本公司受邀參加J.P. Morgan所舉辦之&quot;Taiwan CEO-CFO Conference 2022 Virtual&quot; 線上投資論壇就本公司目前之營運概況，作回顧及展望說明","238220211112M001.pdf","238220211112E001.pdf","http://www.quantatw.com","","詳細資料請詳公開資訊觀測站及本公司網站","查詢"
"2382","廣達","111/03/22 至 111/03/23","09:00","電話會議","本公司受邀參加美銀證券所舉辦之&quot;2022 APAC TMT Conference&quot; 線上投資論壇就本公司目前之營運概況，作回顧及展望說明","238220220316M001.pdf","238220220316E001.pdf","http://www.quantatw.com","","詳細資料請詳公開資訊觀測站及本公司網站。","查詢"
"2382","廣達","111/06/20 至 111/06/21","09:00","電話會議","本公司受邀參加瑞銀證券所舉辦之「UBS Taiwan Virtual Conference 2022」線上投資論壇就本公司目前之營運概況，作回顧及展望說明","238220220513M001.pdf","238220220513E001.pdf","http://www.quantatw.com","","詳細資料請詳公開資訊觀測站及本公司網站","查詢"
"2382","廣達","111/09/01","10:00","電話會議","本公司受邀參加富邦證券所舉辦之「2022富邦投資論壇(線上)」就本公司目前之營運概況，作回顧及展望說明","238220220812M001.pdf","238220220812E001.pdf","http://www.quantatw.com","","詳細資料請詳公開資訊觀測站及本公司網站。","查詢"
"2382","廣達","111/08/24 至 111/08/25","09:00","電話會議","本公司受邀參加瑞銀證券所舉辦之「UBS TMI and Digital Assets Conference 2022」線上投資論壇就本公司目前之營運概況，作回顧及展望說明","238220220812M001.pdf","238220220812E001.pdf","http://www.quantatw.com","","詳細資料請詳公開資訊觀測站及本公司網站。","查詢"
"2382","廣達","111/08/12","15:00","線上電話會議","本公司受CLST邀請參加&quot;111年第二季營運成果線上電話說明會”","238220220812M001.pdf","238220220812E001.pdf","http://www.quantatw.com","","詳細資料請詳當日公開資訊觀測站及本公司網站。","查詢"
"2382","廣達","111/05/13","15:00","線上電話會議","本公司受UBS邀請參加&quot;111年第一季營運成果線上電話說明會”","238220220513M001.pdf","238220220513E001.pdf","http://www.quantatw.com","","詳細資料請詳當日公開資訊觀測站及本公司網站。","查詢"
"2382","廣達","111/05/17","09:00","電話會議","本公司受邀參加Jefferies和富邦證券共同舉辦之&quot;Jefferies &amp; Fubon Virtual Taiwan Corporate Day&quot; 線上投資論壇就本公司目前之營運概況，作回顧及展望說明","238220220513M001.pdf","238220220513E001.pdf","http://www.quantatw.com","","詳細資料請詳當日公開資訊觀測站及本公司網站。","查詢"
"2382","廣達","111/05/18","09:00","電話會議","4.法人說明會擇要訊息：	本公司受邀參加花旗證券舉辦之&quot;Citi Regional Tech Conference&quot; 線上投資論壇就本公司目前之營運概況，作回顧及展望說明","238220220513M001.pdf","238220220513E001.pdf","http://www.quantatw.com","","詳細資料請詳當日公開資訊觀測站及本公司網站。","查詢"
"2382","廣達","111/12/07","09:00","晶華酒店","本公司受邀參加國泰證券舉辦之投資論壇就本公司目前之營運概況，作回顧及展望說明","238220221111M003.pdf","238220221111E003.pdf","http://www.quantatw.com","","詳細資料請詳公開資訊觀測站及本公司網站。","查詢"
"2382","廣達","111/09/08","09:00","電話會議","本公司受邀參加Jefferies和富邦證券共同舉辦之&quot;3rd Annual Jefferies Asia Forum&quot; 線上投資論壇就本公司目前之營運概況，作回顧及展望說明","238220220812M001.pdf","238220220812E001.pdf","http://www.quantatw.com","","詳細資料請詳公開資訊觀測站及本公司網站。","查詢"
"2382","廣達","111/09/13 至 111/09/14","09:00","電話會議","本公司受邀參加里昂證券所舉辦之&quot; 29th Annual CITIC CLSA Flagship Investors’ Forum&quot; 線上投資論壇就本公司目前之營運概況，作回顧及展望說明","238220220812M001.pdf","238220220812E001.pdf","http://www.quantatw.com","","詳細資料請詳公開資訊觀測站及本公司網站。","查詢"
"2382","廣達","111/09/07","09:00","電話會議","本公司受邀參加瑞士信貸所舉辦之「Credit Suisse Asian Technology Conference」電話會議，就本公司目前之營運概況，作回顧及展望說明","238220210513M001.pdf","238220210513E001.pdf","http://www.quantatw.com","","詳細資料請詳公開資訊觀測站及本公司網站。","查詢"
"2382","廣達","111/11/11","15:00","線上電話會議","本公司受UBS邀請參加&quot;111年第三季營運成果線上電話說明會”","238220221111M003.pdf","238220221111E003.pdf","http://www.quantatw.com","","詳細資料請詳當日公開資訊觀測站及本公司網站。","查詢"
"2382","廣達","111/08/30 至 111/08/31","09:00","電話會議","本公司受邀參加�擢袓狳撽畛|辦之「HSBC Taiwan Executive Forum Virtual」線上投資論壇就本公司目前之營運概況，作回顧及展望說明","238220220812M001.pdf","238220220812E001.pdf","http://www.quantatw.com","","詳細資料請詳公開資訊觀測站及本公司網站。","查詢"
"2382","廣達","111/10/06","09:00","電話會議","本公司受邀參加野村證券所舉辦之「Nomura Virtual Taiwan Corporate Day 2022」線上投資論壇就本公司目前之營運概況，作回顧及展望說明","238220220812M001.pdf","238220220812E001.pdf","http://www.quantatw.com","","詳細資料請詳公開資訊觀測站及本公司網站","查詢"
"2382","廣達","111/12/01","09:00","台北君悅酒店","本公司受邀參加&quot;2022富邦暨日盛投資論壇&quot;就本公司目前之營運概況，作回顧及展望說明","238220221111M003.pdf","238220221111E003.pdf","http://www.quantatw.com","","完整財務資訊及簡報內容請至公開資訊觀測站或公司網站查閱","查詢"
"2383","台光電","111/03/03","14:00","電話會議","本公司受邀參加瑞銀證券舉辦之「UBS x TWSE Taiwan Corporate Day」","238320220301M001.pdf","238320220301E001.pdf","http://www.emctw.com","","無","查詢"
"2383","台光電","111/03/08","14:00","電話會議","本公司受邀參加台新證券舉辦之「台新2022年3月台股企業日(Corporate Day)」","238320220301M001.pdf","238320220301E001.pdf","http://www.emctw.com","","無","查詢"
"2383","台光電","111/03/02","15:30","電話會議","本公司受邀參加美商高盛亞洲證券有限公司舉辦之線上法人說明會","238320220301M001.pdf","238320220301E001.pdf","http://www.emctw.com","","無","查詢"
"2383","台光電","111/05/20","15:00","電話會議","本公司受邀參加元大證券舉辦之法人線上會議","238320220506M001.pdf","238320220506E001.pdf","http://www.emctw.com","","無","查詢"
"2383","台光電","111/05/19","13:00","電話會議","本公司受邀參加花旗證券舉辦之「Regional Tech Conference 2022 (Virtual)」","238320220506M001.pdf","238320220506E001.pdf","http://www.emctw.com","","無","查詢"
"2383","台光電","111/05/24","14:00","電話會議","本公司受邀參加凱基證券舉辦之法人線上會議","238320220506M001.pdf","238320220506E001.pdf","http://www.emctw.com","","無","查詢"
"2383","台光電","111/05/25","14:30","電話會議","本公司受邀參加大和證券舉辦之法人線上會議","238320220506M001.pdf","238320220506E001.pdf","http://www.emctw.com","","無","查詢"
"2383","台光電","111/06/10","10:50","電話會議","本公司受邀參加中國信託證券舉辦之“中國信託證券2022第二季前瞻論壇”","238320220506M001.pdf","238320220506E001.pdf","http://www.emctw.com","","無","查詢"
"2383","台光電","111/06/10","14:00","電話會議","本公司受邀參加高盛證券舉辦之2022年台灣企業線上論壇","238320220506M001.pdf","238320220506E001.pdf","http://www.emctw.com","","無","查詢"
"2383","台光電","111/05/26","15:10","電話會議","本公司受邀參加富邦證券舉辦之「2022 第二季富邦投資論壇」","238320220506M001.pdf","238320220506E001.pdf","http://www.emctw.com","","無","查詢"
"2383","台光電","111/05/11","14:00","電話會議","本公司受邀參加麥格里證券舉辦之「DELTAH China Conference 2022」","238320220506M001.pdf","238320220506E001.pdf","http://www.emctw.com","","無","查詢"
"2383","台光電","111/05/12","14:30","電話會議","本公司受邀參加元富證券舉辦之「2022年台股企業日」","238320220506M001.pdf","238320220506E001.pdf","http://www.emctw.com","","無","查詢"
"2383","台光電","111/05/17","14:00","電話會議","本公司受邀參加台新證券舉辦之「台新2022年第二季全球投資論壇」","238320220506M001.pdf","238320220506E001.pdf","http://www.emctw.com","","無","查詢"
"2383","台光電","111/05/09","15:00","電話會議","本公司受邀參加統一證券舉辦之線上法人說明會","238320220506M001.pdf","238320220506E001.pdf","http://www.emctw.com","","無","查詢"
"2383","台光電","111/05/18","14:00","電話會議","本公司受邀參加國泰證券舉辦之「國泰證券五月份線上座談會」","238320220506M001.pdf","238320220506E001.pdf","http://www.emctw.com","","無","查詢"
"2383","台光電","111/08/09","14:00","電話會議","本公司受邀參加合庫證券舉辦之線上法人座談會","238320220803M001.pdf","238320220803E001.pdf","http://www.emctw.com","","無","查詢"
"2383","台光電","111/08/10","14:00","電話會議","本公司受邀參加第一金證券舉辦之線上法人座談會","238320220803M001.pdf","238320220803E001.pdf","http://www.emctw.com","","無","查詢"
"2383","台光電","111/08/04","14:00","電話會議","本公司受邀參加國泰證券舉辦之線上法人座談會","238320220803M001.pdf","238320220803E001.pdf","http://www.emctw.com","","無","查詢"
"2383","台光電","111/03/11","14:00","電話會議","本公司受邀參加大和國泰證券舉辦之線上法人說明會","238320220301M001.pdf","238320220301E001.pdf","http://www.emctw.com","","無","查詢"
"2383","台光電","111/03/10 至 111/03/11","15:45","111.3.10臺北文創 - 台北市信義區菸廠路88號6F
111.3.11電話會議","本公司原受邀111/3/10元富證券及111/3/11大和國泰證券舉辦之法人說明會因故取消","238320220301M001.pdf","238320220301E001.pdf","http://www.emctw.com","","無","查詢"
"2383","台光電","111/03/10","15:45","臺北文創 - 台北市信義區菸廠路88號6F","本公司受邀參加元富證券舉辦之「2022年 台股企業日」","238320220301M001.pdf","238320220301E001.pdf","http://www.emctw.com","","無","查詢"
"2383","台光電","111/03/09","13:00","電話會議","本公司受邀參加花旗證券舉辦之「Taiwan Corporate Day 2022」","238320220301M001.pdf","238320220301E001.pdf","http://www.emctw.com","","無","查詢"
"2383","台光電","111/08/18","14:00","電話會議","本公司受邀參加永豐金證券舉辦之線上法人座談會","238320220803M001.pdf","238320220803E001.pdf","http://www.emctw.com","","無","查詢"
"2383","台光電","111/08/16","15:00","電話會議","本公司受邀參加&#29319;亞證券舉辦之線上法人座談會","238320220803M001.pdf","238320220803E001.pdf","http://www.emctw.com","","無","查詢"
"2383","台光電","111/06/16","14:00","電話會議","本公司受邀參加凱基證券舉辦之「2022第二季凱基線上論壇」","238320220506M001.pdf","238320220506E001.pdf","http://www.emctw.com","","無","查詢"
"2383","台光電","111/06/21","14:00","電話會議","本公司受邀參加瑞銀證券舉辦之「Taiwan Virtual Conference 2022」","238320220506M001.pdf","238320220506E001.pdf","http://www.emctw.com","","無","查詢"
"2383","台光電","111/11/16","11:00","線上會議","本公司受邀參加摩根大通證券舉辦之「2022 Global TMT Conference in Asia」","238320221107M001.pdf","238320221107E001.pdf","http://www.emctw.com","","無","查詢"
"2383","台光電","111/11/17","15:45","線上會議","本公司受邀參加野村證券舉辦之線上法人說明會","238320221107M001.pdf","238320221107E001.pdf","http://www.emctw.com","","無","查詢"
"2383","台光電","111/11/23","14:00","台北遠東香格里拉","本公司受邀參加里昂證券舉辦之「CLSA Taiwan Market Mover 2023 Access Day」","238320221107M001.pdf","238320221107E001.pdf","http://www.emctw.com","","無","查詢"
"2383","台光電","111/09/06","14:00","電話會議","本公司受邀參加瑞信證券舉辦之「23rd Credit Suisse Asian Technology Conference」","238320220803M001.pdf","238320220803E001.pdf","http://www.emctw.com","","無","查詢"
"2383","台光電","111/09/07","11:00","電話會議","本公司受邀參加元大證券舉辦之「2022元大證券第三季投資論壇」","238320220803M001.pdf","238320220803E001.pdf","http://www.emctw.com","","無","查詢"
"2383","台光電","111/08/30","14:00","電話會議","本公司受邀參加花旗證券舉辦之「Citi Asia TMT Day」","238320220803M001.pdf","238320220803E001.pdf","http://www.emctw.com","","無","查詢"
"2383","台光電","111/09/13","14:00","電話會議","本公司受邀參加里昂證券舉辦之線上法人說明會","238320220803M001.pdf","238320220803E001.pdf","http://www.emctw.com","","無","查詢"
"2383","台光電","111/12/07","13:30","台北晶華酒店","本公司受邀參加「2022年第四季國泰證券產業論壇」","238320221107M001.pdf","238320221107E001.pdf","http://www.emctw.com","","無","查詢"
"2383","台光電","111/12/01","10:50","台北萬豪酒店","本公司受邀參加群益金鼎證券 4Q 投資論壇","238320221107M001.pdf","238320221107E001.pdf","http://www.emctw.com","","無","查詢"
"2383","台光電","111/12/15","14:30","臺北文創","本公司受邀參加元富證券舉辦之「2022年台股企業日」","238320221107M001.pdf","238320221107E001.pdf","http://www.emctw.com","","無","查詢"
"2383","台光電","111/11/08","14:00","台北遠企香格里拉飯店","本公司受邀參加高盛證券舉辦之「Taiwan Corporate Day in Taipei」","238320221107M001.pdf","238320221107E001.pdf","http://www.emctw.com","","無","查詢"
"2383","台光電","111/11/09","13:30","台北君悅酒店","本公司受邀參加麥格里證券舉辦之「Taiwan Corporate Day」","238320221107M001.pdf","238320221107E001.pdf","http://www.emctw.com","","無","查詢"
"2383","台光電","111/09/15","11:15","台北","本公司受邀參加統一證券舉辦之「2022Q3全球展望秋季投資論壇」","238320220803M001.pdf","238320220803E001.pdf","http://www.emctw.com","","無","查詢"
"2383","台光電","111/11/30","11:00","台北 W Hotel","本公司受邀參加花旗證券舉辦之「Taiwan Corporate Day 2022」","238320221107M001.pdf","238320221107E001.pdf","http://www.emctw.com","","無","查詢"
"2385","群光","111/08/08","15:30","線上會議","公告本公司參加凱基證券舉辦之線上會議，會中向投資人說明本公司2Q22業務概況及未來前景","238520220808M001.pdf","238520220808E001.pdf","http://www.chicony.com.tw/","","無","查詢"
"2385","群光","111/06/15","15:45","線上會議","公告本公司參加元富證券舉辦之2022年6月台股企業日，會中向投資人說明本公司業務概況及未來前景","238520220509M001.pdf","238520220509E001.pdf","http://www.chicony.com.tw/","","無","查詢"
"2385","群光","111/02/10","15:45","線上會議","公告本公司參加元富證券舉辦之2022年2月台股企業日，會中向投資人說明本公司業務概況及未來前景。","238520211104M001.pdf","238520211104E001.pdf","http://www.chicony.com.tw/","","無","查詢"
"2385","群光","111/01/06","14:00","線上法說會","公告本公司參加Credit Suisse舉辦之Greater China Technology and Internet Conference，會中向投資人說明本公司業務概況及未來前景。","238520211104M001.pdf","238520211104E001.pdf","http://www.chicony.com.tw/","","無","查詢"
"2385","群光","111/03/09","15:30","線上法說會","公告本公司參加凱基證券舉辦之線上會議，會中向投資人說明本公司4Q21業務概況及未來前景。","238520220309M001.pdf","238520220309E001.pdf","http://www.chicony.com.tw/","","無","查詢"
"2385","群光","111/03/16 至 111/03/17","11:00","線上會議","公告本公司參加美銀證券舉辦之2022年Asia Pacific Telecom, Media &amp; Technology Conference，會中向投資人說明本公司業務概況及未來前景。","238520220309M001.pdf","238520220309E001.pdf","http://www.chicony.com.tw/","","無","查詢"
"2385","群光","111/07/12","14:00","線上法說會","公告本公司參加ICA舉辦之3rd Annual Asia Pacific Opportunities Summit，會中向投資人說明本公司1Q22業務概況及未來前景","238520220509M001.pdf","238520220509E001.pdf","http://www.chicony.com.tw/","","無","查詢"
"2385","群光","111/04/06","15:00","線上會議","公告本公司參加高盛證券與證交所舉辦之Taiwan Corporate Day，會中向投資人說明本公司業務概況及未來前景。","238520220309M001.pdf","238520220309E001.pdf","http://www.chicony.com.tw/","","無","查詢"
"2385","群光","111/04/12 至 111/04/14","13:30","線上會議","公告本公司參加QIC舉辦之11th Taiwan CEO Week，會中向投資人說明本公司業務概況及未來前景。","238520220309M001.pdf","238520220309E001.pdf","http://www.chicony.com.tw/","","無","查詢"
"2385","群光","111/05/20","15:00","線上會議","公告本公司參加花旗證券舉辦之Regional Tech Conference 2022，會中向投資人說明本公司業務概況及未來前景","238520220509M001.pdf","238520220509E001.pdf","http://www.chicony.com.tw/","","無","查詢"
"2385","群光","111/05/09","15:30","線上會議","公告本公司參加瑞信證券舉辦之線上會議,會中向投資人說明本公司2022第1季業務概況及未來前景。","238520220509M001.pdf","238520220509E001.pdf","http://www.chicony.com.tw/","","無","查詢"
"2385","群光","111/12/08","15:00","線上會議","公告本公司參加第一金證券舉辦之2022年12月線上投資座談會，會中向投資人說明本公司業務概況及未來前景","238520221103M001.pdf","238520221103E001.pdf","http://www.chicony.com","","無","查詢"
"2385","群光","111/11/03","15:30","線上會議","公告本公司參加國泰證券舉辦之線上會議，會中向投資人說明本公司3Q22業務概況及未來前景","238520221103M001.pdf","238520221103E001.pdf","http://www.chicony.com","","無","查詢"
"2385","群光","111/09/13","15:20","茹曦酒店","公告本公司參加群益金鼎證券舉辦之3Q投資論壇，會中向投資人說明本公司業務概況及未來前景","238520220808M001.pdf","238520220808E001.pdf","http://www.chicony.com","","無","查詢"
"2385","群光","111/09/08","15:45","線上會議","公告本公司參加元富證券舉辦之2022年9月台股企業日，會中向投資人說明本公司業務概況及未來前景","238520220808M001.pdf","238520220808E001.pdf","http://www.chicony.com.tw/","","無","查詢"
"2385","群光","111/08/30","10:00","線上會議","本公司受邀參加由花旗證券主辦Asia TMT Day 2022，說明本公司之營運概況、財務及業務相關資訊。","238520220808M001.pdf","238520220808E001.pdf","http://www.chicony.com","","無","查詢"
"2385","群光","111/11/10","15:45","台北文創","公告本公司參加元富證券舉辦之2022年11月台股企業日，會中向投資人說明本公司業務概況及未來前景","238520221103M001.pdf","238520221103E001.pdf","http://www.chicony.com","","無","查詢"
"2385","群光","111/09/23 至 111/09/30","14:40","線上會議","公告本公司參加由臺灣證券交易所及寬量國際共同主辦舉辦之12th Taiwan CEO Week，會中向投資人說明本公司業務概況及未來前景","238520220808M001.pdf","238520220808E001.pdf","http://www.chicony.com","","無","查詢"
"2387","精元","111/11/29","14:00","線上法說會","公司今年度營運情形及明年度營運方向說明","238720221123M001.pdf","238720221123E001.pdf","http://www.sunrex.com.tw",中文影音檔網址:2387_8_20221129_ch.mp3 ,"無","查詢"
"2388","威盛","111/11/04","14:30","線上法說會","受邀參加群益金鼎證券舉辦之法人說明會，說明本公司營運成果及未來展望","238820221104M001.pdf","238820221104E001.pdf","https://www.viatech.com/tw/about-tw/investor-relations/corporate-governance/","","簡報資料將於會後上傳及公布於公司網站","查詢"
"2390","云辰","111/12/26","14:30","線上法說會","本公司受邀參加群益金鼎證券舉辦之線上法說會,說明本公司之財務業務概況","239020221226M001.pdf","239020221226E001.pdf","","","無","查詢"
"2392","正崴","111/06/24","14:00","福邦證券（台北市忠孝西路一段6號7樓B會議室)","本公司營運狀況及未來展望說明","239220220624M001.pdf","239220220624E001.pdf","https://www.foxlink.com/","","無","查詢"
"2392","正崴","111/11/24","14:00","福邦證券（台北市忠孝西路一段6號7樓B會議室)","本公司營運狀況及未來展望說明","239220221124M001.pdf","239220221124E001.pdf","https://www.foxlink.com/","","無","查詢"
"2393","億光","111/03/25","15:00","線上會議","本公司受邀參加BofA Securities舉辦之2022 APAC TMT Conference，說明本公司營運概況。","239320220325M001.pdf","239320220325E001.pdf","","","無","查詢"
"2393","億光","111/12/26","14:30","線上法說會","本公司將參加凱基證券所舉辦之線上法說會。","239320221226M001.pdf","239320221226E001.pdf","","","無","查詢"
"2395","研華","111/06/21","09:00","線上會議","本公司將受邀參加瑞銀證券所舉辦之UBS Taiwan Virtual Conference 2022，會中就本公司111年第一季之財務數字、經營績效等資訊做相關說明。","239520220504M001.pdf","239520220504E001.pdf","https://www.advantech.tw/investor/events","","無","查詢"
"2395","研華","111/05/23","09:00","線上會議","本公司將受邀參加里昂證券所舉辦 CLSA Japan Forum 2022，會中就本公司111年第一季之財務數字、經營績效等資訊做相關說明。","239520220504M001.pdf","239520220504E001.pdf","https://www.advantech.tw/investor/events","","無","查詢"
"2395","研華","111/03/02","14:00","線上法說會","(1) 公布本公司2021年第4季財務報告及2022年第1季業績展望。
(2) 參加方式：請參見
https://www.advantech.com/form/70c9c280-04a4-4ab1-9f32-f285579ce64a","239520220302M002.pdf","239520220302E002.pdf","https://www.advantech.tw/investor/events",法說會影音連結資訊:https://advt.ch/wnj ,"無","查詢"
"2395","研華","111/05/04","16:00","線上會議","本公司受邀參加Morgan Stanley主辦之線上會議，就本公司111年第一季之財務數字、經營績效等資訊做相關說明。","239520220504M001.pdf","239520220504E001.pdf","http://www.advantech.tw/investor/events","","無","查詢"
"2395","研華","111/03/09","09:00","線上會議","本公司將受邀參加Citi Taiwan Corporate Day 2022花旗證券投資論壇，會中就本公司110年第四季之財務數字、經營績效等資訊做相關說明。","239520220302M003.pdf","239520220302E003.pdf","https://www.advantech.tw/investor/events","","無","查詢"
"2395","研華","111/03/17","09:00","線上會議","本公司將受邀參加”BofA Securities 2022 APAC TMT Conference”美銀證券科技論壇，會中就本公司3/2法說會已公開發佈之財務數字、經營績效等資訊做相關說明。","239520220302M002.pdf","239520220302E002.pdf","https://www.advantech.tw/investor/events","","無","查詢"
"2395","研華","111/03/15","09:00","線上會議","本公司將受邀參加CLSA Taiwan Access Day，會中就本公司110年第四季之財務數字、經營績效等資訊做相關說明。","239520220302M004.pdf","239520220302E004.pdf","https://www.advantech.tw/investor/events","","無","查詢"
"2395","研華","111/04/06","09:00","線上會議","本公司將受邀參加臺灣證券交易所及高盛證券共同主辦之「Taiwan Virtual Corporate Day」線上投資人會議，會中就本公司3/2法說會已公開發佈之財務數字、經營績效等資訊做相關說明。","239520220302M002.pdf","239520220302E002.pdf","https://www.advantech.tw/investor/events","","無","查詢"
"2395","研華","111/08/03","14:00","線上法說會","(1) 公布本公司111年第二季暨上半年營運成果，
(2) 參加方式：請參見
報名方式: https://www.advantech.tw/investor/events","239520220803M001.pdf","239520220803E001.pdf","https://www.advantech.tw/investor/events",法說會影音連結資訊:https://www.advantech.tw/resources/video/研華科技2022年第二季法人說明會 ,"無","查詢"
"2395","研華","111/09/07 至 111/09/08","09:00","線上會議","本公司將受邀參加以下之說明會，會中就本公司111年第二季之財務數字、經營績效等資訊做相關說明。
(1)111年9月7日：受邀參加晨星研究機構Morningstar 2022 &#039;Management Behind the Moat&#039; Virtual Conference 
(2)111年9月8日：受邀參加瑞士信貸證券Credit Suisse Asian Technology Conference","239520220803M001.pdf","239520220803E001.pdf","https://www.advantech.tw/investor/events","","無","查詢"
"2395","研華","111/08/31","09:00","線上會議","本公司將受邀參加花旗環球證券Citi Asia TMT Day，會中就本公司111年第二季之財務數字、經營績效等資訊做相關說明。","239520220803M001.pdf","239520220803E001.pdf","https://www.advantech.tw/investor/events","","無","查詢"
"2395","研華","111/12/01","09:00","台北W飯店","本公司將受邀參加&quot;Citi Taiwan Corporate Day&quot;花旗證券投資論壇，會中就本公司111年第三季之財務數字、經營績效等資訊做相關說明。","239520221102M001.pdf","239520221102E001.pdf","https://www.advantech.tw/investor/events","","無","查詢"
"2395","研華","111/09/14","10:00","線上會議","本公司將受邀參加里昂證券所舉辦 29th Annual CITIC CLSA Flagship Investors’  Forum ，會中就本公司111年第二季之財務數字、經營績效等資訊做相關說明。","239520220803M001.pdf","239520220803E001.pdf","https://www.advantech.tw/investor/events","","無","查詢"
"2395","研華","111/09/16","09:00","線上會議","本公司將受邀參加台灣董事學會、臺灣證券交易所及安擘諮詢共同主辦線上引資論壇，會中就本公司111年第二季之財務數字、經營績效等資訊做相關說明。","239520220803M001.pdf","239520220803E001.pdf","https://www.advantech.tw/investor/events","","無","查詢"
"2395","研華","111/11/02","15:30","線上會議","本公司受邀參加CLSA里昂證券主辦之線上會議，就本公司111年第三季之財務數字、經營績效等資訊做相關說明。","239520221102M001.pdf","239520221102E001.pdf","https://www.advantech.tw/investor/events",法說會影音連結資訊:https://www.advantech.com/en/resources/video/advantech-3q22-online-investor-conference ,"無","查詢"
"2395","研華","111/10/13","09:00","線上會議","本公司將受邀參加櫃買中心與國泰證券舉辦之線上趨勢展望論壇，會中就本公司111年第二季之財務數字、經營績效等資訊做相關說明。","239520220803M001.pdf","239520220803E001.pdf","https://www.advantech.tw/investor/events","","無","查詢"
"2395","研華","111/09/26","09:00","線上會議","本公司將受邀參加寬量國際及臺灣證券交易所共同主辦之「12th Taiwan CEO Week 」線上投資會議，會中就本公司111年第二季之財務數字、經營績效等資訊做相關說明。","239520220803M001.pdf","239520220803E001.pdf","https://www.advantech.tw/investor/events","","無","查詢"
"2395","研華","111/09/22","09:00","線上會議","本公司將受邀參加大和國泰證券Daiwa-Affin Hwang Taiwan Corporate Day 2022，會中就本公司111年第二季之財務數字、經營績效等資訊做相關說明。","239520220803M001.pdf","239520220803E001.pdf","https://www.advantech.tw/investor/events","","無","查詢"
"2397","友通","111/03/14","14:00","線上法人說明會","說明本公司110年第四季之財務營運概況","239720220314M001.pdf","239720220314E001.pdf","https://www.dfi.com/tw/investorconference",中文影音檔網址:2397_9_20220314_ch.mp4 ,"無","查詢"
"2397","友通","111/08/15","14:00","線上法人說明會","說明本公司111年第二季之財務營運概況","239720220815M001.pdf","239720220815E001.pdf","https://www.dfi.com/tw/investorconference",中文影音檔網址:2397_11_20220815_ch.mp4 ,"無","查詢"
"2397","友通","111/05/17","14:00","線上法人說明會","說明本公司111年第一季之財務營運概況","239720220517M001.pdf","239720220517E001.pdf","https://www.dfi.com/tw/investorconference",中文影音檔網址:2397_10_20220517_ch.mp4 ,"無","查詢"
"2397","友通","111/11/10","14:00","線上法人說明會","說明本公司111年第三季之財務營運概況","239720221110M001.pdf","239720221110E001.pdf","https://www.dfi.com/tw/investorconference",中文影音檔網址:2397_12_20221110_ch.mp4 ,"無","查詢"
"2399","映泰","111/11/02","14:30","福邦證券總公司(台北市忠孝西路一段6號7樓)","受邀參加福邦證券舉辦之法人說明會，就本公司已公開之財務業務資訊作說明。","239920221031M001.pdf","239920221031E001.pdf","","","無","查詢"
"2401","凌陽","111/04/13","14:30","線上團體會議","本公司受邀參加元富證券所舉辦之法說會「2022年4月台股企業日」","240120220414M001.pdf","240120220414E001.pdf","","","無","查詢"
"2401","凌陽","111/01/06","09:45","Webex 線上會議","證交所跟元富合辦的產業論壇Smart Taiwan 2022 (智慧台灣 2022)","240120220120M001.pdf","240120220120E001.pdf","","","無","查詢"
"2401","凌陽","111/08/17","14:00","福邦證券總公司(台北市忠孝西路一段6號7樓)","福邦證券邀請凌陽集團聯合法人說明會，說明2022年第二季之財務及營運狀況","240120220817M001.pdf","240120220817E001.pdf","www.sunplus.com","","無","查詢"
"2402","毅嘉","111/10/14","14:30","線上法說會。","本公司受邀參加兆豐證券主辦之線上法說會，說明本公司之營運概況、財務及業務相關資訊。","240220221014M001.pdf","240220221014E001.pdf","","","本次會議採線上方式進行，報名請至https://forms.gle/DkDeKgi8yRZgsNVM6線上報名。","查詢"
"2404","漢唐","111/06/14","14:30","線上法說會","受邀參加宏遠證券舉辦線上法人說明會，會中將說明公司財務及業務相關資訊","240420220614M001.pdf","240420220614E001.pdf","http://www.uisco.com.tw","","相關資訊將依規定揭露於公開資訊觀測站","查詢"
"2405","輔信","111/11/25","14:30","線上法說會","本公司受邀參加康和證券舉辦之線上法人說明會，主要內容為公司營運說明。","240520221125M001.pdf","240520221125E001.pdf","https://www.shuttle.com/Investors/StockConference?LOCATION_Code=TW","","無","查詢"
"2406","國碩","111/11/23","14:00","線上法說會","本公司受邀參加統一證券舉辦之線上法說會","240620221123M001.pdf","240620221123E001.pdf","http://www.gigastorage.com.tw/","","無","查詢"
"2408","南亞科","111/05/31","10:00","線上法說會","本公司財務業務相關資訊說明","240820220525M001.pdf","240820220525E001.pdf","https://www.nanya.com","","本公司受邀參加美銀證券舉辦之2022 Innovative China Conference","查詢"
"2408","南亞科","111/02/08","10:30","線上法說會","本公司財務業務相關資訊說明","240820220207M001.pdf","240820220207E001.pdf","https://www.nanya.com","","本公司受邀參加國泰證券舉辦之線上論壇","查詢"
"2408","南亞科","111/05/26","15:10","線上法說會","本公司財務業務相關資訊說明","240820220525M001.pdf","240820220525E001.pdf","https://www.nanya.com","","本公司受邀參加富邦證券舉辦之第二季富邦投資論壇","查詢"
"2408","南亞科","111/01/26","15:00","線上法說會","2021年第4季營運狀況說明","240820220126M001.pdf","240820220126E001.pdf","https://www.nanya.com",法說會影音連結資訊:https://www.nanya.com/tw/IR/13/Investor Calendar?Year=2022 ,"無","查詢"
"2408","南亞科","111/02/22","11:00","線上法說會","本公司財務業務相關資訊說明","240820220207M001.pdf","240820220207E001.pdf","https://www.nanya.com","","本公司受邀參加J.P. Morgan舉辦之Taiwan CEO-CFO Conference","查詢"
"2408","南亞科","111/02/14","15:00","線上法說會","本公司財務業務相關資訊說明","240820220207M001.pdf","240820220207E001.pdf","https://www.nanya.com","","本公司受邀參加Fidelity舉辦之Fidelity Taiwan Forum 2022","查詢"
"2408","南亞科","111/03/18","10:00","線上法說會","本公司財務業務相關資訊說明","240820220307M001.pdf","240820220307E001.pdf","https://www.nanya.com","","本公司受邀參加美銀證券舉辦之2022 APAC TMT Conference","查詢"
"2408","南亞科","111/03/17","10:00","台北美福大飯店","本公司財務業務相關資訊說明","240820220307M001.pdf","240820220307E001.pdf","https://www.nanya.com","","本公司受邀參加統一證券舉辦之2022Q1春季投資論壇","查詢"
"2408","南亞科","111/03/08","13:30","線上法說會","本公司財務業務相關資訊說明","240820220307M001.pdf","240820220307E001.pdf","https://www.nanya.com","","本公司受邀參加UBS舉辦之1Q22 Virtual APAC Tech Tour","查詢"
"2408","南亞科","111/08/16","14:00","線上法說會","本公司財務業務相關資訊說明","240820220815M001.pdf","240820220815E001.pdf","https://www.nanya.com","","本公司受邀參加大和國泰證券舉辦之Daiwa Investor Virtual Group Meeting","查詢"
"2408","南亞科","111/08/16","09:00","線上法說會","本公司財務業務相關資訊說明","240820220815M001.pdf","240820220815E001.pdf","https://www.nanya.com","","本公司受邀參加永豐金證券與Rosenblatt Securities舉辦之法人說明會","查詢"
"2408","南亞科","111/06/21","09:30","線上法說會","本公司財務業務相關資訊說明","240820220525M001.pdf","240820220525E001.pdf","https://www.nanya.com","","本公司受邀參加群益證券舉辦之2022年第二季投資論壇","查詢"
"2408","南亞科","111/06/24","09:00","線上法說會","本公司財務業務相關資訊說明","240820220525M001.pdf","240820220525E001.pdf","https://www.nanya.com","","本公司受邀參加Morgan Stanley舉辦之Virtual Asia BEST Conference","查詢"
"2408","南亞科","111/07/11","15:00","線上法說會","2022年第2季營運狀況說明","240820220711M001.pdf","240820220711E001.pdf","https://www.nanya.com",法說會影音連結資訊:https://www.nanya.com/tw/IR/13/Investor Calendar?Year=2022 ,"無","查詢"
"2408","南亞科","111/06/20","15:00","線上法說會","本公司財務業務相關資訊說明","240820220525M001.pdf","240820220525E001.pdf","https://www.nanya.com","","本公司受邀參加UBS舉辦之Taiwan Virtual Conference 2022","查詢"
"2408","南亞科","111/04/11","15:00","線上法說會","2022年第1季營運狀況說明","240820220411M001.pdf","240820220411E001.pdf","https://www.nanya.com",法說會影音連結資訊:https://www.nanya.com/tw/IR/13/Investor Calendar?Year=2022 ,"無","查詢"
"2408","南亞科","111/03/09","15:45","線上法說會","本公司財務業務相關資訊說明","240820220307M001.pdf","240820220307E001.pdf","https://www.nanya.com","","本公司受邀參加元富證券舉辦之2022年台股企業日","查詢"
"2408","南亞科","111/03/22","10:00","線上法說會","本公司財務業務相關資訊說明","240820220307M001.pdf","240820220307E001.pdf","https://www.nanya.com","","本公司受邀參加Morgan Stanley舉辦之Virtual Hong Kong Summit 2022","查詢"
"2408","南亞科","111/09/06","10:00","線上法說會","本公司財務業務相關資訊說明","240820220815M001.pdf","240820220815E001.pdf","https://www.nanya.com","","本公司受邀參加Credit Suisse舉辦之23rd Credit Suisse Asian Technology Conference","查詢"
"2408","南亞科","111/08/31","11:15","和逸飯店","本公司財務業務相關資訊說明","240820220815M001.pdf","240820220815E001.pdf","https://www.nanya.com","","本公司受邀參加J.P. Morgan舉辦之7th Annual Asia Tech Tour","查詢"
"2408","南亞科","111/11/01","10:00","線上法說會","本公司財務業務相關資訊說明","240820221011M001.pdf","240820221011E001.pdf","https://www.nanya.com","","本公司受邀參加美銀證券舉辦之2022 China Conference","查詢"
"2408","南亞科","111/08/23","10:15","線上法說會","本公司財務業務相關資訊說明","240820220815M001.pdf","240820220815E001.pdf","https://www.nanya.com","","本公司受邀參加美銀證券舉辦之BofA Asia Summer Tech Tour","查詢"
"2408","南亞科","111/11/17","09:00","線上法說會","本公司財務業務相關資訊說明","240820221107M001.pdf","240820221107E001.pdf","https://www.nanya.com","","本公司受邀參加J.P. Morgan舉辦之10th Global TMT Conference in Asia","查詢"
"2408","南亞科","111/09/07","14:50","線上法說會","本公司財務業務相關資訊說明","240820220815M001.pdf","240820220815E001.pdf","https://www.nanya.com","","本公司受邀參加元大證券舉辦之投資產業論壇","查詢"
"2408","南亞科","111/09/15","10:00","台北美福大飯店","本公司財務業務相關資訊說明","240820220815M001.pdf","240820220815E001.pdf","https://www.nanya.com","","本公司受邀參加統一證券舉辦之2022 Q3秋季投資論壇","查詢"
"2408","南亞科","111/12/01","10:00","台北君悅酒店","本公司財務業務相關資訊說明","240820221107M001.pdf","240820221107E001.pdf","https://www.nanya.com","","本公司受邀參加富邦證券舉辦之第四季投資論壇","查詢"
"2408","南亞科","111/10/11","15:00","線上法說會","2022年第3季營運狀況說明","240820221011M001.pdf","240820221011E001.pdf","https://www.nanya.com",法說會影音連結資訊:https://www.nanya.com/tw/IR/13/Investor Calendar?Year=2022 ,"無","查詢"
"2408","南亞科","111/11/30","13:00","台北W飯店","本公司財務業務相關資訊說明","240820221107M001.pdf","240820221107E001.pdf","https://www.nanya.com","","本公司受邀參加Citi舉辦之Taiwan Corporate Day","查詢"
"2408","南亞科","111/11/08","09:00","香格里拉台北遠東國際大飯店","本公司財務業務相關資訊說明","240820221107M001.pdf","240820221107E001.pdf","https://www.nanya.com","","本公司受邀參加Goldman Sachs舉辦之Taiwan Corporate Day","查詢"
"2409","友達","111/03/15 至 111/03/16","10:00","線上法說會","公告本公司將參加美國銀行美林證券舉辦之「2022 APAC TMT Conference」，就110年第四季法說會之內容說明公司營運與財務概況。","240920220211M001.pdf","240920220211E001.pdf","https://auo.com/zh-TW/Investor_Conference/index","","無","查詢"
"2409","友達","111/03/22 至 111/03/24","09:00","線上法說會","公告本公司將參加瑞士信貸舉辦之「25th Credit Suisse Asian Investment Conference」，就110年第四季法說會之內容說明公司營運與財務概況。","240920220211M001.pdf","240920220211E001.pdf","https://auo.com/zh-TW/Investor_Conference/index","","無","查詢"
"2409","友達","111/02/11","14:00","台北遠東國際大飯店二樓香格里拉宴會廳
(台北市敦化南路二段201號)","110年第四季法人說明會","240920220211M001.pdf","240920220211E001.pdf","https://www.auo.com/zh-TW/Investor_Conference/index",中文影音檔網址:2409_146_20220211_ch.mp4 ,"影音資訊於當日會後上傳","查詢"
"2409","友達","111/08/30 至 111/08/31","09:00","線上法說會","公告本公司將參加花旗證券舉辦之「Citi Asia TMT Day 2022」，就111年第二季法說會之內容說明公司營運與財務概況。","240920220728M001.pdf","240920220728E001.pdf","https://auo.com/zh-TW/Investor_Conference/index","","無","查詢"
"2409","友達","111/04/26","14:00","線上法說會","111年第一季線上法人說明會","240920220426M001.pdf","240920220426E001.pdf","https://auo.com/zh-TW/Investor_Conference/index",中文影音檔網址:2409_149_20220426_ch.mp4 ,"影音資訊於當日會後上傳","查詢"
"2409","友達","111/05/17","09:00","線上法說會","公告本公司將參加Jefferies和富邦證券共同舉辦之「Jefferies &amp; Fubon Taiwan Corporate Day」，就111年第一季法說會之內容說明公司營運與財務概況。","240920220426M001.pdf","240920220426E001.pdf","https://auo.com/zh-TW/Investor_Conference/index","","無","查詢"
"2409","友達","111/05/18","09:00","線上法說會","公告本公司將參加花旗證券舉辦之「Regional Tech Investor Conference 2022」，就111年第一季法說會之內容說明公司營運與財務概況。","240920220426M001.pdf","240920220426E001.pdf","https://auo.com/zh-TW/Investor_Conference/index","","無","查詢"
"2409","友達","111/07/28","14:00","線上法說會","111年第二季線上法人說明會","240920220728M001.pdf","240920220728E001.pdf","https://auo.com/zh-TW/Investor_Conference/index",中文影音檔網址:2409_153_20220728_ch.mp4 ,"影音資訊於當日會後上傳","查詢"
"2409","友達","111/06/20","10:00","線上法說會","公告本公司將參加瑞銀證券舉辦之「UBS Taiwan Virtual
Conference 2022」，就111年第一季法說會之內容說明公司營運與財務概況。","240920220426M001.pdf","240920220426E001.pdf","https://auo.com/zh-TW/Investor_Conference/index","","無","查詢"
"2409","友達","111/09/05 至 111/09/06","10:00","線上法說會","公告本公司將參加瑞士信貸舉辦之「23rd Credit Suisse Asian Technology Conference」，就111年第二季法說會之內容說明公司營運與財務概況。","240920220728M001.pdf","240920220728E001.pdf","https://auo.com/zh-TW/investor_conference/index","","無","查詢"
"2409","友達","111/10/26","14:00","線上法說會","111年第三季線上法人說明會","240920221026M001.pdf","240920221026E001.pdf","https://auo.com/zh-TW/Investor_Conference/index",中文影音檔網址:2409_156_20221026_ch.mp4 ,"影音資訊於當日會後上傳","查詢"
"2412","中華電","111/01/26","15:00","電話會議","110年第4季營運成果資料於法人說明會當日14:30後至https://www.cht.com.tw/chtir下載","241220220126M002.pdf","241220220126E002.pdf","https://www.cht.com.tw/chtir",同步收看網址：:https://www.cht.com.tw/chtir 法說會影音連結資訊:https://www.cht.com.tw/chtir ,"電話會議時間15:00~16:00","查詢"
"2412","中華電","111/05/03","15:00","電話會議","111年第1季營運成果資料於法人說明會當日14:30後至https://www.cht.com.tw/chtir下載","241220220503M001.pdf","241220220503E001.pdf","https://www.cht.com.tw/chtir",同步收看網址：:https://www.cht.com.tw/chtir 法說會影音連結資訊:https://www.cht.com.tw/chtir ,"電話會議時間15:00~16:00","查詢"
"2412","中華電","111/03/25","15:00","電話會議","會議由美銀證券主辦","241220220321M001.pdf","241220220321E001.pdf","http://www.cht.com.tw/chtir","","無","查詢"
"2412","中華電","111/02/21 至 111/02/22","09:00","電話會議","會議由摩根大通(JPMorgan)主辦","241220220301M001.pptx","241220220301E001.PPTX","http://www.cht.com.tw/chtir","","無","查詢"
"2412","中華電","111/03/08","14:30","電話會議","會議由元富證券主辦","241220220302M001.pdf","241220220302E001.pdf","http://www.cht.com.tw/chtir","","無","查詢"
"2412","中華電","111/06/21","14:00","電話會議","會議由UBS主辦","241220220617M001.pdf","241220220617E001.pdf","http://www.cht.com.tw/chtir","","無","查詢"
"2412","中華電","111/07/29","15:00","電話會議","111年第2季營運成果資料於法人說明會當日14:30後至https://www.cht.com.tw/chtir下載","241220220729M001.pdf","241220220729E001.pdf","http://www.cht.com.tw/chtir",同步收看網址：:https://www.cht.com.tw/chtir 法說會影音連結資訊:https://www.cht.com.tw/chtir ,"電話會議時間15:00~16:00","查詢"
"2412","中華電","111/08/16","15:45","電話會議","會議由元富證券主辦","241220220810M001.pdf","241220220810E001.pdf","http://www.cht.com.tw/chtir","","無","查詢"
"2412","中華電","111/08/25","11:00","電話會議","會議由UBS主辦","241220220822M001.pdf","241220220822E001.pdf","http://www.cht.com.tw/chtir","","無","查詢"
"2412","中華電","111/11/16 至 111/11/18","08:30","新加坡","會議由Morgan Stanley主辦","241220221228M001.pdf","241220221228E001.pdf","http://www.cht.com.tw/chtir","","無","查詢"
"2412","中華電","111/11/01","15:00","電話會議","111年第3季營運成果資料於法人說明會當日14:30後至https://www.cht.com.tw/chtir下載","241220221101M001.pdf","241220221101E001.pdf","https://www.cht.com.tw/chtir",同步收看網址：:https://www.cht.com.tw/chtir 法說會影音連結資訊:https://www.cht.com.tw/chtir ,"電話會議時間15:00~16:00","查詢"
"2413","環科","111/12/14","15:00","台中市工業區27路2號(5F會議廳)","本公司受邀參加台新證券於111年12月14日舉辦之法人說明會，為促進機構投資法人對本公司產業之瞭解，將予以說明。","241320221213M001.pdf","241320221213E001.pdf","https://www.umec.com.tw/Investor/InvestorConference","","無","查詢"
"2414","精技","111/08/09","14:30","線上法說會","受邀參加凱基證券舉辦之線上法人說明會，報名網址：https://ib.kgi.com/IBWebSite/Views/Registration/RegistPage.aspx?ActNbr=962","241420220809M001.pdf","241420220809E001.pdf","https://www.unitech.com.tw/","","無","查詢"
"2415","錩新","111/07/06","14:00","線上法說會","凱基證券舉辦之線上法人說明會,說明111年第一季營運概況","241520220705M001.pptx","241520220705E001.pptx","","","無","查詢"
"2415","錩新","111/12/22","15:00","線上法說會","玉山證券舉辦之線上法人說明會,說明111年第三季營運概況","241520221221M001.pdf","241520221221E001.pdf","","","無","查詢"
"2417","圓剛","111/12/23","14:00","Webex線上視訊會議","本公司受邀參加宏遠證券所舉辦之線上法人說明會，說明本公司財務及業務相關資訊。","241720221223M001.pdf","241720221223E001.pdf","http://ir.avermedia.com/irwebsite_c/#events_presentations",法說會影音連結資訊:https://reurl.cc/7jL8qk ,"無","查詢"
"2417","圓剛","111/05/11","14:30","線上會議","本公司受邀參加元富證券所舉辦之法說會「2022年台股企業日」(線上法說會)，說明本公司之產業狀況及經營情形。","241720220511M001.pdf","241720220511E001.pdf","http://ir.avermedia.com/irwebsite_c/","","無","查詢"
"2419","仲琦","111/11/02","14:30","台北市復興北路99號15樓C會議室","本公司受邀參加富邦證券舉辦之法人說明會，說明本公司第三季營運概況。","241920221102M001.pdf","241920221102E001.pdf","https://www.hitrontech.com/zh-tw/investors/events-investor-conference/","","無","查詢"
"2420","新巨","111/08/15","14:00","線上法說會","本公司受邀參加台新證券舉辦之線上法人說明會，說明公司業務及營運概況。","242020220810M001.pptx","242020220810E001.pptx","http://www.zippy.com.tw/zh-tw/newslists.aspx","","無","查詢"
"2420","新巨","111/12/06","14:00","線上法說會","本公司受邀參加&#29319;亞證券舉辦線上法人說明會，說明公司業務及營運概況。","242020221205M001.pptx","242020221205E001.pptx","https://www.zippy.com/zh-tw/newslists.aspx","","無","查詢"
"2421","建準","111/03/16","11:00","台北晶華酒店(台北市中山北路二段39巷3號4樓)","本公司受邀參加凱基證券舉辦之「2022年第一季投資論壇」","242120220311M001.pdf","242120220311E001.pdf","https://www.sunon.com/shareholder.aspx","","無","查詢"
"2421","建準","111/09/07","15:40","台北遠東國際大飯店 (台北市敦化南路二段201號B1)","本公司受邀參加國泰證券舉辦之第三季產業論壇","242120220902M001.pdf","242120220902E001.pdf","https://www.sunon.com/shareholder.aspx","","無","查詢"
"2423","固緯","111/07/28","14:00","線上法說會","固緯電子受邀參加台新證券舉辦之線上法說會，說明本公司營運概況及未來展望並回答投資人提問。
網址：https://tssco.webex.com/meet/TaishinSecurities","242320220727M002.pdf","242320220727E002.pdf","",同步收看網址：:https://tssco.webex.com/meet/TaishinSecurities ,"無","查詢"
"2423","固緯","111/12/28","14:00","線上法說會","固緯電子受邀參加台新證券舉辦之線上法說會，說明本公司營運概況及未來展望並回答投資人提問。 網址：https://tssco.webex.com/meet/TaishinSecurities","242320221227M002.pdf","242320221227E002.pdf","https://www.gwinstek.com/",中文影音檔網址:2423_10_20221228_ch.mp4 ,"無","查詢"
"2424","隴華","111/11/29","16:00","線上法說會","本公司受邀參加元大證券舉辦之線上法說會，報告本公司營運狀營運狀況。","242420221129M001.ppt","242420221129E001.ppt","","","無","查詢"
"2425","承啟","111/12/16","14:30","福邦證券總公司(台北市忠孝西路一段6號14樓)","受邀參加福邦證券舉辦之法人說明會，就本公司已公開之財務業務資訊作說明。","242520221216M001.pdf","242520221216E001.pdf","http://www.chaintech.com.tw/Investors.aspx?cid=3153&amp;type=1","","無","查詢"
"2426","鼎元","111/12/15","14:30","苗栗縣竹南鎮科中路15號","公司簡報與營運概況說明","242620221212M001.pdf","242620221212E001.pdf","https://www.tyntek.com.tw/investor.php?cs=1&amp;sn=13",中文影音檔網址:2426_6_20221215_ch.mp4 ,"無","查詢"
"2427","三商電","111/04/15","14:30","http://www.zucast.com/webcast/0tYTLJUW","報告2021年營運成果及公司營運現況暨未來展望","242720220415M001.pdf","242720220415E001.pdf","https://www.mds.com.tw/tc/investment_detail.php?PKey=22&amp;Page=0",同步收看網址：:http://www.zucast.com/webcast/0tYTLJUW 法說會影音連結資訊:http://www.zucast.com/webcast/0tYTLJUW ,"無","查詢"
"2428","興勤","111/04/26","14:00","線上法說會","本公司受邀參加康和綜合證券舉辦之線上法人說明會，說明本公司2021年第四季營運狀況及未來展望。","242820220426M001.pdf","242820220426E001.pdf","https://www.thinking.com.tw","","無","查詢"
"2428","興勤","111/12/28","14:00","台北市信義區基隆路一段176號B2(康和綜合證券總公司B2會議室)","本公司受邀參加康和綜合證券舉辦之法說會，說明本公司2022年第三季之營運狀況及未來展望。","242820221228M001.pdf","242820221228E001.pdf","https://www.thinking.com.tw","","報名請洽康和證券法人部卓小姐02-87871888#280；電子信箱dora.cho@concords.com.tw","查詢"
"2428","興勤","111/06/28","14:00","線上法說會","本公司受邀參加國泰綜合證券舉辦之線上法人說明會，說明本公司2022年第一季營運狀況及未來展望。","242820220628M001.pdf","242820220628E001.pdf","https://www.thinking.com.tw","","無","查詢"
"2428","興勤","111/09/26 至 111/09/27","13:30","線上法說會","本公司受邀參加由臺灣證券交易所及寬量國際共同主辦之線上法說會「12th Taiwan CEO Week」，說明本公司2022年第二季之營運狀況及未來展望。","242820220926M001.pdf","242820220926E001.pdf","https://www.thinking.com.tw","","無","查詢"
"2429","銘旺科","111/12/20","11:00","臺北市忠孝東路一段85號6樓 會議室","本公司受邀參加台中銀證券舉辦之法人說明會，報告本公司營運狀況。","242920221219M001.pptx","242920221219E001.pptx","https://www.abonmax.com.tw/index.php?route=investor/information&amp;information_id=20","","無","查詢"
"2430","燦坤","111/08/30","14:00","線上法說會","本公司受邀參加元大證券舉辦之線上法說會，報告本公司營運狀況。","243020220829M002.pdf","243020220829E002.pdf","https://www.tk3c.com.tw/","","無","查詢"
"2430","燦坤","111/12/14","14:00","線上法說會","本公司受邀參加元大證券舉辦之線上法說會，說明本公司營運狀況。","243020221213M001.pdf","243020221213E001.pdf","https://www.tk3c.com.tw/","","無","查詢"
"2431","聯昌","111/08/31","14:00","線上法說會","本公司受邀參加中國信託綜合證券舉辦之線上法人說明會","243120220831M001.pdf","243120220831E001.pdf","http://www.lienchang.com.tw/","","無","查詢"
"2433","互盛電","111/08/19","15:00","線上法說會","說明本公司2022年上半年營運概況","243320220818M002.pdf","243320220818E002.pdf","https://www.eosasc.com.tw/event-information",同步收看網址：:https://www.youtube.com/watch?v=YlaOvt1my4g 法說會影音連結資訊:https://www.eosasc.com.tw/event-information ,"無","查詢"
"2433","互盛電","111/11/23","15:00","線上法說會","說明本公司2022年第三季營運概況","243320221123M001.pdf","243320221123E001.pdf","https://www.eosasc.com.tw/event-information",同步收看網址：:https://www.youtube.com/watch?v=zAvmvcQE5UA 法說會影音連結資訊:https://www.eosasc.com.tw/event-information ,"無","查詢"
"2434","統懋","111/12/21","14:00","統懋半導體股份有限公司(台南市新市區中山路76號)","公司簡介及財務業務概況","243420221221M001.ppt","243420221221E001.ppt","http://www.mospec.com.tw",中文影音檔網址:2434_6_20221221_ch.mp4 ,"無","查詢"
"2436","偉詮電","111/03/14","14:30","線上法說會","報告110年財報與業務營運相關資訊報告。簡報資料請參閱公開資訊觀測站。","243620220314M001.pdf","243620220314E001.pdf","http://www.weltrend.com","","無","查詢"
"2436","偉詮電","111/08/25","14:00","線上法說會","報告111年第二季財報與業務營運相關資訊報告。簡報資料請參閱公開資訊觀測站。","243620220825M001.pdf","243620220825E001.pdf","http://www.weltrend.com","","無","查詢"
"2438","翔耀","111/11/30","14:00","線上法說會","本公司受邀參加元大證券舉辦之線上法說會，報告本公司營運狀況","243820221128M002.pdf","243820221128E002.pdf","http://www.enlightcorp.com.tw","","無。","查詢"
"2439","美律","111/01/04","14:30","線上會議。","本公司受邀參加元富證券與台灣證交所舉辦之「智慧台灣2022」。","243920211029M001.pdf","243920211029E001.pdf","https://www.merry.com.tw/page/investor/seminar.aspx","","無。","查詢"
"2439","美律","111/01/06","14:30","台北市信義區菸廠路88號-台北文創。","本公司受邀參加元富證券與台灣證交所舉辦之「智慧台灣2022」。","243920211029M001.pdf","243920211029E001.pdf","https://www.merry.com.tw/page/investor/seminar.aspx","","無。","查詢"
"2439","美律","111/04/29","15:00","電話會議。","1.本公司受邀參加元大證券舉辦之法人說明會，公布本公司2022年第一季營運成果。2.簡報內容於會議開始前15分鐘置於公開資訊觀測站，請自行下載。3.活動諮詢:元大證券 陳冠宇先生，電話:(02)2718-1234#6720；E-mail:kuanyuchen@yuanta.com","243920220429M001.pdf","243920220429E001.pdf","https://www.merry.com.tw/page/investor/seminar.aspx","","無。完整財務業務資訊請至公開資訊觀測站之法人說明會一覽表或法說會項目下查閱。","查詢"
"2439","美律","111/07/29","15:00","線上會議","1.本公司受邀參加富邦證券舉辦之法人說明會，公布本公司2022年第2季營運成果。
2.簡報內容於會議開始前15分鐘置於公開資訊觀測站，請自行下載。
3.活動諮詢:富邦證券 Irene, irene.yt.lin@fubon.com。","243920220729M001.pdf","243920220729E001.pdf","https://www.merry.com.tw/page/investor/seminar.aspx","","無","查詢"
"2439","美律","111/07/29","15:00","線上會議","(1)本公司受邀參加富邦證券舉辦之法人說明會，公布本公司2022年第2季營運成果。
(2)簡報內容於會議開始前15分鐘置於公開資訊觀測站，請自行下載。
(3)活動諮詢:富邦證券 Irene, Email: irene.yt.lin@fubon.com。","內容檔案於當日會後公告於公開資訊觀測站","內容檔案於當日會後公告於公開資訊觀測站","https://www.merry.com.tw/page/investor/seminar.aspx","","無","查詢"
"2439","美律","111/06/20","16:00","線上會議。","公司受邀參加UBS舉辦之「UBS Taiwan Virtual Conference 2022」。","243920220429M001.pdf","243920220429E001.pdf","https://www.merry.com.tw/page/investor/seminar.aspx","","無。","查詢"
"2439","美律","111/05/19 至 111/05/20","08:00","電話會議。","本公司受邀參加花旗證券舉辦之「Regional Tech Conference 2022」","243920220429M001.pdf","243920220429E001.pdf","https://www.merry.com.tw/page/investor/seminar.aspx","","無。","查詢"
"2439","美律","111/03/16 至 111/03/18","10:00","線上會議","本公司受邀參加Bank of America Corporation舉辦之「BofA 2022 APAC TMT Conference」。","243920220225M003.pdf","243920220225E003.pdf","http://www.merry.com.tw/page/investor/seminar.aspx","","無。","查詢"
"2439","美律","111/02/25","15:00","Webex線上會議。","1.本公司受邀參加永豐金證券舉辦之法人說明會，公布本公司2021年第四季營運成果。2.簡報內容於會議開始前15分鐘置於公開資訊觀測站，請自行下載。3.活動諮詢:永豐金證券 鄒小姐；電話:02-23823207；Email:joyce.tsou@sinopac.com。","243920220225M003.pdf","243920220225E003.pdf","https://www.merry.com.tw/page/investor/seminar.aspx","","無。","查詢"
"2439","美律","111/08/09","09:00","線上會議","本公司受邀參加永豐金證券舉辦之法人說明會。","243920220729M001.pdf","243920220729E001.pdf","https://www.merry.com.tw/page/investor/seminar.aspx","","無","查詢"
"2439","美律","111/07/13","09:30","線上會議","公司受邀參加ICA Research舉辦之「3rd Annual Asia Pacific Opportunities Summit」。","243920220429M001.pdf","243920220429E001.pdf","https://www.merry.com.tw/page/investor/seminar.aspx","","無","查詢"
"2439","美律","111/08/31","14:00","線上會議","本公司受邀參加花旗證券舉辦之「Citi Asia TMT Day2022」。","243920220729M001.pdf","243920220729E001.pdf","https://www.merry.com.tw/page/investor/seminar.aspx","","無","查詢"
"2439","美律","111/09/08","15:45","線上會議","本公司受邀參加元富證券舉辦之 「2022年9月台股企業日」。","243920220729M001.pdf","243920220729E001.pdf","https://www.merry.com.tw/page/investor/seminar.aspx","","無","查詢"
"2439","美律","111/09/14","14:00","線上會議","本公司受邀參加第一金證券舉辦之線上法人說明會。","243920220729M001.pdf","243920220729E001.pdf","https://www.merry.com.tw/page/investor/seminar.aspx","","無","查詢"
"2439","美律","111/10/28","15:00","線上會議","(1)本公司受邀參加凱基證券舉辦之線上法人說明會，公布本公司2022年第三季營運成果。(2)簡報內容於會議開始前15分鐘置於公開資訊觀測站，請自行下載。","243920221028M001.pdf","243920221028E001.pdf","https://www.merry.com.tw/page/investor/seminar.aspx","","無","查詢"
"2439","美律","111/10/28","15:00","線上會議","(1)本公司受邀參加凱基證券舉辦線上法人說明會，公布本公司2022年第三季營運成果。
(2)簡報內容於會議開始前15分鐘置於公開資訊觀測站，請自行下載。","243920221028M002.pdf","243920221028E002.pdf","https://www.merry.com.tw/page/investor/seminar.aspx","","無","查詢"
"2439","美律","111/12/13","15:40","台北晶華酒店4樓","本公司受邀參加永豐金證券舉辦之 「2022年第四季投資論壇」。","243920221028M001.pdf","243920221028E001.pdf","https://www.merry.com.tw/page/investor/seminar.aspx","","無","查詢"
"2440","太空梭","111/09/26","14:00","線上法說會","公司簡介、營運概況說明","244020220926M001.pdf","244020220926E001.pdf","http://www.spaces.com.tw/zh-tw/a2-8701/%E6%B3%95%E8%AA%AA%E6%9C%83%E5%A0%B1%E5%91%8A.html",中文影音檔網址:2440_6_20220926_ch.mp4 ,"無。","查詢"
"2441","超豐","111/07/26","14:30","線上法說會","報告2022年上半度營運成果及未來之營運展望","244120220726M001.pdf","244120220726E001.pdf","https://www.greatek.com.tw/investor4.html",中文影音檔網址:2441_17_20220726_ch.mp4 ,"無。","查詢"
"2441","超豐","111/01/25","14:30","線上法說會","報告2021年度營運成果及未來之營運展望。","244120220125M001.pdf","244120220125E001.pdf","https://www.greatek.com.tw/investor4.html",中文影音檔網址:2441_16_20220125_ch.mp4 ,"無。","查詢"
"2442","新美齊","111/09/12","14:30","臺灣證券交易所1樓資訊展示中心(台北市信義區信義路五段7號1樓)","本公司近期營運概況說明","244220220912M001.pdf","244220220912E001.pdf","https://www.jean.com.tw/tw/invest-shareholders-report",法說會影音連結資訊:https://webpro.twse.com.tw/webportal/vod/101/21A490992667-CEF4B90D-326A-11ED-9E88/?categoryId=101 ,"無","查詢"
"2442","新美齊","111/12/14","14:30","臺灣證券交易所1樓資訊展示中心(台北市信義區信義路五段7號1樓)","本公司近期營運概況說明","244220221214M001.pdf","244220221214E001.pdf","https://www.jean.com.tw/tw/invest-shareholders-report",法說會影音連結資訊:https://webpro.twse.com.tw/webportal/vod/101/C19816874A91-79EA898F-7B7F-11ED-BAC1/?categoryId=101 ,"無","查詢"
"2444","兆勁","111/10/21","14:00","台北市長安東路一段22號7樓(第一金證券會議室)","本公司年度營運概況說明；
欲參加本公司111年度法說會之投資者請洽第一金證券法人部王維彤經理,聯絡方式如下:
電話：02-2563-6262 分機：213   
電子郵件：sheryl.wang@firstsec.com.tw","244420221021M001.pdf","244420221021E001.pdf","https://www.abocom.com.tw/",法說會影音連結資訊:https://youtu.be/Cl7dNuMivv0 ,"完整財務業務資訊請至公開資訊觀測站之法人說明會覽表或法說會項下查閱","查詢"
"2449","京元電子","111/06/21","09:00","線上法說會","本公司111年06月21日受邀參加瑞銀證券舉辦的UBS Taiwan Virtual Conference 2022，簡報資料請參閱公開資訊觀測站。","244920220516M001.pdf","244920220516E001.pdf","","","無","查詢"
"2449","京元電子","111/01/06 至 111/01/07","09:00","線上法說會","本公司111年01月06日至01月07日受邀參加瑞士信貸證券舉辦的2022 Greater China Technology and Internet Conference，簡報資料請參閱公開資訊觀測站。","244920211110M001.pdf","244920211110E001.pdf","","","無","查詢"
"2449","京元電子","111/03/14 至 111/03/15","09:00","線上法說會","本公司受邀參加美銀證券（BofA Securities）舉辦的2022 APAC TMT Conference，會中就本公司已公開發佈之財務數字、經營績效等相關資訊做說明。簡報資料請參閱公開資訊觀測站。","244920220307M001.pdf","244920220307E001.pdf","","","無","查詢"
"2449","京元電子","111/03/22","09:00","線上法說會","本公司受邀參加摩根士丹利證券 ( Morgan Stanley）舉辦的Virtual Hong Kong Summit 2022，會中就本公司已公開發佈之財務數字、經營績效等相關資訊做說明。簡報資料請參閱公開資訊觀測站。","244920220307M001.pdf","244920220307E001.pdf","","","無","查詢"
"2449","京元電子","111/03/24","09:00","線上法說會","本公司受邀參加摩根士丹利證券 ( Morgan Stanley）舉辦的Virtual Hong Kong Summit 2022，會中就本公司已公開發佈之財務數字、經營績效等相關資訊做說明。簡報資料請參閱公開資訊觀測站。","244920220307M001.pdf","244920220307E001.pdf","","","無","查詢"
"2449","京元電子","111/08/30","09:00","線上法說會","本公司111年08月30日受邀參加花旗證券舉辦之Asia TMT Day 2022，簡報資料請參閱公開資訊觀測站。","244920220822M001.pdf","244920220822E001.pdf","","","無","查詢"
"2449","京元電子","111/04/07","11:00","線上法說會","本公司受邀參加Taiwan Stock Exchange and Goldman Sachs Taiwan Virtual Corporate Day 2022，會中就本公司已公開發佈之財務數字、經營績效等相關資訊做說明。簡報資料請參閱公開資訊觀測站。","244920220307M001.pdf","244920220307E001.pdf","","","無","查詢"
"2449","京元電子","111/05/20","09:00","線上法說會","本公司111年5月20日受邀參加花旗證券舉辦之Citi Regional Tech Conference 2022，簡報資料請參閱公開資訊觀測站。","244920220516M001.pdf","244920220516E001.pdf","","","無","查詢"
"2449","京元電子","111/06/02","09:00","線上法說會","本公司111年6月2日受邀參加摩根士丹利證券舉辦之Morgan Stanley&#039;s Virtual Japan Summit，簡報資料請參閱公開資訊觀測站。","244920220516M001.pdf","244920220516E001.pdf","","","無","查詢"
"2449","京元電子","111/06/07","09:00","線上法說會","本公司111年6月7日受邀參加美銀證券舉辦之2022 Innovative China Conference，簡報資料請參閱公開資訊觀測站。","244920220516M001.pdf","244920220516E001.pdf","","","無","查詢"
"2449","京元電子","111/11/10","09:00","線上法說會","本公司111年11月10日受邀參加摩根大通證券舉辦的J.P. Morgan’s Global TMT Conference in Asia，簡報資料請參閱公開資訊觀測站。","244920221107M001.pdf","244920221107E001.pdf","","","無","查詢"
"2449","京元電子","111/09/08","09:00","線上法說會","本公司111年09月08日受邀參加傑富瑞(Jefferies)舉辦之3rd Annual Jefferies Asia Forum，簡報資料請參閱公開資訊觀測站。","244920220822M001.pdf","244920220822E001.pdf","","","無","查詢"
"2449","京元電子","111/09/05 至 111/09/06","09:00","線上法說會","本公司111年09月05日至09月06日受邀參加瑞士信貸證券舉辦之23rd Credit Suisse Asian Technology Conference，簡報資料請參閱公開資訊觀測站。","244920220822M001.pdf","244920220822E001.pdf","","","無","查詢"
"2449","京元電子","111/11/16 至 111/11/17","11:30","Mandarin Oriental Singapore (新加坡文華東方酒店)","本公司受邀參加摩根士丹利證券 ( Morgan Stanley）舉辦的21st Annual Asia Pacific Summit，會中就本公司已公開發佈之財務數字、經營績效等相關資訊做說明。簡報資料請參閱公開資訊觀測站。","244920221107M001.pdf","244920221107E001.pdf","","","無","查詢"
"2450","神腦","111/12/21","14:00","線上法說會","本公司受邀參加台新證券舉辦之線上法人說明會，就本公司經營實績向投資機構說明","245020221221M001.pdf","245020221221E001.pdf","https://www.senao.com.tw/invest06.php","","無","查詢"
"2450","神腦","111/05/20","14:00","線上法說會","本公司受邀參加台新證券舉辦之線上法人說明會，就本公司經營實績向投資機構說明","245020220520M001.pdf","245020220520E001.pdf","https://www.senao.com.tw/invest06.php","","無","查詢"
"2450","神腦","111/03/11","14:00","線上法說會","本公司受邀參加元大證券舉辦之線上法人說明會，就本公司經營實績向投資機構說明","245020220310M001.pdf","245020220310E001.pdf","https://www.senao.com.tw/invest06.php","","無","查詢"
"2450","神腦","111/08/26","14:00","線上法說會","本公司受邀參加富邦證券舉辦之線上法人說明會，就本公司經營實績向投資機構說明","245020220826M001.pdf","245020220826E001.pdf","https://www.senao.com.tw/invest06.php","","無","查詢"
"2451","創見","111/11/11","15:00","創見資訊視聽教室(台北市內湖區行忠路70號)","說明本公司財務業務相關資訊","245120221111M002.pptx","245120221111E002.pptx","https://tw.transcend-info.com/about/conference",法說會影音連結資訊:https://youtu.be/f3GcpTBLMms ,"無","查詢"
"2453","凌群","111/03/28","14:00","本公司簡報室(台北市萬華區峨眉街115號B1)","說明本公司一一０年度營運概況。","245320220328M002.pdf","245320220328E002.pdf","http://www.syscom.com.tw/investor/It_Corporation.aspx",中文影音檔網址:2453_6_20220328_ch.mp4 ,"無。","查詢"
"2454","聯發科","111/01/27","15:00","線上法說會","(1) 公布本公司2021年第4季財務報告及2022年第1季業績展望。 (2) 參加方式：請參見https://corp.mediatek.tw/investor-relations/financial-information/quarterly-earnings","245420220127M001.pdf","245420220127E001.pdf","https://www.mediatek.com/",同步收看網址：:https://webpage-ott2b.cdn.hinet.net/webpage/watch?contentProvider=mediatek&v=55199 法說會影音連結資訊:https://webpage-ott2b.cdn.hinet.net/webpage/watch?contentProvider=mediatek&v=55199 ,"無","查詢"
"2454","聯發科","111/06/20 至 111/06/21","16:00","線上法說會","公告本公司111年6月20日至6月21日受邀參加瑞銀證券舉辦之Taiwan Virtual Conference 2022，簡報資料請參閱公開資訊觀測站。","245420220427M001.pdf","245420220427E001.pdf","","","無","查詢"
"2454","聯發科","111/04/27","15:00","線上法說會","(1) 公布本公司2022年第1季財務報告及2022年第2季業績展望。 (2) 參加方式：請參見https://corp.mediatek.tw/investor-relations/financial-information/quarterly-earnings","245420220427M001.pdf","245420220427E001.pdf","https://www.mediatek.com",同步收看網址：:https://webpage-ott2b.cdn.hinet.net/webpage/watch?contentProvider=mediatek&v=55371 法說會影音連結資訊:https://webpage-ott2b.cdn.hinet.net/webpage/watch?contentProvider=mediatek&v=55371 ,"無","查詢"
"2454","聯發科","111/06/07","09:00","線上法說會","公告本公司111年6月7日受邀參加高盛證券舉辦之Global Semiconductor Virtual Conference 2022，簡報資料請參閱公開資訊觀測站。","245420220427M001.pdf","245420220427E001.pdf","","","無","查詢"
"2454","聯發科","111/02/21 至 111/02/22","14:00","線上法說會","公告本公司111年2月21日至2月22日受邀參加摩根大通證券舉辦之Taiwan CEO-CFO Conference 2022，簡報資料請參閱公開資訊觀測站。","245420220127M001.pdf","245420220127E001.pdf","","","無","查詢"
"2454","聯發科","111/03/10 至 111/03/23","10:00","線上法說會","公告本公司111年3月10日受邀參加花旗證券舉辦之Taiwan Corporate Day 2022、111年3月16日至3月18日受邀參加美林證券舉辦之2022 APAC TMT Conference 及111年3月21日至3月23日受邀參加瑞士信貸證券舉辦之
 25th Asian Investment Conference，簡報資料請參閱公開資訊觀測站。","245420220127M001.pdf","245420220127E001.pdf","","","無","查詢"
"2454","聯發科","111/05/18 至 111/05/19","09:00","線上法說會","公告本公司111年5月18日至5月19日受邀參加花旗證券舉辦之Regional Tech Conference 2022，簡報資料請參閱公開資訊觀測站。","245420220427M001.pdf","245420220427E001.pdf","","","無","查詢"
"2454","聯發科","111/07/29","15:00","線上法說會","(1) 公布本公司2022年第2季財務報告及2022年第3季業績展望。 
(2) 參加方式：請參見https://corp.mediatek.tw/investor-relations/financial-information/quarterly-earnings","245420220729M001.pdf","245420220729E001.pdf","https://www.mediatek.com",同步收看網址：:https://webpage-ott2b.cdn.hinet.net/webpage/watch?contentProvider=mediatek&v=55627 法說會影音連結資訊:https://webpage-ott2b.cdn.hinet.net/webpage/watch?contentProvider=mediatek&v=55627 ,"無","查詢"
"2454","聯發科","111/08/30 至 111/09/14","16:00","線上法說會","公告本公司111年8月30日至8月31日受邀參加花旗證券舉辦之Asia TMT Day 2022、111年9月5日至9月7日受邀參加瑞士信貸證券舉辦之23rd Credit Suisse Asian Technology Conference 及111年9月13日至9月14日受邀參加里昂證券舉辦之29th Annual Flagship Investors","245420220729M001.pdf","245420220729E001.pdf","","","無","查詢"
"2454","聯發科","111/12/01","09:00","台北","公告本公司111年12月1日受邀參加花旗證券於台北舉辦之Taiwan Corporate Day，簡報資料請參閱公開資訊觀測站。","245420221028M001.pdf","245420221028E001.pdf","","","無","查詢"
"2454","聯發科","111/11/09 至 111/11/23","08:30","線上法說會、台北、新加坡","公告本公司111年11月9日受邀參加高盛證券於台北舉辦之Taiwan Corporate Day、111年11月11日受邀參加麥格里證券於台北舉辦之Taiwan Corporate Day、111年11月14日受邀參加摩根大通證券舉辦之Global TMT Conference、111年11月16日至11月18日受邀參加摩根史丹利證券於新加坡舉辦之21st Annual Asia Pacific Summit及111年11月23日受邀參加里昂證券於台北舉辦之Taiwan Market Mover，簡報資料請參閱公開資訊觀測站。","245420221028M001.pdf","245420221028E001.pdf","","","無","查詢"
"2454","聯發科","111/10/06","09:00","線上法說會","公告本公司111年10月6日受邀參加野村證券舉辦之Nomura Virtual Taiwan Corporate Day 2022，簡報資料請參閱公開資訊觀測站。","245420220729M001.pdf","245420220729E001.pdf","","","無","查詢"
"2454","聯發科","111/10/28","15:00","線上法說會","(1) 公布本公司2022年第3季財務報告及2022年第4季業績展望。 (2) 參加方式：請參見https://corp.mediatek.tw/investor-relations/financial-information/quarterly-earnings","245420221028M001.pdf","245420221028E001.pdf","https://www.mediatek.com",同步收看網址：:https://webpage-ott2b.cdn.hinet.net/webpage/watch?contentProvider=mediatek&v=56076 法說會影音連結資訊:https://webpage-ott2b.cdn.hinet.net/webpage/watch?contentProvider=mediatek&v=56076 ,"無","查詢"
"2455","全新","111/03/17","14:00","美福飯店（臺北市中山區樂群二路55號）","本公司受邀參加統一證券舉辦之法人說明會2022 Q1春季投資論壇，會中就公司業務狀況等說明。","245520220311M001.pdf","245520220311E001.pdf","http://www.vpec.com.tw","","無","查詢"
"2455","全新","111/06/10","13:30","線上法說會","本公司受邀參加中國信託證券舉辦之“中國信託證券2022第二季前瞻論壇”，會中就公司業務狀況等說明。","245520220513M001.pdf","245520220513E001.pdf","http://www.vpec.com.tw","","無。","查詢"
"2455","全新","111/05/18 至 111/05/19","11:00","線上法說會","本公司受邀參加Citi舉辦線上法說會Regional Tech Conference 2022，會中就公司業務狀況等說明。","245520220513M001.pdf","245520220513E001.pdf","http://www.vpec.com.tw","","無。","查詢"
"2455","全新","111/03/09 至 111/03/10","11:00","線上法說會","本公司受邀參加Citi舉辦線上法說會Citi Taiwan Corporate Day，會中就公司業務狀況等說明。","245520211109M001.pdf","245520211109E001.pdf","http://www.vpec.com.tw","","無","查詢"
"2455","全新","111/03/14 至 111/03/15","10:00","線上法說會","本公司受邀參加BofA Securities舉辦線上法說會2022 APAC TMT Conference，會中就公司業務狀況等說明。","245520220311M001.pdf","245520220311E001.pdf","http://www.vpec.com.tw","","無","查詢"
"2455","全新","111/03/30 至 111/03/31","16:00","線上法說會","本公司受邀參加ICA專顧研究舉辦之『第二屆亞洲未來峰會』，會中就公司業務狀況等說明。","245520220311M001.pdf","245520220311E001.pdf","http://www.vpec.com.tw","","無","查詢"
"2455","全新","111/09/07 至 111/09/08","14:00","線上法說會","本公司受邀參加Credit Suisse舉辦23rd Credit Suisse Asian Technology Conference，會中就公司業務狀況等說明。","245520220817M001.pdf","245520220817E001.pdf","http://www.vpec.com.tw","","無","查詢"
"2455","全新","111/11/10","11:00","台北遠東香格里拉 
台北市大安區敦化南路二段201號","本公司受邀參加Goldman Sachs舉辦Goldman Sachs Taiwan Corporate Day，會中就公司業務狀況等說明。","245520221109M001.pdf","245520221109E001.pdf","http://www.vpec.com.tw","","無","查詢"
"2455","全新","111/08/30","17:00","線上法說會","本公司受邀參加Citi舉辦Asia TMT Day 2022 (virtual) 
，會中就公司業務狀況等說明。","245520220817M001.pdf","245520220817E001.pdf","http://www.vpec.com.tw","","無","查詢"
"2455","全新","111/08/22 至 111/08/23","10:00","線上法說會","本公司受邀參加DAIWA舉辦Daiwa Tech Conference 2022 (virtual)，會中就公司業務狀況等說明。","245520220817M001.pdf","245520220817E001.pdf","http://www.vpec.com.tw","","無","查詢"
"2455","全新","111/11/23","10:00","台北遠東香格里拉 106台北市大安區敦化南路二段201號","公告本公司受邀參加 CL Securities Taiwan 舉辦 CLSA Taiwan Market Mover 2023 Access Day，會中就公司業務狀況等說明。","245520221109M001.pdf","245520221109E001.pdf","http://www.vpec.com.tw","","無","查詢"
"2457","飛宏","111/11/23","14:00","台北市松山區東興路8號15樓(統一證券集團大樓15樓會議室)","受邀參加
本公司111年第3季經營成果報告。","245720221123M001.pdf","245720221123E001.pdf","https://www.phihong.com.tw/index.php?route=investors/investors&amp;internal_type_id=37&amp;zong=7","","無","查詢"
"2458","義隆","111/04/15","14:50","臺灣證券交易所1樓資訊展示中心(台北市信義區信義路五段7號)","本公司參加由臺灣證券交易所舉辦的 &quot;2022年半導體暨新上市主題式業績發表會&quot;，將於會中說明本公司近期營運概況。","245820220414M001.pdf","245820220414E001.pdf","","","無","查詢"
"2458","義隆","111/07/14","15:45","線上會議","本公司受邀參加元富證券所舉辦之「元富證券七月台股企業日」，將於會中說明本公司近期營運概況。","245820220713M001.pdf","245820220713E001.pdf","","","無","查詢"
"2458","義隆","111/08/04","14:30","線上法說會 (報名後提供會議連結資訊)","本公司將召開2022年第2季線上法人說明會，公布本公司2022年第2季財務報告及2022年第3季業績展望。","245820220804M001.pdf","245820220804E001.pdf","http://www.emc.com.tw/emc/tw/Investor/seminar",中文影音檔網址:2458_117_20220804_ch.mp4 ,"無","查詢"
"2458","義隆","111/02/22","14:30","線上法說會 (報名後提供會議連結資訊)","本公司將召開2021年第4季線上法人說明會，公布本公司2021年第4季財務報告及2022年第1季業績展望。","245820220222M001.pdf","245820220222E001.pdf","http://www.emc.com.tw/emc/tw/Investor/seminar",中文影音檔網址:2458_107_20220222_ch.mp4 ,"無","查詢"
"2458","義隆","111/05/23","16:30","英文線上論壇","本公司受邀參加臺灣證券交易所及永豐金證券舉辦之「SinoPac x TWSE Taiwan Corporate Day 2022」英文線上論壇，將於會中說明本公司近期營運概況。","245820220520M002.pdf","245820220520E002.pdf","","","無","查詢"
"2458","義隆","111/01/07","10:00","線上法說會","本公司參加由瑞士信貸所舉辦的 &quot;2022 Greater China
Technology and Internet Conference&quot;，將於會中說明本公司近期營運概況。","245820220106M001.pdf","245820220106E001.pdf","","","無","查詢"
"2458","義隆","111/03/18","10:00","線上會議","本公司參加由 BofA Merrill Lynch 所舉辦的 &quot;2022 APAC TMT Conference&quot;，將於會中說明本公司近期營運概況。","245820220317M001.pdf","245820220317E001.pdf","","","無","查詢"
"2458","義隆","111/03/03","14:00","線上會議","本公司受邀參加臺灣證券交易所與UBS Securities共同舉辦之「UBS Taiwan Corporate Day 2022」，將於會中說明本公司近期營運概況。","245820220303M001.pdf","245820220303E001.pdf","","","無","查詢"
"2458","義隆","111/03/04","14:00","線上會議","本公司受邀參加台新證券所舉辦之「台新2022年3月台股企業日(Corporate Day)」，將於會中說明本公司近期營運概況。","245820220304M001.pdf","245820220304E001.pdf","","","無","查詢"
"2458","義隆","111/03/09","14:30","線上會議","本公司受邀參加元富證券所舉辦之「元富證券三月台股企業日」，將於會中說明本公司近期營運概況。","245820220309M002.pdf","245820220309E002.pdf","","","無","查詢"
"2458","義隆","111/05/06","15:30","線上會議","本公司參加由大和國泰證券所舉辦的「Daiwa Taiwan Corporate Day 2022」，將於會中說明本公司近期營運概況。","245820220506M001.pdf","245820220506E001.pdf","","","無","查詢"
"2458","義隆","111/05/05","14:30","線上法說會 (報名後提供會議連結資訊)","本公司將召開2022年第1季線上法人說明會，公布本公司2022年第1季財務報告及2022年第2季業績展望。","245820220505M001.pdf","245820220505E001.pdf","http://www.emc.com.tw/emc/tw/Investor/seminar",中文影音檔網址:2458_113_20220505_ch.mp4 ,"無","查詢"
"2458","義隆","111/11/03","14:30","線上法說會 (報名後提供會議連結資訊)","本公司將召開2022年第3季線上法人說明會，公布本公司2022年
第3季財務報告及2022年第4季業績展望。","245820221103M001.pdf","245820221103E001.pdf","http://www.emc.com.tw/emc/tw/Investor/seminar",中文影音檔網址:2458_119_20221103_ch.mp4 ,"無","查詢"
"2458","義隆","111/09/08","10:00","線上會議","本公司參加由瑞士信貸所舉辦的 &quot;23rd Credit Suisse Asian Technology Conference&quot;，將於會中說明本公司近期營運概況。","245820220907M001.pdf","245820220907E001.pdf","","","無","查詢"
"2459","敦吉","111/11/21","14:30","線上法說會","本公司受邀參加兆豐證券舉辦之線上法人說明會，說明本公司財務暨營運概況","245920221121M001.pdf","245920221121E001.pdf","http://www.audix.com/_tw/01_audix/03_ir/05_shareholder2.aspx?SID=8&amp;ID=9",法說會影音連結資訊:https://www.youtube.com/watch?v=MbLNnoQiCpM ,"報名網址：https://reurl.cc/4pZpQX","查詢"
"2460","建通","111/11/30","14:00","臺灣證券交易所1樓資訊展示中心(台北市信義區信義路五段7號1樓)","業務概況、產業的突破、產品發展的方向、合併財務資訊、亮點總結報告。","246020221129M001.pdf","246020221129E001.pdf","http://www.gem.com.tw/fin/gemp.htm",法說會影音連結資訊:https://webpro.twse.com.tw/WebPortal/vod/101/2182451A5070-C1BC2845-707D-11ED-8D56/?categoryId=101 ,"無","查詢"
"2461","光群雷","111/11/10","14:00","線上法說會","本公司受邀參加福邦證券舉辦之線上法說會","246120221110M001.pdf","246120221110E001.pdf","http://www.klasergroup.com","","無","查詢"
"2462","良得電","111/12/27","14:30","台北市南京東路五段188號15樓","國票綜合證券(股)公司舉辦法人說明會，說明本公司財務及營運概況。","246220221227M001.pdf","246220221227E001.pdf","http://www.linetek.com.tw/#/","","無。","查詢"
"2464","盟立","111/04/13","14:10","臺灣證券交易所(101大樓)1樓 資訊展示中心","公告本公司受邀參加臺灣證券交易所所舉辦之2022年半導體暨新上市主題式業績發表會","246420220413M001.pdf","246420220413E001.pdf","https://www.mirle.com.tw",同步收看網址：:https://webpro.twse.com.tw/webportal/?liveChannelId=1 ,"無","查詢"
"2465","麗臺","111/12/14","15:30","101大樓一樓資訊展示中心(台北市信義路5段7號)","公司簡介與營運狀況說明。","246520221214M001.pptx","246520221214E001.PPTX","https://www.leadtek.com.tw",法說會影音連結資訊:https://webpro.twse.com.tw ,"無","查詢"
"2466","冠西電","111/12/12","14:30","南港中信金融園區B棟13樓1302會議室(台北市南港區經貿二路188號13樓)","本公司受邀參加中信證券法人說明會,說明本公司之營運成果及未來展望報告","246620221212M001.pdf","246620221212E001.pdf","http://www.cosmo-inc.com","","因採實名制以及因應疫情關係,請與會者攜帶口罩及名片","查詢"
"2467","志聖","111/07/26","14:30","台北市信義區信義路5段7號(101大樓)證交所1樓資訊展示中心","科技大未來主題式業績發表會","246720220726M001.pptx","246720220726E001.pptx","https://www.csun.com.tw",法說會影音連結資訊:https://webpro.twse.com.tw/webportal/vod/101/0F86CE4D8967-0D4DBC76-0CB7-11ED-BF84/?categoryId=101 ,"無","查詢"
"2467","志聖","111/11/03","14:00","台北市大安區信義路四段236號7樓(宏遠證券總公司703會議室)","2022Q3營運成果及2023年市場機會與產品發展","246720221103M001.pdf","246720221103E001.pdf","https://www.csun.com.tw/",法說會影音連結資訊:https://www.youtube.com/watch?v=1WF-LJi8ko0 ,"無","查詢"
"2468","華經","111/05/27","10:30","線上法說會","本公司受邀參加元大證券所舉辦之線上法說會，會中說明本公司營運狀況。","246820220526M001.pdf","246820220526E001.pdf","https://fis.com.tw/finance/stake/investor/corporate-information/","","無","查詢"
"2468","華經","111/12/26","10:30","線上法說會","本公司受邀參加元大證券所舉辦之線上法說會，會中說明本公司營運狀況。","246820221223M001.pdf","246820221223E001.pdf","https://fis.com.tw/finance/stake/investor/corporate-information/","","無","查詢"
"2471","資通","111/05/19","14:00","線上法說會","111年第1季營運與財務概況","247120220519M001.pptx","247120220519E001.pptx","",中文影音檔網址:2471_10_20220519_ch.mp4 ,"無","查詢"
"2471","資通","111/09/16","14:00","線上法說會","111年上半年營運與財務概況","247120220916M001.pptx","247120220916E001.pptx","",中文影音檔網址:2471_11_20220916_ch.mp4 ,"無","查詢"
"2472","立隆電","111/05/24","14:30","線上法人說明會","本公司受邀參加&#29319;亞證券舉辦之線上法說會，說明本公司之營運、財務及業務概況","247220220523M001.pdf","247220220523E001.pdf","http://www.lelon.com.tw","","無","查詢"
"2472","立隆電","111/10/17","14:00","線上法人說明會","本公司受邀參加第一證券舉辦之線上法說會，說明本公司之營運、財務及業務概況","247220221014M001.pdf","247220221014E001.pdf","http://www.lelon.com.tw","","無","查詢"
"2474","可成","111/01/20 至 111/03/20","09:00","台北","本公司將接受美林證券、群益證券、花旗證券、里昂證券、瑞士信貸證券、中信銀證券、大和國泰證券、富邦證券、高盛證券、匯豐證券、華南永昌證券、Jefferies證券、日盛證券、摩根大通證券、凱基證券、麥格理證券、元富證券、兆豐證券、瑞穗證券、摩根史坦利證券、野村證券、統一證券、&#29319;亞證券、永豐金證券、台新證券、瑞銀證券、元大證券，以及其他券商邀請參加投資人會議。會中就本公司已公開發佈之財務數字、經營績效等相關資訊做說明，詳請參閱公開資訊觀測站。","247420211108M001.pdf","247420211108E001.pdf","","","無","查詢"
"2474","可成","111/06/21","09:00","線上法說會","本公司受邀參加 UBS Securities 主辦之
線上法說會UBS Taiwan Virtual Conference 2022","247420220510M001.pdf","247420220510E001.pdf","","","無","查詢"
"2474","可成","110/11/19 至 111/01/19","09:00","台北","本公司將受美林證券、群益證券、花旗證券、里昂證券、瑞士信貸證券、中信銀證券、大和國泰證券、富邦證券、高盛證券、匯豐證券、華南永昌證券、Jefferies證券、日盛證券、摩根大通證券、凱基證券、麥格理證券、元富證券、兆豐證券、瑞穗證券、摩根史坦利證券、野村證券、統一證券、&#29319;亞證券、永豐金證券、台新證券、瑞銀證券、元大證券，以及其他券商邀請參加投資人會議。會中就本公司已公開發佈之財務數字、經營績效等相關資訊做說明，詳請參閱公開資訊觀測站。","247420211108M001.pdf","247420211108E001.pdf","","","無","查詢"
"2474","可成","111/03/17 至 111/03/18","09:00","虛擬線上會議","本公司受邀參加美林證券舉辦之2022 APAC TMT Conference","247420220224M001.pdf","247420220224E001.pdf","","","無","查詢"
"2474","可成","111/05/19","08:00","虛擬線上會議","本公司受邀參加花旗證券舉辦之Regional Tech Conference 2022","247420220510M001.pdf","247420220510E001.pdf","","","無","查詢"
"2474","可成","111/05/22 至 111/07/22","09:00","台北","本公司將接受美林證券、群益證券、花旗證券、里昂證券、瑞士信貸證券、中信銀證券、大和國泰證券、富邦證券、高盛證券、匯豐證券、華南永昌證券、Jefferies證券、日盛證券、摩根大通證券、凱基證券、麥格理證券、元富證券、兆豐證券、瑞穗證券、摩根史坦利證券、野村證券、統一證券、&#29319;亞證券、永豐金證券、台新證券、瑞銀證券、元大證券，以及其他券商邀請參加投資人會議。會中就本公司已公開發佈之財務數字、經營績效等相關資訊做說明，詳請參閱公開資訊觀測站。","247420220510M001.pdf","247420220510E001.pdf","","","無","查詢"
"2474","可成","111/04/22","09:00","線上法說會","本公司受邀參加台灣證券交易所及寬量國際共同主辦
之線上法說會「11th Taiwan CEO Week」","247420220224M001.pdf","247420220224E001.pdf","","","無","查詢"
"2474","可成","111/03/21 至 111/05/21","09:00","台北","本公司將接受美林證券、群益證券、花旗證券、里昂證券、瑞士信貸證券、中信銀證券、大和國泰證券、富邦證券、高盛證券、匯豐證券、華南永昌證券、Jefferies證券、日盛證券、摩根大通證券、凱基證券、麥格理證券、元富證券、兆豐證券、瑞穗證券、摩根史坦利證券、野村證券、統一證券、&#29319;亞證券、永豐金證券、台新證券、瑞銀證券、元大證券，以及其他券商邀請參加投資人會議。會中就本公司已公開發佈之財務數字、經營績效等相關資訊做說明，詳請參閱公開資訊觀測站。","247420220224M001.pdf","247420220224E001.pdf","","","無","查詢"
"2474","可成","111/03/29","09:00","虛擬線上會議","本公司受邀參加ICA Group Holdings (ICA) 舉辦之2nd Annual Future of Asia Conference","247420220224M001.pdf","247420220224E001.pdf","","","無","查詢"
"2474","可成","111/04/07","09:00","虛擬線上會議","本公司受邀參加TWSE及Goldman Sachs聯合舉辦之
Virtual Taiwan Corporate Day 2022","247420220224M001.pdf","247420220224E001.pdf","","","無","查詢"
"2474","可成","111/07/13","15:45","線上法說會","本公司受邀參加元富證券舉辦之「2022台股企業日」線上法人說明會。","247420220510M001.pdf","247420220510E001.pdf","","","無","查詢"
"2474","可成","111/09/08","15:45","線上法說會","本公司受邀參加元富證券舉辦之「2022台股企業日」線上
法人說明會","247420220815M001.pdf","247420220815E001.pdf","","","無","查詢"
"2474","可成","111/07/23 至 111/09/23","09:00","台北","本公司將接受美林證券、群益證券、花旗證券、里昂證券、瑞士信貸證券、中信銀證券、大和國泰證券、富邦證券、高盛證券、匯豐證券、華南永昌證券、Jefferies證券、日盛證券、摩根大通證券、凱基證券、麥格理證券、元富證券、兆豐證券、瑞穗證券、摩根史坦利證券、野村證券、統一證券、&#29319;亞證券、永豐金證券、台新證券、瑞銀證券、元大證券，以及其他券商邀請參加投資人會議。會中就本公司已公開發佈之財務數字、經營績效等相關資訊做說明，詳情請參閱公開資訊觀測站。","247420220510M001.pdf","247420220510E001.pdf","","","無","查詢"
"2474","可成","111/09/22","09:00","線上法說會","本公司受邀參加寬量國際(QIC)主辦之線上法說會「12th Taiwan CEO Week」","247420220815M001.pdf","247420220815E001.pdf","","","無","查詢"
"2474","可成","111/11/09","16:00","線上法說會","本公司受邀參加凱基證券舉辦之線上法人說明會","247420221109M001.pdf","247420221109E001.pdf","","","無","查詢"
"2474","可成","111/09/07","11:00","線上法說會","本公司受邀參加國泰證券舉辦之「第三季產業論壇」","247420220815M001.pdf","247420220815E001.pdf","","","無","查詢"
"2474","可成","111/09/26 至 111/11/25","09:00","台北","本公司將接受美林證券、群益證券、國泰證券、花旗證券、里昂證券、瑞士信貸證券、中信銀證券、大和國泰證券、富邦證券、高盛證券、匯豐證券、華南永昌證券、Jefferies證券、日盛證券、摩根大通證券、凱基證券、麥格理證券、元富證券、兆豐證券、瑞穗證券、摩根史坦利證券、野村證券、統一證券、&#29319;亞證券、永豐金證券、台新證券、瑞銀證券、元大證券，以及其他券商邀請參加投資人會議。會中就本公司已公開發佈之財務數字、經營績效等相關資訊做說明，詳情請參閱公開資訊觀測站。","247420220815M001.pdf","247420220815E001.pdf","","","無","查詢"
"2474","可成","111/11/26 至 112/01/25","09:00","台北","本公司將接受美林證券、群益證券、國泰證券、花旗證券、里昂證券、瑞士信貸證券、中信銀證券、大和國泰證券、富邦證券、高盛證券、匯豐證券、華南永昌證券、Jefferies證券、日盛證券、摩根大通證券、凱基證券、麥格理證券、元富證券、兆豐證券、瑞穗證券、摩根史坦利證券、野村證券、統一證券、&#29319;亞證券、永豐金證券、台新證券、瑞銀證券、元大證券、國票證券，以及其他券商邀請參加投資人會議。會中就本公司已公開發佈之財務數字、經營績效等相關資訊做說明，詳情請參閱公開資訊觀測站。","247420221109M001.pdf","247420221109E001.pdf","","","無","查詢"
"2474","可成","111/12/14","15:45","線上法說會","本公司受邀參加元富證券舉辦之「2022年12月台股企業日」","247420221109M001.pdf","247420221109E001.pdf","","","無","查詢"
"2476","鉅祥","111/11/25","14:30","永豐金證券(台北市重慶南路一段2號20樓會議室)","本公司將參加永豐金證券舉辦之法人說明會，公布營運成果","247620221125M001.pdf","247620221125E001.pdf","","","報名請洽永豐金證券鄒小姐(02)23823207或mail:joyce.tsou@sinopac.com","查詢"
"2477","美隆電","111/11/25","16:00","臺灣證券交易所1樓資訊展示中心(台北市信義路五段7號1樓)","公司營運報告","247720221125M001.pdf","247720221125E001.pdf","http://www.meiloon.com.tw/data.php",法說會影音連結資訊:https://webpro.twse.com.tw/WebPortal/vod/101/2182451A5070-3940EBCC-6C9B-11ED-8D56/?categoryId=101 ,"無","查詢"
"2478","大毅","111/11/09","14:00","線上法說會","公司營運概況報告","247820221109M001.pdf","247820221109E001.pdf","www.tai.com.tw",同步收看網址：:https://wms.gridow.com/ir/tai/tai_2022.html ,"無","查詢"
"2480","敦陽科","111/03/03","15:30","採Webex線上會議方式","本公司受邀參加凱基證券111年3月3日15點30分線上法說會議，向投資人說明本公司110年第四季營運成果。","248020220804M002.pdf","248020220804E002.pdf","https://www.sti.com.tw/web/official/earnings-call","","報名相關資訊請洽凱基證券倪小姐，電話: (02)2181-8014。","查詢"
"2480","敦陽科","111/08/10","14:00","採Webex線上會議方式","本公司受邀參加凱基證券111年8月10日14點00分線上法說會議，向投資人說明本公司111年第二季營運成果。","248020220809M001.pdf","248020220809E001.pdf","https://www.sti.com.tw/web/official/earnings-call","","報名相關資訊請洽凱基證券倪小姐，電話: (02)2181-8014。","查詢"
"2480","敦陽科","111/05/13","14:00","採Webex線上會議方式","本公司受邀參加凱基證券111年5月13日14點00分線上法說會議，向投資人說明本公司111年第一季營運成果。","248020220804M001.pdf","248020220804E001.pdf","https://www.sti.com.tw/web/official/earnings-call","","報名相關資訊請洽凱基證券倪小姐，電話: (02)2181-8014。","查詢"
"2480","敦陽科","111/11/07","14:00","採Webex線上會議方式","本公司受邀參加凱基證券111年11月07日14點00分線上法說會議，向投資人說明本公司111年第三季營運成果。","248020221104M001.pdf","248020221104E001.pdf","https://www.sti.com.tw/web/official/earnings-call","","報名相關資訊請洽凱基證券倪小姐，電話: (02)2181-8014。","查詢"
"2481","強茂","111/05/11","09:00","線上法說會","本公司受邀參加麥格理證券舉辦之線上投資論壇。","248120220510M001.pdf","248120220510E001.pdf","https://www.panjit.com.tw/tw/Investors/Financial_information/Investors_conference","","無","查詢"
"2481","強茂","111/08/17","14:30","線上法說會","本公司受邀參加元大證券所舉辦之線上法人說明會","248120221102M001.pdf","248120221102E001.pdf","https://www.panjit.com.tw/tw/Investors/Financial_information/Investors_conference","","無","查詢"
"2481","強茂","111/10/20","14:00","台北市信義區松仁路7號5樓","本公司受邀參加瑞銀證券舉辦之投資論壇","248120221102M002.pdf","248120221102E002.pdf","https://www.panjit.com.tw/tw/Investors/Financial_information/Investors_conference","","無","查詢"
"2481","強茂","111/10/06","13:00","線上法說會","本公司受邀參加野村證券所舉辦之 Nomura Virtual Taiwan Corporate Day 2022 線上投資論壇","248120220817M001.pdf","248120220817E001.pdf","https://www.panjit.com.tw/tw/Investors/Financial_information/Investors_conference","","無","查詢"
"2482","連宇","111/11/30","15:00","線上法說會","本公司受邀參加元大證券舉辦之2022產業座談會，說明本公司之營運概況及財務業務相關資訊。","248220221116M001.pdf","248220221116E001.pdf","https://uicpayworld.com/investor-relations/","","無","查詢"
"2483","百容","111/05/06","14:00","線上法人說明會","百容電子-111年第一季-法人說明會","248320220505M002.pdf","248320220505E002.pdf","https://www.ece.com.tw/zh-tw/investor-conference",中文影音檔網址:2483_12_20220506_ch.mp4 ,"會議號:    2644 512 2354 密碼:xDw8kGpDu22（93985473 來自視訊系統）","查詢"
"2483","百容","111/11/04","14:30","台北市信義區信義路五段7號1樓證券交易所資訊展示中心","2022年第三季營運說明","248320221104M001.pdf","248320221104E001.pdf","https://www.ece.com.tw/zh-tw/investor-conference",法說會影音連結資訊:https://webpro.twse.com.tw/WebPortal/vod/101/C9B6F1071B9F-56B34F76-5C0F-11ED-9E4A/?categoryId=101 ,"無","查詢"
"2484","希華","111/12/20","14:30","使用軟體ZOOM，報名完成後發送參加網址","產業及營運狀況說明","248420221220M001.pdf","248420221220E001.pdf","https://www.siward.com.tw/tw/investors/conference-call","","無","查詢"
"2485","兆赫","111/12/28","14:30","台北市忠孝東路二段95號13樓(兆豐證券13樓會議室)","本公司受邀參加兆豐證券所舉辦之法人說明會","248520221228M001.pdf","248520221228E001.pdf","","","無","查詢"
"2486","一詮","111/12/06","14:30","福邦證券股份有限公司 (福邦證券總公司)
台北市忠孝西路一段6號14樓","福邦證券舉辦之法人說明會，就本公司已於公開之財務業務資訊做說明。","248620221206M001.pptx","248620221206E001.pptx","","","放寬口罩現行防疫措施，請於會議進行時需全程配戴口罩 ，以維護個人健康。","查詢"
"2488","漢平","111/02/25","14:00","本公司生產大樓六樓(台南市仁德區中正路三段256號)","本公司2021年第四季財務暨營運報告","248820220225M001.pdf","248820220225E001.pdf","http://www.hanpin.com.tw",法說會影音連結資訊:http://www.hanpin.com.tw ,"無","查詢"
"2489","瑞軒","111/12/15","15:00","福邦證券總公司(台北市忠孝西路一段6號7樓)","受邀參加福邦證券舉辦之法人說明會，就本公司已公開之財務業務資訊說明。","248920221215M001.pdf","248920221215E001.pdf","https://www.amtran.com.tw/file.php?id=8","","無","查詢"
"2491","吉祥全","111/11/04","14:00","桃園市桃園區大仁路50巷51弄19號","公司簡介與營運狀況說明","249120221104M001.pdf","249120221104E001.pdf","https://www.focl.com.tw/investor.php",中文影音檔網址:2491_6_20221104_ch.mp4 ,"無","查詢"
"2492","華新科","111/03/16","09:00","線上法說會","本公司於111/3/16受邀參加由美銀證券舉辦之BofA 2022 APAC TMT Conference線上論壇，主要內容為本公司營運概況說明等","249220220315M001.pdf","249220220315E001.pdf","http://www.passivecomponent.com","","無","查詢"
"2493","揚博","111/09/16","14:30","台北市信義區信義路5段7號1樓(證券交易所資訊展示中心)","說明本公司營運概況、業務及財務相關資訊","249320220914M001.pdf","249320220914E001.pdf","http://www.ampoc.com.tw",法說會影音連結資訊:https://webpro.twse.com.tw/WebPortal/vod/101/D1D9B0116FDD-7C04A644-3592-11ED-8912/?categoryId=101 ,"無","查詢"
"2495","普安","111/11/16","16:00","線上法說會","本公司受邀參加元大證券舉辦之線上產業座談會，報告本公司營運狀況。","249520221114M001.pdf","249520221114E001.pdf","https://www.infortrend.com/tw/about/investors?tab=Conference","","無。","查詢"
"2496","卓越","111/12/23","14:00","台北市中正區許昌街17號15樓","本公司受邀參加凱基證券舉辦之法人說明會，說明公司營運現況及未來展望","249620221223M001.pdf","249620221223E001.pdf","https://reurl.cc/NGLXRq","","無","查詢"
"2497","怡利電","111/07/26","15:30","線上研討會","本公司受邀參加凱基證券車用零組件迎全球新能源車競賽線上研討會。","249720220726M001.pdf","249720220726E001.pdf","http://www.e-lead.com.tw","","無","查詢"
"2497","怡利電","111/01/06","14:30","線上會議","本公司受邀參加元大證券舉辦之法人線上會議。","249720220106M001.pdf","249720220106E001.pdf","http://www.e-lead.com.tw","","無","查詢"
"2497","怡利電","111/08/10","15:45","線上法說會","本公司受邀參加元富證券舉辦之「8月台股企業日」線上法人說明會。","249720220810M001.pdf","249720220810E001.pdf","http://www.e-lead.com.tw","","無","查詢"
"2497","怡利電","111/04/07","14:30","線上會議","本公司受邀參加元大證券舉辦之法人線上會議。","249720220407M001.pdf","249720220407E001.pdf","http://www.e-lead.com.tw","","無","查詢"
"2497","怡利電","111/09/02","14:00","台北君悅酒店(台北市信義區松壽路2號3樓)","本公司受邀參加富邦證券/日盛證券舉辦之2022年第三季富邦投資論壇","249720220902M001.pdf","249720220902E001.pdf","http://www.e-lead.com.tw","","無","查詢"
"2497","怡利電","111/11/09","16:00","線上法說會","本公司受邀參加元大證券舉辦之線上產業說明會。","249720221109M001.pdf","249720221109E001.pdf","http://www.e-lead.com.tw","","無","查詢"
"2497","怡利電","111/10/21","15:00","線上法說會","本公司受邀參加UBS舉辦之「Taiwan Technology Day: Automotive Supply Chain」線上法人說明會。","249720221021M001.pdf","249720221021E001.pdf","http://www.e-lead.com.tw","","無","查詢"
"2498","宏達電","111/03/02","13:00","線上法說會","本公司受邀參加瑞銀證券與台灣證交所舉辦之線上法說會UBS x TWSE Taiwan Corporate Day 2022，會中就本公司已公開之資訊進行說明。","249820211123M001.pdf","249820211123E001.pdf","https://investors.htc.com/tw/","","無。","查詢"
"2498","宏達電","111/03/17 至 111/03/18","10:00","線上法說會","本公司受邀參加美銀證券舉辦之線上機構投資人說明會BofA 2022 APAC TMT Conference，會中就本公司已公開之資訊進行說明。","249820220316M001.pdf","249820220316E001.pdf","https://investors.htc.com/tw/","","無。","查詢"
"2498","宏達電","111/05/05","10:00","線上法說會","本公司受邀參加大和國泰證券舉辦之Daiwa Taiwan Corporate Day 2022，會中就本公司已公開之資訊進行說明。","249820220505M001.pdf","249820220505E001.pdf","https://investors.htc.com/tw/","","無。","查詢"
"2498","宏達電","111/03/23","15:00","線上法說會","本公司受邀參加111年3月23日15時00分及111年3月29日10時00分，瑞士信貸舉辦之25th Credit Suisse Asian Investment Conference，會中就本公司已公開之資訊進行說明。","249820220316M001.pdf","249820220316E001.pdf","https://investors.htc.com/tw/","","無。","查詢"
"2498","宏達電","111/11/08","15:00","臺北香格里拉遠東飯店","本公司受邀參加Goldman Sachs舉辦之Taiwan Corporate Day，會中就本公司已公開之資訊進行說明。","249820221107M001.pdf","249820221107E001.pdf","https://investors.htc.com/tw/","","無","查詢"
"2498","宏達電","111/09/06","11:00","線上法說會","本公司受邀參加Credit Suisse舉辦之23rd Credit Suisse Asian Technology Conference，會中就本公司已公開之資訊進行說明。","249820220905M001.pdf","249820220905E001.pdf","https://investors.htc.com/tw/","","無","查詢"
"2501","國建","111/11/21","14:00","台北市大安區仁愛路四段296號15樓","本公司受邀參加國泰證券舉辦之法人說明會，簡介本公司營運績效及策略。","250120221121M001.pdf","250120221121E001.pdf","","","無。","查詢"
"2504","國產","111/03/17","10:00","台北美福飯店（台北市中山區樂群二路55號）","統一證券舉辦之「2022 Q1 春季投資論壇」，會中就本公司已公開資訊做說明","250420220317M001.pptx","250420220317E001.pptx","","","無","查詢"
"2504","國產","111/08/17","14:30","線上法說會","本公司受邀參加元富證券舉辦之台股企業日線上法人說明會，說明2022年上半年的營運概況。","250420220817M001.pptx","250420220817E001.pptx","","","報名請洽元富法人處 Elin Chiu, email: elinchiu@masterlink.com.tw","查詢"
"2505","國揚","111/12/02","15:30","福邦證券總公司(台北市忠孝西路一段6號7樓)","本公司受邀參加福邦證券舉辦之法人說明會,簡介本公司營運績效及策略","250520221202M001.pptx","250520221202E001.pptx","","","無","查詢"
"2506","太設","111/11/28","16:00","臺灣證券交易所資訊展示中心(臺北市信義路5段7號1樓)","(1)公司概況(2)產業概況(3)營運概況(4)財務概況(5)未來展望 等說明。","250620221124M001.pdf","250620221124E001.pdf","https://www.pacific-group.com.tw/",法說會影音連結資訊:https://webpro.twse.com.tw/webportal/vod/101/2182451A5070-9F10EFD2-6EFA-11ED-8D56/?categoryId=101 ,"無。","查詢"
"2509","全坤建","111/07/05","14:30","台灣證券交易所一樓資訊展示中心","公司簡介及營運報告","250920220704M001.pdf","250920220704E001.pdf","http://www.gtg.com.tw/page/investment/doc.aspx?kind=4&amp;da=n5",同步收看網址：:https://webpro.twse.com.tw/webportal/vod/101/3B2DF24D5EA6-8988C5BB-FC2E-11EC-A7BE/?categoryId=101 法說會影音連結資訊:https://webpro.twse.com.tw/webportal/vod/101/3B2DF24D5EA6-8988C5BB-FC2E-11EC-A7BE/?categoryId=101 ,"無","查詢"
"2511","太子","111/04/20","14:00","線上法說會","本公司受邀參加兆豐證券舉辦之線上法說會，說明本公司財務及營運展望。","251120220418M001.pdf","251120220418E001.pdf","https://www.prince.com.tw/fr_legal_brief.php",法說會影音連結資訊:https://www.prince.com.tw/fr_legal_brief_d.php?idnum=396 ,"無","查詢"
"2511","太子","111/09/13","14:00","線上法說會","本公司受邀參加兆豐證券舉辦之線上法說會，說明本公司財務及營運展望。","251120220912M001.pdf","251120220912E001.pdf","https://www.prince.com.tw/fr_legal_brief.php",法說會影音連結資訊:https://www.prince.com.tw/fr_legal_brief_d.php?idnum=410 ,"無","查詢"
"2514","龍邦","111/12/13","14:00","線上法說會","本公司受邀參加元大證券舉辦之線上法說會，就本公司已公開發布之財務數字、經營績效等相關資訊做說明。","251420221213M001.pdf","251420221213E001.pdf","http://www.longbon.com.tw","","無","查詢"
"2515","中工","111/06/29","14:00","(線上法說會)","本公司受邀參加統一綜合證券企業法人部舉辦之線上法人說明會，說明本公司營運概況。","251520220628M001.pdf","251520220628E001.pdf","http://www.bes.com.tw",中文影音檔網址:2515_6_20220629_ch.mp4 ,"相關資訊依規定揭露於「公開資訊觀測站」及公司網站。","查詢"
"2516","新建","111/11/02","14:30","臺灣證券交易所1樓資訊展示中心(台北市信義區信義路五段7號1樓)","公司財務營運概況及未來展望","251620221102M001.pdf","251620221102E001.pdf","http://www.newasia.com.tw/investorEvent/index/2022",法說會影音連結資訊:https://webpro.twse.com.tw/WebPortal/vod/101/C9B6F1071B9F-32FC788A-5A7A-11ED-9E4A/?categoryId=101 ,"無","查詢"
"2520","冠德","111/08/16","14:30","線上法人說明會","本公司受邀參加國泰證券舉辦之線上法明會，說明本公司前二季營運成果。","252020220816M001.pdf","252020220816E001.pdf","https://www.kindom.com.tw","","無","查詢"
"2520","冠德","111/11/24","14:30","線上法人說明會","本公司受邀參加國泰證券舉辦之線上法說會，說明本公司前三季營運成果","252020221124M001.pdf","252020221124E001.pdf","https://www.kindom.com.tw","","無","查詢"
"2524","京城","111/12/21","14:30","國泰綜合證券
台北市大安區仁愛路四段296號15樓","本公司受邀參加國泰證券所舉辦之法人說明說會，會中就本公司今年之財務、業務狀況及未來房地產市場展望作說明","252420221221M001.pdf","252420221221E001.pdf","http://www.kingtown.com.tw/","","無。","查詢"
"2527","宏璟","111/12/07","14:00","線上法人說明會","本公司受邀參加富邦證券舉辦之線上法人說明會，說明本公司營運概況。","252720221207M001.pdf","252720221207E001.pdf","http://www.asehcc.com.tw/","","無","查詢"
"2528","皇普","111/11/17","14:30","台北市忠孝西路一段6號7樓","公司簡報及營運狀況說明","252820221117M002.pdf","252820221117E002.pdf","","","無","查詢"
"2530","華建","111/08/18","16:00","線上法說會","公司簡介及營運狀況等說明","253020220817M002.pdf","253020220817E002.pdf","https://www.delpha.com.tw/",同步收看網址：:http://www.zucast.com/webcast/Dae2kYWd 法說會影音連結資訊:http://www.zucast.com/webcast/Dae2kYWd ,"無","查詢"
"2530","華建","111/11/18","14:00","線上法說會","本公司受邀參加元大證券舉辦之線上法人說明會。","253020220817M002.pdf","253020220817E002.pdf","","","無","查詢"
"2530","華建","111/12/06","14:00","線上法說會","本公司受邀參加第一金證券舉辦之線上法人說明會。","253020221205M002.pdf","253020221205E002.pdf","","","無","查詢"
"2530","華建","111/09/13","10:30","線上法說會","本公司受邀參加兆豐證券舉辦之線上法人說明會。","253020220817M002.pdf","253020220817E002.pdf","","","無","查詢"
"2534","宏盛","111/11/17","14:30","線上法說會","本公司受邀參加群益金鼎證券舉辦之線上法說會，說明本公司營運現況及展望。","253420221116M001.pdf","253420221116E001.pdf","https://www.hsc.com.tw/area2_3.php","","無","查詢"
"2535","達欣工","111/04/13","15:45","線上法人說明會","本公司受邀參加元富證券舉辦之「2022年台股企業日」","253520220413M001.pdf","253520220413E001.pdf","https://www.dacin.com.tw/investors/calendar.php","","無","查詢"
"2535","達欣工","111/09/07","14:30","線上法人說明會","本公司受邀參加元富證券舉辦之「2022年台股企業日」","253520220907M001.pdf","253520220907E001.pdf","https://www.dacin.com.tw/investors/calendar.php","","無","查詢"
"2536","宏普","111/09/14","14:00","線上法說會","本公司受邀參加元大證券舉辦之線上法說會，報告本公司營運狀況。","253620220913M001.pdf","253620220913E001.pdf","http://www.hong-pu.com.tw/index.php/milestone20/milestone26","","無完整財務業務資訊請至公開資訊觀測站之法人說明會一覽表或法說會項目下查閱。","查詢"
"2537","聯上發","111/11/18","15:00","線上法說會","本公司受邀參加元大證券舉辦之線上產業座談會","253720221118M001.pdf","253720221118E001.pdf","https://www.5v.com.tw/",中文影音檔網址:2537_6_20221118_ch.mp4 ,"無","查詢"
"2538","基泰","111/09/28","14:00","線上法人說明會","說明本公司營運概況及未來展望","253820220927M002.pdf","253820220927E002.pdf","http://www.keetai.com.tw/investment/investment001c_001.html",同步收看網址：:http://www.zucast.com/webcast/pjUlXkjf 法說會影音連結資訊:http://www.zucast.com/webcast/pjUlXkjf ,"無","查詢"
"2539","櫻花建","111/12/21","14:30","線上法說會","本公司受邀參加凱基證券舉辦之線上法說會，說明本公司營運現況及展望。","253920221221M001.pdf","253920221221E001.pdf","https://www.sakurad.com.tw",中文影音檔網址:2539_6_20221221_ch.mp4 ,"無","查詢"
"2540","愛山林","111/12/09","13:30","台北市興安街60號B2","本公司受邀參加永豐證券舉辦之法人說明會","254020221209M001.pptx","254020221209E001.pptx","",法說會影音連結資訊:未輸 ,"無","查詢"
"2542","興富發","111/12/06","14:00","統一證券集團大樓15F會議室(台北市松山區東興路8號15F)","本公司受邀參加統一綜合證券舉辦之法人說明會，會中說明本公司之財務及營運概況。","254220221206M001.pdf","254220221206E001.pdf","https://www.highwealth.com.tw/stakeholder.php?data_type=stock&amp;page_type=law","","無","查詢"
"2543","皇昌","111/12/05","16:00","台北市敦化南路二段97號11樓(元富證券11樓教育訓練室)","本公司受邀參加元富證券舉辦之法人說明會，會議中說明本公司財務暨營運概況","254320221205M001.pdf","254320221205E001.pdf","http://www.hcgc.com.tw","","無","查詢"
"2545","皇翔","111/11/10","15:00","線上法說會","本公司受邀參加元大證券舉辦之線上法說會，報告本公司營運狀營運狀況","254520221110M002.pdf","254520221110E002.pdf","","","無","查詢"
"2546","根基","111/08/16","14:00","線上法人說明會","本公司受邀參加國泰證券舉&#36775;之線上法說會,說明本公司前二季營運成果","254620220816M002.pdf","254620220816E002.pdf","https://www.kedge.com.tw","","無","查詢"
"2546","根基","111/11/24","14:00","線上法人說明會","本公司受邀參加國泰證券舉辦之線上法說會，說明本公司前三季營運成果","254620221124M001.pdf","254620221124E001.pdf","https://www.kedge.com.tw","","無","查詢"
"2547","日勝生","111/05/17","14:30","線上法說會","本公司受邀參加凱基證券舉辦之線上法人說明會，說明本公司營運概況","254720220517M001.pdf","254720220517E001.pdf","http://www.radium.com.tw/","","無。","查詢"
"2547","日勝生","111/12/07","14:30","線上法說會","本公司受邀參加凱基證券舉辦之線上法人說明會，說明本公司營運概況","254720221207M001.pdf","254720221207E001.pdf","http://www.radium.com.tw/","","無。","查詢"
"2548","華固","111/06/29","14:00","線上法說會","本公司受邀參加統一證券舉辦之線上法說會，說明本公司營運現況及展望。","254820220628M001.pdf","254820220628E001.pdf","","","完整財務業務資訊請至公開資訊觀測站之法人說明會一覽表或法說會項目下查閱。","查詢"
"2548","華固","111/12/14","14:30","線上法說會","本公司受邀參加元富證券舉辦之線上法說會，說明本公司營運現況及展望。","254820221115M001.pdf","254820221115E001.pdf","","","完整財務業務資訊請至公開資訊觀測站之法人說明會一覽表或法說會項目下查閱。","查詢"
"2597","潤弘","111/11/25","14:00","臺灣證券交易所1樓資訊展示中心(台北市信義路五段7號)","說明本公司近期之營運成果與未來展望","259720221125M001.pdf","259720221125E001.pdf","http://www.rtc.com.tw",法說會影音連結資訊:https://webpro.twse.com.tw/WebPortal/vod/101/2182451A5070-635B5EEB-6C96-11ED-8D56/?categoryId=101 ,"無","查詢"
"2601","益航","111/12/02","16:00","臺灣證券交易所1樓資訊展示中心 (台北市信義路五段7號1樓)","公司簡報與營運概況說明","260120221201M001.pdf","260120221201E001.pdf","https://www.firsteam.com.tw/index.html",同步收看網址：:https://webpro.twse.com.tw/WebPortal/?liveChannelId=1 法說會影音連結資訊:https://webpro.twse.com.tw/webportal/vod/101/2182451A5070-254BDC7C-721D-11ED-8D56/?categoryId=101 ,"無","查詢"
"2603","長榮","111/03/15","15:00","張榮發基金會國際會議中心11樓(台北市中正區中山南路11號11樓)","受邀參加永豐金證券舉辦之法說會，說明本公司之營運概況。","260320220315M001.pdf","260320220315E001.pdf","https://csr.evergreen-marine.com/csr/tw/jsp/CSR_InvestorConference.jsp","","欲參加者需事先報名，請洽永豐金鄒小姐(02)23823207或E-MAIL:joyce.tsou@sinopac.com","查詢"
"2603","長榮","111/10/14","15:00","張榮發基金會國際會議中心11樓(台北市中正區中山南路11號11樓)","受邀參加永豐金證券舉辦之法說會，說明本公司之營運概況。","260320221014M001.pdf","260320221014E001.pdf","https://csr.evergreen-marine.com/csr/tw/jsp/CSR_InvestorConference.jsp","","欲參加者需事先報名，請洽永豐金鄒小姐(02)23823207或E-MAIL:joyce.tsou@sinopac.com","查詢"
"2605","新興","111/06/16","14:00","線上法說會","2022年第二季 KGI線上投資論壇","260520220615M001.pptx","260520220615E001.pptx","https://www.snc.com.tw","","無","查詢"
"2605","新興","111/09/08","15:45","線上法說會","本公司受邀參加元富證券所舉辦之法說會「2022年9月台股企業日」","260520220908M001.pdf","260520220908E001.pdf","https://www.snc.com.tw","","無","查詢"
"2605","新興","111/12/13","14:00","線上法說會","受邀參加元大證券法人座談會","260520221212M001.pdf","260520221212E001.pdf","https://www.snc.com.tw","","無","查詢"
"2606","裕民","111/06/21","14:00","本次為線上舉辦","本公司受邀參加群益金鼎證券舉辦之線上投資論壇","260620220620M001.pdf","260620220620E001.pdf","http://www.uming.com.tw/investors/Financial.aspx?ID=INC0001","","法說會資料揭露於公開資訊觀測站之法說會專區","查詢"
"2606","裕民","111/05/25","14:00","臺灣證券交易所101大樓1F 資訊展示中心(台北市信義路五段7號1樓)","本公司受邀參加臺灣證券交易所舉辦之法說會-2022年「基礎建設」主題式業績發表會","260620220524M001.pdf","260620220524E001.pdf","http://www.uming.com.tw/investors/Financial.aspx?ID=INC0001","","法說會資料揭露於公開資訊觀測站之法說會專區","查詢"
"2606","裕民","111/03/10","14:30","臺北文創-台北市信義區菸廠路88號6F","本公司受邀參加元富證券所舉辦之法說會「2022年3月台股企業日」","260620220309M001.pdf","260620220309E001.pdf","http://www.uming.com.tw/investors/Financial.aspx?ID=INC0001","","法說會資料揭露於公開資訊觀測站之法說會專區","查詢"
"2606","裕民","111/12/13","14:30","台北晶華酒店4樓(台北市中山北路二段39巷3號)","本公司受邀參加永豐金證券2022 Q4投資論壇","260620221212M001.pdf","260620221212E001.pdf","http://www.uming.com.tw/investors/Financial.aspx?ID=INC0001","","法說會資料揭露於公開資訊觀測站之法說會專區","查詢"
"2607","榮運","111/03/15","16:00","張榮發基金會國際會議中心11樓(台北市中正區中山南路11號)","受邀參加永豐金證券舉辦之法人說明會，說明本公司之營運概況。","260720220315M001.pdf","260720220315E001.pdf","https://www.evergreen-eitc.com.tw/eitchtdocs/jsp/c_7/c_7_2_5.jsp","","欲參加者需事先報名，請洽永豐金鄒小姐(02)23823207或E-MAIL:joyce.tsou@sinopac.com","查詢"
"2607","榮運","111/10/14","16:00","張榮發基金會國際會議中心11樓(台北市中正區中山南路11號)","受邀參加永豐金證券舉辦之法人說明會，說明本公司之營運概況。","260720221014M001.pdf","260720221014E001.pdf","https://www.evergreen-eitc.com.tw/eitchtdocs/jsp/c_7/c_7_2_5.jsp","","參加者需事先報名，請洽永豐金鄒小姐(02)23823207或E-MAIL:joyce.tsou@sinopac.com","查詢"
"2608","嘉里大榮","111/09/01","14:30","台北市信義區信義路五段7號1樓(台灣證券交易所資訊展示中心)","發表111年上半年營運績效及未來展望。","260820220901M001.pdf","260820220901E001.pdf","https://www.kerrytj.com",同步收看網址：:https://webpro.twse.com.tw 法說會影音連結資訊:https://webpro.twse.com.tw/WebPortal/vod/101/431726D89141-AF984A6B-29C6-11ED-AFA0/?categoryId=101 ,"無。","查詢"
"2608","嘉里大榮","111/12/08","14:30","台北市信義區信義路五段7號1樓(台灣證券交易所資訊展示中心)","111年前三季業績發表會","260820221208M001.pdf","260820221208E001.pdf","https://www.kerrytj.com",同步收看網址：:https://webpro.twse.com.tw 法說會影音連結資訊:https://webpro.twse.com.tw/webportal/vod/101/C19816874A91-7D8482E2-76CE-11ED-BAC1/?categoryId=101 ,"無。","查詢"
"2609","陽明","111/04/20","10:20","線上法說會","本公司受邀參加由臺灣證券交易所及寬量國際共同主辦之線上法說會「11th Taiwan CEO Week」，說明本公司之營運概況、財務及業務相關資訊。","260920220418M001.pdf","260920220418E001.pdf","https://www.yangming.com/investor_relations/TwShareholder_Services/investor_conference.aspx","","無","查詢"
"2609","陽明","111/03/30","14:30","線上法說會","本公司受邀參加由康和綜合證券股份有限公司舉辦之線上法說會，說明本公司之營運概況、財務及業務相關資訊。","260920220330M001.pdf","260920220330E001.pdf","https://www.yangming.com/investor_relations/TwShareholder_Services/investor_conference.aspx","","無","查詢"
"2609","陽明","111/09/07","15:00","線上法說會","本公司受邀參加由元大綜合證券股份有限公司舉辦之線上法說會，說明本公司之營運概況、財務及業務相關資訊。","260920220907M001.pdf","260920220907E001.pdf","https://www.yangming.com/investor_relations/TwShareholder_Services/investor_conference.aspx","","無","查詢"
"2609","陽明","111/09/14","15:00","線上法說會","本公司受邀參加由台灣董事會、台灣證券交易所及IPR Advisors舉辦2022線上數位引資論壇，說明本公司之營運概況、財務及業務相關資訊。","260920220907M001.pdf","260920220907E001.pdf","https://www.yangming.com/investor_relations/TwShareholder_Services/investor_conference.aspx","","無","查詢"
"2609","陽明","111/12/12","14:30","線上法說會","本公司受邀參加由元大綜合證券股份有限公司舉辦之線上法說會，說明本公司之營運概況、財務及業務相關資訊。","260920221212M001.pdf","260920221212E001.pdf","https://www.yangming.com/investor_relations/TwShareholder_Services/investor_conference.aspx","","無","查詢"
"2610","華航","111/06/10","13:30","線上法人說明會","本公司受邀參加中國信託證券舉辦之【2022年第二季前瞻論壇】，會中說明本公司營運概況。","261020220610M001.pdf","261020220610E001.pdf","https://www.china-airlines.com/tw/zh/investor-relations/index","","無","查詢"
"2610","華航","111/12/09","15:00","台北市中山北路二段39巷3號4樓。(台北晶華酒店)","本公司受邀參加中國信託證券舉辦之【2022年第四季前瞻論壇】，
會中說明本公司營運概況。","261020221209M001.pdf","261020221209E001.pdf","https://www.china-airlines.com/tw/zh/investor-relations/index","","無","查詢"
"2611","志信","111/06/08","14:00","線上法說會","110年度及111年度第一季營運及財務業務相關資訊報告","261120220608M001.pdf","261120220608E001.pdf","https://www.tsgroup.com.tw/menu/19.htm",中文影音檔網址:2611_6_20220608_ch.mp4 ,"網路會議網址：https://www.youtube.com/watch?v=8NLcqtkS1GI","查詢"
"2611","志信","111/12/26","14:30","線上法說會","110年度及111年度第三季營運及財務業務相關資訊報告","261120221226M001.pdf","261120221226E001.pdf","https://www.tsgroup.com.tw/menu/19.htm",中文影音檔網址:2611_7_20221226_ch.mp4 ,"網路會議網址：https://youtu.be/23jFNq6jbKU","查詢"
"2612","中航","111/12/22","14:00","線上法說會","說明產業現況及本公司經營績效等","261220221220M002.pdf","261220221220E002.pdf","http://www.cmt.tw",同步收看網址：:https://youtu.be/wNkQUcXxiUU 法說會影音連結資訊:https://youtu.be/wNkQUcXxiUU ,"無","查詢"
"2612","中航","111/03/30","14:00","線上法說會","說明產業現況及本公司經營績效等","261220220329M001.pdf","261220220329E001.pdf","http://www.cmt.tw",同步收看網址：:https://youtu.be/sbmteJugj5U 法說會影音連結資訊:https://youtu.be/sbmteJugj5U ,"無","查詢"
"2612","中航","111/06/23","14:00","線上說明會","說明產業現況及本公司經營績效等","261220220621M001.pdf","261220220621E001.pdf","http://www.cmt.tw",同步收看網址：:https://youtu.be/Du4eFBbAP-k 法說會影音連結資訊:https://youtu.be/Du4eFBbAP-k ,"無","查詢"
"2612","中航","111/09/29","14:00","線上說明會","說明產業現況及本公司經營績效等","261220220928M001.pdf","261220220928E001.pdf","http://www.cmt.tw",同步收看網址：:https://youtu.be/R3ajIQPiStU 法說會影音連結資訊:https://youtu.be/R3ajIQPiStU ,"無","查詢"
"2613","中櫃","111/05/19","15:00","線上法人說明會","本公司受邀參加富邦證券舉辦之線上法人說明
會，說明111年第一季的營運概況。","261320220519M002.pdf","261320220519E002.pdf","","","無","查詢"
"2613","中櫃","111/11/23","15:00","線上法人說明會","本公司受邀參加富邦證券舉辦之線上法人說
明 會，說明111年第三季的營運概況。","261320221123M001.pdf","261320221123E001.pdf","","","無","查詢"
"2614","東森","111/12/26","14:00","台灣證券交易所1F(資訊展覽中心)","111年營運成果暨近期發展概況","261420221226M001.pdf","261420221226E001.pdf","",法說會影音連結資訊:https://webpro.twse.com.tw/webportal/vod/101/C19816874A91-C8E6DF9E-84EE-11ED-BAC1/?categoryId=101 ,"14:00報到，14:30會議開始","查詢"
"2615","萬海","111/12/16","14:30","線上法說會","本公司受邀參加群益金鼎證券舉辦之線上法人說明會，會中以本公司111年度第三季財報內容為主，並做航運業之營運簡介","261520221215M001.pdf","261520221215E001.pdf","https://tw.wanhai.com","","無","查詢"
"2615","萬海","111/06/02","14:30","線上法人說明會","本公司受邀參加群益金鼎證券舉辦之線上法人說明會，會中以本公司111年度第一季財報內容為主，並做航運業之營運簡介","261520220601M001.pdf","261520220601E001.pdf","http://www.wanhai.com.tw","","無","查詢"
"2615","萬海","111/02/23","15:20","線上會議","本公司受邀參加由野村證券所舉辦&quot;Nomura Taiwan ESG Corporate Day&quot;，會中以本公司110年度第三季財報內容及ESG成果為主，並做航運業之營運簡介","261520220222M001.pdf","261520220222E001.pdf","http://www.wanhai.com.tw","","無","查詢"
"2615","萬海","111/09/15","14:00","線上法說會","本公司受邀參加台灣董事會、台灣證券交易所及IPR Advisors舉辦之線上法人說明會，會中以本公司111年度第二季財報內容為主，並做航運業之營運簡介","261520220914M001.pdf","261520220914E001.pdf","https://tw.wanhai.com","","無","查詢"
"2615","萬海","111/09/14","14:30","線上法說會","本公司受邀參加群益金鼎證券舉辦之線上法人說明會，會中以本公司111年度第二季財報內容為主，並做航運業之營運簡介","261520220913M001.pdf","261520220913E001.pdf","https://tw.wanhai.com","","無","查詢"
"2616","山隆","111/08/19","16:00","線上電話會議","說明111年上半年營運概況","261620220819M001.pdf","261620220819E001.pdf","http://www.slc.com.tw",法說會影音連結資訊:https://www.youtube.com/watch?v=VbZHm7iBVLk ,"請撥打+886 2 21928016 ，並輸入會議密碼668044#","查詢"
"2617","台航","111/05/26","14:50","臺灣證券交易所101大樓1樓資訊展示中心(台北市信義路五段7號1樓)","本公司受邀參加台灣證券交易所舉辦之2022年基礎建設主題式業績發表會，並就本公司業務簡介、產業現況、展望與策略做一說明。","261720220526M001.pdf","261720220526E001.pdf","http://www.taiwanline.com.tw","","無。","查詢"
"2618","長榮航","111/03/31","15:00","財團法人張榮發基金會國際會議中心會議廳
(台北市中正區中山南路11號8樓)","本公司受邀參加由凱基證券舉辦之法人說明會，說明本公司之營運概況。","261820220331M001.pdf","261820220331E001.pdf","https://www.evaair.com/zh-tw/about-eva-air/investor-relations/presentations/","","無","查詢"
"2618","長榮航","111/11/23","15:00","凱基證券股份有限公司(台北市中山區明水路700號12樓)","本公司受邀參加由凱基證券舉辦之法人說明會，說明本公司之營運概況。","261820221123M001.pdf","261820221123E001.pdf","https://www.evaair.com/zh-tw/about-eva-air/investor-relations/presentations/","","無","查詢"
"2630","亞航","111/08/24","14:00","高雄市前鎮區中山二路2號9樓之一(大眾財經大樓)","本公司受邀參加台新綜合證券舉辦之法人說明會，說明財務業務概況。","263020220824M001.pdf","263020220824E001.pdf","http://www.airasia.com.tw/index.php?option=module&amp;lang=cht&amp;task=showlist&amp;id=385&amp;index=3","","無","查詢"
"2633","台灣高鐵","111/05/24","15:50","臺灣證券交易所 (101大樓) 1樓資訊展示中心(台北市信義區信義路5段7號)","公司營運狀況說明","263320220523M001.pdf","263320220523E001.pdf","www.thsrc.com.tw","","無","查詢"
"2633","台灣高鐵","111/03/21","14:30","線上法人說明會","公司營運狀況說明","263320220318M001.pdf","263320220318E001.pdf","http://www.thsrc.com.tw","","受邀參加國泰綜合證券舉辦之線上法人說明會（電話會議）","查詢"
"2633","台灣高鐵","111/09/02","14:30","線上法人說明會","公司營運狀況說明","263320220901M001.pdf","263320220901E001.pdf","http://www.thsrc.com.tw","","受邀參加元大證券舉辦之線上法人說明會(電話會議)","查詢"
"2633","台灣高鐵","111/12/06","14:30","線上法人說明會","公司營運狀況說明","263320221205M001.pptx","263320221205E001.pptx","http://www.thsrc.com.tw","","受邀參加國泰綜合證券舉辦之線上法人說明會(電話會議)","查詢"
"2634","漢翔","111/06/29","14:30","線上法人說明會","本公司受邀參加國泰證券舉辦之線上法人說明會，將由公司經營團隊說明市場概況、經營實績與財務狀況。","263420220628M002.pdf","263420220628E002.pdf","http://www.aidc.com.tw/tw/investor/conference","","無。","查詢"
"2634","漢翔","111/12/07","14:30","台北國際會議中心(台北市信義區信義路五段1號)","漢翔公司自辦法人說明會，由公司經營團隊說明市場概況、經營實績與財務狀況。","263420221206M001.pdf","263420221206E001.pdf","http://www.aidc.com.tw/tw/investor/conference",中文影音檔網址:2634_24_20221207_ch.mp4 ,"法人說明會14點00分入場， 14點30分會議開始","查詢"
"2636","台驊控股","111/08/16","14:30","線上會議","本公司受邀參加元富證券舉辦之2022年台股企業日，向投資人說明111年第2季營運成果及未來營運展望。","263620220831M001.pdf","263620220831E001.pdf","http://www.t3ex-group.com","","無","查詢"
"2636","台驊控股","111/11/30","14:00","線上會議","本公司受邀參加中信證券舉辦之法人說明會，說明公司營運狀況、產業發展及未來展望。","263620221201M001.pdf","263620221201E001.pdf","http://www.t3ex-group.com","","無","查詢"
"2637","慧洋-KY","111/05/26","15:10","Webex線上券商論壇","本公司受邀參加富邦證券所舉辦之投資論壇，就本公司財務及業務狀況做說明。","263720220525M001.pdf","263720220525E001.pdf","http://www.wisdomlines.com.tw/wisdom/php/finacial_statements2.php","","簡報資料請參閱公開訊觀測站或本公司網站之投資人服務專區。","查詢"
"2637","慧洋-KY","111/03/08","14:30","線上(Webex)","本公司受邀參加元富證券所舉辦之法說會「2022年3月台股企業日」，就本公司財務及業務狀況做說明。","263720220307M001.pdf","263720220307E001.pdf","http://www.wisdomlines.com.tw/wisdom/php/finacial_statements2.php","","簡報資料請參閱公開訊觀測站或本公司網站之投資人服務專區。","查詢"
"2637","慧洋-KY","111/09/06","14:30","臺灣證券交易所1樓資訊展示中心(台北市信義路五段7號)","受邀參加臺灣證券交易所舉辦之財務業務說明會，就本公司財務及業務狀況做說明。","263720220905M001.pdf","263720220905E001.pdf","http://www.wisdomlines.com.tw/wisdom/php/finacial_statements2.php","","簡報資料請參閱公開訊觀測站或本公司網站之投資人服務專區。","查詢"
"2637","慧洋-KY","111/12/14","15:45","台北文創(台北市信義區菸廠路88號6樓)","本公司受邀參加元富證券所舉辦之法說會「12月份元富台股企業日」，就本公司財務及業務狀況做說明。","263720221213M001.pdf","263720221213E001.pdf","http://www.wisdomlines.com.tw/wisdom/php/finacial_statements2.php","","簡報資料請參閱公開訊觀測站或本公司網站之投資人服務專區。","查詢"
"2642","宅配通","111/03/15","14:00","以線上方式於統一綜合證券召開","(1)公司概況
(2)2021年營運表現
(3)未來展望","264220220315M001.pdf","264220220315E001.pdf","https://www.e-can.com.tw/Invest14.aspx","","無","查詢"
"2642","宅配通","111/10/04","14:30","以線上方式於統一綜合證券召開","受邀參加
(1)公司概況
(2)2022年營運表現
(3)未來展望","264220221004M002.pdf","264220221004E002.pdf","https://www.e-can.com.tw/Invest14.aspx","","無","查詢"
"2645","長榮航太","111/02/15","14:30","張榮發基金會國際會議中心會議廳(台北市中正區中山南路11號11樓)","本公司受邀參加凱基證券舉辦之興櫃前法人說明會，會中就本公司營運介紹及說明。","264520220214M001.pdf","264520220214E001.pdf","","","相關資料請至公開資訊觀測站之法人說明會一覽表或法說會項下查詢","查詢"
"2646","星宇航空","111/09/28","14:30","台北萬豪酒店八樓Garden Villa(台北市中山區樂群二路199號)","受邀參加第一金證券舉辦之興櫃前法人說明會，說明本公司經營策略、未來展望等。","264620220928M001.pdf","264620220928E001.pdf","","","為配合防疫規範，與會人員請全程配戴口罩。","查詢"
"2701","萬企","111/11/25","14:30","台北市萬華區峨眉街52號6樓","簡報本公司營運及財務狀況","270120221125M001.pdf","270120221125E001.pdf","http://www.wanhwa.com.tw/",法說會影音連結資訊:http://www.wanhwa.com.tw/textFiles/investor/investor7/investorConference2022vedio.html ,"無","查詢"
"2702","華園","111/08/30","14:00","線上法說會","本公司受邀參加富證券主辦之線上法說會，說明本公司營業概況。","270220220830M001.pdf","270220220830E001.pdf","https://www.hotelhg.com.tw/investors/","","無","查詢"
"2704","國賓","111/12/21","16:00","臺灣證券交易所1樓資訊展示中心(台北市信義路五段7號)","說明本公司之營運概況、財務及業務相關資訊。","270420221220M001.pdf","270420221220E001.pdf","https://investor.ambassador-hotels.com/LegalConference.htm",同步收看網址：:https://webpro.twse.com.tw/WebPortal/vod/101/C19816874A91-2FDDBC26-810A-11ED-BAC1/?categoryId=101 法說會影音連結資訊:https://webpro.twse.com.tw/WebPortal/vod/101/C19816874A91-2FDDBC26-810A-11ED-BAC1/?categoryId=101 ,"無","查詢"
"2705","六福","111/06/17","14:00","線上法人說明會","本公司受邀參加台新證券舉辦之法人說明會，說明公司經營實績及未來展望。","270520220617M002.pdf","270520220617E002.pdf","http://www.leofoo.com.tw/zh-TW/?Nsn=380&amp;Ssn=3182",同步收看網址：:https://tssco.webex.com/meet/TaishinSecurities ,"無","查詢"
"2705","六福","111/12/23","14:00","線上法說會","本公司受邀參加台新證券舉辦之法人說明會，說明公司經營實績及未來展望。","270520221223M001.pdf","270520221223E001.pdf","http://www.leofoo.com.tw/zh-TW/?Nsn=380&amp;Ssn=3182",同步收看網址：:https://tssco.webex.com/meet/TaishinSecurities ,"無","查詢"
"2706","第一店","111/12/02","14:30","臺北市南京東路二段六十三號","依規定自辦法人說明會","270620221201M001.pdf","270620221201E001.pdf","http://twfirsthotel.com.tw/",法說會影音連結資訊:https://twfirsthotel.com.tw/textFiles/investor/investor8/investorConference2022vedio.html ,"無","查詢"
"2707","晶華","111/05/17","15:15","線上法人說明會","本公司受邀參加台新證券舉辦之「台新2022全球投資論壇」","270720220516M001.pptx","270720220516E001.pptx","https://digital.silkshotelgroup.com/Investment","","無","查詢"
"2707","晶華","111/11/29","14:00","台北晶華酒店4樓(台北市中山北路二段39巷3號)","本公司受邀參加台新證券舉辦之「台新2022第四季全球投資論壇」","270720221129M001.pdf","270720221129E001.pdf","https://digital.silkshotelgroup.com/Investment","","無","查詢"
"2712","遠雄來","111/11/21","16:00","線上法說會","本公司受邀參加元大證券舉辦之產業座談會，報告本公司營運狀營運狀況。","271220221121M001.pdf","271220221121E001.pdf","https://www.farglory-hotel.com.tw/investors/reports/investor-conference/","","無","查詢"
"2722","夏都","111/06/23","14:30","台南市中西區中山路88號3樓
(統一綜合證券股份有限公司)","本公司受邀參加統一證券股份有限公司舉辦「統一證券國際法人部邀請舉辦法人說明會」，
其主要內容為本公司營運概況說明。","272220220622M001.pdf","272220220622E001.pdf","https://www.chateau-hotels.com.tw/investors/calendar.php","","無","查詢"
"2722","夏都","111/03/31","14:30","台南市中西區中山路88號3樓(統一綜合證券股份有限公司)","本公司受邀參加統一證券股份有限公司舉辦「統一證券國際法人部邀請舉辦法人說明會」，其主要內容為本公司營運概況說明。","272220220330M001.pdf","272220220330E001.pdf","https://www.chateau-hotels.com.tw/investors/calendar.php","","無","查詢"
"2722","夏都","111/09/28","14:00","線上會議。","本公司受邀參加統一證券國際法人部舉辦之線上法人說明會。","272220220927M001.pdf","272220220927E001.pdf","https://www.chateau-hotels.com.tw/investors/calendar.php","","無。","查詢"
"2722","夏都","111/12/06","14:00","線上會議。","本公司受邀參加統一證券國際法人部舉辦之線上法人說明會。","272220221205M001.pdf","272220221205E001.pdf","https://www.chateau-hotels.com.tw/investors/calendar.php","","無。","查詢"
"2723","美食-KY","111/05/13","14:00","線上","本公司受邀參加國泰證券舉辦之線上法人說明會","272320220512M001.pdf","272320220512E001.pdf","https://www.85cafe.com/InvestorRelations02_04.php","","無","查詢"
"2723","美食-KY","111/04/06","10:00","線上","本公司受邀參加臺灣證券交易所與高盛證券共同舉辦Taiwan Virtual Corporate Day 2022","272320220324M001.pdf","272320220324E001.pdf","https://www.85cafe.com/InvestorRelations02_04.php","","無","查詢"
"2723","美食-KY","111/03/25","14:00","線上法說會","本公司受邀參加元富證券舉辦之法人說明會","272320220324M001.pdf","272320220324E001.pdf","https://www.85cafe.com/InvestorRelations02_04.php","","無","查詢"
"2723","美食-KY","111/11/25","14:00","線上","本公司受邀參加元富證券舉辦之線上法人說明會","272320221124M001.pdf","272320221124E001.pdf","https://www.85cafe.com/InvestorRelations02_04.php","","無","查詢"
"2723","美食-KY","111/08/26","14:00","線上","本公司受邀參加凱基證券舉辦之線上法人說明會","272320220825M001.pdf","272320220825E001.pdf","https://www.85cafe.com/InvestorRelations02_04.php","","無","查詢"
"2723","美食-KY","111/09/14","11:00","台北市忠孝東路&#12752;段12號B1會議室","本公司受邀KGI凱基證券2022年第三季投資論壇","272320220825M001.pdf","272320220825E001.pdf","https://www.85cafe.com/InvestorRelations02_04.php","","無","查詢"
"2727","王品","111/06/16","15:45","線上會議","本公司受邀參加元富證券舉辦之法說會「2022年6月台股企業日」","272720220615M001.pdf","272720220615E001.pdf","https://www.wowprime.com/investor/conference.aspx","","無","查詢"
"2727","王品","111/09/01","15:00","線上會議","本公司受邀參加元富證券舉辦之觀光股聯合法說","272720220831M001.pdf","272720220831E001.pdf","https://www.wowprime.com/zh-tw/investors-sub-menu/stockholder/earnings-call","","無","查詢"
"2727","王品","111/11/09","15:00","台北市中山區南京東路二段111號6樓","本公司受邀參加富邦證券舉辦之法人說明會","272720221108M001.pdf","272720221108E001.pdf","https://www.wowprime.com/zh-tw/investors-sub-menu/stockholder/earnings-call","","無","查詢"
"2731","雄獅","111/12/16","14:30","台北市中山區建國北路一段96號13樓(台証金融大樓 台北廳會議室)","本公司受邀參加台新證券舉辦之法人說明會，會中就本公司已公開發佈之財務數字、經營績效等相關資訊做說明。","273120221216M001.pdf","273120221216E001.pdf","https://www.liontravel.com/info/investors/","","完整財務業務資訊請至公開資訊觀測站之法人說明會一覽表或法說會項下查閱。","查詢"
"2739","寒舍","111/12/01","14:30","台北喜來登大飯店B1逸絢廳(台北市忠孝東路一段12號B1）","本公司受邀參加凱基證券舉辦之法人說明會，說明本公司之營運概況及經營策略等相關資訊。","273920221201M001.pdf","273920221201E001.pdf","https://www.mhh-group.com/",法說會影音連結資訊:https://www.youtube.com/watch?v=7c8U2y8W_Lg ,"報名請洽凱基法人部 eva.yan@kgi.com","查詢"
"2748","雲品","111/03/15","14:00","線上法人說明會","本公司受邀參加第一金證券舉辦之線上投資座談會，說明本公司之營運概況、財務及業務相關資訊。","274820220315M001.pdf","274820220315E001.pdf","https://www.fdc-i.com/investor/shareholders/","","無","查詢"
"2748","雲品","111/08/31","14:00","線上法人說明會","本公司受邀參加元富證券舉辦之觀光聯合法說，說明本公司營運概況、財務及業務相關資訊。","274820220831M001.pdf","274820220831E001.pdf","https://www.fdc-i.com/investor/shareholders/","","無","查詢"
"2753","八方雲集","111/08/17","15:30","線上法說會","本公司受邀參加凱基證券舉辦之線上法人說明會，會中說明本公司111年第2季營運成果","275320220817M001.pdf","275320220817E001.pdf","https://www.8way.com.tw/investor/S3.html","","無","查詢"
"2753","八方雲集","111/11/22","14:00","線上法說會","本公司受邀參加國泰證券舉辦之線上法人說明會，會中說明本公司111年第3季營運成果","275320221122M001.pdf","275320221122E001.pdf","https://www.8way.com.tw/investor/S3.html","","無","查詢"
"2753","八方雲集","111/09/13 至 111/09/15","09:00","線上會議","本公司受邀參加台灣董事學會、臺灣證券交易所及安擘諮詢共同舉辦之2022線上數位引資論壇，會中說明本公司111年第2季營運成果。","275320220912M001.pdf","275320220912E001.pdf","https://www.8way.com.tw/investor/S3.html","","無","查詢"
"2801","彰銀","111/03/25","14:30","本次為中文線上法說會，連結網址詳如本公司投資人關係專區或如後說明。","報告本行2021年第4季財務資訊及經營成果","280120220325M001.pdf","280120220325E001.pdf","https://www.bankchb.com/frontend/earningsCall.jsp",同步收看網址：:https://www.zucast.com/event/x4Q28t4W/subscribe/create 法說會影音連結資訊:https://reurl.cc/o0XDdl ,"無","查詢"
"2801","彰銀","111/06/29","14:30","本次為中文線上法說會，連結網址詳如本公司投資人關係專區或如後說明。","報告本行2022年第1季財務資訊及經營成果","280120220629M001.pdf","280120220629E001.pdf","https://www.bankchb.com/frontend/earningsCall.jsp",同步收看網址：:https://www.zucast.com/event/hwDbDUzu/subscribe/create 法說會影音連結資訊:https://reurl.cc/NqnW8q ,"無","查詢"
"2801","彰銀","111/08/31","14:30","本次為中文線上法說會，連結網址詳如本公司投資人關係專區或如後說明。","報告本行2022年第2季財務資訊及經營成果","280120220831M001.pdf","280120220831E001.pdf","https://www.bankchb.com/frontend/earningsCall.jsp",同步收看網址：:http://www.zucast.com/webcast/toxS7Sqq 法說會影音連結資訊:https://reurl.cc/ZXEm3p ,"無","查詢"
"2801","彰銀","111/11/21","14:30","本次為中文線上法說會，連結網址詳如本公司投資人關係專區或如後說明。","報告本行2022年第3季財務資訊及經營成果","280120221121M001.pdf","280120221121E001.pdf","https://www.bankchb.com/frontend/earningsCall.jsp",同步收看網址：:https://www.zucast.com/event/e3E41aoo/subscribe/create 法說會影音連結資訊:https://reurl.cc/NqnW76 ,"無","查詢"
"2812","台中銀","111/12/26","14:00","線上法說會","2022年第三季法人說明會","281220221222M001.pdf","281220221222E001.pdf","https://www.tcbbank.com.tw/Intro/B_10.html",中文影音檔網址:2812_15_20221226_ch.mp4 ,"無","查詢"
"2812","台中銀","111/03/14","14:00","線上法說會","2021年全年度營運概況","281220220310M001.pdf","281220220310E001.pdf","https://www.tcbbank.com.tw/Intro/B_10.html",中文影音檔網址:2812_12_20220314_ch.mp4 ,"無","查詢"
"2812","台中銀","111/05/23","14:00","線上法說會","2022年第一季法人說明會","281220220519M001.pdf","281220220519E001.pdf","https://www.tcbbank.com.tw/Intro/B_10.html",中文影音檔網址:2812_13_20220523_ch.mp4 ,"無","查詢"
"2812","台中銀","111/08/29","14:00","線上法說會","2022年上半年度法人說明會","281220220825M001.pdf","281220220825E001.pdf","https://www.tcbbank.com.tw/Intro/B_10.html",中文影音檔網址:2812_14_20220829_ch.mp4 ,"無","查詢"
"2816","旺旺保","111/09/22","14:30","國票綜合證券15樓會議室(台北市松山區南京東路五段188號15樓)","本公司受邀參加國票綜合證券舉辦之法人說明會，會中就本公司已公開發布之營運及財務業務狀況作說明。","281620220922M001.pptx","281620220922E001.pptx","https://www.wwunion.com/?page_id=5584","","無","查詢"
"2820","華票","111/03/23","16:00","台北市信義路五段7號台灣證券交易所1樓資訊展示中心(101辦公大樓)","2021年營運成果說明會","282020220322M001.pdf","282020220322E001.pdf","http://www.cbf.com.tw/lp.asp?ctNode=391&amp;CtUnit=149&amp;BaseDSD=7&amp;mp=1",法說會影音連結資訊:https://webpro.twse.com.tw/webportal/vod/101/1B9E88917C1F-71A6104D-AA8A-11EC-824F/?categoryId=101 ,"無","查詢"
"2832","台產","111/05/27","14:30","線上法說會","本公司受邀參加兆豐證券舉辦之線上法說會，會中就本公司已公開發布之營運及財務業務狀況作說明。
報名網址：https://forms.gle/39XAPdrJra3B1SEJ7
報名詢問電話：(02)3322-7245 葉小姐","283220220527M001.pdf","283220220527E001.pdf","https://www.tfmi.com.tw/investor_exp.aspx","","無","查詢"
"2832","台產","111/09/13","14:30","線上法說會","本公司受邀參加國票證券舉辦之線上法說會，會中就本公司已公開發布之營運及財務業務狀況作說明。
報名網址：https://www.surveycake.com/s/4gad7
報名詢問電話：(02)2528-8988#666 吳先生","283220220913M001.pdf","283220220913E001.pdf","https://www.tfmi.com.tw/investor_exp.aspx","","無","查詢"
"2834","臺企銀","111/03/24","15:00","線上直播","公告本公司召開2021年第四季中文法人說明會，公佈2021年第四季營運概況。","283420220324M001.pdf","283420220324E001.pdf","https://ir.tbb.com.tw/events/investors-conference",同步收看網址：:http://www.zucast.com/webcast/s2ab9Aes 法說會影音連結資訊:http://www.zucast.com/webcast/s2ab9Aes ,"無","查詢"
"2834","臺企銀","111/05/30","14:00","線上直播","公告本公司召開2022年第一季中文法人說明會，
公佈2022年第一季營運概況。","283420220530M001.pdf","283420220530E001.PDF","https://ir.tbb.com.tw/events/investors-conference",同步收看網址：:http://www.zucast.com/webcast/pnVVwrjp 法說會影音連結資訊:http://www.zucast.com/webcast/pnVVwrjp ,"無","查詢"
"2834","臺企銀","111/09/08","14:00","線上直播","公告本公司召開2022年第二季中文法人說明會，
公佈2022年第二季營運概況。","283420220908M001.pdf","283420220908E001.pdf","https://ir.tbb.com.tw/events/investors-conference",同步收看網址：:http://www.zucast.com/webcast/LFXMz0Yq 法說會影音連結資訊:http://www.zucast.com/webcast/LFXMz0Yq ,"無","查詢"
"2834","臺企銀","111/11/23","14:00","線上直播","公告本公司召開2022年第三季中文法人說明會，
公佈2022年第三季營運概況。","283420221123M001.pdf","283420221123E001.pdf","https://ir.tbb.com.tw/events/investors-conference",同步收看網址：:http://www.zucast.com/webcast/KK2nLVmm 法說會影音連結資訊:http://www.zucast.com/webcast/KK2nLVmm ,"無","查詢"
"2836","高雄銀","111/03/14","14:30","高雄銀行總行7樓會議室(高雄市左營區博愛二路168號7樓)","2021年第4季法人說明會","283620220314M001.pdf","283620220314E001.pdf","https://www.bok.com.tw/-116",中文影音檔網址:2836_11_20220314_ch.mp4 ,"無","查詢"
"2836","高雄銀","111/05/18","14:30","高雄銀行總行7樓會議室(高雄市左營區博愛二路168號7樓)","2022年第1季法人說明會","283620220518M001.pdf","283620220518E001.pdf","https://www.bok.com.tw/-116",中文影音檔網址:2836_12_20220518_ch.mp4 ,"無","查詢"
"2836","高雄銀","111/11/23","14:30","高雄銀行總行7樓會議室(高雄市左營區博愛二路168號7樓)","2022年第3季法人說明會","283620221123M001.pdf","283620221123E001.pdf","https://www.bok.com.tw/-116",中文影音檔網址:2836_14_20221123_ch.mp4 ,"無","查詢"
"2836","高雄銀","111/09/28","14:30","高雄銀行總行7樓會議室(高雄市左營區博愛二路168號7樓)","2022年第2季法人說明會","283620220928M001.pdf","283620220928E001.pdf","https://www.bok.com.tw/-116",中文影音檔網址:2836_13_20220928_ch.mp4 ,"無","查詢"
"2838","聯邦銀","111/08/09","14:00","直播網址：http://www.zucast.com/webcast/x7OaRRFT","2022年上半年度財業務資訊","283820220809M001.pdf","283820220809E001.pdf","https://www.ubot.com.tw/investorservice",法說會影音連結資訊:http://www.zucast.com/webcast/x7OaRRFT ,"無","查詢"
"2838","聯邦銀","111/11/11","14:00","直播網址：http://www.zucast.com/webcast/XPZH40qb","2022年第3季財業務資訊","283820221110M001.pdf","283820221110E001.pdf","https://www.ubot.com.tw/investorservice",法說會影音連結資訊:http://www.zucast.com/webcast/XPZH40qb ,"無","查詢"
"2845","遠東銀","111/03/09","15:00","　","本行2021年營運績效及策略發展說明","284520220309M001.pdf","284520220309E001.pdf","https://www.feib.com.tw/detail?id=470",法說會影音連結資訊:https://www.feib.com.tw/detail?id=470 ,"無","查詢"
"2845","遠東銀","111/05/18","15:00","　","本行2022年第一季經營績效及未來營運策略","284520220519M001.pdf","284520220519E001.pdf","https://www.feib.com.tw/detail?id=470",法說會影音連結資訊:https://www.feib.com.tw/detail?id=470 ,"報名請洽遠銀策略發展處:janeshu@feib.com.tw","查詢"
"2845","遠東銀","111/10/19","15:30","線上會議","本行2022年第二季經營績效及未來營運策略","284520221019M002.pdf","284520221019E002.pdf","https://www.feib.com.tw/detail?id=470",法說會影音連結資訊:https://www.feib.com.tw/detail?id=470 ,"報名請洽遠銀策略發展處:janeshu@feib.com.tw","查詢"
"2845","遠東銀","111/11/10","15:30","線上會議","本行2022年第三季經營績效及未來營運策略","284520221110M001.pdf","284520221110E001.pdf","https://www.feib.com.tw/detail?id=470",法說會影音連結資訊:https://www.feib.com.tw/detail?id=470 ,"報名請洽遠銀策略發展處:janeshu@feib.com.tw","查詢"
"2849","安泰銀","111/05/23","14:00","線上法說會","公布111年第一季營運概況","284920220523M001.pptx","284920220523E001.pptx","https://www.entiebank.com.tw/entie/investors-stock04",同步收看網址：:http://www.zucast.com/webcast/G33mhhaj 法說會影音連結資訊:http://www.zucast.com/webcast/G33mhhaj ,"無","查詢"
"2849","安泰銀","111/08/31","14:30","線上法說會","公布111年度第二季營運概況","284920220831M001.pdf","284920220831E001.pdf","https://www.entiebank.com.tw/entie/0.2.5",同步收看網址：:http://www.zucast.com/webcast/P1mymgdk 法說會影音連結資訊:http://www.zucast.com/webcast/P1mymgdk ,"無","查詢"
"2850","新產","111/12/22","14:00","永豐金證券線上法人說明會","本公司受邀參加永豐金證券線上法人說明會，說明本公司營運狀況","285020221222M001.pdf","285020221222E001.pdf","https://www.skinsurance.com.tw/SKI/Doc.aspx?uID=12&amp;sID=1326&amp;ST=","","內容檔案於當日會後公告於公開資訊觀測站","查詢"
"2850","新產","111/06/02","14:00","永豐金證券線上法人說明會","本公司受邀參加永豐金證券線上法人說明會，說明本公司營運狀況","285020220602M001.pdf","285020220602E001.pdf","https://www.skinsurance.com.tw/SKI/Doc.aspx?uID=12&amp;sID=1326&amp;ST=","","內容檔案於當日會後公告於公開資訊觀測站","查詢"
"2851","中再保","111/04/22","14:30","線上法說會","說明公司營運狀況","285120220422M001.pdf","285120220422E001.pdf","",同步收看網址：:https://evergreen-line.webex.com/evergreen-line-tc/j.php?MTID=ma81e55992a83b8de67ea50fecce87f4c 法說會影音連結資訊:https://youtu.be/E7TMQM00Ock ,"無","查詢"
"2851","中再保","111/09/23","16:00","證券交易所101大樓一樓資訊展示中心(台北市信義路五段7號)","說明公司營運狀況","285120220923M001.pdf","285120220923E001.pdf","",法說會影音連結資訊:https://webpro.twse.com.tw/webportal/vod/101/1D07F6A761E1-A54E488D-3B1B-11ED-B66A/?categoryId=101 ,"無","查詢"
"2852","第一保","111/11/30","16:00","臺北市信義路五段7號1樓(證券交易所資訊展示中心)","本公司業務及財務狀況","285220221129M001.pdf","285220221129E001.pdf","",法說會影音連結資訊:https://webpro.twse.com.tw/webportal/vod/101/2182451A5070-C4C95CB6-7087-11ED-8D56/?categoryId=101 ,"無","查詢"
"2855","統一證","111/03/09","14:00","本次為中文線上法說會","說明本公司110年度財務暨營運報告","285520220309M001.pdf","285520220309E001.pdf","http://www.pscnet.com.tw/",同步收看網址：:https://reurl.cc/dXlx7y 法說會影音連結資訊:http://promote.pscnet.com.tw/HTML/test/28550309.MP4 ,"無","查詢"
"2855","統一證","111/06/24","14:00","本次為中文線上法說會","說明本公司111Q1財務暨營運報告","285520220624M001.pdf","285520220624E001.pdf","https://www.pscnet.com.tw/",同步收看網址：:https://reurl.cc/anA8zY 法說會影音連結資訊:http://promote.pscnet.com.tw/html/test/2855-1110624.mp4 ,"無","查詢"
"2855","統一證","111/08/24","14:00","本次為中文線上說明會","說明本公司111Q2財務暨營運報告","285520220824M001.pdf","285520220824E001.pdf","http://www.pscnet.com.tw/",同步收看網址：:https://reurl.cc/9pVq7d 法說會影音連結資訊:http://promote.pscnet.com.tw/html/test/2855-1110824.mp4 ,"無","查詢"
"2855","統一證","111/11/04","14:00","本次為中文線上法說會","說明本公司111Q3財務暨營運報告","285520221104M001.pdf","285520221104E001.pdf","http://www.pscnet.com.tw/",同步收看網址：:https://reurl.cc/91oydj 法說會影音連結資訊:http://promote.pscnet.com.tw/html/test/2855-1111104.mp4 ,"會議室號碼：947 6951 4224，會議室密碼為本公司股票代碼","查詢"
"2867","三商壽","111/05/27","14:30","線上法說會","三商美邦人壽保險股份有限公司2021年隱含價值暨2022年第一季財務業務資訊報告。","286720220527M001.pdf","286720220527E001.pdf","https://www.mli.com.tw/sites/mliportal/investors/index",同步收看網址：:http://www.zucast.com/webcast/3CyUfXV1 ,"無","查詢"
"2867","三商壽","111/12/07","14:30","線上法說會","三商美邦人壽保險股份有限公司2022年第三季財務業務資訊報告","286720221207M001.pdf","286720221207E001.pdf","https://www.mli.com.tw/sites/mliportal/investors/index",同步收看網址：:http://www.zucast.com/webcast/WmM4ZWC4 ,"無","查詢"
"2880","華南金","111/03/10","15:00","本次為中文線上法說會，連結網址詳如本公司投資人關係專區或如後說明","公告本公司召開2021年第4季中文法人說明會，公佈2021年度營運概況。","288020220310M001.pdf","288020220310E001.pdf","https://www.hnfhc.com.tw/HNFHC/ir/p.do",同步收看網址：:http://www.zucast.com/webcast/g0jXlXZW ,"無","查詢"
"2880","華南金","111/08/11","15:00","本次為中文線上法說會，連結網址詳如本公司投資人關係專區或如後說明","公告本公司召開2022年第2季中文法人說明會，公佈2022年上半年營運概況。","288020220811M001.pdf","288020220811E001.pdf","https://www.hnfhc.com.tw/HNFHC/ir/p.do",同步收看網址：:http://www.zucast.com/webcast/o336hJRS ,"無","查詢"
"2881","富邦金","111/06/21","09:00","電話會議","討論富邦金控財務業務相關資訊","288120220520M001.pdf","288120220520E001.pdf","https://fubon.irpro.co/tw/event.php","","無","查詢"
"2881","富邦金","111/06/08 至 111/06/10","09:00","電話會議","討論富邦金控財務業務相關資訊","288120220520M001.pdf","288120220520E001.pdf","https://fubon.irpro.co/tw/event.php","","無","查詢"
"2881","富邦金","111/05/20","14:00","中文場(14:00-15:30)採網路直播方式；英文場(16:30-17:30)採電話會議暨網路直播方式","說明富邦金控111第一季營運概況以及富邦人壽110年隱含價值","288120220520M001.pdf","288120220520E001.pdf","https://fubon.irpro.co/tw/event.php",同步收看網址：:https://fubon.irpro.co/tw/event.php 法說會影音連結資訊:https://www.zucast.com/event/VVkyCygd/subscribe/create (請輸入網址名稱(註)):https://www.zucast.com/event/JpZQw7JI/subscribe/create ,"無","查詢"
"2881","富邦金","111/05/10 至 111/05/13","09:00","電話會議","討論富邦金控財務業務相關資訊","288120220311M001.pdf","288120220311E001.pdf","https://fubon.irpro.co/tw/event.php",同步收看網址：:https://fubon.irpro.co/tw/event.php ,"無","查詢"
"2881","富邦金","111/02/21 至 111/02/22","09:00","電話會議","討論富邦金控財務業務相關訊息","288120211201M001.pdf","288120211201E001.pdf","https://fubon.irpro.co/tw/event.php","","無","查詢"
"2881","富邦金","111/02/23","14:00","電話會議","討論富邦金控財務業務相關訊息","288120210902M001.pdf","288120210902E001.pdf","https://fubon.irpro.co/tw/event.php","","無","查詢"
"2881","富邦金","111/03/11","14:00","線上法說(14:00-15:30)；電話法說(16:30-17:30)","說明富邦金控110全年營運概況","288120220311M001.pdf","288120220311E001.pdf","https://fubon.irpro.co/tw/event.php",同步收看網址：:https://fubon.irpro.co/tw/event.php 法說會影音連結資訊:https://www.zucast.com/event/VIeAl906/subscribe/create :https://www.zucast.com/event/Dx4hHtfx/subscribe/create ,"無","查詢"
"2881","富邦金","111/03/14 至 111/03/25","09:00","電話會議","討論富邦金控財務業務相關資訊","288120220311M002.pdf","288120220311E002.pdf","http://fubon.irpro.co/tw/event.php","","無","查詢"
"2881","富邦金","111/04/06 至 111/04/08","09:00","電話會議","討論富邦金控財務業務相關資訊","288120220311M001.pdf","288120220311E001.pdf","http://fubon.irpro.co/tw/event.php","","無","查詢"
"2881","富邦金","111/08/19","14:00","中文場(14:00-15:30)採網路直播方式；英文場(16:30-17:30)採電話會議暨網路直播方式","說明富邦金控111年上半年營運概況","288120220819M001.pdf","288120220819E001.pdf","https://fubon.irpro.co/tw/event.php",同步收看網址：:https://fubon.irpro.co/tw/event.php 法說會影音連結資訊:http://www.zucast.com/webcast/IsDsAPHM ,"無","查詢"
"2881","富邦金","111/04/11 至 111/04/22","09:00","電話會議","討論富邦金控財務業務相關資訊","288120220311M001.pdf","288120220311E001.pdf","https://fubon.irpro.co/tw/event.php","","無","查詢"
"2881","富邦金","111/05/05 至 111/05/06","09:00","電話會議","討論富邦金控財務業務相關資訊","288120220311M001.pdf","288120220311E001.pdf","https://fubon.irpro.co/tw/event.php",同步收看網址：:https://fubon.irpro.co/tw/event.php ,"無","查詢"
"2881","富邦金","111/11/08 至 111/11/10","09:00","台北","討論富邦金控財務業務相關訊息","288120220819M001.pdf","288120220819E001.pdf","https://fubon.irpro.co/tw/event.php","","無","查詢"
"2881","富邦金","111/11/01 至 111/11/03","09:00","電話會議","討論富邦金控財務業務相關訊息","288120220819M001.pdf","288120220819E001.pdf","https://fubon.irpro.co/tw/event.php","","無","查詢"
"2881","富邦金","111/09/07","09:00","電話會議","討論富邦金控財務業務相關訊息","288120220819M001.pdf","288120220819E001.pdf","https://fubon.irpro.co/tw/event.php","","無","查詢"
"2881","富邦金","111/09/08","09:00","電話會議","討論富邦金控財務業務相關訊息","288120220819M001.pdf","288120220819E001.pdf","https://fubon.irpro.co/tw/event.php","","無","查詢"
"2881","富邦金","111/12/09","09:00","電話會議","討論富邦金控財務業務相關訊息","288120221125M001.pdf","288120221125E001.pdf","https://fubon.irpro.co/tw/event.php","","無","查詢"
"2881","富邦金","111/09/19 至 111/09/30","09:00","電話會議","討論富邦金控財務業務相關資訊","288120220819M001.pdf","288120220819E001.pdf","https://fubon.irpro.co/tw/event.php","","無","查詢"
"2881","富邦金","111/11/16 至 111/11/18","08:00","新加坡","討論富邦金控財務業務相關訊息","288120220819M001.pdf","288120220819E001.pdf","https://fubon.irpro.co/tw/event.php","","無","查詢"
"2881","富邦金","111/12/02","09:00","電話會議","討論富邦金控財務業務相關訊息","288120221125M001.pdf","288120221125E001.pdf","https://fubon.irpro.co/tw/event.php","","無","查詢"
"2881","富邦金","111/11/25","14:00","中文場(14:00-15:30)採網路直播方式；英文場(16:30-17:30)採電話會議暨網路直播方式","說明富邦金控111年第三季營運概況","288120221125M001.pdf","288120221125E001.pdf","https://fubon.irpro.co/tw/event.php",同步收看網址：:https://fubon.irpro.co/tw/event.php 法說會影音連結資訊:http://www.zucast.com/webcast/xVcAGRRM ,"無","查詢"
"2882","國泰金","111/03/22","14:00","中文場採電話會議暨線上會議方式進行，英文場採電話會議暨網路直播方式進行。","公佈110年度第四季營運概況。中文場14:00-15:00；英文場17:00-18:00。","288220220322M001.pdf","288220220322E001.pdf","http://www.ir-cloud.com/taiwan/2882/irwebsite_c/index.php",同步收看網址：:http://www.zucast.com/webcast/81SJ3uB8 法說會影音連結資訊:http://www.zucast.com/webcast/81SJ3uB8 ,"更改中文場時間至14:00-15:00。","查詢"
"2882","國泰金","111/03/22","14:30","中文場採電話會議暨線上會議方式進行，英文場採電話會議暨網路直播方式進行。","公佈110年度第四季營運概況。中文場14:30-15:30；英文場17:00-18:00。","內容檔案於當日會後公告於公開資訊觀測站","內容檔案於當日會後公告於公開資訊觀測站","http://www.ir-cloud.com/taiwan/2882/irwebsite_c/index.php",同步收看網址：:http://www.zucast.com/webcast/81SJ3uB8 法說會影音連結資訊:http://www.zucast.com/webcast/81SJ3uB8 ,"無","查詢"
"2882","國泰金","111/02/21 至 111/02/22","11:00","採線上投資人會議形式進行。","本公司受邀參加摩根大通證券舉辦之線上投資人會議，說明110年第三季財務業務相關資訊。","288220220218M001.pdf","288220220218E001.pdf","http://www.ir-cloud.com/taiwan/2882/irwebsite_c/index.php","","無","查詢"
"2882","國泰金","111/04/13 至 111/04/19","15:50","採線上投資人會議形式進行。","本公司受邀參加臺灣證券交易所及寬量國際共同主辦之「11th Taiwan CEO Week」線上投資人會議，說明110年第四季財務業務相關資訊。","288220220401M001.pdf","288220220401E001.pdf","http://www.ir-cloud.com/taiwan/2882/irwebsite_c/index.php","","無","查詢"
"2882","國泰金","111/06/08","14:00","採線上投資人會議形式進行。","本公司受邀參加花旗證券舉辦之線上投資人會議，說明111年第一季財務業務相關資訊。","288220220607M001.pdf","288220220607E001.pdf","http://www.ir-cloud.com/taiwan/2882/irwebsite_c/index.php","","無","查詢"
"2882","國泰金","111/05/05 至 111/05/06","09:00","採線上投資人會議形式進行。","本公司受邀參加摩根大通證券舉辦之線上投資人會議，說明110年第四季財務業務相關資訊。","288220220503M001.pdf","288220220503E001.pdf","http://www.ir-cloud.com/taiwan/2882/irwebsite_c/index.php","","無","查詢"
"2882","國泰金","111/05/10","09:00","採線上投資人會議形式進行。","本公司受邀參加美銀證券舉辦之線上投資人會議，說明110年第四季財務業務相關資訊。","288220220503M001.pdf","288220220503E001.pdf","http://www.ir-cloud.com/taiwan/2882/irwebsite_c/index.php","","無","查詢"
"2882","國泰金","111/05/23","14:00","中文場採電話會議暨線上會議方式進行，英文場採電話會議暨網路直播方式進行。","公佈111年度第一季營運概況。中文場14:00-15:00；英文場17:00-18:00。","288220220524M001.pdf","288220220524E001.pdf","http://www.ir-cloud.com/taiwan/2882/irwebsite_c/index.php",同步收看網址：:http://www.zucast.com/webcast/JFan55FK 法說會影音連結資訊:http://www.zucast.com/webcast/JFan55FK ,"無","查詢"
"2882","國泰金","111/04/06","14:00","採線上投資人會議形式進行。","本公司受邀參加臺灣證券交易所及高盛證券共同舉辦之線上投資人會議，說明110年第四季財務業務相關資訊。","288220220401M001.pdf","288220220401E001.pdf","http://www.ir-cloud.com/taiwan/2882/irwebsite_c/index.php","","無","查詢"
"2882","國泰金","111/03/14 至 111/03/15","13:00","採線上投資人會議形式進行。","本公司受邀參加美銀證券舉辦之線上投資人會議，說明110年第三季財務業務相關資訊。","288220220218M001.pdf","288220220218E001.pdf","http://www.ir-cloud.com/taiwan/2882/irwebsite_c/index.php","","無","查詢"
"2882","國泰金","111/05/04","16:00","採線上投資人會議形式進行","本公司受邀參加富邦證券及Jefferies共同舉辦之線上投資人會議，說明110年第四季財務業務相關資訊。","288220220503M001.pdf","288220220503E001.pdf","http://www.ir-cloud.com/taiwan/2882/irwebsite_c/index.php","","無","查詢"
"2882","國泰金","111/03/24","14:00","採線上投資人會議形式進行。","本公司受邀參加瑞士信貸舉辦之線上投資人會議，說明110年第四季財務業務相關資訊。","288220220323M001.pdf","288220220323E001.pdf","http://www.ir-cloud.com/taiwan/2882/irwebsite_c/index.php","","無","查詢"
"2882","國泰金","111/08/29","14:00","中文場採電話會議暨線上會議方式進行，英文場採電話會議暨網路直播方式進行。","公佈111年度第二季營運概況。中文場14:00-15:00；英文場17:00-18:00。","288220220830M001.pdf","288220220830E001.pdf","http://www.ir-cloud.com/taiwan/2882/irwebsite_c/index.php",同步收看網址：:http://www.zucast.com/webcast/YTVCBL5u 法說會影音連結資訊:http://www.zucast.com/webcast/YTVCBL5u ,"無","查詢"
"2882","國泰金","111/07/13","14:30","採線上投資人會議形式進行。","本公司受邀參加元富證券舉辦之線上投資人會議，說明111年第一季財務業務相關資訊。","288220220712M001.pdf","288220220712E001.pdf","http://www.ir-cloud.com/taiwan/2882/irwebsite_c/index.php","","無","查詢"
"2882","國泰金","111/06/21","13:00","採線上投資人會議形式進行。","本公司受邀參加瑞銀證券舉辦之線上投資人會議，說明111年第一季財務業務相關資訊。","288220220620M001.pdf","288220220620E001.pdf","http://www.ir-cloud.com/taiwan/2882/irwebsite_c/index.php","","無","查詢"
"2882","國泰金","111/09/08","09:00","採線上投資人會議形式進行。","本公司受邀參加瑞銀證券舉辦之線上投資人會議，說明111年第二季財務業務相關資訊。","288220220907M001.pdf","288220220907E001.pdf","http://www.ir-cloud.com/taiwan/2882/irwebsite_c/index.php","","無","查詢"
"2882","國泰金","111/09/28 至 111/09/29","09:10","採線上投資人會議形式進行。","本公司受邀參加臺灣證券交易所及寬量國際共同主辦之「12th Taiwan CEO Week」線上投資人會議，說明111年第二季財務業務相關資訊。","288220220907M001.pdf","288220220907E001.pdf","http://www.ir-cloud.com/taiwan/2882/irwebsite_c/index.php","","無","查詢"
"2882","國泰金","111/11/01","11:00","採線上投資人會議形式進行。","本公司受邀參加花旗證券舉辦之線上投資人會議，說明111年第二季財務業務相關資訊。","288220220907M001.pdf","288220220907E001.pdf","http://www.ir-cloud.com/taiwan/2882/irwebsite_c/index.php","","無","查詢"
"2882","國泰金","111/11/21","14:00","中文場採電話會議暨線上會議方式進行，英文場採電話會議暨網路直播方式進行。","公佈111年度第三季營運概況。中文場14:00-15:00；英文場17:00-18:00。","288220221121M001.pdf","288220221121E001.pdf","http://www.ir-cloud.com/taiwan/2882/irwebsite_c/index.php",同步收看網址：:http://www.zucast.com/webcast/ZfKGxDmM 法說會影音連結資訊:http://www.zucast.com/webcast/ZfKGxDmM ,"無","查詢"
"2882","國泰金","111/12/14","10:00","採線上投資人會議形式進行","本公司受邀參加CGS-CIMB證券舉辦之線上投資人會議，說明111年第三季財務業務相關資訊。","288220221207M001.pdf","288220221207E001.pdf","http://www.ir-cloud.com/taiwan/2882/irwebsite_c/index.php","","無","查詢"
"2882","國泰金","111/12/08","11:00","採線上投資人會議形式進行","本公司受邀參加摩根大通證券舉辦之線上投資人會議，說明111年第三季財務業務相關資訊。","288220221207M001.pdf","288220221207E001.pdf","http://www.ir-cloud.com/taiwan/2882/irwebsite_c/index.php","","無","查詢"
"2883","凱基金","111/06/20 至 111/06/21","09:00","採線上法人說明會","本公司受邀參加UBS主辦之線上法說會，說明本公司之營運概況、財務及業務相關資訊","288320220601M001.pdf","288320220601E001.pdf","","","無","查詢"
"2883","凱基金","111/06/01","14:30","中文場及英文場同時召開，採線上法人說明會","公布111年第1季營運概況","288320220601M001.pdf","288320220601E001.pdf","https://cdf.irpro.co/tw/investor-conference.php",同步收看網址：:https://cdf.irpro.co/tw/investor-conference.php 法說會影音連結資訊:https://cdf.irpro.co/tw/investor-conference.php ,"無","查詢"
"2883","凱基金","111/05/12","09:00","採線上法人說明會","本公司受邀參加寬量國際主辦之線上法說會，說明本公司之營運概況、財務及業務相關資訊","288320220316M001.pdf","288320220316E001.pdf","","","無","查詢"
"2883","凱基金","111/05/05 至 111/05/06","09:00","採線上法人說明會","本公司受邀參加J.P.Morgan主辦之線上法說會「Asia Insurance 1x1 Forum」，說明本公司之營運概況、財務及業務相關資訊","288320220316M001.pdf","288320220316E001.pdf","","","無","查詢"
"2883","凱基金","111/03/16","14:30","中文場及英文場同時召開，採線上法人說明會","公布110年第4季營運概況，14:30起","288320220316M001.pdf","288320220316E001.pdf","https://cdf.irpro.co/tw/investor-conference.php",同步收看網址：:https://cdf.irpro.co/tw/investor-conference.php 法說會影音連結資訊:https://cdf.irpro.co/tw/investor-conference.php ,"無","查詢"
"2883","凱基金","111/08/26","14:30","中文場及英文場同時召開，採線上法人說明會","公布111年第2季營運概況","288320220826M001.pdf","288320220826E001.pdf","https://cdf.irpro.co/tw/investor-conference.php",同步收看網址：:https://cdf.irpro.co/tw/investor-conference.php 法說會影音連結資訊:https://cdf.irpro.co/tw/investor-conference.php ,"無","查詢"
"2883","凱基金","111/03/21","14:00","採線上法人說明會","本公司受邀參加J.P.Morgan主辦之線上法說會「CEO Call Series」，說明本公司之營運概況、財務及業務相關資訊。","288320220316M001.pdf","288320220316E001.pdf","","","無","查詢"
"2883","凱基金","111/11/23","14:30","中文場及英文場同時召開，採線上法人說明會","公布111年第3季營運概況","288320221123M001.pdf","288320221123E001.pdf","https://cdf.irpro.co/tw/investor-conference.php",法說會影音連結資訊:https://cdf.irpro.co/tw/investor-conference.php ,"無","查詢"
"2883","凱基金","111/09/08","14:30","台北市復興南路一段209號一樓","本公司受邀參加元富證券主辦之台股企業日活動，說明本公司之營運概況、財務及業務相關資訊","288320220826M001.pdf","288320220826E001.pdf","","","無","查詢"
"2883","凱基金","111/09/19 至 111/10/07","09:00","採線上法人說明會","本公司受邀參加寬量國際主辦之線上法說會，說明本公司之營運概況、財務及業務相關資訊","288320220826M001.pdf","288320220826E001.pdf","","","無","查詢"
"2884","玉山金","111/02/22","10:00","線上","2021年第4季財業務資訊","288420220221M001.pdf","288420220221E001.pdf","https://www.esunfhc.com/zh-tw/investor-relations/ir-events/investor-conference","","無","查詢"
"2884","玉山金","111/02/15","15:00","線上","2021年第4季財業務資訊","288420220215M001.pdf","288420220215E001.pdf","https://www.esunfhc.com/zh-tw/investor-relations/ir-events/investor-conference",法說會影音連結資訊:https://webpro.twse.com.tw/webportal/vod/101/9373B2465E97-3E6F13E9-8E44-11EC-B513/?categoryId=101 ,"無","查詢"
"2884","玉山金","111/06/08 至 111/06/10","14:00","線上","2022年第1季財業務資訊","288420220526M001.pdf","288420220526E001.pdf","https://www.esunfhc.com/zh-tw/investor-relations/ir-events/investor-conference","","無","查詢"
"2884","玉山金","111/03/16","09:00","線上","2021年第4季財業務資訊","288420220314M001.pdf","288420220314E001.pdf","https://www.esunfhc.com/zh-tw/investor-relations/ir-events/investor-conference","","無","查詢"
"2884","玉山金","111/05/11","14:00","線上","2021年第4季財業務資訊","288420220511M001.pdf","288420220511E001.pdf","https://www.esunfhc.com/zh-tw/investor-relations/ir-events/investor-conference","","無","查詢"
"2884","玉山金","111/05/25","14:00","線上","2022年第1季財業務資訊","288420220525M001.pdf","288420220525E001.pdf","https://www.esunfhc.com/zh-tw/investor-relations/ir-events/investor-conference",法說會影音連結資訊:https://webpro.twse.com.tw/webportal/vod/101/2533B30712DE-43346F3A-DC10-11EC-9C1B/?categoryId=101 ,"無","查詢"
"2884","玉山金","111/08/15","15:00","線上","2022年第2季財業務資訊","288420220815M001.pdf","288420220815E001.pdf","https://www.esunfhc.com/zh-tw/investor-relations/ir-events/investor-conference",法說會影音連結資訊:https://webpro.twse.com.tw/WebPortal/vod/101/8F6BED957F0D-E908209D-1C87-11ED-90F2/?categoryId=101 ,"無","查詢"
"2884","玉山金","111/06/21","16:00","線上","2022年第1季財業務資訊","288420220616M001.pdf","288420220616E001.pdf","https://www.esunfhc.com/zh-tw/investor-relations/ir-events/investor-conference","","無","查詢"
"2884","玉山金","111/09/08","09:00","線上","2022年第2季財業務資訊","288420220907M001.pdf","288420220907E001.pdf","https://www.esunfhc.com/zh-tw/investor-relations/ir-events/investor-conference","","無","查詢"
"2884","玉山金","111/11/11","14:00","線上","2022年第3季財業務資訊","288420221111M001.pdf","288420221111E001.pdf","https://www.esunfhc.com/zh-tw/investor-relations/ir-events/investor-conference",法說會影音連結資訊:https://webpro.twse.com.tw/WebPortal/vod/101/3F0811263645-1E0917AC-619F-11ED-A411/?categoryId=101 ,"無","查詢"
"2884","玉山金","111/11/16 至 111/11/17","09:00","新加坡","2022年第3季財業務資訊","288420221115M001.pdf","288420221115E001.pdf","https://www.esunfhc.com/zh-tw/investor-relations/ir-events/investor-conference","","無","查詢"
"2884","玉山金","111/09/19 至 111/09/23","09:00","法國、英國","2022年第2季財業務資訊","288420220916M001.pdf","288420220916E001.pdf","https://www.esunfhc.com/zh-tw/investor-relations/ir-events/investor-conference","","無","查詢"
"2885","元大金","111/06/09","09:00","台北","本公司擬於民國111年06月09日受邀參與花旗環球證券之線上投資人會議 – 2022 Citi Pan-Asia Regional Investor Conference。","288520220607M001.pdf","288520220607E001.pdf","https://www.yuanta.com/TW/IR/Financials/Presentations-and-Events","","無","查詢"
"2885","元大金","111/04/26","14:00","台北","本公司擬於民國111年04月26日受邀參加富邦證券舉行之
線上投資人會議。","288520220315M001.pdf","288520220315E001.pdf","https://www.yuanta.com/TW/IR/Financials/Presentations-and-Events","","無","查詢"
"2885","元大金","111/03/17","09:00","台北","本公司擬於民國111年03月17日受邀參與美銀證券舉行之線上投資人會議 – 2022 APAC TMT Virtual Conference。","288520220315M001.pdf","288520220315E001.pdf","https://www.yuanta.com/TW/IR/Financials/Presentations-and-Events","","無","查詢"
"2885","元大金","111/12/16","14:00","台北","本公司擬於民國111年12月16日(五)受邀參加第一金證券舉行之線上投資人會議。","288520221214M001.pdf","288520221214E001.pdf","https://www.yuanta.com/TW/IR/Financials/Presentations-and-Events","","無","查詢"
"2886","兆豐金","111/06/20 至 111/06/21","09:00","線上","揭露本公司2022年第1季營運概況","288620220615M001.pdf","288620220615E001.pdf","http://www.megaholdings.com.tw","","本公司受邀參與瑞銀證券舉辦之線上外資法人投資說明會","查詢"
"2886","兆豐金","111/09/01","14:30","線上法說會","揭露本公司2022年第2季營運概況","288620220901M001.pdf","288620220901E001.pdf","http://www.megaholdings.com.tw",同步收看網址：:http://www.zucast.com/webcast/aVVXaD6z 法說會影音連結資訊:http://www.zucast.com/webcast/aVVXaD6z ,"無","查詢"
"2886","兆豐金","111/04/14","14:30","線上","揭露本公司2021年第4季營運概況","288620220414M001.pdf","288620220414E001.pdf","http://www.megaholdings.com.tw",同步收看網址：:http://www.zucast.com/webcast/INyPYRR2 法說會影音連結資訊:http://www.zucast.com/webcast/INyPYRR2 ,"無","查詢"
"2886","兆豐金","111/03/23 至 111/03/25","09:30","線上","揭露本公司2021年第3季營運概況","288620211206M001.pdf","288620211206E001.pdf","http://www.megaholdings.com.tw","","本公司受邀參與美銀美林證券舉辦之線上外資法人投資說明會","查詢"
"2886","兆豐金","111/05/10 至 111/05/13","09:30","線上","揭露本公司2021年第4季營運概況","288620220414M001.pdf","288620220414E001.pdf","http://www.megaholdings.com.tw","","本公司受邀參與美銀證券舉辦之線上外資法人投資說明會","查詢"
"2886","兆豐金","111/11/01 至 111/11/03","09:00","線上","揭露本公司2022年第2季營運概況","288620220901M001.pdf","288620220901E001.pdf","http://www.megaholdings.com.tw","","本公司受邀參與花旗證券舉辦之線上外資法人投資說明會","查詢"
"2886","兆豐金","111/11/30 至 111/12/02","09:00","台北W Hotel及線上","揭露本公司2022年第3季營運概況","288620221129M001.pdf","288620221129E001.pdf","http://www.megaholdings.com.tw","","本公司受邀參與花旗證券舉辦之外資法人投資說明會","查詢"
"2886","兆豐金","111/11/08 至 111/11/10","09:00","台北遠企飯店","揭露本公司2022年第2季營運概況","288620220901M001.pdf","288620220901E001.pdf","http://www.megaholdings.com.tw","","本公司受邀參與高盛證券舉辦之外資法人投資說明會","查詢"
"2887","台新新光金","111/04/06 至 111/04/08","09:00","台北(線上)","台新金控將於111/04/06-04/08參加證券交易所與高盛證券共同舉辦之「TWSE/GS Virtual Taiwan Corporate Day 2022」會晤投資人","288720220419M001.pdf","288720220419E001.pdf","https://www.taishinholdings.com.tw/tsh/","","本次簡報內容將以台新金控110年營運概況內容為主","查詢"
"2887","台新新光金","111/05/04","14:30","線上法說會","公告本公司將於111年05月04日召開111年第一季線上法人說明會。網路直播網址: http://www.zucast.com/webcast/AA4jnooJ","288720220504M001.pdf","288720220504E001.pdf","https://www.taishinholdings.com.tw/tsh/",同步收看網址：:http://www.zucast.com/webcast/AA4jnooJ 法說會影音連結資訊:http://www.zucast.com/webcast/AA4jnooJ ,"因考量新型冠狀病毒(COVID-19)疫情，111年第一季法說會以網路直播進行。","查詢"
"2887","台新新光金","111/08/23","14:00","線上法說會","公告本公司將於111年08月23日召開111年第二季線上法人說明會。網路直播網址: http://www.zucast.com/webcast/cBLLHsaq","288720220823M001.pdf","288720220823E001.pdf","https://www.taishinholdings.com.tw/tsh/",同步收看網址：:http://www.zucast.com/webcast/cBLLHsaq 法說會影音連結資訊:http://www.zucast.com/webcast/cBLLHsaq ,"因考量新型冠狀病毒(COVID-19)疫情，111年第二季法說會以網路直播進行。","查詢"
"2887","台新新光金","111/11/02","14:00","線上法說會","公告本公司將於111年11月02日召開111年第三季線上法人說明會。網路直播網址: http://www.zucast.com/webcast/VvVVzVVM","288720221102M001.pdf","288720221102E001.pdf","https://www.taishinholdings.com.tw/tsh/",同步收看網址：:http://www.zucast.com/webcast/VvVVzVVM 法說會影音連結資訊:http://www.zucast.com/webcast/VvVVzVVM ,"111年第三季法說會將以網路直播進行","查詢"
"2887","台新新光金","111/11/21 至 111/11/25","11:30","日本及新加坡","台新金控受Citi邀請，將於111年11月21日至11月25日赴日本及新加坡會晤當地投資機構，說明111年第三季營運概況。","288720221102M001.pdf","288720221102E001.pdf","https://www.taishinholdings.com.tw/tsh/","","本次簡報資料將以111年第三季法說會內容為主。","查詢"
"2887","台新新光金","111/11/07 至 111/11/09","16:30","英國","台新金控將於111年11月7日至11月9日赴英國會晤當地投資機構，說明111年第三季營運概況。","288720221102M001.pdf","288720221102E001.pdf","https://www.taishinholdings.com.tw/tsh/","","本次簡報資料將以111年第三季法說會內容為主。","查詢"
"2889","國票金","111/06/21","16:30","本次法人說明會為線上法說會","本公司受邀國票證券舉辦之法人說明會，說明公司營運概況。","288920220621M001.pdf","288920220621E001.pdf","http：//www.ibf.com.tw/resite-8.asp","","無","查詢"
"2889","國票金","111/12/30","14:30","本次法人說明會為線上法說會。","本公司受邀國票證券舉辦之法人說明會，說明公司營運狀況。","288920221230M001.pdf","288920221230E001.pdf","https://www.ibf.com.tw/resite-8.asp","","無。","查詢"
"2890","永豐金","111/06/07","15:00","線上會議","說明111年第一季營運概況","289020220607M001.pdf","289020220607E001.pdf","http://www.sinopac.com/irCalendar/list.html",同步收看網址：:https://sinopac.webex.com/sinopac/onstage/g.php?MTID=e92ba1f19068a91c9a5a20743e8bd3c96 法說會影音連結資訊:http://www.sinopac.com/upload/sinopac/media/2022Q1_AnalystMeetings_vdo.zip ,"無","查詢"
"2890","永豐金","111/07/20","14:30","採線上投資人會議形式進行","本公司受邀參加富邦證券舉辦之線上投資人會議，說明財務業務相關資訊","289020220718M001.pdf","289020220718E001.pdf","http://www.sinopac.com/irCalendar/list.html","","無","查詢"
"2890","永豐金","111/03/03","15:00","採電話暨線上會議方式進行","說明110年第四季營運概況","289020220303M001.pdf","289020220303E001.pdf","http://www.sinopac.com/irCalendar/list.html",同步收看網址：:http://www.zucast.com/webcast/e4IK5GKh 法說會影音連結資訊:http://www.sinopac.com/upload/sinopac/media/2021Q4_AnalystMeetings_vdo.zip ,"無","查詢"
"2890","永豐金","111/02/18","14:30","採線上投資人會議形式進行","本公司受邀參加富邦證券舉辦之線上投資人會議，說明財務業務相關資訊","289020220211M001.pdf","289020220211E001.pdf","http://www.sinopac.com/irCalendar/list.html","","無","查詢"
"2890","永豐金","111/08/17","14:00","康和證券總公司(台北市信義區基隆路一段176號B2會議室)","本公司受邀參加康和證券舉辦之投資人會議，說明財務業務相關資訊","289020220812M001.pdf","289020220812E001.pdf","http://www.sinopac.com/irCalendar/list.html","","無","查詢"
"2890","永豐金","111/12/08","14:30","線上","說明111年第三季營運概況","289020221208M001.pdf","289020221208E001.pdf","http://www.sinopac.com/irCalendar/list.html",同步收看網址：:https://sinopac.webex.com/sinopac/onstage/g.php?MTID=e994733778cc2cf400b4b60336e4c27b3 法說會影音連結資訊:http://www.sinopac.com/upload/sinopac/media/2022Q3_AnalystMeetings_vdo.zip ,"無","查詢"
"2890","永豐金","111/08/31","14:30","線上","說明111年第二季營運概況","289020220831M001.pdf","289020220831E001.pdf","http://www.sinopac.com/irCalendar/list.html",同步收看網址：:https://sinopac.webex.com/sinopac/onstage/g.php?MTID=efcc10f87c065dbd3a5451eba2e5afdea 法說會影音連結資訊:http://www.sinopac.com/upload/sinopac/media/2022Q2_AnalystMeetings_vdo.zip ,"無","查詢"
"2890","永豐金","111/09/27","13:30","採線上投資人會議形式進行","本公司受邀參加由臺灣證券交易所及寬量國際共同主辦之12th Taiwan CEO Week線上法說會，說明本公司之營運概況、財務及業務相關資訊。","289020220920M001.pdf","289020220920E001.pdf","http://www.sinopac.com/irCalendar/list.html","","無","查詢"
"2891","中信金","111/03/31","14:00","中文線上法說(14:00-15:00)；英文電話法說(17:00-18:00)","公布110年度第四季營運概況","289120220331M001.pdf","289120220331E001.pdf","https://ir.ctbcholding.com/c/events.php",法說會影音連結資訊:https://ir.ctbcholding.com/c/events.php 英文網址:http://ir.ctbcholding.com/html/events.php ,"無","查詢"
"2891","中信金","111/03/22","10:00","線上","本公司將於111年03月22日參加Credit Suisse舉辦之投資人說明會(25th Credit Suisse Asian Investment Conference)","289120211123M001.pdf","289120211123E001.pdf","http://ir.ctbcholding.com/c/events.php","","無","查詢"
"2891","中信金","111/06/08","10:00","線上","本公司將於111年06月08日參加Citi舉辦之投資人說明會(Pan-Asia Regional Investor Conference 2022)","289120220518M001.pdf","289120220518E001.pdf","http://ir.ctbcholding.com/c/events.php","","無","查詢"
"2891","中信金","111/06/20","10:00","線上","本公司將於111年06月20日參加UBS舉辦之投資人說明會(Taiwan Virtual Conference 2022)","289120220518M001.pdf","289120220518E001.pdf","http://ir.ctbcholding.com/c/events.php","","無","查詢"
"2891","中信金","111/05/11","10:00","線上","本公司將於111年05月11日參加Bank of America舉辦之投資人說明會(2022 APAC Financial, Real Estate Equity and Credit Conference)","289120220331M001.pdf","289120220331E001.pdf","http://ir.ctbcholding.com/c/events.php","","無","查詢"
"2891","中信金","111/05/18","14:00","中文線上法說(14:00-15:00)；英文電話法說(17:00-18:00)","公布111年度第一季營運概況","289120220518M001.pdf","289120220518E001.pdf","https://ir.ctbcholding.com/c/events.php",法說會影音連結資訊:https://ir.ctbcholding.com/c/events.php 英文網址:http://ir.ctbcholding.com/html/events.php ,"無","查詢"
"2891","中信金","111/03/14 至 111/03/15","10:00","線上","本公司將於111年03月14日至15日參加Bank of America舉辦之投資人說明會(2022 APAC TMT Conference)","289120211123M001.pdf","289120211123E001.pdf","http://ir.ctbcholding.com/c/events.php","","無","查詢"
"2891","中信金","111/08/23","14:00","中文線上法說(14:00-15:00)；英文電話法說(17:00-18:00)","公布111年度第二季營運概況","289120220823M001.pdf","289120220823E001.pdf","https://ir.ctbcholding.com/c/events.php",法說會影音連結資訊:https://ir.ctbcholding.com/c/events.php 英文網址:http://ir.ctbcholding.com/html/events.php ,"無","查詢"
"2891","中信金","111/11/18","14:00","中文線上法說(14:00-15:00)；英文電話法說(17:00-18:00)","公布111年度第三季營運概況","289120221118M002.pdf","289120221118E002.pdf","https://ir.ctbcholding.com/c/events.php",法說會影音連結資訊:https://ir.ctbcholding.com/c/events.php 英文網址:http://ir.ctbcholding.com/html/events.php ,"無","查詢"
"2891","中信金","111/11/01 至 111/11/02","10:00","線上","本公司將於111年11月01日至02日參加Citi舉辦之投資人說明會(Citi China Investor Conference 2022)","289120220823M001.pdf","289120220823E001.pdf","http://ir.ctbcholding.com/c/events.php","","無","查詢"
"2891","中信金","111/11/08","09:00","台北","本公司將於111年11月08日參加Goldman Sachs舉辦之投資人說明會(Goldman Sachs Taiwan Corporate Day)","289120220823M001.pdf","289120220823E001.pdf","http://ir.ctbcholding.com/c/events.php","","無","查詢"
"2891","中信金","111/09/08","09:00","線上","本公司將於111年09月08日參加UBS舉辦之投資人說明會(UBS APAC Financials &amp; Fintech Virtual Conference 2022)","289120220823M001.pdf","289120220823E001.pdf","http://ir.ctbcholding.com/c/events.php","","無","查詢"
"2891","中信金","111/11/30 至 111/12/02","09:00","實體+線上","本公司將於111年11月30日至12月02日參加Citi舉辦之投資人說明會(Citi Taiwan Corporate Day)","289120221118M002.pdf","289120221118E002.pdf","http://ir.ctbcholding.com/c/events.php","","無","查詢"
"2892","第一金","111/08/31","16:30","網路","第一金召開第二季法人說明會","289220220831M001.pdf","289220220831E001.pdf","https://ir.firstholding.com.tw/c/index.php",同步收看網址：:https://ir.firstholding.com.tw/c/event_info.php 法說會影音連結資訊:http://www.zucast.com/webcast/ZltlTDzt ,"無","查詢"
"2892","第一金","111/05/31","16:30","網路","第一金召開第一季法人說明會","289220220531M001.pdf","289220220531E001.pdf","https://ir.firstholding.com.tw/c/index.php",同步收看網址：:https://ir.firstholding.com.tw/c/index.php 法說會影音連結資訊:http://www.zucast.com/webcast/KtR6KcuS ,"無","查詢"
"2892","第一金","111/03/02","16:30","網路","召開第一金2021年第四季法人說明會","289220220302M001.pdf","289220220302E001.pdf","https://ir.firstholding.com.tw/c/index.php",同步收看網址：:https://ir.firstholding.com.tw/c/index.php 法說會影音連結資訊:http://www.zucast.com/webcast/L13iyOFZ ,"無","查詢"
"2892","第一金","111/03/23","09:00","線上座談會","本公司受邀參加美國銀行(美林證券)舉辦之「2022 APAC TMT Conference」","289220220321M001.pdf","289220220321E001.pdf","https://ir.firstholding.com.tw/c/index.php","","無","查詢"
"2892","第一金","111/12/14","15:45","台北","受邀參加元富證券「12月台股企業日」","289220221213M001.pdf","289220221213E001.pdf","https://ir.firstholding.com.tw/c/index.php","","無","查詢"
"2892","第一金","111/11/30","16:30","網路","召開第一金控2022年第三季網路法人說明會","289220221130M001.pdf","289220221130E001.pdf","https://ir.firstholding.com.tw/c/index.php",同步收看網址：:http://www.zucast.com/webcast/kDkxD1xR 法說會影音連結資訊:https://www.zucast.com/webcast/kDkxD1xR?r=17zTebwi ,"無","查詢"
"2897","王道銀行","111/03/09","14:30","線上法說會。","公佈本公司2021全年度營運概況。","289720220309M001.pdf","289720220309E001.pdf","https://www.o-bank.com/about/investor/IR-Events/Investor-Conferences",同步收看網址：:http://www.zucast.com/webcast/IHUoPo5O 法說會影音連結資訊:http://www.zucast.com/webcast/IHUoPo5O ,"線上法說會語音直播網址：http://www.zucast.com/webcast/IHUoPo5O","查詢"
"2897","王道銀行","111/04/11","10:20","線上法說會","本行受邀參加臺灣證券交易所及寬量國際共同主辦之線上法說會「11th Taiwan CEO Week」","289720220408M001.pdf","289720220408E001.pdf","https://www.o-bank.com/about/investor/IR-Events/Investor-Conferences","","無","查詢"
"2897","王道銀行","111/12/07","14:30","線上法說會","公佈本公司2022年第三季營運概況。","289720221230M001.pdf","289720221230E001.pdf","https://www.o-bank.com/about/investor/ir-events/investor-conferences",同步收看網址：:http://www.zucast.com/webcast/CsubGfHb 法說會影音連結資訊:http://www.zucast.com/webcast/CsubGfHb ,"線上法說會語音直播網址：http://www.zucast.com/webcast/CsubGfHb","查詢"
"2897","王道銀行","111/09/29 至 111/09/30","10:20","線上法說會","本行受邀參加臺灣證券交易所及寬量國際共同主辦之線上法說會「12th Taiwan CEO Week」","289720220928M001.pdf","289720220928E001.pdf","https://www.o-bank.com/about/investor/IR-Events/Investor-Conferences","","無","查詢"
"2901","欣欣","111/11/16","14:00","台灣證券交易所101大樓一樓資訊展示中心(台北市信義路5段7號)","公司簡介及營運概況","290120221110M001.ppt","290120221110E001.ppt","",同步收看網址：:https://webpro.twse.com.tw/WebPortal/vod/101/2182451A5070-786ED46D-657D-11ED-8D56/?categoryId=101 法說會影音連結資訊:https://webpro.twse.com.tw/WebPortal/vod/101/2182451A5070-786ED46D-657D-11ED-8D56/?categoryId=101 ,"無","查詢"
"2903","遠百","111/12/23","14:00","新北市板橋區新站路16號14樓","本公司受邀參加111年12月23日亞東證券主辦之法人座談會，
說明本公司111年 Q3營運與財務概況。","290320221222M001.pdf","290320221222E001.pdf","https://www.feds.com.tw/shareholder/shareholder_tw.html","","無","查詢"
"2904","匯僑","111/11/22","14:30","線上法說會","本公司受邀參加元富證券法人說明會，說明本公司營運及財務相關概況。","290420221122M001.pptx","290420221122E001.pptx","https://www.pocs.com.tw/msg/message-%E6%B3%95%E4%BA%BA%E8%AA%AA%E6%98%8E-13.html","","無","查詢"
"2905","三商","111/09/16","14:00","線上法人說明會","說明本公司財務及業務相關資訊","290520220916M001.pptx","290520220916E001.pptx","http://www.mercuries.com.tw","","無","查詢"
"2906","高林","111/12/21","14:00","線上法說會","公司業務及營運概況說明","290620221221M001.pdf","290620221221E001.pdf","http://www.collins.com.tw",同步收看網址：:https://youtu.be/zQfIwBEYf9o ,"無","查詢"
"2908","特力","111/09/21","14:00","線上法說會","本公司受邀參加元大證券舉辦之產業座談會，報告本公司營運狀況。","290820220921M001.pdf","290820220921E001.pdf","http://www.testritegroup.com","","無","查詢"
"2910","統領","111/11/21","14:30","福邦證券總公司(台北市忠孝西路一段6號7樓)","受邀參加福邦證券所舉辦之法人說明會","291020221121M001.pdf","291020221121E001.pdf","https://www.tonlin.com.tw","","會議資料將於法說會後揭露於公開資訊觀測站及本公司網站。","查詢"
"2911","麗嬰房","111/12/27","14:00","線上會議","本公司受邀參加永豐金證券所舉辦之線上法人說明會，說明本公司營運概況。","291120221223M001.pdf","291120221223E001.pdf","","","無","查詢"
"2912","統一超","111/03/23","11:00","線上法人說明會","110年度營運財務狀況報告及未來營運展望說明","291220220322M001.pdf","291220220322E001.pdf","http://www.7-11.com.tw/company/ir/conference.html","","相關訊息請參考公開資訊觀測站公司治理專區法說會簡報資料或本公司網站","查詢"
"2912","統一超","111/06/20","11:00","線上法人說明會","111年度第一季度營運財務狀況報告及未來營運展望說明","291220220617M001.pdf","291220220617E001.pdf","http://www.7-11.com.tw/company/ir/conference.html","","相關訊息請參考公開資訊觀測站公司治理專區法說會簡報資料或本公司網站","查詢"
"2912","統一超","111/08/22","09:00","線上法人說明會","111年度上半年度營運財務狀況報告及未來營運展望說明","291220220821M001.pdf","291220220821E001.pdf","http://www.7-11.com.tw/company/ir/conference.html","","相關訊息請參考公開資訊觀測站公司治理專區法說會簡報資料或本公司網站","查詢"
"2912","統一超","111/12/02","10:00","線上法人說明會","111年度第三季度營運財務狀況報告及未來營運展望說明","291220221201M001.pdf","291220221201E001.pdf","https://www.7-11.com.tw/company/ir/event.html","","相關訊息請參考公開資訊觀測站公司治理專區法說會簡報資料或本公司網站","查詢"
"2913","農林","111/04/20","08:00","線上法說會(台灣)","本公司受邀參加由寬量國際舉辦之線上法人說明會，說明本公司之營運概況、財務及業務相關資訊。","291320220419M001.pdf","291320220419E001.pdf","http://www.ttch.com.tw","","法人說明會開會前會將相關簡報資料輸入公開資訊觀測站。","查詢"
"2915","潤泰全","111/12/27","14:30","台北市信義區信義路五段7號1樓","說明本公司營運概況及未來展望","291520221227M001.pdf","291520221227E001.pdf","http://www.ruentex.com.tw/financial/Financial_cn.htm",同步收看網址：:https://webpro.twse.com.tw/webportal/vod/101/ 法說會影音連結資訊:https://webpro.twse.com.tw/WebPortal/vod/101/C19816874A91-69661DB2-85B8-11ED-BAC1/?categoryId=101 ,"無","查詢"
"2923","鼎固-KY","111/11/07","14:30","線上法說會","本公司受邀參加凱基證券舉辦之線上法人說明會，說明本公司營運概況。","292320221107M001.pdf","292320221107E001.pdf","http://www.sinohorizon.cn/index.php/Home/Investor/index.html","","無","查詢"
"2929","淘帝-KY","111/05/17","16:30","線上法人說明會","證交所舉辦之111年第二季線上財務業務&#35500;明會，公司簡介與營運狀況&#35500;明","292920220517M002.pdf","292920220517E002.pdf","www.topbi.com.tw",法說會影音連結資訊:https://webpro.twse.com.tw/webportal/vod/101/?categoryId=101 ,"無","查詢"
"2939","永邑-KY","111/12/19","03:30","臺灣證券交易所1樓資訊展示中心(台北市信義區信義路5段7號101大樓)","本公司受邀參加台灣證券交易所舉辦之第一上市公司財務業務說明會","293920221219M001.pdf","293920221219E001.pdf","http://www.kayeetv.com","","無","查詢"
"2945","三商家購","111/11/22","14:30","統一證券集團大樓3F會議室(台北市松山區東興路8號3F)","本公司受邀參加統一證券舉辦之法人說明會，將於會中說明公司營運近況及未來展望。","294520221230M002.pdf","294520221230E002.pdf","https://www.simplemartretail.com/","","內容檔案於當日會後公告於公開資訊觀測站。","查詢"
"2945","三商家購","111/11/15","14:30","線上法說會","本公司受邀參加凱基證券舉辦之線上法人說明會，將於會中說明公司營運近況及未來展望。","294520221230M001.pdf","294520221230E001.pdf","https://www.simplemartretail.com/","","內容檔案於當日會後公告於公開資訊觀測站。","查詢"
"3002","歐格","111/12/01","16:00","臺灣證券交易所1樓資訊展示中心(台北市信義區信義路5段7號1樓)","公司簡介與營運、財務報告","300220221201M001.pdf","300220221201E001.pdf","https://www.ahoku.com.tw/zh-TW/page/Important-Information-Announcement.html",法說會影音連結資訊:https://webpro.twse.com.tw/webportal/vod/101/2182451A5070-DACEE628-7153-11ED-8D56/?categoryId=101 ,"無","查詢"
"3003","健和興","111/03/24","14:30","線上法人說明會","本公司受邀參加由凱基證券舉辦之線上法人說明會","300320220323M001.pdf","300320220323E001.pdf","https://ksterminals.com.tw/tw_investor4.asp","","無","查詢"
"3004","豐達科","111/11/18","14:30","台北市南港區南港路一段209號B棟國際會議廳","本公司受凱基證券邀請，參加其舉辦之國內法人說明會，針對本公司市場趨勢及營運概況等相關資訊做說明。","300420221118M001.pdf","300420221118E001.pdf","https://www.nafco.com.tw/","","無。","查詢"
"3005","神基","111/08/17","14:30","台北市南港區南港路一段209號B棟國際會議廳","本公司受元大證券邀請，參加其舉辦之國內法人說明會，於會中就已公開發佈之財務數字、經營績效等相關資訊做說明。","300520220816M001.pdf","300520220816E001.pdf","https://tw.getacgroup.com/investors/calendar.php","","無。","查詢"
"3005","神基","111/03/02","14:30","台北市南港區南港路一段209號B棟國際會議廳","本公司受凱基證券邀請，參加其舉辦之國內法人說明會，於會中就已公開發佈之財務數字、經營績效等相關資訊做說明。","300520220301M001.pdf","300520220301E001.pdf","https://tw.getacgroup.com/investors/calendar.php","","無。","查詢"
"3005","神基","111/05/19","10:00","線上法說會","本公司受花旗證券邀請，參加其舉辦之線上Regional Tech Investor Conference 2022，於會中就已公開發佈之財務數字、經營績效等相關資訊做說明。","300520220516M001.pdf","300520220516E001.pdf","https://tw.getacgroup.com/investors/calendar.php","","無。","查詢"
"3005","神基","111/08/30 至 111/08/31","09:00","線上法人說明會","本公司受花旗證券邀請，參加其舉辦之線上Asia TMT Day 2022，於會中就已公開發佈之財務數字、經營績效等相關資訊做說明。","300520220816M001.pdf","300520220816E001.pdf","https://tw.getacgroup.com/investors/calendar.php","","無。","查詢"
"3005","神基","111/12/01","14:00","台北市君悅酒店(台北市信義區松壽路2號)","本公司受富邦證券邀請，參加其舉辦之國內2022年度富邦投資論壇，於會中就已公開發佈之財務數字、經營績效等相關資訊做說明。","300520221130M001.pdf","300520221130E001.pdf","https://tw.getacgroup.com/investors/calendar.php","","無。","查詢"
"3006","晶豪科","111/04/29","14:00","webex線上視訊會議","公司營運近況暨未來展望","300620220429M001.pdf","300620220429E001.pdf","http://www.esmt.com.tw","","無","查詢"
"3006","晶豪科","111/11/24","14:00","webex線上視訊會議","公司營運近況暨未來展望","300620221124M001.pdf","300620221124E001.pdf","http://www.esmt.com.tw","","無","查詢"
"3008","大立光","111/01/13","14:30","線上法說會","110年第四季營運報告及說明111年第一季營運展望","300820220113M001.pdf","300820220113E001.pdf","http://www.largan.com.tw/html/about/invest.php",法說會影音連結資訊:http://www.largan.com.tw/html/about/invest.php ,"無","查詢"
"3008","大立光","111/04/14","14:30","線上法說會","111年第一季營運報告及說明111年第二季營運展望","300820220414M001.pdf","300820220414E001.pdf","http://www.largan.com.tw/html/about/invest.php",法說會影音連結資訊:http://www.largan.com.tw/html/about/invest.php ,"無","查詢"
"3008","大立光","111/07/14","14:30","線上法說會","111年第二季營運報告及說明111年第三季營運展望","300820220714M001.pdf","300820220714E001.pdf","http://www.largan.com.tw/html/about/invest.php",法說會影音連結資訊:http://www.largan.com.tw/html/about/invest.php ,"無","查詢"
"3008","大立光","111/10/13","14:30","線上法說會","111年第三季營運報告及說明111年第四季營運展望","300820221013M001.pdf","300820221013E001.pdf","http://www.largan.com.tw/html/about/invest.php",法說會影音連結資訊:http://www.largan.com.tw/html/about/invest.php ,"無","查詢"
"3010","華立","111/07/14","14:30","Webex線上會議","本公司受邀參加元富證券舉辦之「7月台股企業日」線上法人說明會，就公司已公開之財務業務資訊做說明。","301020220714M001.pdf","301020220714E001.pdf","https://www.wahlee.com","","無","查詢"
"3010","華立","111/04/14","14:00","台北市信義區信義路5段7號(101大樓)","本公司應台灣證券交易所之邀請，參加其舉辦之「半導體相關暨新上市」主題式業績發表會，就公司已公開之財務業務資訊做說明。","301020220414M001.pdf","301020220414E001.pdf","https://www.wahlee.com","","無","查詢"
"3010","華立","111/02/15","15:30","線上法說會","本公司應兆豐證券之邀請，參加其舉辦之線上
投資法人專題座談會，就公司已公開之財務
業務資訊做說明。","301020220215M001.pdf","301020220215E001.pdf","https://www.wahlee.com","","無","查詢"
"3010","華立","111/06/22 至 111/06/27","16:00","英國倫敦及愛丁堡各機構投資人辦公室","本公司應CorpXAsia之邀請，參與其於英國舉辦之法人說明會，就公司已公開之財務業務資訊做說明。","301020220622M001.pdf","301020220622E001.pdf","https://www.wahlee.com","","無","查詢"
"3010","華立","111/11/15","14:00","Webex線上會議","本公司受邀參加凱基證券舉辦之線上法人說明會，就公司已公開之財務業務資訊做說明。","301020221115M001.pdf","301020221115E001.pdf","https://www.wahlee.com/ZH","","無","查詢"
"3011","今皓","111/12/23","14:00","新北市新店區寶興路53號(本公司六樓會議室)","公司簡介、營運近況及未來展望","301120221221M001.pptx","301120221221E001.pptx","http://www.jh.com.tw/shareholder-earnings.php?TVcode=6",法說會影音連結資訊:https://youtu.be/hyHJKHFcCPM ,"無","查詢"
"3013","晟銘電","111/11/11","14:00","線上法說會","本公司受邀參加兆豐證券舉辦之線上法人說明會。","301320221111M001.pdf","301320221111E001.pdf","","","報名網址https://forms.gle/kM1ymukkyuVPhewR6","查詢"
"3014","聯陽","111/04/08","14:30","台北市信義路四段236號7樓 (宏遠證券股份有限公司)","本公司受邀參加宏遠證券股份有限公司所舉辦之法人說明會","301420220407M001.pptx","301420220407E001.ppt","http://www.ite.com.tw/","","無。","查詢"
"3014","聯陽","111/10/07","14:30","台北市信義路四段236號7樓 (宏遠證券股份有限公司)","本公司受邀參加宏遠證券股份有限公司所舉辦之法人說明會","301420220928M001.ppt","301420220928E001.ppt","http://www.ite.com.tw/","","無。","查詢"
"3015","全漢","111/06/29","14:00","線上法說會","本公司受邀參加台新證券所舉辦之線上法說會，會中介紹公司之營運與展望","301520220628M001.pdf","301520220628E001.pdf","https://www.fsp-group.com/tw/ShareholderMeeting.html",同步收看網址：:https://tssco.webex.com/join/jbak ,"無","查詢"
"3015","全漢","111/12/05","14:00","線上法說會","本公司受邀參加台新證券所舉辦之線上法說會，會中介紹公司之營運與展望","301520221202M001.pdf","301520221202E001.pdf","https://www.fsp-group.com/tw/ShareholderMeeting.html",同步收看網址：:https://tssco.webex.com/join/jbak ,"無","查詢"
"3016","嘉晶","111/09/22","14:30","張榮發基金會國際會議中心1101室(台北市中正區中山南路11號11樓)","公司營運成果","301620220922M001.pdf","301620220922E001.pdf","http://www.epi.episil.com/","","無","查詢"
"3017","奇鋐","111/08/09","14:00","晶華酒店(台北市中山北路二段39巷3號4樓)","受邀參加富邦證券說明111年上半年度營運結果","301720220809M001.pdf","301720220809E001.pdf","http://www.avc.co","","無","查詢"
"3017","奇鋐","111/03/18","14:00","富邦國際會議中心(台北市敦化南路一段108號B2)","說明110年度營運結果","301720220318M001.pdf","301720220318E001.pdf","http://www.avc.co","","無。","查詢"
"3017","奇鋐","111/12/01","14:00","台北君悅酒店3樓 (台北市信義區松壽路2號3樓)","受邀參加2022年富邦證券第四季投資論壇","301720221201M001.pdf","301720221201E001.pdf","http://www.avc.co","","無","查詢"
"3018","隆銘綠能","111/12/26","14:00","線上法人說明會","本公司受邀參加華南永昌證券線上舉辦之法人說明會，報告本公司營運狀況","301820221226M001.pdf","301820221226E001.pdf","https://www.lmgte.com.tw/","","無","查詢"
"3019","亞光","111/02/15","14:00","線上法人說明會","歡迎投資人至http://www.asia-optical.com/投資人專區/發言人專欄，點選網路直播服務。","301920220215M001.pdf","301920220215E001.pdf","http://www.asia-optical.com",同步收看網址：:http://www.asia-optical.com 法說會影音連結資訊:http://www.asia-optical.com ,"簡報內容檔案於當日會後公告於公開資訊觀測站","查詢"
"3021","鴻名","111/04/15","14:30","線上法說會","公司簡介及營運概況等說明","302120220415M001.pdf","302120220415E001.pdf","","","無","查詢"
"3022","威強電","111/12/14","14:30","新北市汐止區中興路29號6樓(本公司教育訓練中心)","說明本公司2022年前三季營運成果及未來展望","302220221214M001.pdf","302220221214E001.pdf","https://www.ieiworld.com/tw/finance/con_show.php?op=showone&amp;cid=54",法說會影音連結資訊:https://drive.google.com/file/d/1xkcKZa8Z4VY6LugH-8-MzPzIGHOD5S3Z/view?usp=share_link ,"無","查詢"
"3022","威強電","111/09/16","14:30","台北晶華酒店(台北市中山北路二段39巷3號4樓會議廳)","本公司受邀參加由富邦證券舉辦之法人說明會，會中將說明本公司2022年上半年營運成果及未來展望。","302220220916M001.pdf","302220220916E001.pdf","https://www.ieiworld.com/tw/finance/con_show.php?op=showone&amp;cid=54","","無","查詢"
"3023","信邦","111/03/29","09:00","線上會議","本公司受邀參加Credit Suisse舉辦之 25th Credit Suisse Asian Investment Conference","302320220314M001.pdf","302320220314E001.pdf","https://www.sinbon.com/tw/investor-relations/dividend-capital/","","無","查詢"
"3023","信邦","111/03/23 至 111/03/24","10:00","線上會議","公告本公司受邀參加BofA 2022 APAC TMT Conference","302320220314M001.pdf","302320220314E001.pdf","https://www.sinbon.com/tw/investor-relations/dividend-capital/","","無","查詢"
"3023","信邦","111/05/18 至 111/05/19","14:00","線上會議","公告本公司受邀參加Citi所舉辦Regional Tech Conference 2022","302320220517M001.pdf","302320220517E001.pdf","https://www.sinbon.com/tw/investor-relations/dividend-capital/","","無","查詢"
"3023","信邦","111/06/21","10:00","線上會議","公告本公司受邀參加UBS所舉辦Taiwan Virtual Conference 2022","302320220517M001.pdf","302320220517E001.pdf","https://www.sinbon.com/tw/investor-relations/dividend-capital/","","無","查詢"
"3023","信邦","111/08/24","09:00","線上會議","本公司受邀參加 Daiwa Tech Conference 2022(Virtual Meetings)","302320220817M001.PDF","302320220817E001.pdf","https://www.sinbon.com/tw/investor-relations/dividend-capital/","","無","查詢"
"3023","信邦","111/08/30","09:00","線上會議","公告本公司受邀參加 Citi Asia TMT Day 2022","302320220817M001.PDF","302320220817E001.pdf","https://www.sinbon.com/tw/investor-relations/dividend-capital/","","無","查詢"
"3023","信邦","111/09/07","09:00","線上會議","本公司受邀參加23rd Credit Suisse Asian Technology Conference","302320220817M001.PDF","302320220817E001.pdf","https://www.sinbon.com/tw/investor-relations/dividend-capital/","","無","查詢"
"3023","信邦","111/12/08","14:30","新北市汐止區新台五路一段93號23樓之3(D棟)- CLCC 巨寰宇全球人文會展中心","對外說明本公司營運狀況","302320221208M001.pdf","302320221208E001.pdf","http://www.sinbon.com/tw/media-center/event-activity/",法說會影音連結資訊:https://webpro.twse.com.tw/WebPortal/vod/101/F57D4FFA83A6-6B0A81B0-76CC-11ED-9E13/?categoryId=101 ,"採事前預約制,報名請回填問卷https://forms.office.com/r/8UR4WyBy86","查詢"
"3024","憶聲","111/12/08","15:00","線上法說會","本公司受邀參加元大證券舉辦線上法說會，報告本公司營運狀況。","302420221208M001.pdf","302420221208E001.pdf","","","無。","查詢"
"3025","星通","111/11/17","16:00","線上法說會","本公司受邀參加元大證券舉辦之線上法說會,報告本公司營運狀況","302520221117M001.pptx","302520221117E001.pptx","","","無","查詢"
"3026","禾伸堂","111/03/22","14:00","線上法說會","本公司受邀參加統一證券舉辦之線上法人說明會，說明近期營運概況。","302620220322M001.pdf","302620220322E001.pdf","http://www.holystone.com.tw","","無","查詢"
"3026","禾伸堂","111/08/23","14:00","線上法說會","本公司受邀參加國票綜合證券舉辦之線上法人說明會，說明近期營運概況。","302620220823M001.pdf","302620220823E001.pdf","http://www.holystone.com.tw","","無","查詢"
"3026","禾伸堂","111/05/12","14:00","線上法說會","本公司受邀參加國泰證券舉辦之線上法人說明會，說明近期營運概況","302620220512M001.pdf","302620220512E001.pdf","http://www.holystone.com.tw","","無","查詢"
"3026","禾伸堂","111/12/15","14:00","線上法說會","本公司受邀參加兆豐證券舉辦之線上法人說明會，說明近期營運概況。","302620221215M001.pdf","302620221215E001.pdf","http://www.holystone.com.tw","","無","查詢"
"3027","盛達","111/11/14","16:00","臺灣證券交易所一樓資訊展示中心(台北市信義區信義路五段7號1樓)","簡報營運概況","302720221110M001.pdf","302720221110E001.pdf","https://www.billion.com/zh-tw/",法說會影音連結資訊:https://webpro.twse.com.tw/WebPortal/vod/101/2182451A5070-E2E94EFB-63FD-11ED-8D56/?categoryId=101 ,"15:50 報到 ，16:00 法說會開始。","查詢"
"3028","增你強","111/11/16","14:00","線上法說會","本公司受邀參加元大證券舉辦之線上法人說明會，說明111年第三季營運成果及未來營運展望。","302820221115M001.pdf","302820221115E001.pdf","http://www.zenitron.com.tw/","","無","查詢"
"3029","零壹","111/04/20","15:00","線上法人說明會-Webex","本公司受邀參加凱基證券舉辦線上法人說明會，向投資人說明公司營運概況。","302920220420M001.pdf","302920220420E001.pdf","","","無","查詢"
"3029","零壹","111/08/23","15:00","線上法人說明會-Webex","本公司受邀參加凱基證券舉辦線上法人說明會，向投資人說明公司營運概況。","302920220823M001.pdf","302920220823E001.pdf","","","無","查詢"
"3030","德律","111/05/20","14:00","線上法說會","本公司受邀參加兆豐證券舉辦之線上法說會，將於會中就已公開之財務及業務等相關資訊做說明。","303020220518M001.pdf","303020220518E001.pdf","https://www.tri.com.tw/tw/investor/investor_list-27-2-3.html","","當天13:40開放登入，報名連結：https://reurl.cc/p1ZNGQ","查詢"
"3030","德律","111/11/18","14:00","線上法說會","本公司受邀參加兆豐證券舉辦之線上法說會，將於會中就已公開之財務及業務等相關資訊做說明。","303020221116M001.pdf","303020221116E001.pdf","https://www.tri.com.tw/tw/investor/investor_list-27-2-3.html","","報名網址：https://reurl.cc/mZqgAW","查詢"
"3031","佰鴻","111/10/28","16:00","臺灣證券交易所1樓資訊展示中心(台北市信義路五段7號101辦公大樓)","公司概況及營運展望","303120221028M001.pdf","303120221028E001.pdf","http://www.brtled.com",法說會影音連結資訊:https://webpro.twse.com.tw/webportal/vod/101/C9B6F1071B9F-AFB707BE-569F-11ED-9E4A/?categoryId=101 ,"無","查詢"
"3032","偉訓","111/11/23","14:00","福邦證券總公司(台北市忠孝西路一段6號7樓)","公司簡介及營運概況說明","303220221122M001.pdf","303220221122E001.pdf","https://www.hec-group.com.tw","","無","查詢"
"3033","威健","111/11/25","14:30","台北巿內湖路一段308號11樓(810會議室)","1.請有意參加之機構投資者務必於111年11月24日上午12點前完成線上報名，可透過網路連結至本公司網站之「投資人專區」項下法人說明會報名(網址 https:// www.weikeng.com.tw/conference.php)。 2.本次法人說明會邀請對象為法人投資機構:至於個人投資大眾; 至於個人投資者，煩請透過台灣證券交易所網站(https://webpro.twse.com.tw/webportal/vod/101/?categoryId=101)或本公司網站(https://www.weikeng.com.tw/conference.php)收看「法人說明會」會後實況。 3.基於環保政策,法人說明會時將不發放書面資料,參加者可在111年11月24日12:00之後,從本公司網站(https://www.weikeng.com.tw/conference.php)自行下載書面資料。 4.COVID-19疫情期間，煩請配合下列事項： (1)每一研究機構僅限一人參加。 (2)參加者須配合疫情管制措施，留下聯繫資訊，進入會場須先量額溫，若其≧37.5°C者，將被拒絕進入會場。 (3)會議全程須佩戴口罩。","303320221124M001.pdf","303320221124E001.pdf","https://www.weikeng.com.tw/conference.php",中文影音檔網址:3033_6_20221125_ch.mp4 ,"無","查詢"
"3034","聯詠","111/02/11","15:00","網路直播","本公司一一○年第四季自結數合併財務報告及一一一年第一季業績展望。法說會將於15:00進行網路直播，請連結至以下網址 http://www.zucast.com/webcast/LYzvhQVE 建議參與者於法說會前安裝或升級所需播放軟體，或至 http://www.zucast.com/help 尋求技術支援。","303420220211M001.pdf","303420220211E001.pdf","www.novatek.com.tw",同步收看網址：:http://www.zucast.com/webcast/LYzvhQVE 法說會影音連結資訊:https://www.youtube.com/watch?v=1HMxwWras_Y ,"因考量新型冠狀病毒 2019-nCoV疫情，法說會以網路直播進行。","查詢"
"3034","聯詠","111/08/05","15:00","網路直播","本公司一一一年第二季合&#20482;財務報告及第三季業績展望。法說會將於15:00進行網路直播，請連結至以下網址https://www.zucast.com/webcast/Z1NSVfTh。建議參與者於法說會前安裝或升級所需播放軟體，或至http://www.zucast.com/help 尋求技術支援。","303420220805M001.pdf","303420220805E001.pdf","www.novatek.com.tw",同步收看網址：:http://www.zucast.com/webcast/Z1NSVfTh 法說會影音連結資訊:https://youtu.be/5RrwAl-IM0E ,"因考量新型冠狀病毒 2019-nCoV疫情，法說會以網路直播進行。","查詢"
"3034","聯詠","111/03/21","14:00","電話會議","受邀參加由Credit Suisse所舉辦&quot;25th Credit Suisse Asian Investment conference&quot;，就110年第4季營運績效等相關資訊作說明。","303420220211M001.pdf","303420220211E001.pdf","www.novatek.com.tw","","無。","查詢"
"3034","聯詠","111/03/09","14:00","電話會議","受邀參加由Citi bank所舉辦&quot;TAIWAN CORPORATE DAY 2022&quot;，就110年第4季營運績效等相關資訊作說明。","303420220211M001.pdf","303420220211E001.pdf","www.novatek.com.tw","","無。","查詢"
"3034","聯詠","111/02/22","14:00","電話會議","受邀參加由JPMorgan所舉辦&quot;TAIWAN CEO-CFO Conference 2022&quot;，就110年第4季營運績效等相關資訊作說明。","303420220211M001.pdf","303420220211E001.pdf","www.novatek.com.tw","","無。","查詢"
"3034","聯詠","111/02/23","14:40","電話會議","受邀參加由野村證券所舉辦&quot;Nomura Taiwan ESG Corporate Day&quot;，就110年第4季營運績效等相關資訊作說明。","303420220211M001.pdf","303420220211E001.pdf","www.novatek.com.tw","","無。","查詢"
"3034","聯詠","111/05/19","14:00","電話會議","受邀參加由花旗證券所舉辦&quot;Citi Regional Tech Conference&quot;，就111年第1季營運績效等相關資訊作說明。","303420220506M001.pdf","303420220506E001.pdf","www.novatek.com.tw","","無。","查詢"
"3034","聯詠","111/03/14","14:00","電話會議","受邀參加由美國銀行所舉辦&quot;2022 APAC TMT CONFERENCE&quot;，就110年第4季營運績效等相關資訊作說明。","303420220211M001.pdf","303420220211E001.pdf","www.novatek.com.tw","","無。","查詢"
"3034","聯詠","111/05/06","15:00","網路直播","本公司一一一年第一季合&#20482;財務報告及第二季業績展望。法說會將於15:00進行網路直播，請連結至以下網址https://www.zucast.com/event/T38C8r7V/subscribe/create 。 建議參與者於法說會前安裝或升級所需播放軟體，或至http://www.zucast.com/help 尋求技術支援。","303420220506M001.pdf","303420220506E001.pdf","www.novatek.com.tw",同步收看網址：:https://www.zucast.com/event/T38C8r7V/subscribe/create 法說會影音連結資訊:https://www.youtube.com/watch?v=Bee7Rn-Qzy0&feature=youtu.be ,"因考量新型冠狀病毒 2019-nCoV疫情，法說會以網路直播進行。","查詢"
"3034","聯詠","111/06/20","14:00","電話會議","受邀參加由瑞銀證券所舉辦&quot;UBS Taiwan Virtual Conference 2022&quot;，就111年第1季營運績效等相關資訊作說明。","303420220506M001.pdf","303420220506E001.pdf","www.novatek.com.tw","","無。","查詢"
"3034","聯詠","111/11/08","15:00","網路直播","本公司一一一年第三季合併財務報告及第四季業績展望。法說會將於15:00進行網路直播，請連結至以下網址 http://www.zucast.com/webcast/NvEzMBWN。建議參與者於法說會前安裝或升級所需播放軟體，或至http://www.zucast.com/help 尋求技術支援。","303420221108M001.pdf","303420221108E001.pdf","www.novatek.com.tw",同步收看網址：:http://www.zucast.com/webcast/NvEzMBWN 法說會影音連結資訊:https://www.youtube.com/watch?v=9yunWlTGlM4 ,"因考量新型冠狀病毒 2019-nCoV疫情，法說會以網路直播進行。","查詢"
"3034","聯詠","111/11/14","14:00","電話會議","受邀參加由摩根大通銀行所舉辦&quot;2022 Global TMT Conference in Asia&quot;，就111年第3季營運績效等相關資訊作說明。","303420221108M001.pdf","303420221108E001.pdf","www.novatek.com.tw","","無。","查詢"
"3034","聯詠","111/09/06","14:00","電話會議","受邀參加由Credit Suisse所舉辦&quot;23rd Credit Suisse Asian Technology Conference&quot;，就111年第2季營運績效等相關資訊作說明。","303420220805M001.pdf","303420220805E001.pdf","www.novatek.com.tw","","無。","查詢"
"3035","智原","111/03/03 至 111/03/17","11:00","線上法說會","本公司111年3月3日受邀參加瑞銀證券與證交所共同舉辦之「UBSx TWSE Taiwan Corporate Day 2022」、111年3月10日受邀參加元富證券舉辦之「元富企業日」、111/3/17受邀參加美林證券舉辦之「2022 APAC TMT Conference」","303520220222M001.pdf","303520220222E001.pdf","https://www.faraday-tech.com/tw/content/IR/InvestorConference","","無","查詢"
"3035","智原","111/05/05 至 111/05/26","10:00","線上法說會","本公司受邀參加111/5/5「Daiwa Taiwan Corporate Day 2022」、111/5/17「Jefferies &amp; Fubon Taiwan Corporate Day 2022」、111/5/20「Citi Regional Tech Conference 2022」、111/5/26「2022第二季富邦投資論壇」。","303520220426M001.pdf","303520220426E001.pdf","https://www.faraday-tech.com/tw/content/IR/InvestorConference","","無","查詢"
"3035","智原","111/02/22","14:30","線上法說會","110年第四季線上法人說明會","303520220222M001.pdf","303520220222E001.pdf","https://www.faraday-tech.com/tw/content/IR/InvestorConference",同步收看網址：:https://www.faraday-tech.com/tw/content/IR/InvestorConference 法說會影音連結資訊:https://wms.gridow.com/ir/faraday-tech/faraday_2021Q4.html ,"無","查詢"
"3035","智原","111/01/10","16:00","線上法說會","本公司受邀參加Nomura舉辦之「Nomura Asia Tech Virtual Group Meeting」。","303520211026M001.pdf","303520211026E001.pdf","https://www.faraday-tech.com/tw/content/IR/InvestorConference","","無","查詢"
"3035","智原","111/01/05","09:45","線上法說會","本公司受邀參加元富證券與證交所共同舉辦之「2022智慧台灣投資論壇」線上引資活動。","303520211026M001.pdf","303520211026E001.pdf","https://www.faraday-tech.com/tw/content/IR/InvestorConference","","無","查詢"
"3035","智原","111/06/09","10:30","線上法說會","本公司受邀參加國泰證券2022年第二季產業論壇","303520220426M001.pdf","303520220426E001.pdf","https://www.faraday-tech.com/tw/content/IR/InvestorConference","","無","查詢"
"3035","智原","111/06/21","14:00","線上法說會","本公司收邀參加瑞銀證券舉辦之「UBS Taiwan Virtual Conference 2022」","303520220426M001.pdf","303520220426E001.pdf","https://www.faraday-tech.com/tw/content/IR/InvestorConference","","無","查詢"
"3035","智原","111/07/26","14:30","線上法說會","111年第二季線上法人說明會","303520220726M001.pdf","303520220726E001.pdf","https://www.faraday-tech.com/tw/content/IR/InvestorConference",同步收看網址：:https://www.faraday-tech.com/tw/content/IR/InvestorConference 法說會影音連結資訊:https://wms.gridow.com/ir/faraday-tech/faraday_2022Q2.html ,"無","查詢"
"3035","智原","111/04/26","14:30","線上法說會","111年第一季線上法人說明會","303520220426M001.pdf","303520220426E001.pdf","https://www.faraday-tech.com/tw/content/IR/InvestorConference",同步收看網址：:https://www.faraday-tech.com/tw/content/IR/InvestorConference 法說會影音連結資訊:http://wms.gridow.com/ir/faraday-tech/faraday_2022Q1.html ,"無","查詢"
"3035","智原","111/04/08","10:00","線上法說會","本公司受邀參加臺灣證券交易所與高盛證券共同舉辦之「Taiwan Virtual Corporate Day 2022」","303520220222M001.pdf","303520220222E001.pdf","https://www.faraday-tech.com/tw/content/IR/InvestorConference","","無","查詢"
"3035","智原","111/08/30 至 111/09/01","09:00","線上法說會","本公司受邀參加111/8/30~31「Citi Asia TMT Day 2022」及111/9/1「HSBC Taiwan Executive Forum」。","303520220726M001.pdf","303520220726E001.pdf","https://www.faraday-tech.com/tw/content/IR/InvestorConference","","無","查詢"
"3035","智原","111/11/09","10:00","線上法說會","本公司受邀參加大和證券舉辦之「Daiwa Investment Conference Hong Kong 2022」","303520221025M001.pdf","303520221025E001.pdf","https://www.faraday-tech.com/tw/content/IR/InvestorConference","","無","查詢"
"3035","智原","111/11/29 至 111/12/01","10:00","線上法說會、台北W飯店、台北君悅酒店","本公司受邀參加111/11/29「台新2022年第四季全球投資論壇」、111/11/30「Citi Taiwan Corporate Day」、111/12/01「2022 Fubon Investment Forum」","303520221025M001.pdf","303520221025E001.pdf","https://www.faraday-tech.com/tw/content/IR/InvestorConference","","無","查詢"
"3035","智原","111/10/25","14:30","線上法說會","111年第三季線上法人說明會","303520221025M001.pdf","303520221025E001.pdf","https://www.faraday-tech.com/tw/content/IR/InvestorConference",同步收看網址：:https://www.faraday-tech.com/tw/content/IR/InvestorConference 法說會影音連結資訊:https://wms.gridow.com/ir/faraday-tech/faraday_2022Q3.html ,"無","查詢"
"3036","文曄","111/02/24","14:30","線上法說會","本公司受邀參加兆豐證券於111年2月24日舉辦之線上法人說明會，向投資人說明110年第4季營業成果及未來營運展望。","303620220224M001.pdf","303620220224E001.pdf","https://www.wtmec.com/WT/?page_id=2016","","欲參加者請需事先線上報名，網址：http://www.wtmec.com/online/invite.htm","查詢"
"3036","文曄","111/08/05","14:30","線上法說會","本公司受邀參加兆豐證券於111年8月5日舉辦之線上法人說明會，向投資人說明111年第2季營業成果及未來營運展望。","303620220805M001.pdf","303620220805E001.pdf","https://www.wtmec.com/WT/?page_id=2016","","欲參加者請需事先線上報名，網址：http://www.wtmec.com/online/invite.htm","查詢"
"3036","文曄","111/05/09","14:30","線上法說會","本公司受邀參加兆豐證券於111年5月9日舉辦之線上法人說明會，向投資人說明111年第1季營業成果及未來營運展望。","303620220509M001.pdf","303620220509E001.pdf","https://www.wtmec.com/WT/?page_id=2016","","欲參加者請需事先線上報名，網址：http://www.wtmec.com/online/invite.htm","查詢"
"3036","文曄","111/05/31","14:00","線上法說會","本公司受邀參加元大證券於111年5月31日舉辦之線上法人座談會","303620220509M001.pdf","303620220509E001.pdf","https://www.wtmec.com/WT/?page_id=2016","","無。","查詢"
"3036","文曄","111/01/21","14:30","線上法說會","本公司受邀參加元大證券於111年1月21日舉辦之線上投資法人座談會，向投資人說明110年第3季營業成果及未來營運展望。","303620211105M001.pdf","303620211105E001.pdf","https://www.wtmec.com/WT/?page_id=2016","","無。","查詢"
"3036","文曄","111/01/25","14:00","線上法說會","本公司受邀參加凱基證券於111年1月25日舉辦之線上投資法人座談會，向投資人說明110年第3季營業成果及未來營運展望。","303620211105M001.pdf","303620211105E001.pdf","https://www.wtmec.com/WT/?page_id=2016","","無。","查詢"
"3036","文曄","111/03/09","15:45","臺北文創 - 台北市信義區菸廠路88號6F","本公司受邀參加元富證券於111年3月9日舉辦之2022年台股企業日","303620220224M001.pdf","303620220224E001.pdf","https://www.wtmec.com/WT/?page_id=2016","","無。","查詢"
"3036","文曄","111/03/18","10:00","線上法說會","本公司受邀參加美銀證券於111年3月18日舉辦之2022 APAC TMT Conference","303620220224M001.pdf","303620220224E001.pdf","https://www.wtmec.com/WT/?page_id=2016","","無。","查詢"
"3036","文曄","111/05/18 至 111/05/19","17:00","線上法說會","本公司受邀參加花旗證券於111年5月18至19日舉辦之Regional Tech Conference","303620220509M001.pdf","303620220509E001.pdf","https://www.wtmec.com/WT/?page_id=2016","","無。","查詢"
"3036","文曄","111/05/17","14:00","線上法說會","本公司受邀參加凱基證券於111年5月17日舉辦之線上法人座談會，向投資人說明111年第1季營業成果及未來營運展望。","303620220509M001.pdf","303620220509E001.pdf","https://www.wtmec.com/WT/?page_id=2016","","無。","查詢"
"3036","文曄","111/05/26","15:00","線上法說會","本公司受邀參加富邦證券於111年5月26日舉辦之2022年第二季富邦投資論壇","303620220509M001.pdf","303620220509E001.pdf","https://www.wtmec.com/WT/?page_id=2016","","無。","查詢"
"3036","文曄","111/08/11","15:45","台北市復興南路一段209號1樓","本公司受邀參加元富證券於111年8月11日舉辦之2022年台股企業日，向投資人說明111年第2季營運成果及未來營運展望。","303620220805M001.pdf","303620220805E001.pdf","https://www.wtmec.com/WT/?page_id=2016","","無。","查詢"
"3036","文曄","111/03/28 至 111/03/30","10:00","線上法說會","本公司受邀參加花旗證券於111年3月28日至30日舉辦之線上法人說明會。","303620231109M001.pdf","303620231109E001.pdf","","","無。","查詢"
"3036","文曄","111/06/17","14:00","線上法說會","本公司受邀參加國泰證券於111年6月17日舉辦之線上法人座談會，向投資人說明111年第1季營業成果及未來營運展望。","303620220509M001.pdf","303620220509E001.pdf","https://www.wtmec.com/WT/?page_id=2016","","無。","查詢"
"3036","文曄","111/06/20","14:00","線上法說會","本公司受邀參加國票證券於111年6月20日舉辦之線上法人座談會，向投資人說明111年第1季營業成果及未來營運展望。","303620220509M001.pdf","303620220509E001.pdf","https://www.wtmec.com/WT/?page_id=2016","","無。","查詢"
"3036","文曄","111/08/23","15:00","線上法說會","本公司受邀參加元大證券於111年8月23日舉辦之線上法人座談會，向投資人說明111年第2季營運成果及未來營運展望。","303620220805M001.pdf","303620220805E001.pdf","https://www.wtmec.com/WT/?page_id=2016","","無。","查詢"
"3036","文曄","111/08/30 至 111/08/31","17:00","線上法說會","本公司受邀參加花旗證券於111年8月30日與31日舉辦之Citi Asia TMT Day 2022，向投資人說明111年第2季營運成果及未來營運展望。","303620220805M001.pdf","303620220805E001.pdf","https://www.wtmec.com/WT/?page_id=2016","","無。","查詢"
"3036","文曄","111/09/01","14:00","線上法說會","本公司受邀參加凱基證券於111年9月1日舉辦之線上法人座談會，向投資人說明111年第2季營運成果及未來營運展望。","303620220805M001.pdf","303620220805E001.pdf","https://www.wtmec.com/WT/?page_id=2016","","無。","查詢"
"3036","文曄","111/09/08","09:00","線上法說會","本公司受邀參加瑞士信貸證券於111年9月8日舉辦之23rd Credit Suisse Asian Technology Conference，向投資人說明111年第2季營運成果及未來營運展望。","303620220805M001.pdf","303620220805E001.pdf","https://www.wtmec.com/WT/?page_id=2016","","無。","查詢"
"3036","文曄","111/09/15","11:15","台北美福大飯店（台北市中山區樂群二路55號）","本公司受邀參加統一證券於111年9月15日舉辦之秋季投資論壇，向投資人說明111年第2季營運成果及未來營運展望。","303620220805M001.pdf","303620220805E001.pdf","https://www.wtmec.com/WT/?page_id=2016","","無。","查詢"
"3036","文曄","111/10/28","14:30","線上法說會","本公司受邀參加兆豐證券於111年10月28日舉辦之線上法人說明會，向投資人說明111年第3季營業成果及未來營運展望。","303620221028M001.pdf","303620221028E001.pdf","https://www.wtmec.com/WT/?page_id=2016","","欲參加者請需事先線上報名，網址：http://www.wtmec.com/online/invite.htm","查詢"
"3036","文曄","111/09/20","14:00","線上法說會","本公司受邀參加國泰證券於111年9月20日舉辦之線上法人座談會，向投資人說明111年第2季營運成果及未來展望。","303620220805M001.pdf","303620220805E001.pdf","https://www.wtmec.com/WT/?page_id=2016","","無。","查詢"
"3036","文曄","111/11/16","14:00","線上法說會","本公司受邀參加元富證券於111年11月16日舉辦之線上法人座談會，向投資人說明111年第3季營運成果及未來展望。","303620221028M001.pdf","303620221028E001.pdf","https://www.wtmec.com/WT/?page_id=2016","","無。","查詢"
"3037","欣興","111/03/16","11:00","台北市中山區中山北路二段39巷3號","本公司受邀參加凱基證券所舉辦之2022年第一季投資論壇，會中就本公司已公開發布之財務數字、經營績效等相關資訊作說明。","303720220223M001.pdf","303720220223E001.pdf","http://www.unimicron.com/","","無。","查詢"
"3037","欣興","111/02/23","15:00","線上法說會","將於說明會當天發布本公司110年度第4季財務暨營運報告。","303720220223M001.pdf","303720220223E001.pdf","http://www.unimicron.com/",同步收看網址：:http://www.zucast.com/webcast/U8ylFmUl 法說會影音連結資訊:http://www.unimicron.com/ ,"無。","查詢"
"3037","欣興","111/06/08","14:00","線上說明會。","本公司受邀參加野村舉辦之Nomura Investment 
Forum Asia 2022線上說明會，會中就本公司已公開
發布之財務數字、經營績效等相關資訊作說明。","303720220503M001.pdf","303720220503E001.pdf","http://www.unimicron.com/","","無。","查詢"
"3037","欣興","111/06/09","15:30","線上說明會。","本公司受邀參加國泰證券舉辦之2022年第二季產業論壇線上說明會，會中就本公司已公開發布之財務數字、經營績效等相關資訊作說明。","303720220503M001.pdf","303720220503E001.pdf","http://www.unimicron.com/","","無。","查詢"
"3037","欣興","111/06/10","14:30","線上說明會。","本公司受邀參加永豐金證券舉辦之2022年第二季線上論壇，會中就本公司已公開發布之財務數字、經營績效等相關資訊作說明。","303720220503M001.pdf","303720220503E001.pdf","http://www.unimicron.com/","","無。","查詢"
"3037","欣興","111/05/26","14:00","線上說明會。","本公司受邀參加富邦證券舉辦之2022年第二季富邦投資論壇線上說明會，會中就本公司已公開發布之財務數字、經營績效等相關資訊作說明。","303720220503M001.pdf","303720220503E001.pdf","http://www.unimicron.com/","","無。","查詢"
"3037","欣興","111/01/07","09:45","台北","本公司受邀參加元富證券與台灣證券交易所所舉辦之Smart Taiwan 2022(智慧台灣投資論壇2022)，會中就本公司已公開發布之財務數字、經營績效等相關資訊作說明。","303720211102M001.pdf","303720211102E001.pdf","http://www.unimicron.com/","","無。","查詢"
"3037","欣興","111/07/27","15:00","線上法說會","將於說明會當天發布本公司111年度第2季財務
暨營運報告。","303720220727M001.pdf","303720220727E001.pdf","http://www.unimicron.com/",同步收看網址：:http://www.zucast.com/webcast/4Xt1n9lh 法說會影音連結資訊:http://www.unimicron.com/ ,"無。","查詢"
"3037","欣興","111/06/21","09:00","線上說明會。","本公司受邀參加UBS舉辦之Taiwan Virtual Conference 
2022線上說明會，會中就本公司已公開發布之財務數
字、經營績效等相關資訊作說明。","303720220503M001.pdf","303720220503E001.pdf","http://www.unimicron.com/","","無。","查詢"
"3037","欣興","111/05/04","10:00","線上說明會","本公司受邀參加大和國泰證券所舉辦之Daiwa Taiwan Corporate Day 2022，
會中就本公司已公開發布之2022年第1季財務數字、經營績效等相關資訊作說明。","303720220503M001.pdf","303720220503E001.pdf","http://www.unimicron.com/","","無。","查詢"
"3037","欣興","111/03/10","14:30","臺北文創(台北市信義區菸廠路88號6樓)","本公司受邀參加元富證券所舉辦之3月台股企業日，會中就本公司已公開發布之財務數字、經營績效等相關資訊作說明。","303720220223M001.pdf","303720220223E001.pdf","http://www.unimicron.com/","","無。","查詢"
"3037","欣興","111/05/12","10:00","線上說明會","本公司受邀參加野村證券舉辦之 TMT Corporate 
Day 2022線上說明會，會中就本公司已公開發布之財務數字、經營績效等相關資訊作說明。","303720220503M001.pdf","303720220503E001.pdf","http://www.unimicron.com/","","無。","查詢"
"3037","欣興","111/09/14","14:00","線上說明會","本公司受邀參加第一金證券舉辦之2022年9月線
上投資座談會，會中就本公司已公開發布之財
務數字、經營績效等相關資訊作說明。","303720220727M001.pdf","303720220727E001.pdf","http://www.unimicron.com/","","無。","查詢"
"3037","欣興","111/09/15","15:15","台北美福飯店","本公司受邀參加統一證券舉辦之2022Q3投資
論壇，會中就本公司已公開發布之財務數字、
經營績效等相關資訊作說明。","303720220727M001.pdf","303720220727E001.pdf","http://www.unimicron.com/","","無。","查詢"
"3037","欣興","111/09/16","14:00","線上說明會","本公司受邀參加CLSA舉辦之CITIC CLSA Flagship 
Investors","303720220727M001.pdf","303720220727E001.pdf","http://www.unimicron.com/","","無。","查詢"
"3037","欣興","111/09/08","14:00","線上說明會","本公司受邀參加瑞士信貸舉辦之Asian 
Technology Conference，會中就本公司已公開發
布之財務數字、經營績效等相關資訊作說明。","303720220727M001.pdf","303720220727E001.pdf","http://www.unimicron.com/","","無。","查詢"
"3037","欣興","111/09/07","09:50","台北香格里拉遠東國際飯店","本公司受邀參加國泰證券舉辦之2022第三季產
業論壇，會中就本公司已公開發布之財務數字
、經營績效等相關資訊作說明。","303720220727M001.pdf","303720220727E001.pdf","http://www.unimicron.com/","","無。","查詢"
"3037","欣興","111/09/02","11:00","台北君悅酒店","本公司受邀參加富邦證券舉辦之2022富邦投資
論壇，會中就本公司已公開發布之財務數字、
經營績效等相關資訊作說明。","303720220727M001.pdf","303720220727E001.pdf","http://www.unimicron.com/","","無。","查詢"
"3037","欣興","111/11/30","10:00","W飯店","本公司受邀參加Citi舉辦之Taiwan Corporate Day 2022
，會中就本公司已公開發布之財務數字、經營績效等相
關資訊作說明。","303720221103M001.pdf","303720221103E001.pdf","http://www.unimicron.com/","","無。","查詢"
"3037","欣興","111/11/23","10:00","台北香格里拉遠東國際飯店","本公司受邀參加CLSA舉辦之CLSA Taiwan Market 
Mover 2023 Access Day，會中就本公司已公開發
布之財務數字、經營績效等相關資訊作說明。","303720221103M001.pdf","303720221103E001.pdf","http://www.unimicron.com/","","無。","查詢"
"3037","欣興","111/08/26","14:00","台北香格里拉遠東國際飯店","本公司受邀參加BofA舉辦之Asia Summer Tech
Tour，會中就本公司已公開發布之財務數字、
經營績效等相關資訊作說明。","303720220727M001.pdf","303720220727E001.pdf","http://www.unimicron.com/","","無。","查詢"
"3037","欣興","111/08/31","14:00","線上說明會","本公司受邀參加Citi舉辦之Asia TMT Day 2022，
會中就本公司已公開發布之財務數字、經營績
效等相關資訊作說明。","303720220727M001.pdf","303720220727E001.pdf","http://www.unimicron.com/","","無。","查詢"
"3037","欣興","111/11/16 至 111/11/18","09:30","新加坡","本公司受邀參加Morgan Stanley舉辦之Annual Asia 
Pacific Summit，會中就本公司已公開發布之財務
數字、經營績效等相關資訊作說明。","303720221103M001.pdf","303720221103E001.pdf","http://www.unimicron.com/","","無。","查詢"
"3037","欣興","111/11/09","11:00","台北香格里拉遠東國際飯店","本公司受邀參加高盛舉辦之Taiwan Corporate
Day，會中就本公司已公開發布之財務數字、
經營績效等相關資訊作說明。","303720221103M001.pdf","303720221103E001.pdf","http://www.unimicron.com/","","無。","查詢"
"3037","欣興","111/11/09","14:30","台北文創","本公司受邀參加元富證券舉辦之2022台股企業
日，會中就本公司已公開發布之財務數字、經
營績效等相關資訊作說明。","303720221103M001.pdf","303720221103E001.pdf","http://www.unimicron.com/","","無。","查詢"
"3037","欣興","111/11/10","14:00","線上說明會","本公司受邀參加JP Morgan舉辦之Global TMT 
Conference in Asia，會中就本公司已公開發布
之財務數字、經營績效等相關資訊作說明。","303720221103M001.pdf","303720221103E001.pdf","http://www.unimicron.com/","","無。","查詢"
"3037","欣興","111/11/11","11:00","台北君悅酒店","本公司受邀參加Macquarie舉辦之Taiwan Corporate
Day，會中就本公司已公開發布之財務數字、
經營績效等相關資訊作說明。","303720221103M001.pdf","303720221103E001.pdf","http://www.unimicron.com/","","無。","查詢"
"3037","欣興","111/11/09","09:00","台北君悅酒店","本公司受邀參加瑞士信貸舉辦之Bus Tour，會中
就本公司已公開發布之財務數字、經營績效等
相關資訊作說明。","303720221103M001.pdf","303720221103E001.pdf","http://www.unimicron.com/","","無。","查詢"
"3037","欣興","111/11/07","15:00","線上法說會","本公司受邀參加Daiwa舉辦之Investment 
Conference 2022，會中就本公司已公開發布之財
務數字、經營績效等相關資訊作說明。","303720221103M001.pdf","303720221103E001.pdf","http://www.unimicron.com/","","無。","查詢"
"3038","全台","111/12/16","14:00","本公司(高雄市前鎮區中一路5號)","公司營運暨財務報告","303820221216M001.pdf","303820221216E001.pdf","https://www.edtc.com/edtcweb/investor_web.php?in_id=51",法說會影音連結資訊:https://youtu.be/f-SmR7NAAyg 影音連結網址:https://youtu.be/KCeGxpJQHvg 影音連結網址:https://youtu.be/dWAGiZHzT-A ,"https://www.edtc.com/edtcweb/investor_web.php?in_id=51","查詢"
"3040","遠見","111/08/18","14:00","線上法說會","本公司受邀參加元大證券舉辦之產業座談會，報告本公司營運狀況","304020220816M001.pdf","304020220816E001.pdf","http://www.gv.com.tw/invest.asp","","無","查詢"
"3041","揚智","111/03/28","14:30","線上法人說明會","本公司受邀統一證券舉行線上法人說明會，由董事長暨發言人梁厚誼報告本公司年度營運成果及答覆線上與會者提問。
有意參加者，可透過網際網路連結報名參加本次法人說明會，報名網址：
https://webportal.pscnet.com.tw/global/signup/global_signup_business.php?business_id=33
本次線上法說會資訊亦可至本公司網站http://www.alitech.com 查詢，若您有任何問題，請於法說會召開前撥打(02)8752-2000與我們的投資人關係專人聯絡。","304120220328M001.pdf","304120220328E001.pdf","http://www.alitech.com/index.php/tw/investor-relations","","法說會簡報依規定揭露於「公開資訊觀測站」","查詢"
"3041","揚智","111/11/09","14:30","線上法人說明會","本公司受邀參加元富證券主辦之2022年元富台股企業日，說明本公司之營運概況、財務及業務相關資訊。","304120221109M001.pdf","304120221109E001.pdf","http://www.alitech.com/index.php/tw/investor-relations",中文影音檔網址:3041_71_20221109_ch.mp4 ,"法說會簡報依規定揭露於「公開資訊觀測站」","查詢"
"3042","晶技","111/03/03","14:00","線上投資論壇","本公司受邀參加群益金鼎證券舉辦之1Q22 線上投資論壇","304220220302M001.pdf","304220220302E001.pdf","http://www.txccorp.com/index_tw.php?action=e_company_1-1&amp;cid=5&amp;sid=11","","無","查詢"
"3042","晶技","111/08/17","14:00","晶華酒店4F貴賓廳 (台北市中山北路二段39巷3號)","本公司召開法人說明會，說明近期營運成果及未來展望","304220220817M001.pdf","304220220817E001.pdf","http://www.txccorp.com/index_tw.php?action=e_company_1-1&amp;cid=5&amp;sid=11",法說會影音連結資訊:http://www.txccorp.com/index_tw.php?action=e_company_1-1&cid=5&sid=11 ,"無","查詢"
"3042","晶技","111/07/14","15:45","線上會議","本公司受邀參加元富證券舉辦之「7月台股企業日」線上法人說明會","304220220627M001.pdf","304220220627E001.pdf","http://www.txccorp.com/index_tw.php?action=e_company_1-1&amp;cid=5&amp;sid=11","","無","查詢"
"3042","晶技","111/06/29","14:30","線上會議","本公司受邀參加統一證券舉辦之線上法人說明會","304220220627M001.pdf","304220220627E001.pdf","http://www.txccorp.com/index_tw.php?action=e_company_1-1&amp;cid=5&amp;sid=11","","無","查詢"
"3042","晶技","111/09/07","15:00","線上會議","本公司受邀參加瑞士信貸證券舉辦之「23rd Credit Suisse Asian Technology Conference」","304220220817M001.pdf","304220220817E001.pdf","http://www.txccorp.com/index_tw.php?action=e_company_1-1&amp;cid=5&amp;sid=11","","無","查詢"
"3042","晶技","111/12/13","13:30","台北晶華酒店4F(台北市中山北路二段39巷3號)","本公司受邀參加永豐金證券舉辦之2022年第四季投資論壇","304220221212M001.pdf","304220221212E001.pdf","http://www.txccorp.com/index_tw.php?action=e_company_1-1&amp;cid=5&amp;sid=11","","無","查詢"
"3043","科風","111/12/20","14:00","臺灣證券交易所1樓資訊展示中心(台北市信義路五段7號)","公司簡介及營運報告","304320221220M001.pdf","304320221220E001.pdf","https://www.upspowercom.com/TW/Us-Meet.jsp",同步收看網址：:https://www.youtube.com/watch?v=e7CeUNfNFrw 法說會影音連結資訊:https://webpro.twse.com.tw/webportal/vod/101/C19816874A91-67A73F72-8031-11ED-BAC1/?categoryId=101 ,"無","查詢"
"3044","健鼎","111/03/16","09:00","電話會議","健鼎於111年03月16日參加美銀證券2022 Asia Pacific TMT Conference (Virtual)","304420220315M001.pdf","304420220315E001.pdf","","","無","查詢"
"3044","健鼎","111/05/18","09:00","電話會議","健鼎於111年05月18日參加花旗證券Regional Tech Virtual Conference","304420220517M001.pdf","304420220517E001.pdf","","","無","查詢"
"3044","健鼎","111/09/07","09:00","電話會議","健鼎於111年09月07日參加瑞信證券Asian Technology Conference (Virtual)","304420220906M001.pdf","304420220906E001.pdf","","","無","查詢"
"3044","健鼎","111/12/02","09:00","電話會議","健鼎於111年12月02日參加花旗證券Taiwan Corporate Day Virtual Event","304420221201M001.pdf","304420221201E001.pdf","","","無","查詢"
"3045","台灣大","111/03/09","15:45","臺北文創-台北市信義區菸廠路88號6F","說明110年第四季法說會簡報與其他已公開發佈之財務數字、經營績效等相關資訊。","304520220309M001.pdf","304520220309E001.pdf","http://www.taiwanmobile.com/index.html","","無","查詢"
"3045","台灣大","111/02/21","11:00","線上會議","說明110年第三季法說會簡報與其他已公開發佈之財務數字、經營績效等相關資訊。","304520211104M001.pdf","304520211104E001.pdf","https://www.taiwanmobile.com/index.html","","無","查詢"
"3045","台灣大","111/01/03","16:00","電話會議","台灣大吸收合併台灣之星","304520220103M001.pdf","304520220103E001.pdf","https://www.taiwanmobile.com/index.html",同步收看網址：:https://corp.taiwanmobile.com/investor-relations/investor-relations.html 法說會影音連結資訊:https://corp.taiwanmobile.com/investor-relations/investor-relations.html ,"無","查詢"
"3045","台灣大","111/06/08 至 111/06/09","14:00","電話會議","說明111年第一季法說會簡報與其他已公開發佈之財務數字、經營績效等相關資訊。","304520220506M001.pdf","304520220506E001.pdf","https://www.taiwanmobile.com/index.html","","無","查詢"
"3045","台灣大","111/02/22","16:00","電話會議","本公司110年第4季營運情形","304520220222M001.pdf","304520220222E001.pdf","https://www.taiwanmobile.com/index.html",同步收看網址：:https://corp.taiwanmobile.com/investor-relations/investor-relations.html 法說會影音連結資訊:http://corp.taiwanmobile.com/investor-relations/investor-relations.html ,"無","查詢"
"3045","台灣大","111/05/06","16:00","電話會議","本公司111年第1季營運情形","304520220506M001.pdf","304520220506E001.pdf","https://www.taiwanmobile.com/index.html",同步收看網址：:https://corp.taiwanmobile.com/investor-relations/investor-relations.html 法說會影音連結資訊:https://corp.taiwanmobile.com/investor-relations/investor-relations.html ,"無","查詢"
"3045","台灣大","111/08/05","16:00","電話會議","本公司111年第2季營運情形","304520220805M001.pdf","304520220805E001.pdf","https://www.taiwanmobile.com/index.html",同步收看網址：:https://corp.taiwanmobile.com/investor-relations/investor-relations.html 法說會影音連結資訊:https://corp.taiwanmobile.com/investor-relations/investor-relations.html ,"無","查詢"
"3045","台灣大","111/11/10","16:00","電話會議","本公司111年第3季營運情形","304520221110M001.pdf","304520221110E001.pdf","https://www.taiwanmobile.com/index.html",同步收看網址：:https://corp.taiwanmobile.com/investor-relations/investor-relations.html 法說會影音連結資訊:https://corp.taiwanmobile.com/investor-relations/investor-relations.html ,"無","查詢"
"3045","台灣大","111/03/23","11:00","電話會議","說明110年第四季法說會簡報與其他已公開發佈之財務數字、經營績效等相關資訊。","304520220222M001.pdf","304520220222E001.pdf","https://www.taiwanmobile.com/index.html","","無","查詢"
"3045","台灣大","111/06/21","11:00","電話會議","說明111年第一季法說會簡報與其他已公開發佈之財務數字、經營績效等相關資訊。","304520220506M001.pdf","304520220506E001.pdf","https://www.taiwanmobile.com/index.html","","無","查詢"
"3045","台灣大","111/07/13","10:30","電話會議","說明111年第一季法說會簡報與其他已公開發佈之財務數字、經營績效等相關資訊。","304520220506M001.pdf","304520220506E001.pdf","https://www.taiwanmobile.com/index.html","","無","查詢"
"3045","台灣大","111/11/17","09:30","新加坡","說明111年第三季法說會簡報與其他已公開發佈之財務數字、經營績效等相關資訊。","304520221110M001.pdf","304520221110E001.pdf","https://www.taiwanmobile.com/index.html","","無","查詢"
"3045","台灣大","111/08/24","14:00","電話會議","說明111年第二季法說會簡報與其他已公開發佈之財務數字、經營績效等相關資訊。","304520220805M001.pdf","304520220805E001.pdf","https://www.taiwanmobile.com/index.html","","無","查詢"
"3045","台灣大","111/12/14","14:30","電話會議","說明111年第三季法說會簡報與其他已公開發佈之財務數字、經營績效等相關資訊。","304520221110M001.pdf","304520221110E001.pdf","https://www.taiwanmobile.com/index.html","","無","查詢"
"3045","台灣大","111/09/19 至 111/09/29","17:00","電話會議","說明111年第二季法說會簡報與其他已公開發佈之財務數字、經營績效等相關資訊。","304520220805M001.pdf","304520220805E001.pdf","https://www.taiwanmobile.com/index.html","","無","查詢"
"3046","建碁","111/04/15","14:00","Webex線上會議, 會議連線資訊請洽永豐金證券報名","本公司受邀參加永豐金證券舉辦之法人說明會，會中就建碁公司2021年之業務狀況說明","304620220415M001.pdf","304620220415E001.pdf","https://www.aopen.com/TW_ch/page/investor-conference","","無","查詢"
"3047","訊舟","111/09/16","15:10","線上法說會","受邀參加統一證券舉辦之線上法人說明會，說明本公司之財務概況及營運狀況。","304720220915M001.pdf","304720220915E001.pdf","http://www.edimax.com.tw","","報名請洽統一證券企業法人部張小姐02-27478266轉3003或mail:shiki@uni-psg.com","查詢"
"3048","益登","111/11/16","14:30","線上法人說明會-Webex","本公司受邀參加凱基證券舉辦線上法人說明會，向投資人說明公司營運概況。 同步收看網址:https://kgitw.webex.com/kgitw-tc/onstage/g.php?MTID=e38f1f0c7d61dea2a45387dd7124c040a","304820221116M001.pdf","304820221116E001.pdf","",同步收看網址：:https://kgitw.webex.com/kgitw-tc/onstage/g.php?MTID=e38f1f0c7d61dea2a45387dd7124c040a ,"無","查詢"
"3049","精金","111/12/23","14:00","線上法人說明會","本公司受邀參加康和證券舉辦之線上法人說明會","304920221223M001.pdf","304920221223E001.pdf","https://www.hannstouch.com/event","","無","查詢"
"3050","鈺德","111/12/06","14:00","線上法說會","本公司受邀參加國票綜合證券舉辦之法人說明會","305020221206M001.pdf","305020221206E001.pdf","http://www.utechmedia.com.tw","","無","查詢"
"3051","力特","111/12/22","14:00","力特光電科技股份有限公司(桃園市平鎮區平東路659巷37號)","力特光電2022年第三季法人說明會","305120221222M001.pdf","305120221222E001.pdf","http://www.optimax.com.tw",法說會影音連結資訊:https://youtu.be/xkIoX0eIdHQ ,"無","查詢"
"3052","夆典","111/11/08","14:00","線上法說會","本公司受邀參加元大證券舉辦之線上法人說明會","305220221104M001.pdf","305220221104E001.pdf","https://www.apexgrp.com.tw/web/bbs/board.php?bo_table=investor&amp;wr_id=6","","無","查詢"
"3054","立萬利","111/10/18","14:00","線上法說會","本公司受邀參加元大證券舉辦之線上法說會，報告本公司營運狀況。","305420221018M001.pptx","305420221018E001.pptx","","","無。","查詢"
"3055","蔚華科","111/12/22","14:00","線上法說會","公司展望及營運報告。
網路會議網址: http://www.zucast.com/webcast/4YCVsEsv","305520221222M001.pdf","305520221222E001.pdf","http://www.spirox.com.tw/investor/ir-earnings-conference",法說會影音連結資訊:http://www.zucast.com/webcast/4YCVsEsv ,"無","查詢"
"3056","富華新","111/11/23","14:30","線上法人說明會","本公司營運概況說明。
報名方式：https://zte.zongtai.com.tw/news/DXCm/detail","305620221123M001.pdf","305620221123E001.pdf","https://zte.zongtai.com.tw/news/DXCm/detail",法說會影音連結資訊:https://www.youtube.com/watch?v=0f1xj3WqzQg ,"無。","查詢"
"3057","喬鼎","111/12/28","15:00","新竹科學園區工業東四路21號1樓(本公司會議室)","111年營運說明暨未來展望","305720221228M001.pdf","305720221228E001.pdf","https://www.promise.com/tw/IR/Service/ConferenceInfo",法說會影音連結資訊:https://www.youtube.com/watch?v=63_bJbXq92k (請輸入網址名稱(註)):未輸 ,"無。","查詢"
"3058","立德","111/12/09","14:30","福邦證券總公司(台北市忠孝西路一段6號14樓)","本公司受邀參加福邦證券舉辦之法人說明會，說明本公司營運及財務狀況。","305820221209M001.pdf","305820221209E001.pdf","https://www.lei.com.tw/tw/investor/conference.aspx","","無","查詢"
"3059","華晶科","111/05/26","15:10","線上法人說明會","2022年第二季線上投資論壇","305920220525M001.pdf","305920220525E001.pdf","http://www.altek.com.tw","","無","查詢"
"3059","華晶科","111/12/30","14:00","台北市忠孝東路二段95號13樓","111年第三季營運成果及未來展望","305920221229M001.pdf","305920221229E001.pdf","https://www.altek.com.tw/","","無","查詢"
"3060","銘異","111/12/15","15:00","線上會議","受邀參加元大證券舉辦之線上法人說明會，報告本公司營運狀況。","306020221215M001.pdf","306020221215E001.pdf","https://www.minaik.com.tw/zh-tw/investo/shareholder","","無","查詢"
"3062","建漢","111/12/23","14:30","福邦證券總公司(台北市忠孝西路一段6號7樓)","說明本公司營運概況","306220221223M001.pdf","306220221223E001.pdf","","","無","查詢"
"3090","日電貿","111/06/01","14:00","線上法說會","本公司受邀參加國票綜合證券111年6月1日舉辦之線上法人說明會。","309020220601M001.ppt","309020220601E001.ppt","","","報名連結：https://www.surveycake.com/s/kYDvp。","查詢"
"3090","日電貿","111/11/15","16:00","線上法說會","本公司受邀參加元大證券111年11月15日舉辦之線上法人說明會。","309020221115M001.pdf","309020221115E001.pdf","http://www.ndb.com.tw/investor-conference","","無。","查詢"
"3092","鴻碩","111/11/25","14:30","線上法人說明會","本公司受邀參加凱基證券舉辦之線上法人說明會","309220221125M001.pdf","309220221125E001.pdf","http://www.hotron-ind.com/cn/index.php","","完整財務業務資訊請至公開資訊觀測站之法人說明會一覽表或法說會項目下查閱。","查詢"
"3094","聯傑","111/12/16","15:00","線上法說會","聯傑國際法人說明會-公司財務業務營運情形及未來展望","309420221214M001.pptx","309420221214E001.pptx","http://www.davicom.com.tw",中文影音檔網址:3094_9_20221216_ch.mp4 ,"無","查詢"
"3130","一零四","111/12/21","15:00","臺北市中正區寶慶路69號4樓  (元大證寶慶大樓會議室)","說明公司營運狀況及產品資訊","313020221220M001.pdf","313020221220E001.pdf","https://corp.104.com.tw/zh/investors/conference/","","無","查詢"
"3130","一零四","111/06/22","15:30","元大證券線上法人座談會","說明公司營運狀況及產品資訊","313020220622M002.pdf","313020220622E002.pdf","https://corp.104.com.tw/zh/investors/conference/","","無","查詢"
"3138","耀登","111/11/24","14:30","台北市中山區樂群三路128號7樓","本公司受邀參加國票綜合證券舉辦之法人說明會，說明本公司之營運、財務及業務概況","313820221124M001.pdf","313820221124E001.pdf","https://www.auden.com.tw/investor-service/shareholder-column/","","無","查詢"
"3149","正達","111/11/11","14:30","台北市敦化南路二段97號6樓(敦南摩天大廈-元富證券6樓(601)會議室)","本公司受邀參加元富證券舉辦之法人說明會，說明營運現況及未來展望。","314920221110M002.pdf","314920221110E002.pdf","http://www.gtoc.com.tw/webc/html/investor/index.aspx?nav=6#b02","","無","查詢"
"3164","景岳","111/09/02","14:30","台南市南區西門路一段655號四樓永豐金證券台南分公司","受邀參加永豐金證券舉辦之法人說明會，說明本公司之營運概況","316420220831M001.pdf","316420220831E001.pdf","","","無","查詢"
"3164","景岳","111/12/16","14:30","台南市南區西門路一段655號四樓永豐金證券台南分公司","受邀參加永豐金證券舉辦之法人說明會，說明本公司之營運概況","316420221215M001.pdf","316420221215E001.pdf","","","無","查詢"
"3167","大量","111/12/26","14:00","台北市忠孝西路一段6號福邦證券總公司","本公司受邀參加福邦證券舉辦之法人說明會，會中就本公司已公開發佈之財務數字、經營績效等相關資訊做說明。","316720221226M001.pdf","316720221226E001.pdf","","","無","查詢"
"3167","大量","111/06/29","14:00","本公司(地點：桃園市八德區友聯街49號)","會中就本公司已公開發佈之財務數字、經營績效等相關資訊做說明，本次法說會採預約登記制，欲參加者請來電(03)368-8552登記。","316720220629M001.pdf","316720220629E001.pdf","",法說會影音連結資訊:https://www.tlhome.com.tw/investor/58 ,"無。","查詢"
"3167","大量","111/03/29","14:00","線上法說會","本公司受邀參加福邦證券舉辦之線上法說會，會中就本公司已公開發佈之財務數字、經營績效等相關資訊做說明。","316720220329M001.pdf","316720220329E001.pdf","","","無。","查詢"
"3167","大量","111/09/30","15:00","台北市忠孝西路一段6號福邦證券總公司","本公司受邀參加福邦證券舉辦之法人說明會，會中就本公司已公開發佈之財務數字、經營績效等相關資訊做說明。","316720220929M001.pdf","316720220929E001.pdf","","","無","查詢"
"3189","景碩","111/01/05","09:45","線上投資論壇","向法人說明產業狀況與本公司經營績效","318920220103M001.pdf","318920220103E001.pdf","","","無","查詢"
"3189","景碩","111/06/14","10:30","線上投資論壇","向法人說明產業狀況與本公司經營績效","318920220510M004.pdf","318920220510E004.pdf","","","無","查詢"
"3189","景碩","111/06/16","11:00","線上投資論壇","向法人說明產業狀況與本公司經營績效","318920220510M004.pdf","318920220510E004.pdf","","","無","查詢"
"3189","景碩","111/06/20","10:00","線上投資論壇","向法人說明產業狀況與本公司經營績效","318920220510M004.pdf","318920220510E004.pdf","","","無","查詢"
"3189","景碩","111/06/07","14:00","線上投資論壇","向法人說明產業狀況與本公司經營績效","318920220510M004.pdf","318920220510E004.pdf","","","無","查詢"
"3189","景碩","111/06/08","10:00","線上投資論壇","向法人說明產業狀況與本公司經營績效","318920220510M004.pdf","318920220510E004.pdf","","","無","查詢"
"3189","景碩","111/02/10","14:30","線上投資論壇","向法人說明產業狀況與本公司經營績效","318920220209M001.pdf","318920220209E001.pdf","","","無","查詢"
"3189","景碩","111/01/06","13:15","台北文創 (台北市信義區菸廠路88號)","向法人說明產業狀況與本公司經營績效","318920220103M002.pdf","318920220103E002.pdf","","","無","查詢"
"3189","景碩","111/03/02","15:20","線上投資論壇","向法人說明產業狀況與本公司經營績效","318920220224M001.pdf","318920220224E001.pdf","","","無","查詢"
"3189","景碩","111/03/15","10:00","線上投資論壇","向法人說明產業狀況與本公司經營績效","318920220311M001.pdf","318920220311E001.pdf","","","無","查詢"
"3189","景碩","111/05/26","11:00","線上投資論壇","向法人說明產業狀況與本公司經營績效","318920220510M004.pdf","318920220510E004.pdf","","","無","查詢"
"3189","景碩","111/05/30","10:00","線上投資論壇","向法人說明產業狀況與本公司經營績效","318920220510M004.pdf","318920220510E004.pdf","","","無","查詢"
"3189","景碩","111/05/11","10:00","線上投資論壇","向法人說明產業狀況與本公司經營績效","318920220510M001.pdf","318920220510E001.pdf","","","無","查詢"
"3189","景碩","111/05/12","14:30","線上投資論壇","向法人說明產業狀況與本公司經營績效","318920220510M002.pdf","318920220510E002.pdf","","","無","查詢"
"3189","景碩","111/05/17","15:15","線上投資論壇","向法人說明產業狀況與本公司經營績效","318920220510M003.pdf","318920220510E003.pdf","","","無","查詢"
"3189","景碩","111/05/19","10:00","線上投資論壇","向法人說明產業狀況與本公司經營績效","318920220510M004.pdf","318920220510E004.pdf","","","無","查詢"
"3189","景碩","111/03/09","10:00","線上投資論壇","向法人說明產業狀況與本公司經營績效","318920220224M001.pdf","318920220224E001.pdf","","","無","查詢"
"3189","景碩","111/03/08","13:30","線上投資論壇","向法人說明產業狀況與本公司經營績效","318920220224M001.pdf","318920220224E001.pdf","","","無","查詢"
"3189","景碩","111/08/11","14:30","線上投資論壇","向法人說明產業狀況與本公司經營績效","318920220810M001.pdf","318920220810E001.pdf","","","無","查詢"
"3189","景碩","111/08/24","11:00","線上投資論壇","向法人說明產業狀況與本公司經營績效","318920220810M001.pdf","318920220810E001.pdf","","","無","查詢"
"3189","景碩","111/11/24","10:00","台北市 遠東飯店","向法人說明產業狀況與本公司經營績效","318920221118M003.pdf","318920221118E003.pdf","","","無","查詢"
"3189","景碩","111/12/01","11:00","台北市 W-Hotel","向法人說明產業狀況與本公司經營績效","318920221118M001.pdf","318920221118E001.pdf","","","無","查詢"
"3189","景碩","111/12/01","15:00","台北市 君悅酒店","向法人說明產業狀況與本公司經營績效","318920221118M002.pdf","318920221118E002.pdf","","","無","查詢"
"3189","景碩","111/08/30","09:00","線上投資論壇","向法人說明產業狀況與本公司經營績效","318920220810M001.pdf","318920220810E001.pdf","","","無","查詢"
"3189","景碩","111/08/26","11:00","台北市遠東飯店，實體及線上同時舉行","向法人說明產業狀況與本公司經營績效","318920220810M001.pdf","318920220810E001.pdf","","","無","查詢"
"3189","景碩","111/12/08","09:40","台北市晶華酒店","向法人說明產業狀況與本公司經營績效","318920221118M001.pdf","318920221118E001.pdf","","","無","查詢"
"3189","景碩","111/09/15","11:00","台北市美福飯店","向法人說明產業狀況與本公司經營績效","318920220914M001.pdf","318920220914E001.pdf","","","無","查詢"
"3189","景碩","111/09/19","11:30","線上投資論壇","向法人說明產業狀況與本公司經營績效","318920220914M002.pdf","318920220914E002.pdf","","","無","查詢"
"3189","景碩","111/09/21","10:00","線上投資論壇","向法人說明產業狀況與本公司經營績效","318920220914M003.pdf","318920220914E003.pdf","","","無","查詢"
"3189","景碩","111/11/10","14:00","香港 Island Shangri-La Hotel","向法人說明產業狀況與本公司經營績效","318920221104M003.pdf","318920221104E003.pdf","","","無","查詢"
"3189","景碩","111/11/08","11:00","台北市遠東香格里拉飯店","向法人說明產業狀況與本公司經營績效","318920221104M001.pdf","318920221104E001.pdf","","","無","查詢"
"3189","景碩","111/11/09","11:00","台北市 君悅酒店","向法人說明產業狀況與本公司經營績效","318920221104M002.pdf","318920221104E002.pdf","","","無","查詢"
"3189","景碩","111/12/15","14:30","線上投資論壇","向法人說明產業狀況與本公司經營績效","318920221212M001.pdf","318920221212E001.pdf","","","無","查詢"
"3209","全科","111/04/20","14:30","線上會議","本公司受邀參加富邦證券舉辦之線上法人說明會。","320920220420M001.pdf","320920220420E001.pdf","https://www.alltek.com/investors/%E6%B3%95%E4%BA%BA%E8%AA%AA%E6%98%8E%E6%9C%83/","","無","查詢"
"3209","全科","111/08/25","14:00","線上會議","本公司受邀參加富邦證券舉辦之線上法人說明會。","320920220825M001.pdf","320920220825E001.pdf","https://www.alltek.com/investors/%E6%B3%95%E4%BA%BA%E8%AA%AA%E6%98%8E%E6%9C%83/","","無","查詢"
"3229","晟鈦","111/12/28","14:30","線上法人說明會","本公司受邀參加永豐金證券舉辦之法人說明會，說明本公司之營運概況。","322920221226M001.pptx","322920221226E001.pptx","","","欲參加者需事先報名，請洽永豐金鄒小姐(02)23823207。法說會資料將依規定於會後上傳。","查詢"
"3231","緯創","111/03/09 至 111/03/10","10:00","電話會議","本公司將於111/3/9-111/3/10受邀參加花旗環球證券舉辦之電話說明會，說明本公司業務簡介及現況說明","323120220307M001.pdf","323120220307E001.pdf","https://www.wistron.com/CMS/LegalPersonSeminar?pageId=78","","無","查詢"
"3231","緯創","111/03/21 至 111/03/22","10:00","電話會議","本公司將於111/3/21-111/3/22受邀參加美國銀行美林證券舉辦之電話說明會，說明本公司業務簡介及現況說明","323120220315M001.pdf","323120220315E001.pdf","https://www.wistron.com/CMS/LegalPersonSeminar?pageId=78","","無","查詢"
"3231","緯創","111/03/16","18:00","電話會議","本公司將於111/3/16受邀參加花旗環球證券舉辦之電話說明會，說明本公司業務簡介及現況說明","323120220315M001.pdf","323120220315E001.pdf","https://www.wistron.com/CMS/LegalPersonSeminar?pageId=78","","無","查詢"
"3231","緯創","111/05/18 至 111/05/19","09:00","電話會議","本公司將於111/5/18-111/5/19受邀參加花旗環球證券舉辦之電話說明會，說明本公司業務簡介及現況說明","323120220517M001.pdf","323120220517E001.pdf","https://www.wistron.com/CMS/LegalPersonSeminar?pageId=78","","無","查詢"
"3231","緯創","111/08/30 至 111/08/31","10:00","電話會議","本公司將於111/8/30-111/8/31受邀參加花旗環球證券舉辦之Asia TMT Day 2022電話會議，說明本公司業務簡介及現況說明","323120220825M002.pdf","323120220825E002.pdf","https://www.wistron.com/CMS/LegalPersonSeminar?pageId=78","","無","查詢"
"3231","緯創","111/11/30","09:00","台北W飯店","本公司受邀參加花旗環球證券舉辦之Taiwan Corporate Day，說明本公司業務簡介及現況說明","323120221124M001.pdf","323120221124E001.pdf","https://www.wistron.com/CMS/LegalPersonSeminar?pageId=78","","無","查詢"
"3257","虹冠電","111/12/19","14:30","線上法說會。","本公司受邀參加福邦證券舉辦之線上法人說明會，說明本公司營運概況。","325720221219M001.pdf","325720221219E001.pdf","","","無","查詢"
"3266","昇陽","111/11/23","14:00","元富證券(台北市敦化南路二段97號11樓)","本公司受邀參加元富證券舉辦之法人說明會，就公司財務及業務相關資訊做說明。","326620221123M001.pdf","326620221123E001.pdf","https://www.sunty.com.tw","","無","查詢"
"3296","勝德","111/12/07","15:30","福邦證券總公司(台北市忠孝西路一段6號7樓會議室)","(1)公司概況(2)2022年營運概況(3)未來展望","329620221207M001.pdf","329620221207E001.pdf","http://www.power-tech.com.tw/tw/investor_law.php","","完整財務業務資訊請至公開資訊觀測站之法人說明會一覽表或法說會項下查閱。","查詢"
"3305","昇貿","111/12/12","14:30","台北巿南京東路二段85號7樓","本公司受邀參加富邦證券舉辦之法人說明會，說明本公司營運概況及未來展望。","330520221212M001.pdf","330520221212E001.pdf","","","無","查詢"
"3308","聯德","111/12/28","14:00","桃園市龜山區華亞科技園區科技一路69號。","公佈2022年第三季財務報告及未來展望。","330820221228M001.pdf","330820221228E001.pdf","",中文影音檔網址:3308_7_20221228_ch.mp4 ,"無","查詢"
"3311","閎暉","111/11/29","15:00","閎暉淡水總部6樓會議室","111年前3季營運成果及展望","331120221129M001.pdf","331120221129E001.pdf","https://www.silitech.com/ch/investor4.aspx",法說會影音連結資訊:https://webpro.twse.com.tw/WebPortal/vod/101/3F0811263645-EA68C2A5-6FD3-11ED-A411/?categoryId=101 ,"簡報相關資料將於法說會後上傳並公布於公司網站","查詢"
"3312","弘憶股","111/04/01","14:30","Zoom直播會議室ID:99796081476(有意參加者，請洽曾小姐02-26599838#1903)","本公司將舉辦2021年第四季線上法人說明會，
請各位投資人於法說會前安裝Zoom視訊會議軟體。
電腦端下載網址：http://www.zoomnow.net。
手機端下載：iOS - APP Store / Android - Google Play。","331220220401M001.pptx","331220220401E001.pptx","http://www.gmitec.com/investors/investor_conference",法說會影音連結資訊:http://www.gmitec.com/investors/investor_conference ,"請各位投資人務必於4/1(五)14:20前登入會議ID。","查詢"
"3312","弘憶股","111/08/17","14:00","Zoom直播會議室ID:98110408082(有意參加者，請洽曾小姐02-26599838#1903)","本公司將舉辦2022年第二季線上法人說明會， 請各位投資人於法說會前安裝Zoom視訊會議軟體。 
電腦端下載網址：http://www.zoomnow.net。 
手機端下載：iOS - APP Store / Android - Google Play。","331220220817M001.pptx","331220220817E001.pptx","http://www.gmitec.com/investors/investor_conference",法說會影音連結資訊:https://www.gmitec.com/investors/investor_conference/ ,"請各位投資人務必於8/17(三)13:50前登入會議ID。","查詢"
"3312","弘憶股","111/11/28","14:30","Zoom直播會議室ID:98278288726(有意參加者，請洽曾小姐02-26599838#1903)","本公司將舉辦2022年第三季線上法人說明會，請各位投資人於法說會前安裝Zoom視訊會議軟體。
電腦端下載網址：http://www.zoomnow.net。 
手機端下載：iOS-APP Store/Android-Google Play。","331220221128M001.pptx","331220221128E001.pptx","http://www.gmitec.com/investors/investor_conference/",法說會影音連結資訊:https://www.gmitec.com/investors/investor_conference/ ,"請各位投資人務必於11/28(一)14:20前登入會議ID。","查詢"
"3321","同泰","111/12/23","14:30","永豐金證券 台北市重慶南路一段2號19樓","本公司營運概況說明","332120221223M001.pdf","332120221223E001.pdf","","","無","查詢"
"3338","泰碩","111/01/14","14:00","台北市內湖區瑞光路335號2樓212會議室(宏匯瑞光廣場-t.Hub內科創新育成基地)","110年營運成果及未來營運展望","333820220114M001.pdf","333820220114E001.pdf","https://www.taisol.com",法說會影音連結資訊:https://youtu.be/2X0WPCwdgic ,"完整財務業務資訊請至公開資訊觀測站之法人說明會一覽表或法說會項下查閱","查詢"
"3338","泰碩","111/12/16","14:00","台北市內湖區瑞光路335號1樓103會議室(宏匯瑞光廣場B棟-t.Hub內科創新育成基地)","111年營運成果與未來展望","333820221216M001.pdf","333820221216E001.pdf","https://www.taisol.com",法說會影音連結資訊:https://youtu.be/l3jbQtWj6XQ ,"無","查詢"
"3346","麗清","111/07/27","14:30","線上法說會","本公司受邀參加凱基證券與IR Trust共同舉辦之「車用零組件迎全球新能源車競爭」線上研討會","334620220726M001.pptx","334620220726E001.pptx","","","無","查詢"
"3346","麗清","111/10/21","13:00","線上法說會","本公司受邀參加瑞銀證券舉辦之「UBS Taiwan Technology Day 2022」, 說明公司營運現況、產業現況及發展方向。","334620221020M001.pptx","334620221020E001.pptx","","","無","查詢"
"3356","奇偶","111/12/15","14:30","實體+線上團體會議
地點：台北市信義區菸廠路88號","本公司受邀參加元富證券舉辦之「12月台股企業日」線上法人說明會。","335620221213M002.pdf","335620221213E002.pdf","","","無。","查詢"
"3376","新日興","111/01/06","14:00","新日興股份有限公司(新北市樹林區俊英街174號)","本公司受邀參加瑞士信貸舉辦之Greater China Technology and Internet Conference，就公司營運概況等說明。","337620220104M001.pdf","337620220104E001.pdf","https://www.szs.com.tw/investor/conference","","無","查詢"
"3376","新日興","111/08/11","15:45","新日興股份有限公司(新北市樹林區俊英街174號)","本公司受邀參加元富證券舉辦之「2022年08月台股企業日」，就公司營運概況等說明。","337620220808M001.pdf","337620220808E001.pdf","https://www.szs.com.tw/investor/conference","","無","查詢"
"3376","新日興","111/03/10","09:00","新日興股份有限公司(新北市樹林區俊英街174號)","本公司受邀參加國泰證券舉辦之第一季產業論壇，就公司營運概況等說明。","337620220308M001.pdf","337620220308E001.pdf","http://www.szs.com.tw/news/corporation.aspx","","無","查詢"
"3376","新日興","111/05/20","14:00","新日興股份有限公司(新北市樹林區俊英街174號)","本公司受邀參加花旗證券舉辦之「Regional Tech Conference 2022」，就公司營運概況等說明。","337620220517M001.pdf","337620220517E001.pdf","http://www.szs.com.tw/news/corporation.aspx","","無","查詢"
"3376","新日興","111/05/12","15:45","新日興股份有限公司(新北市樹林區俊英街174號)","本公司受邀參加元富證券舉辦之「2022年05月台股企業日」，就公司營運概況等說明。","337620220509M001.pdf","337620220509E001.pdf","https://www.szs.com.tw/investor/conference","","無","查詢"
"3376","新日興","111/08/30","14:00","線上法人說明會","本公司受邀參加花旗證券舉辦之「Asia TMT Day 2022」，就公司營運概況等說明。","337620220826M001.pdf","337620220826E001.pdf","https://www.szs.com.tw/investor/conference","","無","查詢"
"3376","新日興","111/11/10","15:45","線上法人說明會","本公司受邀參加元富證券舉辦之「2022年11月台股企業日」，就公司營運概況等說明。","337620221108M001.pdf","337620221108E001.pdf","https://www.szs.com.tw/investor/conference","","無","查詢"
"3380","明泰","111/03/08","14:30","線上法人說明會","本公司2021年第四季財務結果及業務摘要","338020220308M001.pdf","338020220308E001.pdf","https://www.alphanetworks.com/index.php/irnews",同步收看網址：:http://www.zucast.com/webcast/wLrYC0gQ 法說會影音連結資訊:https://www.zucast.com/webcast/wLrYC0gQ?r=8ZeKT34z ,"無","查詢"
"3380","明泰","111/11/04","14:00","線上會議","本公司受邀參加元大證券舉辦之法人說明會，說明本公司2022年第三季營運成果及未來展望。","338020221104M001.pdf","338020221104E001.pdf","https://www.alphanetworks.com/index.php/irnews","","無。","查詢"
"3406","玉晶光","111/11/22","14:30","線上法說會","111年前三季營運報告及說明","340620221122M001.pdf","340620221122E001.pdf","https://www.gseo.com/about/file/2022/GSEO_2022RCC_ALL.pdf",中文影音檔網址:3406_6_20221122_ch.mp3 ,"完整財務業務資訊請至公開資訊觀測站之法人說明會一覽表或法說會項下查閱","查詢"
"3413","京鼎","111/06/10","14:00","線上法說會","本公司受邀參加福邦證券舉辦之線上法說會,會中公布本公司2022年第一季營運成果","341320220610M001.pdf","341320220610E001.pdf","http://www.foxsemicon.com.tw","","無","查詢"
"3413","京鼎","111/03/11","14:00","線上法說會","本公司受邀參加元大證券舉辦之線上法說會,會中公布本公司2021年第四季營運成果","341320220311M001.pdf","341320220311E001.pdf","http://www.foxsemicon.com.tw","","無","查詢"
"3413","京鼎","111/09/08","13:30","線上法說會","本公司受邀參加國泰證券第三季產業論壇,會中公佈本公司2022年第二季營運成果","341320220908M001.pdf","341320220908E001.pdf","http://www.foxsemicon.com.tw","","無","查詢"
"3413","京鼎","111/12/09","13:30","晶華國際酒店(台北市中山北路二段39巷3號4樓)","本公司受邀參加中國信託證券舉辦之「2022年中信證券第四季前瞻論壇」,會中公布本公司2022年第三季營運成果","341320221209M001.pdf","341320221209E001.pdf","http://www.foxsemicon.com.tw","","無","查詢"
"3416","融程電","111/04/20","10:30","新北市三重區興德路111之6號9樓","本公司受邀參加元大證券舉辦之法說會，說明本公司之營運概況、財務及業務相關資訊。","341620220419M002.pptx","341620220419E002.pptx","https://www.winmate.com/Corporate/MaterialInformation","","完整財務業務資訊請至公開資訊觀測站之法人說明會一覽表或法說會項目下查閱。","查詢"
"3419","譁裕","111/11/18","15:00","&#29319;亞證券股份有限公司(台北市復興北路99號2樓)","本公司受邀參加&#29319;亞證券舉辦之法人說明會","341920221118M001.pdf","341920221118E001.pdf","","","無","查詢"
"3432","台端","111/12/28","14:00","新北市中和區中正路880號13樓(本公司會議室)","本公司111年營運簡報","343220221227M001.pdf","343220221227E001.pdf","",中文影音檔網址:3432_7_20221228_ch.mp4 ,"無","查詢"
"3437","榮創","111/11/23","14:30","福邦證券總公司(台北市忠孝西路一段6號14樓)","本公司受邀參加福邦證券舉辦之法人說明會，說明本公司之營運、財務及業務概況。","343720221122M002.pdf","343720221122E002.pdf","https://www.aot.com.tw/investor/","","相關資訊將依規定揭露於公開資訊觀測站。","查詢"
"3443","創意","111/05/20","11:00","線上法說會","本公司受邀參加花旗證券所舉辦之線上法說會，會中說明本公司營運及業務狀況。","344320220516M001.pdf","344320220516E001.pdf","https://www.guc-asic.com/tw/investor-financials-quarterly.php","","無","查詢"
"3443","創意","111/05/20","16:30","線上法說會","本公司受邀參加台灣證券交易所及永豐金證券合辦之SinoPac x TWSE Taiwan Corporate Day 2022，說明本公司營運概況","344320220516M002.pdf","344320220516E002.pdf","https://www.guc-asic.com/tw/investor-financials-quarterly.php","","無","查詢"
"3443","創意","111/05/25","14:30","線上法說會","本公司受邀參加元大證券所舉辦之線上法說會，會中說明本公司營運及業務狀況。","344320220516M003.pdf","344320220516E003.pdf","https://www.guc-asic.com/tw/investor-financials-quarterly.php","","無","查詢"
"3443","創意","111/01/27","10:30","線上法人說明會","公布2021年第四季財務報告與營運績效","344320220126M001.pdf","344320220126E001.pdf","https://www.guc-asic.com/zh-tw/investor_financial/quar",法說會影音連結資訊:https://www.guc-asic.com/zh-tw/investor_financial/quar ,"無","查詢"
"3443","創意","111/03/16 至 111/03/23","15:00","線上法說會","本公司受邀參加美林證券所舉辦之線上法說會，會中說明本公司營運及業務狀況。","344320220126M001.pdf","344320220126E001.pdf","https://www.guc-asic.com/zh-tw/investor_financial/quar","","無","查詢"
"3443","創意","111/03/10","14:35","線上法說會","本公司受邀參加國泰證券所舉辦之線上法說會，會中說明本公司營運及業務狀況。","344320220126M001.pdf","344320220126E001.pdf","https://www.guc-asic.com/zh-tw/investor_financial/quar","","無","查詢"
"3443","創意","111/03/10","15:45","線上法說會","本公司受邀參加元富證券所舉辦之線上法說會，會中說明本公司營運及業務狀況。","344320220126M001.pdf","344320220126E001.pdf","https://www.guc-asic.com/zh-tw/investor_financial/quar","","無","查詢"
"3443","創意","111/03/09 至 111/03/10","14:00","線上法說會","本公司受邀參加花旗證券所舉辦之線上法說會，會中說明本公司營運及業務狀況。","344320220126M001.pdf","344320220126E001.pdf","https://www.guc-asic.com/zh-tw/investor_financial/quar","","無","查詢"
"3443","創意","111/08/10","15:45","線上法說會","本公司受邀參加元富證券所舉辦之線上法說會，會中說明本公司營運及業務狀況。","344320220728M001.pdf","344320220728E001.pdf","https://www.guc-asic.com/tw/investor-financials-quarterly.php","","無","查詢"
"3443","創意","111/09/06 至 111/09/08","14:00","線上法說會","本公司受邀參加瑞士信貸證券舉辦之23rd Credit Suisse Asian Technology Conference ，說明本公司營運及業務狀況。","344320220728M001.pdf","344320220728E001.pdf","https://www.guc-asic.com/tw/investor-financials-quarterly.php","","無","查詢"
"3443","創意","111/07/29","14:00","台北市忠孝東路二段95號13樓(兆豐證券總公司十三樓)","公布2022年第二季財務報告與營運績效","344320220728M001.pdf","344320220728E001.pdf","https://www.guc-asic.com/tw/investor-financials-quarterly.php",法說會影音連結資訊:https://www.guc-asic.com/tw/investor-financials-quarterly.php ,"無","查詢"
"3443","創意","111/06/21","14:00","線上法說會","本公司受邀參加瑞銀證券所舉辦之「UBS Taiwan Virtual Conference 2022」線上投資論壇","344320220516M003.pdf","344320220516E003.pdf","https://www.guc-asic.com/tw/investor-financials-quarterly.php","","無","查詢"
"3443","創意","111/11/23","14:00","台北遠企飯店","本公司受邀參加里昂證券舉辦之“ Taiwan Market Mover”，說明本公司營運及業務狀況。","344320221107M001.pdf","344320221107E001.pdf","https://www.guc-asic.com/tw/investor-financials-quarterly.php?","","無","查詢"
"3443","創意","111/12/01 至 111/12/02","14:00","台北 W HOTEL","本公司受邀參加花旗證券舉辦之Taiwan Corporate Day 2022，說明本公司營運及業務狀況。","344320221107M001.pdf","344320221107E001.pdf","https://www.guc-asic.com/tw/investor-financials-quarterly.php?","","無","查詢"
"3443","創意","111/08/24","15:55","線上法說會","本公司受邀參加野村證券所舉辦之線上法說會，會中說明本公司營運及業務狀況。","344320220728M001.pdf","344320220728E001.pdf","https://www.guc-asic.com/tw/investor-financials-quarterly.php","","無","查詢"
"3443","創意","111/08/30 至 111/08/31","15:00","線上法說會","本公司受邀參加花旗證券所舉辦之線上法說會，會中說明本公司營運及業務狀況。","344320220728M001.pdf","344320220728E001.pdf","https://www.guc-asic.com/tw/investor-financials-quarterly.php","","無","查詢"
"3443","創意","111/10/20 至 111/10/21","14:00","110台北市信義區松仁路7號5樓","本公司受邀參加UBS舉辦之Taiwan Technology Day: Automotive Supply Chain，說明本公司營運概況。","344320220728M001.pdf","344320220728E001.pdf","https://www.guc-asic.com/tw/investor-financials-quarterly.php","","無","查詢"
"3443","創意","111/12/07","14:35","台北晶華酒店","本公司受邀參加國泰證券舉辦之產業論壇，說明本公司營運及業務狀況。","344320221107M001.pdf","344320221107E001.pdf","https://www.guc-asic.com/tw/investor-financials-quarterly.php","","無","查詢"
"3443","創意","111/11/09","13:00","台北君悅飯店","本公司受邀瑞信證券法人說明會，說明本公司營運及業務概況。","344320221107M002.pdf","344320221107E002.pdf","https://www.guc-asic.com/tw/investor-financials-quarterly.php","","無","查詢"
"3443","創意","111/11/09","14:30","台北君悅飯店","本公司受邀參加麥格理證券舉辦之「Taiwan Corporate Day - Where tech goes in 2023」，說明本公司營運及業務狀況。","344320221107M004.pdf","344320221107E004.pdf","https://www.guc-asic.com/tw/investor-financials-quarterly.php","","無","查詢"
"3443","創意","111/11/09 至 111/11/10","10:00","台北遠企飯店","本公司受邀參加高盛證券舉辦之Taiwan Corporate Day，說明本公司營運及業務狀況。","344320221107M003.pdf","344320221107E003.pdf","https://www.guc-asic.com/tw/investor-financials-quarterly.php","","無","查詢"
"3443","創意","111/11/08 至 111/11/15","14:00","線上法說會","本公司受邀 Daiwa Investment Conference Hong Kong 2022 (Hybrid)，說明本公司營運及業務狀況。","344320221107M001.pdf","344320221107E001.pdf","https://www.guc-asic.com/tw/investor-financials-quarterly.php","","無","查詢"
"3447","展達","111/11/09","14:30","台北君悅酒店3樓凱悅廳I區(台北市信義區松壽路2號)","(1)本公司依「有價證券初次上市前業績發表會實施要點規定」，於上市前辦理股票初次上市前業績發表會。
(2)本次業績發表會將由本公司經營團隊說明產業發展、財務業務狀況、未來風險、公司治理及企業社會責任、臺灣證券交易所股份有限公司董事會暨上市審議委員會要求補充揭露事項。
(3)因考量防疫措施之場地與人數限制，現場開放參加之名額有限，欲現場參與本次業績發表會之貴賓，敬請事先報名。 (4)欲現場參加者，事先報名網址：https://www.surveycake.com/s/g8VNr。","344720221109M001.pdf","344720221109E001.pdf","http://www.xavi.com.tw/","","因應防疫要求，與會者須全程配戴口罩並遵守入場防疫規範。","查詢"
"3450","聯鈞","111/11/16","14:00","新北市板橋區民權路88號3樓-台北新板希爾頓酒店","本公司召開法人說明會","345020221116M001.pptx","345020221116E001.pptx","http://www.elaser.com.tw/sp1-6.htm",法說會影音連結資訊:https://www.youtube.com/watch?v=pLZq7q5rWew ,"因應防疫需求， 請參加來賓說明會全程戴口罩。","查詢"
"3481","群創","111/03/02","14:00","線上法說會","本公司將舉辦2022年上半年線上法說會，報告110年第四季公司營運成果及未來營運展望。","348120220302M001.pdf","348120220302E001.pdf","https://www.innolux.com/tw/ir/investor-conference_list.html",同步收看網址：:https://wms.gridow.com/ir/innolux/innolux_1H22.html 法說會影音連結資訊:https://wms.gridow.com/ir/innolux/innolux_1H22.html ,"無","查詢"
"3481","群創","111/08/18","14:00","線上法說會","本公司將舉辦2022年下半年線上法說會，報告111年第二季公司營運成果及未來營運展望。","348120220818M001.pdf","348120220818E001.pdf","https://www.innolux.com/tw/ir/investor-conference_list.html",同步收看網址：:https://wms.gridow.com/ir/innolux/innolux_2H22.html 法說會影音連結資訊:未輸 ,"無","查詢"
"3481","群創","111/03/23","14:00","線上法說會","本公司將參加瑞士信貸所舉辦之「25th Credit Suisse Asian Investment Conference」，報告110年第四季公司營運成果與未來展望。","348120220302M001.pdf","348120220302E001.pdf","","","無","查詢"
"3481","群創","111/09/07","14:00","線上法說會","本公司將參加瑞士信貸所舉辦之「23rd Credit Suisse Asian Technology Conference」，報告111年第二季公司營運成果與未來展望。","348120220818M001.pdf","348120220818E001.pdf","","","無","查詢"
"3494","誠研","111/12/22","14:00","新北市新店區北新路三段213號1樓「台北矽谷國際會議中心1B廳","本公司受邀參加凱基證券舉辦法說會，說明111年前三季營運成果
及公司未來營運展望","349420221221M001.pdf","349420221221E001.pdf","","","無","查詢"
"3501","維熹","111/12/06","14:30","福邦證券總公司(台北市忠孝西路一段6號7樓)","本公司受邀參加福邦證券舉辦之法人說明會，說明本公司之營運概況及財務業務相關資訊","350120221206M002.pdf","350120221206E002.pdf","http://www.wellshin.com.tw","","無","查詢"
"3504","揚明光","111/02/11","15:00","線上法說會網路直播","110年度財務業務報告","350420220211M001.pdf","350420220211E001.pdf","https://www.youngoptics.com/investors-13-16-102",同步收看網址：:http://www.zucast.com/webcast/uuWDtJ8u 法說會影音連結資訊:未輸 ,"無","查詢"
"3504","揚明光","111/07/25","15:00","線上法說會網路直播","111年上半年度財務業務報告","350420220725M001.pdf","350420220725E001.pdf","https://www.youngoptics.com/investors-13-16-104",同步收看網址：:http://www.zucast.com/webcast/PKS0ejaz ,"無","查詢"
"3515","華擎","111/06/16","15:45","線上會議","本公司受邀參加元富「2022年Q2元富台股企業日」","351520220616M001.pdf","351520220616E001.pdf","https://www.asrock.com/general/investor.tw.asp?cat=Finance","","無","查詢"
"3515","華擎","111/03/03","15:20","線上會議","本公司受邀參加群益金鼎證券舉辦之投資論壇","351520220303M001.pdf","351520220303E001.pdf","https://www.asrock.com/general/investor.tw.asp?cat=Finance","","無","查詢"
"3515","華擎","111/11/15","14:00","線上會議","本公司受邀參加富邦證券舉辦之法人說明會","351520221114M001.pdf","351520221114E001.pdf","https://www.asrock.com/general/investor.tw.asp?cat=Finance","","無","查詢"
"3515","華擎","111/09/07","11:00","線上會議","本公司受邀參加元大證券舉辦之投資產業論壇","351520220907M001.pdf","351520220907E001.pdf","https://www.asrock.com/general/investor.tw.asp?cat=Finance","","無","查詢"
"3518","柏騰","111/12/01","14:30","臺灣證券交易所1樓資訊展示中心(台北市信義區信義路5段7號1樓)","公司簡介及營運概況說明","351820221130M001.pdf","351820221130E001.pdf","http://www.pttech.com.tw/investor-conference/",法說會影音連結資訊:https://webpro.twse.com.tw/webportal/vod/101/2182451A5070-C0082087-714A-11ED-8D56/?categoryId=101 ,"會議資料依規定於法說會後揭露於公開資訊觀測站及公司網站","查詢"
"3528","安馳","111/08/25","14:30","https://forms.gle/5FwCLiax65iYXy3aA","群益金鼎證券舉辦之線上法人說明會，說明本公司營運成果及未來展望","352820220824M001.pdf","352820220824E001.pdf","http://www.anstek.com.tw","","無","查詢"
"3530","晶相光","111/09/07","14:00","線上法說會","本公司受邀參加永豐金證券舉辦之線上法人說明會，說明本公司之營運概況。","353020220906M001.pdf","353020220906E001.pdf","https://www.soinc.com.tw/investors/finance/legal","","報名請洽永豐金鄒小姐(02)23823207或E-MAIL:joyce.tsou@sinopac.com","查詢"
"3530","晶相光","111/12/20","14:00","線上法說會","本公司受邀參加永豐金證券舉辦之線上法人說明會，說明本公司之營運概況。","353020221219M001.pdf","353020221219E001.pdf","https://www.soinc.com.tw/investors/finance/legal","","報名請洽永豐金鄒小姐(02)23823207或E-MAIL:joyce.tsou@sinopac.com","查詢"
"3532","台勝科","111/06/02","14:00","線上法說會","本公司受邀參加由日盛證券舉辦之線上法說會，將於會中說明本公司近期營運概況。","353220220601M001.pdf","353220220601E001.pdf","https://www.fstech.com.tw/","","無","查詢"
"3532","台勝科","111/11/28","14:00","華南永昌證券公司(台北市松山區民生東路四段54號4F)","本公司受邀參加由華南永昌證券舉辦之實體法說會，將於會中說明本公司近期營運概況。","353220221127M001.pdf","353220221127E001.pdf","https://www.fstech.com.tw/","","無","查詢"
"3533","嘉澤","111/06/16","09:40","線上法說會","本公司受邀參加凱基證券舉辦之KGI線上投資論壇，說明本公司之營運概況、財務及業務相關資訊。","353320220615M001.pdf","353320220615E001.pdf","","","無","查詢"
"3533","嘉澤","111/03/02 至 111/03/03","09:00","線上法說會","本公司受邀參加本公司受邀參加瑞銀證券舉辦之 UBS x TWSE Taiwan Corporate Day，說明本公司之營運概況、財務及業務相關資訊。","353320220301M001.pdf","353320220301E001.pdf","","","無","查詢"
"3533","嘉澤","111/08/30","14:00","線上法說會","本公司受邀參加 HSBC Taiwan Executive Forum","353320220825M002.pdf","353320220825E002.pdf","","","無","查詢"
"3533","嘉澤","111/08/31","09:00","線上法說會","本公司受邀參加Citi Asia TMT Day，說明本公司之營運概況、財務及業務相關資訊。","353320220825M001.pdf","353320220825E001.pdf","","","無","查詢"
"3533","嘉澤","111/09/07","15:00","線上法說會","本公司受邀參加2022年元大證券第三季投資產業論壇","353320220906M002.pdf","353320220906E002.pdf","","","1、更改111/9/6 11:54:08 重大訊息公告    2、更改時間為15:00   3、更改為線上法說會","查詢"
"3533","嘉澤","111/11/11","09:00","線上法說會","本公司受邀參加JP Morgan Global TMT Conference in Asia，說明本公司之營運概況、財務及業務相關訊息。","353320221110M001.pdf","353320221110E001.pdf","","","無","查詢"
"3533","嘉澤","111/09/07","09:00","線上法說會","受邀參加 23rd Credit Suisse Asian Technology Conference","353320220906M003.pdf","353320220906E003.pdf","","","無","查詢"
"3533","嘉澤","111/12/08","15:20","晶華酒店4F會議室 (台北市中山區中山北路二段39巷3號4樓)","本公司受邀參加KGI第四季論壇，說明本公司之營運概況、財務及業務相關訊息。","353320221207M001.pdf","353320221207E001.pdf","","","無","查詢"
"3533","嘉澤","111/11/11","14:30","台北君悅大飯店(台北市信義區松壽路2號)","本公司受邀參加Macquarie Taiwan Corporate Day，說明本公司之營運概況、財務及業務相關訊息。","353320221110M002.pdf","353320221110E002.pdf","","","無","查詢"
"3533","嘉澤","111/09/19","09:00","線上法說會","本公司受邀參加寬量國際與臺灣證券交易所共同主辦之第12 屆Taiwan CEO Week 線上投資論壇，說明本公司之營運概況、財務及業務相關訊息。","353320220906M003.pdf","353320220906E003.pdf","","","無","查詢"
"3535","晶彩科","111/08/16","14:00","中國信託證券線上法人說明會","本公司受邀參加中國信託綜合證券股份有限公司舉辦之線上法人說明會。","353520220816M001.pdf","353520220816E001.pdf","https://reurl.cc/jGd2eq","","無。","查詢"
"3535","晶彩科","111/11/11","14:00","台新證券線上法人說明會","本公司受邀參加台新綜合證券舉辦之線上法人說明會","353520221107M002.pdf","353520221107E002.pdf","","","無","查詢"
"3543","州巧","111/12/12","15:30","福邦證券總公司(台北市忠孝西路一段6號14樓)","受邀參加福邦證券舉辦之法人說明會，就本公司已公開之財務業務資訊作說明。","354320221212M001.pdf","354320221212E001.pdf","https://www.jochu.com/StockServices.html","","無","查詢"
"3545","敦泰","111/07/29","14:30","線上法說會","受邀參加富邦證券舉辦之線上法人說明會","354520220729M001.pdf","354520220729E001.pdf","http://www.focaltech-electronics.com/","","報名請洽富邦法人部: irene.yt.lin@fubon.com","查詢"
"3545","敦泰","111/04/26","14:30","線上法說會","受邀參加富邦證券舉辦之線上法人說明會","354520220426M002.PDF","354520220426E002.PDF","http://www.focaltech-electronics.com/cf/","","報名請洽富邦法人部: irene.yt.lin@fubon.com","查詢"
"3545","敦泰","111/01/04","09:45","線上法說會","受邀參加元富證券與證交所合辦之投資論壇「智慧台灣2022」","354520211029M001.pdf","354520211029E001.pdf","","","無","查詢"
"3545","敦泰","111/02/24","14:30","線上法說會","受邀參加富邦證券舉辦之線上法人說明會","354520220224M001.pdf","354520220224E001.pdf","http://www.focaltech-electronics.com/cf/","","報名請洽富邦法人部: yunhsuan.chang@fubon.com","查詢"
"3545","敦泰","111/06/21","09:00","線上法說會","公司受邀參加UBS舉辦之「Taiwan Virtual Conference 2022」。","354520220426M002.PDF","354520220426E002.PDF","http://www.focaltech-electronics.com/cf/","","無。","查詢"
"3545","敦泰","111/08/10","15:45","線上法說會","受邀參加元富證券舉辦之2022年台股企業日","354520220729M001.pdf","354520220729E001.pdf","http://www.focaltech-electronics.com/","","無。","查詢"
"3545","敦泰","111/09/20","09:10","線上法說會","公司受邀參加QIC舉辦之「TAIWAN CEO WEEK」","354520220729M001.pdf","354520220729E001.pdf","http://www.focaltech-electronics.com","","無。","查詢"
"3545","敦泰","111/11/11","14:30","線上法說會","受邀參加富邦證券舉辦之線上法人說明會","354520221111M001.pdf","354520221111E001.pdf","https://www.focaltech-electronics.com","","報名請洽富邦法人部: irene.yt.lin@fubon.com","查詢"
"3550","聯穎","111/10/20","14:30","南港中信金融園區B棟13樓1301會議室(台北市南港區經貿二路188號13樓)","本公司受中國信託證券邀請，參加其舉辦的法人座談會，說明本公司營運及財務概況。","355020221018M001.pptx","355020221018E001.pptx","http://www.copartner.com.tw/front/bin/ptdetail.phtml?Part=info20221014&amp;Category=101749","","無","查詢"
"3557","嘉威","111/12/09","14:30","台北文創(台北市信義區菸廠路88號6樓)","本公司營運及財務狀況說明","355720221209M001.pdf","355720221209E001.pdf","https://www.jiaweils.com/ActivityInfo/C000010",法說會影音連結資訊:https://webpro.twse.com.tw/WebPortal/ ,"無","查詢"
"3563","牧德","111/02/23","14:30","線上法說會","公司營運狀況說明","356320220223M001.pdf","356320220223E001.pdf","http://www.machvision.com.tw/",中文影音檔網址:3563_26_20220223_ch.mp4 ,"無","查詢"
"3563","牧德","111/08/25","15:00","線上法說會","公司營運狀況說明","356320220825M001.pdf","356320220825E001.pdf","http://www.machvision.com.tw",同步收看網址：:https://www.zucast.com/event/Wj5kozmk/subscribe/create 法說會影音連結資訊:https://youtu.be/dyJyUlZbYSk ,"無","查詢"
"3576","聯合再生","111/06/07","14:00","線上法人座談會","本公司受邀參加凱基證券舉辦線上法人座談會","357620220606M001.pdf","357620220606E001.pdf","","","無","查詢"
"3576","聯合再生","111/11/29","15:15","台北市中山區中山北路二段39巷3號(台北晶華酒店)","公告本公司受邀參加台新證券2022年第四季全球投資論壇。","357620221128M001.pdf","357620221128E001.pdf","","","無","查詢"
"3583","辛耘","111/12/28","14:00","線上法人說明會","本公司受邀參加富邦證券舉辦之法人說明會，說明本公司之營運概況。","358320221227M001.pdf","358320221227E001.pdf","https://www.scientech.com.tw/zh-hant/pages/%E6%B3%95%E8%AA%AA%E6%9C%83.aspx","","無","查詢"
"3583","辛耘","111/03/16","11:00","晶華酒店/4樓會議室(台北市中山區中山北路二段39巷3號)","本公司受邀參加凱基證券舉辦之「2022年第一季投資論壇」","358320220315M001.pdf","358320220315E001.pdf","https://www.scientech.com.tw/zh-hant/pages/%E6%B3%95%E8%AA%AA%E6%9C%83.aspx","","無","查詢"
"3583","辛耘","111/06/16","15:30","臺灣證券交易所1樓資訊展示中心(台北市信義區信義路5段7號 (101大樓)","本公司於111年6月16日舉辦111年第二季法人說明會","358320220615M002.pdf","358320220615E002.pdf","https://www.scientech.com.tw/zh-hant/pages/%E6%B3%95%E8%AA%AA%E6%9C%83.aspx",法說會影音連結資訊:https://webpro.twse.com.tw/webportal/vod/101/9913876F2E17-8F26015D-ED4D-11EC-8D93/?categoryId=101 ,"無","查詢"
"3583","辛耘","111/08/30","15:15","晶華酒店/4樓會議室(台北市中山區中山北路二段39巷3號)","台新證券舉辦之2022年第三季全球投資論壇","358320220829M001.pdf","358320220829E001.pdf","https://www.scientech.com.tw/zh-hant/pages/%E6%B3%95%E8%AA%AA%E6%9C%83.aspx","","無","查詢"
"3588","通嘉","111/12/15","14:30","康和證券總公司 台北市信義區基隆路一段176號B2會議室","本公司受邀參加康和證券舉辦之法人說明會，說明本公司業務與財務狀況。","358820221215M001.pdf","358820221215E001.pdf","https://www.leadtrend.com.tw/tw/investor/shareholder-services/conference-information","","無","查詢"
"3591","艾笛森","111/08/05","14:00","線上法人說明會","本公司受邀參加富邦證券所舉辦之線上法說會，說明本公司111年第二季營運成果及近期營運展望。","359120220804M001.pdf","359120220804E001.pdf","https://www.edison-opto.com/2022-corporate-briefing-materials/","","無","查詢"
"3591","艾笛森","111/11/11","14:00","線上法人說明會","本公司受邀參加富邦證券所舉辦之線上法說會，說明本公司111年第三季營運成果及近期營運展望。","359120221108M001.pdf","359120221108E001.pdf","https://www.edison-opto.com/2022-corporate-briefing-materials/","","無","查詢"
"3592","瑞鼎","111/08/11","14:00","線上法說會","本公司受邀參加凱基證券舉辦之線上法人說明會","359220220811M001.pdf","359220220811E001.pdf","https://www.rad-ic.com/zh-TW/news/index",法說會影音連結資訊:https://youtu.be/eQnY03RI_90 (請輸入網址名稱(註)):未輸 ,"報名請洽凱基證券:janice.cheng@kgi.com","查詢"
"3592","瑞鼎","111/05/17","14:00","線上法說會","受邀參加富邦證券舉辦之線上法人說明會","359220220517M002.pdf","359220220517E002.pdf","https://www.rad-ic.com/zh-TW/news/index",法說會影音連結資訊:未輸 ,"報名請洽富邦法人部: irene.yt.lin@fubon.com","查詢"
"3592","瑞鼎","111/11/15","14:00","線上法說會","本公司受邀參加元大證券舉辦之線上法人說明會","359220221115M001.pdf","359220221115E001.pdf","https://www.rad-ic.com/zh-TW/news/index",法說會影音連結資訊:https://www.youtube.com/watch?v=rIq6WfFc3lY ,"報名請洽元大證券投資銀行業務部underwriting.brk@yuanta.com","查詢"
"3593","力銘","111/11/07","15:00","台北市信義區信義路五段7號1樓 (臺灣證券交易所101辦公大樓)","本公司簡介與營運概況說明","359320221107M001.pdf","359320221107E001.pdf","http://www.logah.com/",法說會影音連結資訊:https://webpro.twse.com.tw/webportal/vod/101/C9B6F1071B9F-C9FDE849-5E6D-11ED-9E4A/?categoryId=101 ,"無","查詢"
"3596","智易","111/05/26","10:00","線上機構投資人說明會","本公司受邀參加由富邦證券所舉辦之「富邦投資論壇2022」，說明本公司營運及財務概況。","359620220517M001.pdf","359620220517E001.pdf","https://www.arcadyan.com/","","無","查詢"
"3596","智易","111/01/04","11:00","電話會議","本公司受邀參加由臺灣證券交易所及元富證券共同主辦之線上法說會「SMART TAIWAN 2022」，說明本公司營運概況。","359620211229M002.pdf","359620211229E002.pdf","https://www.arcadyan.com","","無","查詢"
"3596","智易","111/01/05","09:00","電話會議","本公司受邀參加由Credit Suisse主辦之線上法說會「2022 Greater China Technology and Internet Conference」，說明本公司營運概況。","359620220104M001.pdf","359620220104E001.pdf","https://www.arcadyan.com","","無","查詢"
"3596","智易","111/03/03","09:00","電話會議","本公司受邀參加由瑞銀證券及臺灣證券交易所共同主辦之線上法說會「UBS x TWSE Taiwan Corporate Day 2022」，說明本公司營運概況。","359620220104M001.pdf","359620220104E001.pdf","https://www.arcadyan.com/","","無","查詢"
"3596","智易","111/04/01","10:30","線上機構投資人說明會","本公司受邀參加由ICA Research所舉辦之「2nd Annual Future of Asia Conference」，說明本公司財務及營運概況。","359620220324M001.pdf","359620220324E001.pdf","https://www.arcadyan.com/","","無","查詢"
"3596","智易","111/03/25","10:00","線上機構投資人說明會","本公司受邀參加由美銀證券所舉辦之「BofA 2022 APAC TMT Conference」，說明本公司營運及財務概況。","359620220324M001.pdf","359620220324E001.pdf","https://www.arcadyan.com/","","無","查詢"
"3596","智易","111/03/11","14:30","線上法說會","公布本公司110年第4季財務報告及市場展望。","359620220311M002.pdf","359620220311E002.pdf","https://www.arcadyan.com/","","無","查詢"
"3596","智易","111/04/12","15:45","台北市復興南路一段209號4樓","本公司受邀參加由元富證券所舉辦之「2022年台股企業日」，說明本公司營運及財務概況。","359620220324M001.pdf","359620220324E001.pdf","https://www.arcadyan.com/","","無","查詢"
"3596","智易","111/05/18","14:00","線上機構投資人說明會","本公司受邀參加由花旗證券所舉辦之「Regional Tech Conference 2022」，說明本公司營運及財務概況。","359620220517M001.pdf","359620220517E001.pdf","https://www.arcadyan.com/","","無","查詢"
"3596","智易","111/06/16","09:40","線上機構投資人說明會","本公司受邀參加由凱基證券所舉辦之「凱基證券2022第二季投資論壇」，說明本公司營運及財務概況。","359620220517M001.pdf","359620220517E001.pdf","https://www.arcadyan.com/","","無","查詢"
"3596","智易","111/07/12","17:00","線上機構投資人說明會","本公司受邀參加由ICA Research所舉辦之「第三屆亞太機遇峰會」，說明本公司營運及財務概況。","359620220517M001.pdf","359620220517E001.pdf","https://www.arcadyan.com/","","無","查詢"
"3596","智易","111/10/31 至 111/11/04","08:30","馬來西亞(111/10/31)
新加坡(111/11/01-111/11/02)
香港(111/11/03-111/11/04)","本公司受邀參加由國泰證券主辦之「智易(3596.TT)海外路演」，說明本公司營運及財務概況。","359620220822M001.pdf","359620220822E001.pdf","https://www.arcadyan.com/","","無","查詢"
"3596","智易","111/09/15","14:00","台北美福大飯店(台北市中山區樂群二路55號)","本公司受邀參加由統一證券所舉辦之「2022Q3全球展望秋季投資論壇」，說明本公司營運及財務概況。","359620220822M001.pdf","359620220822E001.pdf","https://www.arcadyan.com/","","無","查詢"
"3596","智易","111/09/07","15:45","線上機構投資人說明會","本公司受邀參加元富證券所舉辦之「2022年台股企業日」，說明本公司營運及財務概況。","359620220822M001.pdf","359620220822E001.pdf","https://www.arcadyan.com/","","無","查詢"
"3596","智易","111/09/02","14:00","台北君悅酒店 (台北市信義區松壽路2號3樓)","本公司受邀參加由富邦/日盛證券所舉辦之「2022年第三季富邦投資論壇」，說明本公司營運及財務概況。","359620220822M001.pdf","359620220822E001.pdf","https://www.arcadyan.com/","","無","查詢"
"3596","智易","111/08/23","10:00","線上機構投資人說明會","本公司受邀參加由瑞銀證券所舉辦之「UBS Digital Assets Conference Asia 2022」，說明本公司營運及財務概況。","359620220822M001.pdf","359620220822E001.pdf","https://www.arcadyan.com/","","無","查詢"
"3596","智易","111/09/06","14:40","台北遠東香格里拉大飯店 (台北市敦化南路二段201號B1)","本公司受邀參加永豐金證券所舉辦之「2022年第三季產業投資論壇」，說明本公司營運及財務概況。","359620220822M001.pdf","359620220822E001.pdf","https://www.arcadyan.com/","","無","查詢"
"3596","智易","111/12/01","14:00","台北萬豪酒店(台北市中山區樂群二路199號)","本公司受邀參加由群益金鼎證券所舉辦之「2022年第四季投資論壇」，說明本公司營運及財務概況。","359620221125M001.pdf","359620221125E001.pdf","https://www.arcadyan.com/","","無","查詢"
"3596","智易","111/11/29","15:15","台北晶華酒店(台北市中山區中山北路二段39巷3號)","本公司受邀參加由台新證券所舉辦之「台新2022年第四季全球投資論壇」，說明本公司營運及財務概況。","359620221125M001.pdf","359620221125E001.pdf","https://www.arcadyan.com/","","無","查詢"
"3596","智易","111/10/14","15:15","線上機構投資人說明會","本公司受邀參加由證券櫃檯買賣中心及國泰證券共同主辦之「2022Q4 全球投資線上論壇」，說明本公司營運及財務概況。","359620220822M001.pdf","359620220822E001.pdf","https://www.arcadyan.com/","","無","查詢"
"3605","宏致","111/12/26","14:30","KGI凱基證券總部大樓(台北市明水路700號12樓)","本公司受邀參加凱基證券舉辦之法人說明會，說明公司營運狀況及未來展望。","360520221226M001.pdf","360520221226E001.pdf","http://www.acesconn.com","","無","查詢"
"3607","谷崧","111/11/29","15:30","台北市信義區信義路五段7號1樓(證券交易所資訊展示中心)","本公司近期營運狀況說明","360720221129M001.ppt","360720221129E001.ppt","http://www.coxongroup.com",法說會影音連結資訊:https://webpro.twse.com.tw/WebPortal/vod/101/2182451A5070-5C295FF4-6FC1-11ED-8D56/?categoryId=101 ,"無","查詢"
"3617","碩天","111/09/01","14:30","宏遠證券702會議室 (台北市信義路四段236號7樓)","本公司受邀參加宏遠證券舉辦之法人說明會，就公司財務及業務相關資訊做說明。","361720220901M001.pdf","361720220901E001.pdf","https://www.cyberpower.com/tw/zh/investor/shareholder","","無。","查詢"
"3622","洋華","111/04/15","14:00","線上法說會","2021年第四季營運狀況及未來展望","362220220414M001.pdf","362220220414E001.pdf","http://www.yfo.com.tw/index.php?option=com_content&amp;task=view&amp;id=102&amp;Itemid=77",中文影音檔網址:3622_39_20220415_ch.mp3 ,"法說會書面資料請於2022/4/14(四)17:30後至公開資訊觀測站或本公司網站下載","查詢"
"3645","達邁","111/11/09","16:00","臺灣證券交易所1樓資訊展示中心(台北市信義路五段7號)","本公司2022年第三季財務暨營運報告","364520221109M001.pdf","364520221109E001.pdf","http://www.taimide.com.tw",法說會影音連結資訊:https://webpro.twse.com.tw/webportal/vod/101/C9B6F1071B9F-6FEF6B6C-6013-11ED-9E4A/?categoryId=101 ,"無","查詢"
"3652","精聯","111/11/24","14:30","線上法說會","受邀參加 凱基證券舉辦之線上法人說明會，報名請洽 凱基證券 鄭小姐，電話：02-2181-8167。","365220221124M001.pdf","365220221124E001.pdf","https://www.ute.com/tw/ir/information/legal","","無。","查詢"
"3653","健策","111/12/01","15:10","台北君悅酒店(台北市信義區松壽路2號3樓)","說明公司簡介、主要產品運用、實績與展望及財務資訊等相關訊息。","365320221201M001.pdf","365320221201E001.pdf","https://www.tw.jentech.com.tw/copy-of","","無","查詢"
"3661","世芯-KY","111/04/29","14:30","線上法說會","說明2022年第一季營運與財務概況暨未來展望","366120220429M001.pdf","366120220429E001.pdf","https://www.alchip.com/tw-home/investors/investment-conferences/",法說會影音連結資訊:https://www.alchip.com/tw-home/investors/financials/investment-conference-information/ ,"簡報內容及影音連結於當日會後公告於公開資訊觀測站","查詢"
"3661","世芯-KY","111/03/04","14:30","線上法說會","說明公司2021年營運成果及2022年營運概況暨未來展望","366120220304M001.pdf","366120220304E001.pdf","https://www.alchip.com/tw-home/investors/investment-conferences/",法說會影音連結資訊:https://www.alchip.com/tw-home/investors/financials/investment-conference-information/ ,"簡報內容及影音連結於當日會後公告於公開資訊觀測站","查詢"
"3661","世芯-KY","111/11/04","14:30","線上法說會","說明2022年第三季營運與財務概況暨未來展望","366120221104M001.pdf","366120221104E001.pdf","https://www.alchip.com/tw-home/investors/investment-conferences/",法說會影音連結資訊:https://www.alchip.com/tw-home/investors/financials/investment-conference-information/ ,"簡報內容及影音連結於當日會後公告於公開資訊觀測站","查詢"
"3661","世芯-KY","111/08/26","14:30","線上法說會","說明2022年第二季營運與財務概況暨未來展望","366120220826M001.pdf","366120220826E001.pdf","https://www.alchip.com/tw-home/investors/investment-conferences/",法說會影音連結資訊:https://www.alchip.com/tw-home/investors/financials/investment-conference-information/ ,"簡報內容及影音連結於當日會後公告於公開資訊觀測站","查詢"
"3665","貿聯-KY","111/06/09 至 111/06/10","09:00","線上會議","本公司受邀參加美林證券所舉辦之線上投資論壇，說明營運概況。","366520220516M001.pdf","366520220516E001.pdf","http://www.bizlinktech.com","","無","查詢"
"3665","貿聯-KY","111/07/26","14:00","線上會議","本公司受邀參加永豐證券所舉辦之線上會議，說明營運概況。","366520220516M001.pdf","366520220516E001.pdf","http://www.bizlinktech.com","","無","查詢"
"3665","貿聯-KY","111/01/25","09:00","線上會議","本公司受邀參加美林證券所舉辦之線上投資論壇。","366520210105M001.pdf","366520210105E001.pdf","http://www.bizlinktech.com","","無。","查詢"
"3665","貿聯-KY","111/07/19","11:00","線上會議","本公司受邀參加國泰證券所舉辦之線上會議，說明營運概況。","366520220516M001.pdf","366520220516E001.pdf","http://www.bizlinktech.com","","無","查詢"
"3665","貿聯-KY","111/01/06","11:00","線上會議","本公司受邀參加瑞士信貸所舉辦之線上投資論壇，說明營運概況。","366520211116M001.pdf","366520211116E001.pdf","http://www.bizlinktech.com","","無","查詢"
"3665","貿聯-KY","111/01/11","13:00","線上會議","本公司受邀參加野村證券舉辦之線上會議，說明營運概況。","366520210105M001.pdf","366520210105E001.pdf","http://www.bizlinktech.com","","無","查詢"
"3665","貿聯-KY","111/03/28 至 111/04/01","13:00","線上會議","本公司受邀參加瑞士信貸所舉辦之線上投資論壇。","366520220325M001.pdf","366520220325E001.pdf","http://www.bizlinktech.com","","無","查詢"
"3665","貿聯-KY","111/05/04","10:00","線上會議","本公司受邀參加大和國泰證券舉辦之線上會議，說明營運概況。","366520220429M001.pdf","366520220429E001.pdf","http://www.bizlinktech.com",法說會影音連結資訊:未輸 ,"無","查詢"
"3665","貿聯-KY","111/04/12","15:45","線上會議","本公司受邀參加元富證券所舉辦之「2022年4月台股企業日」，說明營運概況。","366520220325M001.pdf","366520220325E001.pdf","http://www.bizlinktech.com",:未輸 法說會影音連結資訊:未輸 ,"無","查詢"
"3665","貿聯-KY","111/05/13","16:00","線上會議","本公司受邀參加ICA舉辦的2022年第一季財報英語之線上法人說明會，說明營運概況。","366520220513M001.pdf","366520220513E001.pdf","http://www.bizlinktech.com",法說會影音連結資訊:未輸 ,"無","查詢"
"3665","貿聯-KY","111/05/16 至 111/05/18","09:00","線上會議","本公司受邀參加瑞士信貸所舉辦之線上投資論壇，說明營運概況。","366520220516M001.pdf","366520220516E001.pdf","http://www.bizlinktech.com",法說會影音連結資訊:未輸 ,"無","查詢"
"3665","貿聯-KY","111/05/20","11:00","線上會議","本公司受邀參加花旗證券所舉辦之線上投資論壇，說明營運概況。","366520220516M001.pdf","366520220516E001.pdf","http://www.bizlinktech.com","","無","查詢"
"3665","貿聯-KY","111/04/07 至 111/04/08","14:00","線上會議","本公司受邀參加臺灣證券交易所及高盛證券舉辦之線上會議，說明營運概況。","366520220325M001.pdf","366520220325E001.pdf","http://www.bizlinktech.com","","無。","查詢"
"3665","貿聯-KY","111/06/16","15:20","線上會議","本公司受邀參加凱基證券第二季線上投資論壇，說明營運概況。","366520220516M001.pdf","366520220516E001.pdf","http://www.bizlinktech.com","","無","查詢"
"3665","貿聯-KY","111/06/27","16:00","線上會議","本公司受邀參加國泰證券所舉辦之線上會議，說明營運概況。","366520220516M001.pdf","366520220516E001.pdf","http://www.bizlinktech.com","","無","查詢"
"3665","貿聯-KY","111/06/20 至 111/06/21","10:00","線上會議","本公司受邀參加UBS線上投資論壇，說明營運概況。","366520220516M001.pdf","366520220516E001.pdf","http://www.bizlinktech.com","","無","查詢"
"3665","貿聯-KY","111/06/28","14:00","線上會議","本公司受邀參加富邦證券所舉辦之線上會議，說明營運概況。","366520220516M001.pdf","366520220516E001.pdf","http://www.bizlinktech.com","","無","查詢"
"3665","貿聯-KY","111/07/13","14:30","線上會議","本公司受邀參加元富證券舉辦之「7月台股企業日」線上法人說明會，說明營運概況。","366520220516M001.pdf","366520220516E001.pdf","http://www.bizlinktech.com","","無","查詢"
"3665","貿聯-KY","111/09/01","10:30","線上會議","本公司受邀參加富邦證券所舉辦之線上會議，說明營運概況。","366520220829M001.pdf","366520220829E001.pdf","http://www.bizlinktech.com。","","無","查詢"
"3665","貿聯-KY","111/09/06","09:00","線上會議","本公司受邀參加瑞士信貸所舉辦之線上投資論壇，說明營運概況。","366520220829M001.pdf","366520220829E001.pdf","http://www.bizlinktech.com","","無","查詢"
"3665","貿聯-KY","111/09/07","09:30","線上會議","本公司受邀參加元大證券所舉辦之線上會議，說明營運概況。","366520220829M001.pdf","366520220829E001.pdf","http://www.bizlinktech.com","","無","查詢"
"3665","貿聯-KY","111/09/07","13:30","線上會議","本公司受邀參加國泰證券所舉辦之線上會議，說明營運概況。","366520220829M001.pdf","366520220829E001.pdf","http://www.bizlinktech.com","","無","查詢"
"3665","貿聯-KY","111/08/30","10:00","線上會議","公司受邀參加花旗證券所舉辦之線上投資論壇，說明營運概況。","366520220829M001.pdf","366520220829E001.pdf","http://www.bizlinktech.com","","無","查詢"
"3665","貿聯-KY","111/08/26","15:00","線上會議","本公司受邀參加ICA舉辦的2022年第二季財報英語之線上法人說明會，說明營運概況。","366520220826M001.pdf","366520220826E001.pdf","http://www.bizlinktech.com","","無","查詢"
"3665","貿聯-KY","111/11/10","16:00","線上會議","本公司受邀參加ICA舉辦的2022年第三季財報英語之線上法人說明會，說明營運概況。","366520221110M001.pdf","366520221110E001.pdf","http://www.bizlinktech.com","","無","查詢"
"3665","貿聯-KY","111/11/16","09:00","線上會議","本公司受邀參加摩根大通所舉辦之線上投資論壇，說明營運概況。","366520221110M001.pdf","366520221110E001.pdf","http://www.bizlinktech.com","","無","查詢"
"3665","貿聯-KY","111/11/17","13:30","福邦證券 (台北市中正區忠孝西路一段6號)","本公司受邀參加福邦證券2023年潛力趨勢產業論壇。","366520221110M001.pdf","366520221110E001.pdf","http://www.bizlinktech.com","","無","查詢"
"3665","貿聯-KY","111/11/24","09:00","台北遠東香格里拉","本公司受邀參加CLSA所舉辦之投資論壇，說明營運概況。","366520221110M001.pdf","366520221110E001.pdf","http://www.bizlinktech.com","","無","查詢"
"3665","貿聯-KY","111/11/29","11:10","線上會議","本公司受邀參加台新證券所舉辦之「台新2022年第四季全球投資論壇」，說明營運概況。","366520221110M001.pdf","366520221110E001.pdf","http://www.bizlinktech.com","","無","查詢"
"3665","貿聯-KY","111/11/30","10:00","線上會議","本公司受邀參加大和國泰證券所舉辦之線上投資論壇，說明營運概況。","366520221110M001.pdf","366520221110E001.pdf","http://www.bizlinktech.com","","無","查詢"
"3665","貿聯-KY","111/09/14","14:00","線上會議","本公司受邀參加國票證券舉辦之線上會議，說明營運概況。","366520220829M001.pdf","366520220829E001.pdf","http://www.bizlinktech.com","","無","查詢"
"3665","貿聯-KY","111/09/16","14:00","線上會議","本公司受邀參加大和國泰證券舉辦之線上會議，說明營運概況。","366520220829M001.pdf","366520220829E001.pdf","http://www.bizlinktech.com","","無","查詢"
"3665","貿聯-KY","111/09/22","14:30","線上會議","本公司受邀參加兆豐證券所舉辦之線上會議，說明營運概況。","366520220829M001.pdf","366520220829E001.pdf","http://www.bizlinktech.com","","無","查詢"
"3665","貿聯-KY","111/09/29","14:00","線上會議","本公司受邀參加統一證券所舉辦之線上會議，說明營運概況。","366520220829M001.pdf","366520220829E001.pdf","http://www.bizlinktech.com","","無","查詢"
"3665","貿聯-KY","111/09/21","10:00","線上會議","本公司受邀參加ICA所舉辦之線上投資論壇，說明營運概況。","366520220829M001.pdf","366520220829E001.pdf","http://www.bizlinktech.com","","無","查詢"
"3665","貿聯-KY","111/10/11","14:00","線上會議","本公司受邀參加群益證券所舉辦之線上會議，說明營運概況。","366520220829M001.pdf","366520220829E001.pdf","http://www.bizlinktech.com","","無","查詢"
"3665","貿聯-KY","111/10/13","15:45","線上會議","本公司受邀參加元富證券所舉辦之線上會議，說明營運概況。","366520220829M001.pdf","366520220829E001.pdf","http://www.bizlinktech.com","","無","查詢"
"3665","貿聯-KY","111/12/01","09:00","台北 W Hotel","本公司受邀參加花旗證券所舉辦之投資論壇，說明營運概況。","366520221110M001.pdf","366520221110E001.pdf","http://www.bizlinktech.com","","無","查詢"
"3665","貿聯-KY","111/12/06","09:00","線上會議","本公司受邀參加瑞穗證券所舉辦之線上投資論壇，說明營運概況。","366520221110M001.pdf","366520221110E001.pdf","http://www.bizlinktech.com","","無","查詢"
"3665","貿聯-KY","111/12/08","15:30","線上會議","本公司受邀參加國泰證券所舉辦之線上會議，說明營運概況。","366520221110M001.pdf","366520221110E001.pdf","http://www.bizlinktech.com","","無","查詢"
"3665","貿聯-KY","111/12/13","15:40","台北晶華酒店","本公司受邀參加永豐金證券2022年第四季投資論壇，說明營運概況。","366520221110M001.pdf","366520221110E001.pdf","http://www.bizlinktech.com","","無","查詢"
"3665","貿聯-KY","111/10/06","10:00","線上會議","本公司受邀參加野村證券所舉辦之線上會議，說明營運概況。","366520220829M001.pdf","366520220829E001.pdf","http://www.bizlinktech.com","","無","查詢"
"3665","貿聯-KY","111/10/06","14:00","線上會議","本公司受邀參加永豐證券所舉辦之線上會議，說明營運概況。","366520220829M001.pdf","366520220829E001.pdf","http://www.bizlinktech.com","","無","查詢"
"3669","圓展","111/08/17","15:45","台北市復興南路一段209號4樓","本公司受邀參加元富證券舉辦之法人說明會「2022年8月台股企業日」，說明公司之營運概況及未來展望。","366920220817M001.pdf","366920220817E001.pdf","http://tw.aver.com","","無。","查詢"
"3669","圓展","111/12/20","14:00","線上法說會","說明公司營運概況。","366920221220M001.pdf","366920221220E001.pdf","http://tw.aver.com",法說會影音連結資訊:https://tw.aver.com/page/investor-relations ,"法說會報名網址：https://forms.office.com/r/GwRikcW1WC","查詢"
"3673","TPK-KY","111/08/11","14:30","線上法說會","TPK舉辦2022年第二季營運結果線上法人說明會","367320220811M001.pdf","367320220811E001.pdf","https://www.tpk.com/ir/",法說會影音連結資訊:https://www.tpk.com/ir/ ,"相關資料內容請至本公司網頁查詢 https://www.tpk.com/ir/","查詢"
"3673","TPK-KY","111/02/24","14:30","線上法說會","TPK舉辦2021年第四季營運結果線上法人說明會","367320220224M001.pdf","367320220224E001.pdf","https://www.tpk.com/ir/",法說會影音連結資訊:https://www.tpk.com/ir/ ,"相關資料內容請至本公司網頁查詢 https://www.tpk.com/ir/","查詢"
"3679","新至陞","111/03/17","14:30","線上法說會","本公司受邀參加永豐金證券舉辦之法人說明會，向投資人說明本公司之營運狀況。","367920220316M001.pdf","367920220316E001.pdf","https://www.nishoku.com.tw/zh-TW/Investor/Catalog?guid=18110215404026","","無","查詢"
"3686","達能","111/12/21","14:00","豐邑雲智匯(新竹市東區慈雲路118號3樓)。","說明綠能暨電動車產業鏈之發展概況及公司未來營運展望。","368620221221M001.pptx","368620221221E001.pptx","https://www.danentech.com/investor_overview.aspx",中文影音檔網址:3686_14_20221221_ch.mp4 ,"無。","查詢"
"3694","海華","111/12/28","14:00","Webex 線上會議","本公司受邀參加富邦證券舉辦之法人說明會，說明本公司營運概況","369420221228M001.pdf","369420221228E001.pdf","https://www.azurewave.com/shareholder-service.html","","無","查詢"
"3701","大眾控","111/04/12 至 111/04/22","09:00","線上法說會","受邀參加由臺灣證券交易所及寬量國際共同主辦之線上法說會「11th Taiwan CEO Week」，說明本公司之營運概況、財務及業務相關資訊。","370120220412M001.pptx","370120220412E001.pptx","https://www.ficg.com.tw/","","完整財務業務資訊請至公開資訊觀測站之法人說明會一覽表或法說會項目下查閱。","查詢"
"3701","大眾控","111/11/17","14:30","福邦證券股份有限公司
(台北市忠孝西路一段6號14樓)","本公司受邀參加福邦證券所舉辦之法人說明會,2023年潛力趨勢產業論壇","370120221118M001.pdf","370120221118E001.pdf","https://www.ficg.com.tw/","","無","查詢"
"3702","大聯大","111/01/12","15:00","線上法人說明會","本公司將參加Nomura所舉辦之「Nomura Asia Tech」，會中就本公司110/11/16法說會已公開發佈之財務數字、經營績效等相關資訊做說明。","370220211116M001.pdf","370220211116E001.pdf","https://www.wpgholdings.com/","","無","查詢"
"3702","大聯大","111/06/09","15:40","線上法人說明會","本公司將參加國泰證券所舉辦之「國泰證券第二季產業論壇」，會中就本公司5/17法說會已公開發佈之財務數字、經營績效等相關資訊做說明。","370220220517M001.pdf","370220220517E001.pdf","https://www.wpgholdings.com/","","無","查詢"
"3702","大聯大","111/03/02","14:30","線上法人說明會","本公司受邀參加凱基證券於111年3月2日舉辦之線上法人說明會，說明110年第四季營業報告及111年第一季營運展望。","370220220302M001.pdf","370220220302E001.pdf","https://www.wpgholdings.com/","","無","查詢"
"3702","大聯大","111/05/18 至 111/05/19","10:00","線上法人說明會","本公司將參加花旗環球證券所舉辦之「Regional Tech Investor Conference 2022」，會中就本公司5/17法說會已公開發佈之財務數字、經營績效等相關資訊做說明。","370220220517M001.pdf","370220220517E001.pdf","https://www.wpgholdings.com/","","無","查詢"
"3702","大聯大","111/05/17","16:00","線上法人說明會","本公司受邀參加凱基證券於111年5月17日舉辦之線上法人說明會，說明111年第一季營業報告及第二季營運展望。","370220220517M001.pdf","370220220517E001.pdf","https://www.wpgholdings.com/","","無","查詢"
"3702","大聯大","111/08/16","14:30","線上法人說明會","本公司受邀參加凱基證券於111年8月16日舉辦之線上法人說明會，說明111年第二季營業報告及第三季營運展望。","370220220816M001.pdf","370220220816E001.pdf","https://www.wpgholdings.com/","","無","查詢"
"3702","大聯大","111/11/15","14:30","線上法人說明會","本公司受邀參加凱基證券於111年11月15日舉辦之線上法人說明會，說明111年第三季營業報告及第四季營運展望。","370220221115M001.pdf","370220221115E001.pdf","https://www.wpgholdings.com/","","無","查詢"
"3702","大聯大","111/12/08","11:00","線上法人說明會","本公司將參加國泰證券所舉辦之「國泰證券第四季產業論壇」，會中就本公司11/15法說會已公開發佈之財務數字、經營績效等相關資訊做說明","370220221115M001.pdf","370220221115E001.pdf","https://www.wpgholdings.com/","","無","查詢"
"3703","欣陸","111/03/16","14:30","投資人可透過電腦觀看直播或以電話參與，
會議電話:(02)2192-8017，密碼:620757#","本公司將於3月16日召開線上法人說明會，會中報告2021年第四季經營成果。","370320220316M001.pdf","370320220316E001.pdf","https://www.continental-holdings.com/zh/investor-relations/shareholder/events-presentations/",中文影音檔網址:3703_18_20220316_ch.mp3 ,"無","查詢"
"3703","欣陸","111/12/27","14:00","台北市復興南路一段209號1樓(元富證券1樓會議室)","本公司於12/27受邀參加由元富證券舉辦之法人說明會，會中報告公司營運現況與未來展望。欲參加之投資人請透過欣陸IR信箱報名 email: ir@continental-holdings.com 或電洽02-2700-4509。","370320221227M001.pdf","370320221227E001.pdf","https://www.continental-holdings.com/zh/investor-relations/shareholder/events-presentations/","","無","查詢"
"3703","欣陸","111/08/03","14:30","投資人可透過電腦觀看直播或以電話參與，會議電話: 
(02)2192-8017，密碼:693093#","本公司將於8月3日召開線上法人說明會，會中報告2022年第二季經營成果。","370320220803M001.pdf","370320220803E001.pdf","https://www.continental-holdings.com/zh/investor-relations/shareholder/events-presentations/",中文影音檔網址:3703_21_20220803_ch.mp3 ,"無","查詢"
"3703","欣陸","111/05/04","14:30","投資人可透過電腦觀看直播或以電話參與，會議電話: (02)2192-8017，密碼:767669#","本公司將於5月4日召開線上法人說明會，會中報告2022年第一季經營成果。","370320220504M001.pdf","370320220504E001.pdf","https://www.continental-holdings.com/zh/investor-relations/shareholder/events-presentations/",中文影音檔網址:3703_20_20220504_ch.mp3 ,"無","查詢"
"3703","欣陸","111/04/13 至 111/04/19","13:30","線上法說會","本公司受邀參加由臺灣證券交易所及寬量國際共同主辦之線上法說會「11th Taiwan CEO Week on Air」，說明本公司之營運概況、財務及業務相關資訊。","370320220412M001.PDF","370320220412E001.PDF","","","無","查詢"
"3703","欣陸","111/11/02","14:30","投資人可透過電腦觀看直播或以電話參與，
會議電話:(02)2192-8017，密碼:970266#","本公司將於11月2日召開線上法人說明會，會中報告2022年第三季經營成果。","370320221102M001.pdf","370320221102E001.pdf","https://www.continental-holdings.com/zh/investor-relations/shareholder/events-presentations/",中文影音檔網址:3703_22_20221102_ch.mp3 ,"無","查詢"
"3704","合勤控","111/03/24","14:00","線上法說會","本公司受邀參加兆豐證券於111年03月24日舉辦之線上法人說明會，向投資人說明110年第4季營業成果及未來營運展望。","370420220324M001.pptx","370420220324E001.pptx","https://www.unizyx.com.tw/IR/ch/event.html","","無","查詢"
"3704","合勤控","111/08/12","14:00","線上法說會","本公司受邀參加兆豐證券於111年08月12日舉辦之線上法人說明會，向投資人說明111年第2季營業成果及未來營運展望。","370420220812M001.pdf","370420220812E001.pdf","https://www.unizyx.com.tw/IR/ch/event.html",中文影音檔網址:3704_8_20220812_ch.mp4 ,"無","查詢"
"3705","永信","111/12/22","14:00","線上法說會","本公司受邀參加元大證券舉辦之線上法說會，報告本公司營運狀況。","370520221222M001.pptx","370520221222E001.pptx","http://www.yungshingroup.com/article/articles.aspx?r=103","","無","查詢"
"3705","永信","111/09/06","14:00","線上法說會","本公司受邀參加元大證券舉辦之線上法說會，報告本公司營運狀況。","370520220906M001.pdf","370520220906E001.pdf","http://www.yungshingroup.com/article/articles.aspx?r=103","","無","查詢"
"3706","神達","111/05/20","14:00","線上法人說明會 - Webex","本公司受邀參加凱基證券舉辦之法人說明會，說明本公司今年第一季營運成果以及展望。","370620220519M001.pdf","370620220519E001.pdf","https://www.mitac.com/zh-TW/ir_information/index","","無","查詢"
"3706","神達","111/11/21","14:00","線上法人說明會 - Webex","本公司受邀參加凱基證券舉辦之法人說明會，說明本公司今年第三季營運成果以及展望。","370620221121M001.pdf","370620221121E001.pdf","https://www.mitac.com/zh-TW/ir_information/index","","無","查詢"
"3708","上緯投控","111/04/12","14:30","線上法說會","主要向投資人說明本公司營運概況、財務及業務狀況。","370820220412M001.pdf","370820220412E001.pdf","http://www.swancor.com/tw/ir/shareholder/legal","","無","查詢"
"3711","日月光投控","111/01/05","10:00","電話會議","無。","371120211028M001.pdf","371120211028E001.pdf","https://ir.aseglobal.com/c/index.php","","簡報檔內容與110年10月28日召開之法人說明會相同。","查詢"
"3711","日月光投控","111/05/23 至 111/05/24","10:00","電話會議","無。","371120220428M001.pdf","371120220428E001.pdf","https://ir.aseglobal.com/c/index.php","","簡報檔內容與111年04月28日召開之法人說明會相同。","查詢"
"3711","日月光投控","111/05/18 至 111/05/19","10:00","電話會議","無。","371120220428M001.pdf","371120220428E001.pdf","https://ir.aseglobal.com/c/index.php","","簡報檔內容與111年04月28日召開之法人說明會相同。","查詢"
"3711","日月光投控","111/05/31","10:00","電話會議","無。","371120220428M001.pdf","371120220428E001.pdf","https://ir.aseglobal.com/c/index.php","","簡報檔內容與111年04月28日召開之法人說明會相同。","查詢"
"3711","日月光投控","111/04/28","15:00","電話會議及網路廣播。","詳111年04月28日公開資訊觀測站之重大訊息與公告-法說會專區。","371120220428M001.pdf","371120220428E001.pdf","https://ir.aseglobal.com/c/index.php",法說會影音連結資訊:https://tinyurl.com/ykpjx9x6 ,"無。","查詢"
"3711","日月光投控","111/07/28","15:00","電話會議及網路廣播。","詳111年07月28日公開資訊觀測站之重大訊息與公告-法說會專區。","371120220728M001.pdf","371120220728E001.pdf","https://ir.aseglobal.com/c/index.php",法說會影音連結資訊:https://reurl.cc/NRjdXe ,"無。","查詢"
"3711","日月光投控","111/02/24 至 111/02/25","09:00","電話會議","無。","371120220210M001.pdf","371120220210E001.pdf","https://ir.aseglobal.com/c/index.php","","簡報檔內容與111年02月10日召開之法人說明會相同。","查詢"
"3711","日月光投控","111/02/22","09:00","電話會議","無。","371120220210M001.pdf","371120220210E001.pdf","https://ir.aseglobal.com/c/index.php","","簡報檔內容與111年02月10日召開之法人說明會相同。","查詢"
"3711","日月光投控","111/02/10","15:00","電話會議及網路廣播。","詳111年02月10日公開資訊觀測站之重大訊息與公告-法說會專區。","371120220210M001.pdf","371120220210E001.pdf","https://ir.aseglobal.com/c/index.php",法說會影音連結資訊:https://tinyurl.com/2rpzdxvy ,"無。","查詢"
"3711","日月光投控","111/03/09 至 111/03/10","10:00","電話會議","無。","371120220210M001.pdf","371120220210E001.pdf","https://ir.aseglobal.com/c/index.php","","簡報檔內容與111年02月10日召開之法人說明會相同。","查詢"
"3711","日月光投控","111/06/20","11:00","電話會議","無。","371120220428M001.pdf","371120220428E001.pdf","https://ir.aseglobal.com/c/index.php","","簡報檔內容與111年04月28日召開之法人說明會相同。","查詢"
"3711","日月光投控","111/08/30","10:00","電話會議","無。","371120220728M001.pdf","371120220728E001.pdf","https://ir.aseglobal.com/c/index.php","","簡報檔內容與111年07月28日召開之法人說明會相同。","查詢"
"3711","日月光投控","111/11/10","10:00","電話會議","無。","371120221027M001.pdf","371120221027E001.pdf","https://ir.aseglobal.com/c/index.php","","簡報檔內容與111年10月27日召開之法人說明會相同。","查詢"
"3711","日月光投控","111/11/16 至 111/11/17","10:30","新加坡文華東方酒店","無。","371120221027M001.pdf","371120221027E001.pdf","https://ir.aseglobal.com/c/index.php","","簡報檔內容與111年10月27日召開之法人說明會相同。","查詢"
"3711","日月光投控","111/10/27","15:00","電話會議及網路廣播。","詳111年10月27日公開資訊觀測站之重大訊息與公告-法說會專區。","371120221027M001.pdf","371120221027E001.pdf","https://ir.aseglobal.com/c/index.php",法說會影音連結資訊:https://tinyurl.com/442urcjx ,"無。","查詢"
"3711","日月光投控","111/09/08","10:00","電話會議","無。","371120220728M001.pdf","371120220728E001.pdf","https://ir.aseglobal.com/c/index.php","","簡報檔內容與111年07月28日召開之法人說明會相同。","查詢"
"3711","日月光投控","111/12/01","10:00","台北君悅酒店","無。","371120221027M001.pdf","371120221027E001.pdf","https://ir.aseglobal.com/c/index.php","","簡報檔內容與111年10月27日召開之法人說明會相同。","查詢"
"3711","日月光投控","111/10/05","16:00","電話會議","無。","371120220728M001.pdf","371120220728E001.pdf","https://ir.aseglobal.com/c/index.php","","簡報檔內容與111年07月28日召開之法人說明會相同。","查詢"
"3711","日月光投控","111/11/30","11:00","台北W飯店","無。","371120221027M001.pdf","371120221027E001.pdf","https://ir.aseglobal.com/c/index.php","","簡報檔內容與111年10月27日召開之法人說明會相同。","查詢"
"3712","永崴投控","111/06/24","15:00","福邦證券(台北市忠孝西路一段6號7樓B會議室)","本公司營運狀況及未來展望說明","371220220624M001.pdf","371220220624E001.pdf","http://www.fit-holding.com/","","無","查詢"
"3712","永崴投控","111/11/24","15:00","福邦證券(台北市忠孝西路一段6號7樓B會議室)","本公司營運狀況及未來展望說明","371220221124M001.pdf","371220221124E001.pdf","http://www.fit-holding.com/","","無","查詢"
"3714","富采","111/03/03","14:30","宏遠證券-台北市大安區信義路4段236號7樓","公司簡介及就已公開財務、業務等相關資訊作說明。","371420220302M001.pdf","371420220302E001.pdf","https://www.ennostar.com/","","無","查詢"
"3714","富采","111/05/26","10:00","線上法說會","公司簡介及就已公開財務、業務等相關資訊作說明。","371420220505M002.pdf","371420220505E002.pdf","https://www.ennostar.com/","","無","查詢"
"3714","富采","111/08/05","14:30","宏遠證券-台北市大安區信義路4段236號7樓","公司簡介及就已公開財務、業務等相關資訊作說明。","371420220805M001.pdf","371420220805E001.pdf","https://www.ennostar.com/","","無","查詢"
"3714","富采","111/05/06","14:30","富邦國際會議中心(台北市松山區敦化南路1段108號)","公司簡介及就已公開財務、業務等相關資訊作說明。","371420220505M002.pdf","371420220505E002.pdf","https://www.ennostar.com/","","無","查詢"
"3714","富采","111/08/24","09:00","線上法說會","公司簡介及就已公開財務、業務等相關資訊作說明。","371420220805M001.pdf","371420220805E001.pdf","https://www.ennostar.com/","","無。","查詢"
"3714","富采","111/09/06","09:00","電話會議","公司簡介及就已公開財務、業務等相關資訊作說明。","371420220805M001.pdf","371420220805E001.pdf","https://www.ennostar.com/","","無。","查詢"
"3714","富采","111/11/04","14:30","臺北文創大樓6樓(台北市信義區菸廠路88號)","公司簡介及就已公開財務、業務等相關資訊作說明。","371420221103M001.pdf","371420221103E001.pdf","https://www.ennostar.com/","","無。","查詢"
"3715","定穎投控","111/11/10","14:30","Webex線上會議","本公司受邀參加永豐金證券舉辦之線上法人說明會，說明2022年第三季的營運概況。","371520221110M001.pdf","371520221110E001.pdf","www.dynaholding.com","","報名連結為：https://www.surveycake.com/s/DgGa4","查詢"
"4104","佳醫","111/04/28","16:20","線上法人說明會","本公司受統一證券邀請舉辦公開法人說明會","410420220428M001.pptx","410420220428E001.pptx","http://www.excelsiormedical.com.tw/enf_news.htm","","無","查詢"
"4104","佳醫","111/09/27","16:20","線上法人說明會","本公司受統一證券邀請舉辦公開法人說明會","410420220927M001.pptx","410420220927E001.pptx","http://www.excelsiormedical.com.tw/enf_news.htm","","無","查詢"
"4106","雃博","111/04/07","14:30","新北市土城區民生街9號","110年營運結果與營運近況說明","410620220407M001.pdf","410620220407E001.pdf","https://www.apexmedicalcorp.com/tw/msg/message-Investors-300.html#investor-section4",法說會影音連結資訊:https://www.apexmedicalcorp.com/tw/msg/msg2099.html ,"無","查詢"
"4106","雃博","111/12/09","15:00","實體法說會地點：新北市土城區民生街9號","2022年第三季營運結果與近期營運概況說明","410620221209M001.pdf","410620221209E001.pdf","https://tw.wellell.com/zh-tw/investor-area/b382f6306a5d49d18acdfff0d9882ab1",法說會影音連結資訊:https://tw.wellell.com/zh-tw/investor-area/b382f6306a5d49d18acdfff0d9882ab1/20221209 ,"完整財務業務資訊請至公開資訊觀測站之法人說明會一覽表或法說會項目下查閱。","查詢"
"4108","懷特","111/07/19","14:00","線上法說會網路直播","本公司受凱基證券邀請，舉辦線上法說會，由經營團隊向法人及投資者說明公司研發及展業最新狀況。
懷特為台灣第一家新藥研發型上市公司，研發成功的「懷特血寶&amp;reg;凍晶注射劑」是台灣衛福部TFDA第一個核准上市、全球唯一治療「癌因性疲憊症」的處方新藥，自110年3月起獲得健保給付。
另外懷特痛寶&amp;reg;亦取得藥證，為全球第一個解除中重度疼痛、低成癮性的納布啡口服新藥，目前與多家藥廠洽談授權中。
懷特是衛福部部至今核准9項上市新藥中，唯一獲得2張藥證的公司。","410820220719M002.pdf","410820220719E002.pdf","https://www.phytohealth.com.tw/zh-Hant/news/242","","相關資訊將依規定揭露於公開資訊觀測站。","查詢"
"4119","旭富","111/11/11","14:30","台北市大安區信義路四段236號7樓","說明本公司營運概況","411920221111M001.pptx","411920221111E001.pptx","http://www.sci-pharmtech.com.tw","","無","查詢"
"4119","旭富","111/12/13","15:20","&#29319;亞會議中心2F會議室","說明本公司營運概況","411920221213M001.pdf","411920221213E001.pdf","http://www.sci-pharmtech.com.tw","","無","查詢"
"4133","亞諾法","111/11/23","14:00","線上法說會，連結網址如下","本公司受凱基證券邀請，參加其舉辦之國內投資人會議，針對本公司財務業務概況及未來展望做說明。

會議連線路徑：https://kgitw.webex.com/kgitw-tc/onstage/g.php?MTID=ec9794120c9a7785809aebea8ef42db01
活動號：2515 808 9409
活動密碼：4133","413320221123M001.pdf","413320221123E001.pdf","https://www.abnova.com/ir/manage5.asp","","完整財務業務資訊請至公開資訊觀測站之法人說明會一覽表或法說會項目下查閱。","查詢"
"4137","麗豐-KY","111/05/26","14:30","線上法人說明會","本公司受邀參加華南永昌證券於111年05月26日舉辦之法人說明會，說明111年第一季之財務、營運成果及公司未來展望。","413720220526M001.pdf","413720220526E001.pdf","http://www.chlitinaholding.com/","","完整財務業務資訊請至公開資訊觀測站之法人說明會一覽表或法說會項目下查閱。","查詢"
"4137","麗豐-KY","111/06/16","14:30","線上法人說明會","本公司受邀參加元富證券於111年06月16日舉辦之「2022年台股企業日」，說明111年第一季之財務、營運成果及公司未來展望。","413720220526M001.pdf","413720220526E001.pdf","http://www.chlitinaholding.com/","","完整財務業務資訊請至公開資訊觀測站之法人說明會一覽表或法說會項目下查閱。","查詢"
"4137","麗豐-KY","111/04/13","14:30","線上法人說明會","本公司受邀參加元富證券於111年04月13日舉辦之「2022年台股企業日」，說明110年第四季之財務、營運成果及公司未來展望。","413720220324M001.pdf","413720220324E001.pdf","http://www.chlitinaholding.com/","","完整財務業務資訊請至公開資訊觀測站之法人說明會一覽表或法說會項目下查閱。","查詢"
"4137","麗豐-KY","111/03/24","14:30","德信證券–台北市新生南路一段50號3樓","本公司受邀參加德信證券與IR Trust 於111年03月24日舉辦之法人說明會，說明110年第四季之財務、營運成果及公司未來展望。","413720220324M001.pdf","413720220324E001.pdf","http://www.chlitinaholding.com/","","完整財務業務資訊請至公開資訊觀測站之法人說明會一覽表或法說會項目下查閱。","查詢"
"4137","麗豐-KY","111/11/22","14:00","線上法人說明會","本公司受邀參加元大證券於111年11月22日舉辦之法人說明會，說明111年第三季之財務、營運成果及公司未來展望。","413720221122M001.pdf","413720221122E001.pdf","http://www.chlitinaholding.com/","","完整財務業務資訊請至公開資訊觀測站之法人說明會一覽表或法說會項目下查閱。","查詢"
"4137","麗豐-KY","111/09/15","14:00","台北市中山區樂群二路55號(台北美福大飯店)","本公司受邀參加統一證券於111年09月15日舉辦之「2022Q3全球展望秋季投資論壇」，說明111年第二季之財務、營運成果及公司未來展望。","413720220915M001.pdf","413720220915E001.pdf","http://www.chlitinaholding.com/","","完整財務業務資訊請至公開資訊觀測站之法人說明會一覽表或法說會項目下查閱。","查詢"
"4142","國光生","111/05/18","14:00","台北晶華酒店4樓第5會議室","本公司受邀參加台新證券舉辦之「台新2022年第二季全球投資論壇」","414220220516M001.pdf","414220220516E001.pdf","","","無","查詢"
"4142","國光生","111/01/12","10:30","線上法說會","本公司受邀參加J.P. Morgan舉辦之第40屆Healthcare Conference(簡報時間111年1月12日上午10點30分)，本公司將於線上，說明本公司經營績效、營運現況及未來展望等","414220220111M001.pdf","414220220111E001.pdf","","","無","查詢"
"4142","國光生","111/07/26","14:00","台北遠東香格里拉飯店B1秀南園
(台北市大安區敦化南路二段201號)","本公司受邀參加第一金證券所舉辦之法人說明會","414220220725M001.pdf","414220220725E001.pdf","","","無","查詢"
"4142","國光生","111/07/26","14:00","台北遠東香格里拉飯店B1秀南園 
(台北市大安區敦化南路二段201號)","本公司受邀參加第一金證券所舉辦之法人說明會","414220220725M002.pdf","414220220725E002.pdf","","","無","查詢"
"4142","國光生","111/05/25","16:17","線上法說會","本公司受邀參加元大證券舉辦之「元大證券2022 第二季線上投資論壇」","414220220516M001.pdf","414220220516E001.pdf","","","無","查詢"
"4142","國光生","111/08/16","13:30","線上法說會","受邀參加國泰證券舉辦之線上法人說明會","414220220725M001.pdf","414220220725E001.pdf","","","無","查詢"
"4142","國光生","111/11/09","14:30","線上法人說明會","本公司受邀參加元富證券舉辦之「11月台股企業日」線上法人說明會。","414220221108M001.pdf","414220221108E001.pdf","","","無","查詢"
"4148","全宇生技-KY","111/12/06","16:10","臺灣證券交易所(101大樓)1樓資訊展示中心
(台北市信義路五段七號)","本公司受邀參加由臺灣證券交易所舉辦上市公司「新南向投資」主題式業績發表會","414820221206M001.pdf","414820221206E001.pdf","","","無","查詢"
"4155","訊映","111/10/06","14:30","統一證券總公司13樓(台北市松山區東興路八號)","本公司受邀參加統一證券所舉辦之法人說明會(實體與線上)，說明本公司營運概況與展望。","415520221005M001.pptx","415520221005E001.pptx","http://www.okbiotech.com",同步收看網址：:https://zoomtw.zoom.us/j/98055126618?pwd=YU45WXA0dlZiVGNKNDgzUzRSOVd1UT09 ,"同步收看網址之會議 ID：980 5512 6618 密碼：4155","查詢"
"4155","訊映","111/10/06","14:30","統一證券總公司13樓(台北市松山區東興路八號)","本公司受邀參加統一證券所舉辦之法人說明會(實體與線上)，說明本公司營運概況與展望。","415520221004M002.pptx","415520221004E002.pptx","http://www.okbiotech.com",同步收看網址：:https://zoomtw.zoom.us/j/98055126618?pwd=YU45WXA0dlZiVGNKNDgzUzRSOVd1UT09 ,"無。","查詢"
"4164","承業醫","111/08/17","14:30","台北市內湖區行愛路88號(100會議室)","公司概況、營運成果、近況更新及永續投資","416420220815M001.pdf","416420220815E001.pdf","https://www.chcg.com/investor-events/?_sft_investor_events_year=2022",法說會影音連結資訊:https://www.chcg.com/investor-events/?_sft_investor_events_year=2022 ,"無","查詢"
"4164","承業醫","111/12/26","14:30","台北市內湖區行愛路88號(100會議室)","公司概況、營運成果及未來展望","416420221223M001.pdf","416420221223E001.pdf","https://www.chcg.com/investor-events/?_sft_investor_events_year=2022",法說會影音連結資訊:https://www.chcg.com/investor-events/?_sft_investor_events_year=2022 ,"無","查詢"
"4169","泰宗","111/09/28","14:30","線上法人說明會","本公司受邀參加群益金鼎證券線上法人說明會。
法說會內容:說明公司營運概況及未來展望。","416920220927M001.pdf","416920220927E001.pdf","","","法人說明會報名網址：https://www.surveycake.com/s/Q7pzK","查詢"
"4190","佐登-KY","111/10/27","14:30","台北市重慶南路一段2號19樓(永豐金證券1901會議室)","本公司受邀參加永豐金證券舉辦之法人說明會，說明近期營運成果 。","419020221027M001.pdf","419020221027E001.pdf","","","報名請洽永豐金鄒小姐(02)23823207或mail:joyce.tsou@sinopac.com","查詢"
"4190","佐登-KY","111/12/05","15:20","臺灣證券交易所(101大樓)1樓資訊展示中心","111年第一上市公司「疫後解封」主題式業績發表會","419020221205M002.pdf","419020221205E002.pdf","","","報名網址：https://act.twse.com.tw/R1111130/","查詢"
"4195","基米-創","111/12/01","14:00","南港展覽一館401廳","本公司受邀參加元富證券及環球生技月刊舉辦之法人說明會","419520221129M001.pdf","419520221129E001.pdf","https://www.genomics.com.tw/intro/detail/417","","相關資訊請至公開資訊觀測站之法人說明會一覽表或法說會項目下查閱","查詢"
"4306","炎洲","111/12/27","15:00","線上法說會","本公司受邀參加永豐金證券舉辦之法人說明會，
說明本公司營運狀況","430620221227M001.pdf","430620221227E001.pdf","","","無","查詢"
"4414","如興","111/12/30","13:30","線上法說會","本公司受邀參加第一金證券舉辦之線上法說會，說明111年度營運概況。","441420221230M001.pdf","441420221230E001.pdf","http://www.roohsing.com.tw/zh-tw/shareholder_legal_person.php",同步收看網址：:https://firstsec.webex.com/firstsec/j.php?MTID=m2cbf89c57b1fb5afc915e2ccf93a0215 ,"會議 ID：2512 579 8155 密碼：168168","查詢"
"4426","利勤","111/12/23","14:30","雲林縣斗六市斗工十二路8號","說明本公司之營運與財務概況","442620221223M001.ppt","442620221223E001.ppt","",法說會影音連結資訊:https://webpro.twse.com.tw/WebPortal/vod/101/F57D4FFA83A6-4DB8A2D8-8294-11ED-9E13/?categoryId=101 ,"無","查詢"
"4438","廣越","111/03/10","14:30","財團法人張榮發基金會10F (1002會議室)(台北市中正區中山南路11號)","本公司受邀參加KGI凱基證券所舉辦之2022年第一季廣越法人說明會，向投資人說明本公司之營運概況、接單情形、未來展望。","443820220310M001.pdf","443820220310E001.pdf","http://www.qve.com.tw/investor/informationJuristic/Default.aspx","","無","查詢"
"4438","廣越","111/10/06","14:30","集思交通部國際會議中心2F (台北市中正區杭州南路一段24號)","本公司受邀參加KGI凱基證券所舉辦之法人說明會，向投資人說明本公司之營運概況、接單情形、未來展望。","443820221006M001.pdf","443820221006E001.pdf","http://www.qve.com.tw/investor/informationJuristic/Default.aspx","","無","查詢"
"4439","冠星-KY","111/03/22","14:30","台北市敦化南路二段97號11樓
（敦南摩天大廈-元富證券11樓教育訓練室）","本公司受邀參加元富證券舉辦之法人說明會，會中說明本公司110年度經營成果報告及營運展望。","443920220322M001.pdf","443920220322E001.pdf","","","無","查詢"
"4439","冠星-KY","111/11/21","16:00","臺灣證券交易所(101大樓)1樓資訊展示中心(台北市信義區信義路5段7號)","本公司受邀參加臺灣證券交易所舉辦之2022年「休閒及運動」主題式業績發表會，會中說明本公司111年第3季營運成果及營運展望。","443920221121M002.pdf","443920221121E002.pdf","","","無","查詢"
"4439","冠星-KY","111/12/13","14:30","台北市寶慶路69號4樓會議室(近捷運西門站3號出口)","本公司受邀參加元大證券舉辦之法人說明會，會中說明本公司111年第3季營運成果及營運展望。","443920221213M001.pdf","443920221213E001.pdf","","","無","查詢"
"4440","宜新實業","111/11/29","14:30","台北市忠孝西路一段6號14樓","本公司受邀參加福邦證券舉辦之法人說明會","444020221129M001.pdf","444020221129E001.pdf","https://www.yishin-textile.com.tw/zh-tw/investors-02","","報名網址https://forms.gle/edazyUcc6bV3rpB17","查詢"
"4441","振大環球","111/01/19","14:00","福邦證券股份有限公司會議中心(台北市中正區忠孝西路一段6號7樓)。","本公司受邀參加福邦證券舉辦之興櫃前法人座談會，說明本公司之營運概況。","444120220119M001.pdf","444120220119E001.pdf","","","本法人座談會兼採線上方式進行。","查詢"
"4441","振大環球","111/08/15","15:00","福邦證券總公司(台北市忠孝西路一段6號7樓)","介紹本公司之營運概況及經營策略等財務業務相關資料","444120220812M001.pdf","444120220812E001.pdf","","","無","查詢"
"4526","東台","111/12/06","14:00","線上會議","本公司受邀參加凱基證券舉辦之法人說明會，報告公司營運現況與未來展望。","452620221206M001.pdf","452620221206E001.pdf","https://www.tongtai.com.tw/tw/7.1.3.php","","無","查詢"
"4532","瑞智","111/09/28","14:30","線上法人說明會","本公司將於111/09/28受元大證券邀請參加法人說明會，說明本公司財務業務相關資訊。","453220220927M002.pdf","453220220927E002.pdf","https://www.rechi.com/IR/displayinvestment#tab-4","","無","查詢"
"4536","拓凱","111/04/12","14:00","線上法人說明會","本公司受邀參加永豐金證券舉辦之線上法人說明會，將於會中說明本公司財務業務現況及產業發展。","453620220411M001.pdf","453620220411E001.pdf","http://www.topkey.com.tw/www/_chinese/04_ir/01_detail_03_conference.php","","無","查詢"
"4536","拓凱","111/08/12","14:00","線上法人說明會","本公司受邀參加永豐金證券舉辦之線上法人說明會，將於會中說明本公司財務業務現況及產業發展。","453620220811M001.pdf","453620220811E001.pdf","http://www.topkey.com.tw/www/_chinese/04_ir/01_detail_03_conference.php","","無","查詢"
"4536","拓凱","111/11/23","14:00","台北市信義區信義路5段7號（臺灣證券交易所1樓資訊展示中心）","本公司受邀參加臺灣證券交易所舉辦之休閒及運動主題式業績發表會","453620221123M001.pdf","453620221123E001.pdf","http://www.topkey.com.tw/www/_chinese/04_ir/01_detail_03_conference.php",同步收看網址：:https://webpro.twse.com.tw/webportal/?liveChannelId=1 法說會影音連結資訊:https://webpro.twse.com.tw/webportal/vod/101/?categoryId=101 ,"無","查詢"
"4536","拓凱","111/10/13","14:30","線上法人說明會","本公司受邀參加元富證券舉辦之線上法人說明會，將於會中說明本公司財務業務現況及產業發展。","453620221012M001.pdf","453620221012E001.pdf","http://www.topkey.com.tw/www/_chinese/04_ir/01_detail_03_conference.php","","無","查詢"
"4540","全球傳動","111/12/23","14:30","凱基證券（台北市明水路700號）","本公司受邀參加凱基證券舉辦之法人說明會，說明本公司財務及業務概況。","454020221220M001.pdf","454020221220E001.pdf","","","報名請洽凱基證券鄭小姐（電話：02-2181-8167），E-mail：janice.cheng@kgi.com","查詢"
"4540","全球傳動","111/03/30","14:30","&#29319;亞商務暨會議中心2F（台北市松山區復興北路99號2F）","本公司原受邀參加凱基證券舉辦之法人說明會，惟因疫情因素，故予以取消。","454020220328M001.pdf","454020220328E001.pdf","","","無","查詢"
"4540","全球傳動","111/03/30","14:30","&#29319;亞商務暨會議中心2F（台北市松山區復興北路99號2F）","本公司受邀參加凱基證券舉辦之法人說明會，說明本公司財務及業務概況。","454020220328M001.pdf","454020220328E001.pdf","","","報名請洽凱基證券鄭小姐（電話：02-2181-8167），E-mail：janice.cheng@kgi.com","查詢"
"4545","銘鈺","111/11/10","14:30","台北市中山區建國北路一段96號12樓會議室","說明營運現況及未來展望。","454520221110M001.pdf","454520221110E001.pdf","http://www.mapi.com.tw/zh-Hant/investor/info/conference#anchor-1","","無","查詢"
"4551","智伸科","111/05/18 至 111/05/19","10:00","線上法說會","本公司受邀參加花旗證券舉辦之線上法說會「Regional Tech Conference 2022」，說明本公司營運概況。","455120220510M001.pdf","455120220510E001.pdf","","","無","查詢"
"4551","智伸科","111/04/12","14:30","線上法說會","本公司受邀參加元富證券舉辦之「2022年台股企業日」法人說明會 (更正參加時間)","455120220321M001.pdf","455120220321E001.pdf","","","無","查詢"
"4551","智伸科","111/04/12","15:45","線上法說會","本公司受邀參加元富證券舉辦之「2022年台股企業日」法人說明會，說明本公司營運概況。","455120220321M001.pdf","455120220321E001.pdf","","","無","查詢"
"4551","智伸科","111/08/09","14:00","線上法說會","本公司受邀參加富邦證券舉辦之線上法說會，說明本公司營運概況。","455120220809M001.pdf","455120220809E001.pdf","","","無。","查詢"
"4551","智伸科","111/08/10","14:30","線上法說會","本公司受邀參加元富證券舉辦之「2022年台股企業日」
法人說明會，說明本公司營運概況。","455120220809M002.pdf","455120220809E002.pdf","","","無","查詢"
"4551","智伸科","111/03/22","15:00","宏遠證券703大會議室 (台北市信義路四段236號7樓)","本公司受邀參加宏遠證券所舉辦之法人說明會，說明本公司營運概況。","455120220321M002.pdf","455120220321E002.pdf","","","無","查詢"
"4551","智伸科","111/03/23","10:00","線上法說會","本公司受邀參加美林證券舉辦之線上法人說明會 2022
APAC TMT Conference，說明本公司營運概況。","455120220321M001.pdf","455120220321E001.pdf","","","無","查詢"
"4551","智伸科","111/03/22","09:00","線上法說會","本公司受邀參加摩根士丹利證券舉辦之線上法人說明會 Virtual Hong Kong Summit 2022，說明本公司營運概況。","455120220321M001.pdf","455120220321E001.pdf","","","無","查詢"
"4551","智伸科","111/05/10","14:00","線上法說會","本公司受邀參加華南永昌證券舉辦之線上法人說明會，說明本公司營運概況。","455120220510M001.pdf","455120220510E001.pdf","","","無","查詢"
"4551","智伸科","111/05/19 至 111/05/19","15:00","線上法說會","本公司受邀參加永豐金證券與臺灣證券交易所舉辦之「SinoPac x TWSE Taiwan Corporate Day 2022」線上法人說明會。","455120220510M001.pdf","455120220510E001.pdf","","","無","查詢"
"4551","智伸科","111/06/22","10:00","線上法說會","本公司受邀參加大和國泰證券舉辦之線上法人說明會，
說明本公司營運概況。","455120220510M001.pdf","455120220510E001.pdf","","","無","查詢"
"4551","智伸科","111/06/21","15:20","線上法說會","本公司受邀參加群益金鼎證券舉辦之「2022年第2季投資論壇」法人說明會，說明本公司營運概況。","455120220510M001.pdf","455120220510E001.pdf","","","無","查詢"
"4551","智伸科","111/06/20","14:00","線上法說會","本公司受邀參加UBS所舉辦之法人說明會「UBS Taiwan Virtual Conference 2022」，說明本公司營運概況。","455120220510M001.pdf","455120220510E001.pdf","","","無","查詢"
"4551","智伸科","111/09/06","15:40","香格里拉台北遠東國際大飯店 B1F (台北市敦化南路二段201號)","本公司受邀參加永豐金證券舉辦之法說會「2022 Q3產業投資論壇」，說明本公司營運概況。","455120220809M002.pdf","455120220809E002.pdf","","","無","查詢"
"4551","智伸科","111/11/17","08:30","新加坡東方文華酒店","本公司受邀參加摩根士丹利證券舉辦之法人說明會 Twenty-
First Annual Asia Pacific Summit，說明本公司營運概況。","455120221108M001.pdf","455120221108E001.pdf","","","無。","查詢"
"4551","智伸科","111/10/21","10:00","線上法說會","本公司受邀參加UBS所舉辦之法人說明會「UBS Taiwan 
Technology Day：Automotive Supply Chain」，說明本公司營運概況。","455120220809M002.pdf","455120220809E002.pdf","","","無","查詢"
"4551","智伸科","111/11/08","14:00","統一證券集團大樓13樓(台北市松山區東興路八號13樓)","本公司受邀參加統一證券舉辦之法人說明會，說明本公司營運概況。","455120221108M001.pdf","455120221108E001.pdf","","","無","查詢"
"4551","智伸科","111/10/25","14:00","線上法說會","本公司受邀參加元大證券所舉辦之線上法人說明會，說明本公司營運概況。","455120220809M002.pdf","455120220809E002.pdf","","","無","查詢"
"4552","力達-KY","111/04/12","16:30","臺灣證券交易所1樓資訊展示中心","本公司受邀參加臺灣證券交易所舉辦之『110年第1季第一上市公司財務業務說明會』，說明本公司2021年度營業成果及未來營運展望。","455220220412M001.pptx","455220220412E001.pptx","http://www.lidaholdings.com/","","無","查詢"
"4555","氣立","111/09/23","14:30","線上法說會","本公司受邀參加富邦證券主辦之線上法說會，說明本公司之營運概況、財務及業務相關資訊。","455520220923M001.pdf","455520220923E001.pdf","https://www.chelic.com/website/tw/shareholder.html","","法人說明會開會後會將相關簡報資料輸入公開資訊觀測站。","查詢"
"4557","永新-KY","111/09/07","14:30","臺灣證券交易所1樓資訊展示中心(台北市信義路五段7號)","本公司受臺灣證券交易所邀請參加第一上市公司線上財務業務說明會","455720220901M001.pdf","455720220901E001.pdf","https://www.yusin.com/",法說會影音連結資訊:未輸 ,"無","查詢"
"4560","強信-KY","111/12/16","14:30","線上法人說明會","本公司受邀參加富邦證券舉辦之線上法人說明會，說明本公司之業務及營運概況。","456020221216M001.pdf","456020221216E001.pdf","","","無","查詢"
"4562","穎漢","111/12/01","14:30","高雄市前鎮區中山二路2號九樓之一(大眾財經大樓)","本公司受邀參加&#65378;台新證券聯合法人說明會」，說明公司產業及營運狀況","456220221130M001.pdf","456220221130E001.pdf","","","無","查詢"
"4564","元翎","111/11/18","14:00","線上法說會","本公司受邀參加永豐金證券舉辦之線上法人說明會，說明本公司之營運概況。","456420221118M001.pdf","456420221118E001.pdf","http://www.twmosa.com","","報名請洽永豐金鄒小姐(02)23823207或E-MAIL:joyce.tsou@sinopac.com","查詢"
"4566","時碩工業","111/04/19","13:30","線上法說會","(1)本公司受邀參加臺灣證券交易所及寬量國際共同主辦
之線上法說會「11th Taiwan CEO Week」，說明本公司之
營運概況、財務及業務相關資訊。
(2)本公司當日受邀參與2場線上法人說明會，簡報內容皆
相同，各場次時間：13:30~14:30 / 17:00~18:00。","456620220415M001.pdf","456620220415E001.pdf","http://www.globaltek.com.tw","","無","查詢"
"4566","時碩工業","111/04/20","14:30","線上法說會","本公司受邀參加元大證券舉辦的線上法說會，說明本公司之營運概況、財務及業務相關資訊。","456620220418M002.pdf","456620220418E002.pdf","http://www.globaltek.com.tw","","無。","查詢"
"4566","時碩工業","111/03/15","11:00","線上法人說明會","本公司受邀參加第一金證券舉辦之線上投資座談會，
說明本公司之營運概況、財務及業務相關資訊。","456620220314M002.pdf","456620220314E002.pdf","http://www.globaltek.com.tw","","無。","查詢"
"4566","時碩工業","111/08/25","14:30","台開大樓14F (台北市重慶南路一段2號)","本公司受邀參加凱基證券舉辦的法人說明會，說明本公司之營運概況、財務及業務相關資訊。","456620220823M001.pdf","456620220823E001.pdf","http://www.globaltek.com.tw","","無。","查詢"
"4566","時碩工業","111/11/23","14:30","台北市重慶南路一段2號19樓(1901會議室)","本公司受邀參加永豐金證券舉辦之法人說明會，說明本公司簡介與經營成果","456620221121M001.pdf","456620221121E001.pdf","http://www.globaltek.com.tw","","無。","查詢"
"4566","時碩工業","111/09/26","09:10","臺灣線上法人說明會","本公司受邀參加臺灣證券交易所及寬量國際共同主辦之
「12th Taiwan CEO Week」","456620220921M001.pdf","456620220921E001.pdf","http://www.globaltek.com.tw","","無。","查詢"
"4571","鈞興-KY","111/03/31","14:30","台北市重慶南路一段2號19樓會議室(永豐金證券)","本公司受邀參加永豐金證券舉辦之法人座談會，說明
公司營運回顧及業務展望","457120220331M001.pdf","457120220331E001.pdf","http://www.khgears.com/ft/gudong.php?id=25","","報名請洽永豐金證券鄒小姐 (02)23823207 或 mail: joyce.tsou@sinopac.com","查詢"
"4571","鈞興-KY","111/06/22","14:30","線上法人說明會","本公司受邀參加中國信託證券舉辦之線上法人說明會，說明公司營運回顧及業務展望","457120220622M001.pdf","457120220622E001.pdf","http://www.khgears.com/ft/gudong.php?id=25","","無","查詢"
"4571","鈞興-KY","111/09/13","14:00","線上法人說明會","本公司受邀參加國泰證券舉辦之線上法人說明會，說明公司營運回顧及業務展望","457120220912M001.pdf","457120220912E001.pdf","http://www.khgears.com/ft/gudong.php?id=25","","無","查詢"
"4571","鈞興-KY","111/11/09","14:00","線上法人說明會","本公司受邀參加元大證券舉辦之線上法人說明會，說明公司營運回顧及業務展望","457120221109M001.pdf","457120221109E001.pdf","http://www.khgears.com/ft/gudong.php?id=25","","無","查詢"
"4572","駐龍","111/12/01","14:00","高雄市前鎮區中山二路2號9樓之1(大眾財經大樓)","本公司受邀參加「台新證券聯合法人說明會」，說明公司營運狀況及未來展望。","457220221201M001.pdf","457220221201E001.pdf","http://www.drewloong.com.tw/?p=2060","","無","查詢"
"4572","駐龍","111/09/15","14:00","線上法說會","本公司受邀參加「第一金證券2022年9月線上投資座談會」，說明公司營運狀況、財務及業務相關資訊。","457220220915M001.pdf","457220220915E001.pdf","http://www.drewloong.com.tw/?p=2060","","無","查詢"
"4576","大銀微系統","111/05/10","16:00","網址：http://www.zucast.com/webcast/q8TFJ9pa","(1)營運狀況
(2)Q&amp;A","457620220510M001.pdf","457620220510E001.pdf","https://www.hiwinmikro.tw/zh/investor/shareholder",同步收看網址：:http://www.zucast.com/webcast/q8TFJ9pa 法說會影音連結資訊:https://youtu.be/49Q34kATvqg ,"無","查詢"
"4576","大銀微系統","111/11/18","16:00","網址：http://www.zucast.com/webcast/VXBfWbch","(1)營運狀況
(2)Q&amp;A","457620221117M002.pdf","457620221117E002.pdf","https://www.hiwinmikro.tw/zh/investor/shareholder",同步收看網址：:http://www.zucast.com/webcast/VXBfWbch 法說會影音連結資訊:https://youtu.be/nnFIklxgQlY ,"無","查詢"
"4581","光隆精密-KY","111/09/20","14:30","台北市南京東路二段85號7樓","本公司受邀參加富邦證券所舉辦之法人說明會，說明本公司2022年第二季營業成果及未來營運展望","458120220920M001.pdf","458120220920E001.pdf","https://www.wkgroup.com/tw/investor-conference-presentation","","為配合防疫，入內將先測量體溫並請全程配戴口罩。","查詢"
"4583","台灣精銳","111/03/01","14:30","台北君悅酒店3樓凱悅一區宴會廳(台北市信義區松壽路2號)","(1)本公司依「有價證券初次上市前業績發表會實施要點」規定，於上市前辦理股票初次上市前業績發表會。
(2)本次業績發表會將由本公司經營團隊說明產業發展、財務業務狀況、未來風險、公司治理及企業社會責任、臺灣證券交易所股份有限公司董事會暨上市審議委員會要求補充揭露事項。
(3)因考量防疫措施之場地與人數限制，現場開放參加之名額有限，欲現場參與本次業績發表會之貴賓，敬請事先報名。
(4)欲現場參加者，事先報名網址：https://reurl.cc/r1q0m1
(5)後續若因疫情嚴峻配合政府防疫措施，必要時將改為同一時間舉行線上業績發表會。","458320220225M001.pdf","458320220225E001.pdf","https://www.apexdyna.com/zh/sup_investors.aspx?link=2","","因應防疫要求，與會者須全程配戴口罩並遵守防疫相關規定。","查詢"
"4588","玖鼎電力","111/11/02","14:30","台北市南京東路2段111號6樓(日盛證券6D國際會議廳)","本公司受邀參加日盛證券舉辦之興櫃前法人說明會，說明公司營運概況。","458820221031M002.pdf","458820221031E002.pdf","","","完整財務業務資訊請至公開資訊觀測站之法人說明會一覽表或法說會項目下查閱.","查詢"
"4588","玖鼎電力","111/11/02","14:30","台北市南京東路2段111號6樓(日盛證券6D國際會議廳)","本公司受邀參加日盛證券舉辦之興櫃前法人說明會，說明公司營運概況。","458820221031M001.pdf","458820221031E001.pdf","","","完整財務業務資訊請至公開資訊觀測站之法人說明會一覽表或法說會項目下查閱。","查詢"
"4720","德淵","111/12/29","14:00","線上法說會","說明本公司營運概況及未來展望。","472020221229M001.pdf","472020221229E001.pdf","http://www.texyear.com/",中文影音檔網址:4720_12_20221229_ch.mp4 ,"無","查詢"
"4720","德淵","111/08/25","14:00","線上法說會","公司上半年營運暨產業狀況","472020220824M001.pdf","472020220824E001.pdf","http://www.texyear.com/",中文影音檔網址:4720_11_20220825_ch.mp4 ,"無","查詢"
"4722","國精化","111/05/10","14:00","線上法說會","說明本公司2022年第1季營運成果","472220220510M001.pdf","472220220510E001.pdf","https://www.qualipoly.com/zh-tw/a3-2826/%E6%B3%95%E4%BA%BA%E8%AA%AA%E6%98%8E%E6%9C%83.html","","無","查詢"
"4736","泰博","111/11/10","14:30","線上法說會","本公司受邀參加凱基證券舉辦之線上法說會，會中就本公司已公開發佈之財務數字、經營績效等相關資訊做說明。","473620221110M001.pdf","473620221110E001.pdf","","","無。","查詢"
"4737","華廣","111/09/07","14:30","線上法人說明會","本公司受邀參加德信證券舉辦之線上法說會，說明本公司之營運概況、財務及業務相關資訊","473720220907M002.pdf","473720220907E002.pdf","","","無","查詢"
"4739","康普","111/03/24","14:00","台北市松山區東興路8號15F","向法人說明本公司營運概況","473920220323M001.pdf","473920220323E001.pdf","https://www.coremaxcorp.com/zh-tw/investor-conference","","相關營運概況資訊請至公開資訊觀測站之法人說明會一覽表或法人說明會項下查閱。","查詢"
"4739","康普","111/06/24","14:00","線上法人說明會。","向法人說明本公司營運概況。","473920220623M001.pdf","473920220623E001.pdf","https://www.coremaxcorp.com/zh-tw/investor-conference","","相關營運概況資訊請至公開資訊觀測站之法人說明會一覽表或法人說明會項下查閱。","查詢"
"4739","康普","111/09/26","14:30","線上法人說明會。","向法人說明本公司營運概況。","473920220926M001.pdf","473920220926E001.pdf","https://www.coremaxcorp.com/zh-tw/investor-conference","","相關營運概況資訊請至公開資訊觀測站之法人說明會一覽表或法人說明會項下查閱。","查詢"
"4739","康普","111/12/29","14:00","台北市敦化南路二段97號11樓","向法人說明本公司營運概況。","473920221228M002.pdf","473920221228E002.pdf","https://www.coremaxcorp.com/zh-tw/investor-conference","","相關營運概況資訊請至公開資訊觀測站之法人說明會一覽表或法人說明會項下查閱。","查詢"
"4746","台耀","111/03/14","14:30","線上法人說明會 - Webex","公司未來經營策略及願景","474620220314M001.pdf","474620220314E001.pdf","https://www.formosalab.com/tw/investors3_4.php","","活動諮詢：凱基證券 鄭小姐 電話：02-2181-8167 E-mail：janice.cheng@kgi.com","查詢"
"4755","三福化","111/12/15","14:30","線上法人說明會","本公司受邀參加第一金證券舉辦之線上法人說明會
會議中說明本公司財務暨營運概況","475520221215M001.pdf","475520221215E001.pdf","http://www.sfchem.com.tw/","","無","查詢"
"4763","材料*-KY","111/09/14","15:20","喜來登酒店B1會議室","本公司受邀參加凱基證券舉辦之2022年第三季投資論壇，說明本公司之營運概況、財務及業務相關資訊。","476320220914M001.pdf","476320220914E001.pdf","","","報名請洽凱基證券法人部02-21818888*8246或mail: Tracy.zhang@kgi.com","查詢"
"4763","材料*-KY","111/09/15","15:00","線上法說會-Webex","本公司受邀參加富邦綜合證券股份有限公司舉辦之線上法說會，說明本公司之營運概況、財務及業務相關資訊。","476320220915M001.pdf","476320220915E001.pdf","","","報名請洽富邦證券法人部(02)2772-5938#61656或mail: tingju.yeh@fubon.com。","查詢"
"4763","材料*-KY","111/11/15","15:00","線上法人說明會-ZOOM","本公司受邀參加統一綜合證券股份有限公司舉辦之線上法說會，說明本公司之營運概況、財務及業務相關資訊。","476320221115M001.pdf","476320221115E001.pdf","http://acetek.com.cn/finance/fashuoh/","","報名請洽統一綜合證券法人部(02)2746-3952-3003或mail: shiki@uni-psg.com。","查詢"
"4763","材料*-KY","111/12/08","15:15","台北君悅酒店-鳳鳴廳","統一證券2022Q4全球展望冬季論壇","476320221208M001.pdf","476320221208E001.pdf","","","報名請洽統一綜合證券法人部(02)2746-3952-3729或mail: shiki@uni-psg.com。","查詢"
"4763","材料*-KY","111/12/28","15:00","Webex","康和證券法人說明會","476320221228M001.pdf","476320221228E001.pdf","http://acetek.com.cn/finance/fashuoh/","","報名請洽康和證券法人部8787-1888#242","查詢"
"4764","雙鍵","111/12/28","14:30","線上法人說明會-Webex","本公司受邀參加凱基證券舉辦之線上法人說明會，會中將報告公司簡介及營運概況。","476420221227M001.pdf","476420221227E001.pdf","","","無","查詢"
"4766","南寶","111/08/18","14:30","線上法說會","本公司受邀參加由元大證券舉辦之線上法說會，說明本公司之營運概況、財務及業務相關資訊。","476620220818M001.pdf","476620220818E001.pdf","","","無","查詢"
"4766","南寶","111/03/30","14:30","線上法說會","本公司受邀參加由凱基證券舉辦之線上法說會","476620220330M001.pdf","476620220330E001.pdf","","","無","查詢"
"4766","南寶","111/05/25","14:30","線上法說會","本公司受邀參加由凱基證券舉辦之線上法說會","476620220525M001.pdf","476620220525E001.pdf","","","無","查詢"
"4766","南寶","111/04/13 至 111/04/19","13:30","線上法說會","本公司受邀參加由臺灣證券交易所及寬量國際共同主辦之線上法說會「11th Taiwan CEO Week on Air」","476620220413M001.pdf","476620220413E001.pdf","","","無","查詢"
"4766","南寶","111/11/16","14:30","線上法說會","本公司受邀參加由凱基證券舉辦之線上法說會，說明本公司之營運概況、財務及業務相關資訊。","476620221116M001.pdf","476620221116E001.pdf","","","無","查詢"
"4766","南寶","111/09/20 至 111/09/28","13:30","線上法說會","本公司受邀參加由臺灣證券交易所及寬量國際共同主辦之線上法說會「12th Taiwan CEO Week on Air」，說明本公司之營運概況、財務及業務相關資訊。","476620220920M001.pdf","476620220920E001.pdf","","","無","查詢"
"4770","上品","111/05/20","14:30","線上法說會","本公司受邀參加元大證券舉辦之線上法人說明會，說明本公司營運狀況。","477020220520M001.pdf","477020220520E001.pdf","https://www.alliedsupreme.com/tw/investor-9","","無","查詢"
"4770","上品","111/04/15","15:40","臺灣證券交易所1樓資訊展示中心(台北市信義區信義路5段7號 (101大樓))","本公司受邀參加臺灣證券交易所舉辦之2022年「半導體相關暨新上市」主題式業績發表會，說明本公司營運狀況。","477020220415M001.pdf","477020220415E001.pdf","https://www.alliedsupreme.com/tw/investor-9","","無","查詢"
"4770","上品","111/08/19","14:00","線上法說會","本公司受邀參加元大證券舉辦之線上法人說明會，說明本公司營運狀況。","477020220819M001.pdf","477020220819E001.pdf","https://www.alliedsupreme.com/tw/investor-9","","無","查詢"
"4770","上品","111/11/10","13:30","台北君悅酒店","本公司受麥格理證券邀請參加「Macquarie Taiwan Corporate Day」，主要內容為公司營運概況","477020221110M001.pdf","477020221110E001.pdf","https://www.alliedsupreme.com/tw/investor-9","","無","查詢"
"4770","上品","111/11/11","14:00","線上法說會","公司受邀參加元大證券舉辦之線上法人說明會，說明本公司營運狀況。","477020221111M001.pdf","477020221111E001.pdf","https://www.alliedsupreme.com/tw/investor-9","","無","查詢"
"4770","上品","111/11/22","15:00","遠東香格里拉飯店B1 (106台北市大安區敦化南路二段201號)","本公司受邀參加里昂證券舉辦之“Taiwan Market Mover”，主要說明本公司營運概況。","477020221122M001.pdf","477020221122E001.pdf","https://www.alliedsupreme.com/tw/investor-9","","無","查詢"
"4771","望隼","111/05/16","15:00","線上法說會","本公司受邀參加由財團法人中華民國證券櫃檯買賣中心主辦之線上法說會說明本公司之營運概況、財務及業務相關資訊。","477120220512M001.pptx","477120220512E001.pptx","","","相關資訊請至公開資訊觀測站之法人說明會一覽表或法說會項目下查閱。","查詢"
"4807","日成-KY","111/03/17","14:00","本公司為線上法說會","本公司受邀參加台中銀證券所舉辦之線上法人說明會
法說會連結網址：https://tcbs.webex.com/tcbs-tc/j.php?MTID=m2e912c34cdce2f9f4f48929b397394af","480720220406M001.pdf","480720220406E001.pdf","http://www.regaljewelrygroup.com/TW/home/Default.asp","","無","查詢"
"4904","遠傳","111/04/12 至 111/04/21","09:00","本公司","說明本公司110年度第4季營運與財務概況","490420220311M002.pdf","490420220311E002.pdf","http://www.fareastone.com.tw","","無","查詢"
"4904","遠傳","111/03/01","16:00","本公司","說明本公司110年度第4季營運與財務概況","490420220311M002.pdf","490420220311E002.pdf","http://www.fareastone.com.tw",同步收看網址：:http://www.zucast.com/webcast/gP7gneas 法說會影音連結資訊:http://www.zucast.com/webcast/gP7gneas ,"無","查詢"
"4904","遠傳","111/03/14 至 111/03/18","08:00","本公司","說明本公司110年度第4季營運與財務概況","490420220311M001.pdf","490420220311E001.pdf","http://www.fareastone.com.tw",同步收看網址：:NA ,"無","查詢"
"4904","遠傳","111/08/03","16:00","本公司","說明本公司111年度第2季營運與財務概況","490420220803M001.pdf","490420220803E001.pdf","https://corporate.fetnet.net",同步收看網址：:http://www.zucast.com/webcast/uvkDb1NG 法說會影音連結資訊:http://www.zucast.com/webcast/uvkDb1NG ,"無","查詢"
"4904","遠傳","111/06/08 至 111/06/10","08:00","線上","說明本公司111年度第1季營運與財務概況","490420220504M001.pdf","490420220504E001.pdf","http://www.fareastone.com.tw","","無","查詢"
"4904","遠傳","111/06/20 至 111/06/21","08:00","線上","說明本公司111年度第1季營運與財務概況","490420220504M001.pdf","490420220504E001.pdf","http://www.fareastone.com.tw","","無","查詢"
"4904","遠傳","111/05/04","16:00","本公司","說明本公司111年度第1季營運與財務概況","490420220504M001.pdf","490420220504E001.pdf","https://corporate.fetnet.net",同步收看網址：:http://www.zucast.com/webcast/AN5zHbzH 法說會影音連結資訊:http://www.zucast.com/webcast/AN5zHbzH ,"無","查詢"
"4904","遠傳","111/08/16","14:30","線上","說明本公司111年度第2季營運與財務概況","490420220803M001.pdf","490420220803E001.pdf","http://www.fareastone.com.tw","","無","查詢"
"4904","遠傳","111/06/21","14:00","線上","說明本公司111年度第1季營運與財務概況","490420220504M001.pdf","490420220504E001.pdf","http://www.fareastone.com.tw","","無","查詢"
"4904","遠傳","111/11/11","16:00","本公司","說明本公司111年度第3季營運與財務概況","490420221111M001.pdf","490420221111E001.pdf","https://corporate.fetnet.net",同步收看網址：:http://www.zucast.com/webcast/XTxOfWTj 法說會影音連結資訊:http://www.zucast.com/webcast/XTxOfWTj (請輸入網址名稱(註)):未輸 ,"無","查詢"
"4904","遠傳","111/09/20 至 111/09/22","09:00","本公司","說明本公司111年度第2季營運與財務概況","490420220803M001.pdf","490420220803E001.pdf","http://www.fareastone.com.tw","","無","查詢"
"4906","正文","111/06/20","14:00","線上","受邀參加永豐金證券2022 Q2 產業投資線上論壇","490620220614M001.pdf","490620220614E001.pdf","https://www.gemteks.com/ir/seminar","","無","查詢"
"4906","正文","111/03/03","09:00","於線上進行","報告公司營運近況與未來展望","490620220301M001.pdf","490620220301E001.pdf","","","此場法說會為受邀參加UBS舉辦之2022 UBSxTWSE台灣企業日","查詢"
"4906","正文","111/03/17","11:15","台北美福飯店（台北市中山區樂群二路55號）","受邀參加統一證券2022 Q1 春季投資論壇","490620220316M001.pdf","490620220316E001.pdf","","","受邀參加統一證券2022 Q1 春季投資論壇","查詢"
"4906","正文","111/09/16","11:00","線上","2022線上數位引資論壇","490620220906M001.pdf","490620220906E001.pdf","https://www.gemteks.com/ir/seminar","","無","查詢"
"4906","正文","111/09/08","14:30","線上","元富證券舉辦之「9月台股企業日」線上法人說明會。","490620220906M001.pdf","490620220906E001.pdf","https://www.gemteks.com/ir/seminar","","無","查詢"
"4906","正文","111/12/29","14:00","TICC台北國際會議中心一樓201DE會議室（台北市信義區信義路五段1號會議室）","本公司將舉辦一年一度的法人說明會，將對2022年做總結報告，並且說明2023年產業趨勢與展望。","490620221229M001.pdf","490620221229E001.pdf","https://www.gemteks.com/ir/seminar",法說會影音連結資訊:https://www.youtube.com/watch?v=a2zOZxDCy3I&ab_channel=Domo_Chen%E9%99%B3%E5%BB%BA%E8%89%AF ,"無","查詢"
"4912","聯德控股-KY","111/12/06","14:30","線上法人說明會","本公司受邀參加由凱基證券舉辦之線上法人說明會","491220221206M002.pdf","491220221206E002.pdf","http://www.lemtech.com","","無","查詢"
"4912","聯德控股-KY","111/12/12","15:30","臺灣證券交易所1樓資訊展示中心(台北市信義路五段7號)","本公司受邀參加臺灣證券交易所舉辦之第一上市公司財務業務說明會","491220221206M002.pdf","491220221206E002.pdf","http://www.lemtech.com","","無","查詢"
"4915","致伸","111/03/16","12:00","電話會議","本公司受邀參加BofA Securities 2022 APAC TMT Conference","491520220215M003.pdf","491520220215E003.pdf","https://www.primax.com.tw/investors/ir-activity/investor-meetings","","無","查詢"
"4915","致伸","111/06/08","15:00","線上會議","本公司受邀參加第一金證券2022年6月線上投資座談會","491520220428M003.pdf","491520220428E003.pdf","https://www.primax.com.tw/investors/ir-activity/investor-meetings","","無","查詢"
"4915","致伸","111/01/06","10:00","電話會議","本公司受邀參加野村證券所舉辦之線上法人說明會","491520211028M001.pdf","491520211028E001.pdf","https://www.primax.com.tw/investors/ir-activity/investor-meetings","","無","查詢"
"4915","致伸","111/02/15","14:30","電話會議","本公司受邀參加凱基證券所舉辦之2021年第四季法人說明會, 說明2021年營運成果及未來展望","491520220215M003.pdf","491520220215E003.pdf","https://www.primax.com.tw/investors/ir-activity/investor-meetings","","無","查詢"
"4915","致伸","111/07/28","14:30","線上會議","本公司受邀參加凱基證券所舉辦之2022年第二季法人說明會, 說明第二季營運成果及未來展望","491520220728M002.pdf","491520220728E002.pdf","https://www.primax.com.tw/investors/ir-activity/investor-meetings","","無","查詢"
"4915","致伸","111/06/21","13:00","線上會議","本公司受邀參加 UBS Taiwan Virtual Conference 2022","491520220613M001.pdf","491520220613E001.pdf","https://www.primax.com.tw/investors/ir-activity/investor-meetings","","無","查詢"
"4915","致伸","111/06/15","14:00","線上會議","本公司受邀參加永豐金證券2022第二季線上論壇","491520220613M001.pdf","491520220613E001.pdf","https://www.primax.com.tw/investors/ir-activity/investor-meetings","","無","查詢"
"4915","致伸","111/03/28","09:30","電話會議","本公司受邀參加ICA專顧研究舉辦之『第二屆亞洲未來峰會』","491520220215M003.pdf","491520220215E003.pdf","https://www.primax.com.tw/investors/ir-activity/investor-meetings","","無","查詢"
"4915","致伸","111/03/10","10:00","電話會議","本公司受邀參加Citi Taiwan Corporate Day 2022 (Virtual)","491520220215M003.pdf","491520220215E003.pdf","https://www.primax.com.tw/investors/ir-activity/investor-meetings","","無","查詢"
"4915","致伸","111/04/28","14:30","電話會議","本公司受邀參加凱基證券所舉辦之2022年第一季法人說明會, 說明第一季營運成果及未來展望","491520220428M003.pdf","491520220428E003.pdf","https://www.primax.com.tw/investors/ir-activity/investor-meetings","","無","查詢"
"4915","致伸","111/05/11","14:30","電話會議","本公司受邀參加元富證券2022年5月台股企業日","491520220428M003.pdf","491520220428E003.pdf","https://www.primax.com.tw/investors/ir-activity/investor-meetings","","無","查詢"
"4915","致伸","111/05/19","10:00","線上會議","本公司受邀參加  Citi Regional Tech Conference 2022 (Virtual)","491520220428M003.pdf","491520220428E003.pdf","https://www.primax.com.tw/investors/ir-activity/investor-meetings","","無","查詢"
"4915","致伸","111/10/27","14:30","線上會議","本公司受邀參加元大證券所舉辦之2022年第三季法人說明會, 說明第三季營運成果及未來展望","491520221027M001.pdf","491520221027E001.pdf","https://www.primax.com.tw/investors/ir-activity/investor-meetings","","無","查詢"
"4915","致伸","111/09/06 至 111/09/07","09:00","線上會議","本公司受邀參加23rd Credit Suisse Asian Technology Conference","491520220728M002.pdf","491520220728E002.pdf","https://www.primax.com.tw/investors/ir-activity/investor-meetings","","無","查詢"
"4915","致伸","111/11/08 至 111/11/09","16:00","1) 台北君悅飯店
2) 台北文創","本公司受邀參加
1)瑞信證券11/8 舉辦之法人說明會,
2) 元富證券11/9 舉辦之&quot;2022年台股企業日&quot;","491520221027M001.pdf","491520221027E001.pdf","https://www.primax.com.tw/investors/ir-activity/investor-meetings","","無","查詢"
"4915","致伸","111/09/07","13:30","線上會議","本公司受邀參加 2022元大證券第三季投資論壇","491520220728M002.pdf","491520220728E002.pdf","https://www.primax.com.tw/investors/ir-activity/investor-meetings","","無","查詢"
"4915","致伸","111/10/05","09:00","線上會議","本公司受邀參加 Nomura Virtual Taiwan Corporate Day 2022","491520220728M002.pdf","491520220728E002.pdf","https://www.primax.com.tw/investors/ir-activity/investor-meetings","","無","查詢"
"4916","事欣科","111/11/29","14:00","線上法人說明會","本公司受邀參加統一綜合證券舉辦之線上法說會，說明本公司之營運概況、財務及業務相關資訊。","491620221129M001.pdf","491620221129E001.pdf","","","無","查詢"
"4919","新唐","111/05/05","15:30","線上法說會","本公司舉行111年第一季法人說明會，將於會中就公司111年第一季財務數字與營運概況做說明","491920220505M001.pdf","491920220505E001.pdf","https://www.nuvoton.com/about-nuvoton/investors/investor-conference/investor-conference-detail/",同步收看網址：:https://wms.gridow.com/ir/nuvoton/nuvoton_22Q1.html 法說會影音連結資訊:https://www.nuvoton.com/about-nuvoton/investors/investor-conference/investor-conference-detail/ ,"無","查詢"
"4919","新唐","111/08/05","13:30","線上法說會","本公司舉行111年第二季法人說明會，將於會中就公司111年第二季財務數字與營運概況做說明","491920220805M001.pdf","491920220805E001.pdf","https://www.nuvoton.com/about-nuvoton/investors/investor-conference/investor-conference-detail/",同步收看網址：:https://wms.gridow.com/ir/nuvoton/nuvoton_22Q2.html 法說會影音連結資訊:https://www.nuvoton.com/about-nuvoton/investors/investor-conference/investor-conference-detail/ ,"無","查詢"
"4919","新唐","111/02/11","14:00","線上法說會","本公司舉行110年第四季法人說明會，將於會中就公司110年第四季財務數字與營運概況做說明","491920220211M001.pdf","491920220211E001.pdf","https://www.nuvoton.com/about-nuvoton/investors/investor-conference/investor-conference-detail/",同步收看網址：:http://wms.gridow.com/ir/nuvoton/nuvoton_21Q4.html 法說會影音連結資訊:https://www.nuvoton.com/about-nuvoton/investors/investor-conference/investor-conference-detail/ ,"無","查詢"
"4919","新唐","111/11/04","14:30","線上法說會","本公司舉行111年第三季法人說明會，將於會中就公司111年第三季財務數字與營運概況做說明","491920221104M001.pdf","491920221104E001.pdf","https://www.nuvoton.com/about-nuvoton/investors/investor-conference/investor-conference-detail/",同步收看網址：:https://wms.gridow.com/ir/nuvoton/nuvoton_22Q3.html 法說會影音連結資訊:https://www.nuvoton.com/about-nuvoton/investors/investor-conference/investor-conference-detail/ ,"無","查詢"
"4927","泰鼎-KY","111/05/25","16:00","線上法說會","本公司受邀參加元大證券舉辦之「2022 第二季線上投資論壇」","492720220524M001.pdf","492720220524E001.pdf","http://www.apex-intl.com.tw/investor.php#parentHorizontalTab3","","無","查詢"
"4927","泰鼎-KY","111/03/17","15:15","台北美福大飯店 (台北市中山區樂群二路55號)","本公司受邀參加統一證券2022Q1春季投資論壇","492720220316M001.pdf","492720220316E001.pdf","http://www.apex-intl.com.tw/investor.php#parentHorizontalTab3","","無","查詢"
"4927","泰鼎-KY","111/05/11","14:30","線上法說會","本公司受邀參加元富證券5月台股企業日","492720220510M001.pdf","492720220510E001.pdf","http://www.apex-intl.com.tw/investor.php#parentHorizontalTab3","","無","查詢"
"4927","泰鼎-KY","111/03/09","15:45","臺北文創(台北市信義區菸廠路88號6樓)","本公司受邀參加元富證券舉辦3月台股企業日。","492720220308M001.pdf","492720220308E001.pdf","http://www.apex-intl.com.tw/investor.php#parentHorizontalTab3","","無","查詢"
"4927","泰鼎-KY","111/08/17","14:30","台北市復興南路一段209號4樓會議室","本公司受邀參加元富證券8月台股企業日","492720220817M001.pdf","492720220817E001.PDF","http://www.apex-intl.com.tw/investor.php#parentHorizontalTab3","","無","查詢"
"4927","泰鼎-KY","111/11/10","14:30","線上法說會","本公司受邀參加元富證券舉辦之「2022年11月台股企業日」","492720221110M001.pdf","492720221110E001.pdf","https://www.apex-intl.com.tw/","","無","查詢"
"4930","燦星網","111/08/30","15:00","線上法說會","本公司受邀參加元大證券舉辦之線上法說會，說明本公司財務及營運展望。","493020220829M002.pdf","493020220829E002.pdf","http://www.starcomgistic.com/","","無","查詢"
"4930","燦星網","111/12/14","15:00","線上法說會","本公司受邀參加元大證券舉辦之線上法說會，說明本公司財務及營運展望。","493020221213M001.pptx","493020221213E001.pptx","http://www.starcomgistic.com/Web/Investors/SM_Vue.aspx","","無","查詢"
"4934","太極","111/12/28","14:00","太極集團台北公司-台北市南港路二段97號5樓","受富邦綜合證券股份有限公司邀請參加 111年法人說明會","493420221228M001.pdf","493420221228E001.pdf","http://www.tainergy.com.tw",法說會影音連結資訊:未輸 ,"會議資料將於法說會後揭露於公開資訊觀測站及公司網站。","查詢"
"4935","茂林-KY","111/04/12","14:30","臺灣證券交易所1樓資訊展示中心(台北市信義路五段7號)","本公司受邀參加臺灣證券交易所舉辦之「111Q1第一上市公司線上財務業務說明會」","493520220412M003.pdf","493520220412E003.pdf","https://www.glthome.com.tw/","","無。","查詢"
"4935","茂林-KY","111/09/08","14:30","臺灣證券交易所1樓資訊展示中心(台北市信義路五段7號)","本公司受邀參加臺灣證券交易所舉辦之「111Q3第一上市公司財務業務說明會」","493520220908M001.pdf","493520220908E001.pdf","https://www.glthome.com.tw/",同步收看網址：:https://webpro.twse.com.tw/ 法說會影音連結資訊:https://webpro.twse.com.tw/ ,"無","查詢"
"4938","和碩","111/03/17","10:00","電話會議","本公司應邀參加Bank of America Merrill Lynch舉辦之2022 APAC TMT Conference","493820220310M001.pdf","493820220310E001.pdf","http://www.pegatroncorp.com","","無","查詢"
"4938","和碩","111/03/10","14:30","電話會議","本公司應瑞銀證券之邀參加電話會議說明本公司營運概況","493820220310M001.pdf","493820220310E001.pdf","http://www.pegatroncorp.com","","本公司將於法人說明會當日公布營運說明會資料於公開資訊觀測站及公司網站","查詢"
"4938","和碩","111/02/22","10:00","電話會議","本公司受邀參加J.P. Morgan舉辦之Taiwan CEO-CFO Conference 2022電話會議，說明本公司營運概況","493820211111M001.pdf","493820211111E001.pdf","http://www.pegatroncorp.com","","無","查詢"
"4938","和碩","111/05/17","10:00","電話會議","本公司應邀參加Jefferies與富邦證券共同舉辦之Jefferies &amp; Fubon Virtual Taiwan Corporate Day 2022電話會議，說明本公司營運概況。","493820220513M001.pdf","493820220513E001.pdf","http://www.pegatroncorp.com","","無","查詢"
"4938","和碩","111/08/30","10:00","電話會議","本公司應邀參加花旗證券舉辦之Asia TMT Day 2022 (Virtual Event)電話會議，說明本公司營運概況。","493820220817M002.pdf","493820220817E002.pdf","http://www.pegatroncorp.com","","無","查詢"
"4938","和碩","111/11/10","14:30","電話會議","本公司應花旗證券之邀參加電話會議說明本公司營運概況","493820221110M001.pdf","493820221110E001.pdf","https://www.pegatroncorp.com/","","本公司將於法人說明會當日公布營運說明會資料於公開資訊觀測站及公司網站","查詢"
"4938","和碩","111/09/07","10:00","電話會議","本公司應邀參加Jefferies與富邦證券共同舉辦之3rd Annual Jefferies Asia Forum電話會議，說明本公司營運概況。","493820220817M001.pdf","493820220817E001.pdf","http://www.pegatroncorp.com","","無","查詢"
"4938","和碩","111/09/06","10:00","電話會議","本公司受邀參加瑞士信貸舉辦之23rd Credit Suisse Asian Technology Conference電話會議，說明本公司營運概況。","493820220817M001.pdf","493820220817E001.pdf","http://www.pegatroncorp.com","","無","查詢"
"4938","和碩","111/08/24","10:00","電話會議","本公司應邀參加瑞銀證券舉辦之UBS Tech Week: TMI and Digital Assets Conference 2022電話會議說明本公司營運概況","493820220817M001.pdf","493820220817E001.pdf","http://www.pegatroncorp.com","","無","查詢"
"4942","嘉彰","111/09/14","14:00","線上法人說明會","本公司受邀參加國票綜合證券舉辦之法人說明會","494220220914M001.pdf","494220220914E001.pdf","http://www.chiachang.com/ChiaGroup/investment_2in.aspx?itemID=20140407111505","","報名請洽國票綜合證券王小姐02-25288350、Email:vivianwang@ibfs.com.tw","查詢"
"4943","康控-KY","111/12/19","16:10","臺灣證券交易所1樓資訊展示中心(台北市信義路五段7號)","本公司受邀參加臺灣證券交易所舉辦之111Q4第一上市公司財務業務說明會。","494320221219M001.pdf","494320221219E001.pdf","http://www.concraft.com.tw/thc/about_investor_overlist_concraft.html","","無。","查詢"
"4952","凌通","111/08/17","14:00","福邦證券總公司 (台北市忠孝西路一段6號7樓)","本公司受邀參加福邦證券舉辦之法人說明會，說明111年上半年之財務及營運狀況。","495220220815M002.pdf","495220220815E002.pdf","https://www.generalplus.com/2LVlangLNq2SVw1SNinvest_r","","無","查詢"
"4956","光鋐","111/11/17","14:30","線上法說會","本公司受邀參加凱基證券舉辦之線上法人說明會","495620221117M001.pdf","495620221117E001.pdf","https://www.epileds.com.tw","","無","查詢"
"4958","臻鼎-KY","111/06/02","11:00","線上法說會","受邀參加美林證券舉辦之「2022 Innovative China Conference」","495820220531M002.pdf","495820220531E002.pdf","https://www.zdtco.com/tw/investor/events","","(1)6/2(11:00~15:00)；6/7(13:00~17:00)  (2)請至觀測站或公司網站查閱相關資訊。","查詢"
"4958","臻鼎-KY","111/04/12 至 111/04/19","09:00","線上法說會","PCB產業展望、公司營運績效及Q&amp;A","495820220411M001.pdf","495820220411E001.pdf","https://www.zdtco.com/tw/investor","","實際受邀參加法人說明會之日期:111/04/12、111/04/14、111/04/19","查詢"
"4958","臻鼎-KY","111/08/09","15:00","線上法說會
報名連結https://www.zdtco.com/tw/investor/events","1. 2022年第二季營運概況說明
2. Key Messages
3. 提問時間 (Q&amp;A)","495820220809M001.pdf","495820220809E001.pdf","https://www.zdtco.com/tw/investor/events",同步收看網址：:https://www.zdtco.com/tw/investor/events 法說會影音連結資訊:https://youtu.be/sLiBJqrXcdo ,"請預先完成線上報名，會議以中文進行，也歡迎英文提問","查詢"
"4958","臻鼎-KY","111/06/07","09:00","線上法說會","受邀參加野村證券舉辦之「Investment Forum Asia 2022」","495820220531M001.pdf","495820220531E001.pdf","https://www.zdtco.com/tw/investor/events","","請至觀測站或公司網站查閱相關資訊。","查詢"
"4958","臻鼎-KY","111/05/18","14:00","線上法說會","PCB產業展望、公司營運績效及Q&amp;A。","495820220516M001.pdf","495820220516E001.pdf","https://www.zdtco.com/tw/investor/events","","請至公開資訊觀測站或公司網站查閱法人說明會相關資訊。","查詢"
"4958","臻鼎-KY","111/05/18","09:00","線上法說會","PCB產業展望、公司營運績效及Q&amp;A。","495820220516M002.pdf","495820220516E002.pdf","https://www.zdtco.com/tw/investor/events","","(1)5/18(18:00~19:00)；5/20(09:00~16:00)   (2)請至觀測站或公司網站查閱相關資訊。","查詢"
"4958","臻鼎-KY","111/08/30 至 111/08/31","09:00","線上法說會","PCB產業展望、公司營運績效及Q&amp;A","495820220829M001.pdf","495820220829E001.pdf","https://www.zdtco.com/tw/investor","","(1)8/30~8/31(09:00~17:00 (2)請至觀測站或公司網站查閱相關資訊。","查詢"
"4958","臻鼎-KY","111/09/06 至 111/09/07","09:00","線上法說會","PCB產業展望、公司營運績效及Q&amp;A","495820220829M001.pdf","495820220829E001.pdf","https://www.zdtco.com/tw/investor","","(1)9/6~9/7  09:00~17:00 (2)請至觀測站或公司網站查閱相關資訊。","查詢"
"4958","臻鼎-KY","111/06/20","14:00","線上法說會","瑞銀證券舉辦之「UBS Taiwan Virtual Conference 2022」關於PCB產業展望、公司營運績效及Q&amp;A","495820220516M002.pdf","495820220516E002.pdf","https://www.zdtco.com/tw/investor/events","","(1)6/20(14:00~17:00)；6/21(10:00~17:00)  (2)請至觀測站或公司網站查閱相關資訊。","查詢"
"4958","臻鼎-KY","111/06/27","14:00","線上法說會","寬量國際QIC舉辦之線上法說會 PCB產業展望、公司營運績效及Q","495820220625M002.pdf","495820220625E002.pdf","https://www.zdtco.com/tw/investor/events","","請至觀測站或公司網站查閱相關資訊。","查詢"
"4958","臻鼎-KY","111/03/16","15:00","線上法說會","2021年第四季線上法人說明會","495820220316M001.pdf","495820220316E001.pdf","https://www.zdtco.com/tw/investor",同步收看網址：:https://www.zdtco.com/tw/investor/events 法說會影音連結資訊:https://youtu.be/V_Af8dGdCfE ,"請參考公司網站預先報名，公司將於收到報名回覆後，以Email寄發會議連線資訊","查詢"
"4958","臻鼎-KY","111/03/24","10:00","線上法說會","美林證券舉辦之「2022 APAC TMT Conference」","495820220323M001.pdf","495820220323E001.pdf","https://www.zdtco.com/tw/investor","","無","查詢"
"4958","臻鼎-KY","111/09/02","10:00","台北君悅酒店 (台北市信義區松壽路2號)","PCB產業展望、公司營運績效及Q&amp;A","495820220829M001.pdf","495820220829E001.pdf","https://www.zdtco.com/tw/investor","","請至觀測站或公司網站查閱相關資訊","查詢"
"4958","臻鼎-KY","111/09/19","13:30","線上法說會","PCB產業展望、公司營運績效及Q&amp;A","495820220916M001.pdf","495820220916E001.pdf","https://www.zdtco.com/tw/investor","","(1)9/19(13:30~15:40) (2)請至公開資訊觀測站或公司網站查閱法人說明會相關資訊。","查詢"
"4958","臻鼎-KY","111/10/21","10:00","台北市信義區松仁路7號5樓(瑞銀證券台北辦公室)與線上電話會議","PCB產業展望,公司營運績效及Q&amp;A","495820220916M001.pdf","495820220916E001.pdf","https://www.zdtco.com/tw/investor","","請至公開資訊觀測站或公司網站查閱法人說明會相關資訊","查詢"
"4958","臻鼎-KY","111/09/29","16:00","線上法說會(台灣)","PCB產業展望、公司營運績效及Q&amp;A","495820220916M001.pdf","495820220916E001.pdf","https://www.zdtco.com/tw/investor","","請至公開資訊觀測站或公司網站查閱法人說明會相關資訊","查詢"
"4958","臻鼎-KY","111/09/21 至 111/09/27","08:00","線上法說會(台灣)","PCB產業展望、公司營運績效及Q&amp;A","495820220916M001.pdf","495820220916E001.pdf","https://www.zdtco.com/tw/investor","","(1)9/21~9/22及9/27 三天 (2)請至公開資訊觀測站或公司網站查閱法人說明會相關資訊。","查詢"
"4958","臻鼎-KY","111/12/14","14:30","臺北文創(台北市信義區菸廠路88號)","PCB產業展望、公司營運績效及Q&amp;A","495820221107M001.pdf","495820221107E001.pdf","https://www.zdtco.com/tw/investor/events","","請至公開資訊觀測站或公司網站查閱法人說明會相關資訊","查詢"
"4958","臻鼎-KY","111/11/11","12:00","台北君悅酒店 (台北市信義區松壽路2號)","PCB產業展望、公司營運績效及Q&amp;A","495820221107M001.pdf","495820221107E001.pdf","https://www.zdtco.com/tw/investor","","請至公開資訊觀測站或公司網站查閱法人說明會相關資訊","查詢"
"4958","臻鼎-KY","111/11/10","10:00","線上法說","本公司受邀參加美林證券舉辦之「BofA 2022 China Conference」","495820221107M001.pdf","495820221107E001.pdf","https://www.zdtco.com/tw/investor","","請至公開資訊觀測站或公司網站查閱法人說明會相關資訊","查詢"
"4958","臻鼎-KY","111/11/14 至 111/11/16","16:00","線上法說","簡介PCB產業展望、公司營運績效及Q&amp;A","495820221107M001.pdf","495820221107E001.pdf","https://www.zdtco.com/tw/investor","","11/14(16:00~17:00)；11/16(09:00~17:00)","查詢"
"4960","誠美材","111/09/19","14:00","茹曦酒店(台北市松山區敦化北路100號2樓貴賓軒)","本公司受邀參加群益金鼎證券舉辦之法人說明會，會中將說明本公司營運成果及未來展望。","496020220919M001.pdf","496020220919E001.pdf","www.cmmt.com.tw","","無","查詢"
"4960","誠美材","111/12/19","14:00","台北市南港區經貿二路188號13樓(B1302會議室)","本公司受邀參加中國信託綜合證券舉辦之法人說明會，會中將說明本公司營運成果及未來展望。","496020221219M001.pdf","496020221219E001.pdf","www.cmmt.com.tw","","無","查詢"
"4961","天鈺","111/06/20","10:00","線上機構投資人說明會","本公司111/6/20受邀參加瑞銀證券舉辦之「Taiwan Virtual Conference 2022」，會中就本公司5/6法說會已公開之財務數字、經營績效等相關資訊進行說明。","496120220506M001.pdf","496120220506E001.pdf","https://www.fitipower.com/investment.asp?id=12","","無","查詢"
"4961","天鈺","111/01/07","14:00","線上機構投資人說明會","本公司受邀參加Credit Suisse舉辦之「Credit Suisse 2022 Greater China Technology and Internet Conference」，會中就本公司11/16法說會已公開之財務數字、經營績效等相關資訊進行說明。","496120211116M002.pdf","496120211116E002.pdf","https://www.fitipower.com/investment.asp?id=12","","無。","查詢"
"4961","天鈺","111/05/06","14:00","線上法說會","(1)公布本公司2022年第1季合併財務報表。
(2)參加方式：請Email至本公司IR信箱:
   IR@fitipower.com。(報名後提供會議連結資訊)","496120220506M001.pdf","496120220506E001.pdf","https://www.fitipower.com/investment.asp?id=12",法說會影音連結資訊:https://www.fitipower.com/investment.asp?id=12 ,"無","查詢"
"4961","天鈺","111/08/05","14:00","線上法說會","(1)公布本公司2022年第2季合併財務報表。
(2)參加方式：請Email至本公司IR信箱:IR@fitipower.com。(報名後提供會議連結資訊)","496120220805M001.pdf","496120220805E001.pdf","https://www.fitipower.com/investment.asp?id=12",法說會影音連結資訊:https://www.fitipower.com/investment.asp?id=12 ,"無","查詢"
"4961","天鈺","111/02/25","14:00","線上法說會","(1)公布本公司2021年第4季自結數合併財務報表。
(2)參加方式：請Email至本公司IR信箱:IR@fitipower.com。(報名後提供會議連結資訊)","496120220225M001.pdf","496120220225E001.pdf","https://www.fitipower.com/investment.asp?id=12",法說會影音連結資訊:https://www.fitipower.com/investment.asp?id=12 ,"無","查詢"
"4961","天鈺","111/03/02","15:30","線上機構投資人說明會","本公司受邀參加HSBC舉辦之「HSBC Virtual Series: Disruptive Technology - ePaper」，會中就本公司已公開之財務數字、經營績效等相關資訊進行說明。","496120220302M002.pdf","496120220302E002.pdf","https://www.fitipower.com/investment.asp?id=12","","無","查詢"
"4961","天鈺","111/03/09","15:45","臺北文創-台北市信義區菸廠路88號6F","本公司受邀參加元富證券舉辦之「2022年3月台股企業日」，會中就本公司2/25法說會已公開之財務數字、經營績效等相關資訊進行說明。","496120220225M001.pdf","496120220225E001.pdf","https://www.fitipower.com/investment.asp?id=12","","無","查詢"
"4961","天鈺","111/03/23","14:00","線上機構投資人說明會","本公司111年3月23日受邀參加國泰證券舉辦之「國泰證券2022年3月投資論壇」，會中就本公司2月25日法說會已公開之財務數字、經營績效等相關資訊進行說明。","496120220225M001.pdf","496120220225E001.pdf","https://www.fitipower.com/investment.asp?id=12","","無","查詢"
"4961","天鈺","111/03/15 至 111/03/18","09:00","線上機構投資人說明會","本公司111年3月15日及111年3月18日受邀參加美銀證券舉辦之「2022 APAC TMT Conference」，會中就本公司2月25日法說會已公開之財務數字、經營績效等相關資訊進行說明。","496120220225M001.pdf","496120220225E001.pdf","https://www.fitipower.com/investment.asp?id=12","","無","查詢"
"4961","天鈺","111/03/17","15:15","台北美福飯店（台北市中山區樂群二路55號）","本公司受邀參加統一證券舉辦之「2022Q1春季投資論壇」，會中就本公司2月25日法說會已公開之財務數字、經營績效等相關資訊進行說明。","496120220225M001.pdf","496120220225E001.pdf","https://www.fitipower.com/investment.asp?id=12","","無","查詢"
"4961","天鈺","111/09/15","15:15","台北美福大飯店(台北市中山區樂群二路55號)","本公司111/9/15受邀參加統一證券舉辦之「2022 Q3全球展望秋季投資論壇」，會中就本公司8/5法說會已公開之財務數字、經營績效等相關資訊進行說明。","496120220805M001.pdf","496120220805E001.pdf","https://www.fitipower.com/investment.asp?id=12","","無","查詢"
"4961","天鈺","111/12/07","15:40","台北晶華酒店","本公司111/12/7受邀參加國泰證券舉辦之「2022年第四季國泰證券產業論壇」，會中就本公司11/4法說會已公開之財務數字、經營績效等相關資訊進行說明。","496120221104M001.pdf","496120221104E001.pdf","https://www.fitipower.com/investor/quarterly-reports","","無","查詢"
"4961","天鈺","111/12/08","15:15","台北君悅酒店","本公司111/12/8受邀參加統一證券舉辦之「2022年第四季冬季投資論壇」，會中就本公司11/4法說會已公開之財務數字、經營績效等相關資訊進行說明。","496120221104M001.pdf","496120221104E001.pdf","https://www.fitipower.com/investor/quarterly-reports","","無","查詢"
"4961","天鈺","111/09/08","15:45","線上機構投資人說明會","本公司111/9/8受邀參加元富證券舉辦之「2022年台股企業日」，會中就本公司8/5法說會已公開之財務數字、經營績效等相關資訊進行說明。","496120220805M001.pdf","496120220805E001.pdf","https://www.fitipower.com/investment.asp?id=12","","無","查詢"
"4961","天鈺","111/09/05","09:00","線上機構投資人說明會","本公司111/9/5受邀參加Credit Suisse舉辦之「23rd Credit Suisse Asian Technology Conference」，會中就本公司8/5法說會已公開之財務數字、經營績效等相關資訊進行說明。","496120220805M001.pdf","496120220805E001.pdf","https://www.fitipower.com/investment.asp?id=12","","無","查詢"
"4961","天鈺","111/08/31","15:00","線上機構投資人說明會","本公司111/8/31受邀參加花旗證券舉辦之「Asia TMT Day 2022」，會中就本公司8/5法說會已公開之財務數字、經營績效等相關資訊進行說明。","496120220805M001.pdf","496120220805E001.pdf","https://www.fitipower.com/investment.asp?id=12","","無","查詢"
"4961","天鈺","111/08/31 至 111/09/01","10:00","線上機構投資人說明會","本公司111/8/31至111/9/1受邀參加HSBC舉辦之「HSBC Taiwan Executive Forum」，會中就本公司8/5法說會已公開之財務數字、經營績效等相關資訊進行說明。","496120220805M001.pdf","496120220805E001.pdf","https://www.fitipower.com/investment.asp?id=12","","無","查詢"
"4961","天鈺","111/12/02","10:00","線上機構投資人說明會","本公司111/12/2受邀參加Citi舉辦之「Taiwan Corporate Day 2022」，會中就本公司11/4法說會已公開之財務數字、經營績效等相關資訊進行說明。","496120221104M001.pdf","496120221104E001.pdf","https://www.fitipower.com/investor/quarterly-reports","","無","查詢"
"4961","天鈺","111/11/04","14:00","線上法說會","(1)公布本公司2022年第3季合併財務報表。
(2)參加方式：請至https://www.fitipower.com/investor/events 報名。(報名後提供會議連結資訊)","496120221104M001.pdf","496120221104E001.pdf","https://www.fitipower.com/investor/quarterly-reports",法說會影音連結資訊:https://www.fitipower.com/investor/quarterly-reports ,"無","查詢"
"4967","十銓","111/12/15","14:30","合庫證券","本公司受邀參加合庫證券主辦之線上法人說明會，說明公司營運概況及未來展望。","496720221215M001.pdf","496720221215E001.pdf","https://www.teamgroupinc.com/tw/about/profile.php",法說會影音連結資訊:未輸 ,"無","查詢"
"4968","立積","111/02/24","15:30","網路直播","立積電子(4968) 2021年第四季線上法人說明會。","496820220224M001.pdf","496820220224E001.pdf","https://www.richwave.com.tw/zh/invest_sharholder_conference.aspx",同步收看網址：:http://www.zucast.com/webcast/26usY6gR 法說會影音連結資訊:http://www.zucast.com/webcast/26usY6gR ,"因考量新型冠狀病毒疫情，法說會改為網路直播進行。","查詢"
"4968","立積","111/04/28","15:30","網路直播","立積電子(4968) 2022年第一季線上法人說明會。","496820220428M001.pdf","496820220428E001.pdf","https://www.richwave.com.tw/zh/invest_sharholder_conference.aspx",同步收看網址：:http://www.zucast.com/webcast/vOBNI7QN 法說會影音連結資訊:http://www.zucast.com/webcast/vOBNI7QN ,"因考量新型冠狀病毒疫情，法說會改為網路直播進行。","查詢"
"4968","立積","111/10/27","15:30","網路直播","立積電子(4968) 2022年第三季線上法人說明會。","496820221027M001.pdf","496820221027E001.pdf","https://www.richwave.com.tw/zh/invest_sharholder_conference.aspx",同步收看網址：:http://www.zucast.com/webcast/Uebw0TA0 法說會影音連結資訊:http://www.zucast.com/webcast/Uebw0TA0 ,"無。","查詢"
"4976","佳凌","111/10/25","14:00","線上法說會","本公司受邀參加福邦證券舉辦之線上法說會，說明2022年第二季的營運概況。","497620221025M001.pdf","497620221025E001.pdf","","","無","查詢"
"4977","眾達-KY","111/10/26","14:30","台北市中正區中山南路11號6樓(財團法人張榮發基金會602廳)","本公司受邀參加凱基證券舉辦之法人說明會，說明本公司財務營運概況。","497720221025M001.pdf","497720221025E001.pdf","","","無。","查詢"
"4989","榮科","111/10/28","14:30","線上法說會","本公司受邀參加元大證券舉辦之線上法人說明會，報告本公司營運狀況。","498920221027M001.pdf","498920221027E001.pdf","https://www.lcyt.com.tw/tc/earnings_conference.php","","簡報檔將於法說會前一日揭露於公開資訊觀測站及本公司網站。","查詢"
"4994","傳奇","111/05/27","14:00","臺灣證券交易所1F資訊展示中心(台北市信義路五段7號)","簡報營運概況","499420220524M001.pdf","499420220524E001.pdf","http://www.x-legend.tw/03financials/financials_16.php",法說會影音連結資訊:https://webpro.twse.com.tw/webportal/vod/101/93E3EF1C601A-FC2E9844-DD8A-11EC-B8D4/?categoryId=101 ,"無","查詢"
"4994","傳奇","111/12/16","14:30","臺灣證券交易所1F資訊展示中心(台北市信義路五段7號)","簡報營運概況","499420221206M001.pdf","499420221206E001.pdf","http://www.x-legend.tw/03financials/financials_16.php",法說會影音連結資訊:https://webpro.twse.com.tw/webportal/vod/101/C19816874A91-A4D9B71A-7D15-11ED-BAC1/?categoryId=101 ,"無","查詢"
"4999","鑫禾","111/11/17","14:00","臺北兆豐證券大樓(臺北市忠孝東路二段95號13樓)","本公司受邀參加兆豐證券舉辦之法人說明會","499920221117M001.pdf","499920221117E001.pdf","http://www.sinher.com.tw/tw/8?nid=27","","無","查詢"
"5007","三星","111/11/18","14:00","線上法說會","本公司受邀參加元富證券舉辦之線上法人說明會，說明產業發展及公司經營現況。","500720221117M001.pdf","500720221117E001.pdf","http://www.sanshing.com.tw/investor5.html","","無","查詢"
"5203","訊連","111/04/26","14:30","線上法說會","訊連科技(5203)宣佈將於4月26日舉行線上法人說明會，屆時將於會中報告111年第一季度經營成果，敬邀各界蒞臨參加
詳細活動流程如下：
                                                  
時間	          活動流程

2:30PM ~ 3:15PM	  說明會簡報
3:15PM ~ 3:30PM	  Q &amp; A

本次法人說明會將使用整合線上簡報、螢幕分享、支援直播及預錄功能的「U簡報」進行同步直播。投資人可透過電腦、平板及手機參與「U簡報」，PC使用者可使用Chrome瀏覽器開啟下列連結參與本場直播；手機或平板使用者請先下載並安裝「U」App 即可加入該直播。

線上直播網址: https://u.cyberlink.com/web/register/1057433600183502218","520320220426M001.pdf","520320220426E001.pdf","https://tw.cyberlink.com/prog/company/ir-index.do",法說會影音連結資訊:https://u.cyberlink.com/web/register/1057433600183502218 ,"無","查詢"
"5203","訊連","111/03/04","16:30","華南銀行國際會議中心 (201會議室)","訊連科技(5203)宣佈將於3月4日假華南銀行國際會議中心舉行法人說明會，屆時將於會中報告110年度全年經營成果，敬邀各界蒞臨參加，
詳細資料如下：

國內法人說明會 -
地點：華南銀行國際會議中心 (201會議室)
地址：臺北市信義區松仁路123號2樓
時間：111年03月04日(五) 下午4:30

時間	          活動流程
4:15PM ~ 4:30PM	  接待及報到
4:30PM ~ 5:15PM	  說明會簡報
5:15PM ~ 5:30PM	  Q &amp; A

本次法人說明會將使用整合線上簡報、螢幕分享、支援強大直播及預錄功能的「U簡報」進行同步直播。
投資人可透過電腦、平板及手機參與「U簡報」，PC使用者可使用Chrome瀏覽器開啟下列連結參與本場直播；手機或平板使用者請先下載並安裝「U」App即可加入該直播。
線上直播網址: https://u.cyberlink.com/web/register/1041128029729851510","520320220304M001.pdf","520320220304E001.pdf","https://tw.cyberlink.com/prog/company/ir-investors-conference.jsp",法說會影音連結資訊:https://u.cyberlink.com/web/register/1041128029729851510 ,"無","查詢"
"5203","訊連","111/04/14 至 111/04/22","14:40","線上法說會","本公司受邀參加由臺灣證券交易所及寬量國際共同主辦之線上法說會「11th Taiwan CEO Week」，說明本公司之營運概況、財務及業務相關資訊。","520320220414M001.pdf","520320220414E001.pdf","https://tw.cyberlink.com/prog/company/ir-index.do","","無","查詢"
"5203","訊連","111/04/14 至 111/04/22","14:40","線上法人說明會","本公司受邀參加由臺灣證券交易所及寬量國際共同主辦之線上法說會「11th Taiwan CEO Week」，說明本公司之營運概況、財務及業務相關資訊。","520320220304M001.pdf","520320220304E001.pdf","https://tw.cyberlink.com/prog/company/ir-index.do","","無","查詢"
"5203","訊連","111/07/26","14:30","線上法說會","訊連科技(5203)宣佈將於7月26日
舉行線上法人說明會，屆時將於會中報告111年第二季度經營成果，敬邀各界蒞臨參加，
詳細活動流程如下：
                                                              
時間	          活動流程

2:30PM ~ 3:15PM	  說明會簡報
3:15PM ~ 3:30PM	  Q &amp; A

本次法人說明會將使用整合線上簡報、螢幕分享、支援強大直播及預錄功能的「U簡報」
進行同步直播。投資人可透過電腦、平板及手機參與「U簡報」，PC使用者可使用Chrome
瀏覽器開啟下列連結參與本場直播；手機或平板使用者請先下載並安裝「U」App
即可加入該直播。

線上直播網址: 	https://u.cyberlink.com/web/register/1090706378323921056","520320220726M001.pdf","520320220726E001.pdf","https://tw.cyberlink.com/prog/company/ir-index.do",:未輸 法說會影音連結資訊:https://u.cyberlink.com/web/register/1090706378323921056 ,"無","查詢"
"5203","訊連","111/11/03","14:30","線上法說會","訊連科技(5203)宣佈將於11月3日
舉行線上法人說明會，屆時將於會中報告111年第三季度經營成果，敬邀各界蒞臨參加，
詳細活動流程如下：
                                                              
時間	          活動流程

2:30PM ~ 3:15PM	  說明會簡報
3:15PM ~ 3:30PM	  Q &amp; A

本次法人說明會將使用整合線上簡報、螢幕分享、支援強大直播及預錄功能的「U簡報」
進行同步直播。投資人可透過電腦、平板及手機參與「U簡報」，PC使用者可使用Chrome
瀏覽器開啟下列連結參與本場直播；手機或平板使用者請先下載並安裝「U」App
即可加入該直播。

線上直播網址: 	https://u.cyberlink.com/live/1123725930875848360","520320221103M001.pdf","520320221103E001.pdf","https://tw.cyberlink.com/prog/company/ir-index.do",同步收看網址：:https://u.cyberlink.com/live/1123725930875848360 法說會影音連結資訊:https://u.cyberlink.com/live/1123725930875848360 ,"無","查詢"
"5215","科嘉-KY","111/03/31","15:30","台灣證券交易所1F資訊展示中心)線上同步直播(https://webpro.twse.com.tw/)","本公司受邀參加臺灣證券交易所舉辦之線上財務業務說明會，說明本公司之營運概況。","521520220330M001.pdf","521520220330E001.pdf","www.koja.com.tw","","無","查詢"
"5222","全訊","111/12/22","14:30","線上法人說明會","本公司受邀參加由台新證券舉辦之線上法人說明會，說明公司簡介、所屬產業概況、營運成果及未來展望。","522220221222M001.pdf","522220221222E001.pdf","http://www.transcominc.com.tw/Chinese/investorRelations_detail.php?arg=DMV4yhMvitEhTins4g","","無","查詢"
"5225","東科-KY","111/12/08","14:30","台北市杭州南路一段24號(集思交通部國際會議中心201會議室)","本公司受邀參加由凱基證券舉辦之法人說明會，說明本公司之營運概況。","522520221208M001.pdf","522520221208E001.pdf","https://eastech.com","","無","查詢"
"5234","達興材料","111/12/13","16:00","台灣證券交易所資訊展示中心(台北市信義路5段7號1樓)","經營成果、營運概況與未來展望","523420221212M001.pdf","523420221212E001.pdf","https://www.daxinmat.com/?sn=825&amp;lang=zh-TW",法說會影音連結資訊:https://webpro.twse.com.tw/WebPortal/vod/101/C19816874A91-CAFB355E-7AC5-11ED-BAC1/?categoryId=101 ,"15:30報到，16:00會議開始","查詢"
"5243","乙盛-KY","111/05/27","14:00","線上","康和綜合證券舉辦之線上法人說明會，就本公司已公開之財務業務資訊作說明。","524320220527M001.pdf","524320220527E001.pdf","http://www.eson.com.cn/index.php?c=category&amp;id=37","","無","查詢"
"5243","乙盛-KY","111/11/15","14:30","康和證券總公司B2會議室 台北市信義區基隆路1段176號B2","公司簡介及營運狀況說明","524320221115M001.pdf","524320221115E001.pdf","http://www.eson.com.cn/index.php?c=category&amp;id=37","","無","查詢"
"5244","弘凱","111/11/25","14:30","宏遠證券702會議室(台北市信義路四段236號7樓)","本公司受邀參加宏遠證券舉辦之法人說明會，將於會中報告公司2022年前三季營運成果及公司營運現況暨未來展望。","524420221125M001.pdf","524420221125E001.pdf","https://www.brightek.com/investor_xx_legal_st.aspx","","報名網址：https://www.honsec.com.tw/eDIgitalDir/conference/regist.asp?id=1142","查詢"
"5258","虹堡","111/04/13","14:30","台北市中山區建國北路一段96號B1 會議室","本公司受邀參加台新證券舉辦之法人說明會","525820220413M001.pdf","525820220413E001.pdf","https://www.castlestech.com/zh-hant/20161122-2/","","無","查詢"
"5258","虹堡","111/04/13","14:30","台北市中山區建國北路一段96號B1 會議室","本公司受邀參加台新證券舉辦之法人說明會","內容檔案於當日會後公告於公開資訊觀測站","內容檔案於當日會後公告於公開資訊觀測站","https://www.castlestech.com/zh-hant/20161122-2/","","無","查詢"
"5258","虹堡","111/11/23","14:30","台北市中山區建國北路一段96號B1(假台証金融大樓 福爾摩沙廳會議室)","本公司受邀參加台新證券舉辦之法人說明會，說明本公司近期營運成果與未來展望。","525820221123M001.pdf","525820221123E001.pdf","https://www.castlestech.com/zh-hant/20161122-2/","","無","查詢"
"5269","祥碩","111/03/02 至 111/03/30","14:00","線上法說會","公告本公司111年3月2日受邀參加瑞銀證券舉辦之UBS x TWSE Taiwan Corporate Day、111年3月9日至3月10日受邀參加花旗證券舉辦之Taiwan Corporate Day 2022、111年3月17日受邀參加里昂證券舉辦之CLSA Taiwan Access Day、111年3月22日至3月23日受邀參加摩根史丹利證券舉辦之Virtual Hong Kong Summit、111年3月23日至3月24日受邀參加美林證券舉辦之2022 APAC TMT Conference、111年3月29日至3月30日受邀參加瑞士信貸證券舉辦之25th Credit Suisse Asian Investment Conference，會中就本公司已公開發佈之財務數字、經營績效等相關資訊做說明。簡報資料請參閱公開資訊觀測站。","526920220221M001.pdf","526920220221E001.pdf","https://www.asmedia.com.tw","","無","查詢"
"5269","祥碩","111/02/21 至 111/02/22","14:00","線上法說會","公告本公司111年2月21日至2月22日受邀參加摩根大通證券舉辦之Taiwan CEO-CFO Conference，會中就本公司已公開發佈之財務數字、經營績效等相關資訊做說明。簡報資料請參閱公開資訊觀測站。","526920220221M001.pdf","526920220221E001.pdf","https://www.asmedia.com.tw","","無","查詢"
"5269","祥碩","111/05/12","15:00","線上法說會","本公司營運現況之相關資訊說明","526920220512M001.pdf","526920220512E001.pdf","https://www.asmedia.com.tw",中文影音檔網址:5269_18_20220512_ch.mp4 ,"無","查詢"
"5283","禾聯碩","111/09/30","14:30","線上法說會","公告本公司受邀參加元富證券舉辦之線上法人說明會，進行公司簡介及營運狀況說明","528320220928M001.pdf","528320220928E001.pdf","https://www.heran.com.tw/%e6%8a%95%e8%b3%87%e4%ba%ba%e5%b0%88%e5%8d%80/sample-page/",中文影音檔網址:5283_4_20220930_ch.mp4 ,"報名網址：https://owww.masterlink.com.tw/mlAP/UnderWrite/apply.aspx?pk=202","查詢"
"5284","jpp-KY","111/07/27","14:00","統一證券線上會議","受邀參加統一證券線上座談","528420220518M002.pptx","528420220518E002.pptx","http://www.jppholding.com/5-2-5.html","","無","查詢"
"5284","jpp-KY","111/05/19","14:30","兆豐證券線上會議室","受邀參加兆豐證券法人線上座談會","528420220518M001.pptx","528420220518E001.pptx","http://www.jppholding.com/5-2-5.html","","無","查詢"
"5284","jpp-KY","111/05/25","14:30","康和證券線上會議室","受邀參加康和證券法人線上座談會","528420220518M002.pptx","528420220518E002.pptx","http://www.jppholding.com/5-2-5.html","","無","查詢"
"5284","jpp-KY","111/08/08","14:30","國泰證線上座談","國泰證線上座談","528420220804M001.pptx","528420220804E001.pdf","http://www.jppholding.com/5-2-5.html","","無","查詢"
"5284","jpp-KY","111/09/06","14:00","德信線上法說","經寶上半年財報及下半年展望","528420220804M001.pptx","528420220804E001.pdf","http://www.jppholding.com/5-2-5.html","","無","查詢"
"5285","界霖","111/04/14","15:40","臺灣證券交易所101大樓1F 資訊展示中心","公告本公司受邀參加臺灣證券交易所舉辦之「2022年半導體暨新上市主題式業績發表會」","528520220413M001.pdf","528520220413E001.pdf","http://www.jihlin.com.tw/investor.php?cid=30","","無","查詢"
"5285","界霖","111/05/18","15:15","線上法說會","公告本公司受邀參加台新證券舉辦線上「2022第二季全球投資論壇」","528520220517M001.pdf","528520220517E001.pdf","http://www.jihlin.com.tw/investor.php?cid=30","","無","查詢"
"5285","界霖","111/10/21","15:00","台北市信義區松仁路7號5樓 國泰金融中心","公告本公司受邀參加UBS瑞銀證券舉辦「UBS Taiwan Technology Day：Automotive Supply Chain」","528520221019M001.pdf","528520221019E001.pdf","http://www.jihlin.com.tw/investor.php?cid=30","","無","查詢"
"5288","豐祥-KY","111/06/08","14:00","Webex線上會議","本公司受邀參加富邦證券舉辦之線上法人說明會","528820220608M001.pdf","528820220608E001.pdf","http://www.eurocharm.com.tw/","","無","查詢"
"5288","豐祥-KY","111/03/24","14:00","台北市基隆路1段200號13樓","本公司受邀參加大和國泰證券舉辦之法人說明會","528820220324M001.pdf","528820220324E001.pdf","http://www.eurocharm.com.tw/","","無","查詢"
"5288","豐祥-KY","111/12/01","14:00","台北君悅酒店（台北市信義區松壽路2號）","本公司受邀參加2022年富邦證券第四季投資論壇","528820221201M001.pdf","528820221201E001.pdf","http://www.eurocharm.com.tw/","","無","查詢"
"5288","豐祥-KY","111/12/29","14:30","Webex線上會議","本公司受邀參加元大證券舉辦之線上法人說明會","528820221229M001.pdf","528820221229E001.pdf","http://www.eurocharm.com.tw/","","無","查詢"
"5288","豐祥-KY","111/09/29","14:00","台北市重慶南路一段2號19F","本公司受邀參加永豐金證券舉辦之法人說明會","528820220929M001.pdf","528820220929E001.pdf","http://www.eurocharm.com.tw/","","無","查詢"
"5306","桂盟","111/06/01","14:00","線上法人座談會","本公司受邀參加凱基證券主辦線上法人座談會","530620220524M001.pdf","530620220524E001.pdf","","","無","查詢"
"5306","桂盟","111/11/22","14:00","臺灣證券交易所1樓資訊展示中心
(台北市信義區信義路5段7號 (101大樓))","本公司受邀參加由臺灣證券交易所舉辦上市公司「休閒及運動」主題式業績發表會","530620221118M001.pdf","530620221118E001.pdf","http://www.kmc-international.com/","","無","查詢"
"5306","桂盟","111/09/23","14:00","線上法說會","本公司受邀參加日盛證券舉辦法人線上座談會","530620220815M001.pdf","530620220815E001.pdf","","","無。","查詢"
"5306","桂盟","111/07/13","14:00","線上法說會","本公司受邀參加專顧資本(ICA)舉辦3rd Annual Asia Pacific Opportunities Summit","530620220524M001.pdf","530620220524E001.pdf","","","無","查詢"
"5306","桂盟","111/04/13","14:00","線上法說會","本公司受邀參加元富證券舉辦之2022年台股企業日活動","530620220323M001.pdf","530620220323E001.pdf","","","無","查詢"
"5306","桂盟","111/09/22","15:00","自行車文化探索館(台中市西屯區東大路一段997號)","本公司受邀參加由臺灣證券交易所、元大證券共同主辦自行車產業趨勢座談會","530620220815M001.pdf","530620220815E001.pdf","","","無。","查詢"
"5306","桂盟","111/09/14 至 111/09/15","14:00","線上法說會","本公司受邀參加由台灣董事學會、台灣證交所及安擘諮詢 (IPR Advisors) 所共同舉辦之2022線上數位引資論壇","530620220815M001.pdf","530620220815E001.pdf","","","無","查詢"
"5306","桂盟","111/05/25","15:00","線上法說會","本公司受邀參加CLSA舉辦法人線上座談會。","530620220524M001.pdf","530620220524E001.pdf","","","無","查詢"
"5306","桂盟","111/05/27","15:00","線上法人座談會","本公司受邀參加富邦舉辦法人線上座談會","530620220524M001.pdf","530620220524E001.pdf","","","無","查詢"
"5306","桂盟","111/03/30","17:00","線上法說會","本公司受邀參加ICA(專顧資本)舉辦2nd Annual Future of Asia Conference線上法說活動。","530620220323M001.pdf","530620220323E001.pdf","","","無","查詢"
"5306","桂盟","111/03/30","10:00","線上法說","本公司受邀參加Mizuho Securities Asia舉辦外資法人線上說明會","530620220323M001.pdf","530620220323E001.pdf","","","無","查詢"
"5306","桂盟","111/03/25","10:00","線上法說會","本公司受邀參加美林證券舉辦2022 APAC TMT Conference線上法說活動。","530620220323M001.pdf","530620220323E001.pdf","","","無","查詢"
"5306","桂盟","111/03/24","14:00","線上法說會","本公司受邀參加富邦證券舉辦法人線上說明會。","530620220323M001.pdf","530620220323E001.pdf","","","無","查詢"
"5306","桂盟","111/05/18","15:00","線上法說會","本公司受邀參加瑞銀證券(UBS)舉辦之法人線上會議","530620220517M001.pdf","530620220517E001.pdf","","","無。","查詢"
"5306","桂盟","111/08/16","10:00","線上法說會","本公司受邀參加康和證券主辦康和主題系列-自行車產業活動","530620220815M001.pdf","530620220815E001.pdf","","","無","查詢"
"5306","桂盟","111/06/21","09:00","線上法說會","本公司受邀參加由瑞銀證券舉辦UBS Taiwan Virtual Conference 2022 活動","530620220524M001.pdf","530620220524E001.pdf","","","無","查詢"
"5306","桂盟","111/06/21","09:00","線上法說會","本公司受邀參加由瑞銀證券舉辦UBS Taiwan Virtual Conference 2022 活動","530620220524M001.pdf","530620220524E001.pdf","","","無","查詢"
"5388","中磊","111/05/26","09:00","線上法人說明會","本公司受邀參加富邦證券舉辦之線上投資論壇
(Fubon Investment Forum 2022)","538820220517M001.pdf","538820220517E001.pdf","http://www.sercomm.com","","無","查詢"
"5388","中磊","111/01/04","09:45","線上法人說明會","本公司受邀參加元富證券及台灣證交所舉辦之線上投資論壇
(Masterlink and TWSE Smart Taiwan 2022)","538820220103M001.pdf","538820220103E001.pdf","http://www.sercomm.com","","無","查詢"
"5388","中磊","111/08/05","14:30","台北遠東國際大飯店 (台北市敦化南路二段201號3F)","公布本公司2022年第二季營運成果及市場展望","538820220805M001.pdf","538820220805E001.pdf","http://www.sercomm.com",法說會影音連結資訊:https://webpro.twse.com.tw/webportal/vod/101/69061E8DB00F-761450D1-149C-11ED-8972/?categoryId=101 ,"無","查詢"
"5388","中磊","111/03/02","10:00","線上法人說明會","本公司受邀參加瑞銀證券及台灣證交所舉辦之線上投資論壇
 (UBS x TWSE Taiwan Corporate Day 2022)","538820220223M001.pdf","538820220223E001.pdf","http://www.sercomm.com","","無","查詢"
"5388","中磊","111/03/09","14:30","台北遠東國際大飯店 (台北市敦化南路二段201號3F)","公布本公司2021年第四季營運成果及市場展望","538820220309M001.pdf","538820220309E001.pdf","http://www.sercomm.com",法說會影音連結資訊:https://webpro.twse.com.tw/webportal/vod/101/27903B6002A3-D3E47390-9F7F-11EC-AAC2/?categoryId=101 ,"無","查詢"
"5388","中磊","111/03/15","10:00","線上法人說明會","本公司受邀參加美林證券舉辦之「2022 Asia Pacific 
TMT Virtual Conference」線上投資論壇","538820220315M001.pdf","538820220315E001.pdf","http://www.sercomm.com","","無","查詢"
"5388","中磊","111/06/20","10:00","線上法人說明會","本公司受邀參加瑞銀證券舉辦之線上投資論壇
(UBS Taiwan Virtual Conference 2022)","538820220517M001.pdf","538820220517E001.pdf","http://www.sercomm.com","","無","查詢"
"5388","中磊","111/05/18","09:00","線上法人說明會","本公司受邀參加花旗證券舉辦之線上投資論壇
(Citi Regional Tech Conference 2022)","538820220517M001.pdf","538820220517E001.pdf","http://www.sercomm.com","","無","查詢"
"5388","中磊","111/08/30","10:00","線上法人說明會","本公司受邀參加花旗證券舉辦之線上投資論壇 
(Citi Asia TMT Day 2022)","538820220825M001.pdf","538820220825E001.pdf","http://www.sercomm.com","","無","查詢"
"5388","中磊","111/09/01","14:00","線上法人說明會","本公司受邀參加富邦證券舉辦之線上投資論壇 
(Fubon Investment Forum 2022)，
就已公開之財報資訊說明公司營運概況。","538820220825M001.pdf","538820220825E001.pdf","http://www.sercomm.com","","無","查詢"
"5388","中磊","111/12/01","10:00","君悅酒店","本公司受邀參加富邦證券舉辦之投資論壇 (Fubon Investment Forum 2022)","538820221129M001.pdf","538820221129E001.pdf","http://www.sercomm.com","","無","查詢"
"5434","崇越","111/05/19","14:30","線上","受邀參加福邦證券舉辦之線上法人說明會，就本公司已公開之財務業務資訊作說明。","543420220517M001.pdf","543420220517E001.pdf","https://www.topco-global.com/investor-conference/","","無","查詢"
"5434","崇越","111/03/31","14:30","福邦證券總公司(台北市忠孝西路一段6號7樓)","受邀參加福邦證券舉辦之法人說明會，就本公司已公開之財務業務資訊作說明。","543420220330M001.pdf","543420220330E001.pdf","https://www.topco-global.com/investor-conference","","無","查詢"
"5434","崇越","111/08/11","14:30","福邦證券總公司(台北市忠孝西路一段6號7樓)","受邀參加福邦證券舉辦之法人說明會，就本公司已公開之財務業務資訊作說明。","543420220812M001.pdf","543420220812E001.pdf","https://www.topco-global.com/investor-conference/","","無","查詢"
"5434","崇越","111/11/16","14:30","福邦證券總公司(台北市忠孝西路一段6號14樓)","受邀參加福邦證券舉辦之法人說明會，就本公司已公開之財務業務資訊作說明。","543420221111M001.pdf","543420221111E001.pdf","https://www.topco-global.com/investor-conference/","","無","查詢"
"5469","瀚宇博","111/08/16","14:30","線上法人說明會","111年第2季公司營運成果及未來營運展望","546920220816M001.pdf","546920220816E001.pdf","http://tw.hannstarboard.com/corporate-briefing/",法說會影音連結資訊:http://tw.hannstarboard.com/corporate-briefing/ ,"本次法人說明會將與精成科技(股)公司聯合召開","查詢"
"5471","松翰","111/03/03","15:00","線上法說會","本公司受邀參加元大證券舉辦之線上法說會，報告本公司營運狀況。","547120220302M001.pdf","547120220302E001.pdf","https://www.sonix.com.tw/article-tw-181-6645","","無","查詢"
"5471","松翰","111/08/12","14:30","線上法說會","本公司受邀參加凱基證券舉辦之線上法人座談會，報告本公司營運狀況。","547120220809M001.pdf","547120220809E001.pdf","https://www.sonix.com.tw/article-tw-181-6645","","無","查詢"
"5471","松翰","111/05/11","14:00","線上法說會","本公司受邀參加第一金證券舉辦之線上法人座談會，報告本公司營運狀況。","547120220510M001.pdf","547120220510E001.pdf","https://www.sonix.com.tw/article-tw-181-6645","","無","查詢"
"5471","松翰","111/11/15","14:00","線上法說會","本公司受邀參加元大證券舉辦之線上法人座談會，報告本公司營運狀況。","547120221111M001.pdf","547120221111E001.pdf","https://www.sonix.com.tw/article-tw-181-6645","","無","查詢"
"5484","慧友","111/11/30","14:30","福邦證券股份有限公司(台北市忠孝西路一段6號7樓 B會議室 )","本公司受邀參加福邦證券公司舉辦法人說明會，說明本公司營運與財務概況","548420221130M001.pptx","548420221130E001.pptx","https://www.everfocus.com.tw/tw/","","無","查詢"
"5515","建國","111/05/13","14:00","線上法說會","公司簡介及營運成果","551520220512M001.pdf","551520220512E001.pdf","http://www.ckgroup.com.tw/about/news",中文影音檔網址:5515_8_20220513_ch.mp4 ,"法說會報名網址:https://reurl.cc/7DpRnQ","查詢"
"5515","建國","111/08/25","14:00","線上法說會","公司簡介及營運成果","551520220824M001.pdf","551520220824E001.pdf","http://www.ckgroup.com.tw/about/news",中文影音檔網址:5515_9_20220825_ch.mp4 ,"法說會報名網址:https://reurl.cc/leDKQ9","查詢"
"5519","隆大","111/03/23","14:00","高雄市前鎮區民權二路380號19樓之1會議室","公司簡介及營運狀況說明","551920220322M001.pdf","551920220322E001.pdf","https://www.longda.com.tw/ir-list.php?id=690",法說會影音連結資訊:https://www.youtube.com/watch?v=U8LdXuZYJdk ,"無","查詢"
"5521","工信","111/10/20","14:00","線上","本公司受邀參加元大證券舉辦之線上法說會，報告本公司營運狀況。","552120221019M001.pdf","552120221019E001.pdf","https://www.kseco.com.tw/tc/legal.aspx","","無","查詢"
"5522","遠雄","111/03/10","14:30","不適用","本公司受邀參加元富證券舉辦之法說會「2022年台股企業日」","552220220309M001.pdf","552220220309E001.pdf","https://www.farglory-land.com.tw/investors-2/","","無","查詢"
"5522","遠雄","111/08/10","14:30","不適用","本公司受邀參加元富證券舉辦之「8月台股企業日」線上法說會","552220220809M002.pdf","552220220809E002.pdf","https://www.farglory-land.com.tw/investors-2-2/","","無","查詢"
"5522","遠雄","111/11/17","14:00","不適用","本公司受邀參加元大證券舉辦之線上法人說明會","552220221116M001.pdf","552220221116E001.pdf","https://www.farglory-land.com.tw/investors-2/","","無","查詢"
"5525","順天","111/12/14","14:30","線上法說會","本公司受邀參加由群益金鼎證券所舉辦之線上法說會, 報告本公司營運狀況","552520221214M001.pdf","552520221214E001.pdf","","","無","查詢"
"5531","鄉林","111/12/30","14:00","線上法說會","說明本公司營運及財務狀況","553120221230M001.pdf","553120221230E001.pdf","http://www.shininggroup.com.tw/",中文影音檔網址:5531_23_20221230_ch.mp4 ,"無","查詢"
"5533","皇鼎","111/10/25","13:30","新北市汐止區大同路一段一五二號一樓（富信大飯店）","公司簡介與營運狀況說明","553320221024M001.ppt","553320221024E001.ppt","https://www.founding.com.tw/investor04.php",法說會影音連結資訊:https://www.founding.com.tw/investor04.php?id=12 ,"無","查詢"
"5534","長虹","111/12/22","14:00","國泰綜合證券：台北市敦化南路二段335號10樓","說明本公司財務業務概況。","553420221219M001.pdf","553420221219E001.pdf","","","本說明會係由國泰綜合證券主辦，本公司係受邀參加。","查詢"
"5538","東明-KY","111/10/26","14:30","線上法說會","本公司受邀參加凱基證券所舉辦之線上法人說明會，會中就本公司營運概況及未來展望等做說明","553820221026M001.pdf","553820221026E001.pdf","http://tonggroup.com.tw",中文影音檔網址:5538_17_20221026_ch.mp4 ,"無","查詢"
"5546","永固-KY","111/09/07","16:30","臺灣證券交易所1樓資訊展示中心(台北市信義路五段7號)","本公司受邀參加臺灣證券交易所舉辦之法人說明會，就本公司產業狀況及已公開財報、業務等相關資訊做說明","554620220906M001.pdf","554620220906E001.pdf","","","無","查詢"
"5546","永固-KY","111/12/02","14:30","南港中信金融園區B棟13樓1301會議室(地點:台北市南港區經貿二路188號13樓1301會議室)","本公司111年第3季經營成果報告&#8203;","554620221201M002.pdf","554620221201E002.pdf","http://www.yg1999.com/tw/tzzgx/list-57/","","無","查詢"
"5607","遠雄港","111/10/20","15:00","線上法說會","本公司受邀參加元大證券舉辦之線上法說會，報告本公司營運狀況。","560720221019M002.pdf","560720221019E002.pdf","https://www.ftz.com.tw/","","無","查詢"
"5608","四維航","111/08/25","14:30","臺灣證券交易所1樓資訊展示中心
(台北市信義區信義路五段7號1樓)","本公司財務及營運狀況說明。","560820220825M001.pdf","560820220825E001.pdf","http://www.swnav.com.tw/finance5.php",法說會影音連結資訊:https://webpro.twse.com.tw/WebPortal/vod/101/AB890A339082-10BE8463-24F2-11ED-9970/?categoryId=101 ,"無。","查詢"
"5608","四維航","111/12/13","14:30","臺灣證券交易所1樓資訊展示中心(台北市信義區信義路五段7號1樓)","本公司財務及營運狀況說明。","560820221213M001.pdf","560820221213E001.pdf","http://www.swnav.com.tw/finance5.php",法說會影音連結資訊:https://webpro.twse.com.tw/WebPortal/vod/101/C19816874A91-DAF7296D-7ABA-11ED-BAC1/?categoryId=101 ,"無。","查詢"
"5706","鳳凰","111/06/22","14:30","台灣證券交易所","本公司自辦法人說明會，就本公司已公開發佈之近期財務數字及營運成果等相關資訊做說明","570620220622M001.pdf","570620220622E001.pdf","http://holder.travel.com.tw",同步收看網址：:https://webpro.twse.com.tw/webportal/?liveChannelId=1 法說會影音連結資訊:https://webpro.twse.com.tw/webportal/vod/101/9913876F2E17-F822A881-F202-11EC-8D93/?categoryId=101 ,"完整財務業務資訊請至公開資訊觀測站之法人說明會一覽表或法說會項目下查閱。","查詢"
"5706","鳳凰","111/08/30","14:00","線上法說會","本公司受邀參元富證券所舉辦之線上法說會，就本公司已公開發布之財務數字、經營績效等相關資訊做說明。","570620220830M001.pdf","570620220830E001.pdf","https://holder.travel.com.tw/holder_2-6.html",法說會影音連結資訊:未輸 ,"完整財務業務資訊請至公開資訊觀測站之法人說明會一覽表或法說會項目下查閱。","查詢"
"5706","鳳凰","111/12/14","14:30","線上法說會","本公司受邀參元富證券所舉辦之線上法說會，就本公司已公開發布之財務數字、經營績效等相關資訊做說明。","570620221214M001.pdf","570620221214E001.pdf","https://holder.travel.com.tw/holder_2-6.html",中文影音檔網址:5706_19_20221214_ch.mp4 ,"完整財務業務資訊請至公開資訊觀測站之法人說明會一覽表或法說會項目下查閱。","查詢"
"5871","中租-KY","111/05/25","14:30","線上","報告公司財務業務狀況及經營績效","587120220516M001.pdf","587120220516E001.pdf","http://www.chaileaseholding.com/ugC_InvestorRelations.asp","","無","查詢"
"5871","中租-KY","111/02/24","14:00","線上","報告公司財務業務狀況及經營績效","587120220224M001.pdf","587120220224E001.pdf","http://www.chaileaseholding.com/ugC_InvestorRelations.asp",法說會影音連結資訊:http://www.zucast.com/webcast/p0OeokdH ,"無","查詢"
"5871","中租-KY","111/02/24","17:30","線上","報告公司財務業務狀況及經營績效","587120220224M002.pdf","587120220224E002.pdf","http://www.chaileaseholding.com/ugC_InvestorRelations.asp",法說會影音連結資訊:http://www.zucast.com/webcast/JzPJBpQc ,"無","查詢"
"5871","中租-KY","111/06/21","14:00","線上","報告公司財務業務狀況及經營績效","587120220512M002.pdf","587120220512E002.pdf","https://www.chaileaseholding.com/InvestorRelations/InvestorArea","","無","查詢"
"5871","中租-KY","111/08/26","14:00","線上","報告公司財務業務狀況及經營績效","587120220826M001.pdf","587120220826E001.pdf","https://www.chaileaseholding.com/InvestorRelations/InvestorArea#secondTab",法說會影音連結資訊:http://www.zucast.com/webcast/F5h5Iabo ,"無","查詢"
"5871","中租-KY","111/08/26","17:00","線上","報告公司財務業務狀況及經營績效","587120220826M002.pdf","587120220826E002.pdf","https://www.chaileaseholding.com/InvestorRelations/InvestorArea#secondTab",法說會影音連結資訊:http://www.zucast.com/webcast/fMby9lzw ,"無","查詢"
"5871","中租-KY","111/05/12","14:30","線上","報告公司財務業務狀況及經營績效","587120220512M001.pdf","587120220512E001.pdf","http://www.chaileaseholding.com/ugC_InvestorRelations.asp",法說會影音連結資訊:http://www.zucast.com/webcast/6BbDYuiQ ,"無","查詢"
"5871","中租-KY","111/05/12","17:00","線上","報告公司財務業務狀況及經營績效","587120220512M002.pdf","587120220512E002.pdf","http://www.chaileaseholding.com/ugC_InvestorRelations.asp",法說會影音連結資訊:http://www.zucast.com/webcast/7j4pY7p9 ,"無","查詢"
"5871","中租-KY","111/03/23","09:00","線上","報告公司財務業務狀況及經營績效","587120220224M001.pdf","587120220224E001.pdf","http://www.chaileaseholding.com.tw/ugC_InvestorRelations.asp","","無","查詢"
"5871","中租-KY","111/03/22","09:00","線上","報告公司財務業務狀況及經營績效","587120220224M001.pdf","587120220224E001.pdf","http://www.chaileaseholding.com/ugC_InvestorRelations.asp","","無","查詢"
"5871","中租-KY","111/05/13","15:00","線上","報告公司財務業務狀況及經營績效","587120220512M002.pdf","587120220512E002.pdf","http://www.chaileaseholding.com/ugC_InvestorRelations.asp","","無","查詢"
"5871","中租-KY","111/05/17","16:00","線上","報告公司財務業務狀況及經營績效","587120220516M001.pdf","587120220516E001.pdf","http://www.chaileaseholding.com/ugC_InvestorRelations.asp","","無","查詢"
"5871","中租-KY","111/11/16 至 111/11/17","09:30","新加坡","報告公司財務業務狀況及經營績效","587120221110M001.pdf","587120221110E001.pdf","https://www.chaileaseholding.com/InvestorRelations/InvestorArea","","無","查詢"
"5871","中租-KY","111/11/01","14:00","線上","報告公司財務業務狀況及經營績效","587120220826M002.pdf","587120220826E002.pdf","https://www.chaileaseholding.com/InvestorRelations/InvestorArea","","無","查詢"
"5871","中租-KY","111/09/08","09:00","線上","報告公司財務業務狀況及經營績效","587120220826M001.pdf","587120220826E001.pdf","https://www.chaileaseholding.com/InvestorRelations/InvestorArea","","無","查詢"
"5871","中租-KY","111/12/01","09:00","台北","報告公司財務業務狀況及經營績效","587120221110M002.pdf","587120221110E002.pdf","https://www.chaileaseholding.com/InvestorRelations/InvestorArea","","無","查詢"
"5871","中租-KY","111/09/15","10:00","線上","報告公司財務業務狀況及經營績效","587120220826M002.pdf","587120220826E002.pdf","https://www.chaileaseholding.com/InvestorRelations/InvestorArea","","無","查詢"
"5871","中租-KY","111/11/10","14:30","線上","報告公司財務業務狀況及經營績效","587120221110M001.pdf","587120221110E001.pdf","https://www.chaileaseholding.com/InvestorRelations/InvestorArea",法說會影音連結資訊:http://www.zucast.com/webcast/8WLlIOJU ,"無","查詢"
"5871","中租-KY","111/11/10","17:00","線上","報告公司財務業務狀況及經營績效","587120221110M002.pdf","587120221110E002.pdf","https://www.chaileaseholding.com/InvestorRelations/InvestorArea",法說會影音連結資訊:http://www.zucast.com/webcast/OtLjva1k ,"無","查詢"
"5871","中租-KY","111/11/24","09:00","台北","報告公司財務業務狀況及經營績效","587120221110M001.pdf","587120221110E001.pdf","https://www.chaileaseholding.com/InvestorRelations/InvestorArea","","無","查詢"
"5876","上海商銀","111/08/23","14:30","華南銀行國際會議中心(台北市信義區松仁路123號2樓)","本公司受邀參加華南永昌證券舉辦之法人說明會，說明2022年上半年營運概況。","587620220822M001.pdf","587620220822E001.pdf","https://www.scsb.com.tw/content/about/about13.jsp","","無","查詢"
"5880","合庫金","111/03/10","14:30","本次為中文線上法說會，連結網址詳如本公司投資人關係專區項下活動訊息。","公佈本公司2021年第4季及全年度營運及財務概況","588020220309M001.pdf","588020220309E001.pdf","https://www.tcfhc.com.tw/investors-relations/event/2021year",法說會影音連結資訊:http://www.zucast.com/webcast/UEgwgzVW ,"無","查詢"
"5880","合庫金","111/05/18","14:30","本次為中文線上法說會，連結網址詳如本公司投資人關係專區項下活動訊息。","公佈本公司2022年第1季營運及財務概況","588020220518M001.pdf","588020220518E001.pdf","https://www.tcfhc.com.tw/investors-relations/event/2022year/2022q1?sc_lang=zh-TW",同步收看網址：:http://www.zucast.com/webcast/AMAgZWVN 法說會影音連結資訊:http://www.zucast.com/webcast/AMAgZWVN ,"無","查詢"
"5880","合庫金","111/08/18","14:30","本次為中文線上法說會，連結網址詳如本公司投資人關係專區項下活動訊息。","公布本公司2022年第2季營運及財務概況","588020220818M001.pdf","588020220818E001.pdf","https://www.tcfhc.com.tw/investors-relations/event/2022year",同步收看網址：:http://www.zucast.com/webcast/D4cQm0km 法說會影音連結資訊:http://www.zucast.com/webcast/D4cQm0km ,"無。","查詢"
"5880","合庫金","111/11/16","14:30","本次為中文線上法說會，連結網址詳如本公司投資人關係專區項下活動訊息。","公佈本公司2022年第3季營運及財務概況","588020221116M001.pdf","588020221116E001.pdf","https://www.tcfhc.com.tw/investors-relations/event/2022year",同步收看網址：:http://www.zucast.com/webcast/7Nbip8RU 法說會影音連結資訊:http://www.zucast.com/webcast/7Nbip8RU ,"無","查詢"
"5906","台南-KY","111/12/05","14:30","台北市信義路五段7號1樓(台灣證券交易所1F資訊展示中心)","公司簡介、所屬產業概況，營運成果及未來展望說明","590620221202M002.pdf","590620221202E002.pdf","","","無","查詢"
"5907","大洋-KY","111/12/02","15:30","臺灣證券交易所1樓資訊展示中心(台北市信義區信義路五段7號)","說明公司財務業務及經營績效","590720221202M001.pdf","590720221202E001.pdf","http://www.grandocean.com.tw/",同步收看網址：:https://webpro.twse.com.tw/WebPortal/vod/101/2182451A5070-F83CFACB-721C-11ED-8D56/?categoryId=101 ,"內容檔案於當日會後公告於公開資訊觀測站","查詢"
"6005","群益證","111/04/26","14:00","線上法人說明會","本公司110年第四季財務業務相關資訊說明","600520220426M001.pdf","600520220426E001.pdf","http://www.capital.com.tw/Capitalgroup/stockholder/default.asp",法說會影音連結資訊:https://webpro.twse.com.tw/webportal/vod/101/BB797AAB1A8E-CEAEA290-C541-11EC-840A/?categoryId=101 ,"欲參加者請洽李小姐(02)8789-8888 分機7065","查詢"
"6005","群益證","111/06/28","14:00","線上法人說明會","本公司111年第一季財務業務相關資訊說明","600520220628M001.pdf","600520220628E001.pdf","http://www.capital.com.tw/Capitalgroup/stockholder/default.asp",中文影音檔網址:6005_26_20220628_ch.mp4 ,"欲參加者請洽李小姐(02)8789-8888 分機7065","查詢"
"6005","群益證","111/12/29","14:00","線上法人說明會","本公司111年第三季財務業務相關資訊說明","600520221229M001.pdf","600520221229E001.pdf","http://www.capital.com.tw/Capitalgroup/stockholder/default.asp",中文影音檔網址:6005_28_20221229_ch.mp4 ,"欲參加者請洽李小姐(02)8789-8888 分機7065","查詢"
"6005","群益證","111/09/27","14:00","線上法人說明會","本公司111年第二季財務業務相關資訊說明","600520220927M001.pdf","600520220927E001.pdf","http://www.capital.com.tw/Capitalgroup/stockholder/default.asp",中文影音檔網址:6005_27_20220927_ch.mp4 ,"欲參加者請洽李小姐(02)8789-8888 分機7065","查詢"
"6024","群益期","111/05/31","15:00","線上法人說明會","本公司營運概況及財務相關資訊說明","602420220530M001.pdf","602420220530E001.pdf","https://www.capitalfutures.com.tw/Capitalgroup/stockholder/default.asp?xy=13&amp;xt=1",同步收看網址：:https://youtu.be/bimQKmV6qos 法說會影音連結資訊:https://youtu.be/bimQKmV6qos ,"無","查詢"
"6024","群益期","111/12/15","15:00","線上法人說明會","本公司營運概況及財務相關資訊說明","602420221213M001.pdf","602420221213E001.pdf","https://www.capitalfutures.com.tw/Capitalgroup/stockholder/default.asp?xy=13&amp;xt=1",同步收看網址：:https://youtu.be/leyoXnwsjF4 法說會影音連結資訊:https://youtu.be/leyoXnwsjF4 ,"無","查詢"
"6108","競國","111/09/15","15:00","臺灣證券交易所一樓資訊展示中心(台北市信義路5段7號)","本公司近期營運概況之說明","610820220915M001.pdf","610820220915E001.pdf","",法說會影音連結資訊:https://webpro.twse.com.tw/webportal/vod/101/ ,"無。","查詢"
"6112","邁達特","111/08/09","15:00","線上法人說明會","本公司2022年第二季財務結果及業務摘要","611220220809M001.pdf","611220220809E001.pdf","https://www.metaage.com.tw/investor_relations/conference_reports",中文影音檔網址:6112_12_20220809_ch.mp4 ,"無","查詢"
"6112","邁達特","111/03/03","14:00","線上法人說明會","本公司2021年第四季財務結果及業務摘要","611220220303M001.pdf","611220220303E001.pdf","https://www.sysage.com.tw/Investor/Investor_reports",中文影音檔網址:6112_10_20220303_ch.mp4 ,"無","查詢"
"6112","邁達特","111/05/11","14:00","線上法人說明會","本公司2022年第一季財務結果及業務摘要","611220220511M001.pdf","611220220511E001.pdf","https://www.sysage.com.tw/Investor/Investor_reports",中文影音檔網址:6112_11_20220511_ch.mp4 ,"無","查詢"
"6112","邁達特","111/11/09","14:00","線上法人說明會","本公司2022年第三季財務結果及業務摘要","611220221109M001.pdf","611220221109E001.pdf","https://www.metaage.com.tw/investor_relations/investors_conference",中文影音檔網址:6112_13_20221109_ch.mp4 ,"無","查詢"
"6115","鎰勝","111/12/02","15:00","桃園市龜山區大華里頂湖路50號(本公司員工教育訓練中心)","第三季營運報告","611520221202M001.ppt","611520221202E001.ppt","https://www.isheng.com.tw/investor/fa-ren-shuo-ming-hui.71",中文影音檔網址:6115_6_20221202_ch.mp4 ,"完整財務業務資訊請至公開資訊觀測站之法人說明會一覽表或法說會項目下查閱。","查詢"
"6116","彩晶","111/03/02","10:50","線上法人說明會","本公司受邀參加群益金鼎證券舉辦之第一季線上投資論壇","611620220301M002.pdf","611620220301E002.pdf","https://www.hannstar.com/","","無","查詢"
"6116","彩晶","111/08/18","14:00","線上法人說明會","本公司受邀參加富邦證券舉辦之線上法人說明會，說明2022年第二季財務報告及未來營運展望","611620220818M001.pdf","611620220818E001.pdf","https://www.hannstar.com/","","無","查詢"
"6117","迎廣","111/11/24","14:00","台北市信義區信義路五段7號1樓證券交易所資訊展示中心","本公司財務業務相關資訊說明","611720221123M002.ppt","611720221123E002.pptx","https://www.in-win.com/",法說會影音連結資訊:https://webpro.twse.com.tw/WebPortal/vod/101/2182451A5070-CF9CD865-6BC7-11ED-8D56/?categoryId=101 ,"無","查詢"
"6120","達運","111/10/04","14:30","線上法說會","本公司受邀參加永豐金證券舉辦之線上法人說明會，說明本公司之財務與營運概況。","612020221004M001.pdf","612020221004E001.pdf","https://www.darwinprecisions.com/zh-tw/investors-4.php","","無","查詢"
"6128","上福","111/11/22","14:30","線上法說會","本公司召開線上法人說明會，會中介紹本公司財務營運概況。
會議連結：https://ppt.cc/fmDVOx","612820221122M001.pdf","612820221122E001.pdf","https://www.gpi.com.tw",中文影音檔網址:6128_7_20221122_ch.mp4 ,"無","查詢"
"6133","金橋","111/12/23","14:30","新北市深坑區北深路三段270巷6號3樓301會議室","公司營運概況說明","613320221223M001.ppt","613320221223E001.ppt","http://www.gbe.com.tw/index.php/zh/investor_relations/report/",法說會影音連結資訊:https://210.65.138.99/webportal/vod/101/F57D4FFA83A6-1D38D16D-84C5-11ED-9E13/?categoryId=101 ,"相關資料將於期限前於申報法說會影音資訊內輸入網址或上傳檔案","查詢"
"6136","富爾特","111/09/13","16:00","臺灣證券交易所1F資訊展示中心(台北市信義區信義路五段7號1樓)","公司簡介及公司營運狀況說明","613620220913M001.pdf","613620220913E001.pdf","https://ir.fullerton.com.tw/financial/3",同步收看網址：:https://webpro.twse.com.tw/WebPortal/vod/101/21A490992667-93F1EEA9-3341-11ED-9E88/?categoryId=101 法說會影音連結資訊:https://webpro.twse.com.tw/WebPortal/vod/101/21A490992667-93F1EEA9-3341-11ED-9E88/?categoryId=101 ,"無","查詢"
"6139","亞翔","111/12/23","16:00","臺灣證券交易所1樓資訊展示中心(台北市信義區信義路五段7號1樓)","說明亞翔工程營運策略與未來展望等相關資訊","613920251202M004.pdf","613920251202E004.pdf","https://www.lkeng.com.tw/investors6.php",法說會影音連結資訊:https://webpro.twse.com.tw/webportal/vod/101/C19816874A91-24549F9B-829F-11ED-BAC1/?categoryId=101 ,"15:30報到，16:00法說會開始","查詢"
"6141","柏承","111/12/27","14:30","線上法說會","2022年前三季營運成果暨未來展望","614120221227M001.pdf","614120221227E001.pdf","","","無","查詢"
"6142","友勁","111/11/10","16:00","Webex線上視訊會議","本公司受邀參加元大證券舉辦之線上產業座談會。","614220221109M001.pdf","614220221109E001.pdf","","","無","查詢"
"6152","百一","111/12/12","14:00","Webex線上會議","永豐金證券舉辦之線上法人說明會，說明本公司之營運概況","615220221209M001.pdf","615220221209E001.pdf","https://www.pesi.com.tw/investors/法人說明會","","無","查詢"
"6153","嘉聯益","111/09/15","15:15","台北美福飯店（台北市中山區樂群二路55號）","本公司受邀參加統一證券舉辦之法人說明會","615320220914M001.pdf","615320220914E001.pdf","","","無","查詢"
"6153","嘉聯益","111/12/08","14:00","台北君悅飯店（台北市信義區松壽路2號）","本公司受邀參加統一證券舉辦之法人說明會","615320221207M001.pdf","615320221207E001.pdf","","","無","查詢"
"6155","鈞寶","111/12/06","14:30","線上法說會","本公司受邀參加台新證券舉辦之線上法人說明會，說明本公司營運概況。","615520221205M001.pdf","615520221205E001.pdf","http://www.kingcore.com.tw/T/msg--md-Financial--pid-15--id-22.html",同步收看網址：:https://tssco.webex.com/meet/TaishinSecurities ,"採Webex線上視訊軟體會議召開，會議室：176 670 1769","查詢"
"6164","華興","111/12/16","14:40","華興電子工業股份有限公司(新北市新店區中正路542-5號5樓)","本公司將於2022年12月16日下午二點四十分舉行2022年法人說明會，報告本公司營運概況及公司未來展望並回答投資人提問。","616420221216M003.pdf","616420221216E003.pdf","https://www.ledtech.com.tw/",中文影音檔網址:6164_6_20221216_ch.mp4 ,"無","查詢"
"6165","浪凡","111/12/22","14:00","線上法人說明會","本公司受邀參加永豐金證券舉辦之線上法人說明會。","616520221222M001.pdf","616520221222E001.pdf","","","無","查詢"
"6166","凌華","111/08/02","14:00","線上會議","本公司受邀參加玉山證券舉辦之法人說明會","616620220802M001.pdf","616620220802E001.pdf","","","無","查詢"
"6166","凌華","111/12/27","14:00","實體及線上法說會(採實名報名制)
地點：本公司訓練教室(桃園市龜山區華亞一路66號)","111年第三季公司營運狀況","616620221227M001.pdf","616620221227E001.pdf","","","本會議報到時間為13:30-14:00","查詢"
"6168","宏齊","111/12/07","14:00","線上法說會","本公司受邀參加兆豐證券股份有限公司主辦之線上法說會，說明本公司營業概況。","616820221207M001.pptx","616820221207E001.pptx","","","無","查詢"
"6168","宏齊","111/08/30","14:00","線上法說會","本公司受邀參加兆豐證券股份有限公司主辦之線上法說會，說明本公司營業概況。","616820220830M001.pptx","616820220830E001.pptx","","","無","查詢"
"6176","瑞儀","111/03/16","10:00","線上法說會","(1)營運財務狀況報告 (2)產業及市場分析","617620220314M002.pdf","617620220314E002.pdf","","","無。","查詢"
"6176","瑞儀","111/04/28","14:30","台北晶華酒店3樓宴會A廳(台北市中山區中山北路二段39巷3號)","110年度及111年第一季營運成果及公司未來展望","617620220427M001.pdf","617620220427E001.pdf","http://www.radiant.com.tw",中文影音檔網址:6176_102_20220428_ch.mp4 ,"無。","查詢"
"6176","瑞儀","111/11/08","14:00","香格里拉台北遠東國際大飯店","(1)營運財務狀況報告 (2)產業及市場分析","617620221104M001.pdf","617620221104E001.pdf","","","無。","查詢"
"6176","瑞儀","111/09/07","10:00","線上法說會","(1)營運財務狀況報告 (2)產業及市場分析","617620220902M001.pdf","617620220902E001.pdf","","","無。","查詢"
"6177","達麗","111/12/12","16:30","臺灣證券交易所101辦公大樓一樓資訊展示中心
（台北市信義路五段7號）","說明本公司營運概況","617720221212M001.pptx","617720221212E001.pptx","https://www.da-li.com.tw/page/results-call/",同步收看網址：:https://webpro.twse.com.tw/WebPortal/?liveChannelId 法說會影音連結資訊:https://webpro.twse.com.tw/WebPortal/vod/101/?categoryId=101 ,"無","查詢"
"6183","關貿","111/05/10","15:00","線上法說會","本公司受邀參加兆豐證券舉辦之線上法人說明會，向投資人說明2022年第一季營運成果。","618320220510M002.pdf","618320220510E002.pdf","https://www.tradevan.com.tw/investor/index.do?act=investor3-1&amp;type=12","","報名網址:https://forms.gle/zTddVusGxCVge5AU7","查詢"
"6183","關貿","111/08/10","16:00","臺灣證券交易所1樓資訊展示中心(台北市信義區信義路五段7號1樓)","說明本公司營運狀況。","618320220810M001.pdf","618320220810E001.pdf","https://www.tradevan.com.tw/investor/index.do?act=investor3-1&amp;type=12",同步收看網址：:https://webpro.twse.com.tw/webportal/vod/101/?categoryId=101 法說會影音連結資訊:https://webpro.twse.com.tw/webportal/vod/101/8F6BED957F0D-414A4A62-1888-11ED-90F2/?categoryId=101 ,"因應新型冠狀病毒防疫需求，與會者須全程戴口罩，並需於入場前配合測量額溫。","查詢"
"6184","大豐電","111/08/25","15:00","台北市大安區信義路4段236號7樓(宏遠證券總公司702會議廳)","111年上半年度營運成果暨公司未來展望","618420220825M001.pdf","618420220825E001.pdf","https://www.dafeng.tv/about/investor","","簡報內容檔案於當日會後公告於公開資訊觀測站。","查詢"
"6189","豐藝","111/12/12","14:30","報名網址： https://forms.gle/4qAnnxydPu3yhJMx9","本公司受邀參加群益金鼎證券舉辦之法人說明會，說明本公司營運成果及未來展望。","618920221212M001.pdf","618920221212E001.pdf","https://www.promate.com.tw/investors-relations/investor-conference/",中文影音檔網址:6189_10_20221212_ch.mp4 ,"無","查詢"
"6191","精成科","111/08/16","14:30","線上法人說明會","111年第2季公司營運成果及未來營運展望","619120220816M001.pdf","619120220816E001.pdf","http://www.gbm.com.tw/zhtw/invest/Investor_conference.jsp",中文影音檔網址:6191_13_20220816_ch.mp4 ,"本次線上法人說明會將與瀚宇博德(股)公司聯合召開","查詢"
"6192","巨路","111/08/24","14:00","線上舉辦","本公司參加凱基證券舉辦之法人說明會，說明公司營運與財務概況。","619220220824M001.pdf","619220220824E001.pdf","",法說會影音連結資訊:https://reurl.cc/LM6rVa ,"無","查詢"
"6192","巨路","111/11/16","14:00","線上會議","本公司參加富邦證券舉辦之法人說明會，說明公司營運與財務概況","619220221111M001.pdf","619220221111E001.pdf","","","無","查詢"
"6196","帆宣","111/05/04","15:00","線上法說","本公司受邀參加元富證券所舉辦之線上法說會","619620220503M001.pdf","619620220503E001.pdf","","","無","查詢"
"6196","帆宣","111/09/07","09:30","線上法說","本公司受邀參加元大證券所舉辦之線上法說會","619620220906M001.pdf","619620220906E001.pdf","","","無","查詢"
"6197","佳必琪","111/06/29","14:00","線上法說會","說明本公司營運概況及財務業務資訊。","619720220629M001.pdf","619720220629E001.pdf","",同步收看網址：:http://www.zucast.com/webcast/Nf9mG9f9 法說會影音連結資訊:https://mzcan-pdf2mp4.s3.amazonaws.com/output/Nf9mG9f9/Nf9mG9f9.mp4 ,"無","查詢"
"6197","佳必琪","111/12/22","14:00","線上法說會","說明本公司營運概況及財務業務資訊。","619720221222M001.pdf","619720221222E001.pdf","https://www.jpcco.com/zh-tw/news-c3798/利害關係人最新消息.html",中文影音檔網址:6197_9_20221222_ch.mp4 ,"無","查詢"
"6201","亞弘電","111/11/25","14:00","線上法說會","營運概況及財務業務狀況","620120221122M001.pdf","620120221122E001.pdf","https://www.yahorng.com/download.php?dirId=550&amp;lang=tchinese",中文影音檔網址:6201_6_20221125_ch.mp4 ,"完整財務業務資訊請至公開資訊觀測站之法人說明會一覽表或法說會項目下查閱。","查詢"
"6202","盛群","111/01/26","14:30","線上法說會","本公司110年第4季財務與業務營運相關資訊報告","620220220126M001.pdf","620220220126E001.pdf","https://www.holtek.com.tw/web/guest/investor_conference",中文影音檔網址:6202_68_20220126_ch.mp4 ,"請各位投資先進務必於1/26(三)14:20前登入會議ID，以確認報名者為本人。","查詢"
"6202","盛群","111/07/25","14:30","線上法說會","本公司111年第2季財務與業務營運相關資訊報告","620220220725M001.pdf","620220220725E001.pdf","https://www.holtek.com.tw/web/guest/investor_conference",中文影音檔網址:6202_70_20220725_ch.mp4 ,"請各位投資先進務必於7/25(一)14:20前登入會議ID，以確認報名者為本人。","查詢"
"6202","盛群","111/04/25","14:30","線上法說會","本公司111年第1季財務與業務營運相關資訊報告","620220220425M001.pdf","620220220425E001.pdf","https://www.holtek.com.tw/web/guest/investor_conference",中文影音檔網址:6202_69_20220425_ch.mp4 ,"請各位投資先進務必於4/25(一)14:20前登入會議ID，以確認報名者為本人。","查詢"
"6202","盛群","111/11/01","14:30","線上法說會","本公司111年第3季財務與業務營運相關資訊報告","620220221101M001.pdf","620220221101E001.pdf","https://www.holtek.com.tw/web/guest/investor_conference",中文影音檔網址:6202_71_20221101_ch.mp4 ,"請各位投資先進務必於11/01(二)14:20前登入會議ID，以確認報名者為本人。","查詢"
"6205","詮欣","111/05/12","15:45","台北市復興南路一段209號4樓","本公司受邀參加元富證券舉辦之法人說明會。","620520220511M001.pdf","620520220511E001.pdf","","","無","查詢"
"6205","詮欣","111/12/01","10:00","台北君悅酒店3樓 (台北市信義區松壽路2號)","本公司受邀參加富邦證券舉辦之2022年第四季投資論壇","620520221130M001.pdf","620520221130E001.pdf","","","無","查詢"
"6206","飛捷","111/05/10","15:00","線上法說會","飛捷科技受邀凱基證券參加線上法說會說明公司營運成果","620620220510M002.pptx","620620220510E002.pptx","","","無","查詢"
"6206","飛捷","111/09/07","13:30","香格里拉台北遠東國際大飯店
(台北市敦化南路二段201號B1)","飛捷科技受邀參加國泰證券第三季產業論壇","620620220907M001.pptx","620620220907E001.pptx","https://www.flytech.com.tw/investor.php?act=analyst","","報名請洽飛捷科技投資人關係或國泰證券國內法人業務部","查詢"
"6209","今國光","111/11/17","14:30","台北市中山區樂群三路128號7樓","本公司受邀參加國票綜合證券舉辦之法人說明會，說明本公司之營運、財務及業務概況。","620920221117M001.PPTX","620920221117E001.PPTX","http://www.kinko-optical.com/tw_wealth_download2.asp?St=A&amp;FFkindno=12","","無","查詢"
"6213","聯茂","111/01/07","11:00","台北文創","本公司將於2022/01/07參加元富證券x台灣證交所：Smart Taiwan 2022產業論壇 (智慧台灣 2022)，就本公司已公布之經營績效等相關資訊做說明。","621320220105M001.pdf","621320220105E001.pdf","http://www.iteq.com.tw","","無","查詢"
"6213","聯茂","111/06/08","09:00","線上法說會","本公司將於2022/06/08參加野村證券NIFA 2022線上論壇，就本公司已公布之經營績效等相關資訊做說明。","621320220606M001.pdf","621320220606E001.pdf","http://www.iteq.com.tw","","無","查詢"
"6213","聯茂","111/06/08","15:00","線上法說會","本公司將於2022/06/08參加高盛證&#21173;投資人線上說明會，就本公司已公布之經營績效等相關資訊做說明。","621320220606M001.pdf","621320220606E001.pdf","http://www.iteq.com.tw","","無","查詢"
"6213","聯茂","111/06/21","14:00","線上法說會","本公司將於2022/06/21參加群益2Q22線上投資論壇，就本公司已公布之經營績效等相關資訊做說明。","621320220617M001.pdf","621320220617E001.pdf","http://www.iteq.com.tw","","無","查詢"
"6213","聯茂","111/06/21","16:00","線上法說會","本公司將於2022/06/21參加瑞銀證券 2022 Taiwan Virtual Conference，就本公司已公布之經營績效等相關資訊做說明。","621320220617M001.pdf","621320220617E001.pdf","http://www.iteq.com.tw","","無","查詢"
"6213","聯茂","111/02/22","16:00","線上法說會","本公司將於2022/02/22參加摩根大通Taiwan CEO-CFO Conference，就本公司已公布之經營績效等相關資訊做說明。","621320220221M002.pdf","621320220221E002.pdf","http://www.iteq.com.tw","","無","查詢"
"6213","聯茂","111/01/20","09:00","線上法說會。","本公司將於2022/01/20參加高盛證&#21173;投資人線上說明會，就本公司已公布之經營績效等相關資訊做說明。","621320220105M001.pdf","621320220105E001.pdf","http://www.iteq.com.tw","","無","查詢"
"6213","聯茂","111/05/12","15:45","線上法說會","本公司將於2022/05/12參加元富證券所舉辦之法說會「2022年5月台股企業日」，就本公司已公布之經營績效等相關資訊做說明。","621320220510M001.pdf","621320220510E001.pdf","http://www.iteq.com.tw","","無","查詢"
"6213","聯茂","111/05/18","09:00","線上法說會","本公司將於2022/05/18參加花旗證券Regional Tech Investor Conference 2022，就本公司已公布之經營績效等相關資訊做說明。","621320220516M001.pdf","621320220516E001.pdf","http://www.iteq.com.tw","","無","查詢"
"6213","聯茂","111/03/24","09:00","線上法說會","本公司將於2022/03/24參加美銀證券2022 APAC TMT Conference，就本公司已公布之經營績效等相關資訊做說明。","621320220322M001.pdf","621320220322E001.pdf","http://www.iteq.com.tw","","無","查詢"
"6213","聯茂","111/04/14","09:10","線上法說會","本公司受邀參加由臺灣證券交易所及寬量國際共同主辦之線上法說會「11th Taiwan CEO Week」，就本公司已公布之經營績效等相關資訊做說明。","621320220412M001.pdf","621320220412E001.pdf","http://www.iteq.com.tw","","無","查詢"
"6213","聯茂","111/08/31","09:00","線上法說會","本公司將於2022/08/31參加花旗環球證券 Asia TMT Day 2022，就本公司已公布之經營績效等相關資訊做說明。","621320220815M001.pdf","621320220815E001.pdf","http://www.iteq.com.tw","","無","查詢"
"6213","聯茂","111/08/17","14:00","統一證券總公司 (台北市松山區東興路8號)","本公司將於111/08/17參加統一證券投資人座談會，就本公司已公布之經營績效等相關資訊做說明。","621320220815M001.pdf","621320220815E001.pdf","http://www.iteq.com.tw","","無","查詢"
"6213","聯茂","111/09/06","14:00","線上法說會。","本公司將於111/09/06參加寬量國際QIC舉辦之線上法說會，就本公司已公布之經營績效等相關資訊做說明。","621320220905M001.pdf","621320220905E001.pdf","http://www.iteq.com.tw","","無","查詢"
"6213","聯茂","111/09/07","11:00","台北遠東香格里拉國際大飯店 (台北市敦化南路二段201號)","本公司將於111/09/07參加國泰第三季產業論壇，就本公司已公布之經營績效等相關資訊做說明。","621320220906M002.pdf","621320220906E002.pdf","http://www.iteq.com.tw","","無","查詢"
"6213","聯茂","111/09/07","15:45","元富證券股份有限公司(台北市復興南路一段209號)","本公司將於111/09/07參加元富證券舉辦之「2022年9月台股企業日」，就本公司已公布之經營績效等相關資訊做說明。","621320220906M002.pdf","621320220906E002.pdf","http://www.iteq.com.tw","","無","查詢"
"6213","聯茂","111/09/14","11:00","台北喜來登酒店B1會議室(台北市中正區忠孝東路&#12752;段12號)","本公司將於111/09/14參加凱基證券2022年第三季投資論壇，就本公司已公布之經營績效等相關資訊做說明。","621320220913M001.pdf","621320220913E001.pdf","http://www.iteq.com.tw","","無","查詢"
"6213","聯茂","111/09/20","09:10","線上法說會","本公司將於111/09/20參加臺灣證券交易所與寬量國際（QIC）共同舉辦之「12th QIC Taiwan CEO Week」投資說明會，就本公司已公布之經營績效等相關資訊做說明。","621320220913M001.pdf","621320220913E001.pdf","http://www.iteq.com.tw","","無","查詢"
"6213","聯茂","111/12/08","11:15","台北君悅酒店 (台北市信義區松壽路2號)","本公司將於2022/12/8參加統一證券2022 Q4 冬季投資論壇，就本公司已公布之經營績效等相關資訊做說明。","621320221206M001.pdf","621320221206E001.pdf","http://www.iteq.com.tw","","無","查詢"
"6213","聯茂","111/11/09","10:00","台北遠東香格里拉國際大飯店 (台北市敦化南路二段201號)","本公司將於111/11/09參加高盛台灣企業日，就本公司已公布之經營績效等相關資訊做說明。","621320221108M001.pdf","621320221108E001.pdf","http://www.iteq.com.tw","","無","查詢"
"6213","聯茂","111/11/16","11:00","線上法說會","本公司將於2022/11/16參加摩根大通 2022 Global TMT Conference in Asia，就本公司已公布之經營績效等相關資訊做說明。","621320221108M001.pdf","621320221108E001.pdf","http://www.iteq.com.tw","","無","查詢"
"6213","聯茂","111/11/30","10:00","台北 W 飯店 (台北市信義區忠孝東路五段10號)","本公司將於111/11/30參加花旗 2022 台灣企業日，就本公司已公布之經營績效等相關資訊做說明。","621320221128M001.pdf","621320221128E001.pdf","http://www.iteq.com.tw","","無","查詢"
"6214","精誠","111/06/08","14:30","線上法人說明會","本公司受邀參加富邦證券舉辦之線上法人說明會，報告公司營運現況與未來展望。","621420220608M001.pdf","621420220608E001.pdf","http://tw.systex.com/investors_financial/","","相關資訊請洽富邦證券法人部 fion.hsieh@fubon.com","查詢"
"6214","精誠","111/03/23","14:30","線上法人說明會","本公司受邀參加富邦證券舉辦之線上法人說明會，報告公司營運現況與未來展望。","621420220323M001.pdf","621420220323E001.pdf","http://tw.systex.com/investors_financial/","","相關資訊請洽富邦證券法人部 fion.hsieh@fubon.com","查詢"
"6214","精誠","111/11/23","14:00","線上法人說明會","本公司受邀參加元大證券舉辦之線上法人說明會， 報告公司營運現況與未來展望。","621420221123M001.pdf","621420221123E001.pdf","http://tw.systex.com/investors_financial/","","無","查詢"
"6214","精誠","111/08/31","14:30","線上法人說明會","本公司受邀參加富邦證券舉辦之線上法人說明會，報告公司營運現況與未來展望。","621420220831M001.pdf","621420220831E001.pdf","http://tw.systex.com/investors_financial/","","相關資訊請洽富邦證券法人部 fion.hsieh@fubon.com","查詢"
"6215","和椿","111/12/20","14:30","福邦證券總公司(台北市忠孝西路一段6號7樓B會議室)","本公司受邀參加福邦證券舉辦之法人說明會，說明本公司近年營運及財務狀況。","621520221219M001.pdf","621520221219E001.pdf","","","無。","查詢"
"6216","居易","111/11/15","14:30","新竹縣湖口鄉鳳山村復興路26號","2022年前3季營運說明會","621620221115M001.pdf","621620221115E001.pdf","https://www.draytek.com/zh/investors/investor-conference/",中文影音檔網址:6216_6_20221115_ch.mp4 ,"無","查詢"
"6224","聚鼎","111/06/17","13:30","線上法說會","公告本公司受邀參加合作金庫證券舉辦之線上法人座談會","622420220617M001.pdf","622420220617E001.pdf","https://www.pttc.com.tw/investor_conference.aspx","","無","查詢"
"6224","聚鼎","111/12/14","14:30","線上法說會","公告本公司受邀參加凱基證券舉辦之線上法人座談會","622420221214M001.pdf","622420221214E001.pdf","https://www.pttc.com.tw/investor_conference.aspx","","無","查詢"
"6225","天瀚","111/12/21","15:00","線上法人說明會","本公司受邀參加凱基證券所舉辦之線上法人說明會，說明本公司營運概況。","622520221221M001.pdf","622520221221E001.pdf","",中文影音檔網址:6225_7_20221221_ch.mp4 ,"無","查詢"
"6226","光鼎","111/11/24","15:00","線上法說會","本公司受邀參加元大證券舉辦之線上法說會，報告本公司營運狀況。","622620221124M001.pdf","622620221124E001.pdf","","","無","查詢"
"6230","尼得科超眾","111/08/31","15:00","線上法說會","本公司受邀參加由元大證券股份有限公司舉辦之線上法說會，說明本公司之營運概況、財務及業務相關資訊。","623020220831M001.pdf","623020220831E001.pdf","http://www.ccic.com.tw/investor.php","","　本次採Cisco Webex視訊會議，報名請洽JaneWang@yuanta.com","查詢"
"6235","華孚","111/11/18","15:30","台北市南港區南港路一段209號B棟國際會議廳","本公司受邀參加凱基證券舉辦之國內法人說明會，針對本公司111年前3季營運概況，於會中就已公開發佈之財務數字、經營績效等相關資訊做說明。","623520221118M001.pdf","623520221118E001.pdf","http://www.waffer.com.tw/GuDong?sign=tzrgx","","無。","查詢"
"6239","力成","111/01/06","09:00","視訊會議","本公司受邀參加Credit Suisse舉辦之「2022 Greater China Technology and Internet Conference」。","623920211026M001.pdf","623920211026E001.pdf","","","無。","查詢"
"6239","力成","111/01/25","14:30","線上法說會","報告110年第4季營運成果及未來之營運展望。","623920220125M002.pdf","623920220125E002.pdf","https://www.pti.com.tw",中文影音檔網址:6239_175_20220125_ch.mp4 ,"無。","查詢"
"6239","力成","111/04/26","14:30","線上法說會","報告111年第1季營運成果及未來之營運展望。","623920220426M001.pdf","623920220426E001.pdf","https://www.pti.com.tw",中文影音檔網址:6239_179_20220426_ch.mp4 ,"無。","查詢"
"6239","力成","111/03/09 至 111/03/10","10:00","視訊會議","本公司受邀參加Citi舉辦之「Taiwan Corporate Day 2022」。","623920220125M002.pdf","623920220125E002.pdf","","","無。","查詢"
"6239","力成","111/02/21 至 111/02/22","09:00","視訊會議","本公司受邀參加J.P. Morgan舉辦之「Taiwan CEO-CFO Conference 2022」。","623920220125M002.pdf","623920220125E002.pdf","","","無。","查詢"
"6239","力成","111/07/26","14:30","線上法說會","報告111年第二季營運成果及未來之營運展望。","623920220726M001.pdf","623920220726E001.pdf","https://www.pti.com.tw",中文影音檔網址:6239_181_20220726_ch.mp4 ,"無。","查詢"
"6239","力成","111/05/18 至 111/05/19","10:00","視訊會議","本公司受邀參加花旗環球證券(Citi) 舉辦之「Regional Tech Conference 2022 (Virtual)」。","623920220426M001.pdf","623920220426E001.pdf","","","無。","查詢"
"6239","力成","111/03/16 至 111/03/17","16:00","視訊會議","本公司受邀參加美銀美林證券舉辦之「2022 APAC TMT Conference」。","623920220125M002.pdf","623920220125E002.pdf","","","無。","查詢"
"6239","力成","111/09/05 至 111/09/07","14:00","視訊會議","本公司受邀參加瑞士信貸舉辦之「23rd Credit Suisse Asian Technology Conference」","623920220726M001.pdf","623920220726E001.pdf","","","無。","查詢"
"6239","力成","111/08/31","14:00","視訊會議","本公司受邀參加花旗環球證券(Citi) 舉辦之「Asia TMT Day 2022 (Virtual)」","623920220726M001.pdf","623920220726E001.pdf","","","無。","查詢"
"6239","力成","111/09/01","16:00","視訊會議","本公司受邀參加匯豐證券舉辦之「HSBC Taiwan Executive Forum (Virtual)」","623920220726M001.pdf","623920220726E001.pdf","","","無。","查詢"
"6239","力成","111/11/15","11:00","視訊會議","本公司受邀參加 J.P. Morgan 舉辦之「2022 Global TMT Conference in Asia」","623920221028M001.pdf","623920221028E001.pdf","","","無","查詢"
"6239","力成","111/12/01","09:00","電話會議","本公司受邀參加瑞穗證券舉辦之電話會議","623920221028M001.pdf","623920221028E001.pdf","","","無","查詢"
"6239","力成","111/10/28","14:30","線上法說會","報告111年第三季營運成果及未來之營運展望。","623920221028M001.pdf","623920221028E001.pdf","https://www.pti.com.tw",中文影音檔網址:6239_185_20221028_ch.mp4 ,"無","查詢"
"6243","迅杰","111/03/16","15:00","線上法說會","說明2021年第四季業績及2022年第一季展望","624320220316M001.pdf","624320220316E001.pdf","http://www.ene.com.tw/chinese/ir/newslist.php","","無","查詢"
"6243","迅杰","111/05/25","15:00","線上法說會","說明2022年第一季業績及2022年第二季展望","624320220525M001.pdf","624320220525E001.pdf","http://www.ene.com.tw/chinese/ir/newslist.php","","無","查詢"
"6243","迅杰","111/09/28","15:30","線上法說會","說明2022年第二季業績及2022年第三季展望","624320220928M001.pdf","624320220928E001.pdf","http://www.ene.com.tw/chinese/ir/newslist.php","","無","查詢"
"6243","迅杰","111/11/10","14:30","線上法說會","本公司受邀參加元富證券所舉辦之法說會「2022年11月台股企業日」","624320221110M002.pdf","624320221110E002.pdf","http://www.ene.com.tw/chinese/ir/newslist.php","","無","查詢"
"6257","矽格","111/08/30","14:30","台北市中正區中山南路11號8樓
【財團法人張榮發基金會國際會議中心】","公司營運概況說明","625720220830M001.pdf","625720220830E001.pdf","HTTPS://WWW.SIGURD.COM.TW","","會後將於公開資訊觀測站公告相關資訊","查詢"
"6269","台郡","111/04/26","14:30","採電話會議方式進行","111年第1季營運成果","626920220426M001.pdf","626920220426E001.pdf","https://www.flexium.com.tw/big5/invest_illustrate.asp","","法說會相關訊息可至本公司官網查閱","查詢"
"6269","台郡","111/07/28","14:30","採電話會議方式進行","111年第2季營運成果","626920220728M001.pdf","626920220728E001.pdf","https://www.flexium.com.tw/big5/invest_illustrate.asp","","法說會相關訊息可至本公司官網查閱","查詢"
"6269","台郡","111/02/09","16:00","採電話會議方式進行","2021年第4季營運成果","626920220209M001.pdf","626920220209E001.pdf","https://www.flexium.com.tw/big5/invest_illustrate.asp","","法說會相關訊息可至本公司官網查閱","查詢"
"6269","台郡","111/02/21","11:00","線上說明會","本公司受邀參加J.P. Morgan所舉辦之&quot;Taiwan CEO-CFO Conference&quot; 線上投資論壇，說明本公司營運概況","626920220209M001.pdf","626920220209E001.pdf","","","無","查詢"
"6269","台郡","111/08/31","10:00","線上說明會","本公司受邀參加Citi主辦之Asia TMT Day 2022，說明本公司營運概況。","626920220728M001.pdf","626920220728E001.pdf","","","無","查詢"
"6269","台郡","111/11/11","11:00","線上說明會","本公司受邀參加J.P. Morgan所舉辦2022 Global TMT Conference in Asia，說明本公司營運概況。","626920221031M001.pdf","626920221031E001.pdf","","","無","查詢"
"6269","台郡","111/10/31","14:30","採電話會議方式進行","2022年第3季營運成果","626920221031M001.pdf","626920221031E001.pdf","https://www.flexium.com.tw/InvestorSubFour/Upcoming?lang=ch","","法說會相關訊息可至本公司官網查閱","查詢"
"6271","同欣電","111/03/02","13:30","台灣線上","本公司受邀參加瑞銀證券舉辦之『UBS x TWSE Taiwan Corporate Day』，並就本公司營運狀況做一說明。","627120211112M001.pdf","627120211112E001.pdf","","","無","查詢"
"6271","同欣電","111/08/12","14:30","線上法說會","本公司受邀參加凱基證券舉辦之法說會，簡介2022年第二季營運成果及展望。","627120220812M001.pdf","627120220812E001.pdf","","","無","查詢"
"6271","同欣電","111/01/04","09:45","線上舉辦","受邀參加元富證券與證交所合辦之投資論壇「智慧台灣2022」","627120211112M001.pdf","627120211112E001.pdf","","","無","查詢"
"6271","同欣電","111/04/27","14:00","台灣線上","本公司受邀參加凱基證券舉辦之法說會，簡介2022年第一季營運成果及展望","627120220427M001.pdf","627120220427E001.pdf","","","無","查詢"
"6271","同欣電","111/03/22","14:30","台灣線上","本公司受邀參加凱基證券舉辦之法說會，簡介2021年第四季營運成果及2022展望","627120220322M001.pdf","627120220322E001.pdf","","","無","查詢"
"6271","同欣電","111/11/10","15:30","線上法說會","本公司受邀參加凱基證券舉辦之法說會，簡介2022年第三季營運成果及展望。","627120221110M001.pdf","627120221110E001.pdf","","","無","查詢"
"6271","同欣電","111/11/23","10:00","台北市 遠東飯店","向法人說明產業狀況與本公司經營績效","627120221110M001.pdf","627120221110E001.pdf","","","無","查詢"
"6271","同欣電","111/12/01","10:00","台北 W Hotel","本公司受邀參加花旗證券舉辦之「Taiwan Corporate Day 2022」","627120221110M001.pdf","627120221110E001.pdf","","","無","查詢"
"6277","宏正","111/08/10","14:00","線上法說會","說明本公司111年度第2季營運與財務概況","627720220809M001.pdf","627720220809E001.pdf","https://www.aten.com/tw/zh/aten-info/investor-relations/investor-event/",同步收看網址：:http://www.zucast.com/webcast/gTqhh0pg 法說會影音連結資訊:http://www.zucast.com/webcast/gTqhh0pg ,"無","查詢"
"6277","宏正","111/03/10","14:00","線上法說會","說明本公司110年度第4季營運與財務概況","627720220310M001.pdf","627720220310E001.pdf","https://www.aten.com/tw/zh/aten-info/investor-relations/investor-event/",同步收看網址：:http://www.zucast.com/webcast/xvhOvOMO 法說會影音連結資訊:http://www.zucast.com/webcast/xvhOvOMO ,"無","查詢"
"6277","宏正","111/05/25","09:30","線上法說會","本公司受邀參加元大證券舉辦之線上投資論壇，說明本公司之營運概況","627720220524M002.pdf","627720220524E002.pdf","https://www.aten.com/tw/zh/aten-info/investor-relations/investor-event/","","無","查詢"
"6277","宏正","111/07/14","10:30","線上法說會","本公司受邀參加ICA舉辦之3rd Annual Asia Pacific Opportunities Summit，說明本公司之營運概況","627720220713M001.pdf","627720220713E001.pdf","https://www.aten.com/tw/zh/aten-info/investor-relations/investor-event/","","無","查詢"
"6277","宏正","111/12/13","10:00","晶華酒店（台北市中山北路二段39巷3號）","本公司受永豐金證券邀請參加「2022年第四季投資論壇」，說明公司營運及財務狀況","627720221212M001.pdf","627720221212E001.pdf","https://www.aten.com/tw/zh/aten-info/investor-relations/investor-event/","","無","查詢"
"6277","宏正","111/09/26 至 111/09/29","15:50","線上法說會","本公司受邀參加由臺灣證券交易所及寬量國際共同主辦之線上法說會「12th Taiwan CEO Week」，說明本公司之營運概況、財務及業務相關資訊。","627720220926M001.pdf","627720220926E001.pdf","https://www.aten.com/tw/zh/aten-info/investor-relations/investor-event/","","完整財務業務資訊請至公開資訊觀測站之法人說明會一覽表或法說會項目下查閱。","查詢"
"6278","台表科","111/12/20","14:00","線上法說會","本公司營運概況說明","627820221220M001.pdf","627820221220E001.pdf","https://www.tsmt.com.tw/shareholders-meeting","","報名請洽國票綜合證券李小姐02-25288275 Email：anneli@ibfs.com.tw","查詢"
"6281","全國電","111/07/01","14:30","線上法說會","本公司受邀參加凱基證券主辦之線上法說會，說明本公司之營運概況、財務及業務相關資訊。","628120220629M001.pdf","628120220629E001.pdf","","","無","查詢"
"6281","全國電","111/11/25","14:00","線上法說會","本公司受邀參加元富證券主辦之線上法說會，說明本公司之營運概況、財務及業務相關資訊。","628120221124M001.pdf","628120221124E001.pdf","","","無","查詢"
"6282","康舒","111/03/11","15:00","線上會議","本公司受邀參加凱基證券所舉辦之線上法人說明會，說明本公司營運概況","628220220311M001.pdf","628220220311E001.pdf","https://www.acbel.com/public/investor-event","","無","查詢"
"6282","康舒","111/08/16","14:00","線上會議","本公司受邀參加元大證券舉辦之線上法人說明會，說明本公司營運概況","628220220816M001.pdf","628220220816E001.pdf","https://www.acbel.com/public/investor-event","","無","查詢"
"6283","淳安","111/04/07","14:30","台南市中華西路一段67號","富邦證券舉辦法說會","628320220406M001.pdf","628320220406E001.pdf","https://www.soe-ele.com/","","因採實名制以及因應疫情關係，請與會者攜帶口罩及名片。","查詢"
"6285","啟碁","111/02/21","10:00","線上法說會","本公司受摩根大通邀請參加 Taiwan CEO-CFO Conference 2022，主要內容為公司營運概況","628520211109M001.pdf","628520211109E001.pdf","https://www.wnc.com.tw","","無","查詢"
"6285","啟碁","111/03/16","10:00","線上法說會","本公司受美國銀行美林證券邀請參加 2022 APAC TMT Conference ，主要內容為公司營運概況","628520220315M001.pdf","628520220315E001.pdf","https://www.wnc.com.tw","","無","查詢"
"6285","啟碁","111/05/18","10:00","線上法說會","本公司受花旗證券邀請參加 Citi Regional Tech Conference 2022，主要內容為公司營運概況","628520220510M001.pdf","628520220510E001.pdf","https://www.wnc.com.tw","","無","查詢"
"6285","啟碁","111/01/06","14:30","線上法說會","本公司受元富證券邀請參加Smart Taiwan 2022產業論壇，主要內容為公司營運概況","628520211109M001.pdf","628520211109E001.pdf","https://www.wnc.com.tw","","無","查詢"
"6285","啟碁","111/05/17","14:30","線上法說會","本公司受Jefferies和富邦證券邀請參加 Virtual Taiwan Corporate Day 2022，主要內容為公司營運概況","628520220510M001.pdf","628520220510E001.pdf","https://www.wnc.com.tw","","無","查詢"
"6285","啟碁","111/05/11","14:30","線上法說會","本公司受凱基證券邀請參加線上法說會，主要內容為公司營運概況","628520220510M001.pdf","628520220510E001.pdf","https://www.wnc.com.tw","","無","查詢"
"6285","啟碁","111/09/07","09:50","線上法說會","本公司受國泰證券邀請參加第三季產業論壇，主要內容為公司營運概況","628520220830M001.pdf","628520220830E001.pdf","https://www.wnc.com.tw","","無","查詢"
"6285","啟碁","111/08/31","14:00","台北晶華酒店(台北市中山區中山北路二段39巷3號)","本公司受台新證券邀請參加台新2022年第三季全球投資論壇，主要內容為公司營運概況","628520220830M001.pdf","628520220830E001.pdf","https://www.wnc.com.tw","","無","查詢"
"6285","啟碁","111/09/22","14:30","線上法說會","本公司受元富證券邀請參加2022年9月台股企業日，主要內容為公司營運概況","628520220830M001.pdf","628520220830E001.pdf","https://www.wnc.com.tw","","無","查詢"
"6285","啟碁","111/11/30","14:00","台北晶華酒店","本公司受台新證券邀請參加台新2022年第四季全球投資論壇，主要內容為公司營運概況","628520221108M001.pdf","628520221108E001.pdf","https://www.wnc.com.tw","","無","查詢"
"6285","啟碁","111/11/09","14:30","線上法說會","本公司受凱基證券邀請參加線上法說會，主要內容為公司營運概況","628520221108M001.pdf","628520221108E001.pdf","https://www.wnc.com.tw","","無","查詢"
"6285","啟碁","111/11/10","09:00","台北君悅酒店","本公司受麥格理證券邀請參加「Macquarie Taiwan Corporate Day」，主要內容為公司營運概況","628520221108M001.pdf","628520221108E001.pdf","https://www.wnc.com.tw","","無","查詢"
"6405","悅城","111/12/22","14:00","線上法說會","受邀參加凱基證券舉辦之線上法說會，說明本公司營運狀況。","640520221222M001.pdf","640520221222E001.pdf","","","無","查詢"
"6409","旭隼","111/05/19","14:00","線上法說會","本公司受邀參加花旗證券所舉辦之『Regional Tech Investor Conference 2022 』，會中介紹公司之營運與財務狀況","640920220505M001.pdf","640920220505E001.pdf","","","無","查詢"
"6409","旭隼","111/04/14","14:40","線上法說會","本公司受邀參加台灣證券交易所及寬量國際共同主辦之線上法說會「11th Taiwan CEO Week」","640920220301M001.pdf","640920220301E001.pdf","","","無`","查詢"
"6409","旭隼","111/05/26","14:00","線上法說會","本公司受邀參加 CLSA 所舉辦之『 18th CITIC CLSA Japan Forum 2022 』，會中介紹公司之營運與財務狀況","640920220505M001.pdf","640920220505E001.pdf","","","無","查詢"
"6409","旭隼","111/03/04","14:00","線上法說會","本公司受邀參加 Daiwa-Cathay 所舉辦之『 Daiwa Investment Virtual Conference Tokyo
2022, (Virtual)』，會中介紹公司之營運與財務狀況。","640920220301M001.pdf","640920220301E001.pdf","","","無","查詢"
"6409","旭隼","111/03/16","09:00","線上法說會","本公司受邀參加 CLSA 所舉辦之『CLSA Taiwan Access Day』，會中介紹公司之營運與財務狀況","640920220301M001.pdf","640920220301E001.pdf","","","無","查詢"
"6409","旭隼","111/03/17 至 111/03/18","09:00","線上法說會","本公司受邀參加 美林證券 所舉辦之『2022 Asia Pacific Telecom, Media &amp; Technology Conference』，會中介紹公司之營運與財務狀況","640920220301M001.pdf","640920220301E001.pdf","","","無","查詢"
"6409","旭隼","111/02/21","14:00","線上法說會","本公司受邀參加 J.P. Morgan 所舉辦之『 J.P. Morgan’s Taiwan CEO-CFO Conference , (Virtual)』
會中介紹公司之營運與財務狀況。","640920211110M001.pdf","640920211110E001.pdf","","","無","查詢"
"6409","旭隼","111/03/03","09:00","線上法說會","本公司受邀參加 UBS 所舉辦之『 Taiwan Corporate Day 2022, (Virtual)』，會中介紹公司之營運與財務狀況。","640920220301M001.pdf","640920220301E001.pdf","","","無","查詢"
"6409","旭隼","111/05/06","13:30","線上法說會","本公司受邀參加大和國泰證券所舉辦之『Daiwa Taiwan Corporate Day 2022 』，會中介紹公司之營運與財務狀況","640920220505M001.pdf","640920220505E001.pdf","","","無","查詢"
"6409","旭隼","111/03/10","09:00","線上法說會","本公司受邀參加花旗證券所舉辦之『Taiwan Corporate Day, (Virtual)』，會中介紹公司之營運與財務狀況。","640920220301M001.pdf","640920220301E001.pdf","","","無","查詢"
"6409","旭隼","111/06/21","15:00","線上法說會","本公司受邀參加瑞銀證券所舉辦之『UBS Taiwan Virtual Conference 2022 』，會中介紹公司之營運與財務狀況","640920220505M001.pdf","640920220505E001.pdf","","","無","查詢"
"6409","旭隼","111/09/06","14:00","線上法說會","本公司受邀參加瑞士信貸所舉辦之『23rd Credit Suisse Asian Technology Conference 』，會中介紹公司之營運與財務狀況","640920220905M002.pdf","640920220905E002.pdf","","","無","查詢"
"6409","旭隼","111/11/17","14:00","線上法說會","本公司受邀參加 J.P. Morgan 所舉辦之『J.P. Morgan","640920221116M001.pdf","640920221116E001.pdf","","","無","查詢"
"6409","旭隼","111/11/24","14:00","臺北遠東香格里拉
106台北市大安區敦化南路二段201號","本公司受邀參加 CLSA 所舉辦之『Taiwan Market Mover 2023 Access Day』，會中介紹公司之營運與財務狀況。","640920221116M001.pdf","640920221116E001.pdf","","","無","查詢"
"6409","旭隼","111/11/30","14:00","台北W飯店
110台北市信義區忠孝東路五段10號","本公司受邀參加花旗證券所舉辦之『Taiwan Corporate Day 2022』，會中介紹公司之營運與財務狀況。","640920221116M001.pdf","640920221116E001.pdf","","","無","查詢"
"6409","旭隼","111/09/22","09:10","線上法說會","本公司受邀參加由臺灣證券交易所及寬量國際共同主辦之線上法說會「12th Taiwan CEO Week」，會中介紹公司之營運與財務狀況","640920220905M002.pdf","640920220905E002.pdf","","","無","查詢"
"6409","旭隼","111/09/15","14:00","線上法說會","本公司受邀參加CLSA所舉辦之『29th CITIC CLSA Investors&#039; Forum』，會中介紹公司之營運與財務狀況","640920220905M002.pdf","640920220905E002.pdf","","","無","查詢"
"6412","群電","111/03/03","15:00","線上法說會","本公司受邀參加華南永昌證券所舉辦之線上法說會，說明本公司2021年第4季營運成果。","641220220303M001.pdf","641220220303E001.pdf","https://www.chiconypower.com/zh-tw/investor/message","","無","查詢"
"6412","群電","111/05/04","15:00","線上法說會","本公司受邀參加康和證券所舉辦之線上法說會，說明本公司2022年第1季營運成果。","641220220504M001.pdf","641220220504E001.pdf","https://www.chiconypower.com/zh-tw/investor/message","","無","查詢"
"6412","群電","111/07/13","15:00","線上法說會","本公司受邀參加ICA專顧資本舉辦之「ICA 3rd Annual Asia Pacific Opportunities Summit」，會中就本公司已公開發布之營運及財務業務狀況向投資人說明。","641220220504M001.pdf","641220220504E001.pdf","https://www.chiconypower.com/zh-tw/investor/message","","無","查詢"
"6412","群電","111/08/04","15:00","線上法說會","本公司受邀參加康和證券所舉辦之線上法說會，說明本公司2022年第2季營運成果。","641220220804M001.pdf","641220220804E001.pdf","https://www.chiconypower.com/zh-tw/investor/message","","無","查詢"
"6412","群電","111/03/10","14:30","線上法說會","本公司受邀參加元富證券舉辦之線上法人說明會，會中就本公司已公開發布之營運及財務業務狀況向投資人說明。","641220220303M001.pdf","641220220303E001.pdf","https://www.chiconypower.com/zh-tw/investor/message","","無","查詢"
"6412","群電","111/03/09","14:00","線上法說會","本公司受邀參加花旗證券舉辦之線上法人說明會，會中就本公司已公開發布之營運及財務業務狀況向投資人說明。","641220220303M001.pdf","641220220303E001.pdf","https://www.chiconypower.com/zh-tw/investor/message","","無","查詢"
"6412","群電","111/03/23 至 111/03/24","10:00","線上法說會","本公司受邀參加美銀證券所舉辦之線上法說會，會中就本公司已公開發布之營運及財務業務狀況向投資人說明。","641220220303M001.pdf","641220220303E001.pdf","https://www.chiconypower.com/zh-tw/investor/message","","無","查詢"
"6412","群電","111/05/19","14:00","線上法說會","本公司受邀參加花旗證券舉辦之線上法人說明會，會中就本公司已公開發布之營運及財務業務狀況向投資人說明。","641220220504M001.pdf","641220220504E001.pdf","https://www.chiconypower.com/zh-tw/investor/message","","無","查詢"
"6412","群電","111/08/30","15:00","線上法說會","本公司受邀參加花旗證券舉辦之線上法人說明會，會中就本公司已公開發布之營運及財務業務狀況向投資人說明。","641220220804M001.pdf","641220220804E001.pdf","https://www.chiconypower.com/zh-tw/investor/message","","無","查詢"
"6412","群電","111/11/02","15:00","線上法說會","本公司受邀參加國票綜合證券所舉辦之線上法說會，說明本公司2022年第3季營運成果。","641220221102M001.pdf","641220221102E001.pdf","https://www.chiconypower.com/zh-tw/investor/message","","無","查詢"
"6414","樺漢","111/05/17","14:30","線上法說會","本公司受邀參加元大證券舉辦之線上法說會，說明本公司2022年第1季財務及業務相關資訊","641420220517M001.pdf","641420220517E001.pdf","https://www.ennoconn.com/zh-tw/ir-calendar/","","無","查詢"
"6414","樺漢","111/03/02","11:00","線上產業座談會","本公司受邀參加瑞銀證券及台灣證交所舉辦之線上投資論壇 (UBS x TWSE Taiwan Corporate Day 2022)","641420220302M001.pdf","641420220302E001.pdf","https://www.ennoconn.com/ir-calendar/","","無","查詢"
"6414","樺漢","111/03/22","14:30","線上法說會","本公司受邀參加凱基證券舉辦之線上法說會， 說明本公司2021年第4季財務及業務相關資訊","641420220322M001.pdf","641420220322E001.pdf","https://www.ennoconn.com/zh-tw/ir-calendar/","","無","查詢"
"6414","樺漢","111/08/11","14:00","線上法說會","本公司受邀富邦證券舉辦之法人說明會，說明本公司2022年第2季財務及業務相關資訊","641420220811M002.pdf","641420220811E002.pdf","https://www.ennoconn.com/zh-tw/ir-calendar/","","無","查詢"
"6414","樺漢","111/03/25","16:00","線上會議","本公司受邀參加摩根士丹利證券舉辦之線上路演(Virtual NDR)， 說明本公司業務相關資訊","641420220325M001.pdf","641420220325E001.pdf","https://www.ennoconn.com/zh-tw/ir-calendar/","","無","查詢"
"6414","樺漢","111/07/14","14:00","線上產業座談會","本公司受邀參加國泰證券舉辦之線上產業座談會","641420220714M001.pdf","641420220714E001.pdf","https://www.ennoconn.com/zh-tw/ir-calendar/","","無","查詢"
"6414","樺漢","111/06/21","14:00","線上會議","本公司受邀參加瑞銀證券舉辦之「UBS Taiwan Virtual Conference 2022」，說明公司營運現況、產業現況及發展方向。","641420220621M001.pdf","641420220621E001.pdf","https://www.ennoconn.com/zh-tw/ir-calendar/","","無","查詢"
"6414","樺漢","111/11/10","14:00","線上法說會","本公司受邀參加國泰證券舉辦之線上法說會，
說明本公司2022年第3季財務及業務相關資訊","641420221110M001.pdf","641420221110E001.pdf","https://www.ennoconn.com/zh-tw/ir-calendar/","","無","查詢"
"6414","樺漢","111/11/17","11:00","福邦證券(台北市忠孝西路一段6號14樓)","本公司受邀參加福邦證券舉辦之產業趨勢論壇，說明工業電腦產業發展趨勢。","641420221117M001.pdf","641420221117E001.pdf","https://www.ennoconn.com/zh-tw/ir-calendar/","","無","查詢"
"6415","矽力*-KY","111/02/22","07:00","線上法說會","本公司受邀參J.P. Morgan所舉辦之線上法說會，就本公司已公開發布之財務數字、經營績效等相關資訊做說明。","641520211112M001.pdf","641520211112E001.pdf","https://www.silergy.com/","","無。","查詢"
"6415","矽力*-KY","111/01/07","14:00","線上法說會","本公司受邀參Credit Suisse所舉辦之線上法說會，就本公司已公開發布之財務數字、經營績效等相關資訊做說明。","641520211112M001.pdf","641520211112E001.pdf","https://www.silergy.com/","","無。","查詢"
"6415","矽力*-KY","111/08/24","14:30","本公司受邀參加UBS所舉辦之線上法說會","本公司受邀參加UBS所舉辦之線上法說會，說明2022年第二季營運及業務狀況。投資人或分析師可透過以下連結參加: 
https://cossprereg.btci.com/prereg/key.process?key=PWXYRXPD8
Once you have registered, you will be provided with the information you need to join the conference, including dial-in numbers and passcodes. Be sure to save this information to your calendar or print this information.","641520220824M001.pdf","641520220824E001.pdf","https://www.silergy.com/","","無。","查詢"
"6415","矽力*-KY","111/05/13","14:30","本公司受邀參加UBS所舉辦之線上法說會","本公司受邀參加UBS所舉辦之線上法說會，說明2022年第一季營運及業務狀況。投資人或分析師可透過以下連結參加: 
https://cossprereg.btci.com/prereg/key.process?key=P3GPR7YQY
Once you have registered, you will be provided with the information you need to join the conference, including dial-in numbers and passcodes. Be sure to save this information to your calendar or print this information.","641520220513M001.pdf","641520220513E001.pdf","https://www.silergy.com/","","無","查詢"
"6415","矽力*-KY","111/06/20 至 111/06/22","08:00","線上法說會","本公司受邀參加UBS所舉辦之線上法說會，就本公司已公開發布之財務數字、經營績效等相關資訊做說明。","641520220513M001.pdf","641520220513E001.pdf","https://www.silergy.com/","","無。","查詢"
"6415","矽力*-KY","111/03/11","14:30","線上法說會","本公司受邀參加UBS所舉辦之線上法說會，說明2021年第四季營運及業務狀況。投資人或分析師可透過以下連結參加: 
https://cossprereg.btci.com/prereg/key.process?key=PDEBK9J6K
Once you have registered, you will be provided with the information you need to join the conference, including dial-in numbers and passcodes. Be sure to save this information to your calendar or print this information.","641520220311M002.pdf","641520220311E002.pdf","https://www.silergy.com/","","無。","查詢"
"6415","矽力*-KY","111/04/13","10:00","線上法說會","本公司受邀參加寬量國際所舉辦之線上法說會，就本公司已公開發布之財務數字、經營績效等相關資訊做說明。","641520220311M002.pdf","641520220311E002.pdf","https://www.silergy.com/","","無。","查詢"
"6415","矽力*-KY","111/08/29","08:00","電話會議","本公司受邀參J.P. Morgan所舉辦之線上法說會，就本公司已公開發布之財務數字、經營績效等相關資訊做說明。","641520220824M001.pdf","641520220824E001.pdf","https://www.silergy.com/zh/news/investors","","無","查詢"
"6415","矽力*-KY","111/08/24","16:00","線上法說會","本公司受邀參J.P. Morgan所舉辦之線上法說會，就本公司已公開發布之財務數字、經營績效等相關資訊做說明。","641520220824M002.pdf","641520220824E002.pdf","https://www.silergy.com/zh/news/investors","","無。","查詢"
"6415","矽力*-KY","111/09/29","08:00","線上法說會","本公司受邀參加寬量國際所舉辦之線上法說會，就本公司已公開發布之財務數字、經營績效等相關資訊做說明。","641520220824M001.pdf","641520220824E001.pdf","https://www.silergy.com/","","無","查詢"
"6415","矽力*-KY","111/11/11","14:30","本公司受邀參加UBS所舉辦之線上法說會","本公司受邀參加UBS所舉辦之線上法說會，說明2022年第三季營運及業務狀況。投資人或分析師可透過以下連結參加: 
https://cossprereg.btci.com/prereg/key.process?key=PY4HNBQ7D
Once you have registered, you will be provided with the information you need to join the conference, including dial-in numbers and passcodes. Be sure to save this information to your calendar or print this information.","641520221110M001.pdf","641520221110E001.pdf","https://www.silergy.com/news/investors","","無","查詢"
"6415","矽力*-KY","111/11/11 至 111/11/14","16:00","電話會議","本公司受邀參J.P. Morgan所舉辦之線上法說會，就本公司已公開發布之財務數字、經營績效等相關資訊做說明。
2022/11/11會議自16:00開始，2022/11/14會議自13:00開始。","641520221110M002.pdf","641520221110E002.pdf","https://www.silergy.com/zh/news/investors","","無。","查詢"
"6416","瑞祺電通","111/11/17","10:00","福邦證券14樓會議室(台北市忠孝西路一段６號14樓)","本公司受邀參加福邦證券舉辦之法人說明會，說明本公司之營運概況等相關資訊。","641620221116M001.pdf","641620221116E001.pdf","https://www.cas-well.com/about/investors/#conference","","無","查詢"
"6426","統新","111/08/24","14:00","高雄市前鎮區中山二路2號9樓之一(大眾財經大樓)","本公司受邀參加台新證券舉辦之法人說明會，說明本公司營運狀況。","642620220901M001.pdf","642620220901E001.pdf","","","完整財務業務資訊請至公開資訊觀測站之法人說明會一覽表或法說會項下查閱。","查詢"
"6426","統新","111/11/29","14:00","高雄市前鎮區中山二路2號9樓之一(大眾財經大樓)","本公司受邀參加台新證券舉辦之法人說明會，說明本公司營運狀況。","642620221128M001.pdf","642620221128E001.pdf","","","完整財務業務資訊請至公開資訊觀測站之法人說明會一覽表或法說會項下查閱。","查詢"
"6431","光麗-KY","111/11/18","14:00","台北市松山區復興北路99號15樓(&#29319;亞商務暨會議中心 BB會議室)","報告本公司前三季財務業務狀況及營運方向","643120221117M001.pdf","643120221117E001.pdf","http://www.kl-holdings.com/investor-2-5.html#Investor",同步收看網址：:https://webproserver.twse.com.tw/WebPortal/vod/101/?categoryId=101 法說會影音連結資訊:http://www.kl-holdings.com/investor-2-5.html#Investor ,"無","查詢"
"6438","迅得","111/03/16","14:00","台北晶華酒店4樓會議室(台北市中山區中山北路二段39巷3號)","凱基證券2022年第一季投資論壇","643820220318M001.pdf","643820220318E001.pdf","","","無","查詢"
"6438","迅得","111/11/09","14:30","台北市中山區建國北路一段96號B1會議室","本公司受邀參加台新綜合證券舉辦之法人說明會","643820221108M001.pdf","643820221108E001.pdf","","","無","查詢"
"6442","光聖","111/04/12","14:30","南港中信金融園區B棟13樓1302會議室(台北市南港區經貿二路188號13樓)","本公司受邀參加中信證券所舉辦之法說會","644220220401M001.pdf","644220220401E001.pdf","","","無","查詢"
"6442","光聖","111/08/16","14:00","國票綜合證券　台北市南京東路五段188號15樓會議室","本公司受邀參加國票綜合證券所舉辦之法說會","644220220811M001.pdf","644220220811E001.pdf","","","無","查詢"
"6443","元晶","111/12/26","14:30","線上法說會","本公司受邀參加元大證券舉辦之線上法人說明會","644320221222M001.pdf","644320221222E001.pdf","http://www.tsecpv.com/zh-tw/investors/shareholder/irs_02","","相關資訊將依規定揭露於公開資訊觀測站","查詢"
"6443","元晶","111/09/14","14:30","線上法說會","本公司受邀參加元大證券舉辦之線上法人說明會。","644320220913M001.pdf","644320220913E001.pdf","http://www.tsecpv.com/zh-tw/investors/shareholder/irs_02","","相關資訊將依規定揭露於公開資訊觀測站","查詢"
"6446","藥華藥","111/01/13","00:00","線上法說會","本公司受邀參加由J.P. Morgan舉辦之40th Annual J.P. Morgan Healthcare Conference，說明本公司之營運概況、財務及業務相關資訊，會議期間為2022年1月10日至2022年1月13日(美東時間)。","644620220112M001.pdf","644620220112E001.pdf","","","完整財務業務資訊請至公開資訊觀測站之法人說明會一覽表或法說會項目下查閱。","查詢"
"6446","藥華藥","111/03/14","12:00","線上法說會","本公司受邀參加美銀證券所舉辦之線上法說會 「BofA 2022 APAC TMT Conference」，說明本公司之營運概況。","644620220216M001.pdf","644620220216E001.pdf","","","無。","查詢"
"6446","藥華藥","111/02/17","08:00","線上法說會","本公司受邀參加寬量國際股份有限公司舉辦之線上法說會「QIC Healthcare Forum」，說明本公司之營運概況。","644620220216M001.pdf","644620220216E001.pdf","","","完整財務業務資訊請至公開資訊觀測站之法人說明會一覽表或法說會項目下查閱。","查詢"
"6446","藥華藥","111/02/17","15:00","線上法說會","(1) 本公司受邀參加元富證券舉辦之線上法說會，說明本公司之營運概況。
(2) 參加方式：會議連結https://zoom.us/j/99285442719?pwd=NmMyUlJ2MWlQd3Fyenk2S21PZEtkUT09

參與者請於法說會前安裝Zoom視訊會議軟體：
電腦端下載網址：https://zoomnow.net/zntw_zoom_download.php?showType=ALL  
手機端下載Zoom：iOS-App Store / Android-Google Play","644620220216M001.pdf","644620220216E001.pdf","","","無。","查詢"
"6446","藥華藥","111/05/12","08:00","線上法說會","本公司受邀參加Macquarie舉辦之線上法說會「DELTAH China Conference 2022」，說明本公司之營運概況、財務及業務相關資訊。","644620220511M001.pdf","644620220511E001.pdf","","","無。","查詢"
"6446","藥華藥","111/05/16","14:30","線上法說會","(1) 本公司受邀參加元富證券舉辦之線上法說會，說明本公司之營運概況。
(2) 參加方式：會議連結
https://us06web.zoom.us/j/84203114760?pwd=cGpZRXFqbWtRWTRBYVlrKzQvMW1mdz09

參與者請於法說會前安裝Zoom視訊會議軟體：
電腦端下載網址：https://zoomnow.net/zntw_zoom_download.php?showType=ALL  
手機端下載Zoom：iOS-App Store / Android-Google Play","644620220516M001.pdf","644620220516E001.pdf","","","無。","查詢"
"6446","藥華藥","111/12/08","10:00","台北君悅酒店 (台北市信義區松壽路2號)","本公司受邀參加統一證券舉辦之法說會「2022 Q4冬季投資論壇」，說明本公司之營運概況。","644620221116M001.pdf","644620221116E001.pdf","","","無。","查詢"
"6446","藥華藥","111/11/14","16:00","線上法說會","本公司受邀參加元大證券舉辦之線上法說會，說明本公司之營運概況。","644620221114M001.pdf","644620221114E001.pdf","","","無。","查詢"
"6446","藥華藥","111/11/16 至 111/11/18","08:30","新加坡","本公司受邀參加Morgan Stanley舉辦之法說會「21st Annual Asia Pacific Summit」，說明本公司之營運概況。","644620221116M001.pdf","644620221116E001.pdf","","","無。","查詢"
"6449","鈺邦","111/12/14","14:30","福邦證券總公司(台北市忠孝西路一段6號7樓)","本公司受邀參加福邦證券舉辦之法人說明會，說明營運現況及未來展望","644920221214M001.pdf","644920221214E001.pdf","https://www.apaq.com.tw/zh-tw/news/最新消息","","無","查詢"
"6451","訊芯-KY","111/11/18","14:00","(登入收聽網址：https://www.zucast.com/event/T61lfYuh/subscribe/create)","公司營運情形及未來展望之線上法人說明會","645120221118M001.pdf","645120221118E001.pdf","https://www.shunsintech.com/tw/ActivityNews.html",同步收看網址：:https://www.zucast.com/event/T61lfYuh/subscribe/create 法說會影音連結資訊:http://www.zucast.com/webcast/T61lfYuh ,"無","查詢"
"6456","GIS-KY","111/03/08","14:30","線上會議","本公司將受邀參加元富證券舉辦之線上法人說明會，會中將就已公佈之財務數字等相關資訊做說明。","645620220307M001.pdf","645620220307E001.pdf","http://www.gis-touch.com","","無","查詢"
"6456","GIS-KY","111/08/19","14:00","線上會議","本公司將受邀參加元大證券舉辦之線上法人說明會，會中將就已公佈之財務數字等相關資訊做說明。","645620220818M001.pdf","645620220818E001.pdf","http://www.gis-touch.com","","無","查詢"
"6456","GIS-KY","111/06/15","14:30","線上會議","本公司將受邀參加元富證券舉辦之線上法人說明會，會中將就已公佈之財務數字等相關資訊做說明。","645620220614M001.pdf","645620220614E001.pdf","http://www.gis-touch.com","","無","查詢"
"6456","GIS-KY","111/11/18","14:00","線上會議","本公司將受邀參加元富證券舉辦之線上法人說明會，會中將就已公佈之財務數字等相關資訊做說明。","645620221117M001.pdf","645620221117E001.pdf","http://www.gis-touch.com","","無","查詢"
"6464","台數科","111/08/16","14:30","台中市西屯區文心路二段201號B2 (順天經貿廣場 第一會議室)","本公司受邀參加台新證券舉辦之法人說明會","646420220815M001.pdf","646420220815E001.pdf","https://www.topmso.com.tw/index.php/tw/investors/conference_briefing","","無。","查詢"
"6464","台數科","111/11/22","14:30","台中市西屯區文心路二段201號B2(順天經貿廣場第二會議室)","本公司受邀參加台新證券舉辦之法人說明會","646420221121M001.pdf","646420221121E001.pdf","https://www.topmso.com.tw/index.php/tw/investors/conference_briefing","","無","查詢"
"6472","保瑞","111/05/18","15:15","台北晶華酒店4樓第5會議室","本公司受邀參加台新證券舉辦之「台新2022年第二季全球投資論壇」","647220220518M001.pdf","647220220518E001.pdf","","","無","查詢"
"6472","保瑞","111/11/17","16:00","櫃買中心官網線上直播","本公司受邀櫃買中心11/17(四)場次(主題為「生技醫療」)之業績發表會。","647220221117M001.pdf","647220221117E001.pdf","",法說會影音連結資訊:https://vimeo.com/771919723 ,"相關資訊將依規定揭露於公開資訊觀測站","查詢"
"6477","安集","111/11/11","14:30","福邦證券總公司(台北市中正區忠孝西路一段6號7樓)","本公司受邀參加福邦證券股份有限公司舉辦之法人說明會，進行公司簡介並說明營運概況。","647720221111M001.pdf","647720221111E001.pdf","http://www.anjitek.com/","","相關資訊將依規定揭露於公開資訊觀測站。","查詢"
"6491","晶碩","111/03/29","14:00","線上投資論壇","本公司受邀參加 野村證券所舉辦之線上論壇，會中就本公司之財務數字、經營績效等相關資訊做說明。","649120220301M001.pdf","649120220301E001.pdf","https://www.pegavision.com/tw/investor3_page03.php","","無","查詢"
"6491","晶碩","111/03/16","14:00","晶華酒店(台北市中山區中山北路二段39巷3號)","本公司受邀參加凱基證券所舉辦之論壇，會中就本公司之財務數字、經營績效等相關資訊做說明。","649120220301M001.pdf","649120220301E001.pdf","https://www.pegavision.com/tw/investor3_page03.php","","無","查詢"
"6491","晶碩","111/03/17","10:00","線上投資論壇","本公司受邀參加美國銀行所舉辦之線上論壇，會中就本公司之財務數字、經營績效等相關資訊做說明。","649120220301M001.pdf","649120220301E001.pdf","https://www.pegavision.com/tw/investor3_page03.php","","無","查詢"
"6491","晶碩","111/03/02","14:00","線上投資論壇","本公司受邀參加群益金鼎證券所舉辦之線上論壇，會中就本公司之財務數字、經營績效等相關資訊做說明。","649120220301M001.pdf","649120220301E001.pdf","https://www.pegavision.com/tw/investor3_page03.php","","無","查詢"
"6491","晶碩","111/06/16","15:30","線上投資論壇","本公司受邀參加凱基證券所舉辦之線上論壇，會中就本公司之財務數字、經營績效等相關資訊做說明。","649120220510M003.pdf","649120220510E003.pdf","https://www.pegavision.com/tw/investor3_page03.php","","無","查詢"
"6491","晶碩","111/06/07","10:30","線上投資論壇","本公司受邀參加永豐金證券所舉辦之線上論壇，會中就本公司之財務數字、經營績效等相關資訊做說明。","649120220510M003.pdf","649120220510E003.pdf","https://www.pegavision.com/tw/investor3_page03.php","","無","查詢"
"6491","晶碩","111/07/27","14:30","台北市敦化南路一段108號B2(富邦國際會議中心)實體及線上同時舉行","本公司受邀參加富邦證券所舉辦之投資論壇，會中就本公司之財務數字、經營績效等相關資訊做說明。","649120220726M001.pdf","649120220726E001.pdf","https://www.pegavision.com/tw/investor3_page03.php","","無","查詢"
"6491","晶碩","111/05/12","15:45","線上投資論壇","本公司受邀參加元富證券所舉辦之線上論壇，會中就本公司之財務數字、經營績效等相關資訊做說明。","649120220510M003.pdf","649120220510E003.pdf","https://www.pegavision.com/tw/investor3_page03.php","","無","查詢"
"6491","晶碩","111/05/17","10:00","線上投資論壇","本公司受邀參加Fubon &amp; Jefferies所舉辦之線上論壇，會中就本公司之財務數字、經營績效等相關資訊做說明。","649120220510M003.pdf","649120220510E003.pdf","https://www.pegavision.com/tw/investor3_page03.php","","無","查詢"
"6491","晶碩","111/05/17","14:00","晶華酒店(台北市中山區中山北路二段39巷3號)","本公司受邀參加台新證券所舉辦之投資論壇，會中就本公司之財務數字、經營績效等相關資訊做說明。","649120220510M003.pdf","649120220510E003.pdf","https://www.pegavision.com/tw/investor3_page03.php","","無","查詢"
"6491","晶碩","111/08/11","15:45","線上投資論壇","本公司受邀參加元富證券所舉辦之線上論壇，會中就本公司之財務數字、經營績效等相關資訊做說明。","649120220726M001.pdf","649120220726E001.pdf","https://www.pegavision.com/tw/investor3_page03.php","","無","查詢"
"6491","晶碩","111/08/30","14:00","晶華酒店(台北市中山區中山北路二段39巷3號)","本公司受邀參加台新證券所舉辦之投資論壇，會中就本公司之財務數字、經營績效等相關資訊做說明。","649120220726M001.pdf","649120220726E001.pdf","https://www.pegavision.com/tw/investor3_page03.php","","無","查詢"
"6491","晶碩","111/03/09","13:00","線上投資論壇","本公司受邀參加花旗證券所舉辦之線上論壇，會中就本公司之財務數字、經營績效等相關資訊做說明。","649120220301M001.pdf","649120220301E001.pdf","https://www.pegavision.com/tw/investor3_page03.php","","無","查詢"
"6491","晶碩","111/03/10","10:30","線上投資論壇","本公司受邀參加國泰證券所舉辦之線上論壇，會中就本公司之財務數字、經營績效等相關資訊做說明。","649120220301M001.pdf","649120220301E001.pdf","https://www.pegavision.com/tw/investor3_page03.php","","無","查詢"
"6491","晶碩","111/11/10","14:00","香港 Island Shangri-La Hotel","本公司受邀參加大和國泰證券所舉辦之論壇，會中就本公司之財務數字、經營績效等相關資訊做說明。","649120221108M001.pdf","649120221108E001.pdf","https://www.pegavision.com/tw/investor3_page03.php","","無","查詢"
"6491","晶碩","111/09/13","14:30","線上投資論壇","本公司受邀參加永豐金證券所舉辦之線上論壇，會中就本公司之財務數字、經營績效等相關資訊做說明。","649120220726M001.pdf","649120220726E001.pdf","https://www.pegavision.com/tw/investor3_page03.php","","無","查詢"
"6491","晶碩","111/09/15","14:30","線上投資論壇","本公司受邀參加富邦證券所舉辦之線上論壇，會中就本公司之財務數字、經營績效等相關資訊做說明。","649120220726M001.pdf","649120220726E001.pdf","https://www.pegavision.com/tw/investor3_page03.php","","無","查詢"
"6491","晶碩","111/12/15","15:45","線上投資論壇","本公司受邀參加元富證券所舉辦之線上論壇，會中就本公司之財務數字、經營績效等相關資訊做說明。","649120221108M001.pdf","649120221108E001.pdf","https://www.pegavision.com/tw/investor3_page03.php","","無","查詢"
"6504","南六","111/12/02","14:30","線上法說會","本公司受邀參加元大證券所舉辦之法人說明會","650420221130M001.pdf","650420221130E001.pdf","http://www.e-nonwoven.com.tw/investors.php?id=88","","無","查詢"
"6505","台塑化","111/03/30","14:30","華南永昌證券(台北市民生東路四段54號)","本公司受邀參加華南永昌證券法人座談會，說明近期營運概況","650520220322M001.pdf","650520220322E001.pdf","http://www.fpcc.com.tw/tw/ir/material-information","","無","查詢"
"6505","台塑化","111/06/23","15:00","線上法人座談會","本公司受匯豐證券之邀參加線上法人座談會，說明近期營運概況。","650520220617M001.pdf","650520220617E001.pdf","http://www.fpcc.com.tw/tw/ir/material-information","","無","查詢"
"6505","台塑化","111/11/30","14:00","國票證券(台北市南京東路五段188號)","本公司受邀參加國票證券法人座談會，說明近期營運概況","650520221122M001.pdf","650520221122E001.pdf","http://www.fpcc.com.tw/tw/ir/material-information","","無","查詢"
"6505","台塑化","111/09/23","15:00","線上法人座談會","本公司受元富證券之邀參加線上法人座談會，說明近期營運概況。","650520220920M001.pdf","650520220920E001.pdf","http://www.fpcc.com.tw/tw/ir/material-information","","無","查詢"
"6515","穎崴","111/07/26","16:00","臺灣證券交易所(101大樓)1F資訊展示中心（台北市信義區信義路五段7號1樓）","本公司受邀參加臺灣證券交易所舉辦之2022年科技大未來主題式業績發表會，說明本公司營運概況","651520220726M001.pdf","651520220726E001.pdf","https://www.winwayglobal.com/tw/investors#investor-100",法說會影音連結資訊:https://webpro.twse.com.tw/webportal/vod/101/0F86CE4D8967-891840E7-0CC2-11ED-BF84/?categoryId=101 ,"會議資料將於法說會後揭露於公開資訊觀測站及公司網站。","查詢"
"6515","穎崴","111/08/18","14:30","台北世貿中心一館2F第一會議室(台北市信義路五段五號)","本公司受邀參加凱基證券舉辦之法人說明會，說明本公司營運概況","651520220818M001.pdf","651520220818E001.pdf","https://www.winwayglobal.com/tw/investors#investor-100","","會議資料將於法說會後揭露於公開資訊觀測站及公司網站。","查詢"
"6525","捷敏-KY","111/03/30","14:30","線上法說會","所屬產業概況及營運成果說明","652520220329M001.pdf","652520220329E001.pdf","http://www.gemservices.com/",同步收看網址：:http://webpro.twse.com.tw/ ,"無","查詢"
"6531","愛普*","111/02/21","13:00","線上機構投資人說明會","公司受邀參加摩根大通證券所舉辦之「J.P. Morgan Taiwan CEO-CFO Conference 2022(Virtual)」，會中就本公司已公開之財務數字、經營績效等相關資訊進行說明。","653120211110M001.pdf","653120211110E001.pdf","","","無。","查詢"
"6531","愛普*","111/03/01","14:30","台北市敦化南路一段108號B2(富邦國際會議中心)","本公司受富邦證券邀請，參加其舉辦之國內法人說明會，於會中就已公開發佈之財務數字、經營績效等資訊做說明。另提供線上與會方式(Webex會議號:2518 280 7626，密碼:fb6531)","653120220301M001.pdf","653120220301E001.pdf","https://www.apmemory.com/zh-hant/investors/investor-events-n/","","考量防疫，請利用線上會議方式與會，現場與會人員需配戴口罩並量測體溫","查詢"
"6531","愛普*","111/03/03 至 111/03/17","14:00","線上會議","本公司受瑞銀證券(UBS x TWSE Taiwan Corporate Day)、花旗證券(Taiwan Corporate Day 2022)及美林證券(2022 APAC TMT Conference)邀請，線上參加投資人會議。會中就本公司已公開發佈之財務數字、經營績效等相關資訊做說明。","653120220301M001.pdf","653120220301E001.pdf","","","無。","查詢"
"6531","愛普*","111/08/02","14:30","臺灣證券交易所101大樓1F資訊展示中心(台北市信義路五段7號1樓)","本公司受邀參加台灣證券交易所舉辦之「科技大未來」法人說明會，會中就本公司已公開發佈之財務數字、經營績效等相關資訊做說明。","653120220802M001.pdf","653120220802E001.pdf","https://www.apmemory.com/zh-hant/investors/investor-events-n/",同步收看網址：:https://webpro.twse.com.tw/webportal/?liveChannelId=1 法說會影音連結資訊:https://webpro.twse.com.tw/webportal/vod/101/E7F745C48E18-A0435830-1238-11ED-8106/?categoryId=101 ,"無。","查詢"
"6531","愛普*","111/05/20","10:00","線上會議","本公司受邀參加花旗證券舉辦之「Regional Tech Conference 2022」，會中就本公司已公開發佈之財務數字、經營績效等相關資訊做說明。","653120220503M001.pdf","653120220503E001.pdf","","","無。","查詢"
"6531","愛普*","111/05/03","14:30","線上會議","本公司受國泰證券邀請，參加其舉辦之線上法人說明會，於會中就已公開發佈之財務數字、經營績效等資訊做說明。
線上與會方式：Webex會議號：2511 753 7740，密碼：a12345。","653120220503M001.pdf","653120220503E001.pdf","https://www.apmemory.com/zh-hant/investors/investor-events-n/",中文影音檔網址:6531_24_20220503_ch.mp4 ,"無。","查詢"
"6531","愛普*","111/11/14","10:00","電話會議","本公司受邀參加由摩根大通證券舉辦之&quot;2022 Global TMT Conference in Asia&quot;， 就本公司已公開之財務數字、經營績效等相關資訊進行說明。","653120221101M001.pdf","653120221101E001.pdf","","","無。","查詢"
"6531","愛普*","111/11/01","14:30","線上會議","本公司將舉行線上法人說明會，說明111年第三季度營運與財務概況。有意參加者可透過網路連結以下網址與會，網址: http://www.zucast.com/webcast/qysKAq2q","653120221101M001.pdf","653120221101E001.pdf","https://www.apmemory.com/zh-hant",中文影音檔網址:6531_27_20221101_ch.mp4 ,"無。","查詢"
"6531","愛普*","111/12/13","13:30","台北晶華酒店(台北市中山北路二段39巷3號)","本公司受邀參加永豐金證券舉辦之 「2022年第四季投資論壇」，會中就本公司已公開之財務數字、經營績效等相關資訊進行說明。","653120221101M001.pdf","653120221101E001.pdf","","","無。","查詢"
"6533","晶心科","111/03/03","14:00","線上法說會","本公司受邀參加群益金鼎證券舉辦之線上投資論壇","653320220303M001.pdf","653320220303E001.pdf","http://www.andestech.com/tw/法人說明會召開資訊/","","無","查詢"
"6533","晶心科","111/03/17","10:00","線上法說會","本公司受邀參加美銀證券舉辦之「2022 APAC TMT Conference」","653320220323M001.pdf","653320220323E001.pdf","http://www.andestech.com/tw/法人說明會召開資訊/","","無","查詢"
"6533","晶心科","111/07/14","14:30","線上法說會","本公司受邀參加元富證券舉辦之「7月台股企業日」線上法人說明會","653320220713M002.pdf","653320220713E002.pdf","http://www.andestech.com/tw/法人說明會召開資訊/","","無","查詢"
"6533","晶心科","111/04/14","14:50","臺灣證券交易所1F資訊展示中心(台北市信義路五段7號1樓)","本公司受邀參加臺灣證券交易所舉辦之2022年「半導體相關暨新上市」主題式業績發表會","653320220408M001.pdf","653320220408E001.pdf","http://www.andestech.com/tw/法人說明會召開資訊/",同步收看網址：:https://webpro.twse.com.tw/webportal/?liveChannelId=1 ,"無","查詢"
"6533","晶心科","111/05/20","15:00","線上法說會","本公司受邀參加臺灣證券交易所及永豐金證券舉辦之「SinoPac x TWSE Taiwan Corporate Day 2022」英文線上論壇","653320220519M001.pdf","653320220519E001.pdf","http://www.andestech.com/tw/法人說明會召開資訊/","","無","查詢"
"6533","晶心科","111/04/12","15:45","線上法說會","本公司受邀參加元富證券舉辦2022台股企業日","653320220408M001.pdf","653320220408E001.pdf","http://www.andestech.com/tw/法人說明會召開資訊/","","無","查詢"
"6533","晶心科","111/03/23","14:30","線上法說會","晶心科技謹訂於03月23日(星期三)，舉行中文線上法人說明會，報告2021年第四季暨全年營運成果及公司未來展望","653320220316M001.pdf","653320220316E001.pdf","http://www.andestech.com/tw/法人說明會召開資訊/",同步收看網址：:https://zoom.us/j/92232595854 法說會影音連結資訊:https://youtu.be/z-HucveqpWc 英文影音連結網址:https://youtu.be/91dHlr23kCw ,"無","查詢"
"6533","晶心科","111/03/10","11:00","線上法說會","本公司受邀參加花旗證券舉辦之「Taiwan Corporate Day 2022」","653320220309M001.pdf","653320220309E001.pdf","http://www.andestech.com/tw/法人說明會召開資訊/","","無","查詢"
"6533","晶心科","111/08/18","15:00","線上法說會","本公司受邀參加Morgan Stanley舉辦之線上法人說明會","653320220818M001.pdf","653320220818E001.pdf","http://www.andestech.com/tw/法人說明會召開資訊/","","無","查詢"
"6533","晶心科","111/10/21","15:00","110台北市信義區松仁路7號5樓","本公司受邀參加UBS舉辦之Taiwan Technology Day: Automotive Supply Chain","653320221020M001.pdf","653320221020E001.pdf","http://www.andestech.com/tw/法人說明會召開資訊/","","無","查詢"
"6533","晶心科","111/12/07","11:00","台北晶華酒店(台北市中山區中山北路二段39巷3號)","本公司受邀參加國泰綜合證券舉辦之2022年第四季產業論壇","653320221130M001.pdf","653320221130E001.pdf","http://www.andestech.com/tw/法人說明會召開資訊/","","無","查詢"
"6533","晶心科","111/12/08","11:00","台北晶華酒店4F會議室(台北市中山區中山北路二段39巷3號)","本公司受邀參加凱基證券舉辦之KGI 2022年第四季投資論壇","653320221130M001.pdf","653320221130E001.pdf","http://www.andestech.com/tw/法人說明會召開資訊/","","無","查詢"
"6533","晶心科","111/09/15","15:15","線上法說會","本公司受邀參加統一證券舉辦之2022 Q3秋季投資論壇","653320220818M001.pdf","653320220818E001.pdf","http://www.andestech.com/tw/法人說明會召開資訊/","","無","查詢"
"6533","晶心科","111/12/01","11:10","台北君悅酒店3樓 (台北市信義區松壽路2號)","本公司受邀參加富邦證券舉辦之2022富邦暨日盛投資論壇","653320221130M002.pdf","653320221130E002.pdf","http://www.andestech.com/tw/法人說明會召開資訊/","","無","查詢"
"6533","晶心科","111/11/24","09:00","香格里拉台北遠東國際大飯店
106台北市大安區敦化南路二段201號","本公司受邀參加CLSA舉辦之CLSA Taiwan Market Mover 2023 Access Day","653320221123M001.pdf","653320221123E001.pdf","http://www.andestech.com/tw/法人說明會召開資訊/","","無","查詢"
"6533","晶心科","111/11/25","16:00","線上法說會","本公司受邀參加Morgan Stanley舉辦之法人說明會","653320221123M002.pdf","653320221123E002.pdf","http://www.andestech.com/tw/法人說明會召開資訊/","","無","查詢"
"6533","晶心科","111/12/13","15:40","台北晶華酒店4樓(台北市中山北路二段39巷3號)","本公司受邀參加永豐金證券舉辦之2022年第四季投資論壇","653320221130M001.pdf","653320221130E001.pdf","http://www.andestech.com/tw/法人說明會召開資訊/","","無","查詢"
"6533","晶心科","111/12/01","09:30","台北萬豪酒店(臺北市中山區樂群二路199號)","本公司受邀參加群益金鼎證券舉辦第四季實體投資論壇","653320221130M001.pdf","653320221130E001.pdf","http://www.andestech.com/tw/法人說明會召開資訊/","","無","查詢"
"6541","泰福-KY","111/08/24","14:30","報名網址：https://owww.masterlink.com.tw/mlAP/UnderWrite/apply.aspx?pk=198","本公司受邀參加元富證券舉辦之法人說明會，會中將說明本公司之業務狀況資訊及未來展望。","654120220824M001.pdf","654120220824E001.pdf","","","完整財務業務資訊請至公開資訊觀測站之法人說明會一覽表或法說會項目下查閱。","查詢"
"6541","泰福-KY","111/08/24","14:30","報名連結：
https://owww.masterlink.com.tw/mlAP/UnderWrite/apply.aspx?pk=198","說明本公司之業務狀況資訊及未來展望","654120220901M001.pdf","654120220901E001.pdf","","","完整財務業務資訊請至公開資訊觀測站之法人說明會一覽表或法說會項目下查閱。","查詢"
"6550","北極星藥業-KY","111/05/04","15:00","台北君悅酒店3樓凱悅廳一區(地址：台北市信義區松壽路2號)","(1)本公司依「有價證券初次上市前業績發表會實施要點規定」，於上市前辦理股票初次上市前業績發表會。
(2)本次業績發表會將由本公司經營團隊說明產業發展、財務業務狀況、未來風險、公司治理及企業社會責任、臺灣證券交易所股份有限公司董事會暨上市審議委員會要求補充揭露事項。
(3)因考量防疫措施之場地與人數限制，開放參加之名額有限，欲參與本次業績發表會之貴賓，敬請事先報名，若無法成功報名者，可於線上觀看同步直播。
(4)欲參加者，事先報名網址: https://reurl.cc/QjKEK9。
(5)線上觀看者，敬請於召開時間至YOUTUBE-搜尋【北極星藥業(6550)上市前業績發表會】即可觀看，線上若有需詢問問題提問請MAIL至ir@polarispharma.com。","655020220503M002.pdf","655020220503E002.pdf","https://polarispharma.com/investors/category-7/","","因應防疫要求，與會者須全程配戴口罩並遵守入場防疫規範。","查詢"
"6550","北極星藥業-KY","111/08/16","14:30","線上法人說明會","本公司受邀參加國泰證券舉辦之生技新藥企業日。","655020220815M001.pdf","655020220815E001.pdf","","","無","查詢"
"6550","北極星藥業-KY","111/12/08","13:30","由國泰證券安排的線上法說會","本公司受邀參加國泰證券舉辦之線上法人座談會，向投資人說明2022年第3季公司營運成果及未來展望等。","655020221208M001.pdf","655020221208E001.pdf","",法說會影音連結資訊:未輸 ,"會議細節及相關報名資訊請洽國泰證券。","查詢"
"6550","北極星藥業-KY","111/09/13","14:00","線上法人說明會","本公司受邀參加證交所、台灣董事學會暨安擘諮詢共同舉辦之2022線上數位引資論壇","655020220815M001.pdf","655020220815E001.pdf","","","無","查詢"
"6552","易華電","111/11/29","14:00","高雄市前鎮區中山二路2號九樓之一","本公司會中將就本公司已公開發佈之財務業務等相關資訊做說明。","655220221129M001.pdf","655220221129E001.pdf","http://www.jmct.com.tw/","","無","查詢"
"6558","興能高","111/12/06","14:30","線上法人說明會","本公司受邀參加由凱基證券舉辦之線上法人說明會","655820221202M002.pdf","655820221202E002.pdf","","","無","查詢"
"6573","虹揚-KY","111/05/31","14:00","線上法說會","本公司受邀參加康和證券舉辦之法人說明會，主要內容為公司營運說明。","657320220530M001.pdf","657320220530E001.pdf","http://www.hygroup.com.tw/tw-ww/investors/conference.aspx","","無","查詢"
"6573","虹揚-KY","111/12/06","14:00","線上法說會","本公司受邀參加康和證券舉辦之法人說明會，主要內容為公司營運說明。","657320221205M001.pdf","657320221205E001.pdf","http://www.hygroup.com.tw/tw-ww/investors/conference.aspx","","無","查詢"
"6579","研揚","111/08/19","14:30","線上會議","說明公司營運及財務相關狀況","657920220818M001.pdf","657920220818E001.pdf","https://www.aaeon.com/tw/ai/investors-conference",法說會影音連結資訊:https://youtu.be/PN7LJK1EK_k ,"無","查詢"
"6579","研揚","111/03/24","14:30","線上會議","說明公司營運及財務相關狀況","657920220323M001.pdf","657920220323E001.pdf","https://www.aaeon.com/tw/ai/investors-conference",同步收看網址：:https://youtu.be/PGhUMBvBKC0 法說會影音連結資訊:https://youtu.be/PGhUMBvBKC0 ,"無","查詢"
"6581","鋼聯","111/01/18","14:30","台北遠東國際大飯店2樓 香格里拉廳
(台北市敦化南路二段201號)","本公司受邀參加康和證券舉辦之法人說明會，說明本公司之營運、財務及業務狀況。","658120220118M001.pptx","658120220118E001.pptx","https://www.tsutw.com.tw/index.php",法說會影音連結資訊:https://www.youtube.com/watch?v=D6BQ40bQfzM ,"無。","查詢"
"6581","鋼聯","111/07/28","14:00","線上法說會","本公司受邀參加康和證券舉辦之法人說明會，說明本公司之營運、財務及業務狀況","658120220728M001.pdf","658120220728E001.pdf","https://www.tsutw.com.tw/",法說會影音連結資訊:https://www.youtube.com/watch?v=bCC1ZWpXQao ,"無。","查詢"
"6581","鋼聯","111/10/04","14:00","寒舍艾美酒店2樓 (台北市信義區松仁路38號)","本公司受邀參加康和證券舉辦之ESG創新及循環經濟論壇，說明本公司之營運、財務及業務狀況","658120221004M001.pdf","658120221004E001.pdf","https://www.tsutw.com.tw/","","無。","查詢"
"6582","申豐","111/09/07","14:00","永豐金證券(台北市重慶南路一段2號18樓)","本公司受邀法人說明會，說明營運結果","658220220906M001.pdf","658220220906E001.pdf","","","無","查詢"
"6582","申豐","111/12/28","14:00","永豐金證券(高雄市前鎮區中山二路260號20樓之一)","本公司受邀法人說明會，說明營運結果","658220220906M001.pdf","658220220906E001.pdf","","","無","查詢"
"6585","鼎基","111/04/20","14:30","台北君悅酒店三樓凱悅一區宴會廳(台北市信義區松壽路2號)。","(1)本公司依「有價證券初次上市前業績發表會實施要點」規定，辦理股票初次上市前業績發表會。
(2)本次上市前業績發表會將由本公司經營團隊說明產業發展、財務業務狀況、未來風險、公司治理及企業社會責任及臺灣證券交易所股份有限公司董事會暨上市審議委員會要求補充揭露事項等項目。
(3)因考量防疫措施之場地與人數限制，現場開放參加之名額有限，欲現場參加本次業績發表會之貴賓，敬請事先報名，若無法成功報名者，可於線上觀看同步直播。
(4)欲現場參加者，事先報名網址：https://forms.gle/tBcv281CoqLJFTiV7。
(5)線上觀看者，敬請於召開時間至YOUTUBE-搜尋【鼎基先進上市前業績發表會】即可觀看，線上若有需詢問問題提問請MAIL至6585@dingzing.com","658520220420M001.pdf","658520220420E001.pdf","網址：http://www.dingzing.com/tw/IRInvestor","","因應防疫要求，與會者須全程配戴口罩並遵守防疫相關規定。","查詢"
"6585","鼎基","111/06/20","14:00","Webex線上法人說明會","向法人說明產業狀況與本公司經營績效","658520220620M001.pdf","658520220620E001.pdf","","","無","查詢"
"6589","台康生技","111/06/14 至 111/06/15","10:00","線上會議 （香港特別行政區）","本公司受邀參加瑞士信貸舉辦之2022 Asia Healthcare Corporate Day，說明本公司營運概況、財務及業務相關資訊。","658920220614M001.pdf","658920220614E001.pdf","www.eirgenix.com","","無","查詢"
"6589","台康生技","111/02/15 至 111/02/18","11:30","線上法說會（台灣）","本公司受邀參加由寬量國際主辦之線上法說會「QIC Healthcare Forum」，說明本公司之營運概況、財務及業務相關資訊。","658920220218M002.pdf","658920220218E002.pdf","www.eirgenix.com","","無","查詢"
"6589","台康生技","111/08/16","10:00","線上會議","本公司受邀參加國泰證券舉辦之2022年生技新藥企業日，
說明本公司營運概況、財務及業務相關資訊。","658920220815M001.pdf","658920220815E001.pdf","https://zh-tw.eirgenix.com/","","無","查詢"
"6589","台康生技","111/03/10","15:30","線上法說會","本公司受邀參加由國泰證券舉辦之線上法說會2022年第一季產業論壇，說明本公司之營運概況、財務及業務相關資訊。","658920220310M001.pdf","658920220310E001.pdf","www.eirgenix.com","","無","查詢"
"6589","台康生技","111/05/17","15:30","電話會議","本公司受邀參加Jefferies與富邦證券共同舉辦之Jefferies &amp; Fubon Virtual Taiwan Corporate Day 2022，說明本公司營運概況、財務及業務相關資訊。","658920220517M001.pdf","658920220517E001.pdf","www.eirgenix.com","","無","查詢"
"6589","台康生技","111/11/18","11:00","福邦證券
(台北市忠孝西路一段6號14樓)","本公司受邀參加由福邦證券舉辦之
「2023年潛力趨勢產業論壇」，
說明本公司營運概況、財務及業務相關資訊。","658920221116M001.pdf","658920221116E001.pdf","https://zh-tw.eirgenix.com/","","無","查詢"
"6589","台康生技","111/11/16","15:00","線上法說會","本公司受邀參加由Goldman Sachs 舉辦之
「Asia Pacific Healthcare Forum 2022」，
說明本公司營運概況、財務及業務相關資訊。","658920221116M001.pdf","658920221116E001.pdf","https://zh-tw.eirgenix.com/","","無","查詢"
"6589","台康生技","111/09/13","14:00","茹曦酒店
(台北市松山區敦化北路100號2樓)","本公司受邀參加由群益金鼎證券舉辦之2022年第三季投資論壇，說明本公司之營運概況、財務及業務相關資訊。","658920220913M001.pdf","658920220913E001.pdf","https://zh-tw.eirgenix.com/","","無","查詢"
"6589","台康生技","111/12/01","14:00","台北萬豪酒店 (台北市中山區樂群二路199號5樓)","本公司受邀參加由群益金鼎證券舉辦之2022年第四季投資論壇，說明本公司之營運概況、財務及業務相關資訊。","658920221130M001.pdf","658920221130E001.pdf","https://zh-tw.eirgenix.com/","","無","查詢"
"6589","台康生技","111/09/30","09:10","線上會議","本公司受邀參加由臺灣證券交易所及寬量國際共同主辦
之線上法說會「12th Taiwan CEO Week」，
說明本公司營運概況、財務及業務相關資訊。","658920220929M001.pdf","658920220929E001.pdf","https://zh-tw.eirgenix.com/","","無","查詢"
"6589","台康生技","111/10/06","15:00","線上法說會","本公司受邀參加凱基證券主辦之”生技產業專題會議”，
說明本公司營運概況、財務及業務相關資訊。","658920220929M001.pdf","658920220929E001.pdf","https://zh-tw.eirgenix.com/","","無","查詢"
"6591","動力-KY","111/03/31","16:30","線上法說會","本公司受邀參加臺灣證券交易所舉辦之線上財務業務說明會，說明本公司之營運概況。","659120220330M001.pdf","659120220330E001.pdf","https://www.sun-max.com.tw/investor_tw.php?id=20",同步收看網址：:http://webpro.twse.com.tw/ ,"無","查詢"
"6591","動力-KY","111/11/29","15:20","webex線上視訊會議","本公司受邀參加中國信託證券舉辦之線上消費性產業座談會","659120221128M001.pdf","659120221128E001.pdf","https://www.sun-max.com.tw/investor_tw.php?id=20",法說會影音連結資訊:https://youtu.be/DGDXlHRSXHg ,"無","查詢"
"6592","和潤企業","111/03/21","14:30","台北市信義區信義路五段1號(台北國際會議中心105會議室)","說明本公司2021年度營運成果","659220220321M001.pdf","659220220321E001.pdf","https://www.hfcfinance.com.tw/HFCIPO/zh-TW/Investor/Seminar","","報名請洽https://www.surveycake.com/s/Z8eo7","查詢"
"6592","和潤企業","111/05/17","14:00","線上法人說明會","本公司受邀參加台新證券舉辦之【2022年第二季全球投資論壇】，會中說明本公司2022年第一季營運概況。","659220220517M001.pdf","659220220517E001.pdf","https://www.hfcfinance.com.tw/HFCIPO/zh-TW/Investor/Seminar","","無","查詢"
"6592","和潤企業","111/08/23","14:00","線上法人說明會","本公司受邀參加台新證券舉辦之線上法說會，會中說明本公司2022年第二季營運概況。","659220220823M001.pdf","659220220823E001.pdf","https://www.hfcfinance.com.tw/HFCIPO/zh-TW/Investor/Seminar","","報名請洽https://www.surveycake.com/s/2Rr7r","查詢"
"6592","和潤企業","111/11/30","14:00","台北晶華酒店4樓會議室(台北市中山區中山北路二段39巷3號)","本公司受邀參加台新證券舉辦之「台新2022年第四季全球投資論壇」，會中說明本公司2022年第三季營運概況。","659220221130M001.pdf","659220221130E001.pdf","https://www.hfcfinance.com.tw/zh-tw/investor/conference","","無","查詢"
"6598","ABC-KY","111/04/22","14:00","線上會議","本公司受邀參加日盛證券舉辦之線上座談會，說明本公司營運概況。","659820220422M001.pdf","659820220422E001.pdf","","","無。","查詢"
"6598","ABC-KY","111/06/21","09:30","線上會議","本公司受邀參加群益金鼎證券舉辦之線上論壇，說明本公司營運概況．","659820220621M001.pdf","659820220621E001.pdf","","","無．","查詢"
"6598","ABC-KY","111/10/13","14:30","台北市民生東路四段54號4樓","瑞磁生技(ABC-KY)受邀參加華南永昌證券主辦實體法人說明會
報名電話 (02)2545-6888 #8383","659820221011M001.pdf","659820221011E001.pdf","","","無．","查詢"
"6605","帝寶","111/12/02","14:00","台北市松山區南京東路五段188號15樓 會議室","本公司受邀參加國票綜合證券舉辦之法人說明會，向法人說明本公司營運概況。","660520221205M001.pdf","660520221205E001.pdf","","","無","查詢"
"6625","必應","111/12/21","14:30","台北市建國北路一段96號12樓(台証金融大樓 首爾廳)","本公司受邀參加台新證券舉辦之法人說明會，報告本公司營運狀況。","662520221221M001.pdf","662520221221E001.pdf","http://www.bin-live.com","","無","查詢"
"6641","基士德-KY","111/06/09","14:00","線上法說會","本公司受邀參加永豐金證券舉辦之線上法人說明會，說明本公司之營運概況。","664120220606M001.pdf","664120220606E001.pdf","https://www.gsd.net.tw/","","報名請洽永豐金證券鄒小姐(02)2382-3207或mail：joyce.tsou@sinopac.com","查詢"
"6641","基士德-KY","111/03/30","15:30","臺灣證券交易所1樓資訊展示中心。
線上同步直播(https://webpro.twse.com.tw/)","本公司受邀參加臺灣證券交易所舉辦之線上財務業務說明會，說明本公司之營運概況。","664120220329M001.pdf","664120220329E001.pdf","https://www.gsd.net.tw/","","無","查詢"
"6641","基士德-KY","111/09/05","15:30","臺灣證券交易所1樓資訊展示中心","本公司受邀參加臺灣證券交易所舉辦之財務業務說明會，說明本公司之營運概況。","664120220901M001.pdf","664120220901E001.pdf","https://www.gsd.net.tw/","","無","查詢"
"6655","科定","111/10/27","15:00","線上法說會","本公司受邀參加中國信託證券舉辦之法人說明會，說明本公司近期營運概況。","665520221027M001.pdf","665520221027E001.pdf","","","完整財務業務資訊請至公開資訊觀測站之法人說明會一覽表或法說會項目下查閱。","查詢"
"6666","羅麗芬-KY","111/12/14","15:45","台北市信義區菸廠路88號6F(臺北文創)","本公司受邀參加元富證券舉辦12月台股企業日","666620221214M001.pdf","666620221214E001.pdf","https://luolifen.com/tc/join1-33.html","","無","查詢"
"6668","中揚光","111/11/24","14:00","線上法說會","受邀參加元大證券舉辦之法人說明會","666820221124M001.pdf","666820221124E001.pdf","http://www.zy-tech.com.tw/page/about/index.aspx?kind=36","","相關資訊將依規定揭露於公開資訊觀測站。","查詢"
"6669","緯穎","111/06/09 至 111/06/15","08:30","線上法說會","本公司受邀參加花旗證券與瑞士信貸於111年6月9日至15日舉辦之線上法人說明會。","666920220503M001.pdf","666920220503E001.pdf","https://www.wiwynn.com/zh-hant/investors/shareholder-services/#investor-meetings","","無","查詢"
"6669","緯穎","111/05/03","14:00","電話會議","本公司受邀參加Citi Research舉辦之電話會議，說明2022年Q1營運概況。","666920220503M001.pdf","666920220503E001.pdf","https://www.wiwynn.com/zh-hant/investors/shareholder-services/#investor-meetings","","無","查詢"
"6669","緯穎","111/08/23","15:00","線上法說會","本公司受邀參加UBS Securities舉辦之線上法人說明會","666920220818M001.pdf","666920220818E001.pdf","https://www.wiwynn.com/zh/investors/shareholders-services#investor-meetings","","無","查詢"
"6669","緯穎","111/11/02","10:00","線上法人說明會","本公司受邀參加Credit Suisse舉辦之線上法人說明會","666920221101M001.pdf","666920221101E001.pdf","https://www.wiwynn.com/zh/investors/shareholders-services#investor-meetings","","無","查詢"
"6669","緯穎","111/11/09","11:00","台北君悅酒店(台北市信義區松壽路2號)","本公司受邀參加Macquarie舉辦之Macquarie Taiwan Corporate Day","666920221101M001.pdf","666920221101E001.pdf","https://www.wiwynn.com/zh/investors/shareholders-services#investor-meetings","","無","查詢"
"6669","緯穎","111/11/10","15:00","香格里拉遠東國際大飯店(台北市大安區敦化南路二段201號)","本公司受邀參加Goldman Sachs舉辦之Goldman Sachs Taiwan Corporate Day","666920221101M001.pdf","666920221101E001.pdf","https://www.wiwynn.com/zh/investors/shareholders-services#investor-meetings","","無","查詢"
"6669","緯穎","111/09/08","10:00","線上法人說明會","本公司受邀參加Credit Suisse舉辦之23rd Credit Suisse Asian Technology Conference","666920220818M001.pdf","666920220818E001.pdf","https://www.wiwynn.com/zh/investors/shareholders-services#investor-conference","","無","查詢"
"6669","緯穎","111/11/22","11:00","台北W飯店(台北市信義區忠孝東路五段10號)","本公司受邀參加Citi Research舉辦之Citi Asia Tech Field Trip","666920221101M001.pdf","666920221101E001.pdf","https://www.wiwynn.com/zh/investors/shareholders-services#investor-meetings","","無","查詢"
"6669","緯穎","111/11/23","15:30","台北文華東方酒店(台北市松山區敦化北路158號)","本公司受邀參加Morgan Stanley舉辦之Morgan Stanley 21st Annual Asia Pacific Summit","666920221101M001.pdf","666920221101E001.pdf","https://www.wiwynn.com/zh/investors/shareholders-services#investor-meetings","","無","查詢"
"6669","緯穎","111/11/24","10:00","香格里拉遠東國際大飯店(台北市大安區敦化南路二段201號)","本公司受邀參加CL Securities Taiwan舉辦之CLSA Taiwan Market Mover 2023 Access Day","666920221101M001.pdf","666920221101E001.pdf","https://www.wiwynn.com/zh/investors/shareholders-services#investor-meetings","","無","查詢"
"6669","緯穎","111/08/31","10:00","線上法說明會","本公司受邀參加Morgan Stanley舉辦之Virtual Asia TMT Conference 2022","666920220818M001.pdf","666920220818E001.pdf","https://www.wiwynn.com/zh/investors/shareholders-services#investor-meetings","","無","查詢"
"6669","緯穎","111/09/02","10:00","線上法人說明會","本公司受邀參加HSBC Securities舉辦之HSBC Taiwan Executive Forum","666920220818M001.pdf","666920220818E001.pdf","https://www.wiwynn.com/zh/investors/shareholders-services#investor-conference","","無","查詢"
"6669","緯穎","111/12/08","09:40","台北晶華酒店(台北市中山區中山北路二段39巷3號)","本公司受邀參加凱基證券舉辦之凱基證券2022年第四季投資論壇","666920221101M001.pdf","666920221101E001.pdf","https://www.wiwynn.com/zh/investors/shareholders-services#investor-meetings","","無","查詢"
"6669","緯穎","111/11/30","15:00","台北W飯店(台北市信義區忠孝東路五段10號)","本公司受邀參加Citi Research舉辦之Citi Taiwan Corporate Day","666920221101M001.pdf","666920221101E001.pdf","https://www.wiwynn.com/zh/investors/shareholders-services#investor-meetings","","無","查詢"
"6670","復盛應用","111/06/30","14:00","線上法說會","本公司受邀參加宏遠證券舉辦之法人說明會，說明2022年第一季營運狀況。","667020220630M001.pdf","667020220630E001.pdf","https://www.fusheng-precision.com/copy-of-8","","無","查詢"
"6670","復盛應用","111/04/20","14:30","線上法說會","本公司受邀參加元大證券舉辦之法人說明會，說明2021年全年營運狀況。","667020220420M004.pdf","667020220420E004.pdf","https://www.fusheng-precision.com/copy-of-8","","無","查詢"
"6670","復盛應用","111/08/31","14:00","台北晶華酒店4樓會議室","本公司受邀參加台新證券舉辦之「台新2022年第三季全球投資論壇」","667020220831M001.pdf","667020220831E001.pdf","https://www.fusheng-precision.com/copy-of-8","","無","查詢"
"6670","復盛應用","111/11/22","15:40","台北市信義區信義路5段7號(101大樓)證交所1樓資訊展示中心","本公司受邀參加台灣證券交易所舉辦之休閒及運動主題式業績發表會，參加方式及相關資料請詳證交所首頁: (https://www.twse.com.tw/zh/page/focus/events.html)","667020221122M001.pdf","667020221122E001.pdf","https://www.fusheng-precision.com/copy-of-8","","同步收看網址：https://webpro.twse.com.tw/webportal/?liveChannelId=1","查詢"
"6670","復盛應用","111/11/29","14:30","台北市寶慶路69號4樓會議室","本公司受邀參加元大證券舉辦之法人說明會，說明本公司之營運狀況。","667020221129M001.pdf","667020221129E001.pdf","https://www.fusheng-precision.com/copy-of-8","","無","查詢"
"6671","三能-KY","111/04/08","14:30","線上法說會","本公司受邀參加臺灣證券交易所舉辦之『111年第1季第一上市公司財務業務說明會』，說明本公司2021年度營業成果及未來營運展望。","667120220407M001.pdf","667120220407E001.pdf","https://www.sannenggroup.com/2_investment.html",同步收看網址：:https://webpro.twse.com.tw/WebPortal/ ,"無","查詢"
"6671","三能-KY","111/09/07","14:30","台北市復興北路99號15樓(&#29319;亞會議中心)","本公司受邀參加富邦綜合證券股份有限公司舉辦之法人說明會，說明本公司2022年第2季營業成果及未來營運展望。","667120220906M001.pdf","667120220906E001.pdf","https://www.sannenggroup.com/2_investment.html","","報名請洽富邦謝小姐 E-mail:fion.hsieh@fubon.com","查詢"
"6672","騰輝電子-KY","111/11/29","14:30","線上法說會","本公司受邀參加元大證券主辦之線上法說會，說明本公司營業概況。","667220221122M001.pdf","667220221122E001.pdf","","","無","查詢"
"6674","鋐寶科技","111/12/15","14:30","線上法說會","本公司受邀參加凱基證券舉辦之線上法人說明會，就本公司已公開發佈之訊息作說明。","667420221215M001.pptx","667420221215E001.pptx","https://www.icbn.com.tw","","無","查詢"
"6689","伊雲谷","111/08/02","14:30","台北君悅酒店3F凱悅一區宴會廳（台北市信義區松壽路2號）","(1)本公司依「有價證券初次上市前業績發表會實施要點規定」，於上市前辦理股票初次上市前業績發表會。
(2)本次業績發表會將由本公司經營團隊說明產業發展、財務業務狀況、未來風險、公司治理及企業社會責任、臺灣證券交易所股份有限公司董事會暨上市審議委員會要求補充揭露事項。
(3)因考量防疫措施之場地與人數限制，現場採限額報名參加入場並同步線上直播提供觀看。
(4)直播頻道：YouTube【eCloudvalley Digital Technology】，網站連結https://www.youtube.com/watch?v=5MaonEqzF80","668920220801M001.pdf","668920220801E001.pdf","https://www.ecloudvalley.com/zh-hant/investors/shareholder-services/#Investor-conference","","相關資訊請至公開資訊觀測站之法人說明會一覽表或法說會項目下查閱。","查詢"
"6689","伊雲谷","111/11/10","14:30","台北君悅酒店","本公司受邀參加麥格理證券舉辦之「Taiwan Corporate Day」，說明本公司之營運概況、財務及業務相關資訊。","668920221109M001.pdf","668920221109E001.pdf","https://www.ecloudvalley.com/tw/p/investors-shareholder-services#","","相關資訊請至公開資訊觀測站之法人說明會一覽表或法說會項目下查閱。","查詢"
"6689","伊雲谷","111/09/27","10:00","線上法說會","本公司受邀參加麥格理證券舉辦之線上投資論壇，說明本公司之營運概況、財務及業務相關資訊。","668920220926M001.pdf","668920220926E001.pdf","https://www.ecloudvalley.com/tw/p/investors-shareholder-services#","","相關資訊請至公開資訊觀測站之法人說明會一覽表或法說會項目下查閱。","查詢"
"6689","伊雲谷","111/09/29 至 111/09/30","13:30","線上法說會","本公司受邀參加由臺灣證券交易所及寬量國際共同主辦之線上法說會「12th Taiwan CEO Week」，說明本公司之營運概況、財務及業務相關資訊。","668920220926M002.pdf","668920220926E002.pdf","https://www.ecloudvalley.com/tw/p/investors-shareholder-services#","","相關資訊請至公開資訊觀測站之法人說明會一覽表或法說會項目下查閱。","查詢"
"6689","伊雲谷","111/11/29","15:15","台北晶華酒店","本公司受邀參加台新證券舉辦之「台新2022年第四季全球投資論壇」，說明本公司之營運概況、財務及業務相關資訊。","668920221128M001.pdf","668920221128E001.pdf","https://www.ecloudvalley.com/tw/p/investors-shareholder-services#","","無","查詢"
"6691","洋基工程","111/04/15","14:00","臺灣證券交易所101大樓1F 資訊展示中心","公告本公司受邀參加臺灣證券交易所舉辦之「2022年半導體暨新上市主題式業績發表會」","669120220414M001.pdf","669120220414E001.pdf","http://www.yankey.com.tw/Investment/conference","","無","查詢"
"6691","洋基工程","111/08/24","14:00","線上說明會","本公司受邀參加富邦綜合證券舉辦之法人說明會","669120220824M001.pdf","669120220824E001.pdf","http://www.yankey.com.tw/Investment/conference","","無","查詢"
"6695","芯鼎","111/10/11","14:30","台北君悅酒店3樓 凱悅廳 I 區（台北市松壽路2號）","依據臺灣證券交易所股份有限公司有價證券初次上市前業績發表會實施要點第三條舉辦上市前業績發表會。","669520221011M001.pdf","669520221011E001.pdf","http://www.icatchtek.com/Analysts","","無。","查詢"
"6698","旭暉應材","111/11/10","14:30","線上法說會","本公司受邀參加兆豐證券舉辦之線上法人說明會，說明本公司營運概況。","669820221109M001.pdf","669820221109E001.pdf","http://www.fine-mat.com/investor/investor_5/","","法說會報名網址 https://forms.gle/tB1iEMibBFYGHe9Z7","查詢"
"6706","惠特","111/05/12","14:30","線上法說會","本公司受邀參加凱基證券舉辦之法人說明會，說明本公司營運概況以及未來展望。","670620220512M001.pdf","670620220512E001.pdf","https://zh-tw.fittech.com.tw/","","無","查詢"
"6706","惠特","111/11/22","14:30","線上法說會","本公司受邀參加凱基證券舉辦之法人說明會，說明本公司營運概況以及未來展望。","670620221122M001.pdf","670620221122E001.pdf","https://zh-tw.fittech.com.tw/data_3845","","無","查詢"
"6715","嘉基","111/06/10","13:30","線上法說會","本公司受邀參加中國信託證券舉辦之「中國信託證券2022第二季前瞻論壇」","671520220610M001.pdf","671520220610E001.pdf","https://www.lintestech.com/investors/corporate-briefing/","","報名請洽：tina.yang@ctbcsec.com","查詢"
"6715","嘉基","111/12/09","13:30","晶華國際酒店(台北市中山北路二段39巷3號4樓)","本公司受邀參加中國信託證券舉辦之「中國信託證券2022第四季前瞻論壇」","671520221209M001.pdf","671520221209E001.pdf","https://www.lintestech.com/investors/corporate-briefing/","","報名請洽：wanning.chen@ctbcsec.com","查詢"
"6719","力智","111/05/12","14:30","線上","本公司受邀參加福邦證券舉辦之線上法人說明會","671920220511M001.pdf","671920220511E001.pdf","https://www.upi-semi.com/tw-article-upi-734-2439","","無","查詢"
"6719","力智","111/04/07","10:00","線上","本公司受邀參加臺灣證券交易所與高盛證券共同舉辦之「TWSE/GS Virtual Taiwan Corporate Day 2022」線上投資論壇","671920220406M001.pdf","671920220406E001.pdf","https://www.upi-semi.com/tw-article-upi-734-2439","","當日二場會議分別於10時00分、11時00分，每場約為50分鐘。","查詢"
"6719","力智","111/08/11","14:30","線上","本公司受邀參加福邦證券舉辦之線上法人說明會","671920220810M001.pdf","671920220810E001.pdf","https://www.upi-semi.com/tw-article-upi-734-2439","","無","查詢"
"6719","力智","111/03/16","09:40","台北晶華酒店 4樓會議室(台灣台北市中山區中山北路二段39巷3號4樓)","本公司受邀參加凱基證券舉辦之2022年第一季投資論壇","671920220314M001.pdf","671920220314E001.pdf","https://www.upi-semi.com/tw-article-upi-734-2439","","無","查詢"
"6719","力智","111/11/04","14:30","線上","本公司受邀參加福邦證券舉辦之線上法人說明會","671920221103M001.pptx","671920221103E001.pptx","https://www.upi-semi.com/tw-article-upi-734-2439","","無","查詢"
"6719","力智","111/11/18","15:30","福邦證券(台北市忠孝西路一段6號14樓)","本公司受邀參加福邦證券舉辦之2023年潛力產業座談會","671920221118M002.pdf","671920221118E002.pdf","https://www.upi-semi.com/tw-article-upi-734-2439","","無","查詢"
"6742","澤米","111/06/10","14:40","線上法說會","本公司受邀參加中國信託證券舉辦之「中國信託證券2022第二季前瞻論壇」","674220220610M001.pdf","674220220610E001.pdf","","","內容檔案於當日會後公告於公開資訊觀測站","查詢"
"6742","澤米","111/12/09","15:00","晶華國際酒店(台北市中山北路二段39巷3號4樓)","本公司受邀參與中國信託證券2022第四季前瞻論壇","674220221209M001.pdf","674220221209E001.pdf","","","內容檔案於當日會後公告於公開資訊觀測站","查詢"
"6743","安普新","111/11/28","14:30","台北市南港區經貿二路188號13樓1302會議室(中信金控總部B棟13樓)","財務及營運展望報告","674320221128M001.pdf","674320221128E001.pdf","https://www.ampacscorp.com/zh-tw/ir/internal","","無","查詢"
"6754","匯僑設計","111/11/24","14:30","線上法人說明會–Webex","本公司受邀參加凱基證券舉辦之法人說明會，為各界先進說明公司未來經營策略及願景。","675420221124M001.pdf","675420221124E001.pdf","http://www.richhonour.com/tw/investors.html",法說會影音連結資訊:https://webpro.twse.com.tw/WebPortal/vod/101/3F0811263645-E8311956-705B-11ED-A411/?categoryId=101 ,"無。","查詢"
"6756","威鋒電子","111/04/29","14:30","線上法說會","本公司受邀參加凱基證券舉辦之線上法人說明會，就本公司已公開發佈之訊息作說明。","675620220428M001.pptx","675620220428E001.pptx","https://www.via-labs.com/investor_activity.php","","無","查詢"
"6756","威鋒電子","111/11/02","14:30","線上法說會","本公司受邀參加凱基證券舉辦之線上法人說明會，就本公司已公開發佈之訊息作說明。","675620221101M001.pptx","675620221101E001.pptx","https://www.via-labs.com/investor_activity.php","","無","查詢"
"6768","志強-KY","111/03/15","14:00","線上法說會","向法人說明產業狀況與本公司經營績效","676820220314M002.pdf","676820220314E002.pdf","","","無","查詢"
"6768","志強-KY","111/03/02","14:00","線上投資論壇","向法人說明產業狀況與本公司經營績效","676820220301M001.pdf","676820220301E001.pdf","","","無","查詢"
"6768","志強-KY","111/12/05","16:10","臺灣證券交易所101大樓1F資訊展示中心(台北市信義路五段7號1樓)","本公司受邀參加111年第一上市公司「疫後解封」主題式業績發表會及產業講座，說明本公司營運概況及未來展望","676820221201M001.pdf","676820221201E001.pdf","",同步收看網址：:https://webpro.twse.com.tw/webportal/?liveChannelId=1 ,"報名網址：https://act.twse.com.tw/R1111130/","查詢"
"6768","志強-KY","111/09/27 至 111/09/28","09:00","線上法說會","本公司受邀參加由臺灣證券交易所及寬量國際共同主辦之線上法說會「12th Taiwan CEO Week」，說明本公司之營運概況、財務及業務相關資訊。","676820220926M001.pdf","676820220926E001.pdf","","","無","查詢"
"6768","志強-KY","111/11/23","14:30","兆豐證券(北市忠孝東路二段95號)","本公司受邀參加兆豐證券舉辦法人說明會，說明本公司營運概況及未來展望","676820221122M001.pdf","676820221122E001.pdf","","","報名網址：https://forms.gle/esgxnDjhor8vWtWt9","查詢"
"6768","志強-KY","111/09/05","14:30","臺灣證券交易所1樓資訊展示中心(台北市信義路五段7號)","本公司受臺灣證券交易所邀請參加第一上市公司線上財務業務說明會","676820220902M001.pdf","676820220902E001.pdf","",同步收看網址：:https://webpro.twse.com.tw/WebPortal/schedule/ ,"無","查詢"
"6770","力積電","111/03/02","11:00","線上","本公司受邀參加臺灣證券交易所與瑞銀證券(UBS) 共同舉辦之線上投資論壇「UBS x TWSE Taiwan Corporate Day」","677020220301M001.pdf","677020220301E001.pdf","https://www.powerchip.com/","","當日兩場會議分別於11時00分與16時00分進行","查詢"
"6770","力積電","111/03/14 至 111/03/16","11:00","線上","本公司受邀參加美國銀行美林證券舉辦之法人說明會「2022 APAC TMT Conference」","677020220301M001.pdf","677020220301E001.pdf","https://www.powerchip.com/","","此次法人說明會將於3/14至3/16間之每日11時00分進行","查詢"
"6770","力積電","111/01/25","15:00","線上","本公司2021年第四季財務暨營運報告","677020220125M001.pdf","677020220125E001.pdf","https://www.powerchip.com/",同步收看網址：:https://psmc.webex.com/psmc-tc/j.php?MTID=m5b6c6bae9d9ff7036dac972cedd5cecd 法說會影音連結資訊:https://youtu.be/Jqjt7gKavUU ,"無","查詢"
"6770","力積電","111/01/05","11:00","線上","本公司受邀參加國泰證券舉辦之法人說明會","677020220104M001.pdf","677020220104E001.pdf","https://www.powerchip.com/","","無","查詢"
"6770","力積電","111/01/06","15:00","線上","本公司受邀參加瑞士信貸舉辦之「2022 Greater China Technology and Internet Conference」","677020220104M002.pdf","677020220104E002.pdf","https://www.powerchip.com/","","無","查詢"
"6770","力積電","111/04/13","15:00","臺灣證券交易所1F資訊展示中心(台北市信義路五段7號1樓)","本公司受邀參加臺灣證券交易所舉辦之2022年「半導體相關暨新上市」主題式業績發表會","677020220412M003.pdf","677020220412E003.pdf","https://www.powerchip.com/","","無。","查詢"
"6770","力積電","111/04/12","15:00","線上","(1)本公司2022年第一季財務暨營運報告。
(2)參加方式：https://psmc.webex.com/psmc-tc/j.php?MTID=m114f45ef5aef275d1dceb9ee6f3ba6fd","677020220412M002.pdf","677020220412E002.pdf","https://www.powerchip.com/",同步收看網址：:https://psmc.webex.com/psmc-tc/j.php?MTID=m114f45ef5aef275d1dceb9ee6f3ba6fd 法說會影音連結資訊:https://youtu.be/IZaxlZu1Ro8 ,"無。","查詢"
"6770","力積電","111/07/15","15:00","線上","(1)本公司2022年第二季財務暨營運報告。
(2)參加方式：https://psmc.webex.com/psmc-tc/j.php?MTID=mc29e9d40208204e4d20ce6a8c5729f80","677020220715M001.pdf","677020220715E001.pdf","https://www.powerchip.com/",同步收看網址：:https://psmc.webex.com/psmc-tc/j.php?MTID=mc29e9d40208204e4d20ce6a8c5729f80 法說會影音連結資訊:https://youtu.be/qOlqWQidKLE ,"無。","查詢"
"6770","力積電","111/05/06","15:00","線上","本公司受邀參加Fubon &amp; Jefferies舉辦之「Fubon &amp; Jefferies ‘Virtually Yours’ Taiwan Trip」，就公司營運概況向投資機構做說明。","677020220505M001.pdf","677020220505E001.pdf","https://www.powerchip.com/","","無。","查詢"
"6770","力積電","111/03/21","11:00","線上","本公司受邀參加瑞士信貸舉辦之法人說明會「25th Credit Suisse Asian Investment Conference」","677020220301M001.pdf","677020220301E001.pdf","https://www.powerchip.com/","","當日四場會議分別於11時00分、15時00分、16時00分與17時00分進行，每場約為50分鐘。","查詢"
"6770","力積電","111/09/05","11:00","線上","本公司受邀參加Credit Suisse舉辦之「23rd Credit Suisse Asian Technology Conference」，就公司營運概況向投資機構做說明。","677020220902M002.pdf","677020220902E002.pdf","https://www.powerchip.com/","","當日三場會議分別於11時00分、12時00分與13時00分進行，每場約為50分鐘。","查詢"
"6770","力積電","111/10/18","10:30","線上","本公司受邀參加Nomura舉辦之「Virtual Taiwan Corporate Day 2022」，就公司營運概況向投資機構做說明。","677020221017M001.pdf","677020221017E001.pdf","https://www.powerchip.com/","","無。","查詢"
"6770","力積電","111/11/08 至 111/11/09","11:00","香格里拉台北遠東國際大飯店(台北市大安區敦化南路二段201號)","本公司受邀參加Goldman Sachs舉辦之「Taiwan Corporate Day in Taipei」，就公司營運概況向投資機構做說明。","677020221107M001.pdf","677020221107E001.pdf","https://www.powerchip.com/","","無","查詢"
"6770","力積電","111/10/13","16:00","線上","(1)本公司2022年第三季財務暨營運報告。
(2)參加方式：https://psmc.webex.com/psmc-tc/j.php?MTID=m6634a369a0e53e539fd72ea684be233d","677020221013M001.pdf","677020221013E001.pdf","https://www.powerchip.com/",同步收看網址：:https://psmc.webex.com/psmc-tc/j.php?MTID=m6634a369a0e53e539fd72ea684be233d 法說會影音連結資訊:https://youtu.be/5mKPY4QsGCw ,"無。","查詢"
"6770","力積電","111/09/19","13:30","線上","本公司受邀參加UBS舉辦之「UBS Virtual 3Q22 APAC Tech Tour」，就公司營運概況向投資機構做說明。","677020220902M002.pdf","677020220902E002.pdf","https://www.powerchip.com/","","無","查詢"
"6776","展碁國際","111/04/15","14:00","線上法說會","本公司受邀參加永豐金證券舉辦之法人說明會，
會中就展碁公司2021年之業務狀況說明","677620220415M001.pdf","677620220415E001.pdf","","","無","查詢"
"6776","展碁國際","111/11/21","15:10","臺灣證券交易所 (101大樓) 1樓資訊展示中心","臺灣證券交易所舉辦之2022年「休閒及運動」主題式業績發表會","677620221121M001.pdf","677620221121E001.pdf","",同步收看網址：:https://webpro.twse.com.tw/webportal/?liveChannelId=1 ,"無","查詢"
"6781","AES-KY","111/08/31","16:00","電話會議","本公司受邀參加Citi Research舉辦之電話會議","678120220830M001.pdf","678120220830E001.pdf","http://www.advancedenergysolution.com.tw/news.html","","說明公司目前營運與未來展望","查詢"
"6782","視陽","111/10/26","14:30","台北晶華酒店3樓宴會廳(台北市中山北路二段39巷3號)","(1)本公司依「有價證券初次上市前業績發表會實施要點規定」，於上市前辦理股票初次上市前業績發表會。
(2)本次業績發表會將由本公司經營團隊說明產業發展、財務業務狀況、未來風險、公司治理及企業社會責任、臺灣證券交易所股份有限公司董事會暨上市審議委員會要求補充揭露事項。
(3)為配合防疫措施，並使入場更為順暢，敬請事先報名，報名網址：http://reurl.cc/aGyY99。","678220221026M001.pdf","678220221026E001.pdf","http://www.viscovision.com.tw/tw/investors_corporate.html","","無","查詢"
"6789","采鈺","111/04/22","14:30","張榮發基金會國際會議中心1003室","本公司受邀參加凱基證券舉辦之法人說明會。","678920220412M001.pdf","678920220412E001.pdf","","","完整財務業務資訊請至公開資訊觀測站法人說明會一覽表或法說會項目下查閱。","查詢"
"6789","采鈺","111/05/26","14:30","台北君悅酒店3樓凱悅廳I區(地點：台北市信義區松壽路2號)","(1)本公司依「有價證券初次上市前業績發表會實施要點規定」，於上市前辦理股票初次上市前業績發表會。
(2)本次業績發表會將由本公司經營團隊說明產業發展、財務業務狀況、未來風險、公司治理及企業社會責任、臺灣證券交易所股份有限公司董事會暨上市審議委員會要求補充揭露事項。
(3)因考量防疫措施之場地與人數限制，現場採限額報名參加入場並同步線上直播提供觀看。
(4)線上觀看者，敬請於召開時間至YOUTUBE-搜尋【采鈺科技上市業績發表會】即可觀看，QA問題提問請MAIL至visera6789@gmail.com。","678920220526M001.pdf","678920220526E001.PDF","https://www.viseratech.com/tw/investor/operation-report/2022/","","無","查詢"
"6789","采鈺","111/04/13 至 111/04/15","13:30","台北遠東香格里拉國際大飯店大都會廳及線上會議。","本公司受邀參加元大證券舉辦之法人說明會。","678920220412M001.pdf","678920220412E001.pdf","","","完整財務業務資訊請至公開資訊觀測站法人說明會一覽表或法說會項目下查閱。","查詢"
"6789","采鈺","111/11/09","16:00","2022年第三季線上法人說明會","(1) 公布本公司2022年第3季財務報告及2022年第4季業績展望。
(2) 參加方式：請參見https://www.viseratech.com/tw/investor/operation-report/2022/","678920221110M001.pdf","678920221110E001.pdf","https://www.viseratech.com/tw/investor/operation-report/2022/",同步收看網址：:https://www.viseratech.com/tw/investor/operation-report/2022/ 法說會影音連結資訊:https://webpage-ott2b.cdn.hinet.net/webpage/watch?contentProvider=viseratech&v=56103 ,"無。","查詢"
"6790","永豐實","111/08/25","15:00","線上法說會","本公司受邀參加元大證券線上法說會，說明2022年上半年度營運財務狀況及未來營運展望","679020220824M001.pdf","679020220824E001.pdf","https://www.yfycpg.com/?page_id=1117","","無","查詢"
"6790","永豐實","111/05/26","15:00","線上法說會","本公司受邀參加凱基證券線上法說會，說明2022年第一季營運財務狀況及未來營運展望","679020220525M001.pdf","679020220525E001.pdf","https://www.yfycpg.com/?page_id=1117","","無","查詢"
"6790","永豐實","111/03/24","16:00","線上法說會","本公司受邀參加富邦證券線上法說會，說明2021年營運財務狀況及未來營運展望","679020220323M002.pdf","679020220323E002.pdf","https://www.yfycpg.com/?page_id=1117","","無","查詢"
"6790","永豐實","111/11/24","14:00","線上法說會","本公司受邀參加兆豐證券線上法說會，說明2022年第三季度營運財務狀況及未來營運展望","679020221123M001.pdf","679020221123E001.pdf","https://www.yfycpg.com/?page_id=1117","","無","查詢"
"6792","詠業","111/03/07","15:00","線上法說會（台灣）","本公司受邀參加群益金鼎證券於111年3月7日舉辦之線上投資法人座談會，向投資人說明110年度營業成果及未來營運展望。","679220220318M001.pdf","679220220318E001.pdf","https://www.unictron.com","","相關資訊請至公開資訊觀測站之法人說明會一覽表或法說會項目下查閱。","查詢"
"6792","詠業","111/08/02","15:00","線上法說會（臺灣）","本公司受邀參加群益金鼎證券於111年8月2日舉辦之線上投資法人說明會，向投資人說明111年上半年度營業成果及未來營運展望。","679220220802M001.pdf","679220220802E001.pdf","https://www.unictron.com","","本次採 Zoom 視訊會議，報名請至 https://forms.gle/R2bPSuFhWyW2ZR9p8 線上報名","查詢"
"6792","詠業","111/04/21 至 111/04/22","14:40","線上法說會","本公司受邀參加由臺灣證券交易所及寬量國際共同主辦之線上法說會「11th Taiwan CEO Week」，說明本公司之營運概況、財務及業務相關資訊。","679220220420M001.pdf","679220220420E001.pdf","https://www.unictron.com","","完整財務業務資訊請至公開資訊觀測站之法人說明會一覽表或法說會項目下查閱。","查詢"
"6792","詠業","111/11/02","15:00","線上法說會(臺灣)","本公司受邀參加群益金鼎證券於111年11月2日舉辦之線上投資法人座談會，向投資人說明111年前三季營業成果及未來營運展望。","679220221102M001.pdf","679220221102E001.pdf","https://www.unictron.com","","本次採 Zoom 視訊會議，報名請至 https://forms.gle/5Fj5UoXvFmkFDepv5 線上報名","查詢"
"6796","晉弘","111/05/05","14:30","台北君悅酒店3樓凱悅廳一區（台北市信義區松壽路2號）","(1)本公司依「有價證券初次上市前業績發表會實施要點」規定，辦理股票初次上市前業績發表會。
(2)本次業績發表會將由本公司經營團隊說明產業發展、財務業務狀況、未來風險、公司治理及企業社會責任、臺灣證券交易所股份有限公司董事會暨上市審議委員會要求補充揭露事項。
(3)因考量防疫措施之場地與人數限制，現場開放參加之名額有限，欲現場參加本次業績發表會之貴賓，敬請事先報名，報名網址：https://forms.gle/SpyitzfAq8QCuBEC7 。","679620220426M005.pdf","679620220426E005.pdf","網址：https://www.miis.com.tw/investor_1.php?lang=tw&amp;cid=134&amp;id=32","","因應防疫要求，與會者須全程配戴口罩並遵守防疫相關規定。","查詢"
"6796","晉弘","111/12/02","14:30","台北市南京東路二段85號7樓","本公司受邀參加富邦證券舉辦之法人說明會，說明本公司之營運概況。","679620221130M001.pdf","679620221130E001.pdf","https://www.miis.com.tw/investor_1.php?lang=tw&amp;cid=134&amp;id=43","","配合防疫措施，請全程配載口罩。","查詢"
"6796","晉弘","111/11/30","14:30","南港中信金融園區B棟13樓1302會議室(台北市南港區經貿二路 188號13樓)。","本公司受邀參加中國信託證券舉辦之法人說明會，說明本公司之營運概況。","679620221130M001.pdf","679620221130E001.pdf","https://www.miis.com.tw/investor_1.php?lang=tw&amp;cid=134&amp;id=43","","完整財務業務資訊請至公開資訊觀測站之法人說明會一覽表或法說會項目下查閱。","查詢"
"6799","來頡","111/04/14","14:30","台北君悅酒店三樓凱悅一區宴會廳(台北市信義區松壽路2號)","(1)本公司依「有價證券初次上市前業績發表會實施要點」規定，辦理股票初次上市前業績發表會。
(2)本次上市前業績發表會將由本公司經營團隊說明產業發展、財務業務狀況、未來風險、公司治理及企業社會責任及臺灣證券交易所股份有限公司董事會暨上市審議委員會要求補充揭露事項等項目。
(3)因考量防疫措施之場地與人數限制，現場開放參加之名額有限，欲現場參加本次業績發表會之貴賓，敬請事先報名，若無法成功報名者，可於線上觀看同步直播。
(4)欲現場參加者，事先報名網址：https://backend.e-pass.com.tw/SFEvent/RegistrationApplication/SFE_WEB_REG_19083101/index.aspx?EventSN=416dbad6-322b-4bb5-ac8a-623e76e98ff7
(5)線上觀看者，敬請於召開時間至YOUTUBE-搜尋【來頡科技(6799)上市前業績發表會】即可觀看，線上若有需詢問問題提問請MAIL至ir@m3tekic.com。","679920220413M002.pdf","679920220413E002.pdf","https://www.m3tekic.com/?action=finance-report&amp;cid=3&amp;cid2=28","","因應防疫要求，與會者須全程配戴口罩並遵守防疫相關規定。","查詢"
"6799","來頡","111/09/01","14:30","線上法說會","本公司受邀參加元大證券舉辦之線上法人說明會，說明公司業務及營運概況。","679920220831M001.pdf","679920220831E001.pdf","https://www.m3tekic.com/?action=finance-report&amp;cid=3&amp;cid2=28",中文影音檔網址:6799_2_20220901_ch.mp4 ,"無","查詢"
"6799","來頡","111/11/24","14:00","線上法說會","本公司受邀參加元大證券舉辦之線上法人說明會，說明公司業務及營運概況。","679920221110M001.pdf","679920221110E001.pdf","https://www.m3tekic.com/?action=finance-report&amp;cid=3&amp;cid2=28","","無","查詢"
"6806","森崴能源","111/08/25","14:30","台北市忠孝西路一段6號7樓
(福邦證券股份有限公司)","本公司營運狀況及未來展望說明","680620220825M001.pdf","680620220825E001.pdf","https://www.shinfox.com.tw/","","無","查詢"
"6806","森崴能源","111/11/30","14:30","台北市忠孝西路一段6號7樓 (福邦證券股份有限公司)","本公司營運狀況及未來展望說明","680620221130M002.pdf","680620221130E002.pdf","https://www.shinfox.com.tw/","","無","查詢"
"6807","峰源-KY","111/03/23","14:30","台北君悅酒店三樓凱悅廳I區
(台北市信義區松壽路2號)","1. 因受新冠肺炎影響，本次業績發表會以實體及線上直播方式同步舉行，線上直播作業敬請於Youtube頻道搜尋 【峰源集團上市前業績發表會】，QA提問請MAIL至ir01@fy-grp.com。
2. 本次業績發表會將由本公司經營團隊向各界先進說明產業發展、財務業務狀況、未來風險、公司治理及企業社會責任、上市審議委員會暨臺灣證券交易所股份有限公司要求本公司於公開說明書及評估報告補充接露事項。","680720220323M001.pdf","680720220323E001.pdf","http://www.fy-grp.com/ping_hanjin_______228/175.html","","現場影音檔 http://www.fy-grp.com/ping_hanjin_______228/175.html","查詢"
"6830","汎銓","111/07/27","14:30","台北君悅飯店3樓凱悅一區宴會&#24304;（台北市信義區松壽路2號）","依據臺灣證券交易所股份有限公司有價證券初次上市前業績發表會實施要點第三條舉辦上市前業績發表會。","683020220726M001.pdf","683020220726E001.pdf","https://www.msscorps.com/ec99/rwd1520/Category.asp?category_id=70","","無","查詢"
"6830","汎銓","111/03/16","10:00","線上法說會","公告本公司受邀參加美國銀行美林證券舉辦之「2022 APAC TMT Conference」，會中說明公司營運與財務概況。","683020220314M002.pdf","683020220314E002.pdf","","","無，完整財務業務資訊請至公開資訊觀測站之法人說明會一覽表或法說會項目下查閱。","查詢"
"6830","汎銓","111/11/30","15:15","台北晶華酒店4樓會議室(台北市中山區中山北路二段39巷3號)","本公司受邀參加台新證券舉辦之「台新2022年第四季全球投資論壇」","683020221130M001.pdf","683020221130E001.pdf","https://www.msscorps.com/ec99/rwd1520/Category.asp?category_id=70","","無","查詢"
"6834","天二科技","111/08/03","14:30","台北君悅酒店3樓凱悅廳一區（地址：台北市信義區松壽路2號）","(1)本公司依「有價證券初次上市前業績發表會實施要點規定」，於上市前辦理股票初次上市前業績發表會。
(2)本次業績發表會將由本公司經營團隊說明產業發展、財務業務狀況、未來風險、公司治理及企業社會責任、臺灣證券交易所股份有限公司董事會暨上市審議委員會要求補充揭露事項。
(3)因考量防疫措施之場地與人數限制，現場開放參加之名額有限，欲現場參與本次業績發表會之貴賓，敬請事先報名。 (4)欲現場參加者，事先報名網址：https://reurl.cc/momGqV。
(5)後續若因疫情嚴峻配合政府防疫措施，必要時將改為同一時間同步進行線上直播業績發表會。","683420220804M001.pdf","683420220804E001.pdf","https://www.everohms.com/zh-tw/conference","","無。","查詢"
"6834","天二科技","111/08/03","14:30","台北君悅酒店3樓凱悅廳一區（地址：台北市信義區松壽路2號）","(1)本公司依「有價證券初次上市前業績發表會實施要點規定」，於上市前辦理股票初次上市前業績發表會。 (2)本次業績發表會將由本公司經營團隊說明產業發展、財務業務狀況、未來風險、公司治理及企業社會責任、臺灣證券交易所股份有限公司董事會暨上市審議委員會要求補充揭露事項。 (3)因考量防疫措施之場地與人數限制，現場開放參加之名額有限，欲現場參與本次業績發表會之貴賓，敬請事先報名。 (4)欲現場參加者，事先報名網址：https://reurl.cc/momGqV。 (5)後續若因疫情嚴峻配合政府防疫措施，必要時將改為同一時間同步進行線上直播業績發表會。","內容檔案於當日會後公告於公開資訊觀測站","內容檔案於當日會後公告於公開資訊觀測站","https://www.everohms.com/zh-tw/conference","","無。","查詢"
"6835","圓裕","111/10/13","14:30","台北君悅酒店3樓凱悅二區宴會廳（台北市信義區松壽路2號）","依據臺灣證券交易所股份有限公司有價證券初次上市前業績發表會實施要點第三條舉辦上市前業績發表會。","683520221012M001.pdf","683520221012E001.pdf","https://www.cmi.com.tw/investor-relations/investor-conference/","","無","查詢"
"6838","台新藥","111/03/23","14:30","線上法人說明會 - Webex","本公司受邀參加凱基證券主辦之法說會,闡明未來經營策略及願景","683820220322M001.pdf","683820220322E001.pdf","","","活動諮詢請洽凱基證券鄭小姐 電話：02-2181-8167 E-mail：janice.cheng@kgi.com","查詢"
"6854","錼創科技-KY創","111/06/23","14:30","台北君悅酒店三樓凱悅廳一區(台北市信義區松壽路2號)","(1)本公司依「有價證券初次上市前業績發表會實施要點規定」，於上市前辦理股票初次上市前業績發表會。
(2)本次業績發表會將由本公司經營團隊說明產業發展、財務業務狀況、未來風險、公司治理及企業社會責任、臺灣證券交易所股份有限公司董事會暨上市審議委員會要求補充揭露事項。
(3)因考量防疫措施之場地與人數限制，現場採限額報名參加入場並同步線上直播提供觀看。
(4)線上觀看者，敬請於召開時間至YOUTUBE頻道搜尋【錼創-KY6854上市前業績發表會】進行線上收看，QA問題提問請MAIL至ir@playnitride.com。","685420220623M001.pdf","685420220623E001.pdf","https://www.playnitride.com/investrelation/","","無","查詢"
"6854","錼創科技-KY創","111/09/14","09:40","台北喜來登酒店 B1會議室(台北市中正區忠孝東路一段12號)","公司未來規劃及發展","685420220912M003.pdf","685420220912E003.pdf","","","無","查詢"
"6854","錼創科技-KY創","111/10/21","09:00","台北市信義區松仁路7號5樓(瑞銀證券台北辦公室)與線上會議","本公司受邀參加UBS舉辦之Taiwan Technology Day: Automotive Supply Chain","685420221019M002.pdf","685420221019E002.pdf","","","無","查詢"
"6854","錼創科技-KY創","111/11/09","09:00","台北君悅酒店","本公司受邀參加MACQUARIE所舉辦之MACQUARIE TAIWAN CORPORATE DAY","685420221107M001.pdf","685420221107E001.pdf","","","無","查詢"
"6854","錼創科技-KY創","111/09/23 至 111/09/26","08:00","電話會議","本公司受邀參加臺灣證券交易所及寬量國際共同主辦之線上法說會「12th Taiwan CEO Week」","685420220922M002.pdf","685420220922E002.pdf","","","無","查詢"
"6869","雲豹能源","111/01/18","14:30","線上法人說明會","本公司受邀參加元富證券舉辦之興櫃前線上法人說明會，說明本公司營運成果及未來展望。","686920220118M001.pdf","686920220118E001.pdf","","","無","查詢"
"6873","泓德能源","111/07/14","14:00","線上會議","本公司受邀參加永豐金證券舉辦之線上法人說明會，說明公司營運現況及未來展望。","687320220713M001.pdf","687320220713E001.pdf","","","欲參加者請洽永豐金鄒小姐(02)23823207或mail：joyce.tsou@sinopac.com","查詢"
"6873","泓德能源","111/09/06","13:30","香格里拉台北遠東國際大飯店B1F (台北市敦化南路二段201號)","說明產業狀況及本公司財務業務相關資訊。","687320220905M001.pdf","687320220905E001.pdf","https://www.hdrenewables.com/financial_conference.php","","完整財務業務資訊請至公開資訊觀測站之法人說明會一覽表或法說會項目下查閱。","查詢"
"6885","全福生技","111/06/22","14:30","台北巿南港區研究院路一段130巷99號(國家生醫園區)A215會議室","本公司受邀參加富邦證券舉辦之興櫃前法人說明會，說明本公司營運概況。(實體與線上同步進行)","688520230323M001.pdf","688520230323E001.pdf","","","相關資訊請至公開資訊觀測站之法人說明會一覽表或法說會項目下查閱。","查詢"
"6885","全福生技","111/12/07","15:10","台北晶華酒店(台北市中山區中山北路二段39巷3號)","本公司受邀參加國泰證券舉辦之「2022年第四季產業論壇」","688520221207M001.pdf","688520221207E001.pdf","","","無","查詢"
"6901","鑽石投資","111/07/21","14:30","台北市中正區忠孝東路一段12號(台北喜來登大飯店)B2福廳","本公司受邀參加華南永昌證券舉辦之興櫃前法人說明會，說明本公司營運概況。
(實體與線上同步進行)線上直播網址：https://youtu.be/KbioTpZ9XHQ","690120220721M001.pdf","690120220721E001.pdf","","","簡報資料將依規定公告於公開資訊觀測站","查詢"
"6906","現觀科","111/12/08","15:00","台北市松山區復興北路 99 號(&#29319;亞會議室六樓會議廳)","本公司受邀參加由台新證券主辦之法人說明會，說明本公司之營運概況、財務及業務相關資訊。","690620221209M001.pdf","690620221209E001.pdf","https://www.ghtinc.com/tw/investors/ir-events/","","無","查詢"
"6906","現觀科","111/10/05 至 111/10/07","10:20","線上法說會","本公司受邀參加由臺灣證券交易所及寬量國際共同主辦之線上法說會「12th Taiwan CEO Week」，說明本公司之營運概況、財務及業務相關資訊。","690620221005M001.pdf","690620221005E001.pdf","http://www.ghtinc.com/tw/investors/ir-events/","","無","查詢"
"6916","華凌","111/10/25","15:00","線上法人說明會","本公司受邀參加元大證券舉辦之興櫃前線上法人說明會，說明本公司之營運概況及展望。","691620221025M001.pdf","691620221025E001.pdf","","","無。","查詢"
"6919","康霈*","111/12/22","14:00","線上法人說明會","本公司受邀參加元大證券舉辦之興櫃前線上法人說明會，說明本公司營運概況。","691920221222M002.pdf","691920221222E002.pdf","","","無","查詢"
"6931","青松健康","111/12/22","14:30","台北市中正區忠孝西路一段6號7樓","本公司受邀參加福邦證券舉辦之興櫃前法人說明會，說明本公司之營運概況及展望。","693120221221M002.pdf","693120221221E002.pdf","","","無","查詢"
"7610","聯友金屬-創","111/09/21","14:30","台北市中正區羅斯福路二段100號11樓","說明本公司之營運概況","761020220920M001.pptx","761020220920E001.pptx","https://www.lianyoucorp.com/article.php?lang=tw&amp;tb=4&amp;cid=3","","因應新型冠狀病毒防疫措施，採實名預約製報名，與會者請全程配載口罩","查詢"
"8011","台通","111/08/12","15:00","線上法說會","第二季營運報告","801120220812M001.pptx","801120220812E001.pptx","https://www.ttcc.com.tw/",法說會影音連結資訊:http://www.zucast.com/webcast/GX3aqIit ,"無","查詢"
"8016","矽創","111/01/06","14:30","台北文創 (台北市信義區菸廠路88號)","本公司受邀參加1/6 (四)元富證券2022年1月產業論壇活動","801620211230M001.pdf","801620211230E001.pdf","https://www.sitronix.com.tw/tw/investor-relations/conference/","","無","查詢"
"8016","矽創","111/05/19","14:00","線上法說會","本公司受邀參加5/19 (四)Citi (花旗)Regional Tech論壇活動","801620220518M001.pdf","801620220518E001.pdf","https://www.sitronix.com.tw/tw/investor-relations/conference/","","無","查詢"
"8016","矽創","111/06/16","14:00","線上法說會","本公司受邀參加6/16 (四)元富 6 月台股企業日論壇活動","801620220615M001.pdf","801620220615E001.pdf","https://www.sitronix.com.tw/tw/investor-relations/conference/","","無","查詢"
"8016","矽創","111/04/13","14:30","線上法說會","本公司受邀參加4/13 (三)元富4月台股企業日論壇活動","801620220411M001.pdf","801620220411E001.pdf","https://www.sitronix.com.tw/tw/investor-relations/conference/","","無","查詢"
"8016","矽創","111/08/16","14:30","線上法說會","本公司受邀參加8/16(二)元富證�釦賳篚袛竅※�","801620220815M001.pdf","801620220815E001.pdf","https://www.sitronix.com.tw/tw/investor-relations/conference/","","無","查詢"
"8016","矽創","111/12/08","14:00","台北君悅酒店","本公司受邀參加12/8(四)統一證券2022 Q4 冬季投資論壇活動","801620221130M001.pdf","801620221130E001.pdf","https://www.sitronix.com.tw/tw/investor-relations/conference/","","無","查詢"
"8016","矽創","111/12/07","14:00","線上法說會","本公司受邀參加第一金證券12/7(三)線上座談會活動","801620221130M001.pdf","801620221130E001.pdf","https://www.sitronix.com.tw/tw/investor-relations/conference/","","無","查詢"
"8016","矽創","111/11/10","14:30","線上法說會","本公司受邀參加11/10(四)元富證�釦賳篚袛竅※�","801620221109M001.pdf","801620221109E001.pdf","https://www.sitronix.com.tw/tw/investor-relations/conference/","","無","查詢"
"8016","矽創","111/12/01 至 111/12/02","13:30","香港","本公司受邀參加 12/1-2 國泰證券舉辦香港路演(NDR)活動","801620221130M001.pdf","801620221130E001.pdf","https://www.sitronix.com.tw/tw/investor-relations/conference/","","無","查詢"
"8021","尖點","111/08/04","14:30","採視訊會議方式進行","111年第二季業績線上法人說明會","802120220804M001.pdf","802120220804E001.pdf","https://www.topoint.tw/tw/conference/",法說會影音連結資訊:http://www.topoint.tw/tw/conference/ ,"無","查詢"
"8021","尖點","111/05/05","14:30","採視訊會議方式進行","111年第一季業績線上法人說明會","802120220505M001.pdf","802120220505E001.pdf","https://www.topoint.tw/tw/conference/",法說會影音連結資訊:http://www.topoint.tw/tw/conference/ ,"無","查詢"
"8021","尖點","111/02/24","14:30","採電話會議方式進行","110年第四季業績線上法人說明會","802120220224M001.pdf","802120220224E001.pdf","https://www.topoint.tw/tw/conference/",法說會影音連結資訊:https://www.topoint.tw/tw/conference/ ,"無","查詢"
"8021","尖點","111/11/04","14:30","採視訊會議方式進行","111年第三季業績線上法人說明會","802120221104M001.pdf","802120221104E001.pdf","https://www.topoint.tw/tw/conference/",法說會影音連結資訊:https://www.topoint.tw/tw/conference/ ,"無","查詢"
"8028","昇陽半導體","111/12/07","14:00","台北市松山區東興路8號","本公司受邀參加統一證券之法人說明會","802820221207M001.pdf","802820221207E001.pdf","https://www.psi.com.tw/share_news.asp","","無","查詢"
"8033","雷虎","111/12/15","14:00","線上法說會","本公司下午2點00分召開中文線上法說會
線上加入:https://thundertiger.my.webex.com/thundertiger.my-tc/j.php?MTID=m5a36933de17c3b32009dacc5c4c2a777

會議號（存取碼）：2519 754 6845

會議密碼： 8e6H2N","803320221214M001.pdf","803320221214E001.pdf","https://www.thundertiger.com/",中文影音檔網址:8033_6_20221215_ch.mp4 ,"完整財務業務資訊請至公開資訊觀測站之法人說明會一覽表或法說會項目下查閱。","查詢"
"8039","台虹","111/12/02","14:30","線上法說會","本公司將於111/12/02受邀參加凱基證券舉辦之線上法人說明會，說明本公司111年第三季之財務營運概況。","803920221202M001.pdf","803920221202E001.pdf","http://www.taiflex.com.tw/","","無","查詢"
"8046","南電","111/01/26","14:30","線上法說會","本公司受邀參加玉山證券舉辦之線上法說會，說明本公司之營運概況","804620220125M001.pdf","804620220125E001.pdf","http://www.nanyapcb.com.tw/nypcb/chinese/InvestorRelations/Financials/FinancialReports.aspx","","無","查詢"
"8046","南電","111/03/03","14:30","康和證券台北總公司(台北市信義區基隆路一段176號地下二樓)","本公司受邀參加康和證券法人說明會，說明本公司之營運概況","804620220302M002.pdf","804620220302E002.pdf","http://www.nanyapcb.com.tw/nypcb/Chinese/InvestorRelations/Financials/FinancialReports.aspx","","無","查詢"
"8046","南電","111/08/09","14:30","線上法說會","本公司受邀參加富邦證券舉辦之線上法說會，說明本公司之營運概況","804620220808M002.pdf","804620220808E002.pdf","https://www.nanyapcb.com.tw/nypcb/chinese/InvestorRelations/Financials/FinancialReports.aspx","","無","查詢"
"8046","南電","111/09/06","10:30","線上投資論壇","本公司受邀參加永豐金證券舉辦之線上投資論壇，說明本公司之營運概況","804620220905M001.pdf","804620220905E001.pdf","https://www.nanyapcb.com.tw/nypcb/chinese/InvestorRelations/Financials/FinancialReports.aspx","","無","查詢"
"8046","南電","111/11/10","14:30","康和證券台北總公司(台北市信義區基隆路一段176號地下二樓)","本公司受邀參加康和證券法人說明會，說明本公司之營運概況","804620221109M002.pdf","804620221109E002.pdf","https://www.nanyapcb.com.tw/nypcb/chinese/InvestorRelations/Financials/FinancialReports.aspx","","無","查詢"
"8070","長華*","111/04/13","15:50","臺灣證券交易所101大樓1F 資訊展示中心","公告本公司受邀參加臺灣證券交易所舉辦之「2022年半導體暨新上市主題式業績發表會」&amp;nbsp;","807020220413M001.pdf","807020220413E001.pdf","https://www.cwei.com.tw/","","參加方式及相關資料請詳證交所首頁","查詢"
"8070","長華*","111/12/05","14:30","線上法人說明會","本公司受邀參加凱基證券股份有限公司舉辦之線上法人說明會，說明公司未來經營策略及願景。","807020221205M001.pdf","807020221205E001.pdf","https://www.cwei.com.tw/","","無","查詢"
"8072","陞泰","111/11/11","14:00","臺灣證券交易所1F資訊展示中心 (台北市信義路五段7號)","公司前三季財報及營運報告","807220221111M001.pdf","807220221111E001.pdf","",法說會影音連結資訊:https://webpro.twse.com.tw/webportal/vod/101/2182451A5070-1473F7F4-6191-11ED-8D56/?categoryId=101 ,"無","查詢"
"8081","致新","111/05/11","14:00","線上法說會","本公司受邀參加兆豐證券所舉辦之線上法說會","808120220511M001.pdf","808120220511E001.pdf","","","無","查詢"
"8081","致新","111/02/14","14:00","統一證券所舉辦之線上法人說明會","本公司受邀參加統一證券所舉辦之線上法人說明會","808120220214M001.pdf","808120220214E001.pdf","","","無","查詢"
"8081","致新","111/08/11","14:00","線上法說會","本公司受邀參加元大證券所舉辦之線上法說會","808120220811M001.pdf","808120220811E001.pdf","","","無","查詢"
"8081","致新","111/11/10","14:00","線上法說會","本公司受邀參加中信證券所舉辦之線上法說會","808120221110M001.pdf","808120221110E001.pdf","","","無","查詢"
"8101","華冠","111/12/28","15:30","福邦證券總公司(台北市忠孝西路一段6號7樓)","福邦證券舉辦之法人說明會，就本公司已公開之財務業務資訊作說明。","810120221228M001.pdf","810120221228E001.pdf","http://www.arimacomm.com.tw/","","無","查詢"
"8103","瀚荃","111/06/21","10:50","線上法說會","本公司受邀參加群益金鼎證券舉辦之線上論壇","810320220621M001.PDF","810320220621E001.pdf","https://www.cvilux-group.com/zh-cht/investors/invest","","無","查詢"
"8103","瀚荃","111/12/16","14:30","台北市復興北路99號2樓203會議室","本公司受邀參加&#29319;亞證券舉辦之法人說明會","810320221216M002.pdf","810320221216E002.pdf","https://www.cvilux-group.com/zh-cht/investors/invest","","無","查詢"
"8104","錸寶","111/06/13","14:00","線上會議(cisco webex)","應邀參加福邦證券舉辦之法人說明會，會中就公司營運狀況說明。","810420220610M001.pdf","810420220610E001.pdf","https://www.ritdisplay.com","","無","查詢"
"8104","錸寶","111/12/02","14:00","康和證券(台北市基隆路一段176號)","應邀參加康和證券舉辦之法人說明會，會中就公司營運狀況說明。","810420221201M001.pdf","810420221201E001.pdf","https://www.ritdisplay.com","","無","查詢"
"8105","凌巨","111/01/12","13:30","線上電話法說會","說明本公司之營運概況、財務及業務相關資訊","810520211220M001.pdf","810520211220E001.pdf","","","無","查詢"
"8105","凌巨","111/12/15","15:30","線上電話法說會","說明本公司之營運概況、財務及業務相關資訊","810520221215M001.pdf","810520221215E001.pdf","","","無","查詢"
"8110","華東","111/11/17","14:00","線上法人說明會","本公司111年度第三季營運成果及公司未來展望","811020221117M001.pdf","811020221117E001.pdf","https://www.walton.com.tw/modules.php?name=Walton&amp;op=interested&amp;file=ic&amp;item=investor",法說會影音連結資訊:https://www.zucast.com/webcast/mPAm3QRs?r=8TTfBIQD ,"無","查詢"
"8112","至上","111/05/09","14:30","Zoom視訊會議室","公司營運概況說明。 請各位投資先進務必於05/09中午12:00前上網完成報名。報名網址http://www.supreme.com.tw/WP/Meeting.aspx 參與者請於法說會前安裝Zoom資訊會議軟體。電腦端下載網址：http://www.zoomnow.net 手機端下載：iOS-APP Store/Android- Googe Play","811220220509M002.pdf","811220220509E002.pdf","http://www.supreme.com.tw/WP/WP0055.aspx",法說會影音連結資訊:https://youtu.be/8bvyflHJN6Y ,"無。","查詢"
"8112","至上","111/08/26","14:30","Zoom視訊會議室","公司營運概況說明。 請各位投資先進務必於08/26中午12:00前上網完成報名。報名網址http://www.supreme.com.tw/WP/Meeting.aspx 參與者請於法說會前安裝Zoom資訊會議軟體。電腦端下載網址：http://www.zoomnow.net 手機端下載：iOS-APP Store/Android- Googe Play","811220220826M001.pdf","811220220826E001.pdf","http://www.supreme.com.tw/WP/WP0055.aspx",法說會影音連結資訊:https://youtu.be/qgVqlMfmvS8 ,"無。","查詢"
"8114","振樺電","111/06/28","14:30","臺北市信義區菸廠路88號6樓","本公司受邀參加富邦證券舉辦之法人說明會，向投資人說明本公司111年第一季營運成果。","811420220628M001.pdf","811420220628E001.pdf","https://www.posiflex.com/zh-TW/monthly_revenue_and_conference_files/index","","無","查詢"
"8114","振樺電","111/03/22","14:30","臺北市信義區菸廠路88號6樓(606會議室)","本公司受邀參加富邦證券舉辦之法人說明會，向投資人說明本公司110年度營運成果。","811420220322M001.pdf","811420220322E001.pdf","https://www.posiflex.com/zh-TW/monthly_revenue_and_conference_files/index","","無","查詢"
"8114","振樺電","111/09/14","11:00","台北喜來登酒店","本公司受邀參加凱基證券舉辦之2022年第三季KGI投資論壇，向投資人說明本公司之營運概況。","811420220901M001.pdf","811420220901E001.pdf","https://www.posiflex.com/zh-TW/monthly_revenue_and_conference_files/index","","無","查詢"
"8114","振樺電","111/09/02","10:00","台北君悅酒店(台北市信義區松壽路2號)","本公司受邀參加富邦證券舉辦之2022年富邦投資論壇，向投資人說明本公司111年第二季營運成果。","811420220901M001.pdf","811420220901E001.pdf","https://www.posiflex.com/zh-TW/monthly_revenue_and_conference_files/index","","無","查詢"
"8114","振樺電","111/12/23","14:30","臺北市敦化南路一段108號B2(富邦國際會議中心)","本公司受邀參加富邦證券舉辦之法人說明會，向投資人說明本公司111年第三季營運成果。","811420221223M001.pdf","811420221223E001.pdf","https://www.posiflex.com/zh-TW/monthly_revenue_and_conference_files/index","","無","查詢"
"8131","福懋科","111/08/24","14:00","線上法說會","本公司受邀參加國票綜合證券辦理之法人說明會，說明本公司之
財務業務概況。","813120220823M001.pdf","813120220823E001.pdf","http://www.fatc.com.tw","","報名請洽國票綜合證券王小姐02-25288350 Email:vivianwang@ibfs.com.tw","查詢"
"8131","福懋科","111/12/12","14:00","線上法說會","本公司受邀參加國票綜合證券辦理之法人說明會，說明本公司之財務業務概況。","813120221212M001.pdf","813120221212E001.pdf","http://www.fatc.com.tw","","報名請洽國票綜合證券李小姐02-25288275 Email:anneli@ibfs.com.tw","查詢"
"8150","南茂","111/06/09","10:30","線上法說會","本公司應國泰證券之邀請，參加國泰證券第二季產業論壇，就已公開發布之財務數字及經營績效等相關資訊進行說明。","815020220505M001.pdf","815020220505E001.pdf","https://www.chipmos.com/chinese/news/list.aspx?MID=1","","無","查詢"
"8150","南茂","111/05/05","15:00","採電話會議方式進行","111年第一季營運成果線上法人說明會","815020220505M001.pdf","815020220505E001.pdf","https://www.chipmos.com/chinese/ir/info2.aspx",同步收看網址：:https://www.chipmos.com/chinese/ir/info2.aspx 法說會影音連結資訊:https://www.chipmos.com/chinese/ir/info2.aspx ,"無","查詢"
"8150","南茂","111/01/06 至 111/01/07","09:00","線上法說會","本公司應瑞士信貸之邀請，參加Credit Suisse 2022 Greater China Technology and Internet Conference，就已公開發布之財務數字及經營績效等相關資訊進行說明。","815020211108M001.pdf","815020211108E001.pdf","https://www.chipmos.com/chinese/news/list.aspx?MID=1","","無","查詢"
"8150","南茂","111/02/24","15:00","採電話會議方式進行","110年第四季暨全年營運成果線上法人說明會","815020220224M001.pdf","815020220224E001.pdf","https://www.chipmos.com/chinese/ir/info2.aspx",同步收看網址：:https://www.chipmos.com/chinese/ir/info2.aspx 法說會影音連結資訊:https://www.chipmos.com/chinese/ir/info2.aspx ,"無","查詢"
"8150","南茂","111/08/04","15:00","採電話會議方式進行","111年第二季營運成果線上法人說明會","815020220804M001.pdf","815020220804E001.pdf","https://www.chipmos.com/chinese/ir/info2.aspx",同步收看網址：:https://www.chipmos.com/chinese/ir/info2.aspx 法說會影音連結資訊:https://www.chipmos.com/chinese/ir/info2.aspx ,"無","查詢"
"8150","南茂","111/03/14 至 111/03/18","09:00","線上法說會","本公司應美林證券之邀請，參加2022 BAML Asia Pacific TMT Conference，就已公開發布之財務數字及經營績效等相關資訊進行說明。","815020220224M001.pdf","815020220224E001.pdf","https://www.chipmos.com/chinese/news/list.aspx?MID=1","","無","查詢"
"8150","南茂","111/05/18 至 111/05/20","09:00","線上法說會","本公司應花旗環球證券之邀請，參加2022 Citi Regional Tech Conference，就已公開發布之財務數字及經營績效等相關資訊進行說明。","815020220505M001.pdf","815020220505E001.pdf","https://www.chipmos.com/chinese/news/list.aspx?MID=1","","無","查詢"
"8150","南茂","111/09/07 至 111/09/08","10:00","線上法說會","本公司應瑞士信貸之邀請，參加瑞士信貸23rd Asian Technology Conference，就已公開發布之財務數字及經營績效等相關資訊進行說明。","815020220804M001.pdf","815020220804E001.pdf","https://www.chipmos.com/chinese/news/list.aspx?MID=1","","無","查詢"
"8150","南茂","111/11/03","15:00","採電話會議方式進行","111年第三季營運成果線上法人說明會","815020221103M001.pdf","815020221103E001.pdf","https://www.chipmos.com/chinese/ir/info2.aspx",同步收看網址：:https://www.chipmos.com/chinese/ir/info2.aspx 法說會影音連結資訊:https://www.chipmos.com/chinese/ir/info2.aspx ,"無","查詢"
"8163","達方","111/03/08","15:00","線上法說會","本公司受邀參加兆豐證券於111年3月8日舉辦之線上法人說明會，向投資人說明110年第4季營業成果及未來展望。","816320220308M001.pdf","816320220308E001.pdf","http://www.darfon.com/tw/","","本次採Cisco Webex視訊會議，報名請至 https://forms.gle/YBvAJjVeJjkMZa6t5 線上報名","查詢"
"8163","達方","111/08/04","15:00","線上法說會","本公司受邀參加兆豐證券於111年8月4日舉辦之線上法人說明會，向投資人說明111年第2季營業成果及未來展望。","816320220804M001.pdf","816320220804E001.pdf","http://www.darfon.com/tw",中文影音檔網址:8163_28_20220804_ch.mp4 ,"本次採Cisco Webex視訊會議，報名請至https://forms.gle/f71YtXtvBHe2pv8C8線上報名","查詢"
"8163","達方","111/05/03","15:00","線上法說會","本公司受邀參加兆豐證券於111年5月3日舉辦之線上法人說明會，向投資人說明111年第1季營業成果及未來展望。","816320220503M001.pdf","816320220503E001.pdf","http://www.darfon.com/tw","","本次採Cisco Webex視訊會議，報名請至https://forms.gle/pWfe46RDjddWKqEq5線上報名","查詢"
"8163","達方","111/04/11 至 111/04/13","15:50","線上法說會","本公司受邀參加由臺灣證券交易所及寬量國際共同主辦之線上法說會「11th Taiwan CEO Week on Air」，說明本公司之營運概況、財務及業務相關資訊","816320220308M001.pdf","816320220308E001.pdf","www.darfon.com.tw","","完整財務業務資訊請至公開資訊觀測站之法人說明會一覽表或法說會項目下查閱。","查詢"
"8163","達方","111/11/03","15:00","線上法說會","本公司受邀參加兆豐證券於111年11月3日舉辦之線上法人說明會，向投資人說明111年第3季營業成果及未來展望。","816320221103M001.pdf","816320221103E001.pdf","http://www.darfon.com/tw",中文影音檔網址:8163_30_20221103_ch.mp4 ,"本次採Cisco Webex視訊會議，報名請至https://forms.gle/N1cWvpD6YmeArB6y8線上報名","查詢"
"8163","達方","111/09/27 至 111/09/28","13:30","線上法說會","本公司受邀參加由臺灣證券交易所及寬量國際共同主辦之線上法說會「12th QIC Taiwan CEO Week」，說明本公司之營運概況、財務及業務相關資訊","816320220927M001.pdf","816320220927E001.pdf","www.darfon.com.tw","","完整財務業務資訊請至公開資訊觀測站之法人說明會一覽表或法說會項目下查閱。","查詢"
"8201","無敵","111/09/16","16:00","臺灣證券交易所1樓資訊展示中心(台北市信義區信義路五段7號)","公司簡介及營運狀況說明","820120220916M001.pdf","820120220916E001.pdf","https://www.besta.com.tw/zh-tw/FinancialPage/Legal",同步收看網址：:https://webpro.twse.com.tw/WebPortal/vod/101/D1D9B0116FDD-CA082E85-359B-11ED-8912/?categoryId=101 法說會影音連結資訊:https://webpro.twse.com.tw/WebPortal/vod/101/D1D9B0116FDD-CA082E85-359B-11ED-8912/?categoryId=101 ,"15時30分報到，16時00分開始","查詢"
"8210","勤誠","111/08/15","14:00","線上法說會","1.本公司受邀參加元大證券主辦之線上法說會進行
  2022年第二季營運概況說明。
2.本會議全程以中文進行。
3.會議網址:http://www.zucast.com/webcast/YsYyGSYn","821020220812M001.pdf","821020220812E001.pdf","http://www.chenbro.com","","無","查詢"
"8210","勤誠","111/06/15","14:30","線上法說會","本公司受邀參加元富證券主辦之線上法說會","821020220615M001.pdf","821020220615E001.pdf","http://www.chenbro.com","","無","查詢"
"8210","勤誠","111/03/22 至 111/03/23","15:00","線上法說會","本公司受邀參加美銀證券舉辦之「2022 APAC TMT Conference」","821020220321M003.pdf","821020220321E003.pdf","http://www.chenbro.com","","無","查詢"
"8210","勤誠","111/05/16","14:00","線上法說會","1.本公司受邀參加元大證券主辦之線上法說會-2022年第一季營運概況說明。
2.會議網址: http://www.zucast.com/webcast/mnLFLkG2","821020220516M001.pdf","821020220516E001.pdf","http://www.chenbro.com","","無","查詢"
"8210","勤誠","111/03/21","14:00","線上法說會","1.本公司受邀參加元大證券主辦之線上法說會-2021年第四季營運概況說明。
2.會議網址:https://www.zucast.com/event/1dqgtXg1","821020220321M001.pdf","821020220321E001.pdf","http://www.chenbro.com","","無","查詢"
"8210","勤誠","111/05/19","14:30","線上法說會","本公司受邀參加德信證券主辦之線上法說會","821020220516M003.pdf","821020220516E003.pdf","http://www.chenbro.com","","無","查詢"
"8210","勤誠","111/04/11 至 111/04/13","14:40","線上法說會","本公司受邀參加臺灣證券交易所及寬量國際共同主辦之線上法說會「11th Taiwan CEO Week」","821020220411M001.pdf","821020220411E001.pdf","www.chenbro.com","","無","查詢"
"8210","勤誠","111/07/13","14:30","線上法說會","本公司受邀參加元富證券主辦之線上法說會","821020220712M001.pdf","821020220712E001.pdf","www.chenbro.com","","無。","查詢"
"8210","勤誠","111/09/27 至 111/09/28","13:30","線上法說會","本公司受邀參加由臺灣證券交易所及寬量國際共同主辦之線上法說會「12th Taiwan CEO Week」，說明本公司之營運概況、財務及業務相關資訊。","821020220926M001.pdf","821020220926E001.pdf","htts://www.chenbro.com/","","無","查詢"
"8210","勤誠","111/12/07","11:00","線上法說會","本公司受邀參加第一金證券舉辦之線上投資論壇","821020221206M001.pdf","821020221206E001.pdf","https://www.chenbro.com/","","無","查詢"
"8210","勤誠","111/09/07","09:50","線上法說會","本公司受邀參加瑞士信貸證券舉辦之「 23rd Credit Suisse Asian Technology Conference」","821020220906M001.pdf","821020220906E001.pdf","http://www.chenbro.com.tw/","","無","查詢"
"8210","勤誠","111/09/15","14:00","美福大飯店","本公司受邀參加統一證券舉辦之「 2022Q3全球展望秋季投資論壇」","821020220915M001.pdf","821020220915E001.pdf","http://www.chenbro.com","","無","查詢"
"8210","勤誠","111/11/14","14:00","線上法說會","1)受邀參加元大證券主辦之線上法說會進行2022年第三季營運概況說明
2)本會議全程以中文進行
3)會議網址: http://www.zucast.com/webcast/xkT9R79s","821020221114M001.pdf","821020221114E001.pdf","htts://www.chenbro.com/","","無","查詢"
"8213","志超","111/11/09","15:00","福邦證券總公司(台北市忠孝西路一段6號14樓)","本公司受邀參加福邦證券舉辦之法人說明會，說明公司營運現況及所屬產業概況及展望。","821320221109M001.pdf","821320221109E001.pdf","http://www.tpt-pcb.com.tw/seminar.htm","","無。","查詢"
"8215","明基材","111/03/09","14:20","線上法說會","本公司受邀參加兆豐證券舉辦之線上法說會，將於會中就已公開之財務及業務等相關資訊做說明。","821520220309M001.pdf","821520220309E001.pdf","http://www.benqmaterials.com","","當天14:00開放登入，報名連結：https://forms.gle/zztebNvBkKpwFadC7","查詢"
"8215","明基材","111/05/05","14:30","線上法說會","受邀參加
本公司受邀參加兆豐證券舉辦之線上法說會，將於會中就已公開之財務及業務等相關資訊做說明。","821520220505M002.pdf","821520220505E002.pdf","http://www.benqmaterials.com","","當天14:10開放登入，報名連結：https://forms.gle/Z7AkQurkDsrJN1Za8","查詢"
"8215","明基材","111/08/05","14:30","線上法說會","本公司受邀參加兆豐證券舉辦之線上法說會，將於會中就已公開之財務及業務等相關資訊做說明。","821520220805M001.pdf","821520220805E001.pdf","http://www.benqmaterials.com","","當天14:10開放登入，報名連結：https://forms.gle/etYMqDKr9qAcoA3dA","查詢"
"8215","明基材","111/09/29 至 111/09/30","15:50","線上法說會","本公司受邀參加由臺灣證券交易所及寬量國際共同主辦之線上法說會「12th Taiwan CEO Week」，說明本公司之營運概況、財務及業務相關資訊。","821520220930M001.pdf","821520220930E001.pdf","http://www.benqmaterials.com","","完整財務業務資訊請至公開資訊觀測站之法人說明會一覽表或法說會項目下查閱。","查詢"
"8215","明基材","111/11/02","14:30","兆豐證券(台北市忠孝東路二段95號13樓)","本公司應兆豐證券之邀請，於該公司舉辦法人座談會，將於會中就已公開之2022年第三季財務及業務等相關資訊做說明。","821520221102M001.pdf","821520221102E001.pdf","https://www.benqmaterials.com.tw/","","報名連結：https://forms.gle/huccAb1W1t6ejdMX8。","查詢"
"8222","寶一","111/09/15","14:00","報名請與第一金證券王經理sheryl.wang@firstsec.com.tw 聯繫","寶一公司受邀參加「第一金證券2022年9月線上投資座談會」，說明本公司營運概況。","822220220912M001.pdf","822220220912E001.pdf","","","會議簡報依規定揭露於「公開資訊觀測站」。","查詢"
"8249","菱光","111/12/08","14:00","線上法人說明會","本公司受邀參加元大證券線上舉辦之法人說明會，報告本公司營運狀況。","824920221205M001.pdf","824920221205E001.pdf","","","無","查詢"
"8249","菱光","111/09/07","14:00","線上法人說明會","本公司受邀參加康和證券線上舉辦之法人說明會，報告本公司營運狀況。","824920220907M001.pdf","824920220907E001.pdf","","","完整財務業務資訊請至公開資訊觀測站之法人說明會一覽表或法說會項目下查閱。","查詢"
"8261","富鼎","111/07/29","16:00","臺灣證券交易所101大樓1F資訊展示中心（台北市信義路五段7號1樓）","本公司受邀參加台灣證券交易所舉辦之2022年科技大未來主題式業績發表會，說明本公司營運概況","826120220729M001.pptx","826120220729E001.pptx","",法說會影音連結資訊:https://webpro.twse.com.tw/webportal/vod/101/?categoryId=101 ,"無","查詢"
"8261","富鼎","111/11/09","14:00","線上法說會","本公司受邀參加元大證券舉辦之線上法說會，本公司營運狀況報告。","826120221109M001.pdf","826120221109E001.pdf","","","無","查詢"
"8271","宇瞻","111/07/29","14:30","台北市信義區信義路5段7號(101大樓)證交所1樓資訊展示中心","本公司受邀參加台灣證券交易所舉辦之科技大未來 主題式業績發表會，並就本公司營運狀況做一說明。","827120220728M001.pdf","827120220728E001.pdf","https://www.apacer.com/zh/Investor/Announcement",法說會影音連結資訊:https://webpro.twse.com.tw/WebPortal/vod/101/3BCBA1657440-0A0D23F7-0F10-11ED-AB60/?categoryId=101 ,"無","查詢"
"8271","宇瞻","111/02/25","14:30","臺灣證券交易所1樓資訊展示中心
(台北市信義區信義路五段7號101大樓1樓)","民國110年經營績效與產業概況說明","827120220224M001.pdf","827120220224E001.pdf","https://www.apacer.com/zh/Investor/Announcement",同步收看網址：:https://webpro.twse.com.tw/webportal/vod/101/?categoryId=101 法說會影音連結資訊:https://www.youtube.com/watch?v=BQ9z9vua0ZY ,"無。","查詢"
"8341","日友","111/08/11","14:00","線上法說會","本公司受邀參加日盛證券舉辦之法人說明會，說明本公司近期之營運成果與未來展望。","834120220811M001.pdf","834120220811E001.pdf","https://www.sunnyfriend.com.tw/AboutSF/IIC","","無","查詢"
"8367","建新國際","111/08/03","14:30","線上法說會","公告本公司受邀參加凱基證券舉辦之線上法人說明會。","836720220801M001.pdf","836720220801E001.pdf","https://www.chienshing.com.tw/investment04","","無","查詢"
"8367","建新國際","111/12/27","14:30","線上法說會","公告本公司受邀參加凱基證券舉辦之線上法人說明會。","836720221223M001.pdf","836720221223E001.pdf","https://www.chienshing.com.tw/investment04","","無","查詢"
"8374","羅昇","111/05/20","14:00","線上法人說明會","本公司2022年第一季之財務結果及業務概況","837420220520M001.pdf","837420220520E001.pdf","https://www.acepillar.com.tw/user_info.php",中文影音檔網址:8374_6_20220520_ch.mp4 ,"無","查詢"
"8404","百和興業-KY","111/04/14","14:00","線上聯合法人說明會","本公司受邀參加富邦證券舉辦之線上聯合法人說明會，說明本公司營運成果及未來展望。","840420220414M001.pdf","840420220414E001.pdf","http://www.kypaiho.com","","相關訊息請洽富邦證券法人部 E-mail: tingju.yeh@fubon.com","查詢"
"8404","百和興業-KY","111/10/14","14:00","線上聯合法人說明會","本公司受邀參加元富證券舉辦之線上聯合法人說明會，說明本公司營運成果及未來展望。","840420221014M001.pdf","840420221014E001.pdf","http://www.kypaiho.com","","無","查詢"
"8411","福貞-KY","111/05/17","15:30","線上法人說明會","本公司受邀參加台灣證交所線上法說會。","841120220517M001.pdf","841120220517E001.pdf","www.kingcanholdings.com","","無","查詢"
"8411","福貞-KY","111/11/17","14:30","台北市重慶南路一段2號17樓1701會議室","公司簡介財務、業務及相關發展資訊作說明。","841120221117M001.pdf","841120221117E001.pdf","www.kingcanholdings.com","","無","查詢"
"8422","可寧衛*","111/07/26","14:00","線上會議-Webex","本公司營運及財務業務狀況說明","842220220725M001.pdf","842220220725E001.pdf","http://www.cleanaway.tw","","本公司受邀參加第一金證券線上法人說明會","查詢"
"8422","可寧衛*","111/03/08","14:00","線上法說會-Webex","本公司營運及財務業務狀況說明","842220220303M001.pdf","842220220303E001.pdf","http://www.cleanaway.tw","","本公司受邀參加統一證券線上法說","查詢"
"8422","可寧衛*","111/05/25","14:50","台北市信義區信義路5段7號 (101大樓1樓資訊展示中心)","本公司營運及財務業務狀況說明","842220220523M001.pdf","842220220523E001.pdf","http://www.cleanaway.tw","","受邀參加證交所舉辦之2022年「基礎建設」主題式業績發表會","查詢"
"8422","可寧衛*","111/12/07","14:00","線上會議-Webex","本公司營運及財務業務狀況說明","842220221206M001.pdf","842220221206E001.pdf","http://www.cleanaway.tw","","本公司受邀參加統一證券線上法人說明會","查詢"
"8429","金麗-KY","111/12/07","16:10","臺灣證券交易所1樓資訊展示中心(台北市信義路5段7號101大樓1樓)","受邀參加臺灣證券交易所舉辦之財務業務說明會,就本公司財務及業務狀況做說明。","842920221207M001.pdf","842920221207E001.pdf","","","無","查詢"
"8438","昶昕","111/02/09","14:30","台北君悅酒店-凱悅廳一區
（台北市信義區松壽路2號3樓）","(1)本公司依「有價證券初次上市前業績發表會實施要點」規定，辦理股票初次上市前業績發表會。 
(2)本次業績發表會將由本公司經營團隊說明公司產業發展、財務業務狀況、營運風險及未來展望。 
(3)因考量防疫措施之場地與人數限制，現場開放參加之名額有限，欲現場參與本次業績發表會之貴賓，敬請事先報名，若無法成功報名者，可於線上觀看同步直播。 
(4)欲現場參加者，事先報名網址: https://forms.gle/rQWiM4kFzh52VW7P6
(5)線上觀看者，敬請於召開時間至YOUTUBE-搜尋【昶昕實業(8438)上市前業績發表會】即可觀看，線上若有需要詢提問問題請MAIL至8438@persee.com.tw","843820220125M001.pdf","843820220125E001.pdf","https://www.persee.com.tw/法人說明會/","","因應防疫要求，與會者須全程配戴口罩並遵守防疫相關規定。","查詢"
"8438","昶昕","111/12/14","14:30","台証金融大樓（福爾摩沙會議室）
地址：台北市建國北路一段96號B1","本公司受台新證券邀請，參加其舉辦之法人說明會，報告公司簡介與營運現況。","843820221214M001.pdf","843820221214E001.pdf","https://www.persee.com.tw/法人說明會-1","","無。","查詢"
"8442","威宏-KY","111/12/06","14:30","線上法說會","本公司受邀參加群益金鼎證券舉辦之線上法人說明會，說明本公司之營運概況。","844220221206M001.pdf","844220221206E001.pdf","http://www.ww-holding.com.tw/shareholder.php","","無","查詢"
"8442","威宏-KY","111/08/24","14:00","線上法說會","本公司受邀參加永豐金證券舉辦之線上法人說明會，說明本公司之營運概況。","844220220824M001.pdf","844220220824E001.pdf","http://www.ww-holding.com.tw/shareholder.php","","無","查詢"
"8443","阿瘦","111/11/09","14:00","線上法說會","公司營運概況說明; 本次採Microsoft Teams會議,欲報名者請將: 1.法人機構名稱 2.參加者姓名 3.Email信箱, 寄至本公司投資人信箱:ir@mail.aso.com.tw","844320221109M001.pdf","844320221109E001.pdf","http://www.asogroup.com.tw/invest_info4.aspx",法說會影音連結資訊:https://asotw.co/0nwss ,"本次採Microsoft Teams會議,報名請將相關資訊寄到ir@mail.aso.com.tw","查詢"
"8454","富邦媒","111/01/07","14:30","台北市信義區菸廠路88號-台北文創","本公司受邀參加元富證券與台灣證交所舉辦之智慧台灣2022，說明本公司未來營運發展計劃及110年第三季法說會簡報與其他已公開發佈之財務數字、經營績效等相關資訊。","845420211230M002.pdf","845420211230E002.pdf","http://www.fmt.com.tw/","","無","查詢"
"8454","富邦媒","111/06/08 至 111/06/09","16:00","線上會議","本公司受邀參加J.P. Morgan舉辦之Asia Internet Forum 2022，說明本公司未來營運發展計劃及111年第一季法說會簡報與其他已公開發佈之財務數字、經營績效等相關資訊。","845420220601M001.pdf","845420220601E001.pdf","https://corp.momo.com.tw/","","無","查詢"
"8454","富邦媒","111/06/20 至 111/06/21","09:00","線上會議","本公司受邀參加UBS舉辦之Taiwan Virtual Conference 2022，說明本公司未來營運發展計劃及111年第一季法說會簡報與其他已公開發佈之財務數字、經營績效等相關資訊。","845420220601M001.pdf","845420220601E001.pdf","https://corp.momo.com.tw/","","無","查詢"
"8454","富邦媒","111/06/24","15:00","線上會議","本公司受邀參加國泰證券舉辦之Jun. 2022 Cathay Securities Online Symposium，說明本公司未來營運發展計劃及111年第一季法說會簡報與其他已公開發佈之財務數字、經營績效等相關資訊。","845420220601M001.pdf","845420220601E001.pdf","https://corp.momo.com.tw/","","無","查詢"
"8454","富邦媒","111/02/21 至 111/02/22","10:00","線上會議","本公司受邀參加 J.P. Morgan舉辦之Taiwan CEO-CFO Conference 2022，說明本公司未來營運發展計劃及110年第四季法說會簡報與其他已公開發佈之財務數字、經營績效等相關資訊。","845420220216M002.pdf","845420220216E002.pdf","https://corp.momo.com.tw/","","無","查詢"
"8454","富邦媒","111/07/28","10:00","線上會議","本公司受邀參加Credit Suisse舉辦之111年第二季營運報告英文法人說明會，說明本公司未來營運發展計劃及111年第二季法說會簡報與其他已公開發佈之財務數字、經營績效等相關資訊。","845420220727M001.pdf","845420220727E001.pdf","https://corp.momo.com.tw/","","無","查詢"
"8454","富邦媒","111/02/17","10:00","線上會議","本公司受邀參加UBS舉辦之法人說明會，說明本公司未來營運發展計劃及110年第四季法說會簡報與其他已公開發佈之財務數字、經營績效等相關資訊。","845420220216M001.pdf","845420220216E001.pdf","https://corp.momo.com.tw/","","無","查詢"
"8454","富邦媒","111/02/17","14:30","線上會議","本公司受邀參加國泰證券舉辦之法人說明會，說明本公司未來營運發展計劃及110年第四季法說會簡報與其他已公開發佈之財務數字、經營績效等相關資訊。","845420220216M002.pdf","845420220216E002.pdf","https://corp.momo.com.tw/","","無","查詢"
"8454","富邦媒","111/04/28","10:00","線上會議","本公司受邀參加Credit Suissse舉辦之111年第一季營運報告英文法人說明會，說明本公司未來營運發展計劃及111年第一季法說會簡報與其他已公開發佈之財務數字、經營績效等相關資訊。","845420220427M005.pdf","845420220427E005.pdf","https://corp.momo.com.tw/","","無","查詢"
"8454","富邦媒","111/04/28","14:30","線上會議","本公司受邀參加國泰證券舉辦之111年第一季營運報告中文法人說明會，說明本公司未來營運發展計劃及111年第一季法說會簡報與其他已公開發佈之財務數字、經營績效等相關資訊。","845420220427M004.pdf","845420220427E004.pdf","https://corp.momo.com.tw/","","無","查詢"
"8454","富邦媒","111/06/09","09:00","線上會議","本公司受邀參加Daiwa舉辦之Investment Conference US 2022 (Virtual)，說明本公司未來營運發展計劃及111年第一季法說會簡報與其他已公開發佈之財務數字、經營績效等相關資訊。","845420220601M001.pdf","845420220601E001.pdf","https://corp.momo.com.tw/","","無","查詢"
"8454","富邦媒","111/06/10","14:00","線上會議","本公司受邀參加Citi舉辦之Pan-Asia Regional Investor Conference 2022，說明本公司未來營運發展計劃及111年第一季法說會簡報與其他已公開發佈之財務數字、經營績效等相關資訊。","845420220601M001.pdf","845420220601E001.pdf","https://corp.momo.com.tw/","","無","查詢"
"8454","富邦媒","111/01/06 至 111/01/07","09:00","線上會議","本公司受邀參加Credit Suisse舉辦之 2022 Greater China Technology and Internet Conference，說明本公司未來營運發展計劃及110年第三季法說會簡報與其他已公開發佈之財務數字、經營績效等相關資訊。","845420211230M003.pdf","845420211230E003.pdf","http://www.fmt.com.tw/","","無","查詢"
"8454","富邦媒","111/01/04","09:45","線上會議","本公司受邀參加元富證券與台灣證交所舉辦之智慧台灣2022，說明本公司未來營運發展計劃及110年第三季法說會簡報與其他已公開發佈之財務數字、經營績效等相關資訊。","845420211230M001.pdf","845420211230E001.pdf","http://www.fmt.com.tw/","","無","查詢"
"8454","富邦媒","111/03/21 至 111/03/30","09:00","線上會議","本公司受邀參加25th Credit Suisse亞洲投資論壇，說明本公司未來營運發展計劃及110年第四季法說會簡報與其他已公開發佈之財務數字、經營績效等相關資訊。","845420220302M001.pdf","845420220302E001.pdf","https://corp.momo.com.tw/","","無","查詢"
"8454","富邦媒","111/03/22 至 111/03/24","09:00","線上會議","本公司受邀參加Morgan Stanley Virtual Hong Kong Summit 2022，說明本公司未來營運發展計劃及110年第四季法說會簡報與其他已公開發佈之財務數字、經營績效等相關資訊。","845420220302M001.pdf","845420220302E001.pdf","https://corp.momo.com.tw/","","無","查詢"
"8454","富邦媒","111/03/09 至 111/03/10","09:00","線上會議","本公司受邀參加Citi舉辦之 Taiwan Corporate Day 2022，說明本公司未來營運發展計劃及110年第四季法說會簡報與其他已公開發佈之財務數字、經營績效等相關資訊。","845420220302M001.pdf","845420220302E001.pdf","https://corp.momo.com.tw/","","無","查詢"
"8454","富邦媒","111/05/23 至 111/05/27","09:00","線上會議","本公司受邀參加Goldman Sachs舉辦之TechNet Conference Asia Pacific 2022，說明本公司未來營運發展計劃及111年第一季法說會簡報與其他已公開發佈之財務數字、經營績效等相關資訊。","845420220506M001.pdf","845420220506E001.pdf","https://corp.momo.com.tw/","","無","查詢"
"8454","富邦媒","111/05/24","16:30","線上會議","本公司受邀參加永豐金證券及臺灣證交所共同主辦之Taiwan Corporate Day 2022，說明本公司未來營運發展計劃及111年第一季法說會簡報與其他已公開發佈之財務數字、經營績效等相關資訊。","845420220506M001.pdf","845420220506E001.pdf","https://corp.momo.com.tw/","","無","查詢"
"8454","富邦媒","111/05/24 至 111/05/27","09:00","線上會議","本公司受邀參加Daiwa舉辦之Investment Conference US 2022 (Virtual)，說明本公司未來營運發展計劃及111年第一季法說會簡報與其他已公開發佈之財務數字、經營績效等相關資訊。","845420220506M001.pdf","845420220506E001.pdf","https://corp.momo.com.tw/","","無","查詢"
"8454","富邦媒","111/04/06 至 111/04/08","09:00","線上會議","本公司受邀參加臺灣證券交易所及高盛證券共同主辦之Taiwan Virtual Corporate Day，說明本公司未來營運發展計劃及110年第四季法說會簡報與其他已公開發佈之財務數字、經營績效等相關資訊。","845420220330M001.pdf","845420220330E001.pdf","https://corp.momo.com.tw/","","無","查詢"
"8454","富邦媒","111/04/11 至 111/04/22","09:00","線上會議","本公司受邀參加臺灣證券交易所及寬量國際共同主辦之11th Taiwan CEO Week，說明本公司未來營運發展計劃及110年第四季法說會簡報與其他已公開發佈之財務數字、經營績效等相關資訊。","845420220330M001.pdf","845420220330E001.pdf","https://corp.momo.com.tw/","","無","查詢"
"8454","富邦媒","111/08/22","09:00","線上會議","本公司受邀參加Daiwa舉辦之Daiwa Tech Conference 2022，說明本公司未來營運發展計劃及111年第二季法說會簡報與其他已公開發佈之財務數字、經營績效等相關資訊。","845420220817M002.pdf","845420220817E002.pdf","https://corp.momo.com.tw/","","無","查詢"
"8454","富邦媒","111/03/15 至 111/03/17","09:00","線上會議","本公司受邀參加CLSA舉辦之Taiwan Access Day，說明本公司未來營運發展計劃及110年第四季法說會簡報與其他已公開發佈之財務數字、經營績效等相關資訊。","845420220302M001.pdf","845420220302E001.pdf","https://corp.momo.com.tw/","","無","查詢"
"8454","富邦媒","111/03/17","09:00","線上會議","本公司受邀參加統一證券2022Q1春季投資論壇，說明本公司未來營運發展計劃及110年第四季法說會簡報與其他已公開發佈之財務數字、經營績效等相關資訊。","845420220302M001.pdf","845420220302E001.pdf","https://corp.momo.com.tw/","","無","查詢"
"8454","富邦媒","111/09/01","09:00","線上會議","本公司受邀參加Morgan Stanley舉辦之Virtual Asia TMT Conference，說明本公司未來營運發展計劃及111年第二季法說會簡報與其他已公開發佈之財務數字、經營績效等相關資訊。","845420220817M003.pdf","845420220817E003.pdf","https://corp.momo.com.tw/","","無","查詢"
"8454","富邦媒","111/12/02","14:00","線上會議","本公司受邀參加Citi舉辦之Citi Taiwan Corporate Day，說明本公司未來營運發展計劃及111年第三季法說會簡報與其他已公開發佈之財務數字、經營績效等相關資訊。","845420221125M001.pdf","845420221125E001.pdf","https://corp.momo.com.tw/","","無","查詢"
"8454","富邦媒","111/11/08","10:00","香格里拉台北遠東國際大飯店(台北市大安區敦化南路二段201號)","本公司受邀參加Goldman Sachs舉辦之Goldman Sachs Taiwan Corporate Day，說明本公司未來營運發展計劃及111年第三季法說會簡報與其他已公開發佈之財務數字、經營績效等相關資訊。","845420221101M002.pdf","845420221101E002.pdf","https://corp.momo.com.tw/","","無","查詢"
"8454","富邦媒","111/11/10 至 111/11/11","10:00","線上會議","本公司受邀參加J.P. Morgan舉辦之J.P. Morgan&#039;s 10th Global TMT Conference in Asia，說明本公司未來營運發展計劃及111年第三季法說會簡報與其他已公開發佈之財務數字、經營績效等相關資訊。","845420221101M002.pdf","845420221101E002.pdf","https://corp.momo.com.tw/","","無","查詢"
"8454","富邦媒","111/11/16 至 111/11/18","09:30","新加坡","本公司受邀參加Morgan Stanley舉辦之Morgan Stanley&#039;s 21st Annual Asia Pacific Summit，說明本公司未來營運發展計劃及111年第三季法說會簡報與其他已公開發佈之財務數字、經營績效等相關資訊。","845420221109M001.pdf","845420221109E001.pdf","https://corp.momo.com.tw/","","無","查詢"
"8454","富邦媒","111/09/13 至 111/09/16","09:00","線上會議","本公司受邀參加證交所、台灣董事學會暨安擘諮詢共同舉辦之2022線上數位引資論壇，說明本公司未來營運發展計劃及111年第二季法說會簡報與其他已公開發佈之財務數字、經營績效等相關資訊。","845420220817M003.pdf","845420220817E003.pdf","https://corp.momo.com.tw/","","無","查詢"
"8454","富邦媒","111/11/23","14:00","香格里拉台北遠東國際大飯店 (台北市大安區敦化南路二段201號)","本公司受邀參加CLSA舉辦之CLSA Taiwan Market Mover 2023 Access Day，說明本公司未來營運發展計劃及111年第三季法說會簡報與其他已公開發佈之財務數字、經營績效等相關資訊。","845420221109M001.pdf","845420221109E001.pdf","https://corp.momo.com.tw/","","無","查詢"
"8454","富邦媒","111/12/13","10:00","台北晶華酒店4樓(台北市中山北路二段39巷3號)","本公司受邀參加永豐金證券舉辦之2022年第四季產業投資論壇，說明本公司未來營運發展計劃及111年第三季法說會簡報與其他已公開發佈之財務數字、經營績效等相關資訊。","845420221125M001.pdf","845420221125E001.pdf","https://corp.momo.com.tw/","","無","查詢"
"8454","富邦媒","111/10/06","09:00","線上會議","本公司受邀參加J.P. Morgan舉辦之線上路演(Virtual NDR)，說明本公司未來營運發展計劃及111年第二季法說會簡報與其他已公開發佈之財務數字、經營績效等相關資訊。","845420220920M001.pdf","845420220920E001.pdf","https://corp.momo.com.tw/","","無","查詢"
"8454","富邦媒","111/10/27","14:30","線上會議","本公司將舉辦111年第三季營運報告英文法人說明會，說明本公司未來營運發展計劃及111年第三季法說會簡報與其他已公開發佈之財務數字、經營績效等相關資訊。","845420221026M001.pdf","845420221026E001.pdf","https://corp.momo.com.tw/",法說會影音連結資訊:https://corp.momo.com.tw/investor/investorActivity ,"無","查詢"
"8462","柏文","111/03/24","14:30","Webex線上法人說明會","本公司受邀參加第一金證券股份有限公司舉辦之2021年第4季線上法說會","846220220323M001.pdf","846220220323E001.pdf","https://www.powerwindhealth.com.tw/list/cate-25241.htm","","報名事宜請洽第一金證券法人業務部https://zh.surveymonkey.com/r/YXLDF66","查詢"
"8462","柏文","111/11/23","14:50","台北市信義區信義路5段7號1樓(臺灣證券交易所資訊展示中心)","本公司受邀參加臺灣證券交易所2022年「休閒及運動」主題式業績發表會","846220221122M002.pdf","846220221122E002.pdf","https://www.powerwindhealth.com.tw/list/cate-25241.htm",同步收看網址：:https://webpro.twse.com.tw/webportal/?liveChannelId=1 法說會影音連結資訊:https://webpro.twse.com.tw/webportal/vod/101/2182451A5070-F8322E02-6B05-11ED-8D56/?categoryId=101 ,"同步收看網址：https://webpro.twse.com.tw/webportal/?liveChannelId=1","查詢"
"8462","柏文","111/10/13","14:30","Webex線上法人說明會","本公司受邀參加兆豐證券股份有限公司舉辦之2022年第三季線上法人說明會","846220221012M001.pdf","846220221012E001.pdf","https://www.powerwindhealth.com.tw/list/cate-25241.htm",中文影音檔網址:8462_14_20221013_ch.mp4 ,"報名相關事宜請洽兆豐證券法人部 https://forms.gle/Sg74gvGkJ32noVGHA","查詢"
"8463","潤泰材","111/12/27","16:00","臺灣證券交易所1樓資訊展示中心(台北市信義路五段7號1樓)","本公司營運概況說明","846320221227M002.pdf","846320221227E002.pdf","http://www.rtm.com.tw/chinese/ir/financial-information-3.php",同步收看網址：:https://webpro.twse.com.tw/WebPortal/vod/101/ 法說會影音連結資訊:https://webpro.twse.com.tw/webportal/vod/101/C19816874A91-DB13E5B4-85C1-11ED-BAC1/?categoryId=101 ,"無","查詢"
"8464","億豐","111/05/27","10:00","線上會議","本公司受邀參加大和國泰證券舉辦的線上論壇。","846420220524M001.pdf","846420220524E001.pdf","http://www.nienmade.com.tw/ShareholderArea.aspx","","無","查詢"
"8464","億豐","111/03/30","09:00","線上會議","本公司受邀參加瑞信證券舉辦的線上論壇","846420220323M001.pdf","846420220323E001.pdf","http://www.nienmade.com.tw/ShareholderArea.aspx","","無","查詢"
"8464","億豐","111/04/12","09:10","線上會議","本公司受邀參加台灣證交所與寬量國際舉辦的線上論壇","846420220323M001.pdf","846420220323E001.pdf","http://www.nienmade.com.tw/ShareholderArea.aspx","","無","查詢"
"8464","億豐","111/08/09","10:00","線上會議","本公司受邀參加瑞信證券舉辦的線上論壇。","846420220524M001.pdf","846420220524E001.pdf","http://www.nienmade.com.tw/ShareholderArea.aspx","","無","查詢"
"8464","億豐","111/03/25","09:00","線上會議","本公司受邀參加美林證券舉辦的線上論壇","846420220323M001.pdf","846420220323E001.pdf","http://www.nienmade.com.tw/ShareholderArea.aspx","","無","查詢"
"8464","億豐","111/04/07","09:00","線上會議","本公司受邀參加台灣證交所與高盛證券舉辦的線上論壇","846420220323M001.pdf","846420220323E001.pdf","http://www.nienmade.com.tw/ShareholderArea.aspx","","無","查詢"
"8464","億豐","111/09/23","10:20","線上會議","本公司受邀參加台灣證交所與寬量國際舉辦的線上論壇","846420220922M001.pdf","846420220922E001.pdf","http://www.nienmade.com.tw/ShareholderArea.aspx","","無","查詢"
"8466","美吉吉-KY","111/12/22","14:00","線上法人說明會","本公司受邀參加中信證券舉辦之線上法人說明會","846620221221M001.pdf","846620221221E001.pdf","","","無。","查詢"
"8467","波力-KY","111/09/07","15:30","線上法說會","本公司受邀參加臺灣證券交易所所舉辦之線上財務業務說明會，就本公司已公開發布之財務數字、經營績效等相關資訊做說明。","846720220906M001.pdf","846720220906E001.pdf","http://www.bonnyworldwide.com/tw/investment/index.aspx?kind=13",法說會影音連結資訊:未輸 ,"相關資料將登載於公司網站及公開資訊觀測站。","查詢"
"8473","山林水","111/11/29","15:15","線上法人說明會","本公司受邀參加兆豐證券舉辦之線上法人說明會","847320221129M001.pdf","847320221129E001.pdf","http://www.mfw.com.tw","","無","查詢"
"8476","台境*","111/11/29","14:00","高雄市前鎮區中山二路2號九樓之一(大眾財經大樓)","本公司受台新證券邀請，參加其舉辦之國內法人說明會，針對本公司市場趨勢及營運概況等相關資訊做說明。","847620221129M001.pdf","847620221129E001.pdf","","","無","查詢"
"8478","東哥遊艇","111/03/10","14:00","線上法說會","宏遠證券舉辦之法人說明會，說明本公司2021年營運狀況及未來展望。","847820220310M001.pdf","847820220310E001.pdf","http://www.oceanalexander.com.tw/cn/investor/investor2021.jsp","","無","查詢"
"8478","東哥遊艇","111/08/11","14:30","線上法說會","元富證券舉辦之法人說明會，說明2022年上半年財務及業務相關資訊","847820220811M001.pdf","847820220811E001.pdf","http://www.oceanalexander.com.tw/cn/investor/investor2022.jsp","","無","查詢"
"8481","政伸","111/05/10","14:30","政伸企業股份有限公司R101會議室","本公司受邀參加宏遠證券舉辦之線上法人說明會","848120220509M001.pdf","848120220509E001.pdf","https://www.transart.com.tw/Investors01-3.php","","無","查詢"
"8481","政伸","111/12/09","14:30","第一金證券7樓會議室
(台北市中山區長安東路一段22號7F)","本公司受邀參加第一金證券舉辦之法人說明會","848120221208M001.pdf","848120221208E001.pdf","https://www.transart.com.tw/Investors01-3.php","","無","查詢"
"8482","商億-KY","111/05/12","14:30","線上法說會","本公司受邀參加凱基證券所舉辦之線上法人說
明會","848220220511M001.pdf","848220220511E001.pdf","https://www.shaneglobal.com.tw/investor/shareholders/institutional_investors","","無","查詢"
"8488","吉源-KY","111/12/19","14:30","臺灣證券交易所(101大樓)1樓資訊展示中心","本公司受邀參加台灣證券交易所舉辦之外國上市公司財務業務說明會","848820221216M001.pdf","848820221216E001.pdf","",同步收看網址：:https://webpro.twse.com.tw/webportal/?liveChannelId=1 ,"無","查詢"
"8499","鼎炫-KY","111/10/26","14:30","線上法說會","本公司受邀參加國票證券舉辦之線上法人說明會，就本公司產業狀況及已公開財報、業務等相關資訊做說明","849920221026M001.pdf","849920221026E001.pdf","","","無","查詢"
"8926","台汽電","111/03/24","14:30","線上法人說明會","本公司受邀參加玉山證券舉辦之線上法人說明會，說明110年度財務業務相關資訊。","892620220324M001.pdf","892620220324E001.pdf","http://www.cogen.com.tw/investors/law","","無","查詢"
"8926","台汽電","111/05/26","14:30","線上法人說明會","本公司受邀參加第一金證券舉辦之線上法人說明會，說明111年第1季財務業務相關資訊。","892620220526M001.pdf","892620220526E001.pdf","http://www.cogen.com.tw/investors/law","","無","查詢"
"8926","台汽電","111/08/25","14:30","線上法人說明會","本公司受邀參加凱基證券舉辦之線上法人說明會，說明111年第2季財務業務相關資訊。","892620220825M001.pdf","892620220825E001.pdf","https://www.cogen.com.tw/investors/law","","無","查詢"
"8926","台汽電","111/11/25","14:30","線上法人說明會","本公司受邀參加中國信託證券舉辦之線上法人說明會，說明111年第3季財務業務相關資訊。","892620221125M001.pdf","892620221125E001.pdf","http://www.cogen.com.tw/investors/law","","無","查詢"
"8940","新天地","111/11/23","14:30","台中市北屯區北屯路245號1樓","本公司受邀參加國票綜合證券舉辦之法人說明會。","894020221123M001.pdf","894020221123E001.pdf","https://newpalace.weebly.com/2786135498263713603926009.html","","無","查詢"
"8996","高力","111/11/25","14:30","兆豐證券總公司13樓會議廳(台北市中正區忠孝東路2段95號13樓)","兆豐證券舉辦之法人說明會，說明本公司營運成果及未來展望。","899620221124M001.pdf","899620221124E001.pdf","https://www.kaori.com.tw/tw/modules/investors/meeting","","無","查詢"
"9802","鈺齊-KY","111/06/21","09:30","線上法人說明會","受邀參加群益證券舉辦之線上法人說明會，就本公司財務及業務相關資訊做說明。","980220220620M001.pdf","980220220620E001.pdf","https://www.fulgentsun.com/investors05_1.asp","","無。","查詢"
"9802","鈺齊-KY","111/01/20","14:00","集思台大會議中心 (台北市大安區羅斯福路四段85號B1)","受邀參加國票證券舉辦之法人說明會，就本公司財務及業務相關資訊做說明。","980220220120M001.pdf","980220220120E001.pdf","https://www.fulgentsun.com/investors05_1.asp","","無。","查詢"
"9802","鈺齊-KY","111/07/19","14:00","王朝酒店(台北市松山區敦化北路100號) 2F貴賓軒","受邀參加群益證券舉辦之法人說明會，就本公司財務及業務相關資訊做說明。","980220220719M001.pdf","980220220719E001.pdf","https://www.fulgentsun.com/investors05_1.asp","","無。","查詢"
"9802","鈺齊-KY","111/04/20","14:00","&#29319;亞會議中心(台北市復興北路99號2樓)","受邀參加&#29319;亞證券舉辦之法人說明會，就本公司財務及業務相關資訊做說明。","980220220420M001.pdf","980220220420E001.pdf","https://www.fulgentsun.com/investors05_1.asp","","無。","查詢"
"9802","鈺齊-KY","111/09/02","14:00","台北君悅酒店-台北市信義區松壽路2號3樓。","受邀參加富邦證券/日盛證券舉辦之法人說明會，就本公司財務及業務相關資訊做說明。","980220220902M001.pdf","980220220902E001.pdf","https://www.fulgentsun.com/investors05_1.asp","","無。","查詢"
"9802","鈺齊-KY","111/10/13","11:00","線上法人說明會","受邀參加摩根士丹利舉辦之法人說明會，就本公司財務及業務相關資訊做說明。","980220221012M002.pdf","980220221012E002.pdf","https://www.fulgentsun.com/investors05_1.asp","","無。","查詢"
"9802","鈺齊-KY","111/10/19","14:00","晶華酒店四樓第一貴賓室(台北市中山區中山北路二段39巷3號)","受邀參加第一金證券舉辦之法人說明會，就本公司財務及業務相關資訊做說明。","980220221019M001.pdf","980220221019E001.pdf","https://www.fulgentsun.com/investors05_1.asp","","無。","查詢"
"9902","台火","111/11/24","14:00","線上法人說明會","本公司受邀參加玉山證券舉辦之線上法人說明會，說明本公司之業務及財務狀況","990220221124M001.pdf","990220221124E001.pdf","http://www.tidehold.com/investor/investor.html#legal_briefing_session","","報名請洽玉山證券02-55561313分機6198駱先生或分機6195詹小姐","查詢"
"9904","寶成","111/05/26","15:00","線上法說會","應邀參加富邦證券舉辦之線上會議，介紹本公司及說明111年第一季營運績效。","990420220525M001.pdf","990420220525E001.pdf","http://www.pouchen.com/","","無","查詢"
"9904","寶成","111/03/25","14:00","線上法說會","應邀參加富邦證券舉辦之線上會議，介紹本公司及說明110年第四季營運績效。","990420220324M001.pdf","990420220324E001.pdf","http://www.pouchen.com/","","無","查詢"
"9904","寶成","111/11/15","15:00","線上法說會","應邀參加瑞銀證券舉辦之線上法人說明會，介紹本公司及說明111年第三季營運績效。","990420221114M001.pdf","990420221114E001.pdf","http://www.pouchen.com/","","無","查詢"
"9904","寶成","111/09/07","14:35","台北遠東國際大飯店","應邀參加國泰證券舉辦之法人說明會，介紹本公司及說明111年第二季營運績效。","990420220906M001.pdf","990420220906E001.pdf","http://www.pouchen.com/","","無","查詢"
"9905","大華","111/11/15","14:00","本次中文法人說明會採網路直播方式進行。","公司營運現況及未來展望說明","990520221115M001.pdf","990520221115E001.pdf","http://www.greatchina.com.tw/invest_new.html",中文影音檔網址:9905_7_20221115_ch.mp4 ,"完整財務業務資訊請至公開資訊觀測站之法人說明會一覽表或法說會項目下查閱。","查詢"
"9906","欣巴巴","111/04/08","14:30","台北市東興路8號B2會議室","公司簡介與營運概況說明","990620220408M001.pdf","990620220408E001.pdf","http://www.hsinbaba.com.tw/p7-1.asp?ch=4","","報名請洽統一證券02-27478266(分機3729、3784、3213、3872、3257、3734、3862)","查詢"
"9906","欣巴巴","111/04/08","14:30","線上法說會(統一證券主辦)","公司簡介與營運概況說明","990620220408M002.pdf","990620220408E002.pdf","http://www.hsinbaba.com.tw/p7-1.asp?year=111&amp;ch=4","","原為受邀參加實體法人說明會，改為受邀參加線上法人說明會。","查詢"
"9906","欣巴巴","111/06/24","14:30","線上法說會(統一證券主辦)","公司簡介與營運概況說明","990620220622M001.pdf","990620220622E001.pdf","http://www.hsinbaba.com.tw/engpdf2/280.pdf","","報名請洽統一證券02-27478266(張小姐分機3003)","查詢"
"9906","欣巴巴","111/12/28","15:00","台北市東興路8號15樓","公司簡介與營運概況說明","990620221227M002.pdf","990620221227E002.pdf","http://www.hsinbaba.com.tw/p7-1.asp?ch=4","","報名請洽統一證券02-27478266(張小姐分機3003)","查詢"
"9907","統一實","111/12/20","14:30","線上法說會","本公司受邀參加凱基證券舉辦之線上法說會，說明本公司截至111年前三季之營運與財務概況。","990720221220M001.pdf","990720221220E001.pdf","http://www.tonyi.com.tw/","","無","查詢"
"9907","統一實","111/06/28","14:00","線上法人說明會","本公司受邀參加第一金證券舉辦之線上法人說明會，說明本公司111年第1季營運狀況。","990720220628M001.pdf","990720220628E001.pdf","http://www.tonyi.com.tw","","無","查詢"
"9907","統一實","111/03/11","15:00","線上法說會","1.本公司預計與統一企業、統一中控及大統益在111年3月11日舉行線上聯合法說會，報告本公司110年年度之營運與財務概況。
2. 會議採以下二種方式進行: 
(1).網路音訊直播: http://www.zucast.com/webcast/ummccMEf。
(2).電話會議:電話號碼:+886-2-2192-8017，與會密碼:300645#。
若您欲口頭提問，請用電話會議方式參加。","990720220311M001.pdf","990720220311E001.pdf","http://www.tonyi.com.tw/cusPage.php?id=249",同步收看網址：:http://www.zucast.com/webcast/ummccMEf 法說會影音連結資訊:http://www.zucast.com/webcast/ummccMEf ,"會議簡報將於當日法說會後揭露及上傳於「公開資訊觀測站」。","查詢"
"9907","統一實","111/09/20","14:00","線上法人說明會","本公司受邀參加元大證券舉辦之線上法人說明會，說明本公司111年上半年營運狀況。","990720220920M001.pdf","990720220920E001.pdf","http://www.tonyi.com.tw","","無","查詢"
"9908","大台北","111/10/28","14:00","臺灣證交所一樓資訊展示中心(台北市信義路5段7號)","自辦
本公司近期財務及營運概況說明","990820221026M001.pdf","990820221026E001.pdf","https://www.taipeigas.com.tw/IR/shareholder_2",法說會影音連結資訊:https://webpro.twse.com.tw/webportal/vod/101/C9B6F1071B9F-CF07161D-5694-11ED-9E4A/?categoryId=101 ,"無","查詢"
"9910","豐泰","111/03/22","14:00","電話會議","說明本公司之營運與財務概況.","991020220321M001.pdf","991020220321E001.pdf","https://www.fengtay.com","","法人說明會簡報將於 3/22 前上傳至公開資訊觀測站.","查詢"
"9910","豐泰","111/05/26","14:00","電話會議","說明本公司之營運與財務概況","991020220523M001.pdf","991020220523E001.pdf","https://www.fengtay.com","","無","查詢"
"9910","豐泰","111/08/16","10:00","電話會議","說明本公司之營運與財務概況","991020220815M001.pdf","991020220815E001.pdf","https://www.fengtay.com","","無","查詢"
"9910","豐泰","111/09/07","14:30","電話會議","說明本公司之營運與財務概況","991020220815M001.pdf","991020220815E001.pdf","https://www.fengtay.com","","無","查詢"
"9910","豐泰","111/12/08","11:00","台北晶華酒店.(台北市中山北路二段39巷3號)","說明本公司之營運與財務概況.","991020221206M001.pdf","991020221206E001.pdf","https://www.fengtay.com","","無.","查詢"
"9910","豐泰","111/10/13","14:00","電話會議","說明本公司之營運與財務概況.","991020220815M001.pdf","991020220815E001.pdf","https://www.fengtay.com","","無.","查詢"
"9911","櫻花","111/06/16","15:20","線上法說會","本公司受邀參加凱基證券舉辦之2022年第二季線上投資論壇，說明本公司經營績效與營運展望。","991120220615M001.pdf","991120220615E001.pdf","https://www.sakura.com.tw/company/finance","","無。","查詢"
"9911","櫻花","111/12/08","14:00","台北晶華酒店","本公司受邀參加凱基證券舉辦之2022年第四季投資論壇，說明本公司經營績效與營運展望。","991120221207M001.pdf","991120221207E001.pdf","https://www.sakura.com.tw/company/finance","","無。","查詢"
"9912","偉聯","111/06/28","14:00","台北市信義區信義路五段7號1樓(證交所資訊展示中心)","公司簡介及營運概況等說明","991220220627M001.pdf","991220220627E001.pdf","https://www.agneovo.com/tw/corporate-governance/corporate-briefing-session",法說會影音連結資訊:https://webpro.twse.com.tw/webportal/vod/101/9913876F2E17-18326F24-F6B3-11EC-8D93/?categoryId=101 ,"無","查詢"
"9914","美利達","111/05/24","15:00","線上法說會","受邀參加證交所與永豐金證券共同舉辦之&quot;SinoPac x TWSE Taiwan Corporate Day 2022&quot;論壇","991420220523M002.pdf","991420220523E002.pdf","https://www.merida-bikes.com","","無","查詢"
"9914","美利達","111/04/07","10:00","線上法說會","受邀參加證交所與高盛證券共同舉辦之&quot;TWSE/GS Virtual Taiwan Corporate Day 2022&quot;","991420220406M001.pdf","991420220406E001.pdf","https://www.merida-bikes.com","","無","查詢"
"9914","美利達","111/09/22","15:00","自行車文化探索館(台中市西屯區東大路一段997號)","本公司受邀參加由臺灣證券交易所、元大證券共同主辦自行車產業趨勢座談會。","991420220921M001.pdf","991420220921E001.pdf","","","無","查詢"
"9917","中保科","111/05/27","14:30","中興保全科技會議室","本公司受邀參加凱基投顧所舉辦之法人交流會議，說明本公司2022年第一季營運成果及營運展望","991720220527M001.pdf","991720220527E001.pdf","https://www.secom.com.tw/investors.html?cid=83","","無","查詢"
"9917","中保科","111/04/13","15:45","中興保全科技會議室","本公司受邀參加元富證券所舉辦之「2022年台股企業日」，說明本公司2021年營運成果及2022年營運展望","991720220413M001.pdf","991720220413E001.pdf","https://www.secom.com.tw/investor/investor_01_a-1.aspx?cid=2013060078&amp;dpt=doc_down&amp;pt=2013060078","","無","查詢"
"9917","中保科","111/08/11","15:45","中興保全科技會議室","本公司受邀參加元富證券所舉辦之「2022年台股企業日」，說明本公司2022年第二季營運成果及營運展望","991720220811M001.pdf","991720220811E001.pdf","https://www.secom.com.tw/investors.html?cid=83","","無","查詢"
"9917","中保科","111/12/07","15:00","中興保全科技會議室","本公司受邀參加第一金證券所舉辦之「2022年12月線上投資座談會」，說明本公司2022年第三季營運成果及營運展望","991720221207M001.pdf","991720221207E001.pdf","https://www.secom.com.tw/investors.html?cid=83","","無","查詢"
"9918","欣天然","111/06/29","14:30","臺灣證券交易所101辦公大樓一樓資訊展示中心(台北市信義路五段7號1樓)","說明本公司營運狀況及業務展望","991820220628M001.pdf","991820220628E001.pdf","https://www.shinshingas.com.tw/Investor_Conference.html",同步收看網址：:https://webpro.twse.com.tw/webportal/vod/101/9913876F2E17-993BCFA5-F779-11EC-8D93/?categoryId=101 法說會影音連結資訊:https://webpro.twse.com.tw/webportal/vod/101/9913876F2E17-993BCFA5-F779-11EC-8D93/?categoryId=101 ,"完整財務業務資訊請至公開資訊觀測站之法人說明會一覽表或法說會項目下查閱。","查詢"
"9918","欣天然","111/10/31","15:30","臺灣證券交易所101辦公大樓一樓資訊展示中心(台北市信義路五段7號1樓)","說明本公司營運狀況及業務展望","991820221027M002.pdf","991820221027E002.pdf","https://www.shinshingas.com.tw/Investor_Conference.html",法說會影音連結資訊:https://webpro.twse.com.tw/webportal/vod/101/C9B6F1071B9F-4C57EB42-58F7-11ED-9E4A/?categoryId=101 ,"無","查詢"
"9919","康那香","111/01/04","14:00","元大證券線上法人說明會","本公司受邀參加元大證券舉辦之線上法人說明會，進行本公司民國110年第三季財務業務及已公開財務數字之相關資訊說明。","991920220103M001.pdf","991920220103E001.pdf","https://www.knh.com.tw/share3-6.html","","無。","查詢"
"9919","康那香","111/04/26","14:00","中國信託證券線上法人說明會","本公司受邀參加中國信託證券舉辦之線上法人說明會，進行本公司民國110年度財務業務及已公開財務數字之相關資訊說明。","991920220425M001.pdf","991920220425E001.pdf","https://www.knh.com.tw/share3-6.html","","無。","查詢"
"9921","巨大","111/01/13","14:00","線上電話會議","本公司受邀參加BofA Taiwan non-tech call series","992120211115M001.pdf","992120211115E001.pdf","https://www.giantgroup-cycling.com/ir-shareholderconference","","無","查詢"
"9921","巨大","111/03/14","09:00","線上電話會議","本公司受邀參加美國銀行美林證券舉辦之
2022 APAC TMT Conference","992120211115M001.pdf","992120211115E001.pdf","https://www.giantgroup-cycling.com/ir-shareholderconference","","無","查詢"
"9921","巨大","111/04/06 至 111/04/07","10:00","線上電話會議10:00~17:00","公告本公司受邀參加Taiwan Stock Exchange - Goldman Sachs Taiwan Virtual Corporate Day","992120220331M002.pdf","992120220331E002.pdf","https://www.giantgroup-cycling.com/ir-shareholderconference","","無","查詢"
"9921","巨大","111/03/09 至 111/03/10","13:00","線上電話會議","本公司受邀參加Citi Taiwan Corporate Day 2022","992120211115M001.pdf","992120211115E001.pdf","https://www.giantgroup-cycling.com/ir-shareholderconference","","無","查詢"
"9921","巨大","111/06/20","10:00","線上電話會議","本公司受邀參加UBS Taiwan Virtual Conference 2022","992120220615M001.pdf","992120220615E001.pdf","https://www.giantgroup-cycling.com/ir-shareholderconference","","無","查詢"
"9921","巨大","111/08/31","11:00","線上電話會議","本公司受邀參加HSBC Taiwan Executive Forum","992120220830M001.pdf","992120220830E001.pdf","https://www.giantgroup-cycling.com/ir-shareholderconference","","無","查詢"
"9921","巨大","111/11/23","15:40","臺灣證券交易所","本公司受邀參加由臺灣證券交易所舉辦上市公司「休閒及運動」主題式業績發表會","992120221121M002.pdf","992120221121E002.pdf","https://www.giantgroup-cycling.com/ir-shareholderconference","","無","查詢"
"9921","巨大","111/09/13 至 111/09/15","09:00","線上電話會議","本公司受邀參加 29th Annual CITIC CLSA Flagship 
Investors","992120220830M001.pdf","992120220830E001.pdf","https://www.giantgroup-cycling.com/ir-shareholderconference","","無","查詢"
"9921","巨大","111/09/16","15:00","線上電話會議","本公司受邀參加由台灣董事學會、台灣證交所及安擘諮詢 (IPR Advisors) 所共同舉辦之2022線上數位引資論壇","992120220830M001.pdf","992120220830E001.pdf","https://www.giantgroup-cycling.com/ir-shareholderconference","","無","查詢"
"9921","巨大","111/09/07","14:35","線上電話會議","公告本公司受邀參加國泰證券第三季論壇","992120220830M001.pdf","992120220830E001.pdf","https://www.giantgroup-cycling.com/ir-shareholderconference","","無","查詢"
"9921","巨大","111/09/22","15:00","自行車文化探索館(台中市西屯區東大路一段997號)","本公司受邀參加由臺灣證券交易所、元大證券共同主辦自行車產業趨勢座談會","992120220830M001.pdf","992120220830E001.pdf","https://www.giantgroup-cycling.com/ir-shareholderconference","","無","查詢"
"9921","巨大","111/11/08","10:00","台北遠東香格里拉飯店","本公司受邀參加Goldman Sachs Taiwan Corporate Day","992120221107M001.pdf","992120221107E001.pdf","https://www.giantgroup-cycling.com/ir-shareholderconference","","無","查詢"
"9924","福興","111/08/11","14:30","台北市大安區信義路四段236號7樓
宏遠證券","本公司受邀參加宏遠證券舉辦之法人說明會，
會中將針對公司近期之營運概況做說明。","992420220805M001.pdf","992420220805E001.pdf","http://www.fuhsing.com.tw/conference","","無","查詢"
"9924","福興","111/12/08","14:30","台北市大安區信義路四段236號7樓
宏遠證券","本公司受邀參加宏遠證券舉辦之法人說明會，
會中將針對公司近期之營運概況做說明。","992420221208M001.pdf","992420221208E001.pdf","http://www.fuhsing.com.tw/conference","","簡報內容於當日會後公告於公開資訊觀測站。","查詢"
"9925","新保","111/10/26","14:30","新保智慧生活體驗館(台北市建國北路1段126號1樓)","本公司近期營運概況說明","992520221025M001.pdf","992520221025E001.pdf","https://www.sks.com.tw/Shareholder#list-columns&#list-corporation",法說會影音連結資訊:https://webpro.twse.com.tw/WebPortal/vod/101/870D96513D79-23AC9B9F-5507-11ED-A211/?categoryId=101 ,"無","查詢"
"9926","新海","111/08/31","14:00","台北市信義路五段七號一樓台灣證券交易所101大樓1樓資訊展示館","111年上半年業績發表","992620220830M001.pdf","992620220830E001.pdf","https://www.shinhaigas.com.tw/shareholder",法說會影音連結資訊:https://webpro.twse.com.tw/webportal/vod/101/431726D89141-B271DF07-28FC-11ED-AFA0/?categoryId=101 ,"無","查詢"
"9927","泰銘","111/11/29","14:00","大眾財經大樓(高雄市前鎮區中山二路2號9樓之一)","台新綜合證券股份有限公司舉辦之「台新證券聯合法人說明會」","992720221129M001.pdf","992720221129E001.pdf","http://www.tmicl.com.tw","","無","查詢"
"9928","中視","111/11/25","15:00","中國電視事業股份有限公司(台北市南港區重陽路118號第二大廈3樓)","本公司受邀參加凱基證券舉辦之法人說明會","992820221121M001.pdf","992820221121E001.pdf","","","無","查詢"
"9929","秋雨","111/11/29","15:00","福邦證券總公司(台北市忠孝西路一段6號7樓)","受邀參加福邦證券舉辦之法人說明會，就本公司已公開之財務業務資訊作說明。","992920221117M001.pdf","992920221117E001.pdf","http://www.choiceprintgroup.com/ch/rule.php?id=24&amp;page=2","","無","查詢"
"9930","中聯資源","111/12/20","14:30","富邦國際會議中心","本公司業務及財務相關資訊","993020221219M001.pdf","993020221219E001.pdf","https://www.chc.com.tw/pst.html","","無","查詢"
"9931","欣高","111/06/14","14:00","高雄市鹽埕區大義街56號","說明本公司111年第一季營運概況","993120220614M001.doc","993120220614E001.docx","http://www.hkgas.com.tw",法說會影音連結資訊:https://youtu.be/aXe0ooVoOho ,"無","查詢"
"9933","中鼎","111/05/27","15:00","本次為線上法人說明會","2022年至今營運回顧與業務展望","993320220527M001.pdf","993320220527E001.pdf","http://www.ctci.com/",同步收看網址：:https://ctci-1.webex.com/ctci-1-tc/j.php?MTID=ma65defda4ae4e9831700cdb288278e38 法說會影音連結資訊:未輸 ,"無","查詢"
"9933","中鼎","111/04/21 至 111/04/22","09:10","線上法說會（台灣）","本公司受邀參加臺灣證券交易所及寬量國際共同主辦之線上法說會「11th Taiwan CEO Week」，說明本公司之營運概況、財務及業務相關資訊。","993320220420M002.pdf","993320220420E002.pdf","https://www.ctci.com/","","完整財務業務資訊請至公開資訊觀測站之法人說明會一覽表或法說會項目下查閱。","查詢"
"9933","中鼎","111/03/23","14:30","本次為線上法人說明會","2021年營運回顧與業務展望","993320220323M001.pdf","993320220323E001.pdf","http://www.ctci.com/",同步收看網址：:https://ctci-1.webex.com/ctci-1-tc/j.php?MTID=maa1aa26bafcc4a784d3327ad15e8986f 法說會影音連結資訊:未輸 ,"無","查詢"
"9933","中鼎","111/06/16","15:20","線上法說會","本公司受邀參加凱基證券舉辦之「2022年第二季線上投資論壇」","993320220527M001.pdf","993320220527E001.pdf","http://www.ctci.com/","","無","查詢"
"9933","中鼎","111/08/17","15:00","本次為線上法人說明會","2022年至今營運回顧與業務展望","993320220817M001.pdf","993320220817E001.pdf","http://www.ctci.com/",同步收看網址：:https://ctci-1.webex.com/ctci-1-tc/j.php?MTID=m2c6926a412ee4004f6825a6805214991 法說會影音連結資訊:http://www.ctci.com ,"無","查詢"
"9933","中鼎","111/09/07","15:45","線上法說會","本公司受邀參加元富證券於2022年9月7日舉辦之2022年台股企業日","993320220817M001.pdf","993320220817E001.pdf","http://www.ctci.com/","","無","查詢"
"9933","中鼎","111/09/21 至 111/09/28","09:10","線上法說會（台灣）","本公司受邀參加臺灣證券交易所及寬量國際共同主辦之線上法說會「12th Taiwan CEO Week on Air」，說明本公司之營運概況、財務及業務相關資訊。","993320220920M001.pdf","993320220920E001.pdf","https://www.ctci.com/",法說會影音連結資訊:未輸 ,"完整財務業務資訊請至公開資訊觀測站之法人說明會一覽表或法說會項目下查閱。","查詢"
"9933","中鼎","111/11/10","14:30","本次為線上法人說明會","2022年&#12164;今營運回顧與業務展望","993320221110M001.pdf","993320221110E001.pdf","http://www.ctci.com/",同步收看網址：:https://ctci-3.webex.com/ctci-3-en/j.php?MTID=m524e8aaf02a3bbc3dfdc485112f8b274 ,"無","查詢"
"9934","成霖","111/08/09","14:30","宏遠證券總公司702會議室
台北市大安區信義路4段236號7F","本公司受邀參加宏遠證券主辦之法人說明會","993420220805M001.pdf","993420220805E001.pdf","https://tw.globeunion.com/investors/","","無","查詢"
"9934","成霖","111/11/10","14:00","宏遠證券總公司
台北市大安區信義路4段236號
702號會議廳","受邀參加
本公司受邀參加宏遠證券主辦之法人說明會","993420221107M001.pdf","993420221107E001.pdf","https://tw.globeunion.com/investors/","","無","查詢"
"9935","慶豐富","111/06/10","14:30","線上法人說明會","受邀參加群益金鼎證券主辦法人說明會，說明公司營運成果以及未來展望，線上法說報名網址：https://forms.gle/mgzLLQzD6iqYjvh38","993520220610M001.pdf","993520220610E001.pdf","","","無","查詢"
"9937","全國","111/10/20","16:00","線上法說會","本公司受邀參加元大證券舉辦之線上法人說明會，報告本公司營運狀況。","993720221019M001.pdf","993720221019E001.pdf","http://inv.npcgas.com.tw/html/investors/15.aspx","","無。","查詢"
"9938","百和","111/04/14","14:30","線上法人說明會","本公司受邀參加富邦證券舉辦之聯合線上法人說明會，說明本公司財務業務狀況及經營績效。","993820220412M001.pdf","993820220412E001.pdf","http://www.paiho.com","","相關訊息請洽富邦證券法人部 E-mai: tingju.yeh@fubon.com","查詢"
"9938","百和","111/07/13","14:00","線上法人說明會","本公司受邀參加元富證券舉辦之線上法人說明會，說明本公司財務業務狀況及經營績效。","993820220708M001.pdf","993820220708E001.pdf","http://www.paiho.com","","無","查詢"
"9938","百和","111/10/14","14:20","線上聯合法人說明會","本公司受邀參加元富證券舉辦之線上聯合法人說明會，說明本公司財務業務狀況及經營績效。","993820221011M002.pdf","993820221011E002.pdf","http://www.paiho.com","","無","查詢"
"9939","宏全","111/08/17","14:00","線上法說會","公司簡介財務、業務及相關資訊作說明","993920220816M001.pdf","993920220816E001.pdf","https://www.honchuan.com/tw","","本公司受邀參加凱基證券2022年第二季之線上法說會","查詢"
"9939","宏全","111/03/23","14:00","線上法說會","公司簡介財務、業務及相關資訊作說明","993920220322M001.pdf","993920220322E001.pdf","https://www.honchuan.com/tw","","本公司受邀參加凱基證券舉辦線上法說會","查詢"
"9939","宏全","111/05/18","10:00","線上法說會","公司簡介財務、業務及相關資訊作說明","993920220517M001.pdf","993920220517E001.pdf","https://www.honchuan.com/tw","","本公司受邀參加台新證券2022年第二季全球投資論壇之線上法說會","查詢"
"9939","宏全","111/12/07","15:40","台北晶華酒店4樓(台北市中山區中山北路二段39巷3號4樓)","公司簡介財務、業務及相關資訊作說明","993920221206M001.pdf","993920221206E001.pdf","https://www.honchuan.com/tw","","本公司受邀參加國泰綜合證券舉辦第四季論壇","查詢"
"9940","信義","111/03/11","14:30","線上法人說明會","一一0年第四季營運狀況說明","994020220309M001.pdf","994020220309E001.pdf","https://www.sinyi.com.tw/investors/shareholder-services/investor-conference",中文影音檔網址:9940_40_20220311_ch.mp4 ,"相關資訊將依規定公布於公開資訊觀測站公司治理專區","查詢"
"9940","信義","111/05/11","14:30","線上法人說明會","一一一年第一季營運狀況說明","994020220510M001.pdf","994020220510E001.pdf","https://www.sinyi.com.tw/investors/shareholder-services/investor-conference",中文影音檔網址:9940_41_20220511_ch.mp4 ,"相關資訊將依規定公布於公開資訊觀測站公司治理專區","查詢"
"9940","信義","111/08/11","14:30","線上法人說明會","一一一年第二季營運狀況說明","994020220809M001.pdf","994020220809E001.pdf","https://www.sinyi.com.tw/investors/shareholder-services/investor-conference",中文影音檔網址:9940_42_20220811_ch.mp4 ,"相關資訊將依規定公布於公開資訊觀測站公司治理專區","查詢"
"9940","信義","111/11/11","14:30","線上法說會","111年第三季營運概況","994020221108M001.pdf","994020221108E001.pdf","https://www.sinyi.com.tw/investors/shareholder-services/investor-conference",中文影音檔網址:9940_43_20221111_ch.mp4 ,"相關資訊將依規定公布於公開資訊觀測站公司治理專區","查詢"
"9941","裕融","111/05/18","16:30","線上法人說明會","本公司受邀參加富邦證券於2022年5月18日舉辦之上市公司財務業務概況座談會，會中將說明本公司2022年第一季營運概況。","994120220518M001.pdf","994120220518E001.pdf","www.tac.com.tw","","報名請洽富邦法人部tingju.yeh@fubon.com","查詢"
"9941","裕融","111/04/13","15:10","線上法人說明會","本公司受邀參加富邦證券於2022年4月13日舉辦之上市公司財務業務概況座談會，會中將說明本公司2021年第四季營運概況。","994120220413M001.pdf","994120220413E001.pdf","www.tac.com.tw","","報名請洽富邦法人部tingju.yeh@fubon.com","查詢"
"9941","裕融","111/11/17","13:30","線上法人說明會","本公司受邀參加富邦證券於2022年11月17日舉辦之上市公司財務業務概況座談會，會中將說明本公司2022年第三季營運概況。","994120221117M001.pdf","994120221117E001.pdf","www.tac.com.tw","","報名請洽富邦法人部tingju.yeh@fubon.com","查詢"
"9941","裕融","111/08/26","15:10","線上法人說明會","本公司受邀參加富邦證券於2022年8月26日舉辦之上市公司財務業務概況座談會，會中將說明本公司2022年第二季營運概況。","994120220826M001.pdf","994120220826E001.pdf","www.tac.com.tw","","報名請洽富邦法人部tingju.yeh@fubon.com","查詢"
"9942","茂順","111/09/14","15:00","線上法說會","本公司受邀參加元大證券舉辦之線上法說會，報告本公司營運狀況。","994220220912M001.pdf","994220220912E001.pdf","","","無。","查詢"
"9942","茂順","111/12/15","14:00","線上法說會","本公司受邀參加元大證券舉辦之線上法人說明會，報告本公司營運狀況。","994220221213M003.pdf","994220221213E003.pdf","","","無。","查詢"
"9943","好樂迪","111/12/07","14:00","福邦證券總公司(台北市忠孝西路一段6號7樓 B會議室)","公司簡介及營運概況等說明","994320221206M001.pptx","994320221206E001.ppt","","","無","查詢"
"9944","新麗","111/10/26","14:00","線上法人說明會","受邀參加，主要向投資人說明營運概況。","994420221026M001.pdf","994420221026E001.pdf","http://www.shinih.com/cht/cs4/01.php","","無","查詢"
"9945","潤泰新","111/04/13","14:30","線上法人說明會","本公司受邀參加元富證券舉辦之「2022年4月台股企業日」法人說明會，說明本公司近期之營運成果與未來展望","994520220412M002.pdf","994520220412E002.pdf","https://www.rt-develop.com.tw/tw/Investor/legal","","無","查詢"
"9946","三發地產","111/08/18","16:00","線上法說會","本公司受邀參加元大證券舉辦之線上法說會，報告本公司營運狀況。","994620220817M003.pdf","994620220817E003.pdf","",中文影音檔網址:9946_9_20220818_ch.mp4 ,"無","查詢"
"9946","三發地產","111/12/12","16:00","線上法人說明會","本公司受邀參加元大證券舉辦之線上法人說明會，報告本公司營運狀況。","994620221212M001.pdf","994620221212E001.pdf","",中文影音檔網址:9946_10_20221212_ch.mp4 ,"無","查詢"
"9955","佳龍","111/12/23","14:00","桃園市觀音區大潭里環科路323號","111年前三季營運報告及說明","995520221223M001.pptx","995520221223E001.pptx","https://www.sdti.com.tw/investors_finance.html",中文影音檔網址:9955_9_20221223_ch.mp4 ,"無","查詢"
"9958","世紀鋼","111/12/28","14:30","本次為線上法人說明會。","本公司受邀參加群益金鼎證券所舉辦之線上法說會，說明本公司營運展望與經營績效。","995820221228M001.ppt","995820221228E001.ppt","","","法人說明會簡報檔將於會後上傳至公開資訊觀測站。","查詢"
"9958","世紀鋼","111/03/03","15:20","本次為線上法人說明會。","本公司受邀參加群益金鼎證券所舉辦之投資論壇線上法說會，說明本公司營運展望與經營績效。","995820220302M003.pptx","995820220302E003.pptx","","","無","查詢"
"9958","世紀鋼","111/04/12","14:30","本次為線上法人說明會。","本公司受邀參加元富證券所舉辦之線上法說會「2022年04月台股企業日」","995820220411M001.pptx","995820220411E001.pptx","","","無","查詢"