"公司代號","公司名稱","召開法人說明會日期","召開法人說明會時間","召開法人說明會地點","法人說明會擇要訊息","法人說明會簡報內容-中文","法人說明會簡報內容-英文","公司網站是否有提供法人說明會相關資訊","影音連結資訊","其他應敘明事項","歷年法人說明會"
"1101","台泥","112/08/31","09:00","台北君悅大飯店","公司簡介、所屬產業概況、營運成果及未來展望說明","110120230830M001.pdf","110120230830E001.pdf","https://www.taiwancement.com/en/ir_investor-meetings.html",中文影音檔網址:1101_67_20230831_ch.mp4 英文影音檔網址:1101_67_20230831_en.mp4 ,"無","查詢"
"1101","台泥","112/09/19 至 112/09/20","13:30","線上法說會","公司簡介、所屬產業概況、營運成果及未來展望說明","110120230921M001.pdf","110120230921E001.pdf","https://www.taiwancement.com/en/ir_investor-meetings.html",法說會影音連結資訊:https://media.taiwancement.com/investors/2023/2023_Q3_NDR.mp4 ,"無","查詢"
"1101","台泥","112/11/29","14:30","實體(採實名報名制)及線上法說會，實體法說會地點:台北市中山北路2段113號3樓士敏廳。","公司簡介、所屬產業概況、營運成果及未來展望說明。","110120231129M002.pdf","110120231129E002.pdf","https://www.taiwancement.com/tw/ir_investor-meetings.html",法說會影音連結資訊:https://media.taiwancement.com/investors/2023/2023_Q3.mp4 ,"實體及線上法說會報名網址：https://www.taiwancement.com/tw/investorsSignUp.html","查詢"
"1102","亞泥","112/08/16","14:00","線上法說會","本公司受邀參加KGI舉辦2023年第二季營運概況線上法說會","110220230814M002.pdf","110220230814E002.pdf","https://www.acc.com.tw/",中文影音檔網址:1102_99_20230816_ch.mp4 ,"無","查詢"
"1102","亞泥","112/11/16","14:00","線上法說會","本公司受邀參加KGI舉辦2023年第三季營運概況線上法說會","110220231113M001.pdf","110220231113E001.pdf","https://www.acc.com.tw/",中文影音檔網址:1102_100_20231116_ch.mp4 ,"無","查詢"
"1102","亞泥","112/03/17","14:00","線上法人說明會","本公司受邀參加凱基證券舉辦2022年第四季營運概況線上法說會","110220230317M001.pdf","110220230317E001.pdf","https://www.acc.com.tw/",中文影音檔網址:1102_97_20230317_ch.mp4 ,"無","查詢"
"1102","亞泥","112/05/16","14:00","線上法說會","本公司受邀參加KGI舉辦2023年第一季營運概況線上法說會","110220230512M001.pdf","110220230512E001.pdf","https://www.acc.com.tw/",中文影音檔網址:1102_98_20230516_ch.mp4 ,"無","查詢"
"1103","嘉泥","112/08/31","14:00","線上法說會","112年第二季公司營運狀況","110320230831M001.pdf","110320230831E001.pdf","https://www.chcgroup.com.tw/%e6%af%8f%e5%ad%a3%e7%87%9f%e9%81%8b-2023/",法說會影音連結資訊:https://www.youtube.com/watch?v=DfVavl92oDY ,"線上法說會報名網址：https://forms.gle/bodQLJkFKZQsPVqD9","查詢"
"1103","嘉泥","112/12/21","14:30","臺灣證券交易所1樓資訊展示中心(台北市信義區信義路五段7號1樓)","112年第三季公司營運狀況","110320231221M001.pdf","110320231221E001.pdf","https://www.chcgroup.com.tw/%e6%af%8f%e5%ad%a3%e7%87%9f%e9%81%8b-2023/",法說會影音連結資訊:https://webpro.twse.com.tw/WebPortal/vod/101/5DD104CD32DA-3F7D2AE8-9FD2-11EE-9EF6/?categoryId=101 ,"14:00報到","查詢"
"1103","嘉泥","112/06/14","13:30","茹曦酒店(地址:台北市松山區敦化北路100號)","112年第一季公司營運狀況","110320230614M001.pdf","110320230614E001.pdf","https://www.chcgroup.com.tw/%e6%af%8f%e5%ad%a3%e7%87%9f%e9%81%8b-2023/",法說會影音連結資訊:https://www.youtube.com/watch?v=s9dlQZ8S76Y ,"無","查詢"
"1103","嘉泥","112/03/23","14:30","實體法說會(採實名報名制)，地點：富邦證券(台北市仁愛路四段169號15樓會議室)","111年第四季公司營運狀況","110320230323M001.pdf","110320230323E001.pdf","https://www.chcgroup.com.tw/%e6%af%8f%e5%ad%a3%e7%87%9f%e9%81%8b-2022/",法說會影音連結資訊:https://youtu.be/PIfLg_O7FHI ,"實體法說會報名網址：https://forms.gle/R4FswH8fYE3Ysqaq8","查詢"
"1104","環泥","112/11/29","14:30","台北市松山區東興路8號B2樓(統一證券股份有限公司B203會議室)","本公司受邀參加統一證券舉辦之法人說明會","110420231201M001.pdf","110420231201E001.pdf","http://www.ucctw.com/m/412-1518-9960.php?Lang=zh-tw",中文影音檔網址:1104_17_20231129_ch.mp4 ,"無","查詢"
"1104","環泥","112/04/26","14:00","台北市松山區東興路8號13樓(統一證券股份有限公司1302會議室)","本公司受邀參加統一證券舉辦之法人說明會","110420230424M001.ppt","110420230424E001.ppt","http://www.ucctw.com/m/412-1518-9960.php?Lang=zh-tw",法說會影音連結資訊:未輸 ,"無","查詢"
"1108","幸福","112/12/25","14:30","101大樓一樓資訊展示中心 (台北市信義路5段7號)","公司簡介與營運概況","110820231225M001.pdf","110820231225E001.pdf","https://www.luckygrp.com.tw/tw/index.asp?au_id=23&amp;sub_id=59",法說會影音連結資訊:https://webpro.twse.com.tw/WebPortal/vod/101/5DD104CD32DA-22896CE7-A2F6-11EE-9EF6/?categoryId=101 ,"14:00報到，14:30法說會開始。","查詢"
"1109","信大","112/09/25","14:00","台北市信義路5段7號101大樓1樓(證交所1F資訊展示中心)","公司簡介、營業概況、財務分析、未來展望","110920230925M001.pdf","110920230925E001.pdf","http://www.hsingta.com.tw/Download.asp?lv=0&amp;id=90",法說會影音連結資訊:https://webpro.twse.com.tw/webportal/vod/101/3995F12D8C62-6C0FBB6E-5B77-11EE-9FA6/?categoryId=101 ,"無。","查詢"
"1110","東泥","112/11/30","15:00","線上法說會","本公司受邀參加元大證券舉辦之線上法說會，報告本公司營運狀況。","111020231128M001.pdf","111020231128E001.pdf","http://www.southeastcement.com.tw/index.php?q=conference",中文影音檔網址:1110_8_20231130_ch.mp4 ,"無。","查詢"
"1201","味全","112/11/28","14:00","線上產業座談會","本公司受邀參加元大證券舉辦之線上產業座談會。","120120231128M001.pdf","120120231128E001.pdf","https://www.weichuan.com.tw/tw/investor#gsc.tab=0",中文影音檔網址:1201_8_20231128_ch.mp4 ,"無","查詢"
"1203","味王","112/10/25","14:30","臺灣證券交易所1樓資訊展示中心(台北市信義路五段7號)。","公司概況、財務報告及營運概況。","120320231024M001.ppt","120320231024E001.ppt","https://www.vewong.com/ec99/ushop20069/profile-11.asp",法說會影音連結資訊:https://webpro.twse.com.tw/WebPortal/vod/101/85864ADDCB1A-1929F41D-7303-11EE-A5D1/?categoryId=101 ,"無","查詢"
"1210","大成","112/05/30","14:00","線上法說會","112Q1財報說明。","121020230530M001.pdf","121020230530E001.pdf","https://www.dachan.com/conference","","無","查詢"
"1210","大成","112/03/29","14:00","線上法說會","111Q4財報說明。","121020230329M001.pdf","121020230329E001.pdf","https://www.dachan.com/conference","","無","查詢"
"1210","大成","112/11/16","14:00","線上法說會","112Q3財報說明。","121020231116M001.pdf","121020231116E001.pdf","https://www.dachan.com/conference",中文影音檔網址:1210_15_20231116_ch.mp4 ,"無","查詢"
"1210","大成","112/08/17","14:00","線上法說會","112Q2財報說明。","121020230817M001.pdf","121020230817E001.pdf","https://www.dachan.com/conference","","無","查詢"
"1213","大飲","112/12/28","14:00","新北市三重區重陽路三段99號9樓","公司簡介及營運狀況報告","121320231228M001.pdf","121320231228E001.pdf","https://applesidra.com.tw/",法說會影音連結資訊:https://www.youtube.com/watch?v=zNngxTAPdJY ,"中、英文簡報內容檔案於當日會後公告於公開資訊觀測站","查詢"
"1215","卜蜂","112/11/29","14:00","證券交易所一樓資訊展示中心(台北市信義區信義路五段7號)","簡報營運狀況","121520231129M001.pptx","121520231129E001.pptx","https://www.cptwn.com.tw/ec99/rwd1453/category.asp?category_id=21",法說會影音連結資訊:https://webpro.twse.com.tw/WebPortal/vod/101/A7726E10C387-CD858099-8E8F-11EE-AF53/?categoryId=101 ,"無","查詢"
"1216","統一","112/11/14","08:00","線上法說會","本公司應元富證券之邀於112年11月14日參加線上法說會，報告本公司截至112年第三季度之營運與財務概況。","121620231113M001.pdf","121620231113E001.pdf","https://www.uni-president.com.tw/invest/index.html",中文影音檔網址:1216_211_20231114_ch.mp4 英文影音檔網址:1216_211_20231114_en.mp4 ,"會議簡報依規定揭露於「公開資訊觀測站」。","查詢"
"1216","統一","112/05/16 至 112/05/18","08:00","新加坡及香港","本公司應麥格理證券之邀於112年5月16~18日在新加坡及香港參加投資人說明會，報告本公司截至112年第一季之營運與財務概況。","121620230515M001.pdf","121620230515E001.pdf","https://www.uni-president.com.tw/invest/index.html","","會議簡報依規定揭露於「公開資訊觀測站」。","查詢"
"1216","統一","112/08/15 至 112/08/18","08:00","香港及新加坡","本公司應摩根大通證券之邀於112年8月15~18日在香港及新加坡參加投資人說明會，報告本公司截至112年上半年之營運與財務概況。","121620230814M001.pdf","121620230814E001.pdf","https://www.uni-president.com.tw/invest/index.html","","會議簡報依規定揭露於「公開資訊觀測站」。","查詢"
"1216","統一","112/06/09","10:00","線上法說會","本公司應邀於112年6月9日參加台灣董事學會、臺灣證券交易所及安擘諮詢共同舉辦之線上論壇，報告本公司截至112年第一季之營運與財務概況。","121620230515M001.pdf","121620230515E001.pdf","https://www.uni-president.com.tw/invest/index.html","","會議簡報依規定揭露於「公開資訊觀測站」。","查詢"
"1216","統一","112/03/17","14:00","台北及香港","本公司預計與統一中控、統一實業及大統益舉行聯合法說會。","121620230317M001.pdf","121620230317E001.pdf","https://www.uni-president.com.tw/invest/index.html",法說會影音連結資訊:http://www.ir-cloud.com/cancast/taiwan/index.php?id=tw1216_495&version=c ,"會議簡報及影音檔將於當日會後揭露及上傳於公開資訊觀測站。","查詢"
"1217","愛之味","112/08/24","14:30","台北市敦化南路二段97號16樓第一會議室","公司簡介與營運狀況說明","121720230824M001.pdf","121720230824E001.pdf","https://www.agv.com.tw/投資人專區/股東專區/法人說明會/",法說會影音連結資訊:https://youtu.be/e9UpMlPJG38?si=9VbZtWoOHUITPBod ,"無","查詢"
"1218","泰山","112/11/24","15:00","線上法說會","本公司受邀參加元大證券舉辦之線上法人說明會。","121820231124M001.pdf","121820231124E001.pdf","http://www.taisun.com.tw/investor/legal-person-info/",法說會影音連結資訊:https://www.youtube.com/watch?v=tOtozig5vVE ,"無。","查詢"
"1219","福壽","112/09/21","16:00","臺灣證券交易所1F資訊展示中心(台北市信義路五段7號1樓)","公司營運、財務績效說明及未來展望","121920230921M001.pdf","121920230921E001.pdf","https://www.fwusow.com.tw/",法說會影音連結資訊:https://webpro.twse.com.tw/webportal/vod/101/3995F12D8C62-2FC44043-585C-11EE-9FA6/?categoryId=101 ,"無","查詢"
"1220","台榮","112/10/13","14:30","證券交易所101辦公大樓一樓資訊展示中心(台北市信義路五段7號)","簡報營運狀況(14:00報到、14:30開始說明會)","122020231011M001.pptx","122020231011E001.pptx","",法說會影音連結資訊:https://webpro.twse.com.tw/webportal/vod/101/8BE091296F85-742D1847-6995-11EE-8F81/?categoryId=101 (請輸入網址名稱(註)):未輸 ,"無","查詢"
"1225","福懋油","112/11/29","14:00","線上法說會","擬於112年11月29日14：00舉行線上法人說明會，報告本公司112年第三季業績成果，欲參加可透過網路連接下列網址參加線上法人說明會
http://www.zucast.com/webcast/F6Rq89q4","122520231129M001.pdf","122520231129E001.pdf","https://www.fopco.com.tw",中文影音檔網址:1225_7_20231129_ch.mp4 ,"無","查詢"
"1227","佳格","112/10/31","14:00","線上法說會","受邀參加元富證券舉辦法人說明會，會中就本公司已公開發布之營運及財務業務狀況做說明。","122720231031M001.pdf","122720231031E001.pdf","https://www.sfworldwide.com/investors-financial-%E6%B3%95%E8%AA%AA%E6%9C%83%E5%A0%B1%E5%91%8A.html",中文影音檔網址:1227_7_20231031_ch.mp4 ,"無","查詢"
"1229","聯華","112/12/04","15:30","線上法人說明會","本公司受邀參加第一金證券線上法人說明會，會中就本公司已公開發佈之財務數字及經營績效等相關資訊做說明。","122920231204M002.pdf","122920231204E002.pdf","https://www.lhicholdings.com/investors/3news/Investor-Conference-2/","","無","查詢"
"1229","聯華","112/06/07","15:40","台北晶華酒店4樓（台北市中山北路二段39巷3號）","本公司受邀參加永豐金證券2023年第二季投資論壇，會中就本公司已公開發佈之財務數字、經營績效等相關資訊做說明。","122920230607M001.pdf","122920230607E001.pdf","https://www.lhicholdings.com/investors/3news/Investor-Conference-2/",中文影音檔網址:1229_11_20230607_ch.mp4 ,"無","查詢"
"1231","聯華食","112/12/20","14:00","線上法說會","公司簡介及營運概況說明","123120231220M001.pdf","123120231220E001.pdf","https://www.lianhwa.com.tw/column_list.php?content_category_sn=180",同步收看網址：:http://www.zucast.com/webcast/nGhcuThJ 法說會影音連結資訊:http://www.zucast.com/webcast/nGhcuThJ ,"無","查詢"
"1232","大統益","112/03/17","14:00","台北","本公司預計與統一企業、統一中控及統一實業在112年3月17日於台北舉行聯合法說會，報告本公司截至111全年度營運與財務概況。","123220230317M001.pdf","123220230317E001.pdf","https://www.ttet.com.tw/",法說會影音連結資訊:http://www.ir-cloud.com/cancast/taiwan/index.php?id=tw1216_495&version=c ,"會議簡報及影音檔將於當日法說會後揭露及提供連結上傳於「公開資訊觀測站」。","查詢"
"1233","天仁","112/12/12","15:00","線上法人說明會","112年度天仁茶業線上法人說明會","123320231128M001.pdf","123320231128E001.pdf","https://www.tenren.com.tw/Content/Downloads/List.aspx?SiteID=10&amp;MmmID=654061447454403423",同步收看網址：:http://www.zucast.com/webcast/AUttG6lk 法說會影音連結資訊:https://www.tenren.com.tw/Content/Downloads/List.aspx?SiteID=10&MmmID=654061447454403423 ,"公司網站所提供法人說明會相關內容，將於法人說明會後上傳本公司網站。","查詢"
"1234","黑松","112/12/20","14:00","臺灣證券交易所一樓資訊展示中心(台北市信義區信義路五段7號1樓)","公司簡介及營運報告","123420231220M001.pdf","123420231220E001.pdf","https://www.heysong.com.tw/investor/stockconference",法說會影音連結資訊:https://webpro.twse.com.tw/WebPortal/vod/101/5DD104CD32DA-F3133189-9F08-11EE-9EF6/?categoryId=101 ,"無","查詢"
"1235","興泰","112/12/26","14:00","本公司二樓會議室(高雄市仁武區高楠公路10號)","2023年前三季營運概況說明","123520231226M001.pdf","123520231226E001.pdf","http://www.goldenbrand.com.tw/legal.php",法說會影音連結資訊:http://www.goldenbrand.com.tw/legal.php ,"無","查詢"
"1236","宏亞","112/12/28","14:30","台北市中正區忠孝西路一段6號14樓","受邀參加福邦證券舉辦之法人說明會，就本公司已公開之財務業務資訊作說明。","123620231226M001.pdf","123620231226E001.pdf","https://www.hunya.com.tw/ir/news/Conference",中文影音檔網址:1236_7_20231228_ch.mp4 ,"無。","查詢"
"1256","鮮活果汁-KY","112/11/24","15:00","線上法人說明會","受邀參加兆豐證券線上法人說明會，說明本公司營運概況。","125620231124M001.pdf","125620231124E001.pdf","http://www.myfreshjuice.com/",法說會影音連結資訊:http://www.myfreshjuice.com/list/?188_1.html ,"無","查詢"
"1301","台塑","112/05/26","14:00","台北君悅酒店(台北市信義區松壽路2號)3F","本公司受邀參加富邦證券法人說明會，說明本公司營運概況。","130120230525M001.pdf","130120230525E001.pdf","http://www.fpc.com.tw/fpcw/index.php?op=res&amp;id=13&amp;c=22","","無","查詢"
"1301","台塑","112/11/28","14:00","線上法說會","本公司受邀參加康和證券線上法說會，說明本公司營運概況。","130120231127M001.pdf","130120231127E001.pdf","http://www.fpc.com.tw/fpcw/index.php?op=res&amp;id=13&amp;c=22",中文影音檔網址:1301_42_20231128_ch.mp4 ,"報名請洽康和證券 Email:irene.ho@concords.com.tw","查詢"
"1301","台塑","112/02/16","13:30","台北晶華酒店(台北市中山北路二段39巷3號)4F","本公司受邀參加元大證券法人說明會，說明本公司營運概況。","130120221212M001.pdf","130120221212E001.pdf","http://www.fpc.com.tw/fpcw/index.php?op=res&amp;id=13&amp;c=22","","無","查詢"
"1301","台塑","112/08/23","14:00","國票金控大樓(台北市中山區樂群三路128號7樓)","本公司受邀參加國票綜合證券法人說明會，說明本公司營運概況。","130120230818M001.pdf","130120230818E001.pdf","http://www.fpc.com.tw/fpcw/index.php?op=res&amp;id=13&amp;c=22","","報名請洽國票綜合證券李小姐02-25288275 Email:anneli@ibfs.com.tw","查詢"
"1303","南亞","112/05/24","15:15","台北君悅酒店","本公司受邀參加台新證券舉辦之台新2023年第二季全球投資論壇，說明本公司之營運概況","130320230523M001.pdf","130320230523E001.pdf","http://www.npc.com.tw",法說會影音連結資訊:https://www.npc.com.tw/j2npc/zhtw/investor/Earnings%20Conference ,"無","查詢"
"1303","南亞","112/09/13","10:50","台北晶華酒店","本公司受邀參加元大證券舉辦之2023年元大證券第三季投資論壇，說明本公司之營運概況","130320230912M002.pdf","130320230912E002.pdf","http://www.npc.com.tw","","無","查詢"
"1303","南亞","112/12/19","14:30","元富證券","本公司受邀參加元富證券舉辦之法人說明會，說明本公司之營運概況","130320231218M002.pdf","130320231218E002.pdf","http://www.npc.com.tw","","無","查詢"
"1303","南亞","112/02/22","14:00","台北文創","本公司受邀參加元富證券舉辦之2023年台股企業日，說明本公司之營運概況","130320230221M001.pdf","130320230221E001.pdf","http://www.npc.com.tw","","無","查詢"
"1304","台聚","112/08/18","14:30","台北市信義區信義路五段7號1樓 (臺灣證券交易所資訊展示中心)","(1)主要產品市場回顧及展望(2)公司財務資訊","130420230818M001.pdf","130420230818E001.pdf","https://www.usife.com.tw/zh-tw/dirInvestor/frmInvestor7",法說會影音連結資訊:https://webpro.twse.com.tw/webportal/vod/101/3D5A2B2E678B-9281531D-3D9E-11EE-8E13/?categoryId=101 ,"無。","查詢"
"1304","台聚","112/05/24","14:30","線上法說會","本公司受邀參加群益金鼎證券舉辦之線上法說會，說明(1)主要產品市場回顧及展望(2)公司財務資訊。","130420230524M001.pdf","130420230524E001.pdf","https://www.usife.com.tw/zh-tw/dirInvestor/frmInvestor7",中文影音檔網址:1304_14_20230524_ch.mp4 ,"報名網址:https://forms.gle/Pgf4CeLNTvKYZUVo8 活動電話:(02)2650-3238 吳銘宗副總。","查詢"
"1304","台聚","112/03/21","14:30","台北市信義區信義路五段7號1樓 (臺灣證券交易所資訊展示中心)","(1)主要產品市場回顧及展望(2)公司財務資訊","130420230321M001.pdf","130420230321E001.pdf","https://www.usife.com.tw/zh-tw/dirInvestor/frmInvestor7",同步收看網址：:https://webpro.twse.com.tw/webportal/?liveChannelId=1 法說會影音連結資訊:https://webpro.twse.com.tw/webportal/vod/101/3B8E295B393F-EF309BF7-C7BD-11ED-ADD4/?categoryId=101 ,"出席人員仍需遵守中央疫情指揮中心之防疫規定。","查詢"
"1304","台聚","112/11/23","16:00","台北市信義區信義路五段7號1樓(臺灣證券交易所資訊展示中心)","(1)主要產品市場回顧及展望(2)公司財務資訊","130420231123M001.pdf","130420231123E001.pdf","https://www.usife.com.tw/zh-tw/dirInvestor/frmInvestor7",同步收看網址：:https://webpro.twse.com.tw/webportal/?liveChannelId=1 法說會影音連結資訊:https://webpro.twse.com.tw/webportal/vod/101/A7726E10C387-95CBA3FB-89DE-11EE-AF53/?categoryId=101 (請輸入網址名稱(註)):未輸 ,"無。","查詢"
"1305","華夏","112/11/14","14:30","台北市信義區信義路五段7號1樓(臺灣證券交易所資訊展示中心)","(1)2023年Q3回顧及Q4展望 (2)公司2023年Q3財務資訊","130520231114M001.pdf","130520231114E001.pdf","https://www.cgpc.com.tw/zh-tw/dirServices/frmServices8.aspx",同步收看網址：:https://webpro.twse.com.tw/webportal/?liveChannelId=1 法說會影音連結資訊:https://webpro.twse.com.tw/webportal/vod/101/D900927FA8EF-1865B908-82C2-11EE-9147/?categoryId=101 ,"無。","查詢"
"1305","華夏","112/05/18","14:30","台北市松山區民生東路三段156號11樓(群益金鼎證券會議室)","本公司受邀參加群益金鼎證券舉辦之法人說明會，說明(1)2023年Q1回顧及Q2展望(2)公司2023年Q1財務資訊。
報名網址：https://forms.gle/YAZj7zGvvYot3Pgp9","130520230518M002.pdf","130520230518E002.pdf","https://www.cgpc.com.tw/zh-tw/dirServices/frmServices8.aspx",中文影音檔網址:1305_25_20230518_ch.mp4 ,"建議與會者全程戴口罩。","查詢"
"1305","華夏","112/03/15","14:30","台北市信義區信義路五段7號1樓(臺灣證券交易所資訊展示中心)","(1)2022年回顧及2023年Q1展望 (2)公司2022年財務資訊","130520230315M003.pdf","130520230315E003.pdf","https://www.cgpc.com.tw/zh-tw/dirServices/frmServices8.aspx",同步收看網址：:https://webpro.twse.com.tw/webportal/?liveChannelId=1 法說會影音連結資訊:https://webpro.twse.com.tw/webportal/vod/101/F9531EE49DAB-8DC8D8B0-C30B-11ED-BD2C/?categoryId=101 ,"出席人員仍須遵守中央疫情指揮中心之防疫規定。","查詢"
"1305","華夏","112/08/14","14:30","台北市信義區信義路五段7號1樓(臺灣證券交易所資訊展示中心)","(1)2023年Q2回顧及Q3展望 (2)公司2023年上半年財務資訊","130520230814M001.pdf","130520230814E001.pdf","https://www.cgpc.com.tw/zh-tw/dirServices/frmServices8.aspx",同步收看網址：:https://webpro.twse.com.tw/webportal/?liveChannelId=1 法說會影音連結資訊:https://webpro.twse.com.tw/webportal/vod/101/3D5A2B2E678B-6B0DFF8B-3A78-11EE-8E13/?categoryId=101 ,"無。","查詢"
"1307","三芳","112/09/19","14:00","webex視訊會議","本公司受邀參加中信證券法人說明會,說明本公司之營運概況","130720230919M001.pdf","130720230919E001.pdf","https://www.sanfang.com/",法說會影音連結資訊:https://reurl.cc/blk4M6 ,"內容檔案於當日會後公告於公開資訊觀測站","查詢"
"1308","亞聚","112/11/16","16:00","台北市信義區信義路五段7號1樓(臺灣證券交易所資訊展示中心)","(1)公司簡介與產品介紹(2)營運概況及展望(3)財務資訊","130820231116M001.pdf","130820231116E001.pdf","https://www.apc.com.tw/zh-tw/dirServices/frmServices8.aspx",同步收看網址：:https://webpro.twse.com.tw/webportal/?liveChannelId=1 法說會影音連結資訊:https://webpro.twse.com.tw/webportal/vod/101/A7726E10C387-E2416155-845B-11EE-AF53/?categoryId=101 ,"無。","查詢"
"1308","亞聚","112/05/16","14:30","線上說明會","本公司受邀參加群益金鼎證券線上法說會。法說會內容:(1)公司簡介與產品介紹(2)營運概況及展望(3)財務資訊。","130820230516M001.pdf","130820230516E001.pdf","https://www.apc.com.tw/zh-tw/dirServices/frmServices8.aspx",中文影音檔網址:1308_8_20230516_ch.mp4 ,"報名網址:https://forms.gle/X35i3Q24LExdNpi47 活動電話:(02)8751-6888#6232曾經理","查詢"
"1309","台達化","112/11/17","16:00","台北市信義區信義路五段7號1樓(臺灣證券交易所資訊展示中心)","1.公司簡介
2.營運概況及展望
3.財務資訊","130920231117M001.pdf","130920231117E001.pdf","https://www.ttc.com.tw/zh-tw/dirServices/frmServices8.aspx",同步收看網址：:https://webpro.twse.com.tw/webportal/?liveChannelId=1 法說會影音連結資訊:https://webpro.twse.com.tw/webportal/vod/101/A7726E10C387-970C963B-8526-11EE-AF53/?categoryId=101 ,"無","查詢"
"1309","台達化","112/05/16","15:40","線上法說會","本公司受邀參加群益金鼎證券線上法說會，法說會內容: 1.公司概況 2.2022年回顧 3.2023年展望 4.公司財務資訊。","130920230516M001.pdf","130920230516E001.pdf","https://www.ttc.com.tw/zh-tw/dirServices/frmServices8.aspx",中文影音檔網址:1309_7_20230516_ch.mp4 ,"報名網址：https://forms.gle/e6CHEbMfjMe1yXTA9 。活動電話：(02)2650-3278 顏副總","查詢"
"1310","台苯","112/09/21","14:30","台北市民生東路四段54號4樓
（華南永昌證券）","本公司受邀參加華南永昌證券舉辦之法人說明會，說明本公司之營運概況。","131020230921M001.pdf","131020230921E001.pdf","https://www.smct.com.tw/",法說會影音連結資訊:https://1drv.ms/v/s!AlBVEbOhCbvvoVrbLYTMXpR4KUdY?e=x2Deja ,"報名請洽華南永昌 黃小姐 02-2545-6888#8968 Email:10015@entrust.com.tw","查詢"
"1312","國喬","112/12/05","14:00","採視訊方式進行","所屬產業概況及營運成果","131220231205M001.pdf","131220231205E001.pdf","http://www.gppc.com.tw",中文影音檔網址:1312_7_20231205_ch.mp4 ,"無","查詢"
"1313","聯成","112/08/18","14:00","線上法人說明會-Webex","本公司受邀參加凱基證券舉辦之法人說明會，說明公司營運概況及展望。","131320230818M002.pdf","131320230818E002.pdf","https://www.upc.com.tw/zh-TW/Html/ir_information/Index/ir_Conference",法說會影音連結資訊:https://www.youtube.com/watch?v=Ye_rmYDmz9Y ,"無","查詢"
"1313","聯成","112/11/29","14:30","台北市南港區南港路一段209號A棟1樓(A111訓練教室)","本公司受邀參加凱基證券舉辦之法人說明會，說明公司營運概況及展望。","131320231129M002.pdf","131320231129E002.pdf","https://www.upc.com.tw/zh-TW/Html/ir_information/Index/ir_Conference","","無","查詢"
"1314","中石化","112/04/14","16:00","臺灣證券交易所9樓大會議室 
(11049台北市信義路5段7號9樓)","說明本公司財務暨營運概況","131420230414M001.pdf","131420230414E001.pdf","https://www.cpdc.com.tw/tw/ir_conference",法說會影音連結資訊:https://webpro.twse.com.tw/webportal/vod/101/3B8E295B393F-C17FEEC9-DAA1-11ED-ADD4/?categoryId=101 ,"101大樓實施門禁，本公司擬於3:40~4:10PM於1樓信義路閘門發放臨時出入證供來賓進場","查詢"
"1314","中石化","112/09/08","16:00","臺灣證券交易所1樓資訊展示中心 
(11049台北市信義路5段7號1樓)","說明本公司財務暨營運概況","131420230908M001.pdf","131420230908E001.pdf","https://www.cpdc.com.tw/tw/ir_conference",法說會影音連結資訊:https://webpro.twse.com.tw/webportal/vod/101/7B4A5F2A05EA-8312B940-4E26-11EE-87FC/?categoryId=101 ,"無","查詢"
"1315","達新","112/12/21","15:00","第一金證券7樓會議室(台北市中山區長安東路一段22號7樓)","本公司受邀參加第一金證券舉辦之法人說明會，說明本公司近期財務暨營運概況。","131520231212M001.pdf","131520231212E001.pdf","http://www.tahhsin.com.tw",法說會影音連結資訊:https://webpro.twse.com.tw/WebPortal/vod/101/A74514E63643-15880AC7-9FDD-11EE-B430/?categoryId=101 ,"會議簡報依規定揭露於「公開資訊觀測站」。","查詢"
"1316","上曜","112/12/19","16:00","線上法說會","本公司受邀參加元大證券舉辦之線上法人說明會","131620231219M001.pdf","131620231219E001.pdf","",中文影音檔網址:1316_22_20231219_ch.mp4 ,"完整財務業務資訊請至公開資訊觀測站之法人說明會一覽表或法說會項目下查閱。","查詢"
"1316","上曜","112/03/30","15:30","台北市中正區中山南路11號10樓(張榮發基金會國際會議中心)","本公司受邀參加凱基證券與IR Trust共同舉辦之2023去資金槓桿化主題式投資論壇","131620230330M001.pdf","131620230330E001.pdf","","","完整財務業務資訊請至公開資訊觀測站之法人說明會一覽表或法說會項目下查閱。","查詢"
"1319","東陽","112/12/04 至 112/12/07","22:00","美國波士頓、紐約、斯坦福、芝加哥及德梅因","本公司受大和國泰證券邀請參加於112年12月4日至112年12月7日舉辦之美國NDR (Non-Deal Roadshow)，說明本公司之營運概況、財務及業務狀況相關事宜","131920231130M001.pdf","131920231130E001.pdf","http://www.tyg.com.tw","","無","查詢"
"1319","東陽","112/12/12","13:30","台北晶華酒店","本公司受永豐金證券邀請參加於112年12月12日舉辦之「2023年第四季投資論壇」，說明本公司之營運概況、財務及業務狀況相關事宜。","131920231130M001.pdf","131920231130E001.pdf","http://www.tyg.com.tw","","無","查詢"
"1319","東陽","112/09/06","14:00","以線上形式參與","本公司受第一金證券邀請參加於112年9月6日舉辦之線上投資座談會，說明本公司之營運概況、財務及業務狀況相關事宜。","131920230905M001.pdf","131920230905E001.pdf","http://www.tyg.com.tw","","無","查詢"
"1319","東陽","112/09/26","15:00","以線上形式參與","本公司受元大證券(香港)邀請參加於112年9月26日舉辦之線上區域投資論壇，說明本公司之營運概況、財務及業務狀況相關事宜。","131920230925M001.pdf","131920230925E001.pdf","http://www.tyg.com.tw","","無","查詢"
"1319","東陽","112/03/15 至 112/03/16","14:00","台北君悅酒店","本公司受美銀證券邀請參加於112年3月15日至3月16日舉辦之「2023 APAC TMT Conference」，說明本公司之營運概況、財務及業務狀況相關事宜。","131920230314M001.pdf","131920230314E001.pdf","http://www.tyg.com.tw","","無","查詢"
"1319","東陽","112/05/16","14:00","台北市寶慶路69號4樓","本公司受元大證券邀請參加於112年5月16日舉辦之法說會，說明本公司之營運概況、財務及業務狀況相關事宜。","131920230515M001.pdf","131920230515E001.pdf","http://www.tyg.com.tw",中文影音檔網址:1319_118_20230516_ch.mp4 ,"無","查詢"
"1319","東陽","112/01/04","14:00","台北市基隆路一段200號14樓","本公司受大和國泰證券邀請參加於112年1月4日舉辦之投資座談會，說明本公司之營運概況、財務及業務狀況相關事宜。","131920230103M001.pdf","131920230103E001.pdf","http://www.tyg.com.tw","","無","查詢"
"1319","東陽","112/06/07","14:30","台北晶華酒店4樓","本公司受永豐金證券邀請參加於112年6月7日舉辦之「2023年第二季產業論壇」，說明本公司之營運概況、財務及業務狀況相關事宜。","131920230606M001.pdf","131920230606E001.pdf","http://www.tyg.com.tw","","無","查詢"
"1321","大洋","112/08/21","16:00","台灣證券交易所資訊展示中心(台北信義區信義路5段7號1樓)","公司簡介、2023年事業部營運情形、2023Q2經營績效、
投資收益、資產活化及ESG永續報告書。","132120230818M001.pdf","132120230818E001.pdf","http://www.opc.com.tw",同步收看網址：:https://webpro.twse.com.tw/WebPortal/vod/101/3D5A2B2E678B-67C85716-4009-11EE-8E13/?categoryId=101 法說會影音連結資訊:https://webpro.twse.com.tw/WebPortal/vod/101/3D5A2B2E678B-67C85716-4009-11EE-8E13/?categoryId=101 ,"無","查詢"
"1323","永裕","112/11/20","14:30","線上法人說明會","公司受邀參加凱基證券公司所舉辦之上市公司法人說明會，說明本公司營運展望與經營績效。","132320231120M001.pptx","132320231120E001.pptx","https://www.yonyu.com.tw/yonyu/ir05.php",中文影音檔網址:1323_8_20231120_ch.mp4 ,"內容檔案於當日會後公告於公開資訊觀測站。連線方式請詳公司網站說明。","查詢"
"1324","地球","112/03/17","14:30","台北市忠孝西路一段6號14樓
(福邦證券會議室)","本公司2022年財務報告及2023年業績展望。","132420230317M002.pdf","132420230317E002.pdf","https://www.globetape.com/investor-63-71-page104",中文影音檔網址:1324_8_20230317_ch.mp4 ,"無。","查詢"
"1325","恆大","112/12/22","14:30","台北巿信義區信義路五段7號1樓(證交所資訊展示中心)","公司簡介及營運概況等說明","132520231221M001.pdf","132520231221E001.pdf","http://www.uk.com.tw",法說會影音連結資訊:https://webpro.twse.com.tw/WebPortal/vod/101/5DD104CD32DA-CC6C6F34-A09A-11EE-9EF6/?categoryId=101 ,"無","查詢"
"1326","台化","112/04/27","14:00","華南永昌綜合證券(台北市民生東路四段54號4樓)","本公司受邀參加華南永昌證券舉辦之法人說明會，說明本公司111年及112年第一季營運概況與產業產望","132620230426M001.pdf","132620230426E001.pdf","https://www.fcfc.com.tw/corporate-information-session",法說會影音連結資訊:未輸 ,"無","查詢"
"1326","台化","112/08/30","14:00","華南永昌綜合證券(台北市民生東路四段54號4樓)","本公司受邀參加華南永昌證券舉辦之法人說明會，說明本公司112年上半年之營運概況及產業展望","132620230830M002.pdf","132620230830E002.pdf","https://www.fcfc.com.tw/corporate-information-session",:未輸 法說會影音連結資訊:https://www.fcfc.com.tw/corporate-information-session ,"報名請洽華南永昌 王小姐02-25451712 Email:10002@entrust.com.tw","查詢"
"1337","再生-KY","112/12/06","16:30","臺灣證券交易所1樓資訊展示中心(台北市信義路5段7號101大樓1樓)","本公司召開法人說明會","133720240109M001.pdf","133720240109E001.pdf","http://asia-recycle.com/UpFiles/DT2023.txt",同步收看網址：:https://webpro.twse.com.tw 法說會影音連結資訊:https://webpro.twse.com.tw/WebPortal/vod/101/7B10A96FF4E1-9F6769C3-9416-11EE-B57F/?categoryId=101 ,"無","查詢"
"1338","廣華-KY","112/06/01","14:00","台北國泰萬怡酒店2樓會議室(台北市民生東路三段6號)","本公司受邀參加凱基證券與IR Trust共同舉辦之「2023年第二季投資論壇」","133820230531M001.pdf","133820230531E001.pdf","",:未輸 中文影音檔網址:1338_32_20230601_ch.mp4 ,"無","查詢"
"1338","廣華-KY","112/12/19","14:00","線上法說會(Webex線上會議)","本公司受邀參加宏遠證券舉辦之線上法人說明會","133820231218M001.pdf","133820231218E001.pdf","",法說會影音連結資訊:https://webpro.twse.com.tw/WebPortal/vod/101/7B10A96FF4E1-3D21EA1C-9E57-11EE-B57F/?categoryId=101 ,"無","查詢"
"1339","昭輝","112/11/08","15:00","彰化縣鹿港鎮興業路8號(昭輝辦公大樓會議室)","介紹公司概況，說明營運成果以及未來展望","133920231108M001.pdf","133920231108E001.pdf","http://www.yccco.com.tw",中文影音檔網址:1339_16_20231108_ch.mp4 ,"無","查詢"
"1339","昭輝","112/07/25","14:30","彰化縣鹿港鎮興業路8號(昭輝辦公大樓會議室)","介紹公司概況，說明營運成果以及未來展望","133920230725M001.pdf","133920230725E001.pdf","http://www.yccco.com.tw",中文影音檔網址:1339_15_20230725_ch.mp4 ,"無","查詢"
"1340","勝悅-KY","112/12/21","14:00","台北市衡陽路51號10樓(六順會議室)","本公司將於112年12月21日召開法人說明會","134020231218M001.pdf","134020231218E001.pdf","http://www.vnm.com.tw/index.php?option=module&amp;lang=cht&amp;task=pageinfo&amp;id=457&amp;index=1",中文影音檔網址:1340_16_20231221_ch.mp4 ,"完整財務業務資訊請至公開資訊觀測站之法人說明會一覽表或法說會項目下查閱。","查詢"
"1341","富林-KY","112/05/16","14:30","南港中信金融園區B棟13樓1302會議室(南港區經貿二路188號)","本公司受邀參加中信證券法人說明會，說明本公司之財務及營運概況。","134120230516M001.pdf","134120230516E001.pdf","http://www.fulinvn.com/tc/investor_detail.php?PKey=359",法說會影音連結資訊:https://youtu.be/Z2LxTHHjUe4 ,"內容檔案於當日會後公告於公開資訊觀測站","查詢"
"1342","八貫","112/12/14","14:30","台北市大安區敦化南路二段207號地下一樓 怡東園","本公司受邀參加元大證券舉辦之法說會，說明本公司營運概況及未來展望。","134220231213M001.pdf","134220231213E001.pdf","",中文影音檔網址:1342_8_20231214_ch.mp4 ,"無","查詢"
"1402","遠東新","112/10/17","14:00","台北南港展覽館 (2023台北紡織展)","本公司受邀參加由匯立證券於2023/10/17在台北南港展覽館所舉辦
CLST x FENC TITAS Investor Day，說明2023年度上半年營運與財務概況","140220231016M001.pdf","140220231016E001.pdf","http://www.fenc.com/",法說會影音連結資訊:https://media.fenc.com/index.aspx?lang=zh&id=4 ,"法說會資料已揭露於公開資訊觀測站之法說會專區","查詢"
"1402","遠東新","112/11/22 至 112/11/24","15:30","新加坡","本公司受邀參加由凱基證券於新加坡舉辦之NDR (Non-Deal Roadshow)，
說明2023年度第三季度營運與財務概況","140220231121M001.pdf","140220231121E001.pdf","http://www.fenc.com/","","法說會資料已揭露於公開資訊觀測站之法說會專區","查詢"
"1402","遠東新","112/03/22","16:00","視訊會議","本公司受邀參加由里昂證券於2023/3/22舉辦法人座談會，
說明2022年度營運與財務概況","140220230321M001.pdf","140220230321E001.pdf","http://www.fenc.com/","","法說會資料已揭露於公開資訊觀測站之法說會專區","查詢"
"1402","遠東新","112/01/12","14:00","台北遠東通訊園區","本公司受邀參加由匯豐證券於2023/1/12在台北遠東通訊園區所舉辦
HSBC FENC Tpark Property Tour，說明2022年度第三季度營運與財務概況","140220230111M001.pdf","140220230111E001.pdf","http://www.fenc.com/","","法說會資料已揭露於公開資訊觀測站之法說會專區","查詢"
"1402","遠東新","112/04/13","14:00","台北凱基總公司","本公司受邀參加由凱基證券於2023/4/13在台北凱基總公司
所舉辦法人座談會，說明2022年度營運與財務概況","140220230412M001.pdf","140220230412E001.pdf","http://www.fenc.com/","","法說會資料已揭露於公開資訊觀測站之法說會專區","查詢"
"1402","遠東新","112/05/31 至 112/06/01","13:30","香港","本公司受邀參加由摩根史坦利證券於2023/5/31-6/1在香港所舉辦
China Summit 2023，說明2023年度第一季度營運與財務概況","140220230530M001.pdf","140220230530E001.pdf","http://www.fenc.com/","","法說會資料已揭露於公開資訊觀測站之法說會專區","查詢"
"1402","遠東新","112/09/07","14:35","台北香格里拉","本公司受邀參加由國泰證券於2023/9/7在台北香格里拉所舉辦
之第三季產業論壇，說明2023年度第二季度營運與財務概況","140220230906M001.pdf","140220230906E001.pdf","http://www.fenc.com/","","法說會資料已揭露於公開資訊觀測站之法說會專區","查詢"
"1409","新纖","112/12/28","16:00","證交所101辦公大樓1樓資訊展示中心(15時40分~16時00分報到、16時00分~17時00分說明會)","2023年度營運狀況及未來展望說明會","140920231228M001.pdf","140920231228E001.pdf","",法說會影音連結資訊:https://webpro.twse.com.tw/WebPortal/vod/101/498CE94E7BC8-37F15442-A560-11EE-A3A1/?categoryId=101 ,"無","查詢"
"1410","南染","112/10/26","16:00","台灣證券交易所1樓資訊展示中心（台北市信義路5段7號1樓）","本公司近期營運概況說明","141020231026M001.pdf","141020231026E001.pdf","",同步收看網址：:https://webpro.twse.com.tw/WebPortal/vod/101/?categoryId=101 法說會影音連結資訊:https://webpro.twse.com.tw/WebPortal/vod/101/D900927FA8EF-639FAF4C-73DD-11EE-9147/?categoryId=101 ,"無","查詢"
"1413","宏洲","112/12/01","14:00","福邦證券股份有限公司會議室(台北市忠孝西路一段6號7樓)","本公司受邀參加福邦證券舉辦之法人說明會。","141320231130M002.pdf","141320231130E002.pdf","https://www.hungchou.com.tw/index",中文影音檔網址:1413_7_20231201_ch.MP4 ,"無","查詢"
"1414","東和","112/12/15","14:00","臺南市麻豆區埤頭里工業路227號","公司簡介與營運概況說明","141420231215M001.pdf","141420231215E001.pdf","http://www.tungho.com.tw/index.php?option=module&amp;lang=cht&amp;task=pageinfo&amp;id=1550&amp;index=1",法說會影音連結資訊:https://www.youtube.com/watch?v=YPYKSOafnso ,"無","查詢"
"1416","廣豐","112/06/16","14:00","http://www.zucast.com/webcast/5hTPI9gK","本公司於112年6月16日14:00 召開線上法人說明會，欲參加者可透過網路連接下列網址參加線上法說會http://www.zucast.com/webcast/5hTPI9gK","141620230615M001.pptx","141620230615E001.pptx","https://www.kfic.com.tw/shareholders.html",中文影音檔網址:1416_9_20230616_ch.mp4 ,"無","查詢"
"1417","嘉裕","112/11/16","15:10","線上法說會","本公司受邀參加富邦證券舉辦之線上法說會,會中介紹本公司2023年第三季營運成果報告","141720231116M001.pdf","141720231116E001.pdf","https://www.carnival.com.tw/download.php?lang=tw&amp;tb=2",中文影音檔網址:1417_12_20231116_ch.mp4 ,"報名請洽富邦證券法人業務部 tingju.yeh@fubon.com","查詢"
"1418","東華","112/12/20","15:30","臺灣證券交易所1樓資訊展示中心(地址:台北市信義區信義路五段7號101大樓1樓)","本公司112年第三季財務報告","141820231215M001.pdf","141820231215E001.pdf","",法說會影音連結資訊:https://webpro.twse.com.tw/WebPortal/vod/101/5DD104CD32DA-2A26211A-9F17-11EE-9EF6/?categoryId=101 ,"無","查詢"
"1419","新紡","112/09/12","14:30","臺北市信義區信義路五段7號1樓
證券交易所資訊展示中心","簡報營運狀況","141920230911M001.pptx","141920230911E001.pptx","https://www.sktextile.com.tw/investors/relationship/investor-conference?year=2023",:未輸 法說會影音連結資訊:https://webpro.twse.com.tw/WebPortal/vod/101/7B4A5F2A05EA-4B67B4E7-5138-11EE-87FC/?categoryId=101 ,"無","查詢"
"1423","利華","112/04/14","14:30","台灣證券交易所(101大樓)九樓會議大廳(台北市信義路五段7號)","本公司111年度營運概況。","142320230414M002.pdf","142320230414E002.pdf","http://www.reward.com.tw/",法說會影音連結資訊:https://webpro.twse.com.tw/WebPortal/vod/101/3B8E295B393F-6459FCD8-DA93-11ED-ADD4/?categoryId=101 ,"本公司將派員14:00~14:40於101辦公大樓信義路入口閘門處發放臨時出入證。","查詢"
"1432","大魯閣","112/12/12","14:30","臺灣證券交易所1樓資訊展示中心 (台北市信義區信義路五段7號1樓)","本公司營運現況及未來營運方向","143220231211M001.pdf","143220231211E001.pdf","https://www.taroko.com.tw/investor-conference/",同步收看網址：:https://webpro.twse.com.tw/webportal/vod/101/7B10A96FF4E1-95F85048-98C2-11EE-B57F/?categoryId=101 法說會影音連結資訊:https://webpro.twse.com.tw/webportal/vod/101/7B10A96FF4E1-95F85048-98C2-11EE-B57F/?categoryId=101 ,"完整資訊請至公開資訊觀測站或本公司網站查閱","查詢"
"1434","福懋","112/06/27","14:00","華南永昌證券 (台北市松山區民生東路4段54號4樓會議室)","本公司受邀參加華南永昌證券舉辦之法人說明會，說明本公司之營運概況。","143420230626M001.pdf","143420230626E001.pdf","http://www.ftc.com.tw/newftc/legal.php","","報名請洽華南永昌 02-25456888#8383、8261 Email:10019@entrust.com.tw","查詢"
"1434","福懋","112/11/28","14:00","線上法說會","本公司受邀參加華南永昌證券舉辦之法人說明會，說明本公司之營運概況。","143420231127M001.pdf","143420231127E001.pdf","http://www.ftc.com.tw/newftc/legal.php",法說會影音連結資訊:http://www.ftc.com.tw/newftc/legal.php ,"報名請洽華南永昌 王小姐02-25456888#8261 Email:10002@entrust.com.tw","查詢"
"1435","中福","112/11/21","16:00","線上法說會","本公司受邀參加元大證券舉辦之線上法人說明會，會中說明本公司營運概況","143520231121M001.pptx","143520231121E001.pptx","",中文影音檔網址:1435_7_20231121_ch.mp4 ,"無","查詢"
"1436","華友聯","112/10/24","16:00","線上法說會。","本公司受邀參加元大證券舉辦之線上法說會，報告本公司營運狀況。","143620231024M001.pdf","143620231024E001.pdf","http://www.huakai.com.tw",法說會影音連結資訊:https://youtu.be/91voeUKgpBE ,"無。","查詢"
"1437","勤益控","112/06/30","14:30","線上法人說明會","本公司受邀參加永豐金證券舉辦之線上法人說明會，說明本公司
財務狀況","143720230630M001.pdf","143720230630E001.pdf","https://www.gtm.com.tw/investor-meeting/",中文影音檔網址:1437_10_20230630_ch.mp4 ,"無","查詢"
"1437","勤益控","112/11/23","14:30","線上法人說明會","本公司受邀參加永豐金證券舉辦之線上法人說明會，說明本公司財務狀況","143720231123M001.pdf","143720231123E001.pdf","https://www.gtm.com.tw/investor-meeting/",中文影音檔網址:1437_11_20231123_ch.mp4 ,"無","查詢"
"1438","三地開發","112/12/19","11:00","高雄市苓雅區中正二路175號16樓之3(本次法說會採線上會議)","本公司營運概況及未來推案規劃","143820231218M001.pdf","143820231218E001.pdf","",中文影音檔網址:1438_8_20231219_ch.mp4 ,"無","查詢"
"1439","雋揚","112/07/20","14:30","福邦證券總公司(台北市忠孝西路一段6號7樓)","本公司受邀參加福邦證券舉辦之法人說明會","143920230720M001.pdf","143920230720E001.pdf","https://www.ascentglobal.com.tw/tw/investor",中文影音檔網址:1439_8_20230720_ch.MP4 ,"公司簡介、營運及財務概況等說明。","查詢"
"1439","雋揚","112/12/06","15:30","福邦證券總公司(台北市忠孝西路一段6號14樓)","本公司受邀參加福邦證券舉辦之法人說明會","143920231206M001.pdf","143920231206E001.pdf","https://www.ascentglobal.com.tw/tw/investor",法說會影音連結資訊:未輸 ,"公司簡介、營運及財務概況等說明。","查詢"
"1440","南紡","112/09/05","14:00","臺北文創(台北市信義區菸廠路88號6F)","本公司受邀參加元富證券所舉辦之「 2023年秋季產業投資論壇」，說明本公司營運概況。","144020230904M001.pdf","144020230904E001.pdf","http://www.tainanspin.com.tw/index.php?option=module&amp;lang=cht&amp;task=pageinfo&amp;id=39&amp;index=1","","無","查詢"
"1440","南紡","112/03/16","13:30","台北晶華酒店（台北市中山北路二段39巷3號）","本公司受邀參加永豐金證券所舉辦之「2023 Q1投資論壇」，說明本公司營運概況。","144020230314M001.pdf","144020230314E001.pdf","http://www.tainanspin.com.tw/index.php?option=module&amp;lang=cht&amp;task=pageinfo&amp;id=39&amp;index=1",中文影音檔網址:1440_21_20230316_ch.mp4 ,"無","查詢"
"1441","大東","112/11/28","14:30","視訊系統：cisco webex","藉此活動讓法人及投資者更瞭解公司產品現況及未來發展計畫，進而清楚掌握公司未來的營運動向","144120231128M001.pdf","144120231128E001.pdf","",法說會影音連結資訊:未輸 ,"本次會議採線上報名，請逕洽元富證券 承銷部 電話：02-23255818分機726陳小姐","查詢"
"1441","大東","112/12/13","14:30","視訊系統：cisco webex","藉此活動讓法人及投資者更瞭解公司產品現況及未來發展計畫，進而清楚掌握公司未來的營運動向","144120231213M002.pdf","144120231213E002.pdf","",中文影音檔網址:1441_10_20231213_ch.mp4 ,"本次會議採線上報名，請逕洽元富證券 承銷部 電話：02-23255818分機726陳小姐","查詢"
"1442","名軒","112/11/30","14:30","新北市五股區成泰路一段189巷16號B1綜合教室","公司財務與營運概況說明","144220231130M001.pdf","144220231130E001.pdf","https://www.advancetek.com.tw/投資人專區/財務業務/法人說明會",中文影音檔網址:1442_10_20231130_ch.mp4 ,"無","查詢"
"1443","立益物流","112/12/19","15:00","台北市敦化南路二段97號11樓
（敦南摩天大廈-元富證券11樓教育訓練室）","本公司受邀參加元富證券舉辦之法人說明會，會議中說明本公司財務暨營運概況","144320231221M002.ppt","144320231221E002.ppt","http//www.lily.com.tw",法說會影音連結資訊:未輸 ,"無","查詢"
"1444","力麗","112/11/22","14:30","台北市忠孝東路二段95號13樓(兆豐證券)","公司財務及營運概況。","144420231121M001.ppt","144420231121E001.ppt","https://www.lealeagroup.com.tw/project-detail/ll29/",中文影音檔網址:1444_10_20231122_ch.mp4 ,"報名網址：https://forms.gle/5SaMEcDkoG4kWavk6","查詢"
"1445","大宇","112/11/30","14:00","群益金鼎證券(台北市松山區民生東路三段156號14樓)","本公司受邀參加群益金鼎證券之法人說明會，進行本公司營運概況說明。","144520231130M001.pptx","144520231130E001.pptx","http://www.utc.tw/UNIVERSAL/Service10.aspx",法說會影音連結資訊:http://www.utc.tw/UNIVERSAL/Service10.aspx ,"無","查詢"
"1446","宏和","112/12/12","14:00","線上法說會","本公司受邀參加元大證券舉辦之線上法說會","144620231212M001.pdf","144620231212E001.pdf","http://www.hongho.com.tw/",中文影音檔網址:1446_8_20231212_ch.mp4 ,"無","查詢"
"1447","力鵬","112/11/22","15:30","台北市忠孝東路二段95號13樓(兆豐證券)","公司財務及營運概況。","144720231121M001.ppt","144720231121E001.ppt","https://www.lealeagroup.com.tw/project-detail/lp29/",中文影音檔網址:1447_15_20231122_ch.mp4 ,"　報名網址：https://forms.gle/UMEJZBD7XW6z619Q9","查詢"
"1449","佳和","112/12/21","15:00","台南市官田區工業路11號行政大樓一樓會議室","簡報營運狀況","144920231220M001.pptx","144920231220E001.pptx","http://www.chgtex.com",法說會影音連結資訊:https://youtu.be/s_LRImmQ0TM ,"完整資訊請至公開資訊觀測站之法人說明會一覽表或法說會項目下查詢","查詢"
"1451","年興","112/12/15","16:00","台北市信義區信義路五段7號1樓(臺灣證券交易所資訊展示中心)","公司簡介及營運概況說明","145120231214M001.pptx","145120231214E001.pptx","https://www.nhjeans.com",法說會影音連結資訊:https://webpro.twse.com.tw/WebPortal/vod/101/7B10A96FF4E1-23BA3397-9B23-11EE-B57F/?categoryId=101 ,"無","查詢"
"1452","宏益","112/11/23","14:00","台北市大同區塔城街66號6樓","本公司受邀參加群益金鼎證券舉辦之法人說明會","145220231123M001.pdf","145220231123E001.pdf","https://www.hongyilon.com.tw/",中文影音檔網址:1452_7_20231123_ch.mp4 ,"無","查詢"
"1453","大將","112/12/21","15:00","德信綜合證券會議中心
(台北市中正區新生南路一段50號3樓)","本公司現況及營運展望說明","145320231221M001.pptx","145320231221E001.pptx","http://www.tajiang.com.tw",中文影音檔網址:1453_7_20231221_ch.mp4 ,"相關資料將依法人說明會相關規定登載於公開資訊觀測站及公司網站","查詢"
"1454","台富","112/05/30","14:00","台北市大安區敦化南路一段111號9樓","112年第一次法人說明會","內容檔案於當日會後公告於公開資訊觀測站","內容檔案於當日會後公告於公開資訊觀測站","","","無","查詢"
"1454","台富","112/12/06","14:00","台北市敦化北路一段111號9樓段富邦綜合證券","一、公司簡介。
二、公司沿革。
三、營運概況。
四、未來展望。","145420231205M001.pptx","145420231205E001.pptx","www.ttfco.com",同步收看網址：:https://www.youtube.com/watch?v=pTOkO0SH8zE 法說會影音連結資訊:https://www.youtube.com/watch?v=pTOkO0SH8zE ,"無","查詢"
"1455","集盛","112/12/08","14:30","統一綜合證券 B203 會議室 (台北市松山區東興路8號 B2)","報告本公司112年前三季之營運結果及未來展望","145520231208M001.pdf","145520231208E001.pdf","http://www.zigsheng.com",法說會影音連結資訊:http://www.zigsheng.com/investor-area-zh/financial-information-zh/legal-zh/ ,"無","查詢"
"1456","怡華","112/09/15","14:30","臺灣證券交易所1樓資訊展示中心(台北市信義區信義路5段7號1樓)","簡報說明公司營運情形","145620230912M001.pdf","145620230912E001.pdf","https://www.ihwa.com.tw/investmentdetail_tw.php?id=977",法說會影音連結資訊:https://webpro.twse.com.tw/WebPortal/vod/101/7B4A5F2A05EA-AB07A00C-5395-11EE-87FC/?categoryId=101 ,"無","查詢"
"1457","宜進","112/12/01","14:00","福邦證券股份有限公司會議室(台北市忠孝西路一段6號7樓)","本公司受邀參加福邦證券舉辦之法人說明會","145720231130M002.pdf","145720231130E002.pdf","http://www.yijinn.com.tw",中文影音檔網址:1457_7_20231201_ch.MP4 ,"無","查詢"
"1459","聯發","112/12/20","13:30","線上法說會","玉山證券舉辦之【2023第三季聯合產業座談會】","145920231220M001.pdf","145920231220E001.pdf","http://www.lanfa.com.tw/",中文影音檔網址:1459_8_20231220_ch.mp4 ,"無","查詢"
"1459","聯發","112/09/20","13:30","線上法說會","元大證券舉辦之【2023第二季聯合產業座談會】","145920230920M001.pdf","145920230920E001.pdf","http://www.lanfa.com.tw/",中文影音檔網址:1459_7_20230920_ch.mp4 ,"無","查詢"
"1460","宏遠","112/07/19","14:30","線上法人座談會","本公司受邀參加凱基證券舉辦之法人座談會，於會中就已公開發
佈之財務數字、經營績效等相關資訊做說明。","146020230719M001.pdf","146020230719E001.pdf","https://everest.creatop.tw/tw/investor/conference",法說會影音連結資訊:https://youtu.be/nkXWQsA4AaA ,"無","查詢"
"1463","強盛新","112/12/11","14:30","康和綜合證券總公司14樓會議室 台北市信義區基隆路一段176號14樓","本公司受繳參加康和綜合證券所舉辦之法人說明會","146320231208M001.pdf","146320231208E001.pdf","https://www.csgroup.com.tw/zh-hant/investor/call/",法說會影音連結資訊:https://www.csgroup.com.tw/zh-hant/investor/call/ ,"無","查詢"
"1464","得力","112/06/30","14:00","台南市新市區三舍里240號","說明本公司之營運概況","146420230629M001.pptx","146420230629E001.pptx","http://www.delicacy.com.tw/zh-tw/Investor/法說會/法說會資訊",法說會影音連結資訊:http://www.delicacy.com.tw/zh-tw/Investor/法說會/法說會資訊 ,"欲參加者請洽朱小姐(06)5011081或mail:chuchu5811@delicacy.com.tw","查詢"
"1464","得力","112/12/20","14:30","線上法人說明會","本公司受邀參加元富證券舉辦之法人說明會，說明本公司之營運概況。","146420231219M001.pptx","146420231219E001.pptx","http://www.delicacy.com.tw/zh-tw/Investor/法說會/法說會資訊",法說會影音連結資訊:http://www.delicacy.com.tw/zh-tw/Investor/法說會/法說會資訊 ,"欲參加者請洽元富陳冠婷小姐(02)23255818#726或mail：arielchen04@masterlink.com.tw","查詢"
"1465","偉全","112/09/14","14:00","台北市信義路五段7號101大樓1樓(臺灣證券交易所資訊展示中心)","說明本公司之業務與財務概況。","146520230914M001.pdf","146520230914E001.pdf","",法說會影音連結資訊:https://webpro.twse.com.tw/WebPortal/ ,"無。","查詢"
"1466","聚隆","112/11/29","14:00","線上法人說明會-Webex","本公司受邀凱基證券股份有限公司舉辦之法人說明會。","146620231128M001.pdf","146620231128E001.pdf","",法說會影音連結資訊:https://www.youtube.com/watch?v=42atAt3KMuE ,"無","查詢"
"1467","南緯","112/12/12","16:00","台北市信義路5段7號101大樓1樓(證交所1F資訊展示中心)","說明本公司營運及財務相關概況。","146720231212M001.pdf","146720231212E001.pdf","http://www.texray.com",同步收看網址：:https://webpro.twse.com.tw/WebPortal/vod/101/7B10A96FF4E1-981C0BE9-98C8-11EE-B57F/?categoryId=101 法說會影音連結資訊:https://webpro.twse.com.tw/WebPortal/vod/101/7B10A96FF4E1-981C0BE9-98C8-11EE-B57F/?categoryId=101 ,"15:30報到，16:00會議開始。","查詢"
"1468","昶和","112/12/12","14:30","台北市大安區忠孝東路四段270號9樓","本公司自辦法人說明會","146820231211M001.pdf","146820231211E001.pdf","https://www.chang-ho.com.tw/",同步收看網址：:https://fb.watch/oTMBejwxgA/?mibextid=6yaNxA 法說會影音連結資訊:https://www.facebook.com/watch/?v=1091751381856887 ,"無","查詢"
"1468","昶和","112/09/05","14:30","台北市大安區忠孝東路四段270號9樓","本公司自辦法人說明會","146820230901M001.pdf","146820230901E001.pdf","https://www.chang-ho.com.tw/",同步收看網址：:https://fb.watch/mSz678d2M-/?mibextid=v7YzmG 法說會影音連結資訊:https://www.facebook.com/100076269264596/videos/143541615479596/ ,"無","查詢"
"1470","大統新創","112/12/20","13:30","線上法說會","公司簡介及營運概況說明","147020231218M001.pdf","147020231218E001.pdf","https://www.evertex.tw/en/ir/corporate-presentation",中文影音檔網址:1470_10_20231220_ch.mp4 ,"無","查詢"
"1470","大統新創","112/09/20","13:30","線上法說會","公司簡介及營運概況說明","147020230920M001.pdf","147020230920E001.pdf","https://www.evertex.tw/en/ir/corporate-presentation",中文影音檔網址:1470_8_20230920_ch.mp4 ,"無","查詢"
"1471","首利","112/12/20","14:30","福邦證券總公司(台北市忠孝西路一段6號7樓)","公司簡介及營運概況等說明","147120231220M001.pdf","147120231220E001.pdf","https://www.soly-tech.com/",中文影音檔網址:1471_7_20231220_ch.MP4 ,"無","查詢"
"1472","三洋實業","112/12/11","14:00","線上法說會","本公司受邀參加康和證券舉辦之線上法人說明會，說明公司營運狀況及未來展望","147220231211M001.pdf","147220231211E001.pdf","https://triocean.com.tw/",法說會影音連結資訊:https://www.youtube.com/watch?v=vbHh8xdlK4A ,"報名請洽康和證券鄭小姐 電話:(02)8787-1888#201或Email:110130@concords.com.tw","查詢"
"1473","台南","112/06/28","14:00","線上法人說明會","報告公司簡介及營運狀況","147320230628M001.pdf","147320230628E001.pdf","https://www.eng.tai-nan.com/investor-conference?lang=zh",中文影音檔網址:1473_20_20230628_ch.mp4 ,"WEBEX會議號碼：2519 518 3724 ,會議密碼：Dm74g#","查詢"
"1473","台南","112/10/26","14:00","線上法人說明會","本公司受邀參加元大證券舉辦之線上法人說明會，報告公司簡介及營運狀況。","147320231026M001.pdf","147320231026E001.pdf","https://www.eng.tai-nan.com/investor-conference?lang=zh",中文影音檔網址:1473_21_20231026_ch.mp4 ,"無","查詢"
"1474","弘裕","112/12/13","16:00","台北市信義區信義路五段7號1樓
(臺灣證券交易所資訊展示中心)","本公司之產品發展與未來營運重點","147420231213M001.pdf","147420231213E001.pdf","https://www.textile-hy.com.tw/finance/法說會資訊.html",同步收看網址：:https://webpro.twse.com.tw/webportal/vod/101/7B10A96FF4E1-40CCA9CD-9997-11EE-B57F/?categoryId=101 法說會影音連結資訊:https://webpro.twse.com.tw/webportal/vod/101/7B10A96FF4E1-40CCA9CD-9997-11EE-B57F/?categoryId=101 ,"無","查詢"
"1474","弘裕","112/06/13","16:00","台北市忠孝東路二段95號13樓(兆豐證券總公司)","本公司之產品發展與未來營運重點","147420230612M002.pdf","147420230612E002.pdf","https://www.textile-hy.com.tw/finance/%E6%B3%95%E8%AA%AA%E6%9C%83%E8%B3%87%E8%A8%8A.html",法說會影音連結資訊:https://youtu.be/L8wsJHkhwx0 ,"無","查詢"
"1475","業旺","112/12/25","14:30","台北市重慶南路一段2號12樓 (凱基證券)","公司簡介與營業概況","147520231225M001.pdf","147520231225E001.pdf","",中文影音檔網址:1475_7_20231225_ch.mp3 ,"本公司受邀參加凱基證券舉辦之法人說明會","查詢"
"1476","儒鴻","112/11/15 至 112/11/16","09:00","新加坡","本公司受邀參加Morgan Stanley舉辦之Twenty-Second Annual Asia Pacific Summit，會中說明本公司112年第3季經營成果及營運展望。","147620231110M001.pdf","147620231110E001.pdf","https://www.eclat.com.tw/zh-tw/investors/events-presentations/","","無","查詢"
"1476","儒鴻","112/11/09","15:00","台北市大安區羅斯福路4段85號B1(集思台大會議中心柏拉圖
廳)","本公司受邀參加國泰綜合證券舉辦之法人說明會，會中說明
本公司112年第三季營運成果報告及意見交流。","147620231109M001.pdf","147620231109E001.pdf","https://www.eclat.com.tw/zh-tw/investors/","","欲報名參加者，請洽國泰法人部 Email： vani.chen@cathaysec.com.tw","查詢"
"1476","儒鴻","112/08/10","16:00","線上法人說明會","本公司受邀參加Morgan Stanley舉辦之線上法人說明會，會
中說明本公司112年上半年經營成果報告及營運展望。","147620230808M001.pdf","147620230808E001.pdf","https://www.eclat.com.tw/zh-tw/investor_presentation.php","","欲報名參加者，請以E-mail 回覆(E-mail: Claudia.Wu@morganstanley.com)","查詢"
"1476","儒鴻","112/08/14","14:00","線上法人說明會","本公司受邀參加大和國泰證券舉辦之線上法人說明會，
會中說明本公司112年上半年經營成果報告及營運展
望。","147620230808M001.pdf","147620230808E001.pdf","http://www.eclat.com.tw/zh-tw/investor_presentation.php","","欲報名參加者，請與大和國泰證券業務部門聯繫","查詢"
"1476","儒鴻","112/03/09","15:00","實體及線上法說會。
實體地點﹕台北市敦化南路一段108號B2 (富邦國際會議中心)","受邀參加
本公司受邀參加富邦證券舉辦之法人說明會，會中說明本公司111年度經營成果報告及意見交流","147620230308M001.pdf","147620230308E001.pdf","http://www.eclat.com.tw/zh-tw/investor_presentation.php",法說會影音連結資訊:https://www.eclat.com.tw/zh-tw/investor_presentation.php ,"欲報名參加者，請以E-mail回覆 富邦法人部Ivy(E-mail: tingju.yeh@fubon.com)","查詢"
"1476","儒鴻","112/08/08","14:30","台北市杭州南路一段24號5樓
(集思交通部國際會議中心 集會堂)","本公司受邀參加永豐金證券舉辦之法人說明會，會中說明本公司112年第二季經營成果報告及意見交流","147620230808M001.pdf","147620230808E001.pdf","https://www.eclat.com.tw/zh-tw/investor_presentation.php","","欲報名參加者，煩請於112/8/4前以E-mail回覆(betty.hsieh@sinopac.com)","查詢"
"1476","儒鴻","112/05/18","15:00","集思北科大會議中心3樓艾爾法廳。
地址﹕台北市忠孝東路三段1號3樓 (億光大樓)","本公司受邀參加兆豐證券舉辦之法人說明會，會中說明本公司112年第一季經營成果報告及意見交流","147620230518M001.pdf","147620230518E001.pdf","https://www.eclat.com.tw/zh-tw/investor_presentation.php",法說會影音連結資訊:https://drive.google.com/file/d/1Gj7N1TPNMEKf3O9hGeQ9GgmAmoaWUItt/view?usp=drive_web ,"欲報名參加者，請以E-mail回覆 兆豐法人組葉小姐(E-mail: yvonne_yeh@megasec.com.tw)","查詢"
"1477","聚陽","112/09/12 至 112/09/13","09:00","香港","介紹本公司之營運概況及經營策略等財務業務相關資料","147720230904M002.pdf","147720230904E002.pdf","http://www.makalot.com.tw","","無","查詢"
"1477","聚陽","112/08/31","14:00","台北君悅酒店","介紹本公司之營運概況及經營策略等財務業務相關資料","147720230822M002.pdf","147720230822E002.pdf","http://www.makalot.com.tw","","無","查詢"
"1477","聚陽","112/08/24","14:00","台北晶華酒店","介紹本公司之營運概況及經營策略等財務業務相關資料","147720230822M002.pdf","147720230822E002.pdf","http://www.makalot.com.tw","","無","查詢"
"1477","聚陽","112/06/29","10:00","線上法說會","介紹本公司之營運概況及經營策略等財務業務相關資料","147720230503M001.pdf","147720230503E001.pdf","http://www.makalot.com.tw","","無","查詢"
"1477","聚陽","112/05/23 至 112/05/24","09:00","馬來西亞、新加坡","介紹本公司之營運概況及經營策略等財務業務相關資料","147720230522M001.pdf","147720230522E001.pdf","http://www.makalot.com.tw","","無","查詢"
"1477","聚陽","112/10/17","14:15","UBS台北辦公室(台北市信義區松仁路7號)","介紹本公司之營運概況及經營策略等財務業務相關資料","147720230904M002.pdf","147720230904E002.pdf","http://www.makalot.com.tw","","無","查詢"
"1477","聚陽","112/10/24","14:00","台北市南京東路5段188號15樓","介紹本公司之營運概況及經營策略等財務業務相關資料","147720230904M002.pdf","147720230904E002.pdf","http://www.makalot.com.tw",中文影音檔網址:1477_258_20231024_ch.mp3 ,"無","查詢"
"1477","聚陽","112/11/03","14:00","線上法說會","介紹本公司之營運概況及經營策略等財務業務相關資料","147720231102M001.pdf","147720231102E001.pdf","http://www.makalot.com.tw","","無","查詢"
"1477","聚陽","112/12/12","15:40","台北晶華酒店","介紹本公司之營運概況及經營策略等財務業務相關資料","147720231102M001.pdf","147720231102E001.pdf","http://www.makalot.com.tw","","無","查詢"
"1477","聚陽","112/12/06","11:15","台北君悅酒店","介紹本公司之營運概況及經營策略等財務業務相關資料","147720231102M001.pdf","147720231102E001.pdf","http://www.makalot.com.tw","","無","查詢"
"1477","聚陽","112/02/23","11:15","台北文創(台北市菸廠路88號6樓)","介紹本公司之營運概況及經營策略等財務業務相關資料","147720221111M001.pdf","147720221111E001.pdf","http://www.makalot.com.tw","","無","查詢"
"1477","聚陽","112/05/04","15:00","線上法說會","介紹本公司之營運概況及經營策略等財務業務相關資料","147720230503M001.pdf","147720230503E001.pdf","http://www.makalot.com.tw","","無","查詢"
"1477","聚陽","112/03/15","10:00","台北君悅酒店","介紹本公司之營運概況及經營策略等財務業務相關資料","147720221111M001.pdf","147720221111E001.pdf","http://www.makalot.com.tw","","無","查詢"
"1477","聚陽","112/06/06","09:00","新加坡","介紹本公司之營運概況及經營策略等財務業務相關資料","147720230503M001.pdf","147720230503E001.pdf","http://www.makalot.com.tw","","無","查詢"
"1477","聚陽","112/06/07","10:00","台北文創(台北市菸廠路88號6樓)","介紹本公司之營運概況及經營策略等財務業務相關資料","147720230503M001.pdf","147720230503E001.pdf","http://www.makalot.com.tw","","無","查詢"
"1477","聚陽","112/06/14","14:30","UBS台北辦公室(台北市信義區松仁路7號)","介紹本公司之營運概況及經營策略等財務業務相關資料","147720230503M001.pdf","147720230503E001.pdf","http://www.makalot.com.tw","","無","查詢"
"1477","聚陽","112/01/13","14:00","台北市南京東路5段188號15樓","介紹本公司之營運概況及經營策略等財務業務相關資料","147720221111M001.pdf","147720221111E001.pdf","http://www.makalot.com.tw","","無","查詢"
"1477","聚陽","112/11/15 至 112/11/16","09:00","新加坡","介紹本公司之營運概況及經營策略等財務業務相關資料","147720231102M001.pdf","147720231102E001.pdf","http://www.makalot.com.tw","","無","查詢"
"1477","聚陽","112/06/06","11:15","茹曦酒店（台北市松山區敦化北路100號)","介紹本公司之營運概況及經營策略等財務業務相關資料","147720230503M001.pdf","147720230503E001.pdf","http://www.makalot.com.tw","","無","查詢"
"1477","聚陽","112/03/02","11:15","台北君悅酒店","介紹本公司之營運概況及經營策略等財務業務相關資料","147720221111M001.pdf","147720221111E001.pdf","http://www.makalot.com.tw","","無","查詢"
"1477","聚陽","112/02/16","10:30","台北晶華酒店","介紹本公司之營運概況及經營策略等財務業務相關資料","147720221111M001.pdf","147720221111E001.pdf","http://www.makalot.com.tw","","無","查詢"
"1477","聚陽","112/09/07","10:40","香格里拉台北遠東國際大飯店","介紹本公司之營運概況及經營策略等財務業務相關資料","147720230822M002.pdf","147720230822E002.pdf","http://www.makalot.com.tw","","無","查詢"
"1477","聚陽","112/09/05","11:15","台北君悅酒店","介紹本公司之營運概況及經營策略等財務業務相關資料","147720230904M002.pdf","147720230904E002.pdf","http://www.makalot.com.tw","","無","查詢"
"1477","聚陽","112/08/03","14:00","線上法說會","介紹本公司之營運概況及經營策略等財務業務相關資料","147720230503M001.pdf","147720230503E001.pdf","https://www.makalot.com.tw","","無","查詢"
"1477","聚陽","112/08/23","14:00","線上法說會","介紹本公司之營運概況及經營策略等財務業務相關資料","147720230822M002.pdf","147720230822E002.pdf","http://www.makalot.com.tw","","無","查詢"
"1503","士電","112/10/19","14:00","台北市信義區信義路五段7號1樓 證券交易所資訊展示中心","說明本公司之營運概況、財務及業務相關資訊。","150320231019M001.pptx","150320231019E001.pptx","https://www.seec.com.tw/Content/Messagess/contents.aspx?SiteID=10&amp;MmmID=655617024476060631",中文影音檔網址:1503_12_20231019_ch.mp4 ,"無","查詢"
"1504","東元","112/11/15","14:30","本公司5樓會議室(台北市南港區三重路19-9號5樓)","說明東元電機112年第三季財務業務相關資訊。","150420231115M001.pdf","150420231115E001.pdf","https://www.teco.com.tw/announce",同步收看網址：:https://zoom.us/j/97357384617 法說會影音連結資訊:https://youtu.be/Tbu9e6-DhBU ,"無。","查詢"
"1504","東元","112/05/24","15:15","台北君悅酒店(台北市信義區松壽路2號)","本公司受邀參加台新證券舉辦之
「台新2023年第二季全球投資論壇」，並就本公司營運狀況做一說明。","150420230517M001.pdf","150420230517E001.pdf","https://www.teco.com.tw/announce","","無。","查詢"
"1504","東元","112/09/05","15:20","台北文創(台北市信義區菸廠路88號)","本公司受邀參加元富證券舉辦之秋季產業投資論壇，
並就本公司營運狀況做一說明。","150420230815M002.pdf","150420230815E002.pdf","https://www.teco.com.tw/announce","","無。","查詢"
"1504","東元","112/09/06","16:20","台北","本公司受邀參加宏遠證券舉辦之未來趨勢產業論壇，
並就本公司營運狀況做一說明。","150420230815M002.pdf","150420230815E002.pdf","https://www.teco.com.tw/announce","","無。","查詢"
"1504","東元","112/08/15","16:00","台灣證券交易所一樓資訊展示中心
(台北市信義區信義路五段7號1樓)","說明東元電機112年第二季財務業務相關資訊。","150420230815M002.pdf","150420230815E002.pdf","https://www.teco.com.tw/announce",同步收看網址：:https://webpro.twse.com.tw 法說會影音連結資訊:https://webpro.twse.com.tw/WebPortal/vod/101/3D5A2B2E678B-CD662CF7-3B4D-11EE-8E13/?categoryId=101 ,"無","查詢"
"1504","東元","112/11/21","16:10","101大樓1F證交所資訊展示中心
(台北市信義區信義路5段7號)","本公司受邀參加證交所與群益金鼎證券所共同舉辦之
「電動車產業鏈」主題式業績發表會，並就本公司
營運狀況做一說明。","150420231115M001.pdf","150420231115E001.pdf","https://www.teco.com.tw/announce","","無。","查詢"
"1504","東元","112/11/29","10:00","台北茹曦酒店","本公司受邀參加華南永昌證券舉辦之2023年第四季
產業暨企業論壇，並就本公司營運狀況做一說明。","150420231115M001.pdf","150420231115E001.pdf","https://www.teco.com.tw/announce","","無。","查詢"
"1504","東元","112/05/17","14:30","本公司5樓會議室(台北市南港區三重路19-9號5樓)","說明東元電機112年第一季財務業務相關資訊。","150420230517M001.pdf","150420230517E001.pdf","https://www.teco.com.tw/announce",中文影音檔網址:1504_156_20230517_ch.mp4 ,"無。","查詢"
"1504","東元","112/03/21","16:00","台灣證券交易所1樓資訊展示中心
(台北市信義區信義路五段7號1樓)","說明東元電機111年第四季財務業務相關資訊。","150420230321M001.pdf","150420230321E001.pdf","http://www.teco.com.tw",同步收看網址：:https://webpro.twse.com.tw 法說會影音連結資訊:https://webpro.twse.com.tw/WebPortal/vod/101/3B8E295B393F-8FD1B5B9-C7CA-11ED-ADD4/?categoryId=101 ,"無。","查詢"
"1504","東元","112/02/22","15:15","台北文創(台北市信義區菸廠路88號6樓)","本公司受邀參加元富證券舉辦之「春季產業投資論壇」，
並就本公司營運狀況做一說明。","150420221115M001.pdf","150420221115E001.pdf","http://www.teco.com.tw","","無。","查詢"
"1504","東元","112/06/06","11:00","台灣線上法人說明會","本公司受邀參加第一金證券舉辦之線上投資論壇，
並就本公司營運狀況做一說明。","150420230517M001.pdf","150420230517E001.pdf","https://www.teco.com.tw/announce",中文影音檔網址:1504_158_20230606_ch.mp4 ,"無。","查詢"
"1504","東元","112/06/06","14:00","茹曦酒店(台北市松山區敦化北路100號)","本公司受邀參加統一證券舉辦之2023Q2夏季投資論壇，
並就本公司營運狀況做一說明。","150420230517M001.pdf","150420230517E001.pdf","https://www.teco.com.tw/announce","","無。","查詢"
"1504","東元","112/06/07","14:00","台北文創(台北市信義區菸廠路88號)","本公司受邀參加元富證券舉辦之夏季產業投資論壇，
並就本公司營運狀況做一說明。","150420230517M001.pdf","150420230517E001.pdf","https://www.teco.com.tw/announce","","無。","查詢"
"1504","東元","112/06/08","15:10","台北遠東香格里拉(台北市大安區敦化南路二段201號B1)","本公司受邀參加國泰證券舉辦之第二季產業論壇，
並就本公司營運狀況做一說明。","150420230517M001.pdf","150420230517E001.pdf","https://www.teco.com.tw/announce","","無。","查詢"
"1504","東元","112/06/09","09:30","台北晶華酒店(台北市中山區中山北路二段39巷3號)","本公司受邀參加元大證券舉辦之第二季投資論壇，
並就本公司營運狀況做一說明。","150420230517M001.pdf","150420230517E001.pdf","https://www.teco.com.tw/announce","","無。","查詢"
"1506","正道","112/12/15","14:00","線上法說會","本公司受邀參加元大證券舉辦之線上法說會，報告本公司營運狀況。","150620231215M001.pdf","150620231215E001.pdf","",中文影音檔網址:1506_7_20231215_ch.mp4 ,"無","查詢"
"1512","瑞利","112/12/22","10:00","線上法說會","本公司受邀參加中國信託綜合證券股份有限公司舉辦之法人說明會","151220231222M001.pdf","151220231222E001.pdf","",中文影音檔網址:1512_7_20231222_ch.mp4 ,"無","查詢"
"1513","中興電","112/11/24","14:00","凱基證券（台北市中山區明水路700號12樓）","對投資法人說明本公司營運績效及未來展望","151320231124M001.pdf","151320231124E001.pdf","https://www.chem.com.tw/tc/seminar.aspx",中文影音檔網址:1513_17_20231124_ch.mp4 ,"無","查詢"
"1513","中興電","112/03/02","14:00","台北君悅酒店(台北市信義區松壽路2號)","對投資法人說明本公司營運績效及未來展望","151320230406M001.pdf","151320230406E001.pdf","https://www.chem.com.tw/tc/seminar.aspx","","無","查詢"
"1514","亞力","112/11/23","14:00","線上法人說明","下午14點00分","151420231122M002.pdf","151420231122E002.pdf","https://www.allis.com.tw/zh-tw/",中文影音檔網址:1514_8_20231123_ch.mp4 ,"無","查詢"
"1515","力山","112/08/15","14:00","元大證券宏春大樓5樓B501(台北市中山區南京東路三段219號5樓)","報告公司營運概況","151520230814M001.pdf","151520230814E001.pdf","https://www.rexon.net/stakeholder-call.php#invest",中文影音檔網址:1515_8_20230815_ch.mp4 ,"無","查詢"
"1515","力山","112/11/14","16:00","臺灣證券交易所一樓資訊展示中心(台北市信義區信義路五段7號1樓)","公司概況及經營實績","151520231113M001.pdf","151520231113E001.pdf","https://www.rexon.net/stakeholder-call.php#invest",法說會影音連結資訊:https://webpro.twse.com.tw/webportal/vod/101/D900927FA8EF-2B4A5379-82CA-11EE-9147/?categoryId=101 ,"無","查詢"
"1516","川飛","112/12/07","14:00","國票綜合證券（台北市松山區南京東路五段188號15樓）","受邀參加國票綜合證券舉辦之法人說明會，介紹本公司及說明營運狀況","151620231207M001.pdf","151620231207E001.pdf","",中文影音檔網址:1516_7_20231207_ch.mp4 ,"無","查詢"
"1517","利奇","112/12/18","14:30","福邦證券總公司(台北市中正區忠孝西路一段6號7樓)","本公司受邀參加福邦證券舉辦之法人說明會，介紹本公司及說明營運概況。","151720231215M001.pdf","151720231215E001.pdf","https://www.leechi.com.tw/investor/77",中文影音檔網址:1517_7_20231218_ch.MP4 ,"無","查詢"
"1519","華城","112/12/12","14:00","台北市中山區樂群三路128號7樓(國票金控大樓)","受邀參加國票證券舉辦法人說明會，說明公司近期營運概況及未來經營策略暨展望。","151920240416M001.pdf","151920240416E001.pdf","http://www.fortune.com.tw",中文影音檔網址:1519_7_20231212_ch.MP4 ,"無","查詢"
"1521","大億","112/10/26","14:00","高雄市前鎮區中山二路2號9樓之1(大眾財經大樓)","本公司受邀參加台新證券舉辦之實體法說會，說明本公司營運現況及展望。","152120231026M001.pdf","152120231026E001.pdf","https://www.tayih-ind.com.tw/investors/%E6%B3%95%E4%BA%BA%E8%AA%AA%E6%98%8E%E6%9C%83",中文影音檔網址:1521_7_20231026_ch.MP4 英文影音檔網址:1521_7_20231026_en.MP4 ,"無","查詢"
"1522","堤維西","112/11/17","14:15","高雄市前鎮區中山二路2號9樓之1","本公司受邀參加台新證券舉辦之聯合法人說明會。","152220231116M001.pdf","152220231116E001.pdf","https://www.tyc.com.tw/shareholders/conference",法說會影音連結資訊:https://youtu.be/uLS2rKHN9yQ ,"無","查詢"
"1524","耿鼎","112/12/22","13:40","耿鼎企業股份有限公司(桃園市蘆竹區內溪路48號)","公司簡報及營運狀況說明。","152420231221M001.pdf","152420231221E001.pdf","http://www.gordon.com.tw/edit_page.html",法說會影音連結資訊:https://youtu.be/ilkOWa3pvso ,"無。","查詢"
"1525","江申","112/05/25","14:20","線上法人說明會","本公司受邀參加富邦證券舉辦之上市公司法人說明會，會中說明本公司2022年度及2023年第一季營運概況。","152520230525M001.ppt","152520230525E001.ppt","http://www.kian-shen.com/investors-2.php",中文影音檔網址:1525_20_20230525_ch.mp4 ,"報名請洽富邦法人部tingju.yeh@fubon.com","查詢"
"1525","江申","112/11/16","14:20","線上法人說明會","本公司受邀參加富邦證券舉辦之上市公司法人說明會，會中說明本公司2023年前三季營運概況。","152520231116M001.pdf","152520231116E001.pdf","https://www.kian-shen.com/investors-2.php",中文影音檔網址:1525_21_20231116_ch.mp4 ,"報名請洽富邦法人部tingju.yeh@fubon.com","查詢"
"1526","日馳","112/08/10","14:00","新北市林口區下福里71-2號2樓","簡報營運狀況","152620230810M001.pdf","152620230810E001.pdf","http://www.sunrace.tw",中文影音檔網址:1526_7_20230810_ch.MP4 ,"無","查詢"
"1527","鑽全","112/12/18","15:00","線上法說會","本公司受邀參加統一證券舉辦之線上法人說明會","152720231218M001.pptx","152720231218E001.pptx","https://www.basso.com.tw/zh-tw","","無","查詢"
"1527","鑽全","112/08/23","15:00","線上法說會","本公司受邀參加統一證券舉辦之線上法人說明會","152720230821M001.pptx","152720230821E001.pptx","https://www.basso.com.tw/zh-tw/",法說會影音連結資訊:https://webpro.twse.com.tw/webportal/vod/101/D5770EF7E062-6D6B4397-4196-11EE-B57C/?categoryId=101 ,"無","查詢"
"1528","恩德","112/12/19","15:00","線上法人說明會","本公司受邀參加統一證券企業法人部舉辦之線上法說會，為各界投資先進說明產業及營運狀況。","152820231219M001.pdf","152820231219E001.pdf","",中文影音檔網址:1528_8_20231219_ch.mp4 ,"無","查詢"
"1529","樂事綠能","112/06/29","15:00","線上會議。","本公司受邀參加統一證券國際法人部舉辦之線上法人說明會。","152920230629M001.pdf","152920230629E001.pdf","",中文影音檔網址:1529_10_20230629_ch.mp4 ,"無","查詢"
"1529","樂事綠能","112/11/30","15:00","線上會議。","本公司受邀參加統一證券國際法人部舉辦之線上法人說明會。","152920231130M001.pdf","152920231130E001.pdf","",中文影音檔網址:1529_12_20231130_ch.mp4 ,"無","查詢"
"1529","樂事綠能","112/09/26","15:00","線上會議。","本公司受邀參加統一證券國際法人部舉辦之線上法人說明會。","152920230926M001.pdf","152920230926E001.pdf","","","無","查詢"
"1529","樂事綠能","112/03/31","15:00","線上會議。","本公司受邀參加統一證券國際法人部舉辦之線上法人說明會。","152920230331M001.pdf","152920230331E001.pdf","",中文影音檔網址:1529_9_20230331_ch.mp4 ,"無","查詢"
"1530","亞崴","112/12/07","15:30","線上法人說明會","本公司受邀參加元大證券舉辦之線上法人說明會，說明營運現況及未來展望。","153020231207M001.ppt","153020231207E001.ppt","http://www.awea.com/awea_tw/publication/investor/events/events.htm",法說會影音連結資訊:https://www.awea.com/awea_tw/publication/investor/events/events.htm ,"無","查詢"
"1531","高林股","112/12/08","14:30","玉山證券((台北市松山區敦化北路315號(玉山金控第二總部大樓會議室))","本公司現況及營運展望說明","153120231206M002.pptx","153120231206E002.pptx","https://siruba.com/tw/investor/",中文影音檔網址:1531_11_20231208_ch.mp4 ,"相關資料將依法人說明會相關規定登載於公開資訊觀測站及公司網站.","查詢"
"1532","勤美","112/08/24","15:15","台北晶華酒店4樓(台北市中山北路二段39巷3號)","本公司受邀參加台新證券舉辦之2023年第三季全球投資論壇，說明公司營運概況。","153220230823M001.pdf","153220230823E001.pdf","http://www.cmp.com.tw/cht/investor/news#conference",法說會影音連結資訊:https://www.youtube.com/watch?v=nQP4uHpV4vU ,"相關資訊依規定揭露於「公開資訊觀測站」及公司網站。","查詢"
"1532","勤美","112/02/22","14:00","台北晶華酒店4樓(台北市中山北路二段39巷3號)","本公司受邀參加台新證券舉辦之2023年第一季全球投資論壇，說明公司營運概況。","153220230221M001.pdf","153220230221E001.pdf","http://www.cmp.com.tw/cht/investor/news#conference","","相關資訊依規定揭露於「公開資訊觀測站」及公司網站。","查詢"
"1533","車王電","112/11/29","14:30","線上法說會","群益金鼎證券主辦本公司與華德動能科技股份有限公司聯合法人說明會，說明本公司營運概況及展望。","153320231128M001.pdf","153320231128E001.pdf","http://www.more.com.tw",法說會影音連結資訊:https://drive.google.com/file/d/1_cKBL34oMCTeMkGC8GmnGOjlvpVUjGcT/view?usp=sharing ,"完整財務業務資訊請至公開資訊觀測站之法人說明會一覽表或法說會項目下查閱。","查詢"
"1533","車王電","112/11/21","14:30","台灣證券交易所 (TWSE) 展覽中心(台北市信義區信義路五段7號1樓)","介紹公司經營概況，財務和商業相關資訊。","153320231122M001.pdf","153320231122E001.pdf","http://www.more.com.tw",法說會影音連結資訊:https://webpro.twse.com.tw/WebPortal/vod/101/A7726E10C387-3897E595-883F-11EE-AF53/?categoryId=101 ,"無","查詢"
"1535","中宇","112/12/20","16:10","台北文創大樓6樓(台北市信義區菸廠路88號6樓)","本公司業務及財務相關資訊。","153520231219M001.pdf","153520231219E001.pdf","https://www.ecotek.com.tw/?prog=shold_conference",法說會影音連結資訊:未輸 ,"無","查詢"
"1535","中宇","112/04/26","14:30","線上法說會","本公司業務及財務相關訊息。","153520230424M001.pdf","153520230424E001.pdf","https://www.ecotek.com.tw/?prog=shold_conference",中文影音檔網址:1535_11_20230426_ch.mp4 ,"無","查詢"
"1536","和大","112/12/13","15:00","本公司受邀參加康和綜合證券舉辦之線上座談會","公司營運介紹說明. Q&amp;A","153620231212M001.pdf","153620231212E001.pdf","http://www.hota.com.tw",中文影音檔網址:1536_44_20231213_ch.mp4 ,"無","查詢"
"1537","廣隆","112/11/29","14:00","台北市菸廠路88號(台北文創6樓)","本公司受邀參加2023年11月29日元富證券所主辦的「冬季產業投資論壇搶佔2024投資先機」法人說明會，向法人投資者就公司簡介及已公開財務、業務等相關資訊做說明。","153720231128M001.pdf","153720231128E001.pdf","https://www.klb.com.tw/zh-tw/Investor/Investor5",中文影音檔網址:1537_41_20231129_ch.mp4 ,"會議簡報依規定揭露於「公開資訊觀測站」。","查詢"
"1538","正峰","112/09/14","14:30","桃園市中壢區大圳路3段93號","公司簡介及財務狀況說明 
報名請洽:黃小姐 電話(03)490-4111分機227或E-mail：
hsy@jennfeng.com","153820230914M002.pdf","153820230914E002.pdf","http://www.jennfeng.com/zh-tw/",法說會影音連結資訊:https://youtu.be/L6T26QPiAwc ,"無","查詢"
"1539","巨庭","112/12/20","14:00","台中市太平區永豐路78號","說明本公司最近年度營收及淨利","153920231219M001.pptx","153920231219E001.pptx","http://www.geetech.com.tw",法說會影音連結資訊:https://www.geetech.com.tw/tw/investors/information/conference/174-2023/ ,"無","查詢"
"1540","喬福","112/10/30","14:00","11049台北市信義路5段7號101大樓1樓資訊展示中心","近期財務狀況","154020231024M001.pptx","154020231024E001.pptx","",同步收看網址：:http://www.twse.com.tw 法說會影音連結資訊:https://webpro.twse.com.tw/webportal/vod/101/D900927FA8EF-25D8F5AF-76F3-11EE-9147/?categoryId=101 (請輸入網址名稱(註)):未輸 ,"無","查詢"
"1541","錩泰","112/11/24","14:30","南山人壽烏日教育訓練中心(台中市西屯區成功西路300號3樓316訓練討論室)","本公司受邀參加台新證券舉辦之法人說明會","154120231124M001.pptx","154120231124E001.pptx","",中文影音檔網址:1541_7_20231124_ch.mp4 ,"完整財務業務資訊請至公開資訊觀測站之法人說明會一覽表或法說會項目下查閱。","查詢"
"1558","伸興","112/04/24","15:00","台中市太平區永成路78號","本公司受邀參加宏遠證券舉辦之法人說明會，說明公司簡介與營運概況","155820230421M001.pdf","155820230421E001.pdf","","","報名請洽宏遠證券王小姐(02)27008899分機2179或E-MAIL:michelle.wang@honsec.com.tw","查詢"
"1558","伸興","112/11/22","14:00","線上法說會","本公司受邀參加永豐金證券舉辦之線上法人說明會，說明本公司之營運概況","155820231121M001.pdf","155820231121E001.pdf","",中文影音檔網址:1558_13_20231122_ch.mp4 ,"報名請洽永豐金鄒小姐(02)23823207或E-MAIL:joyce.tsou@sinopac.com","查詢"
"1560","中砂","112/11/06","14:30","台北市中山區長安東路一段35號2樓","本公司受邀參加第一金證券舉辦之法人說明會，說明本公司之營運、業務及財務概況。","156020231110M001.pdf","156020231110E001.pdf","https://www.kinik.com.tw/zh-tw/","","報名請洽第一金證券王小姐，Email:sheryl.wang@firstsec.com.tw","查詢"
"1560","中砂","112/05/03","14:00","台北市中山區南京東路三段219號11樓","本公司受邀參加元大證券舉辦之法人說明會，說明本公司之營運及財務概況。","156020230502M001.pdf","156020230502E001.pdf","https://www.kinik.com.tw/zh-tw/","","無。","查詢"
"1560","中砂","112/02/24","14:00","福邦證券總公司(台北市忠孝西路一段6號7樓)","受邀參加福邦證券所舉辦之法人說明會，說明本公司第四季營運概況","156020230223M002.pdf","156020230223E002.pdf","http://www.kinik.com.tw","","無。","查詢"
"1560","中砂","112/07/26","14:30","台北市中山區樂群三路128號7樓(國票金控大樓7樓會議室)","本公司受邀參加國票綜合證券舉辦之法人說明會，說明本公司之營運、業務及財務概況。","156020230726M001.pdf","156020230726E001.pdf","https://www.kinik.com.tw/zh-tw/",法說會影音連結資訊:https://www.kinik.com.tw/upload/Download/Downloads_c_90.mp4 ,"報名請洽國票綜合證券陳小姐02-2528-8272   Email:cherry18@ibfs.com.tw","查詢"
"1563","巧新","112/11/29","14:00","凱基證券總公司12樓會議室(台北市中山區明水路700號12樓)","本公司受邀參加凱基證券舉辦之法人說明會，說明公司財務、業務相關資訊","156320231129M001.pdf","156320231129E001.pdf","http://www.superalloy.tw","","無","查詢"
"1563","巧新","112/04/28","10:00","線上法人說明會","本公司受邀參加寬量國際主辦之線上法人說明會(13th Taiwan CEO Week)，說明公司財務、業務相關資訊。","156320230427M001.pdf","156320230427E001.pdf","","","無","查詢"
"1563","巧新","112/03/29","15:30","張榮發基金會國際會議中心10樓(台北市中正區中山南路11號10樓)","本公司受邀參加凱基證券與IR Trust共同舉辦之「2023去資金槓桿化主題式投資論壇」","156320230328M002.pdf","156320230328E002.pdf","http://www.superalloy.tw","","無","查詢"
"1563","巧新","112/03/17","15:00","本公司(雲林縣斗六市雲科路三段80號)","本公司受邀參加BofA舉辦之2023 Taiwan Non-Tech Tour，說明本公司未來營運發展計劃與其他已公開發佈之財務數字、經營績效等相關資訊。","156320230316M001.pptx","156320230316E001.pptx","http://www.superalloy.tw","","無","查詢"
"1568","倉佑","112/12/07","13:30","台北茹曦酒店2F會議廳(台北市松山區敦化北路100號)","本公司受群益金鼎證券股份有限公司邀請參加「2023第四季投資論壇」","156820231207M001.pdf","156820231207E001.pdf","https://www.tsangyow.com.tw/tw/investor.php?tab=3&amp;tabs=5",中文影音檔網址:1568_14_20231207_ch.MP4 ,"相關資訊將依規定揭露於公開資訊觀測站。","查詢"
"1582","信錦","112/09/27","14:00","國票綜合證券(台北市南京東路五段188號15樓)","本公司受邀參加國票證券舉辦之法人說明會,說明公司近期營運概況及未來經營策略暨展望。","158220230927M001.pdf","158220230927E001.pdf","http://www.syncmold.com.tw/syncmold-2018/item_yearly_2018.html","","無","查詢"
"1582","信錦","112/06/07","15:40","台北晶華酒店4樓
(台北市中山北路二段39巷3號)","本公司受邀參加永豐金證券舉辦之「2023年第二季產業論壇」，說明本公司之營運概況。","158220230607M001.pdf","158220230607E001.pdf","http://www.syncmold.com.tw/syncmold-2018/item_yearly_2018.html",中文影音檔網址:1582_23_20230607_ch.MP4 ,"無","查詢"
"1583","程泰","112/12/07","14:30","線上法人說明會","本公司受邀參加元大證券舉辦之線上法說會，說明營運現況及未來展望。","158320231207M001.pdf","158320231207E001.pdf","https://www.goodwaycnc.com/exhtml_goodway/goodway_tw/publication/investor/events/events.htm",法說會影音連結資訊:https://www.youtube.com/watch?v=xDNDLX67gtQ ,"無","查詢"
"1587","吉茂","112/09/27","14:30","宏遠證券702會議室 (台北市信義路四段236號7樓)","本公司受邀參加宏遠證券舉辦之法人說明會，報告2023年上半年營運成果及公司營運現況暨未來展望","158720230927M001.pdf","158720230927E001.pdf","http://www.cryomaxcooling.com",中文影音檔網址:1587_10_20230927_ch.mp4 ,"無","查詢"
"1589","永冠-KY","112/09/14","13:30","台北晶華酒店4樓(台北市中山北路二段39巷3號)","本公司受邀參加永豐金證券舉辦之『永豐金證券2023年第三季產業論壇』","158920230913M001.pdf","158920230913E001.pdf","http://www.ygget.com/content/tw/491.aspx",法說會影音連結資訊:https://irconference.twse.com.tw/1589_116_20230914_ch.mp4 ,"無。","查詢"
"1589","永冠-KY","112/05/30","15:10","華南銀行總行大樓-國際會議中心(台北市信義區松仁路123號2樓)","本公司受邀參加華南永昌證券舉辦之『華南永昌證券2023年第二季企業論壇』","158920230529M001.pdf","158920230529E001.pdf","http://www.ygget.com/content/tw/491.aspx","","無。","查詢"
"1589","永冠-KY","112/04/13","15:20","臺灣證券交易所1樓資訊展示中心(台北市信義區信義路五段7號)","公告本公司受邀參加臺灣證券交易所與永豐金證券共同舉辦之112年『疫後復甦展望』主題式業績發表會","158920230411M001.pptx","158920230411E001.pptx","http://www.ygget.com/content/tw/491.aspx",同步收看網址：:https://webpro.twse.com.tw/webportal/?liveChannelId=1 法說會影音連結資訊:https://webpro.twse.com.tw/webportal/vod/101/3B8E295B393F-796B3824-D9D3-11ED-ADD4/?categoryId=101 ,"無。","查詢"
"1589","永冠-KY","112/03/16","15:40","台北晶華酒店4樓(台北市中山北路二段39巷3號4樓)","本公司受邀參加永豐金證券舉辦之『永豐金證券2023年第一季產業論壇』","158920230317M003.pptx","158920230317E003.pptx","http://www.ygget.com/content/tw/491.aspx","","無。","查詢"
"1589","永冠-KY","112/12/28","14:30","德信證券-台北市中正區新生南路一段50號3樓(忠孝新生捷運站2號出口)","本公司受邀參加德信證券舉辦之『法人說明會』","158920231227M001.pdf","158920231227E001.pdf","http://www.ygget.com/content/tw/491.aspx","","無。","查詢"
"1590","亞德客-KY","112/06/05 至 112/06/08","21:00","紐約、多倫多、舊金山","公司簡介與營運狀況說明","159020230509M003.pdf","159020230509E003.pdf","https://as-tw.airtac.com/about.aspx?c_kind=5&amp;c_kind2=134&amp;c_kind3=311","","受邀參加大和國泰證券舉辦之法說會「Daiwa Investment Conference 2023」。","查詢"
"1590","亞德客-KY","112/07/27","16:00","線上法人說明會","公司簡介與營運狀況說明","159020230509M003.pdf","159020230509E003.pdf","https://as-tw.airtac.com/about.aspx?c_kind=5&amp;c_kind2=134&amp;c_kind3=311","","受邀參加瑞銀證券舉辦之線上法說會「2Q23 Results Conference Call」","查詢"
"1590","亞德客-KY","112/09/01","11:10","茹曦酒店(台北市松山區敦化北路100號)","公司簡介與營運狀況說明","159020230830M001.pdf","159020230830E001.pdf","https://as-tw.airtac.com/about.aspx?c_kind=5&amp;c_kind2=134&amp;c_kind3=311","","受邀參加華南永昌綜合證券舉辦之法人說明會「2023年第三季產業暨企業論壇」","查詢"
"1590","亞德客-KY","112/09/12 至 112/09/13","09:00","香港","公司簡介與營運狀況說明","159020230830M002.pdf","159020230830E002.pdf","https://as-tw.airtac.com/about.aspx?c_kind=5&amp;c_kind2=134&amp;c_kind3=311","","參加台灣匯立舉辦法說會「30th CITIC CLSA Flagship Investors Forum」","查詢"
"1590","亞德客-KY","112/11/15","10:30","新加坡商瑞銀證券(股)公司台北分公司(台北市信義區松仁路7號5樓)","公司簡介與營運狀況說明","159020231107M002.pdf","159020231107E002.pdf","https://as-tw.airtac.com/about.aspx?c_kind=5&amp;c_kind2=134&amp;c_kind3=311","","受邀參加瑞銀證券舉辦之法說會「UBS Taiwan Small &amp; Mid-Caps Corporate Day 2023」。","查詢"
"1590","亞德客-KY","112/11/30","11:10","台北君悅酒店","公司簡介與營運狀況說明","159020231107M002.pdf","159020231107E002.pdf","https://as-tw.airtac.com/about.aspx?c_kind=5&amp;c_kind2=134&amp;c_kind3=311","","本公司受邀參加富邦證券舉辦之「2023富邦投資論壇」。","查詢"
"1590","亞德客-KY","112/03/28","15:20","臺灣證券交易所 (101大樓) 1樓資訊展示中心","公司簡介與營運狀況說明","159020230313M003.pdf","159020230313E003.pdf","https://as-tw.airtac.com/about.aspx?c_kind=5&amp;c_kind2=134&amp;c_kind3=311",同步收看網址：:https://webpro.twse.com.tw/webportal/?liveChannelId=1 法說會影音連結資訊:https://webpro.twse.com.tw/webportal/vod/101/3B8E295B393F-7134F9FF-CD48-11ED-ADD4/?categoryId=101 ,"受邀參加證交所舉辦之法說會「112年第1季第一上市公司財務業務說明會」。","查詢"
"1590","亞德客-KY","112/03/14","09:00","台北君悅酒店","公司簡介與營運狀況說明","159020230313M001.pdf","159020230313E001.pdf","https://as-tw.airtac.com/about.aspx?c_kind=5&amp;c_kind2=134&amp;c_kind3=311","","受邀參加美林證券舉辦之法說會「2023 APAC TMT Conference」。","查詢"
"1590","亞德客-KY","112/04/26","16:00","線上法說會","公司簡介與營運狀況說明","159020230313M003.pdf","159020230313E003.pdf","https://as-tw.airtac.com/about.aspx?c_kind=5&amp;c_kind2=134&amp;c_kind3=311","","受邀參加台灣摩根士丹利證券舉辦之線上法說會「1Q23 Earnings Conference Call」。","查詢"
"1590","亞德客-KY","112/10/25","16:00","線上法說會","公司簡介與營運狀況說明","159020230830M002.pdf","159020230830E002.pdf","https://as-tw.airtac.com/about.aspx?c_kind=5&amp;c_kind2=134&amp;c_kind3=311","","受邀美商高盛舉辦之線上法說會「3Q23 Results Call」。","查詢"
"1590","亞德客-KY","112/05/23 至 112/05/24","09:00","馬來西亞及新加坡","公司簡介與營運狀況說明","159020230509M001.pdf","159020230509E001.pdf","https://as-tw.airtac.com/about.aspx?c_kind=5&amp;c_kind2=134&amp;c_kind3=311","","受邀參加臺灣證券交易所及國泰綜合證券股份有限公司共同舉辦之「臺灣投資說明會」。","查詢"
"1590","亞德客-KY","112/05/31","09:00","台北W飯店","公司簡介與營運狀況說明","159020230509M003.pdf","159020230509E003.pdf","https://as-tw.airtac.com/about.aspx?c_kind=5&amp;c_kind2=134&amp;c_kind3=311","","受邀參加花旗環球證券舉辦之法人說明會「Citi Regional Tech Conference」。","查詢"
"1590","亞德客-KY","112/03/21 至 112/03/22","09:30","香港","公司簡介與營運狀況說明","159020230313M004.pdf","159020230313E004.pdf","https://as-tw.airtac.com/about.aspx?c_kind=5&amp;c_kind2=134&amp;c_kind3=311","","受邀參加瑞士信貸銀行舉辦之法說會26th Credit Suisse Asian Investment Conference。","查詢"
"1590","亞德客-KY","112/10/03 至 112/10/04","09:00","香港","公司簡介與營運狀況說明","159020230830M002.pdf","159020230830E002.pdf","https://as-tw.airtac.com/about.aspx?c_kind=5&amp;c_kind2=134&amp;c_kind3=311","","參加香港商野村國際證券舉辦之法說會「Taiwan Corporate Day 2023」。","查詢"
"1590","亞德客-KY","112/11/01 至 112/11/02","09:00","北京","公司簡介與營運狀況說明","159020230830M002.pdf","159020230830E002.pdf","https://as-tw.airtac.com/about.aspx?c_kind=5&amp;c_kind2=134&amp;c_kind3=311","","受邀參加美林證券舉辦之法說會「2023 China Conference」。","查詢"
"1590","亞德客-KY","112/11/09 至 112/11/10","09:00","澳門","公司簡介與營運狀況說明","159020231107M001.pdf","159020231107E001.pdf","https://as-tw.airtac.com/about.aspx?c_kind=5&amp;c_kind2=134&amp;c_kind3=311","","受邀參加花旗環球證券舉辦之法人說明會「China Investor Conference 2023」。","查詢"
"1590","亞德客-KY","112/11/13 至 112/11/14","09:00","香港","公司簡介與營運狀況說明","159020231107M002.pdf","159020231107E002.pdf","https://as-tw.airtac.com/about.aspx?c_kind=5&amp;c_kind2=134&amp;c_kind3=311","","受邀參加摩根大通證券舉辦之法說會「Global TMT Conference」。","查詢"
"1590","亞德客-KY","112/02/03","14:00","台北市松山區民生東路四段54號4樓","公司簡介與營運狀況說明","159020221107M006.pdf","159020221107E006.pdf","https://as-tw.airtac.com/about.aspx?c_kind=5&amp;c_kind2=134&amp;c_kind3=311","","受邀參加華南永昌綜合證券舉辦之法人說明會。","查詢"
"1590","亞德客-KY","112/02/16","10:30","台北晶華酒店","公司簡介與營運狀況說明","159020221107M006.pdf","159020221107E006.pdf","https://as-tw.airtac.com/about.aspx?c_kind=5&amp;c_kind2=134&amp;c_kind3=311","","受邀參加元大證券舉辦之法說會「2023元大證券第一季投資論壇」。","查詢"
"1590","亞德客-KY","112/02/20","09:00","台北君悅酒店","公司簡介與營運狀況說明","159020221107M006.pdf","159020221107E006.pdf","https://as-tw.airtac.com/about.aspx?c_kind=5&amp;c_kind2=134&amp;c_kind3=311","","受邀參加摩根大通證券舉辦之法說會「Taiwan CEO-CFO Conference」","查詢"
"1590","亞德客-KY","112/02/08","16:00","線上法說會","公司簡介與營運狀況說明","159020221107M006.pdf","159020221107E006.pdf","https://as-tw.airtac.com/about.aspx?c_kind=5&amp;c_kind2=134&amp;c_kind3=311","","受邀美商高盛舉辦之線上法說會「4Q22 Results Call」。","查詢"
"1590","亞德客-KY","112/05/30","11:10","台北市信義區松仁路123號2F(華南銀行總行大樓-國際會議中心)","公司簡介與營運狀況說明","159020230509M002.pdf","159020230509E002.pdf","https://as-tw.airtac.com/about.aspx?c_kind=5&amp;c_kind2=134&amp;c_kind3=311","","受邀參加華南永昌綜合證券舉辦之法人說明會「2023年第二季企業論壇」。","查詢"
"1590","亞德客-KY","112/06/14","09:30","新加坡商瑞銀證券(股)公司台北分公司(台北市信義區松仁路7號)","公司簡介與營運狀況說明","159020230509M003.pdf","159020230509E003.pdf","https://as-tw.airtac.com/about.aspx?c_kind=5&amp;c_kind2=134&amp;c_kind3=311","","受邀參加瑞銀證券舉辦之法說會「UBS Taiwan Corporate Day 2023」。","查詢"
"1590","亞德客-KY","112/12/12","13:30","台北晶華酒店","公司簡介與營運狀況說明","159020231107M002.pdf","159020231107E002.pdf","https://as-tw.airtac.com/about.aspx?c_kind=5&amp;c_kind2=134&amp;c_kind3=311","","受邀參加永豐金證券舉辦之「2023年第四季產業論壇」。","查詢"
"1590","亞德客-KY","112/03/15","09:00","台北君悅酒店","公司簡介與營運狀況說明","159020230313M002.pdf","159020230313E002.pdf","https://as-tw.airtac.com/about.aspx?c_kind=5&amp;c_kind2=134&amp;c_kind3=311","","受邀參加美林證券舉辦之法說會「2023 APAC TMT Conference」。","查詢"
"1597","直得","112/09/13","10:50","台北晶華酒店(台北市中山北路二段39巷3號)4F","本公司受邀參加元大證券舉辦之「2023元大證券第三季投資論壇」，說明本公司之營運概況、財務及業務相關資訊。","159720230912M001.pdf","159720230912E001.pdf","http://www.chieftek.com/chinese/INVESTOR%20EVENTS.asp",中文影音檔網址:1597_6_20230913_ch.mp4 ,"無","查詢"
"1598","岱宇","112/08/09","14:30","本公司受邀參加由富邦證券舉辦之線上法說會","說明本公司之營運概況、財務及業務相關資訊","159820230808M001.pdf","159820230808E001.pdf","https://dyaco.com/zh-hant/investors/investors-news","","完整財務業務資訊請至公開資訊觀測站之法人說明會一覽表或法說會項目下查閱。","查詢"
"1598","岱宇","112/12/13","14:00","本公司受邀參加由凱基 證券舉辦之線上法說會","說明本公司之營運概況、財務及業務相關資訊","159820231113M001.pdf","159820231113E001.pdf","https://dyaco.com/zh-hant/investors/investors-news",中文影音檔網址:1598_20_20231213_ch.mp4 ,"完整財務業務資訊請至公開資訊觀測站之法人說明會一覽表或法說會項目下查閱。","查詢"
"1598","岱宇","112/11/14","14:30","本公司受邀參加由富邦證券舉辦之線上法說會","說明本公司之營運概況、財務及業務相關資訊","159820231113M001.pdf","159820231113E001.pdf","https://dyaco.com/zh-hant/investors/investors-news","","完整財務業務資訊請至公開資訊觀測站之法人說明會一覽表或法說會項目下查閱。","查詢"
"1603","華電","112/12/08","14:30","富邦敦南大樓(台北市敦化南路一段111號9樓)","(1)經營概況 (2)財務資訊 (3)經營理念與展望","160320231206M002.pdf","160320231206E002.pdf","https://www.cwcowin.com.tw",法說會影音連結資訊:https://webpro.twse.com.tw/WebPortal/vod/101/6F57A941E4A5-3D6F4293-95A8-11EE-AB9F/?categoryId=101 ,"無","查詢"
"1604","聲寶","112/09/25","16:00","台灣證券交易所1樓資訊展示中心","公司財務暨營運概況說明","160420230925M001.pdf","160420230925E001.pdf","https://www.sampo.com.tw/aboutlist.aspx?q=11",法說會影音連結資訊:https://webpro.twse.com.tw/webportal/vod/101/?categoryId=101 (請輸入網址名稱(註)):未輸 ,"15時30分~16時00分報到；16時00分開始","查詢"
"1605","華新","112/08/11","16:00","線上法說會","本公司自辦法人說明會說明112年度第二季財務報告相關資訊","160520230811M001.pdf","160520230811E001.pdf","https://www.walsin.com/investors/investor-conference/#pills-investor-conference",法說會影音連結資訊:https://wms.gridow.com/ir/walsin/walsin_23Q2.html ,"無","查詢"
"1605","華新","112/11/03","16:00","線上法說會","本公司自辦法人說明會說明112年度第三季財務報告相關資訊","160520231103M001.pdf","160520231103E001.pdf","https://www.walsin.com/investors/investor-conference/#pills-investor-conference",法說會影音連結資訊:https://wms.gridow.com/ir/walsin/walsin_23Q3.html ,"無","查詢"
"1605","華新","112/05/05","16:00","線上法說會","本公司自辦法人說明會說明112年度第一季財務報告相關資訊","160520230505M001.pdf","160520230505E001.pdf","https://www.walsin.com/investors/investor-conference/#pills-investor-conference",法說會影音連結資訊:https://wms.gridow.com/ir/walsin/walsin_23Q1.html ,"無","查詢"
"1605","華新","112/02/24","16:00","線上法說會","本公司自辦法人說明會說明111年度第四季財務報告相關資訊","160520230224M001.pdf","160520230224E001.pdf","https://www.walsin.com/investors/investor-conference/#pills-investor-conference",法說會影音連結資訊:https://drive.google.com/file/d/17t6d9CfwEYdmGmayhZsNPhoBpCoNNTND/view?usp=share_link ,"無","查詢"
"1608","華榮","112/11/15","14:30","高雄市仁武區高楠公路30號(本公司高楠工廠2樓會議室)","公開說明112年前三季營運狀況","160820231114M001.pdf","160820231114E001.pdf","http://www.hegroup.com.tw/index.php?option=module&amp;lang=cht&amp;task=showlist&amp;id=46&amp;index=4",法說會影音連結資訊:https://www.youtube.com/watch?v=x6gvjQL-jA4 ,"無。","查詢"
"1609","大亞","112/11/22","14:00","線上法人說明會。","本公司受邀參加凱基證券於112年11月22日舉辦之線上法人說明會。","160920231122M001.pdf","160920231122E001.pdf","https://www.taya.com.tw/msg/message-%E6%B3%95%E4%BA%BA%E8%AA%AA%E6%98%8E%E6%9C%83-122.html",法說會影音連結資訊:https://www.taya.com.tw/msg/msg567.html ,"無","查詢"
"1609","大亞","112/06/08","14:00","採線上法人說明會形式進行。","本公司受邀參加證交所、台灣董事學會及安擘諮詢共同舉辦之外資論壇「站在全球地緣政治變動新時代的浪尖」。","160920230608M001.pdf","160920230608E001.pdf","https://www.taya.com.tw/msg/message-%E6%B3%95%E4%BA%BA%E8%AA%AA%E6%98%8E%E6%9C%83-122.html",法說會影音連結資訊:https://www.taya.com.tw/msg/msg552.html ,"無","查詢"
"1609","大亞","112/03/27","14:00","採線上法人說明會形式進行。","本公司受邀參加凱基證券舉辦之「線上法人說明會」，向投資人說明本公司111年度營運狀況等。","160920230327M001.pptx","160920230327E001.pptx","https://www.taya.com.tw/msg/message-%E6%B3%95%E4%BA%BA%E8%AA%AA%E6%98%8E%E6%9C%83-122.html",法說會影音連結資訊:https://www.taya.com.tw/msg/msg542.html ,"無","查詢"
"1609","大亞","112/08/23","14:00","採線上法人說明會形式進行。","本公司受邀參加凱基證券於112年8月23日舉辦之線上法人說明會。","160920230823M002.pdf","160920230823E002.pdf","https://www.taya.com.tw/msg/message-%E6%B3%95%E4%BA%BA%E8%AA%AA%E6%98%8E%E6%9C%83-122.html",法說會影音連結資訊:https://www.taya.com.tw/msg/msg561.html ,"無","查詢"
"1611","中電","112/11/24","14:30","臺灣證券交易所1樓資訊展示中心(台北市信義路五段7號)","營運報告","161120231122M001.pdf","161120231122E001.pdf","http://www.chinaelectric.com.tw/investor9.php",同步收看網址：:https://webpro.twse.com.tw/webportal/vod/101/?categoryId=101 法說會影音連結資訊:https://webpro.twse.com.tw/webportal/vod/101/A7726E10C387-7A7FB01C-8A96-11EE-AF53/?categoryId=101 ,"無","查詢"
"1611","中電","112/04/20","16:00","臺灣證券交易所9樓會議室(台北市信義路五段7號)","營運報告","161120230418M001.pdf","161120230418E001.pdf","http://www.chinaelectric.com.tw/investor9.php",同步收看網址：:https://webpro.twse.com.tw/webportal/vod/101/?categoryId=101 法說會影音連結資訊:https://webpro.twse.com.tw/webportal/vod/101/3B8E295B393F-0386B500-DF54-11ED-ADD4/?categoryId=101 ,"101大樓實施門禁，本公司擬於3:40~4:10PM於1樓信義路閘門發放臨時出入證供來賓進場","查詢"
"1612","宏泰","112/11/28","14:30","福邦證券總公司(台北市忠孝西路一段6號7樓)","本公司受邀參加福邦證券舉辦之法人說明會，說明本公司之營運、財務及業務概況。","161220231127M001.pdf","161220231127E001.pdf","",中文影音檔網址:1612_7_20231128_ch.MP4 ,"無","查詢"
"1614","三洋電","112/06/30","14:30","台灣證券交易所9樓大會議室(台北市信義區信義路五段7號9樓)","公司營運及資產運用現況說明","161420230630M001.pdf","161420230630E001.pdf","http://www.sanyo.com.tw",:未輸 法說會影音連結資訊:https://webpro.twse.com.tw/webportal/vod/101/298636B9B943-092DD7D0-1717-11EE-B5FC/?categoryId=101 ,"本公司將派員14:00~14:40於101辦公大樓信義路入口閘門發放臨時出入證。","查詢"
"1615","大山","112/12/22","14:30","本公司會議室(雲林縣斗六市西平路369號)","本公司簡介及112年前三季財務業務","161520231221M001.ppt","161520231221E001.ppt","http://www.dahsan.com.tw",法說會影音連結資訊:https://youtu.be/VfHp-5i8kGg ,"112年度法人說明會影音資訊將於會後上傳","查詢"
"1616","億泰","112/11/28","13:30","台北市中正區仁愛路二段91巷1號1樓(本公司會議室)","112年度法人說明會","161620231127M002.pdf","161620231127E002.pdf","http://www.evertop.com",法說會影音連結資訊:https://youtu.be/YbuCteBVcPc ,"112年度法人說明會影音連結將於會後上傳","查詢"
"1617","榮星","112/11/17","14:00","高雄市前鎮區中山二路2號九樓之一(假大眾財經大樓)","本公司受邀參加台新證券舉辦之聯合法人說明會，針對本公司112年前三季財務及營運概況等相關資訊做說明。","161720231116M001.pdf","161720231116E001.pdf","http://www.jswire.com.tw",中文影音檔網址:1617_7_20231117_ch.MP4 ,"會議簡報依規定公佈於「公開資訊觀測站」。","查詢"
"1618","合機","112/11/29","14:00","本公司觀音二廠。(桃園巿觀音區觀音工業區經建5路32號)","本公司簡介及財務、業務、營運概況說明。","161820231129M001.pdf","161820231129E001.pdf","https://www.hold-key.com.tw/invest_holdkey_06.html",中文影音檔網址:1618_7_20231129_ch.mp4 ,"無。","查詢"
"1626","艾美特-KY","112/12/11","14:30","凱基證券總公司 (台北市中山區明水路700號12樓)","本公司受邀參加凱基證券股份有限公司舉辦法人說明會，說明本公司財務營運概況。","162620231208M001.pdf","162620231208E001.pdf","http://www.airmate-china.com",中文影音檔網址:1626_24_20231211_ch.mp4 ,"無","查詢"
"1626","艾美特-KY","112/08/29","14:30","線上法人說明會","本公司受邀參加凱基證券股份有限公司舉辦線上法人說明會，說
明本公司財務營運概況。","162620231031M001.pdf","162620231031E001.pdf","http://www.airmate-china.com",中文影音檔網址:1626_23_20230829_ch.mp4 ,"無","查詢"
"1702","南僑","112/11/29","15:20","台北文創 (台北市信義區菸廠路88號6樓)","說明本公司2023年前三季(會計師核閱後)暨10月(自結，尚未經會計師核閱)營運狀況及未來業務展望相關訊息","170220231129M001.pdf","170220231129E001.pdf","https://www.namchow.com.tw/page/main_page/investor_relations/11/index.html",法說會影音連結資訊:https://myppt.cc/sjUtd3 ,"無","查詢"
"1702","南僑","112/04/27","15:00","點水樓南京店(台北市南京東路四段61號)","說明2022年第四季暨2023年第一季(自結，尚未經會計師核閱)營運狀況及未來業務展望相關訊息。","170220230427M001.pdf","170220230427E001.pdf","http://www.namchow.com.tw/page/main_page/investor_relations/11/index.html",法說會影音連結資訊:http://www.namchow.com.tw//page/web_video_directory/2023_law_meeting.html ,"無","查詢"
"1707","葡萄王","112/05/26","10:00","台北君悅酒店","本公司受邀參加富邦證券舉辦之『2023投資論壇』法人說明會","170720230525M001.pdf","170720230525E001.pdf","https://www.grapeking.com.tw","","無","查詢"
"1707","葡萄王","112/08/14","14:00","線上法說會","本公司受邀參加元大證券舉辦之線上法說會","170720230811M001.pdf","170720230811E001.pdf","https://www.grapeking.com.tw",中文影音檔網址:1707_71_20230814_ch.mp4 ,"無","查詢"
"1707","葡萄王","112/12/08","14:00","線上法說會","本公司受邀參加元富證券舉辦之線上法說會","170720231207M001.pdf","170720231207E001.pdf","https://www.grapeking.com.tw","","無","查詢"
"1707","葡萄王","112/01/12","14:00","線上法說會","本公司受邀參加元富證券舉辦之線上法說會","170720221129M001.pdf","170720221129E001.pdf","https://www.grapeking.com.tw","","無","查詢"
"1707","葡萄王","112/04/11","14:00","線上法說會","本公司受邀參加凱基證券舉辦之線上法人說明會","170720230410M001.pdf","170720230410E001.pdf","https://www.grapeking.com.tw","","無","查詢"
"1707","葡萄王","112/04/12 至 112/04/13","09:00","新加坡、香港","本公司受邀參加寬量國際與台灣證券交易所共同舉辦之『13th Taiwan CEO Week』","170720230410M001.pdf","170720230410E001.pdf","https://www.grapeking.com.tw","","無","查詢"
"1707","葡萄王","112/06/08 至 112/06/13","09:00","線上法說會","本公司受邀參加安擘諮詢舉辦之線上法人座談會","170720230607M001.pdf","170720230607E001.pdf","https://www.grapeking.com.tw/","","無","查詢"
"1708","東鹼","112/12/18","14:00","台北市敦化南路二段97號11樓 
（敦南摩天大廈-元富證券11樓教育訓練室）","本公司受邀參加元富證券舉辦之法人說明會，說明本公司財務暨營運概況。","170820231218M001.pdf","170820231218E001.pdf","",法說會影音連結資訊:https://www.youtube.com/watch?v=0RWH64XGsyk ,"無","查詢"
"1709","和益","112/12/14","15:00","台北市大安區敦化南路二段97號19樓","本公司受邀參加元富證券所舉辦之法人說明會","170920231214M001.pptx","170920231214E001.pptx","http://www.fucc.com.tw",中文影音檔網址:1709_7_20231214_ch.mp4 ,"無","查詢"
"1710","東聯","112/12/26","14:00","視訊會議","說明公司營運情形，相關訊息請參閱本公司網站。","171020231225M001.pdf","171020231225E001.pdf","https://www.oucc.com.tw/investor-77-page100",中文影音檔網址:1710_70_20231226_ch.mp4 ,"無","查詢"
"1710","東聯","112/06/20","14:00","台北市復興北路101號13樓","內容檔案於當日會後公告於公開資訊觀測站","171020230613M001.pdf","171020230613E001.pdf","https://www.oucc.com.tw/investor-77-page100","","無","查詢"
"1710","東聯","112/03/30","14:00","視訊會議","說明公司營運情形，相關訊息請參閱本公司網站。","171020230329M001.pdf","171020230329E001.pdf","https://www.oucc.com.tw/investor-77-page100",法說會影音連結資訊:未輸 ,"無","查詢"
"1710","東聯","112/09/26","14:00","台北市復興北路101號13樓","說明公司營運情形，相關訊息請參閱本公司網站。","171020230919M002.pdf","171020230919E002.pdf","https://www.oucc.com.tw/investor-77-page100","","無","查詢"
"1710","東聯","112/05/11","14:00","台北市復興北路101號13樓","內容檔案於當日會後公告於公開資訊觀測站","171020230510M001.pdf","171020230510E001.pdf","https://www.oucc.com.tw/investor-77-page100","","無","查詢"
"1711","永光","112/09/04","14:30","兆豐證券大樓(台北市忠孝東路二段95號13樓)","受邀參加兆豐證券舉辦之法人說明會，說明本公司2023年度上半年營運狀況。","171120230901M001.pdf","171120230901E001.pdf","https://www.ecic.com/financial/shareholder/conference/","","無","查詢"
"1711","永光","112/04/25","14:30","兆豐證券大樓(台北市忠孝東路二段95號13樓)","受邀參加兆豐證券舉辦之法人說明會，說明本公司2022年度營運狀況。","171120230424M001.pdf","171120230424E001.pdf","https://www.ecic.com/financial/shareholder/conference/",法說會影音連結資訊:https://youtu.be/VYGVsXHy_9E ,"無","查詢"
"1712","興農","112/08/17","14:00","台北市松山區民生東路三段156號7樓","本公司受邀參加群益金鼎證券舉辦之法人說明會，說明營運狀況。
報名網址：https://forms.gle/yaZPD7zAZH9rKLCF8
活動內容詢問電話：(02)8700-8888 #306, #365","171220230816M001.pdf","171220230816E001.pdf","https://www.sinon.com.tw/",中文影音檔網址:1712_19_20230817_ch.MP4 ,"無","查詢"
"1712","興農","112/11/16","14:00","台北市大安區復興南路一段209號1樓","本公司受邀參加元富證券舉辦之法人說明會，說明營運狀況。
報名網址：https://forms.gle/2j5wbbmfmsZFc4xH8
活動內容詢問電話：(02)2731-3888 #667","171220231115M002.pdf","171220231115E002.pdf","https://www.sinon.com.tw/","","無","查詢"
"1712","興農","112/03/15","14:00","台北市松山區民生東路三段156號11樓(群益金鼎證券會議室)","本公司受邀參加群益金鼎證券舉辦之法人說明會，說明營運狀況。
報名網址：https://forms.gle/odeWJmwcxV81iM6B8
活動內容詢問電話：(02)8780-8888#306、#365","171220230314M001.pdf","171220230314E001.pdf","https://www.sinon.com.tw/","","無","查詢"
"1712","興農","112/05/11","14:30","線上法人說明會","本公司受邀參加國票證券舉辦之線上法人說明會，說明營運狀況。
報名網址：https://forms.gle/6QMxiE6Hn7zkzweg8
活動內容詢問電話：(02) 2528-6999 #603","171220230510M001.pdf","171220230510E001.pdf","https://www.sinon.com.tw/","","無","查詢"
"1713","國化","112/04/17","14:30","臺灣證券交易所9樓大會議室(台北市信義路五段七號)","1.111年度營運成果報告.
2.重要轉投資概況.
3.未來展望概要.
4.Q&amp;A.","171320230417M001.pptx","171320230417E001.pptx","http://www.ccwi.com.tw",法說會影音連結資訊:https://webpro.twse.com.tw/webportal/vod/101/3B8E295B393F-FB2BAF4A-DCEC-11ED-ADD4/?categoryId=101 ,"本公司將派員14:00~14:40於101辦公大樓信義路入口閘門處發放臨時出入證.","查詢"
"1714","和桐","112/11/22","15:30","福邦證券總公司7樓(台北市忠孝西路一段6號7樓)","受邀參加福邦證券舉辦之法人說明會，就本公司已公開之財務業務資訊作說明。","171420231122M001.pdf","171420231122E001.pdf","https://www.htgroup.com.tw/csr-4",中文影音檔網址:1714_7_20231122_ch.MP4 ,"無","查詢"
"1717","長興","112/11/13","14:00","線上法說會","受邀參加凱基證券舉辦之線上法人說明會","171720231113M001.pdf","171720231113E001.pdf","https://www.eternal-group.com/Investor_Conference","","無","查詢"
"1717","長興","112/08/15","14:00","統一證券總公司3樓會議室
(台北市松山區東興路8號3樓)","受邀參加統一證券舉辦之法人說明會","171720230815M001.pdf","171720230815E001.pdf","https://www.eternal-group.com/Investor_Conference",中文影音檔網址:1717_22_20230815_ch.mp4 ,"無","查詢"
"1717","長興","112/03/17","14:00","統一證券總公司3樓會議室(台北市松山區東興路8號3樓)","受邀參加統一證券舉辦之法人說明會","171720230317M001.pdf","171720230317E001.pdf","https://www.eternal-group.com/WebData/CorporationIndex?WebDataTypeID=37",中文影音檔網址:1717_20_20230317_ch.mp4 ,"無","查詢"
"1717","長興","112/05/19","14:00","線上法說會","受邀參加永豐金證券舉辦之線上法人說明會","171720230519M001.pdf","171720230519E001.pdf","https://www.eternal-group.com/WebData/CorporationIndex?WebDataTypeID=37","","無","查詢"
"1718","中纖","112/06/09","14:00","線上法說會","公司簡介與營運狀況說明","171820230608M001.pdf","171820230608E001.pdf","https://www.cmfc.com.tw/shareholder_tw_7.php",中文影音檔網址:1718_7_20230609_ch.mp4 英文影音檔網址:1718_7_20230609_en.mp4 ,"無","查詢"
"1720","生達","112/04/20","14:30","臺灣證券交易所9樓大會議室(台北市信義路5段7號101大樓9樓)","111年度營運概況說明","172020230419M001.pdf","172020230419E001.pdf","www.standard.com.tw",同步收看網址：:https://webpro.twse.com.tw/WebPortal 法說會影音連結資訊:https://webpro.twse.com.tw/WebPortal/vod/101/3B8E295B393F-458E41DF-DF4D-11ED-ADD4/?categoryId=101 ,"本公司將派員14:00~14:30於101辦公大樓信義路入口閘門處發放臨時出入證。","查詢"
"1720","生達","112/11/16","14:30","臺灣證券交易所1樓資訊展示中心(台北市信義路5段7號101大樓1樓)","2023年前三季營運概況說明","172020231115M001.pdf","172020231115E001.pdf","https://www.standard.com.tw",同步收看網址：:https://webpro.twse.com.tw/WebPortal/?liveChannelId=1 法說會影音連結資訊:https://webpro.twse.com.tw/WebPortal/vod/101/A7726E10C387-547CCFE4-8450-11EE-AF53/?categoryId=101 ,"完整財務業務資訊請至公開資訊觀測站之法人說明會一覽表項下查閱","查詢"
"1721","三晃","112/09/15","14:00","線上法人說明會","受邀參加
本公司受邀參加永豐金證券線上法人說明會","172120230915M001.pdf","172120230915E001.pdf","http://www.sunko.com.tw",中文影音檔網址:1721_8_20230915_ch.mp4 ,"活動報名網址https://www.surveycake.com/s/x1PpO","查詢"
"1722","台肥","112/11/29","15:10","台北茹曦酒店(台北市松山區敦化北路100號)","本公司受華南永昌證券邀請參加2023年第四季產業暨企業論壇，說明公司簡介、營運狀況及未來方向。","172220231128M002.pdf","172220231128E002.pdf","http://www.taifer.com.tw",中文影音檔網址:1722_88_20231129_ch.mp4 ,"相關資訊請參考公開資訊觀測站公司治理專區及本公司網站","查詢"
"1722","台肥","112/06/14","13:30","茹曦酒店（台北市松山區敦化北路 100 號）","本公司受邀參加群益金鼎證券「2023年第二季投資論壇」，說明公司簡介、營運概況及未來方向。","172220230613M002.pdf","172220230613E002.pdf","https://www.taifer.com.tw/",中文影音檔網址:1722_87_20230614_ch.mp4 ,"相關資訊請參考公開資訊觀測站公司治理專區及本公司網站","查詢"
"1723","中碳","112/09/14","14:00","線上法人說明會","主要向投資人說明本公司營運概況、財務及業務狀況","172320230913M001.pdf","172320230913E001.pdf","https://www.cscc.com.tw/fin_brief.htm","","本次採Cisco Webex視訊會議，報名請洽wangjupei@masterlink.com.tw","查詢"
"1723","中碳","112/12/20","13:30","台北文創大樓6樓(台北市信義區菸廠路88號6樓)","本公司業務及財務相關資訊 (含部分截至112年11月份之自結財務資訊)","172320231219M001.pdf","172320231219E001.pdf","https://www.cscc.com.tw/fin_brief.htm",中文影音檔網址:1723_49_20231220_ch.mp4 ,"無","查詢"
"1723","中碳","112/06/20","14:00","線上法人說明會","主要向投資人說明本公司營運概況、財務及業務狀況。","172320230616M001.pdf","172320230616E001.pdf","http://www.cscc.com.tw/fin_brief.htm","","本次採Cisco Webex視訊會議，報名請洽cherry18@ibfs.com.tw","查詢"
"1723","中碳","112/03/21","14:00","線上法人說明會","主要向投資人說明本公司營運概況、財務及業務狀況","172320230317M001.pdf","172320230317E001.pdf","https://www.cscc.com.tw/fin_brief.htm","","本次採Cisco Webex視訊會議，報名請洽wangjupei@masterlink.com.tw","查詢"
"1725","元禎","112/09/26","14:30","證交所101辦公大樓一樓資訊展示中心(台北市信義路五段七號)","公司簡介與營運狀況說明。","172520230925M001.pdf","172520230925E001.pdf","http://www.yuanjen.com/03.php?idno=19",同步收看網址：:https://webpro.twse.com.tw/webportal/vod/101/3995F12D8C62-3AA614A2-5C3C-11EE-9FA6/?categoryId=101 法說會影音連結資訊:https://webpro.twse.com.tw/webportal/vod/101/3995F12D8C62-3AA614A2-5C3C-11EE-9FA6/?categoryId=101 ,"無。","查詢"
"1726","永記","112/12/15","14:00","本公司會議廳(高雄市小港區沿海三路26號)","本公司財務及營運概況相關資訊","172620231215M001.pdf","172620231215E001.pdf","",中文影音檔網址:1726_7_20231215_ch.mp4 ,"無","查詢"
"1727","中華化","112/08/24","14:30","Teams線上會議","受邀參加富邦證券舉辦之法說會，說明本公司之營運概況","172720230824M001.pdf","172720230824E001.pdf","https://www.chciw.com.tw/",中文影音檔網址:1727_11_20230824_ch.mp4 ,"無","查詢"
"1730","花仙子","112/10/20","14:00","線上法說會","本公司受邀參加中國信託綜合證券舉辦之法人說明會","173020231020M001.pdf","173020231020E001.pdf","https://www.farcent.com.tw/investors03-3",中文影音檔網址:1730_8_20231020_ch.mp4 ,"無","查詢"
"1731","美吾華","112/11/28","14:00","台北市中山區明水路700號12樓會議室","受邀參加 
本公司受凱基證券邀請，舉辦實體法說會，由經營團隊向法人及投資者說明公司研發及展業最新狀況。 
(1) 美吾髮&#174;事業部: 美吾髮&#174; 獲選為台灣百大品牌，據全球權威市調公司凱度KANTAR公布「2021年消費者指數研究」，美吾華公司洗髮用品高居台灣品牌市占第一。經營染髮、洗髮、護髮、沐浴等系列產品，建構研發、生產到品牌行銷的完整價值鏈，成功整合電商和實體通路。
(2)醫藥事業部: 深耕國內醫療院所通路，行銷懷特生技新藥研發成功的新藥並代理國際大藥廠藥品。","173120231128M001.pdf","173120231128E001.pdf","https://www.maywufa.com.tw/news_center/news/detail/748",中文影音檔網址:1731_9_20231128_ch.mp4 ,"相關資訊將依規定揭露於公開資訊觀測站。","查詢"
"1732","毛寶","112/12/12","15:00","線上法說會","公司簡介及營運報告","173220231212M001.pdf","173220231212E001.pdf","https://www.maobao.com.tw/",同步收看網址：:https://wms.gridow.com/ir/maobao/maobao_2023.html 法說會影音連結資訊:https://wms.gridow.com/ir/maobao/maobao_2023.html ,"無","查詢"
"1733","五鼎","112/05/25","14:30","台北市忠孝東路二段95號13樓(兆豐證券總公司)","本公司受邀參加兆豐證券舉辦之法人說明會，說明公司業務及營運概況。","173320230525M001.pdf","173320230525E001.pdf","http://www.apexbio.com.tw",中文影音檔網址:1733_17_20230525_ch.mp4 ,"無。","查詢"
"1733","五鼎","112/11/17","14:30","台北市中正區新生南路一段50號3樓","本公司受邀參加德信證券舉辦之法人說明會，說明公司業務及營運概況。","173320231117M001.pdf","173320231117E001.pdf","https://www.apexbio.com.tw/",中文影音檔網址:1733_18_20231117_ch.mp4 ,"無。","查詢"
"1734","杏輝","112/12/13","14:00","國票金控總部大樓(臺北市中山區樂群三路128號7樓會議室)","本公司受邀參加國票綜合證券舉辦之法人說明會，說明本公司之營運概況及業務相關資訊。","173420231213M001.pdf","173420231213E001.pdf","https://www.sinphar.com.tw/corporate?page=1",中文影音檔網址:1734_8_20231213_ch.mp4 ,"無","查詢"
"1735","日勝化","112/12/06","14:30","線上法&#12040;說明會","本公司受邀參加凱基證券所舉辦之線上法&#12040;說明
會","173520231206M001.pdf","173520231206E001.pdf","https://www.twemc.com.tw",中文影音檔網址:1735_7_20231206_ch.mp4 ,"無","查詢"
"1736","喬山","112/09/05","11:00","集思北科大會議中心(台北市大安區忠孝東路三段1號2樓)","受邀參加凱基證券舉辦之2023第三季投資論壇","173620230822M001.pdf","173620230822E001.pdf","","","無","查詢"
"1736","喬山","112/02/16","10:30","台北晶華酒店(台北市中山北路二段39巷3號) 4F","本公司受邀參加元大證券第一季投資論壇，說明本公司營運概況","173620230203M001.pdf","173620230203E001.pdf","","","無","查詢"
"1736","喬山","112/08/24","14:30","臺灣證券交易所1樓資訊展示中心(台北市信義區信義路五段7號,101大樓)","本公司受邀參加臺灣證交所與第一金證券合作舉辦之「新經濟產業暨健康新生活產業」主題式業績發表會，說明本公司之營運概況、財務及業務相關資訊","173620230822M001.pdf","173620230822E001.pdf","",同步收看網址：:https://webpro.twse.com.tw/webportal/?liveChannelId=1 法說會影音連結資訊:https://webpro.twse.com.tw/webportal/vod/101/3D5A2B2E678B-C94F8087-4878-11EE-8E13/?categoryId=101 ,"無","查詢"
"1737","臺鹽","112/08/18","15:30","臺灣證券交易所1F資訊展示中心(台北市信義路五段7號1樓)","本公司營運及財務相關概況","173720230817M001.pdf","173720230817E001.pdf","https://www.tybio.com.tw/taiyen/tw",法說會影音連結資訊:https://webpro.twse.com.tw/webportal/vod/101/3D5A2B2E678B-73982B9E-3DA3-11EE-8E13/?categoryId=101 ,"無","查詢"
"1752","南光","112/12/15","14:00","富邦證券 
&#29319;亞會議中心207號會議室 (台北市復興北路99號2樓)","投資論壇。","175220231219M001.pdf","175220231219E001.pdf","http://www.nangkuang.com.tw",中文影音檔網址:1752_11_20231215_ch.mp4 ,"無","查詢"
"1760","寶齡富錦","112/08/22","14:30","臺北市中山區明水路700號 (12樓)","本公司受邀參加凱基證券於112年08月22日舉辦之法人說明會，
說明本公司營運報告及未來展望","176020230822M003.pdf","176020230822E003.pdf","http://www.pbf.com.tw","","無","查詢"
"1760","寶齡富錦","112/12/26","14:30","線上法人說明會","本公司受邀參加中國信託於112年12月26日舉辦之線上法人說明會，說明本公司財務及營運展望報告","176020231226M001.pdf","176020231226E001.pdf","http://www.pbf.com.tw",中文影音檔網址:1760_16_20231226_ch.mp4 ,"無","查詢"
"1762","中化生","112/08/29","14:00","線上法人說明會","說明本公司112年第二季財務業務資訊及未來經營策略","176220230823M001.pdf","176220230823E001.pdf","","","報名請洽元大證券 underwriting.brk@yuanta.com","查詢"
"1762","中化生","112/03/29","14:00","線上法人說明會","說明本公司111年度財務業務資訊及未來經營策略","176220230324M001.pdf","176220230324E001.pdf","",中文影音檔網址:1762_25_20230329_ch.mp4 ,"報名請洽富邦法人部 fion.hsieh@fubon.com","查詢"
"1773","勝一","112/12/13","14:00","台証大樓(台北市中山區建國北路一段96號B1會議室)","本公司受邀參加台新證券舉辦之法人說明會","177320231213M001.pdf","177320231213E001.pdf","",中文影音檔網址:1773_10_20231213_ch.MP4 ,"無。","查詢"
"1776","展宇","112/12/26","15:00","新竹縣湖口鄉光復路71號二樓會議室","說明本公司112年已公開發布之財務業績、營運成果等相關資訊。","177620231226M001.pptx","177620231226E001.pptx","https://www.headway.com.tw",中文影音檔網址:1776_10_20231226_ch.mp4 ,"無","查詢"
"1783","和康生","112/05/22","14:00","線上","本公司受邀參加台新證券舉辦之線上法人說明會","178320230522M001.pdf","178320230522E001.pdf","","","無","查詢"
"1783","和康生","112/11/20","14:00","線上","本公司受邀參加台新證券舉辦之線上法人說明會","178320231120M001.pdf","178320231120E001.pdf","",法說會影音連結資訊:https://mbi-bio.com/zh-hant/investor/ ,"無","查詢"
"1783","和康生","112/03/31","14:00","線上","本公司受邀參加台新證券舉辦之線上法人說明會","178320230331M001.pdf","178320230331E001.pdf","","","無","查詢"
"1783","和康生","112/07/28","15:30","台北市南港區經貿二路1號(南港展覽館1館4樓403室)","本公司受邀參加台新證券舉辦之法人說明會","178320230728M001.pdf","178320230728E001.pdf","","","無","查詢"
"1783","和康生","112/06/07","13:30","台北晶華酒店(台北市中山北路二段39巷3號) 4F會議廳","公司的經營業績和展望","178320230522M001.pdf","178320230522E001.pdf","","","無","查詢"
"1786","科妍","112/08/10","13:30","線上法人說明會","本公司受統一證券邀請舉辦公開法人說明會","178620230810M001.pdf","178620230810E001.pdf","https://www.scivision.com.tw/big5/info.php?sn=12",中文影音檔網址:1786_9_20230810_ch.mp4 ,"無","查詢"
"1789","神隆","112/06/08","14:30","線上會議","本公司受邀參加永豐金證券舉辦之線上法人說明會，會中就本公司已公開發佈之財務數字與營運概況等相關資訊做說明","178920230608M001.pdf","178920230608E001.pdf","https://www.scinopharm.com.tw/activity.asp",中文影音檔網址:1789_138_20230608_ch.mp4 ,"無","查詢"
"1789","神隆","112/12/07","14:30","線上會議","本公司受邀參加元富證券舉辦之線上法人說明會，會中就本公司已公開發佈之112年前三季財務數字與營運概況等相關資訊做說明","178920231207M001.pdf","178920231207E001.pdf","https://www.scinopharm.com.tw/activity.asp","","無","查詢"
"1789","神隆","112/01/12","05:30","美國舊金山 Westin St. Francis Hotel","本公司受邀參加J.P. Morgan舉辦之2023 Healthcare Conference，會中就本公司已公開發佈之財務數字、營運概況等相關資訊做說明。
公司簡報時間為美西時間1月11日下午1時30分 (台灣時間1月12日上午5時30分)。","178920230110M001.pdf","178920230110E001.pdf","https://www.scinopharm.com.tw/activity.asp","","無","查詢"
"1789","神隆","112/03/09","14:30","臺灣證券交易所1樓資訊展示中心
(台北市信義區信義路五段7號1樓)","本公司舉行2022全年法人說明會，會中就本公司已公開發佈之財務數字與營運概況等相關資訊做說明","178920230309M001.pdf","178920230309E001.pdf","https://www.scinopharm.com.tw/activity.asp",法說會影音連結資訊:https://webpro.twse.com.tw/webportal/vod/101/F9531EE49DAB-B98F5EE5-BEF1-11ED-BD2C/?categoryId=101 ,"無","查詢"
"1789","神隆","112/08/22","14:30","線上會議","本公司舉行112年上半年線上法人說明會，會中就112年上半年財務數字與營運概況等相關資訊做說明","178920230822M001.pdf","178920230822E001.pdf","https://www.scinopharm.com.tw/activity.asp",中文影音檔網址:1789_139_20230822_ch.mp4 ,"無","查詢"
"1795","美時","112/07/12","14:00","台北市長安東路一段22號6樓","本公司受邀參加第一金證券舉辦之法人說明會，將就本公司財務及營運狀況向投資法人說明。","179520230712M001.pdf","179520230712E001.pdf","","","無","查詢"
"1795","美時","112/07/18","14:00","台北市大安區復興南路一段209號1樓","本公司受邀參加元富證券舉辦之法人說明會，將就本公司財務及營運狀況向投資法人說明。","179520230712M002.pdf","179520230712E002.pdf","","","無。","查詢"
"1795","美時","112/07/19","14:00","台北市中山區南京東路三段219號11樓","本公司受邀參加元大證券舉辦之法人說明會，將就本公司財務及營運狀況向投資法人說明。","179520230712M003.pdf","179520230712E003.pdf","","","無。","查詢"
"1795","美時","112/08/15","14:00","線上法人說明會","將就本公司財務及營運狀況向投資法人說明。
會議連結：http://www.zucast.com/webcast/EFEYFLVg","179520230815M001.pdf","179520230815E001.pdf","https://www.lotuspharm.com.tw/newsroom",同步收看網址：:http://www.zucast.com/webcast/EFEYFLVg 法說會影音連結資訊:http://www.zucast.com/webcast/EFEYFLVg ,"無。","查詢"
"1795","美時","112/08/15","16:00","英文電話會議","本公司受邀參加凱基證券舉辦之英文電話會議，將就本公司財務及營運狀況向投資法人說明。","179520230815M002.pdf","179520230815E002.pdf","https://www.lotuspharm.com.tw/newsroom","","無。","查詢"
"1795","美時","112/07/14","14:00","台北市南京東路五段188號15樓","本公司受邀參加國票證券舉辦之法人說明會，將就本公司財務及營運狀況向投資法人說明。","179520230712M001.pdf","179520230712E001.pdf","","","無。","查詢"
"1795","美時","112/10/16 至 112/10/17","09:00","上海浦東麗思卡爾頓酒店","本公司受邀參加摩根大通(J.P. Morgan)舉辦之Global Healthcare Shanghai Conference，將就本公司財務及營運狀況向投資法人說明。","179520230815M002.pdf","179520230815E002.pdf","https://www.lotuspharm.com.tw/newsroom","","無。","查詢"
"1795","美時","112/11/14","14:00","線上法人說明會","將就本公司第三季財務及營運狀況向投資法人說明。
會議連結：http://www.zucast.com/webcast/AqHu5szQ","179520231114M001.pdf","179520231114E001.pdf","https://www.lotuspharm.com.tw/newsroom",同步收看網址：:http://www.zucast.com/webcast/AqHu5szQ 法說會影音連結資訊:http://www.zucast.com/webcast/AqHu5szQ ,"無。","查詢"
"1795","美時","112/11/14","16:00","英文電話會議","本公司受邀參加瑞銀證券舉辦之線上法人說明會，將就本公司第三季財務及營運狀況向投資法人說明。","179520231114M002.pdf","179520231114E002.pdf","https://www.lotuspharm.com.tw/newsroom",法說會影音連結資訊:https://view.knowledgevision.com/presentation/53d97999dd6946cfa33eabb825ebc5a8 ,"無。","查詢"
"1795","美時","112/03/14","14:00","線上法人說明會，中文場：14:00-15:00；英文電話會議16:00-17:00","將就本公司財務及營運狀況向投資法人說明。
中文場：http://www.zucast.com/webcast/hQZbDhCK 
英文電話會議：受邀參加凱基證券舉辦之英文電話會議。","179520230314M001.pdf","179520230314E001.pdf","https://www.lotuspharm.com.tw/newsroom",同步收看網址：:http://www.zucast.com/webcast/hQZbDhCK 法說會影音連結資訊:http://www.zucast.com/webcast/hQZbDhCK ,"無。","查詢"
"1795","美時","112/03/21","08:30","香港","本公司受邀參加瑞士信貸所舉辦之26th Credit Suisse Asian Investment Conference，將就本公司財務及營運狀況向投資法人說明。","179520230314M002.pdf","179520230314E002.pdf","","","無。","查詢"
"1795","美時","112/05/16","14:00","線上法人說明會","將就本公司財務及營運狀況向投資法人說明。
會議連結：http://www.zucast.com/webcast/ZYyLVJPM","179520230516M001.pdf","179520230516E001.pdf","https://www.lotuspharm.com.tw/newsroom",同步收看網址：:http://www.zucast.com/webcast/ZYyLVJPM 法說會影音連結資訊:http://www.zucast.com/webcast/ZYyLVJPM ,"無。","查詢"
"1795","美時","112/05/16","17:00","英文電話會議","本公司受邀參加凱基證券舉辦之英文電話會議，將就本公司財務及營運狀況向投資法人說明。","179520230516M002.pdf","179520230516E002.pdf","https://www.lotuspharm.com.tw/newsroom","","無。","查詢"
"1802","台玻","112/11/22","14:30","台北市大安區仁愛路四段169號15樓(富邦金融大樓)","本公司受邀參加富邦證券舉辦之法人說明會，會中說明本公司之營運概況。","180220231122M001.pptx","180220231122E001.pptx","",中文影音檔網址:1802_8_20231122_ch.mp4 ,"無","查詢"
"1805","寶徠","112/12/27","14:30","證券交易所101辦公大樓1樓-資訊展示中心
（台北市信義區信義路5段7號1樓）","介紹公司概況，並說明公司營運及未來展望。","180520231226M001.pdf","180520231226E001.pdf","",同步收看網址：:http://webpro.twse.com.tw 法說會影音連結資訊:https://webpro.twse.com.tw/WebPortal/vod/101/?categoryId=101 ,"無","查詢"
"1806","冠軍","112/11/27","14:00","線上法人說明會","本公司受邀參加康和證券舉辦之線上法人說明會","180620231127M001.pptx","180620231127E001.pptx","http://group.champion.com.tw/events",中文影音檔網址:1806_8_20231127_ch.mp4 ,"無","查詢"
"1808","潤隆","112/11/23","14:00","統一證券總公司15樓會議室(台北市松山區東興路8號)","本公司受邀參加統一證券舉辦之法人說明會，說明本公司之營運概況","180820231123M001.pdf","180820231123E001.pdf","https://www.runlong.com.tw/",法說會影音連結資訊:https://www.youtube.com/watch?v=4GDTZvdycjk ,"無","查詢"
"1809","中釉","112/10/12","14:30","福邦證券(股)公司新竹分公司(新竹縣竹北市光明五街210號4樓)","公司簡介及營運報告","180920231006M001.pptx","180920231006E001.pptx","http://www.china-glaze.com.tw/",中文影音檔網址:1809_7_20231012_ch.MP4 ,"無","查詢"
"1810","和成","112/11/16","10:00","線上法人說明會","本公司受邀參加群益證�麥|辦之線上法人說明會,說明營運狀況","181020231114M001.pdf","181020231114E001.pdf","https://www.hcg.com.tw/About/Corporate",同步收看網址：:https://capitaldiid.webex.com/capitaldiid-tc/j.php?MTID=mc475087c35e860fde1ca77babda12b00　 法說會影音連結資訊:https://www.hcg.com.tw/videos/1810-20231116.mp4 ,"無","查詢"
"1817","凱撒衛","112/12/05","14:30","台北市忠孝西路一段6號7樓","本公司受邀參加福邦證券舉辦之法人說明會，就本公司已公開之財務業務資訊作說明。","181720231205M001.pdf","181720231205E001.pdf","https://www.caesar.com.tw/importnews/categories",法說會影音連結資訊:https://www.youtube.com/watch?v=sT8ualuuA7E ,"報名連結: https://forms.gle/cx84LgCo5mCQ3o496 當日將於14:00開放報到。","查詢"
"1817","凱撒衛","112/03/15","14:00","台北市忠孝西路一段6號7樓","本公司受邀參加福邦證券舉辦之法人說明會，於會中報告公司簡介及營運概況。","181720230315M001.pptx","181720230315E001.pptx","https://www.caesar.com.tw/investor/ir.html",法說會影音連結資訊:https://www.youtube.com/watch?v=BoxSMlCeN9E ,"報名連結:https://forms.gle/4wYcdrm12tDrYpzP9當日將於13:30開放報到","查詢"
"1903","士紙","112/12/29","14:30","臺灣證券交易所1樓資訊展示中心(台北市信義路五段7號)","公司簡介及營運報告","190320231227M001.pdf","190320231227E001.pdf","https://www.shihlin.com.tw/stock_information.html",法說會影音連結資訊:https://webpro.twse.com.tw/webportal/vod/101/498CE94E7BC8-AE821660-A61C-11EE-A3A1/?categoryId=101 ,"無。","查詢"
"1904","正隆","112/08/18","14:00","線上視訊會議","公司概況及未來發展","190420230818M001.pdf","190420230818E001.pdf","https://www.clc.com.tw/",中文影音檔網址:1904_30_20230818_ch.mp4 ,"線上視訊會議網址:https://reurl.cc/jD0o3M","查詢"
"1904","正隆","112/03/17","14:00","線上視訊會議","公司概況及未來發展","190420230317M001.pdf","190420230317E001.pdf","https://www.clc.com.tw/",中文影音檔網址:1904_29_20230317_ch.mp4 ,"線上視訊會議網址:https://reurl.cc/DmoDY6","查詢"
"1905","華紙","112/08/15","14:00","永豐餘信誼大樓B1 (台北市重慶南路二段51號)","本公司舉辦法人說明會，說明2023年第二季營運結果","190520230815M001.pdf","190520230815E001.pdf","www.chp.com.tw",法說會影音連結資訊:https://irconference.twse.com.tw/1905_53_20230815_ch.mp4 公司官網:http://www.chp.com.tw/investors/conference 影音傳播網:https://webpro.twse.com.tw/webportal/vod/101/D5770EF7E062-0B246DD1-3B3B-11EE-B57C/?categoryId=101 ,"無","查詢"
"1905","華紙","112/11/14","14:00","永豐餘信誼大樓B1 (台北市重慶南路二段51號)","本公司舉辦法人說明會，說明2023年第三季營運結果","190520231114M001.pdf","190520231114E001.pdf","www.chp.com.tw",法說會影音連結資訊:https://irconference.twse.com.tw/1905_54_20231114_ch.mp4 華紙官網:http://www.chp.com.tw/investors/conference 交易所影音傳播網:https://webpro.twse.com.tw/webportal/vod/101/DF3682FD039D-77CB7982-82BC-11EE-AC73/?categoryId=101 ,"無","查詢"
"1905","華紙","112/05/15","14:00","永豐餘信誼大樓B1 (台北市重慶南路二段51號)","本公司舉辦法人說明會，說明2023年第一季營運結果","190520230515M001.pdf","190520230515E001.pdf","www.chp.com.tw",法說會影音連結資訊:https://irconference.twse.com.tw/1905_52_20230515_ch.mp4 華紙官網:http://www.chp.com.tw/investors/conference 影音傳播網:https://webpro.twse.com.tw/webportal/vod/101/9BC5881A9006-CA911BC2-F2F5-11ED-AABC/?categoryId=101 ,"無","查詢"
"1905","華紙","112/03/16","14:00","永豐餘信誼大樓B1 (台北市重慶南路二段51號)","本公司舉辦法人說明會，說明2022年第四季營運結果","190520230316M001.pdf","190520230316E001.pdf","www.chp.com.tw",法說會影音連結資訊:https://irconference.twse.com.tw/1905_51_20230316_ch.mp4 公司網站:http://www.chp.com.tw/investors/conference ,"無","查詢"
"1906","寶隆","112/09/14","15:30","線上法說會","本公司受邀參加元大證券舉辦之線上法說會","190620230914M001.pdf","190620230914E001.pdf","https://www.baolongintl.com/B3005.asp",法說會影音連結資訊:未輸 ,"無。","查詢"
"1906","寶隆","112/12/26","14:30","線上法說會","本公司受邀參加元大證券舉辦之線上法說會","190620231226M001.pdf","190620231226E001.pdf","https://www.baolongintl.com/B3005.asp",法說會影音連結資訊:https://www.baolongintl.com/UploadFile/IC/%E5%AF%B6%E9%9A%86-23Q3.mp4 ,"無","查詢"
"1907","永豐餘","112/11/14","15:00","本公司B1（台北市重慶南路二段51號永豐信誼大樓）","本公司舉辦法人說明會，說明2023年度第三季營運結果","190720231114M001.pdf","190720231114E001.pdf","http://www.yfy.com",法說會影音連結資訊:https://www.yfy.com:1443/tw/investor_conference.html#video (請輸入網址名稱(註)):https://irconference.twse.com.tw/1907_74_20231114_ch.mp4 ,"無","查詢"
"1907","永豐餘","112/08/15","15:00","本公司B1（台北市重慶南路二段51號永豐信誼大樓）","本公司舉辦法人說明會，說明2023年度第二季營運結果","190720230815M001.pdf","190720230815E001.pdf","http://www.yfy.com",法說會影音連結資訊:http://irconference.twse.com.tw/1907_73_20230815_ch.mp4 (請輸入網址名稱(註)):https://www.yfy.com/tw/investor_conference.html#video ,"無","查詢"
"1907","永豐餘","112/05/17","14:00","本公司B1（台北市重慶南路二段51號永豐信誼大樓）","本公司舉辦法人說明會，說明2023年度第一季營運結果","190720230517M001.pdf","190720230517E001.pdf","http://www.yfy.com",法說會影音連結資訊:http://irconference.twse.com.tw/1907_72_20230517_ch.mp4 :https://www.yfy.com/tw/investor_conference.html#video ,"無","查詢"
"1907","永豐餘","112/03/16","15:00","本公司B1（台北市重慶南路二段51號永豐信誼大樓）","本公司舉辦法人說明會，說明2022年度第四季營運結果","190720230316M001.pdf","190720230316E001.pdf","http://www.yfy.com",法說會影音連結資訊:https://www.yfy.com/tw/investor_conference.html ,"無","查詢"
"1909","榮成","112/09/14","15:00","線上法說會","本公司受邀參加元大證券舉辦之線上法說會","190920230914M001.pdf","190920230914E001.pdf","http://longchenpaper.com/B6001.asp",法說會影音連結資訊:未輸 ,"無","查詢"
"1909","榮成","112/12/26","14:00","線上法說會","本公司受邀參加元大證券舉辦之線上法說會","190920231226M001.pdf","190920231226E001.pdf","http://longchenpaper.com/B6001.asp",法說會影音連結資訊:https://www.longchenpaper.com/file/UploadFile/IC/%E6%A6%AE%E6%88%90-23Q3.mp4 (請輸入網址名稱(註)):未輸 ,"無","查詢"
"2002","中鋼","112/09/21","14:00","群益金鼎證券(台北市松山區民生東路三段156號)11樓會議室","本公司業務及財務相關資訊(含部分截至112年8月份之自結財務資訊)","200220230920M001.pdf","200220230920E001.pdf","https://www.csc.com.tw/csc/ss/pst/pst_index.html","","無","查詢"
"2002","中鋼","112/06/06","15:15","台北茹曦酒店","本公司業務及財務相關資訊 (含部分截至112年4月份之自結財務資訊)","200220230605M001.pdf","200220230605E001.pdf","https://www.csc.com.tw/csc/ss/pst/pst_index.html","","無","查詢"
"2002","中鋼","112/12/21","14:30","台北文創大樓6樓(台北市信義區菸廠路88號6樓)","本公司業務及財務相關資訊 (含部分截至112年11月份之自結財務資訊)","200220231220M001.pdf","200220231220E001.pdf","https://www.csc.com.tw/csc/ss/pst/pst_index.html",中文影音檔網址:2002_112_20231221_ch.mp4 ,"無","查詢"
"2002","中鋼","112/03/07","14:35","台北茹曦酒店","本公司業務及財務相關資訊 (含部分截至112年1月份之自結財務資訊)","200220230306M001.pdf","200220230306E001.pdf","https://www.csc.com.tw/csc/ss/pst/pst_index.html","","無","查詢"
"2006","東和鋼鐵","112/12/26","15:00","線上法說會","本公司受邀參加元大證券舉辦之線上法說會， 報告本公司營運狀況","200620231226M002.pptx","200620231226E002.pptx","https://www.tunghosteel.com/Home/Index",中文影音檔網址:2006_15_20231226_ch.mp4 ,"無","查詢"
"2006","東和鋼鐵","112/09/12","15:00","線上法說會","本公司受邀參加元大證券舉辦之線上法說會， 
報告本公司營運狀況","200620230912M001.pptx","200620230912E001.pptx","https://www.tunghosteel.com/Home/Index",中文影音檔網址:2006_14_20230912_ch.mp4 ,"無","查詢"
"2007","燁興","112/07/04","14:00","燁興公司訓練教室(高雄市岡山區寶米路369號)","(1)公司簡介(2)營運概況(3)市場概況與未來展望(4)ESG企業永續發展","200720230704M001.pdf","200720230704E001.pdf","http://www.yheco.com.tw/index.asp",法說會影音連結資訊:http://www.yheco.com.tw/YH_Conference.asp ,"無","查詢"
"2008","高興昌","112/10/25","14:00","高雄市鼓山區中華一路318號(本公司二樓)","本公司112年1-6月業績說明","200820231025M001.pdf","200820231025E001.pdf","http://www.khc.com.tw",中文影音檔網址:2008_8_20231025_ch.mp4 英文影音檔網址:2008_8_20231025_en.mp4 ,"無","查詢"
"2009","第一銅","112/11/17","14:30","高雄市小港區沿海一路479號(本公司臨海工廠2樓會議室)","公開說明112年前三季營運狀況","200920231116M001.pdf","200920231116E001.pdf","http://www.fcht.com.tw/index.php?option=module&amp;lang=cht&amp;task=showlist&amp;id=46&amp;index=4",法說會影音連結資訊:https://youtu.be/aonJ2t6M0oI ,"無。","查詢"
"2010","春源","112/10/05","14:30","臺灣證券交易所1F資訊展示中心(台北市信義區信義路五段7號1樓)","本公司業務及財務相關資訊","201020231005M001.pdf","201020231005E001.pdf","https://www.cysco.com.tw/investorzone-67-114-page117",法說會影音連結資訊:https://webpro.twse.com.tw/webportal/vod/102/4DE2E655463C-6940B06F-634E-11EE-AC45/?categoryId=102 ,"無","查詢"
"2012","春雨","112/12/15","16:00","線上法人說明會","本公司受邀參加元大證券舉辦之線上法人說明會，報告本公司營運狀況。","201220231215M001.pdf","201220231215E001.pdf","https://www.chunyu.com.tw/ChunyuPortalMIS/chunyu_www/1-5.htm",中文影音檔網址:2012_9_20231215_ch.mp4 ,"完整財務業務資訊請至公開資訊觀測站之法人說明會一覽表或法說會項目下查閱。","查詢"
"2012","春雨","112/09/20","14:00","線上法人說明會","本公司受邀參加元大證券舉辦之線上法人說明會，報告本公司營運狀況。","201220230920M001.pdf","201220230920E001.pdf","https://www.chunyu.com.tw/ChunyuPortalMIS/chunyu_www/1-5.htm",中文影音檔網址:2012_8_20230920_ch.mp4 ,"完整財務業務資訊請至公開資訊觀測站之法人說明會一覽表或法說會項目下查閱。","查詢"
"2013","中鋼構","112/12/21","15:40","台北文創大樓6樓(台北市信義區菸廠路88號6樓)","本公司業務及財務相關資訊。","201320231219M001.pdf","201320231219E001.pdf","",法說會影音連結資訊:未輸 ,"無","查詢"
"2013","中鋼構","112/06/20","15:00","線上法說會","本公司業務及財務相關資訊","201320230619M001.pdf","201320230619E001.pdf","",中文影音檔網址:2013_10_20230620_ch.mp4 ,"無","查詢"
"2014","中鴻","112/06/08","14:00","線上法說會","受邀參加
本公司業務及財務相關資訊","201420230607M001.pdf","201420230607E001.pdf","https://www.chsteel.com.tw/cg/ss_note.html","","無。","查詢"
"2014","中鴻","112/03/29","14:00","線上法說會","本公司業務及財務相關資訊","201420230327M001.pdf","201420230327E001.pdf","http://www.chsteel.com.tw/cg/ss_note.html","","無","查詢"
"2014","中鴻","112/12/21","13:30","台北文創大樓6樓(台北市信義區菸廠路88號6樓)","本公司業務及財務相關資訊","201420231219M001.pdf","201420231219E001.pdf","https://www.chsteel.com.tw/cg/ss_note.html","","無","查詢"
"2014","中鴻","112/09/28","14:00","線上法說會","本公司業務及財務相關資訊","201420230926M001.pdf","201420230926E001.pdf","https://www.chsteel.com.tw/cg/ss_note.html",法說會影音連結資訊:https://www.chsteel.com.tw/cg/ss_note.html ,"無。","查詢"
"2015","豐興","112/10/27","14:00","國票金控大樓(台北市中山區樂群三路128號7樓)","本公司受邀參加國票綜合證券法人說明會","201520231026M001.pdf","201520231026E001.pdf","https://www.fenghsin.com.tw/investor.html","","報名請洽國票綜合證券李小姐02-25288275 Email:anneli@ibfs.com.tw","查詢"
"2015","豐興","112/07/28","14:00","線上法人說明會","本公司受邀參加國票綜合證券法人說明會","201520230727M001.pdf","201520230727E001.pdf","https://www.fenghsin.com.tw/","","報名請洽國票綜合證券李小姐02-25288275 Email:anneli@ibfs.com.tw","查詢"
"2015","豐興","112/02/24","14:00","線上法人說明會","本公司受邀參加國票綜合證券法人說明會","201520230223M001.pdf","201520230223E001.pdf","https://www.fenghsin.com.tw/",中文影音檔網址:2015_30_20230224_ch.mp4 ,"報名請洽國票綜合證券李小姐02-25288275 Email:anneli@ibfs.com.tw","查詢"
"2015","豐興","112/04/25","14:00","線上法人說明會","本公司受邀參加國票綜合證券法人說明會","201520230424M001.pdf","201520230424E001.pdf","https://www.fenghsin.com.tw/","","報名請洽國票綜合證券李小姐02-25288275 Email:anneli@ibfs.com.tw","查詢"
"2017","官田鋼","112/06/29","14:00","線上會議","本公司受邀參加統一證券聯合法人說明會，會中就公司業務狀況說明。","201720230629M001.ppt","201720230629E001.ppt","",中文影音檔網址:2017_14_20230629_ch.mp4 ,"無","查詢"
"2017","官田鋼","112/11/30","14:00","線上會議","本公司受邀參加統一證券聯合法人說明會，會中就公司業務狀況說明。","201720231129M001.pdf","201720231129E001.pdf","",中文影音檔網址:2017_16_20231130_ch.mp4 ,"無","查詢"
"2017","官田鋼","112/09/26","14:00","線上會議","本公司受邀參加統一證券聯合法人說明會，會中就公司業務狀況說明。","201720230926M001.pptx","201720230926E001.ppt","",中文影音檔網址:2017_15_20230926_ch.mp4 ,"無","查詢"
"2017","官田鋼","112/03/31","14:00","線上會議","本公司受邀參加統一證券聯合法人說明會，會中就公司業務狀況說明。","201720230331M001.ppt","201720230331E001.ppt","",中文影音檔網址:2017_13_20230331_ch.mp4 ,"無","查詢"
"2020","美亞","112/12/26","14:00","線上法說會：https://youtube.com/live/MFawDIfO3rI?feature=share","本公司112年第二次財務業務相關資訊報告。","202020231226M002.pdf","202020231226E002.pdf","http://www.mayer.com.tw/2014/07/blog-post_54.html",中文影音檔網址:2020_11_20231226_ch.mp4 ,"線上法說會電話:25091199網址:https://youtube.com/live/MFawDIfO3rI?feature=share","查詢"
"2020","美亞","112/06/08","14:00","線上法說會：https://www.youtube.com/watch?v=YiqXEaZVxtA","本公司112年第一次財務業務相關資訊報告。","202020230607M001.pptx","202020230607E001.pptx","http://www.mayer.com.tw/2014/07/blog-post_54.html",中文影音檔網址:2020_10_20230608_ch.mp4 ,"線上法說會電話:25091199網址:https://www.youtube.com/watch?v=YiqXEaZVxtA","查詢"
"2022","聚亨","112/11/28","14:00","高雄市岡山區新樂街79-1號聚亨公司一樓會議室","公司營運概況說明","202220231128M001.pdf","202220231128E001.pdf","https://www.tycons.com.tw",法說會影音連結資訊:https://www.tycons.com.tw/index.php?option=module&lang=cht&task=showlist&id=250&index=5 ,"無","查詢"
"2022","聚亨","112/06/01","14:00","高雄市岡山區新樂街79-1號聚亨公司一樓會議室","公司營運概況說明","202220230601M001.pdf","202220230601E001.pdf","https://www.tycons.com.tw",法說會影音連結資訊:https://www.tycons.com.tw/index.php?option=module&lang=cht&task=showlist&id=250&index=5 ,"無","查詢"
"2023","燁輝","112/11/28","14:00","燁輝公司行政大樓5樓(高雄市橋頭區芋寮路369號)","公司簡介、營運概況、永續發展、未來展望","202320231128M001.pdf","202320231128E001.pdf","https://www.yiehphui.com.tw/investor_conference/",法說會影音連結資訊:https://www.yiehphui.com.tw/investor_conference/ ,"無","查詢"
"2023","燁輝","112/08/23","14:00","燁輝公司行政大樓5樓(高雄市橋頭區芋寮路369號)","公司簡介、營運概況、永續發展、未來展望","202320230823M001.pdf","202320230823E001.pdf","https://www.yiehphui.com.tw/investor_conference/",法說會影音連結資訊:https://www.yiehphui.com.tw/investor_conference/ ,"無","查詢"
"2024","志聯","112/12/20","14:30","線上法人說明會","群益金鼎證券於112年12月20日舉辦之線上法人說明會，公司簡介與營運狀況說明。","202420231220M001.pdf","202420231220E001.pdf","http://www.chihlien.com.tw",中文影音檔網址:2024_8_20231220_ch.mp4 ,"完整財務業務資訊請至公開資訊觀測站之法人說明會一覽表","查詢"
"2025","千興","112/11/30","14:00","台南市麻豆區工業路222號(本公司)","公司簡介、營運概況、廢棄物案件說明及市場展望","202520231128M001.pdf","202520231128E001.pdf","http://www.csssc.com.tw/tw/about_InvestorConference.htm",法說會影音連結資訊:http://www.csssc.com.tw/tw/about_InvestorConference.htm ,"會議資料將於法說會後揭露於公開資訊觀測站","查詢"
"2027","大成鋼","112/12/14","14:30","線上法說會","本公司受邀參加統一證券舉辦線上法人說明會，說明公司業務及營運概況。","202720231214M001.pdf","202720231214E001.pdf","http://www.tachen.com.tw/aboutTachenGrp.asp",中文影音檔網址:2027_11_20231214_ch.mp4 ,"無","查詢"
"2028","威致","112/11/30","14:30","福邦證券總公司(台北市忠孝西路一段6號7樓)","本公司受邀福邦證券舉辦之法人說明會，說明本公司簡介及營運概況。","202820231129M001.pdf","202820231129E001.pdf","http://www.weichih.com.tw",中文影音檔網址:2028_7_20231130_ch.mp4 ,"完整財務業務資訊請至公開資訊觀測站之法人說明會一覽表或法說會項目下查閱。","查詢"
"2029","盛餘","112/06/28","14:00","線上法說會","本公司受邀參加國泰證券舉辦之線上法人說明會，說明本公司營運概況。","202920230627M001.pdf","202920230627E001.pdf","https://www.shengyusteel.com","","無","查詢"
"2029","盛餘","112/12/27","10:00","線上法說會","本公司受邀參加國泰證券舉辦之線上法人說明會，說明本公司營運概況。","202920231226M001.pdf","202920231226E001.pdf","https://www.shengyusteel.com","","無","查詢"
"2029","盛餘","112/03/29","14:00","線上法說會","本公司受邀參加康和證�麥|辦之線上法人說明會，說明本公司營運概況。","202920230328M001.pdf","202920230328E001.pdf","https://www.shengyusteel.com",中文影音檔網址:2029_13_20230329_ch.mp4 ,"無","查詢"
"2029","盛餘","112/09/27","14:00","線上法說會","本公司受邀參加&#29319;亞證券舉辦之線上法人說明會，說明本公司營運概況。","202920230926M001.pdf","202920230926E001.pdf","https://www.shengyusteel.com","","無","查詢"
"2030","彰源","112/06/08","14:30","線上法人說明會","本公司受邀參加凱基證券於112年6月8日舉辦之線上法人說明會，說明公司簡介與營運狀況說明。","203020230608M001.pdf","203020230608E001.pdf","http://www.froch.com/TCHI/Investor_Service.php",中文影音檔網址:2030_7_20230608_ch.mp4 ,"無。","查詢"
"2031","新光鋼","112/12/19","14:30","宏泰金融大樓11樓（台北市松山區民生東路三段156號11樓）","本公司受邀參加群益金鼎證券舉辦之法人說明會，會中就本公司營運現狀及未來發展計畫等進行說明。","203120231218M002.pdf","203120231218E002.pdf","https://www.hkssteel.com.tw",中文影音檔網址:2031_14_20231219_ch.mp4 ,"無。","查詢"
"2031","新光鋼","112/05/19","14:30","宏泰金融大樓11樓（台北市松山區民生東路三段156號11樓）","本公司受邀參加群益金鼎證券舉辦之法人說明會，會中就本公司已公開發佈之財務數字、經營績效等相關資訊做說明。","203120230518M001.pdf","203120230518E001.pdf","https://www.hkssteel.com.tw/news.html",中文影音檔網址:2031_12_20230519_ch.MP4 ,"法說會報名網址：https://forms.gle/jZQhzpF2CePJKiXD6","查詢"
"2031","新光鋼","112/11/01","09:00","香港Conrad Hotel (地址:香港金鐘道88號太古廣場)","本公司受邀參加由寬量國際主辦之「14th Taiwan CEO Week」，說明本公司之營運概況、財務及業務相關資訊。","203120231030M001.pdf","203120231030E001.pdf","https://www.hkssteel.com.tw/news.html","","無。","查詢"
"2032","新鋼","112/01/16","14:30","台灣證券交易所1樓資訊展示中心","本公司營運概況及成果說明。","203220230113M001.pdf","203220230113E001.pdf","https://www.sinkang.com.tw/investor-69",法說會影音連結資訊:https://webpro.twse.com.tw/WebPortal/vod/101/C9DAA3745DEF-81097341-956C-11ED-A643/?categoryId=101 ,"無","查詢"
"2033","佳大","112/12/15","15:00","線上法說會。","本公司受邀參加元大證券舉辦之線上法說會，報告本公司營運狀況。","203320231218M001.pptx","203320231218E001.pptx","http://www.ctworld.com.tw/",中文影音檔網址:2033_7_20231215_ch.mp4 ,"無","查詢"
"2034","允強","112/12/12","14:30","台北晶華酒店 4F (台北市中山北路二段39巷3號)","受邀請參加永豐金證券2023年第四季產業論壇","203420231212M001.pdf","203420231212E001.pdf","https://www.ycinox.com/tw/ir/ir-233-2023-2023",法說會影音連結資訊:https://youtu.be/G276qElZWBA ,"無","查詢"
"2038","海光","112/11/28","14:00","https://www.youtube.com/watch?v=nZZ3REMdHo0","本公司舉辦112年法人說明會，於會中說明營業概況。","203820231128M001.pdf","203820231128E001.pdf","https://www.haikwang.com.tw/h/index?key=986075855303",同步收看網址：:https://www.youtube.com/watch?v=nZZ3REMdHo0 法說會影音連結資訊:https://www.youtube.com/watch?v=nZZ3REMdHo0 ,"無","查詢"
"2049","上銀","112/11/22","14:00","網址：http://www.zucast.com/webcast/AQeUT7HA","1.營運狀況 2.Q&amp;A","204920231122M001.pdf","204920231122E001.pdf","http://www.hiwin.tw",同步收看網址：:http://www.zucast.com/webcast/AQeUT7HA 法說會影音連結資訊:https://www.hiwin.tw/stock/stock_video.aspx ,"無","查詢"
"2049","上銀","112/05/10","14:00","網址：http://www.zucast.com/webcast/8UgU2Lp4","1.營運狀況 2.Q&amp;A","204920230510M001.pdf","204920230510E001.pdf","http://www.hiwin.tw",同步收看網址：:http://www.zucast.com/webcast/8UgU2Lp4 法說會影音連結資訊:https://www.hiwin.tw/stock/stock_video.aspx ,"無","查詢"
"2059","川湖","112/11/07","14:30","線上法說會","本公司受邀參加由元大證券舉辦之線上法說會，說明本公司之營運概況、財務及業務相關資訊。","205920231107M001.pdf","205920231107E001.pdf","https://www.kingslide.com/",中文影音檔網址:2059_58_20231107_ch.mp4 ,"無","查詢"
"2059","川湖","112/03/14","09:00","台北君悅酒店","本公司受邀參加美林證券舉辦之「2023 APAC TMT Conference」法人說明會","205920230313M001.pdf","205920230313E001.pdf","https://www.kingslide.com/","","無","查詢"
"2059","川湖","112/04/11","14:30","線上法說會","本公司受邀參加由UBS舉辦之線上法說會，說明本公司之營運概況、財務及業務相關資訊。","205920230411M001.pdf","205920230411E001.pdf","https://www.kingslide.com/","","無","查詢"
"2059","川湖","112/08/07","14:30","線上法說會","本公司受邀參加由元大證券舉辦之線上法說會，說明本公司之營運概況、財務及業務相關資訊。","205920230807M001.pdf","205920230807E001.pdf","https://www.kingslide.com/","","無","查詢"
"2062","橋椿","112/12/25","14:00","台中市西屯區市政路386號22樓","(1)公司基本介紹
(2)公司成長策略","206220231222M001.pdf","206220231222E001.pdf","http://www.sunspring.com.tw/stock.html",中文影音檔網址:2062_58_20231225_ch.mp4 ,"本次法人說明會由統一證券主辦。","查詢"
"2069","運錩","112/11/20","14:30","高雄市前鎮區中山二路2號9樓之1(大眾財經大樓)","本公司受邀參加台新證券舉辦之法人說明會，說明營運概況。","206920231117M001.pdf","206920231117E001.pdf","http://www.yuenchang.com.tw/",中文影音檔網址:2069_9_20231120_ch.MP4 ,"無","查詢"
"2072","世紀風電","112/12/14","15:00","新北市八里區下罟里5鄰中山路3段388之5號 (世紀風電)","本公司受邀參加永豐金證券舉辦之法人說明會，簡報本公司營運成果及未來展望","207220231213M001.pdf","207220231213E001.pdf","http://www.cwptw.com/tw/report/32/","","法說會地點位於台北港管制區，要參加者請務必事先向永豐金證券報名。","查詢"
"2101","南港","112/11/28","15:00","線上法說會","本公司受邀參加元大證券舉辦之線上法說會。","210120231124M001.pdf","210120231124E001.pdf","https://www.nankang-tyre.com/investors/shareholder/legal",中文影音檔網址:2101_18_20231128_ch.mp4 ,"完整財務業務資訊請至公開資訊觀測站之法人說明會一覽表或法說會項目下查閱。","查詢"
"2102","泰豐","112/11/14","14:00","線上法說會","本公司受邀參加元大證券所舉辦之線上法說會","210220231114M001.pptx","210220231114E001.pptx","https://federalcorporation.com.tw/tc/Presentations.php",中文影音檔網址:2102_8_20231114_ch.mp4 ,"無","查詢"
"2103","台橡","112/11/15","14:00","臺灣證券交易所一樓資訊展示中心(台北市信義區信義路五段7 號1 樓)","說明2023 年營運表現及2024 年市場展望，並更新其環境、社會與治理（ESG）執行進度。","210320231115M001.pdf","210320231115E001.pdf","http://www.tsrc.com.tw",法說會影音連結資訊:https://webpro.twse.com.tw/WebPortal/vod/101/D900927FA8EF-5EE3B1DB-838A-11EE-9147/?categoryId=101 ,"(1) 完整財務業務資訊請至公開資訊觀測站之法人說明會一覽表或法說會項目下查閱。","查詢"
"2103","台橡","112/05/18","15:00","線上法說會","法人說明會擇要訊息：本公司擬於112年5月18日召開線上法人說明會，
針對2022年與2023年第一季營運及財務表現進行說明，並提供2023年
市場展望，以及更新重大投資與創新專案執行進度。
欲參加者可透過網路連接下列網址參加https://zoom.us/j/97854166207，

 建議事先下載最新版 Zoom 或以 Google Chrome 網頁瀏覽器加入會議(網路研討會 ID-97854166207)。","210320230518M001.pdf","210320230518E001.pdf","http://www.tsrc.com.tw",同步收看網址：:https://zoom.us/j/97854166207 法說會影音連結資訊:https://www.youtube.com/watch?v=cYi3Od0Ivxw ,"參加者若有法說會相關問題，敬請以「問與答」功能 輸入方式提問 。","查詢"
"2104","國際中橡","112/11/29","14:30","實體(採實名報名制)及線上法說會，實體法說會地點:台北市中山北路2段113號3樓士敏廳。","公司簡介、所屬產業概況、營運成果及未來展望說明","210420231129M001.pdf","210420231129E001.pdf","http://www.csrcgroup.com/investors2.html?lang=tw",法說會影音連結資訊:https://www.csrcgroup.com/investors2.html?lang=tw ,"法說會報名網址：https://www.taiwancement.com/tw/investorsSignUp","查詢"
"2105","正新","112/11/29","14:00","臺北文創-台北市信義區菸廠路88號6F","本公司受邀參加元富證券所舉辦之「2023冬季產業投資論壇」。","210520231127M002.pdf","210520231127E002.pdf","https://www.cst.com.tw/shareholder_8.php",法說會影音連結資訊:https://www.youtube.com/watch?v=JZtSVN_KwS8 ,"無。","查詢"
"2105","正新","112/08/28","14:00","本公司新辦公大樓B2(彰化縣大村鄉美港路215號)","2023年第二季營運成果法人說明會","210520230825M001.pdf","210520230825E001.pdf","https://www.cst.com.tw/shareholder_8.php",法說會影音連結資訊:https://youtu.be/kggzGxG4XKY ,"欲參加者，請前往本公司網頁報名。(http://www.cst.com.tw/news.php?cID=3 )","查詢"
"2106","建大","112/02/16","15:00","台北市中山北路二段39巷3號4F(晶華酒店4F萬象廳)","公告本公司受邀參加元大證券第一季投資論壇","210620230215M001.pdf","210620230215E001.pdf","https://www.esg.kenda.com.tw/%E6%B3%95%E4%BA%BA%E8%AA%AA%E6%98%8E%E6%9C%83",法說會影音連結資訊:https://www.youtube.com/watch?v=rZQ7AtNkDzc ,"無","查詢"
"2106","建大","112/09/05","10:00","台北文創 (台北市信義區菸廠路88號6樓)","公告本公司受邀參加元富證券2023年秋季產業投資論壇","210620230905M001.pdf","210620230905E001.pdf","https://www.esg.kenda.com.tw/%E6%B3%95%E4%BA%BA%E8%AA%AA%E6%98%8E%E6%9C%83",法說會影音連結資訊:https://www.youtube.com/watch?v=tUTOw84RNHU ,"無","查詢"
"2107","厚生","112/12/01","14:30","台灣證券交易所1F資訊展示中心 (台北市信義區信義路五段7號1樓)","說明本公司營運及財務相關概況。","210720231130M001.pdf","210720231130E001.pdf","http://www.frg.com.tw/m/st-cg37.html",法說會影音連結資訊:https://webpro.twse.com.tw/WebPortal/vod/101/7B10A96FF4E1-638E9737-901B-11EE-B57F/?categoryId=101 ,"14:00報到，14:30會議開始。","查詢"
"2108","南帝","112/08/25","14:00","台北市重慶南路一段2號18樓","本公司受邀參加永豐金證券公司舉辦之法人說明會","210820230824M001.pptx","210820230824E001.pptx","http://www.nantex.com.tw",中文影音檔網址:2108_7_20230825_ch.mp4 ,"無","查詢"
"2109","華豐","112/11/30","15:00","線上法說會","本公司受邀參加群益金鼎證券舉辦之法人說明會","210920231130M001.pdf","210920231130E001.pdf","https://www.duro.com.tw/tw/investor/institutional-investors-conference/",中文影音檔網址:2109_7_20231130_ch.mp4 ,"無。","查詢"
"2114","鑫永銓","112/12/15","14:30","德信綜合證券(台北市新生南路一段50號3樓)","本公司受邀參加德信綜合證券舉辦之法人說明會","211420231215M001.pdf","211420231215E001.pdf","http://www.hyc-king.com",中文影音檔網址:2114_25_20231215_ch.mp4 ,"無","查詢"
"2115","六暉-KY","112/06/06","14:30","南港中信金融園區 B 棟 13 樓 1302 會議室(台北市南港區經貿二路 188 號 13 樓)","本公司受邀參加中信證券舉辦之法人說明會，會中就財務業務概況做說明。","211520230605M001.pdf","211520230605E001.pdf","https://www.luhai.com.tw/ch/investor_detail.asp?id=3",法說會影音連結資訊:https://youtu.be/eB3ZMpuOyBw ,"無","查詢"
"2201","裕隆","112/08/31","13:30","線上法說會","本公司受邀參加富邦證券舉辦之線上法說會，會中介紹本公司2023年度第二季營運成果報告","220120230831M001.pdf","220120230831E001.pdf","https://www.yulon-motor.com.tw/investors_operational.aspx","","報名請洽富邦證券法人業務部 tingju.yeh@fubon.com","查詢"
"2201","裕隆","112/05/24","13:30","線上法說會","本公司受邀參加富邦證券舉辦之線上法說會，會中介紹本公司2023年度第一季營運成果報告","220120230524M001.pdf","220120230524E001.pdf","https://www.yulon-motor.com.tw/investors_operational.aspx","","報名請洽富邦證券法人業務部 tingju.yeh@fubon.com","查詢"
"2201","裕隆","112/04/19","13:30","線上法說會","本公司受邀參加富邦證券舉辦之線上法說會，會中介紹本公司2022年度營運成果報告","220120230419M001.pdf","220120230419E001.pdf","https://www.yulon-motor.com.tw/investors_operational.aspx",中文影音檔網址:2201_32_20230419_ch.mp4 ,"報名請洽富邦證券法人業務部 tingju.yeh@fubon.com","查詢"
"2201","裕隆","112/11/17","13:30","線上法說會","本公司受邀參加富邦證券舉辦之線上法說會，會中介紹本公司2023年度第三季營運成果報告","220120231117M001.pdf","220120231117E001.pdf","https://www.yulon-motor.com.tw/investors_operational.aspx","","報名請洽富邦證券法人業務部 tingju.yeh@fubon.com","查詢"
"2204","中華","112/05/24","15:10","線上法人說明會","(1)中華汽車2023年Q1經營成果 
(2)中華汽車2023年Q2營運展望","220420230524M001.pdf","220420230524E001.pdf","https://www.china-motor.com.tw/opetation.php",法說會影音連結資訊:https://youtu.be/_pK9Xs0E_to ,"報名請洽富邦法人業務部tingju.yeh@fubon.com","查詢"
"2204","中華","112/11/17","15:10","線上法人說明會","1.CMC 2023年前三季經營成果
2.CMC 2023年及2024年營運展望
3.ESG成果","220420231117M001.pdf","220420231117E001.pdf","https://www.china-motor.com.tw/opetation.php",法說會影音連結資訊:https://youtu.be/yfLxMtlXkqU?si=pZEFzMkAMc_hijRj ,"報名請洽富邦法人業務部tingju.yeh@fubon.com","查詢"
"2204","中華","112/04/19","14:20","線上法人說明會","(1)中華汽車2022年經營成果 
(2)中華汽車2023年營運展望","220420230419M001.pdf","220420230419E001.pdf","https://www.china-motor.com.tw/opetation.php","","報名請洽富邦法人業務部tingju.yeh@fubon.com","查詢"
"2204","中華","112/08/31","15:10","線上法人說明會","(1)中華汽車2023年上半年經營成果(2)中華汽車品牌經營成果及下半年展望","220420230831M001.pdf","220420230831E001.pdf","https://www.china-motor.com.tw/opetation.php",法說會影音連結資訊:https://youtu.be/jOLL-qYOj9I ,"(1)報名：tingju.yeh@fubon.com(2)若台北市因颱風停止上班則取消，擇日召開再另行公告","查詢"
"2206","三陽工業","112/04/26 至 112/04/27","08:00","線上法說會(台灣)","本公司受邀參加由寬量國際主辦之線上法說會「13th 
Taiwan CEO Week &amp; Taiwan New Economy Day」，
說明本公司之營運概況、財務及業務相關資訊。","220620230425M001.pdf","220620230425E001.pdf","https://www.sanyang.com.tw/earningscall-page384",中文影音檔網址:2206_11_20230426_ch.mp4 ,"無。","查詢"
"2206","三陽工業","112/11/21 至 112/11/22","15:10","線上法說會(台灣)","本公司受邀參加由寬量國際主辦之線上法說會「14th Taiwan CEO Week」，說明本公司之營運概況、財務及業務相關資訊。","220620231121M001.pdf","220620231121E001.pdf","https://www.sanyang.com.tw/earningscall-page384","","無。","查詢"
"2207","和泰車","112/05/31","14:30","線上法說","說明本公司2023年Q1營運成果及未來展望","220720230531M001.pdf","220720230531E001.pdf","http://www.hotaimotor.com.tw",中文影音檔網址:2207_28_20230531_ch.mp4 ,"報名請洽  https://tswww.tssco.com.tw/conference/?seqno=80","查詢"
"2207","和泰車","112/12/07","14:30","線上法說","說明本公司2023年Q3營運成果及未來展望","220720231207M001.pdf","220720231207E001.pdf","http://www.hotaimotor.com.tw",法說會影音連結資訊:未輸 ,"報名請洽 E-mail：brinda.shih@concords.com.tw","查詢"
"2207","和泰車","112/09/06","14:30","線上法說","說明本公司2023年Q2營運成果及未來展望","220720230906M001.pdf","220720230906E001.pdf","http://www.hotaimotor.com.tw",法說會影音連結資訊:未輸 ,"報名請洽 https://tswww.tssco.com.tw/conference/?seqno=88","查詢"
"2207","和泰車","112/03/29","14:30","線上法說","說明本公司2022年Q4營運成果及未來展望","220720230329M001.pdf","220720230329E001.pdf","http://www.hotaimotor.com.tw",法說會影音連結資訊:https://reurl.cc/gZrz9V ,"報名請洽  https://tswww.tssco.com.tw/conference/?seqno=65","查詢"
"2208","台船","112/10/18","14:30","線上法說會","業務及財務報告","220820231017M002.pdf","220820231017E002.pdf","http://www.csbcnet.com.tw/Service/Investor/StockInformation.htm",中文影音檔網址:2208_7_20231018_ch.mp4 ,"無","查詢"
"2211","長榮鋼","112/06/07","14:30","線上法人說明會","本公司受邀參加由凱基證券舉辦之線上法人說明會，說明公司營運之現況及未來展望。","221120230607M001.pdf","221120230607E001.pdf","https://www.evergreennet.com/customPage/法人說明會簡報資料",法說會影音連結資訊:https://www.evergreennet.com/customPage/法人說明會簡報資料 ,"無","查詢"
"2211","長榮鋼","112/11/30","14:30","線上法人說明會","本公司受邀參加由凱基證券舉辦之線上法人說明會，說明公司營運之現況及未來發展。","221120231130M001.pdf","221120231130E001.pdf","https://www.evergreennet.com/customPage/法人說明會簡報資料",法說會影音連結資訊:https://youtu.be/Qag2KhHEbWA ,"無","查詢"
"2227","裕日車","112/05/24","14:20","線上法說會","公司營運狀況說明","222720230524M001.pdf","222720230524E001.pdf","http://www.nissan.com.tw",中文影音檔網址:2227_21_20230524_ch.mp4 ,"報名請洽富邦證券法人業務部 tingju.yeh@fubon.com","查詢"
"2227","裕日車","112/11/17","14:20","線上法說會","公司營運狀況說明","222720231117M001.pdf","222720231117E001.pdf","http://www.nissan.com.tw","","報名請洽富邦證券法人業務部 tingju.yeh@fubon.com","查詢"
"2228","劍麟","112/09/14","14:30","台北晶華酒店4樓(台北市中山北路二段39巷3號)","受邀參加永豐金證券「2023年第三季產業論壇」，說明本公司營運狀況， 報名請洽永豐金證券法人業務部 謝小姐 betty.hsieh@sinopac.com。","222820230912M001.pdf","222820230912E001.pdf","http://www.ironforce.com.tw/",法說會影音連結資訊:未輸 ,"無","查詢"
"2228","劍麟","112/03/31","14:30","張榮發基金會國際會議中心10樓(台北市中正區中山南路11號10樓)","受邀參加凱基證券與IR Trust共同舉辦之「2023去資金槓桿化主題式投資論壇」，說明本公司營運狀況及未來展望。","222820230406M001.pdf","222820230406E001.pdf","http://www.ironforce.com.tw/",中文影音檔網址:2228_22_20230331_ch.mp4 ,"本次法說會報名請洽sandy@ir-trust.tw；02-25855701#16","查詢"
"2231","為升","112/05/30","10:00","華南永昌證券總行大樓國際會議廳(台北市信義區松仁路123號2樓)","受邀出席華南永昌證券舉辦之法人說明會","223120230526M001.pdf","223120230526E001.pdf","https://www.cubelec.com.tw/conference.php",中文影音檔網址:2231_38_20230530_ch.MP4 ,"無","查詢"
"2233","宇隆","112/10/25","14:00","統一證券集團大樓15樓會議室(台北市松山區東興路8號15樓)","本公司受邀參加統一證券舉辦之法人說明會，說明本公司經營成果。","223320231024M001.pdf","223320231024E001.pdf","https://www.turvo.com.tw/",中文影音檔網址:2233_38_20231025_ch.mp4 ,"報名連結 https://forms.gle/7T6C2d8KupMHKRHD8","查詢"
"2233","宇隆","112/12/11","13:00","國票綜合證券股份有限公司(台北市松山區南京東路五段188號15樓)","本公司受邀參加國票證券舉辦之法人說明會，說明本公司營運概況以及未來展望。","223320231208M002.pdf","223320231208E002.pdf","https://www.turvo.com.tw/","","無","查詢"
"2233","宇隆","112/03/30","13:30","張榮發國際會議中心(台北市中正區中山南路11號10樓)","本公司受邀參加凱基證券與IR TRUST共同舉辦之「2023去資金槓桿化主題式投資論壇」，說明本公司之營運、財務及業務概況。","223320230329M001.pdf","223320230329E001.pdf","https://www.turvo.com.tw/","","報名連結 https://forms.gle/nS5jM9isCdJevgEA8","查詢"
"2233","宇隆","112/06/08","14:00","Webex線上會議","本公司受邀參加由臺灣證券交易所、台灣董事學會及安擘諮詢共同舉辦之 外資論壇「站在全球地緣政治變動新時代的浪尖」","223320230607M001.pdf","223320230607E001.pdf","https://www.turvo.com.tw/","","無","查詢"
"2236","百達-KY","112/12/15","14:30","台北市中山區建國北路一段96號B1樓","本公司受邀參加台新綜合證券股份有限公司舉辦之法人說明會，就本公司產業狀況及已公開財報、業務等相關資訊做說明。","223620231214M002.pdf","223620231214E002.pdf","http://www.patec-intl.com/big5/investorrel_news.php",中文影音檔網址:2236_18_20231215_ch.MP4 ,"無","查詢"
"2239","英利-KY","112/11/30","15:10","台北君悅酒店3樓C廳","本公司受邀參加富邦證券舉辦之2023富邦投資論壇，說明本公司之營運概況、財務及業務相關資訊。","223920231130M002.pdf","223920231130E002.pdf","https://www.engley.com.tw/downloadserr/id/66/n/43",法說會影音連結資訊:https://www.youtube.com/watch?v=kjtl4fXcAfQ ,"完整財務業務資訊請至公開資訊觀測站之法人說明會一覽表或法說會項目下查閱。","查詢"
"2239","英利-KY","112/05/03 至 112/05/04","15:10","線上","本公司受邀參加由寬量國際主辦之線上法人說明會「13th Taiwan CEO Week」，說明本公司之營運概況、財務及業務相關資訊。","223920230503M001.pdf","223920230503E001.pdf","","","會議時間分別為112/5/3 15:10 及 112/5/4 9:00","查詢"
"2241","艾姆勒","112/12/21","14:30","台北市中正區寶慶路69號4樓","本公司受邀元大證券舉辦法說會，說明本公司112年第3季營運狀況及財務資訊","224120231221M002.pdf","224120231221E002.pdf","https://www.amulaire.com/invest/stock",中文影音檔網址:2241_33_20231221_ch.mp4 ,"無","查詢"
"2243","宏旭-KY","112/11/07","14:30","線上法說會。","本公司受邀參加統一綜合證券舉辦之線上法說會，說明本公司之公司概況、行業動向及集團發展相關資訊。","224320231106M001.pptx","224320231106E001.pptx","",法說會影音連結資訊:https://promote.pscnet.com.tw/html/test/2243.mp4 ,"無。","查詢"
"2247","汎德永業","112/12/07","15:00","(實體)法人說明會地點:台北茹曦酒店(台北市松山區敦化北路100號)","公司簡介、所屬產業概況、營運成果及未來展望說明。","224720231207M001.pdf","224720231207E001.pdf","https://www.pgum.com.tw/investors/information/investor-conference/","","無。","查詢"
"2247","汎德永業","112/03/28","14:00","線上法人說明會","本公司將受邀參加凱基證券所舉辦之線上法人說明會","224720230327M001.pdf","224720230327E001.pdf","https://www.pgum.com.tw/investors/information/investor-conference/",法說會影音連結資訊:https://youtu.be/Tr8eSZfaRtw ,"無","查詢"
"2250","IKKA-KY","112/12/05","14:30","臺灣證券交易所一樓資訊展示中心
(台北市信義路5段7號)","受邀參加臺灣證券交易所舉辦之財務業務說明會,就本公司財務及業務狀況做說明","225020231204M001.pdf","225020231204E001.pdf","",同步收看網址：:https://webpro.twse.com.tw ,"完整財務業務資訊請至公開資訊觀測站之法人說明會一覽表或法說會項目下查閱","查詢"
"2254","巨鎧精密-創","112/09/20","14:30","台北君悅酒店3樓凱悅廳I區(台北市信義區松壽路2號)","本次業績發表會將由本公司經營團隊說明產業發展、財務業務狀況、未來風險、公司治理及企業社會責任、臺灣證券交易所股份有限公司董事會暨上市審議委員會要求補充揭露事項。","225420230919M001.pdf","225420230919E001.pdf","https://www.coplus.com.tw/investora?tid=a1&amp;page=1","","相關資訊請至公開資訊觀測站之法人說明會一覽表或法說會項目下查閱","查詢"
"2258","鴻華先進-創","112/10/23","14:30","新北市新店區寶高路28號(寶高智慧產業園區1樓-國際會議廳)","1.本公司依「有價證券初次上市前業績發表會實施要點規定」，於上市前辦理股票初次上市前業績發表會。
2.本次業績發表會將說明產業發展、財務業務狀況、未來風險、公司治理及企業社會責任、臺灣證券交易所股份有限公司董事會暨上市審議委員會要求補充揭露事項。
3. 欲現場參加者，事先報名網址https://forms.gle/L3X1u1pYRdarSVEC7。","225820231024M002.pdf","225820231024E002.pdf","https://www.foxtronev.com/tw/investor","","無","查詢"
"2258","鴻華先進-創","112/11/21","15:20","臺灣證券交易所(101大樓)1樓資訊展示中心","本公司受邀參加臺灣證券交易所舉辦之「電動車產業鏈」主題式業績發表會。","225820231121M001.pdf","225820231121E001.pdf","https://www.foxtronev.com/tw/investor",法說會影音連結資訊:https://www.youtube.com/watch?v=voMEnt7sEyw ,"無。","查詢"
"2301","光寶科","112/11/08","09:00","港島香格里拉","本公司受邀參加112年11月8日由大和證券舉辦之「Daiwa Investment Conference Hong Kong」，說明本公司之營運概況、財務及業務相關資訊。","230120231031M001.pdf","230120231031E001.pdf","https://www.liteon.com/zh-tw/investor/131","","無","查詢"
"2301","光寶科","112/11/13 至 112/11/17","17:00","英國、丹麥、瑞典、法國","本公司受Jefferies及富邦證券邀請，參加其舉辦之海外路演，報告公司簡介與營運現況。11/13, 11/17於英國舉行、11/14於丹麥舉行、11/15於瑞典舉行、11/16於法國舉行。","230120231031M002.pdf","230120231031E002.pdf","https://www.liteon.com/zh-tw/investor/131","","無","查詢"
"2301","光寶科","112/11/15 至 112/11/16","09:00","新加坡文華東方酒店","本公司受邀參加112年11月15日至11月16日由摩根士丹利舉辦之「Morgan Stanley Twenty-Second Annual Asia Pacific Summit」，說明本公司之營運概況、財務及業務相關資訊。","230120231101M001.pdf","230120231101E001.pdf","https://www.liteon.com/zh-tw/investor/131","","無","查詢"
"2301","光寶科","112/11/21","10:00","台北101","本公司受邀參加112年11月21日由摩根士丹利舉辦之「Post AP Summit Taiwan Tech Trip」，說明本公司之營運概況、財務及業務相關資訊。","230120231031M004.pdf","230120231031E004.pdf","https://www.liteon.com/zh-tw/investor/131","","無","查詢"
"2301","光寶科","112/11/22","14:00","台北香格里拉遠東大酒店","本公司受邀參加112年11月22日由里昂證券舉辦之「CLST Taiwan Market Mover 2024」，說明本公司之營運概況、財務及業務相關資訊。","230120231031M005.pdf","230120231031E005.pdf","https://www.liteon.com/zh-tw/investor/131","","無","查詢"
"2301","光寶科","112/11/28","15:30","台北寒舍艾美酒店","本公司受邀參加112年11月28日由康和證券舉辦之「2024年投資趨勢論壇」，說明本公司之營運概況、財務及業務相關資訊。","230120231030M001.pdf","230120231030E001.pdf","https://www.liteon.com/zh-tw/investor/131","","無","查詢"
"2301","光寶科","112/10/30","14:00","本公司(臺北市內湖區瑞光路392號1樓國際會議廳)","本公司112年第3季財務業務情形。","230120231030M001.pdf","230120231030E001.pdf","https://www.liteon.com/zh-tw",中文影音檔網址:2301_261_20231030_ch.mp4 ,"無","查詢"
"2301","光寶科","112/07/28","14:00","本公司 (臺北市內湖區瑞光路392號1樓國際會議廳)","本公司112年第2季財務業務情形。","230120230728M002.pdf","230120230728E002.pdf","https://www.liteon.com/zh-tw",同步收看網址：:https://www.liteon.com/zh-tw/investor/financialreports/10 法說會影音連結資訊:https://www.liteon.com/zh-tw/investor/financialreports/10 ,"本次法說會為實體會議，不另外進行線上直播。","查詢"
"2301","光寶科","112/07/06","12:00","台北101","本公司受邀參加112年7月6日由摩根史丹利舉辦之「Taiwan Discovery Forum: PC Server Symposium」，說明本公司之營運概況、財務及業務相關資訊。","230120230427M003.pdf","230120230427E003.pdf","https://www.liteon.com/zh-tw/investor/131","","無","查詢"
"2301","光寶科","112/06/02","10:00","W Hotel，台北市信義區忠孝東路五段10號","本公司受邀參加112年6月2日由花旗證券舉辦之「Citi Regional Tech Conference 2023」，說明本公司之營運概況、財務及業務相關資訊。","230120230427M003.pdf","230120230427E003.pdf","https://www.liteon.com/zh-tw/investor/131","","無","查詢"
"2301","光寶科","112/02/21","14:00","本公司 (臺北市內湖區瑞光路392號1樓國際會議廳)","本公司111年第4季財務業務情形。","230120230221M001.pdf","230120230221E001.pdf","https://www.liteon.com/zh-tw",同步收看網址：:https://earningscon.liteon.com/4Q22 法說會影音連結資訊:https://www.liteon.com/zh-tw/investor/financialreports/10 ,"本次法說會將同時進行線上直播，手機或平板請先下載Teams APP。","查詢"
"2301","光寶科","112/10/03 至 112/10/07","00:00","美國、加拿大","本公司受美林證券邀請，參加其舉辦之海外路演，報告公司簡介與營運現況。10/3~10/5, 10/7於美國舉行，10/6於加拿大舉行。","230120230728M002.pdf","230120230728E002.pdf","https://www.liteon.com/zh-tw/investor/131","","無","查詢"
"2301","光寶科","112/03/30","13:30","張榮發國際會議中心","本公司受凱基證券邀請，參加其舉辦之法人說明會「2023去
資金槓桿化主題式投資論壇」，報告公司簡介與營運現況。","230120230221M001.pdf","230120230221E001.pdf","https://www.liteon.com/zh-tw/investor/131","","無","查詢"
"2301","光寶科","112/04/27","14:00","本公司 (臺北市內湖區瑞光路392號1樓國際會議廳)","本公司112年第1季財務業務情形。","230120230427M002.pdf","230120230427E002.pdf","https://www.liteon.com/zh-tw",同步收看網址：:https://www.liteon.com/zh-tw/investor/financialreports/10 法說會影音連結資訊:https://www.liteon.com/zh-tw/investor/financialreports/10 ,"本次法說會將同時進行線上直播，手機或平板請先下載Teams APP。","查詢"
"2301","光寶科","112/04/28","15:10","線上會議","本公司受邀參加112年4月28日由寬量國際主辦之「13th Taiwan CEO Week &amp; Taiwan New Economy Day」，說明本公司之營運概況、財務及業務相關資訊。","230120230427M003.pdf","230120230427E003.pdf","https://www.liteon.com/zh-tw","","無","查詢"
"2301","光寶科","112/03/14 至 112/03/15","10:00","台北君悅酒店","本公司受美林證券邀請，參加其舉辦之法人說明會「2023 APAC TMT Conference」，報告公司簡介與營運現況。","230120230221M001.pdf","230120230221E001.pdf","https://www.liteon.com/zh-tw/investor/131","","無","查詢"
"2301","光寶科","112/05/23 至 112/05/24","09:00","馬來西亞及新加坡","本公司受邀參加112年5月23日至5月24日由臺灣證券交易所及國泰綜合證券共同舉辦之「Taiwan Corporate Day」，說明本公司之營運概況、財務及業務相關資訊。","230120230427M003.pdf","230120230427E003.pdf","https://www.liteon.com/zh-tw/investor/131","","無","查詢"
"2301","光寶科","112/06/06","15:15","臺北文創","本公司受邀參加112年6月6日由元富證券舉辦之「2023年夏季產業投資論壇」，說明本公司之營運概況、財務及業務相關資訊。","230120230427M003.pdf","230120230427E003.pdf","https://www.liteon.com/zh-tw/investor/131","","無","查詢"
"2301","光寶科","112/06/09","13:30","台北晶華酒店","本公司受邀參加112年6月9日由元大證券舉辦之「2023年第二季投資論壇」，說明本公司之營運概況、財務及業務相關資訊。","230120230427M003.pdf","230120230427E003.pdf","https://www.liteon.com/zh-tw/investor/131","","無","查詢"
"2301","光寶科","112/06/16","09:30","瑞銀證券台北辦公室","本公司受邀參加112年6月16日由瑞銀證券舉辦之「UBS Taiwan Corporate Day」，說明本公司之營運概況、財務及業務相關資訊。","230120230427M003.pdf","230120230427E003.pdf","https://www.liteon.com/zh-tw/investor/131","","無","查詢"
"2301","光寶科","112/01/06","10:00","線上會議","本公司受Credit Suisse邀請，參加其舉辦之線上法人說明會「9th Greater China Technology and Internet Conference」，報告公司簡介與營運現況。","230120221020M001.pdf","230120221020E001.pdf","","","無","查詢"
"2301","光寶科","112/02/28 至 112/03/03","14:30","新加坡及香港","本公司受凱基證券邀請，參加其舉辦之海外路演(Non-deal roadshow, NDR)，報告公司簡介與營運現況。2/28~3/1於新加坡舉行，3/2~3/3於香港舉行。","230120230221M004.pdf","230120230221E004.pdf","","","無","查詢"
"2301","光寶科","112/02/22","16:00","新竹豐邑喜來登大飯店","本公司受野村(Nomura)證券邀請，參加其舉辦之法人說明會「Nomura Asia Tech Tour」，報告公司簡介與營運現況。","230120230221M002.pdf","230120230221E002.pdf","","","無","查詢"
"2301","光寶科","112/02/23","15:15","台北文創(台北市信義區菸廠路88號)","本公司受元富證券邀請，參加其舉辦之法人說明會「春季產業投資論壇」，報告公司簡介與營運現況。","230120230221M003.pdf","230120230221E003.pdf","","","無","查詢"
"2301","光寶科","112/09/05","14:00","集思北科大會議中心","本公司受凱基證券邀請，參加其舉辦之法人說明會「凱基證券2023年第三季投資論壇」，報告公司簡介與營運現況。","230120230728M002.pdf","230120230728E002.pdf","https://www.liteon.com/zh-tw/investor/131","","無","查詢"
"2301","光寶科","112/09/06","15:20","台北文創","本公司受邀參加112年9月6日由元富證券舉辦之「2023年秋季產業投資論壇」，說明本公司之營運概況、財務及業務相關資訊。","230120230728M002.pdf","230120230728E002.pdf","https://www.liteon.com/zh-tw/investor/131",中文影音檔網址:2301_254_20230906_ch.mp4 ,"無","查詢"
"2301","光寶科","112/08/30","14:00","線上會議","本公司受邀參加由寬量國際舉辦之「2023 Taiwan Renewable Energy Day」，說明本公司之營運概況、財務及業務相關資訊。","230120230728M002.pdf","230120230728E002.pdf","https://www.liteon.com/zh-tw/investor/131","","無","查詢"
"2301","光寶科","112/08/31","10:00","台北君悅酒店","本公司受邀參加112年8月31日由匯豐證券舉辦之「HSBC Taiwan Executive Forum 2023」，說明本公司之營運概況、財務及業務相關資訊。","230120230728M002.pdf","230120230728E002.pdf","https://www.liteon.com/zh-tw/investor/131","","無","查詢"
"2301","光寶科","112/08/25","14:00","台北晶華酒店4樓","本公司受邀參加112年8月25日由台新證券舉辦之「台新2023年第三季全球投資論壇」，說明本公司之營運概況、財務及業務相關資訊。","230120230728M002.pdf","230120230728E002.pdf","https://www.liteon.com/zh-tw/investor/131","","無","查詢"
"2301","光寶科","112/09/05","09:00","台北文華東方酒店","本公司受邀參加112年9月5日由摩根史丹利舉辦之「Taiwan AI Forum」，說明本公司之營運概況、財務及業務相關資訊。","230120230728M002.pdf","230120230728E002.pdf","https://www.liteon.com/zh-tw/investor/131","","無","查詢"
"2301","光寶科","112/09/08","09:30","香港君悅酒店","本公司受邀參加112年9月8日由Jefferies與富邦證券舉辦之「Jefferies 4th Asia Forum」，說明本公司之營運概況、財務及業務相關資訊。","230120230728M002.pdf","230120230728E002.pdf","https://www.liteon.com/zh-tw/investor/131","","無","查詢"
"2301","光寶科","112/09/18 至 112/09/19","10:00","台北W Hotel","本公司受高盛證券邀請，參加其舉辦之法人說明會「Goldman Sachs Taiwan Corporate Day 2023」，報告公司簡介與營運現況。","230120230728M002.pdf","230120230728E002.pdf","https://www.liteon.com/zh-tw/investor/131","","無","查詢"
"2302","麗正","112/12/08","14:00","國票綜合證券股份有限公司 (台北市松山區南京東路五段188號15樓會議室)","本公司受邀參加國票證券舉辦之法人說明會，會中說明本公司之營運成效及未來展望。","230220231207M001.pdf","230220231207E001.pdf","",中文影音檔網址:2302_7_20231208_ch.mp4 ,"無","查詢"
"2303","聯電","112/06/01","10:00","台北W飯店","本公司受邀參加花旗證券舉辦之法人說明會「Regional Tech Conference 2023」。","230320230426M001.pdf","230320230426E001.pdf","http://www.umc.com","","無","查詢"
"2303","聯電","112/07/26","17:00","線上法說會","本公司2023年第二季財務暨營運報告。","230320230726M001.pdf","230320230726E001.pdf","http://www.umc.com",法說會影音連結資訊:https://www.umc.com/zh-TW/Download/quarterly_results/QuarterlyResultsDetail/2023/2023Q2 ,"無","查詢"
"2303","聯電","112/10/25","17:00","線上法說會","本公司2023年第三季財務暨營運報告。","230320231025M001.pdf","230320231025E001.pdf","http://www.umc.com",法說會影音連結資訊:https://www.umc.com/zh-TW/Download/quarterly_results/QuarterlyResultsDetail/2023/2023Q3 ,"無","查詢"
"2303","聯電","112/09/18","09:00","台北W飯店","本公司受邀參加高盛證券舉辦之法人說明會「Taiwan Corporate Day」。","230320230726M001.pdf","230320230726E001.pdf","http://www.umc.com","","無","查詢"
"2303","聯電","112/03/15 至 112/03/16","09:00","台北君悅酒店","本公司受邀參加美銀證券舉辦之法人說明會「2023 APAC TMT Conference」。","230320230116M001.pdf","230320230116E001.pdf","http://www.umc.com","","無","查詢"
"2303","聯電","112/06/14","09:30","UBS Taipei Office","本公司受邀參加瑞銀證券舉辦之法人說明會「Taiwan Corporate Day」。","230320230426M001.pdf","230320230426E001.pdf","http://www.umc.com","","無","查詢"
"2303","聯電","112/01/16","17:00","線上法說會","本公司2022年第四季財務暨營運報告。","230320230116M001.pdf","230320230116E001.pdf","http://www.umc.com",法說會影音連結資訊:https://www.umc.com/zh-TW/Download/quarterly_results/QuarterlyResultsDetail/2022/2022Q4 ,"無","查詢"
"2303","聯電","112/04/26","17:00","線上法說會","本公司2023年第一季財務暨營運報告。","230320230426M001.pdf","230320230426E001.pdf","http://www.umc.com",法說會影音連結資訊:https://www.umc.com/zh-TW/Download/quarterly_results/QuarterlyResultsDetail/2023/2023Q1 ,"無","查詢"
"2303","聯電","112/02/21","10:00","台北君悅酒店","本公司受邀參加摩根大通證券舉辦之法人說明會「Taiwan CEO-CFO Conference」。","230320230116M001.pdf","230320230116E001.pdf","http://www.umc.com",法說會影音連結資訊:https://www.umc.com/upload/media/08_Investors/Financials/Participation/JPMorgan.mp4 ,"無","查詢"
"2303","聯電","112/06/09","13:30","台北晶華酒店","本公司受邀參加元大證券舉辦之法人說明會「2023年第二季投資論壇」。","230320230426M001.pdf","230320230426E001.pdf","http://www.umc.com","","無","查詢"
"2303","聯電","112/11/22","14:00","台北W飯店","本公司受邀參加花旗證券舉辦之法人說明會「Taiwan Corporate Day」。","230320231025M001.pdf","230320231025E001.pdf","http://www.umc.com","","無","查詢"
"2305","全友","112/11/24","14:00","新竹市科學園區工業東三路6號本公司會議室","公司營運狀況及財務報告","230520231124M001.pdf","230520231124E001.pdf","https://microtek.com/tw/news/detail/23",法說會影音連結資訊:https://microtek.com/tw/news/detail/23 ,"無","查詢"
"2308","台達電","112/11/01","15:00","台達電子瑞光大樓","本公司召開法人說明會說明112年第3季財務報告相關資訊","230820231101M001.pdf","230820231101E001.pdf","https://www.deltaww.com/zh-TW/investors/analystMeeting",中文影音檔網址:2308_376_20231101_ch.mp4 英文影音檔網址:2308_376_20231101_en.mp4 ,"無","查詢"
"2308","台達電","112/08/22","15:30","台北101","本公司受美銀證券邀請，將於上述時間地點，向法人投資者說明本公司112年第2季之財務報告相關資訊。","230820230801M001.pdf","230820230801E001.pdf","https://www.deltaww.com/zh-TW/investors/analystMeeting","","無","查詢"
"2308","台達電","112/08/28","09:00","寒舍艾美酒店","本公司受摩根大通邀請，將於上述時間地點，向法人投資者說明本公司112年第2季之財務報告相關資訊。","230820230801M001.pdf","230820230801E001.pdf","https://www.deltaww.com/zh-TW/investors/analystMeeting","","無","查詢"
"2308","台達電","112/08/29","10:00","寒舍艾美酒店","本公司受野村證券邀請，將於上述時間地點，向法人投資者說明本公司112年第2季之財務報告相關資訊。","230820230801M001.pdf","230820230801E001.pdf","https://www.deltaww.com/zh-TW/investors/analystMeeting","","無","查詢"
"2308","台達電","112/09/01","10:00","台北茹曦酒店","本公司受華南證券邀請，將於上述時間地點，向法人投資者說明本公司112年第2季之財務報告相關資訊。","230820230801M001.pdf","230820230801E001.pdf","https://www.deltaww.com/zh-TW/investors/analystMeeting","","無","查詢"
"2308","台達電","112/11/06","14:00","大和國泰證券辦公室","本公司受大和國泰證券邀請，將於上述時間地點，向法人投資者說明本公司112年第3季之財務報告相關資訊。","230820231101M001.pdf","230820231101E001.pdf","https://www.deltaww.com/zh-TW/investors/analystMeeting","","無","查詢"
"2308","台達電","112/11/29","10:00","台北茹曦酒店","本公司受華南證券邀請，將於上述時間地點，向法人投資者說明本公司112年第3季之財務報告相關資訊。","230820231101M001.pdf","230820231101E001.pdf","https://www.deltaww.com/zh-TW/inVestors/analystMeeting","","無","查詢"
"2308","台達電","112/11/09 至 112/11/10","14:00","澳門","本公司受花旗證券邀請，將於上述時間地點，向法人投資者說明本公司112年第3季之財務報告相關資訊。","230820231101M001.pdf","230820231101E001.pdf","https://www.deltaww.com/zh-TW/inVestors/analystMeeting","","無","查詢"
"2308","台達電","112/11/15 至 112/11/16","09:00","新加坡","本公司受摩根史丹利證券邀請，將於上述時間地點，向法人投資者說明本公司112年第3季之財務報告相關資訊。","230820231101M001.pdf","230820231101E001.pdf","https://www.deltaww.com/zh-TW/inVestors/analystMeeting","","無","查詢"
"2308","台達電","112/11/28","14:30","寒舍艾美酒店","本公司受康和證券邀請，將於上述時間地點，向法人投資者說明本公司112年第3季之財務報告相關資訊。","230820231101M001.pdf","230820231101E001.pdf","https://www.deltaww.com/zh-TW/inVestors/analystMeeting","","無","查詢"
"2308","台達電","112/04/28","15:00","台達電子瑞光大樓","本公司召開法人說明會說明112年第1季財務報告相關資訊","230820230428M001.pdf","230820230428E001.pdf","https://www.deltaww.com/zh-TW/investors/analystMeeting",中文影音檔網址:2308_359_20230428_ch.mp4 英文影音檔網址:2308_359_20230428_en.mp4 ,"無","查詢"
"2308","台達電","112/07/07","14:30","台北101","本公司受摩根史丹利邀請，將於上述時間地點，向法人投資者說明本公司112年第1季之財務報告相關資訊。","230820230428M001.pdf","230820230428E001.pdf","https://www.deltaww.com/zh-TW/inVestors/analystMeeting","","無","查詢"
"2308","台達電","112/06/13","15:00","第一金證券辦公室","本公司受第一金證券邀請，將於上述時間地點，向法人投資者說明本公司112年第1季之財務報告相關資訊。","230820230428M001.pdf","230820230428E001.pdf","https://www.deltaww.com/zh-TW/inVestors/analystMeeting","","無","查詢"
"2308","台達電","112/03/14 至 112/03/15","09:00","台北君悅","本公司受美林證券邀請，將於上述時間地點，向法人投資者說明本公司111年第4季之財務報告相關資訊。","230820230223M001.pdf","230820230223E001.pdf","https://www.deltaww.com/zh-TW/inVestors/analystMeeting","","無","查詢"
"2308","台達電","112/03/17","14:00","凱基證券辦公室","本公司受凱基證券邀請，將於上述時間地點，向法人投資者說明本公司111年第4季之財務報告相關資訊。","230820230223M001.pdf","230820230223E001.pdf","https://www.deltaww.com/zh-TW/investors/analystMeeting","","無","查詢"
"2308","台達電","112/03/29","10:00","線上法說會","本公司受群益證券邀請，將於上述時間地點，向法人投資者說明本公司111年第4季之財務報告相關資訊。","230820230223M001.pdf","230820230223E001.pdf","https://www.deltaww.com/zh-TW/investors/analystMeeting","","無","查詢"
"2308","台達電","112/02/27 至 112/03/01","08:00","東京","本公司受大和國泰證券邀請，將於上述時間地點，向法人投資者說明本公司111年第4季之財務報告相關資訊。","230820230223M001.pdf","230820230223E001.pdf","https://www.deltaww.com/zh-TW/investors/analystMeeting","","無","查詢"
"2308","台達電","112/03/03","14:00","台北 W Hotel","本公司受花旗證券邀請，將於上述時間地點，向法人投資者說明本公司111年第4季之財務報告相關資訊。","230820230223M001.pdf","230820230223E001.pdf","https://www.deltaww.com/zh-TW/investors/analystMeeting","","無","查詢"
"2308","台達電","112/03/07","13:30","台北茹曦","本公司受國泰證券邀請，將於上述時間地點，向法人投資者說明本公司111年第4季之財務報告相關資訊。","230820230223M001.pdf","230820230223E001.pdf","https://www.deltaww.com/zh-TW/investors/analystMeeting","","無","查詢"
"2308","台達電","112/05/15 至 112/05/19","15:00","歐洲城市","本公司受富邦證券邀請，將於上述時間地點，向法人投資者說明本公司112年第1季之財務報告相關資訊。","230820230428M001.pdf","230820230428E001.pdf","https://www.deltaww.com/zh-TW/inVestors/analystMeeting","","無","查詢"
"2308","台達電","112/05/24 至 112/05/26","09:00","首爾","本公司受三星證券邀請，將於上述時間地點，向法人投資者說明本公司112年第1季之財務報告相關資訊。","230820230428M001.pdf","230820230428E001.pdf","https://www.deltaww.com/zh-TW/investors/analystMeeting","","無","查詢"
"2308","台達電","112/05/25","15:00","線上法說會","本公司受元大韓國證券邀請，將於上述時間地點，向法人投資者說明本公司112年第1季之財務報告相關資訊。","230820230428M001.pdf","230820230428E001.pdf","https://www.deltaww.com/zh-TW/investors/analystMeeting","","無","查詢"
"2308","台達電","112/06/14","09:00","UBS台北辦公室","本公司受瑞銀證券邀請，將於上述時間地點，向法人投資者說明本公司112年第1季之財務報告相關資訊。","230820230428M001.pdf","230820230428E001.pdf","https://www.deltaww.com/zh-TW/inVestors/analystMeeting","","無","查詢"
"2308","台達電","112/06/06","15:00","台北國泰萬怡酒店","本公司受中國信託證券邀請，將於上述時間地點，向法人投資者說明本公司112年第1季之財務報告相關資訊。","230820230428M001.pdf","230820230428E001.pdf","https://www.deltaww.com/zh-TW/investors/analystMeeting","","無","查詢"
"2308","台達電","112/02/23","15:00","台達電子瑞光大樓","本公司召開法人說明會說明111年第4季財務報告相關資訊","230820230223M001.pdf","230820230223E001.pdf","https://www.deltaww.com/zh-TW/inVestors/analystMeeting",中文影音檔網址:2308_352_20230223_ch.mp4 英文影音檔網址:2308_352_20230223_en.mp4 ,"無","查詢"
"2308","台達電","112/08/01","15:00","台達電子瑞光大樓","本公司召開法人說明會說明112年第2季財務報告相關資訊","230820230801M001.pdf","230820230801E001.pdf","https://www.deltaww.com/zh-TW/investors/analystMeeting",中文影音檔網址:2308_367_20230801_ch.mp4 英文影音檔網址:2308_367_20230801_en.mp4 ,"無","查詢"
"2308","台達電","112/09/19 至 112/09/22","14:00","新加坡、香港","本公司受凱基證券邀請，將於上述時間地點，向法人投資者說明本公司112年第2季之財務報告相關資訊。","230820230801M001.pdf","230820230801E001.pdf","https://www.deltaww.com/zh-TW/inVestors/analystMeeting","","無","查詢"
"2308","台達電","112/09/04 至 112/09/07","21:00","美國","本公司受花旗證券邀請，將於上述時間地點，向法人投資者說明本公司112年第2季之財務報告相關資訊。","230820230801M001.pdf","230820230801E001.pdf","https://www.deltaww.com/zh-TW/investors/analystMeeting","","無","查詢"
"2308","台達電","112/08/25","15:00","晶華酒店","本公司受台新證券邀請，將於上述時間地點，向法人投資者說明本公司112年第2季之財務報告相關資訊。","230820230801M001.pdf","230820230801E001.pdf","https://www.deltaww.com/zh-TW/inVestors/analystMeeting",中文影音檔網址:2308_373_20230825_ch.mp4 ,"無","查詢"
"2308","台達電","112/08/30","09:00","君悅飯店","本公司受匯豐證券邀請，將於上述時間地點，向法人投資者說明本公司112年第2季之財務報告相關資訊。","230820230801M001.pdf","230820230801E001.pdf","https://www.deltaww.com/zh-TW/inVestors/analystMeeting","","無","查詢"
"2312","金寶","112/11/08","14:00","電話會議","由國泰綜合證券舉辦之線上會議，就公司營運概況向投資機構做說明。","231220231109M001.pdf","231220231109E001.pdf","https://www.kinpo.com.tw/zh-TW/investor/financials","","無。","查詢"
"2312","金寶","112/07/28","14:30","線上法人說明會","公告本公司受邀參加中國信託證券舉辦之法人說明會","231220230728M001.pdf","231220230728E001.pdf","https://www.kinpo.com.tw/zh-TW/investor/financials",中文影音檔網址:2312_8_20230728_ch.mp4 ,"Webex會議ID：184 370 0817；連結:https://ctbcsec.webex.com/meet/annie.ho","查詢"
"2313","華通","112/09/05","14:00","台北市君悅酒店(台北市信義區松壽路2號)","統一證券2023 Q3 秋季投資論壇","231320230905M001.pdf","231320230905E001.pdf","https://www.compeq.com.tw/accomplishments01_4_2.php","","無","查詢"
"2313","華通","112/06/29","14:30","台北市復興南路1段209號","元富證券舉辦法人說明會，會中就公司業務狀況等說明","231320230629M001.pdf","231320230629E001.pdf","http://www.compeq.com.tw/accomplishments01_4_2.php","","無","查詢"
"2313","華通","112/11/30","14:00","台北市君悅酒店(台北市信義區松壽路2號)","富邦證券舉辦之法人說明會","231320231130M001.pdf","231320231130E001.pdf","https://www.compeq.com.tw/accomplishments01_4_2.php","","無","查詢"
"2313","華通","112/02/16","14:00","統一證券集團大樓3F會議室
(台北市松山區東興路8號3F)","統一證券舉辦之法人說明會","231320230216M001.pdf","231320230216E001.pdf","https://www.compeq.com.tw/accomplishments01_4_2.php",中文影音檔網址:2313_20_20230216_ch.mp4 ,"無","查詢"
"2314","台揚","112/12/27","14:30","台証大樓(台北市中山區建國北路一段96號B1會議室)","本公司受邀參加台新證券法人說明會，就本公司已公開發布之財務數據、業務狀況等相關資訊說明","231420231227M001.pdf","231420231227E001.pdf","https://www.mtigroup.com/zh-tw/investor/conference",中文影音檔網址:2314_35_20231227_ch.MP4 ,"無","查詢"
"2314","台揚","112/05/23","15:15","台北君悅酒店
台北市松壽路2號3樓","本公司受邀參加台新證券2023年第二季全球投資論壇，就本公司已公開發布之財務數據、業務狀況等相關資訊說明","231420230523M001.pdf","231420230523E001.pdf","","","無。","查詢"
"2316","楠梓電","112/12/14","14:00","統一綜合證券股份有限公司(線上法說會)","本公司受邀參加統一綜合證券所舉辦之線上法說會","231620231214M001.pdf","231620231214E001.pdf","https://www.wus.com.tw/index.php/zh-tw/2017-10-17-07-23-12#%E6%B4%BB%E5%8B%95%E8%B3%87%E8%A8%8A",法說會影音連結資訊:https://webpro.twse.com.tw/WebPortal/vod/101/6F57A941E4A5-56A26C8A-9A6A-11EE-AB9F/?categoryId=101 ,"報名請洽統一證券 郭小姐 (02)2747-8266#3784","查詢"
"2317","鴻海","112/05/15","09:30","電話會議","本公司受邀參加Mizuho舉辦之法人交流會說明本公司營運概況。","231720230511M001.pdf","231720230511E001.pdf","","","無","查詢"
"2317","鴻海","112/05/16","09:00","會議地點：114台北市內湖區基湖路32號","本公司受邀參加Macquarie舉辦之法人交流會，說明本公司營運概況。","231720230511M001.pdf","231720230511E001.pdf","","","無","查詢"
"2317","鴻海","112/05/17","12:00","會議地點：美福大飯店 (台北市中山區樂群二路55號)","本公司受邀參加Goldman Sachs舉辦之Hon Hai Roundtable，說明本公司營運概況。","231720230511M001.pdf","231720230511E001.pdf","","","無","查詢"
"2317","鴻海","112/05/12","10:30","會議地點：114台北市內湖區基湖路32號","本公司受邀參加CLST舉辦之Taiwan Blue Chip Tech Tour，說明本公司營運概況。","231720230511M001.pdf","231720230511E001.pdf","","","無","查詢"
"2317","鴻海","112/05/12","09:00","電話會議","本公司受邀參加Daiwa舉辦之1Q23 Post-Results Conference Call，說明本公司營運概況。","231720230511M001.pdf","231720230511E001.pdf","","","無","查詢"
"2317","鴻海","112/06/30","09:00","電話會議","本公司受邀參加由Silver Point Advisors舉辦之線上座談會，說明本公司營運概況。","231720230511M001.pdf","231720230511E001.pdf","","","無","查詢"
"2317","鴻海","112/05/26","14:00","電話會議","本公司受邀參加Yuanta Securities Korea Co., Ltd. 舉辦之Yuanta Korea &amp; Taiwan Global Investment Forum，說明本公司營運概況。","231720230511M001.pdf","231720230511E001.pdf","","","無","查詢"
"2317","鴻海","112/05/23","11:30","台北市信義區信義路五段7號72樓","本公司受邀參加BNP舉辦之法人交流會，說明本公司營運概況。","231720230511M001.pdf","231720230511E001.pdf","","","無","查詢"
"2317","鴻海","112/05/24","09:00","香港君悅酒店 (香港灣仔港灣道1號)","本公司受邀參加Goldman Sachs舉辦之TechNet Conference Asia Pacific 2023，說明本公司營運概況。","231720230511M001.pdf","231720230511E001.pdf","","","無","查詢"
"2317","鴻海","112/05/24","13:30","114台北市內湖區基湖路32號","本公司受邀參加Fubon舉辦之Asian Technology Tour，說明本公司營運概況。","231720230511M001.pdf","231720230511E001.pdf","","","無","查詢"
"2317","鴻海","112/08/24","10:00","地址：114台北市內湖區基湖路32號","本公司受邀參加SMBC Nikko Securities舉辦之法人交流會說明本公司營運概況。","231720230814M001.pdf","231720230814E001.pdf","","","無","查詢"
"2317","鴻海","112/10/19","16:00","電話會議","本公司受邀參加由UBS舉辦之APAC ESG Corporate Day 2023，說明本公司ESG策略與進展。","231720230814M001.pdf","231720230814E001.pdf","","","無","查詢"
"2317","鴻海","112/09/18","10:30","地址：114台北市內湖區基湖路32號","本公司受邀參加CLSA舉辦之法人交流會說明本公司營運概況。","231720230814M001.pdf","231720230814E001.pdf","","","無","查詢"
"2317","鴻海","112/09/18","16:00","UBS台北辦公室 (台北市信義區松仁路7號5樓)","本公司受邀參加UBS證券舉辦之3Q23 APAC Tech Tour，說明本公司營運概況。","231720230814M001.pdf","231720230814E001.pdf","","","無","查詢"
"2317","鴻海","112/09/19","15:00","W飯店 (台北市信義區忠孝東路五段10號)","本公司受邀參加高盛證券舉辦之Taiwan Corporate Day，說明本公司營運概況。","231720230814M001.pdf","231720230814E001.pdf","","","無","查詢"
"2317","鴻海","112/07/19","09:00","電話會議","本公司受邀參加由BMO證券舉辦之線上座談會，說明本公司營運概況。","231720230511M001.pdf","231720230511E001.pdf","","","無","查詢"
"2317","鴻海","112/07/19","15:00","電話會議","本公司受邀參加由永豐金證券舉辦之線上座談會，說明本公司營運概況。","231720230511M001.pdf","231720230511E001.pdf","","","無","查詢"
"2317","鴻海","112/07/13","09:00","電話會議","本公司受邀參加由CLSA舉辦之線上座談會，說明本公司營運概況。","231720230511M001.pdf","231720230511E001.pdf","","","無","查詢"
"2317","鴻海","112/07/12","10:00","電話會議","本公司受邀參加由高盛證券舉辦之線上座談會，說明本公司營運概況。","231720230511M001.pdf","231720230511E001.pdf","","","無","查詢"
"2317","鴻海","112/07/17","16:00","電話會議","本公司受邀參加由國票證券舉辦之線上座談會，說明本公司營運概況。","231720230511M001.pdf","231720230511E001.pdf","","","無","查詢"
"2317","鴻海","112/11/14","15:00","線上法人說明會","本公司下午3點00分召開中文線上法人說明會。
線上加入：
https://fxn-event.webex.com/fxn-event-tc/j.php?MTID=mbbe4169d8558c4c35682d46b727f8ba9

活動號：2513 198 6581
活動密碼：1114","231720231114M001.pdf","231720231114E001.pdf","https://www.honhai.com/zh-tw/investor-relations/investor-relations-activities/investor-conference",法說會影音連結資訊:https://www.youtube.com/watch?v=2Y28cylYZow ,"相關資訊請洽黃奕誠先生，電話02-2268-3466#510-10004","查詢"
"2317","鴻海","112/10/20","09:00","電話會議","本公司受邀參加由Silver Point Advisors舉辦之線上座談會，說明本公司營運概況。","231720230814M001.pdf","231720230814E001.pdf","","","無","查詢"
"2317","鴻海","112/10/23 至 112/10/24","13:00","高盛東京辦公室 (Roppongi Hills Mori Tower, Roppongi 6-chome. , Minato-ku, Tokyo)","本公司受邀參加高盛舉辦之Japan Mobility Conference 2023，說明本公司營運概況。","231720230814M001.pdf","231720230814E001.pdf","","","無","查詢"
"2317","鴻海","112/12/14","14:00","電話會議","本公司受邀參加玉山證券舉辦之線上座談會，說明本公司營運概況。","231720231114M001.pdf","231720231114E001.pdf","","","無","查詢"
"2317","鴻海","112/12/04","09:00","台北市內湖區基湖路32號","本公司受邀參加Mizuho 證券舉辦之法人交流會，說明本公司營運概況。","231720231114M001.pdf","231720231114E001.pdf","","","無","查詢"
"2317","鴻海","112/12/06","09:00","電話會議","本公司受邀參加BMO 舉辦之線上座談會，說明本公司營運概況。","231720231114M001.pdf","231720231114E001.pdf","","","無","查詢"
"2317","鴻海","112/11/28","15:00","電話會議","本公司受邀參加台新證券舉辦之線上座談會，說明本公司營運概況。","231720231114M001.pdf","231720231114E001.pdf","","","無","查詢"
"2317","鴻海","112/11/30","14:00","114 台北市內湖區基湖路32 號","本公司受邀參加SMBC Nikko Securities 舉辦之法人交流會，說明本公司營運概況。","231720231114M001.pdf","231720231114E001.pdf","","","無","查詢"
"2317","鴻海","112/02/15","09:00","線上會議","本公司受邀參加由JP Morgan舉辦之法人座談會，說明本公司ESG策略與進展。","231720221110M001.pdf","231720221110E001.pdf","","","無","查詢"
"2317","鴻海","112/09/27","15:00","電話會議","本公司受邀參加由元大證券舉辦之線上座談會，說明本公司營運概況。","231720230814M001.pdf","231720230814E001.pdf","","","無","查詢"
"2317","鴻海","112/01/16","10:30","會議地點：台北市內湖區基湖路32號","本公司受邀參加由UBS舉辦之法人座談會，說明本公司營運概況。","231720221110M001.pdf","231720221110E001.pdf","","","無","查詢"
"2317","鴻海","112/02/08","15:00","線上法說會","本公司受邀參加元富證券舉辦之法人交流會，說明本公司營運概況。","231720221110M001.pdf","231720221110E001.pdf","","","無","查詢"
"2317","鴻海","112/04/18","09:00","電話會議","本公司受邀參加寬量國際舉辦之第13屆Taiwan CEO Week投資論壇，說明本公司營運概況。","231720230315M002.pdf","231720230315E002.pdf","","","無","查詢"
"2317","鴻海","112/04/18","15:00","電話會議","本公司受邀參加第一金證券舉辦之法人交流會，說明本公司營運概況。","231720230315M002.pdf","231720230315E002.pdf","","","無","查詢"
"2317","鴻海","112/04/11","09:00","電話會議","本公司受邀參加Auerbach Grayson舉辦之法人交流會，說明本公司營運概況。","231720230315M002.pdf","231720230315E002.pdf","","","無","查詢"
"2317","鴻海","112/06/19 至 112/06/23","15:30","英國、瑞典、法國、德國","本公司受瑞銀證券邀請參加海外投資人會議，說明本公司營運概況。","231720230511M001.pdf","231720230511E001.pdf","","","無","查詢"
"2317","鴻海","112/03/27","10:30","台北市內湖區基湖路32號","本公司受邀參加CLSA舉辦之法人交流會，說明本公司營運概況。","231720230315M002.pdf","231720230315E002.pdf","","","無","查詢"
"2317","鴻海","112/09/05 至 112/09/08","20:00","美國","本公司受花旗證券邀請參加海外投資人會議，說明本公司營運概況。","231720230814M001.pdf","231720230814E001.pdf","","","無","查詢"
"2317","鴻海","112/06/06","15:00","電話會議","本公司受邀參加華南永昌證券舉辦之法人交流會，說明本公司營運概況。","231720230511M001.pdf","231720230511E001.pdf","","","無","查詢"
"2317","鴻海","112/06/07","15:00","電話會議","本公司受邀參加富邦證券舉辦之法人交流會，說明本公司營運概況。","231720230511M001.pdf","231720230511E001.pdf","","","無","查詢"
"2317","鴻海","112/05/11","15:00","電話會議","本公司下午3點00分召開中文線上法人說明會。

線上加入：
https://fxn-event.webex.com/fxn-event-tc/j.php?MTID=m82a1c3cf393ec73e31943c0cbd7b7bcf

活動號：2519 236 7069
活動密碼：0511","231720230511M001.pdf","231720230511E001.pdf","https://www.honhai.com/zh-tw/investor-relations/investor-relations-activities/investor-conference",法說會影音連結資訊:https://www.youtube.com/watch?v=rc_2yVfPE10 ,"相關資訊請洽黃奕誠先生、陳慧芸小姐，電話02-2268-3466#510-10004/510-10009","查詢"
"2317","鴻海","112/11/15","09:00","電話會議","本公司受邀參加凱基證券舉辦之3Q23 Post-Results Conference Call，說明本公司營運概況","231720231114M001.pdf","231720231114E001.pdf","",英文影音檔網址:2317_247_20231115_en.mp3 ,"無","查詢"
"2317","鴻海","112/06/26","09:00","台北市內湖區基湖路32號","本公司受邀參加Mizuho舉辦之法人交流會說明本公司營運概況。","231720230511M001.pdf","231720230511E001.pdf","","","無","查詢"
"2317","鴻海","112/06/12 至 112/06/13","15:00","地點：港島香格里拉大酒店(香港中區法院道太古廣場)","本公司受邀參加UBS舉辦之Future-Now APAC Conference 2023，說明本公司營運概況。","231720230511M001.pdf","231720230511E001.pdf","","","無","查詢"
"2317","鴻海","112/02/20","16:00","台北君悅酒店 (台北市信義區松壽路2號)","本公司受邀參加J.P. Morgan舉辦之Taiwan CEO-CFO Conference 2023，說明本公司營運概況。","231720221110M001.pdf","231720221110E001.pdf","","","無","查詢"
"2317","鴻海","112/02/21 至 112/02/24","14:30","新加坡、香港","本公司受凱基證券邀請參加海外投資人會議，說明本公司營運概況。","231720221110M001.pdf","231720221110E001.pdf","","","無","查詢"
"2317","鴻海","112/03/02 至 112/03/03","10:00","The Prince Park Tower Tokyo
4-8-1 Shibakoen Minato,Tokyo 105-8563 Japan","本公司受邀參加Daiwa舉辦之Daiwa Investment Conference Tokyo 2023，說明本公司營運概況。","231720221110M001.pdf","231720221110E001.pdf","","","無","查詢"
"2317","鴻海","112/03/17","14:00","台北君悅酒店","本公司受邀參加BofA Securities舉辦之2023 APAC TMT Conference，說明本公司營運概況。","231720230315M002.pdf","231720230315E002.pdf","","","無","查詢"
"2317","鴻海","112/03/20","10:30","台北市信義區松仁路7號5F","本公司受邀參加UBS舉辦之1Q23 APAC Tech Tour，說明本公司營運概況。","231720230315M002.pdf","231720230315E002.pdf","","","無","查詢"
"2317","鴻海","112/03/22","11:00","114台北市內湖區基湖路32號","本公司受邀參加Fubon Securities舉辦之Fubon-Jefferies Asia Technology Tour，說明本公司營運概況。","231720230315M002.pdf","231720230315E002.pdf","","","無","查詢"
"2317","鴻海","112/03/22","15:00","電話會議","本公司受邀參加國泰證券舉辦之法人交流會，說明本公司營運概況。","231720230315M002.pdf","231720230315E002.pdf","","","無","查詢"
"2317","鴻海","112/03/16","09:00","電話會議","本公司受邀參加Nomura舉辦之4Q22 Post-Results Conference Call，說明本公司營運概況。","231720230315M002.pdf","231720230315E002.pdf","","","無","查詢"
"2317","鴻海","112/03/16","16:00","電話會議","本公司受邀參加CLSA舉辦之4Q22 Post-Results Conference Call，說明本公司營運概況。","231720230315M002.pdf","231720230315E002.pdf","","","無","查詢"
"2317","鴻海","112/03/17","09:00","114台北市內湖區基湖路32號","本公司受邀參加Fubon Securities舉辦之Jefferies-Fubon Taiwan Automation Tour，說明本公司營運概況。","231720230315M002.pdf","231720230315E002.pdf","","","無","查詢"
"2317","鴻海","112/03/15","15:00","電話會議","本公司下午3點00分召開中文線上法人說明會。

線上加入：
https://fxn-event.webex.com/fxn-event-tc/j.php?MTID=m4c1f761008a7706c13ae5b81415c873c

活動號：2516 544 9177
活動密碼：2023","231720230315M002.pdf","231720230315E002.pdf","https://www.honhai.com/zh-tw/investor-relations/investor-relations-activities/investor-conference",法說會影音連結資訊:https://youtu.be/6I4-5ZdOlz4 ,"相關資訊請洽黃奕誠先生、陳慧芸小姐，電話02-2268-3466#510-10004/510-10009","查詢"
"2317","鴻海","112/06/01","15:20","台北國泰萬怡酒店2F會議室(台北市中山區民生東路三段6號)","本公司受邀參加凱基證券舉辦之第二季投資論壇，說明本公司營運概況。","231720230511M001.pdf","231720230511E001.pdf","","","無","查詢"
"2317","鴻海","112/06/02","15:00","台北W飯店 (台北市信義區忠孝東路五段10號)","本公司受邀參加花旗證券舉辦之Regional Tech Conference 2023，說明本公司營運概況。","231720230511M001.pdf","231720230511E001.pdf","","","無","查詢"
"2317","鴻海","112/01/06","09:00","線上會議","本公司受邀參加Credit Suisse舉辦之2023 Greater China Technology and Internet Conference，說明本公司營運概況。","231720221110M001.pdf","231720221110E001.pdf","","","無","查詢"
"2317","鴻海","112/01/06","15:00","線上會議","本公司受邀參加BofA舉辦之法人交流會，說明本公司營運概況。","231720221110M001.pdf","231720221110E001.pdf","","","無","查詢"
"2317","鴻海","112/01/10","09:00","線上會議","本公司受邀參加BMO舉辦之法人交流會，說明本公司營運概況。","231720221110M001.pdf","231720221110E001.pdf","","","無","查詢"
"2317","鴻海","112/01/12","09:00","電話會議","本公司受邀參加由Silver Point Advisors舉辦之線上座談會，說明本公司營運概況。","231720221110M001.pdf","231720221110E001.pdf","","","無","查詢"
"2317","鴻海","112/09/12","20:00","電話會議","本公司受邀參加由美銀美林證券舉辦之Global AI Conference 2023，說明本公司營運概況。","231720230814M001.pdf","231720230814E001.pdf","","","無","查詢"
"2317","鴻海","112/09/12 至 112/09/13","15:00","香港瑰麗酒店 (香港尖沙咀梳士巴利道18號)","本公司受邀參加CLSA舉辦之30th CITIC CLSA Investors&#039; Forum，說明本公司營運概況。","231720230814M001.pdf","231720230814E001.pdf","","","無","查詢"
"2317","鴻海","112/08/14","15:00","電話會議","本公司下午3點00分召開中文線上法人說明會。

線上加入：
https://fxn-event.webex.com/fxn-event-tc/j.php?MTID=mb81429d36c176819c0d51e508d97ca70

活動號：2518 341 0823
活動密碼：0814","231720230814M001.pdf","231720230814E001.pdf","https://www.honhai.com/zh-tw/investor-relations/investor-relations-activities/investor-conference",法說會影音連結資訊:https://youtu.be/ToReT3-fRZQ ,"相關資訊請洽黃奕誠先生，電話02-2268-3466#510-10004","查詢"
"2317","鴻海","112/08/15","09:00","電話會議","本公司受邀參加UBS舉辦之2Q23 Post-Results Conference Call，說明本公司營運概況。","231720230814M001.pdf","231720230814E001.pdf","","","無","查詢"
"2317","鴻海","112/08/24","14:00","電話會議","本公司受邀參加由統一證券舉辦之線上座談會，說明本公司營運概況。","231720230814M001.pdf","231720230814E001.pdf","","","無","查詢"
"2317","鴻海","112/08/25","16:00","台北101金融大樓 (台北市信義區信義路五段7號) 36樓","本公司受邀參加美銀美林證券舉辦之BofA 2023 Taiwan Tech Tour，說明本公司營運概況。","231720230814M001.pdf","231720230814E001.pdf","","","無","查詢"
"2321","東訊","112/12/20","16:00","線上法說會","公司簡介及營運概況等","232120241213M001.pdf","232120241213E001.pdf","https://www.tecom.com.tw/tw/",中文影音檔網址:2321_7_20231220_ch.mp4 ,"無","查詢"
"2323","中環","112/12/08","15:00","線上法說會","公司財務業務及營運概況","232320231208M001.pdf","232320231208E001.pdf","",中文影音檔網址:2323_8_20231208_ch.mp4 ,"本公司受邀參加凱基證券舉辦之線上法人說明會","查詢"
"2324","仁寶","112/05/23","15:15","台北君悅酒店","台新2023年第二季全球投資論壇，說明本公司營運概況。","232420230519M001.pdf","232420230519E001.pdf","www.compal.com","","無","查詢"
"2324","仁寶","112/12/07","15:00","台北茹曦酒店","群益金鼎證券所舉辦之4Q23投資論壇，說明本公司營運概況。","232420231206M001.pdf","232420231206E001.pdf","www.compal.com","","無","查詢"
"2324","仁寶","112/06/08 至 112/06/12","14:00","線上會議","台灣董事學會、臺灣證券交易所及安擘諮詢共同舉辦之外資論壇，會中說明本公司營運概況。","232420230607M001.pdf","232420230607E001.pdf","www.compal.com","","無","查詢"
"2324","仁寶","112/03/30","14:00","電話會議","CGS-CIMB Tech &amp; EV Virtual Conference 2023，說明本公司營運概況。","232420230329M001.pdf","232420230329E001.pdf","www.compal.com","","無","查詢"
"2324","仁寶","112/01/05","11:00","電話會議","瑞士信貸舉辦之Greater China Technology and Internet Conference，會中說明本公司營運概況。","232420230104M001.pdf","232420230104E001.pdf","www.compal.com","","無","查詢"
"2324","仁寶","112/03/16","13:00","台北君悅酒店","美銀證券舉辦之2023 APAC TMT Conference，說明本公司營運概況。","232420230315M002.pdf","232420230315E002.pdf","www.compal.com",法說會影音連結資訊:未輸 ,"無","查詢"
"2324","仁寶","112/08/11","14:00","線上會議","UBS舉辦之仁寶電腦112年第二季財報線上法人說明會","232420230811M001.pdf","232420230811E001.pdf","www.compal.com",法說會影音連結資訊:https://www.compal.com/investor-relations/financial-release/#investor-conference-presentations ,"無","查詢"
"2324","仁寶","112/09/18","15:00","UBS台北辦公室","UBS舉辦之3Q23 APAC Tech Tour，說明本公司營運概況。","232420230915M004.pdf","232420230915E004.pdf","www.compal.com","","無","查詢"
"2324","仁寶","112/09/19","10:00","台北W飯店","高盛證券所舉辦之Taiwan Corporate Day，說明本公司營運概況。","232420230915M003.pdf","232420230915E003.pdf","www.compal.com","","無","查詢"
"2324","仁寶","112/02/21","16:00","W Hotel (台北市信義區忠孝東路五段10號)","法說會，會中說明本公司營運概況。","232420230220M001.pdf","232420230220E001.pdf","www.compal.com","","無","查詢"
"2324","仁寶","112/05/31","13:00","台北 W HOTEL","花旗証券所舉辦之「Citi Regional Tech Conference」，說明本公司營運概況。","232420230530M001.pdf","232420230530E001.pdf","www.compal.com","","無","查詢"
"2324","仁寶","112/03/15","16:00","線上會議","Citi舉辦之111年第四季財報線上法人說明會，說明本公司營運概況。","232420230315M001.pdf","232420230315E001.pdf","www.compal.com",法說會影音連結資訊:https://www.compal.com/investor-relations/financial-release/#investor-conference-presentations ,"無","查詢"
"2324","仁寶","112/06/14","14:30","UBS台北辦公室","UBS證券舉辦之Taiwan Corporate Day，會中說明本公司營運概況。","232420230613M001.pdf","232420230613E001.pdf","www.compal.com","","無","查詢"
"2327","國巨*","112/05/12","16:00","線上電話會議","本公司於112/05/12受邀參加由臺灣證交所及永豐金證券共同
主辦之
Taiwan Corporate Day 2023，就公司營運及產業概況向投資機構做說明。","232720230511M001.pdf","232720230511E001.pdf","https://www.yageo.com/zh-TW/Download/Index/investor_conference#bottom_link_title","","公司網站www.yageo.com/zh-TW/Download/Index/investor_conference#bottom_link_title","查詢"
"2327","國巨*","112/05/26","14:00","台北君悅飯店","本公司於112/05/26受邀參加由富邦證券舉辦之&quot;2023年第二季
投資論壇&quot;，
就公司營運及產業概況向投資機構做說明。","232720230525M001.pdf","232720230525E001.pdf","https://www.yageo.com/zh-TW/Download/Index/investor_conference#bottom_link_title","","公司網站www.yageo.com/zh-TW/Download/Index/investor_conference#bottom_link_title","查詢"
"2327","國巨*","112/07/25","16:00","線上電話會議","本公司於112/07/25受邀參加由摩根士丹利證券舉辦之線上法說會，
說明112年第二季營運報告，並就公司營運及產業概況向投資機構做說明。","232720230725M002.pdf","232720230725E002.pdf","https://www.yageo.com/zh-TW/Download/Index/investor_conference#bottom_link_title",英文影音檔網址:2327_179_20230725_en.mp3 ,"公司網站www.yageo.com/zh-TW/Download/Index/investor_conference#bottom_link_title","查詢"
"2327","國巨*","112/08/28","14:00","台北寒舍艾美酒店(台北市松仁路38號)","本公司於112/08/28受邀參加由摩根大通證券舉辦之&quot;8th Annual Asia Tech Tour&quot;，
就公司營運及產業概況向投資機構做說明。","232720230825M001.pdf","232720230825E001.pdf","https://www.yageo.com/zh-TW/Download/Index/investor_conference#bottom_link_title","","公司網站www.yageo.com/zh-TW/Download/Index/investor_conference#bottom_link_title","查詢"
"2327","國巨*","112/10/26","16:00","線上電話會議","本公司於112/10/26受邀參加由摩根士丹利證券舉辦之線上法說會，說明112年第三季營運成果，並就公司營運展望及產業概況向投資機構做說明。","232720231026M001.pdf","232720231026E001.pdf","www.yageo.com/zh-TW/Download/Index/investor_conference#bottom_link_title",中文影音檔網址:2327_183_20231026_ch.mp3 英文影音檔網址:2327_183_20231026_en.mp3 ,"公司網站www.yageo.com/zh-TW/Download/Index/investor_conference#bottom_link_title","查詢"
"2327","國巨*","112/12/06","14:00","台北君悅飯店","本公司於112/12/06受邀參加由統一證券舉辦之&quot;2023Q4冬季投資論壇&quot;，就公司營運及產業概況向投資機構做說明。","232720231205M001.pdf","232720231205E001.pdf","www.yageo.com/zh-TW/Download/Index/investor_conference#bottom_link_title","","公司網站www.yageo.com/zh-TW/Download/Index/investor_conference#bottom_link_title","查詢"
"2327","國巨*","112/11/29","14:00","台北文創（台北市信義區菸廠路88號）","本公司於112/11/29受邀參加由元富證券舉辦之&quot;2023年冬季產業投資論壇&quot;,
就公司營運及產業概況向投資機構做說明。","232720231128M001.pdf","232720231128E001.pdf","https://www.yageo.com/zh-TW/Download/Index/investor_conference#bottom_link_title","","公司網站www.yageo.com/zh-TW/Download/Index/investor_conference#bottom_link_title","查詢"
"2327","國巨*","112/03/15","14:00","台北君悅飯店","本公司於112/03/15受邀參加由美銀證券舉辦之投資論壇&quot;2023 APAC TMT Conference&quot;,
就公司營運及產業概況向投資機構做說明。","232720230314M001.pdf","232720230314E001.pdf","https://www.yageo.com/zh-TW/Download/Index/investor_conference#bottom_link_title","","公司網站www.yageo.com/zh-TW/Download/Index/investor_conference#bottom_link_title","查詢"
"2327","國巨*","112/04/20","16:00","線上電話會議","本公司於112/04/20受邀參加由摩根士丹利證券舉辦之線上法說會，說明112年第一季營運報告，
並就公司營運及產業概況向投資機構做說明。","232720230421M001.pdf","232720230421E001.pdf","https://www.yageo.com/zh-TW/Download/Index/investor_conference#bottom_link_title",英文影音檔網址:2327_175_20230420_en.mp3 ,"公司網站www.yageo.com/zh-TW/Download/Index/investor_conference#bottom_link_title","查詢"
"2327","國巨*","112/01/04","10:00","線上會議","本公司於112/01/04受邀參加由瑞信證券舉辦之 &quot;9th Greater China Technology 
and Internet Conference&quot;，就公司營運及產業概況向投資機構說明。","232720230103M001.pdf","232720230103E001.pdf","https://www.yageo.com/zh-TW/Download/Index/investor_conference#bottom_link_title","","公司網站www.yageo.com/zh-TW/Download/Index/investor_conference#bottom_link_title","查詢"
"2327","國巨*","112/06/15","14:30","台北市信義區松仁路7號","本公司於112/06/15受邀參加由瑞銀證券舉辦之&quot;2023 UBS 
Taiwan Corporate Day&quot;，就公司營運及產業概況向投資機構做說明。","232720230614M001.pdf","232720230614E001.pdf","https://www.yageo.com/zh-TW/Download/Index/investor_conference#bottom_link_title","","公司網站www.yageo.com/zh-TW/Download/Index/investor_conference#bottom_link_title","查詢"
"2327","國巨*","112/08/31","14:00","台北君悅酒店(台北市信義區松壽路2號)","本公司於112/08/31受邀參加由匯豐證券舉辦之&quot;Taiwan Executive Forum 2023&quot;，就公司營運及產業概況向投資機構做說明。","232720230830M001.pdf","232720230830E001.pdf","www.yageo.com/zh-TW/Download/Index/investor_conference#bottom_link_title","","公司網站www.yageo.com/zh-TW/Download/Index/investor_conference#bottom_link_title","查詢"
"2327","國巨*","112/11/21","14:00","台北香格里拉遠東國際大飯店","本公司於112/11/21受邀參加由匯立證券舉辦之&quot;CLST Taiwan Market Mover 2024 Access Day&quot;，就公司營運及產業概況向投資機構說明。","232720231120M001.pdf","232720231120E001.pdf","www.yageo.com/zh-TW/Download/Index/investor_conference#bottom_link_title","","公司網站www.yageo.com/zh-TW/Download/Index/investor_conference#bottom_link_title","查詢"
"2327","國巨*","112/11/23","14:00","台北W飯店","本公司於112/11/23受邀參加由花旗證券舉辦之&quot;Citi 2023 Taiwan Corporate Day&quot;，就公司營運及產業概況向投資機構做說明。","232720231120M002.pdf","232720231120E002.pdf","www.yageo.com/zh-TW/Download/Index/investor_conference#bottom_link_title","","公司網站www.yageo.com/zh-TW/Download/Index/investor_conference#bottom_link_title","查詢"
"2327","國巨*","112/03/14","16:00","線上電話會議","本公司於112/03/14受邀參加由摩根士丹利證券舉辦之線上法說會，說明111年第四季營運報告，
並就公司營運及產業概況向投資機構做說明。","232720230314M002.pdf","232720230314E002.pdf","https://www.yageo.com/zh-TW/Download/Index/investor_conference#bottom_link_title","","公司網站www.yageo.com/zh-TW/Download/Index/investor_conference#bottom_link_title","查詢"
"2327","國巨*","112/09/07","09:30","台北香格里拉遠東國際大飯店","本公司於112/09/07受邀參加由國泰證券舉辦之&quot;2023年第三季產業論壇&quot;，
就公司營運及產業概況向投資機構做說明。","232720230906M001.pdf","232720230906E001.pdf","https://www.yageo.com/zh-TW/Download/Index/investor_conference#bottom_link_title","","公司網站www.yageo.com/zh-TW/Download/Index/investor_conference#bottom_link_title","查詢"
"2328","廣宇","112/09/07","14:00","線上法說會","本公司受邀參加第一金證券所舉辦之「第三季線上法人投資論壇」。","232820230907M001.pdf","232820230907E001.pdf","http://www.panpi.com.tw/tw/investor_service/corporate_governance/investor_meeting","","無","查詢"
"2328","廣宇","112/09/05","10:00","臺北文創-台北市信義區菸廠路88號6F","本公司受邀參加元富證券所舉辦之「2023秋季產業投資論壇」","232820230905M002.pdf","232820230905E002.pdf","http://www.panpi.com.tw/tw/investor_service/corporate_governance/investor_meeting",中文影音檔網址:2328_10_20230905_ch.mp4 ,"無","查詢"
"2328","廣宇","112/12/15","14:00","線上會議","本公司受邀參加元大證券所舉辦之線上法人說明會，說明本公司營運概況。","232820231215M001.pdf","232820231215E001.pdf","http://www.panpi.com.tw/tw/investor_service/corporate_governance/investor_meeting",法說會影音連結資訊:未輸 ,"無","查詢"
"2329","華泰","112/11/24","14:30","台北市寶慶路69號4樓會議室","受邀參加元大證券舉辦之法說會，報告本公司營運狀況。","232920231124M001.pdf","232920231124E001.pdf","https://www.ose.com.tw/about/investment/shareholder#company-intro-meeting","","無","查詢"
"2329","華泰","112/08/18","14:30","線上法說會","受邀參加元大證券舉辦之線上法說會，報告本公司營運狀況。","232920230818M001.pdf","232920230818E001.pdf","https://www.ose.com.tw/about/investment/shareholder/",中文影音檔網址:2329_7_20230818_ch.mp4 ,"無","查詢"
"2330","台積電","112/11/28 至 112/12/01","04:35","The Phoenician","本公司受邀參加瑞銀證券所舉辦之『UBS Global Technology Conference』，會中就本公司10/19法說會已公開之財務數字、經營績效等相關資訊進行說明。","233020231019M002.pdf","233020231019E002.pdf","https://investor.tsmc.com/chinese/quarterly-results/","","無。","查詢"
"2330","台積電","112/07/20","14:00","線上法說會","(1)公布本公司2023年第2季財務報告及2023年第3季業績展望。(2)參加方式：請參見https://investor.tsmc.com/chinese/quarterly-results/2023/q2","233020230720M001.pdf","233020230720E001.pdf","https://investor.tsmc.com/chinese/quarterly-results/2023/q2",同步收看網址：:https://investor.tsmc.com/chinese/quarterly-results/2023/q2 法說會影音連結資訊:https://investor.tsmc.com/chinese/quarterly-results/2023/q2 ,"無","查詢"
"2330","台積電","112/05/31","09:00","台北W飯店","本公司受邀參加花旗環球證券所舉辦之『Regional Tech Conference 2023』，會中就本公司4/20法說會已公開之財務數字、經營績效等相關資訊進行說明。","233020230420M001.pdf","233020230420E001.pdf","https://investor.tsmc.com/chinese/quarterly-results/","","無。","查詢"
"2330","台積電","112/11/15 至 112/11/16","08:00","新加坡東方文華酒店","本公司受邀參加摩根士丹利證券所舉辦之『Twenty-Second Annual Asia Pacific Summit』，會中就本公司10/19法說會已公開之財務數字、經營績效等相關資訊進行說明。","233020231019M002.pdf","233020231019E002.pdf","https://investor.tsmc.com/chinese/quarterly-results/",法說會影音連結資訊:https://investor.tsmc.com/sites/ir/2023-11/20231115%20TSMC%20Meeting%20at%20MS%20Conference.mp3 ,"無。","查詢"
"2330","台積電","112/09/06 至 112/09/07","20:15","紐約希爾頓飯店","本公司受邀參加花旗環球證券所舉辦之『Citi&#039;s 2023 Global Technology and GEMS Conference』，會中就本公司7/20法說會已公開之財務數字、經營績效等相關資訊進行說明。","233020230720M001.pdf","233020230720E001.pdf","https://investor.tsmc.com/chinese/quarterly-results/","","無。","查詢"
"2330","台積電","112/04/20","14:00","線上法說會","(1)公布本公司2023年第1季財務報告及2023年第2季業績展望。(2)參加方式：請參見https://investor.tsmc.com/chinese/quarterly-results/2023/q1","233020230420M001.pdf","233020230420E001.pdf","https://investor.tsmc.com/chinese/quarterly-results/2023/q1",同步收看網址：:https://investor.tsmc.com/chinese/quarterly-results/2023/q1 法說會影音連結資訊:https://investor.tsmc.com/chinese/quarterly-results/2023/q1 ,"無。","查詢"
"2330","台積電","112/10/19","14:00","線上法說會","(1) 公布本公司2023年第3季財務報告及2023年第4季業績展望。(2) 參加方式：請參見https://investor.tsmc.com/chinese/quarterly-results/2023/q3","233020231019M002.pdf","233020231019E002.pdf","https://investor.tsmc.com/chinese/quarterly-results/2023/q3",同步收看網址：:https://investor.tsmc.com/chinese/quarterly-results/2023/q3 法說會影音連結資訊:https://investor.tsmc.com/chinese/quarterly-results/2023/q3 ,"無。","查詢"
"2330","台積電","112/03/21 至 112/03/23","09:30","香港康萊德酒店","本公司受邀參加瑞士信貸所舉辦之『26th Credit Suisse Asian Investment Conference』，會中就本公司1/12法說會已公開之財務數字、經營績效等相關資訊進行說明。","233020230112M001.pdf","233020230112E001.pdf","https://investor.tsmc.com/chinese/quarterly-results/","","無。","查詢"
"2330","台積電","112/03/08 至 112/03/10","00:35","舊金山皇宮酒店","本公司受邀參加摩根士丹利證券所舉辦之『Morgan Stanley Technology, Media &amp; Telecom Conference』，會中就本公司1/12法說會已公開之財務數字、經營績效等相關資訊進行說明。","233020230112M001.pdf","233020230112E001.pdf","https://investor.tsmc.com/chinese/quarterly-results/","","無。","查詢"
"2330","台積電","112/09/18","09:00","台北W hotel","本公司受邀參加美商高盛證券所舉辦之『Goldman Sachs Taiwan Corporate Day 2023』，會中就本公司7/20法說會已公開之財務數字、經營績效等相關資訊進行說明。","233020230720M001.pdf","233020230720E001.pdf","https://investor.tsmc.com/chinese/quarterly-results/","","無。","查詢"
"2330","台積電","112/03/13","09:00","台北君悅大飯店","本公司受邀參加美銀證券所舉辦之『2023 Asia Pacific Telecom, Media &amp; Technology Conference』，會中就本公司1/12法說會已公開之財務數字、經營績效等相關資訊進行說明。","233020230112M001.pdf","233020230112E001.pdf","https://investor.tsmc.com/chinese/quarterly-results/","","無。","查詢"
"2330","台積電","112/02/20","09:00","台北君悅大飯店","&#8226;	本公司受邀參加摩根大通證券所舉辦之『J.P. Morgan Taiwan CEO-CFO Conference 2023』，會中就本公司1/12法說會已公開之財務數字、經營績效等相關資訊進行說明。","233020230112M001.pdf","233020230112E001.pdf","https://investor.tsmc.com/chinese/quarterly-results/","","無。","查詢"
"2330","台積電","112/01/12","14:00","線上法說會","(1)公布本公司2022年第4季財務報告及2023年第1季業績展望。(2)參加方式：請參見https://investor.tsmc.com/chinese/quarterly-results/2022/q4","233020230112M001.pdf","233020230112E001.pdf","https://investor.tsmc.com/chinese/quarterly-results/2022/q4",同步收看網址：:https://investor.tsmc.com/chinese/quarterly-results/2022/q4 法說會影音連結資訊:https://investor.tsmc.com/chinese/quarterly-results/2022/q4 ,"無。","查詢"
"2331","精英","112/12/22","14:30","台新證券 台北市中山區建國北路一段96號B1樓(台証大樓)","本公司受邀參加台新證券法人說明會，就本公司已公佈之經營績效等相關資訊說明","233120231222M001.pdf","233120231222E001.pdf","https://www.ecs.com.tw/tw/investor/investor-conference",法說會影音連結資訊:https://www.youtube.com/watch?v=LWCJ2q-qw6M ,"無","查詢"
"2332","友訊","112/05/29","14:00","元富證券11樓會議室(台北市敦化南路二段97號11樓)","本公司受邀參加元富證券舉辦之法人說明會，說明本公司營運展望與經營績效。","233220230529M001.pdf","233220230529E001.pdf","http://www.ir-cloud.com/taiwan/2332/irwebsite_c/index.php?mod=event",法說會影音連結資訊:https://wordpress-media-jp.s3.ap-northeast-1.amazonaws.com/company/20230529135639_1.mp4 ,"無","查詢"
"2332","友訊","112/02/23","14:00","兆豐證券13樓會議室（台北市忠孝東路二段95號）","本公司受邀參加兆豐證券舉辦之法人說明會，說明本公司營運展望與經營績效。","233220230223M001.pdf","233220230223E001.pdf","http://www.ir-cloud.com/taiwan/2332/irwebsite_c/index.php?mod=event",法說會影音連結資訊:https://wordpress-media-jp.s3.ap-northeast-1.amazonaws.com/company/20230223135801.mp4 ,"無","查詢"
"2337","旺宏","112/05/23","15:15","台北","本公司受邀參加台新證券舉辦之「第二季全球投資論壇」，會中就本公司已公開資訊做說明。","233720230425M001.pdf","233720230425E001.pdf","https://www.macronix.com/zh-tw/about/investor-relations/Pages/quarterly-results.aspx","","無","查詢"
"2337","旺宏","112/05/31 至 112/06/01","10:00","台北","本公司受邀參加花旗證券舉辦之「Regional Tech Conference」，會中就本公司已公開資訊做說明。","233720230425M001.pdf","233720230425E001.pdf","https://www.macronix.com/zh-tw/about/investor-relations/Pages/quarterly-results.aspx","","無","查詢"
"2337","旺宏","112/08/31","10:00","台北","本公司受邀參加匯豐證券舉辦之「HSBC Taiwan Executive Forum 2023」，會中就本公司已公開資訊做說明。","233720230725M001.pdf","233720230725E001.pdf","https://www.macronix.com/zh-tw/about/investor-relations/Pages/quarterly-results.aspx","","無","查詢"
"2337","旺宏","112/07/25","16:00","線上法人說明會","旺宏電子2023年第二季營運成果報告","233720230725M001.pdf","233720230725E001.pdf","https://www.macronix.com/zh-tw/about/investor-relations/Pages/quarterly-results.aspx",法說會影音連結資訊:https://www.macronix.com/zh-tw/about/investor-relations/Pages/quarterly-results.aspx ,"無","查詢"
"2337","旺宏","112/10/24","16:00","線上法人說明會","旺宏電子2023年第三季營運成果報告","233720231024M001.pdf","233720231024E001.pdf","https://www.macronix.com/zh-tw/about/investor-relations/Pages/quarterly-results.aspx",法說會影音連結資訊:https://www.macronix.com/zh-tw/about/investor-relations/Pages/quarterly-results.aspx ,"無","查詢"
"2337","旺宏","112/02/16","15:00","台北","本公司受邀參加元大證券舉辦之「第一季投資論壇」，會中就本公司已公開資訊做說明。","233720230214M001.pdf","233720230214E001.pdf","https://www.macronix.com/zh-tw/about/investor-relations/Pages/quarterly-results.aspx","","無","查詢"
"2337","旺宏","112/04/25","16:00","線上法人說明會","旺宏電子2023年第一季營運成果報告","233720230425M001.pdf","233720230425E001.pdf","https://www.macronix.com/zh-tw/about/investor-relations/Pages/quarterly-results.aspx",法說會影音連結資訊:https://www.macronix.com/zh-tw/about/investor-relations/Pages/quarterly-results.aspx ,"無","查詢"
"2337","旺宏","112/02/20 至 112/02/23","10:00","台北","本公司受邀參加以下法人說明會，會中就本公司已公開資訊做說明：(1) 112/02/20至112/02/21受邀參加摩根大通舉辦之「Taiwan CEO-CFO Conference 2023」；(2) 112/02/23 受邀參加元富證券舉辦之「2023年春季產業投資論壇」。","233720230214M001.pdf","233720230214E001.pdf","https://www.macronix.com/zh-tw/about/investor-relations/Pages/quarterly-results.aspx","","無","查詢"
"2337","旺宏","112/03/14 至 112/03/17","10:00","台北","本公司受邀參加美銀證券舉辦之「2023 APAC TMT Conference」，會中就本公司已公開資訊做說明。","233720230214M001.pdf","233720230214E001.pdf","https://www.macronix.com/zh-tw/about/investor-relations/Pages/quarterly-results.aspx","","無","查詢"
"2337","旺宏","112/01/05 至 112/01/06","14:00","線上法人說明會","本公司受邀參加Credit Suisse舉辦之「9th Greater China Technology and Internet Conference」，會中就本公司已公開資訊做說明。","233720221025M001.pdf","233720221025E001.pdf","https://www.macronix.com/zh-tw/about/investor-relations/Pages/quarterly-results.aspx","","無","查詢"
"2337","旺宏","112/02/14","16:00","線上法人說明會","旺宏電子2022年第四季營運成果報告","233720230214M001.pdf","233720230214E001.pdf","https://www.macronix.com/zh-tw/about/investor-relations/Pages/quarterly-results.aspx",法說會影音連結資訊:https://www.macronix.com/zh-tw/about/investor-relations/Pages/quarterly-results.aspx ,"無","查詢"
"2337","旺宏","112/05/11","12:00","台北","本公司受邀參加Macquarie舉辦之「Taiwan Corporate Day」，會中就本公司已公開資訊做說明。","233720230425M001.pdf","233720230425E001.pdf","https://www.macronix.com/zh-tw/about/investor-relations/Pages/quarterly-results.aspx","","無","查詢"
"2337","旺宏","112/11/28","11:20","台北","本公司受邀參加元富證券舉辦之「2023年冬季產業投資論壇」，會中就本公司已公開資訊做說明。","233720231024M001.pdf","233720231024E001.pdf","https://www.macronix.com/zh-tw/about/investor-relations/Pages/quarterly-results.aspx",中文影音檔網址:2337_189_20231128_ch.mp4 ,"無","查詢"
"2337","旺宏","112/11/23","12:00","台北","本公司受邀參加花旗證券舉辦之「Taiwan Corporate Day」，會中就本公司已公開資訊做說明。","233720231024M001.pdf","233720231024E001.pdf","https://www.macronix.com/zh-tw/about/investor-relations/Pages/quarterly-results.aspx","","無","查詢"
"2337","旺宏","112/09/14","15:40","台北","本公司受邀參加永豐金證券舉辦之「2023年第三季投資論壇」，會中就本公司已公開資訊做說明。","233720230725M001.pdf","233720230725E001.pdf","https://www.macronix.com/zh-tw/about/investor-relations/Pages/quarterly-results.aspx","","無","查詢"
"2338","光罩","112/12/27","15:30","新竹縣竹北市光明五街210號4樓","本公司受邀參加福邦證券舉辦之法人說明會。","233820231227M001.pdf","233820231227E001.pdf","https://www.tmcnet.com.tw/",中文影音檔網址:2338_11_20231227_ch.MP4 ,"無。","查詢"
"2338","光罩","112/03/07","13:30","茹曦酒店(台北市松山區敦化北路100號)2樓會議室","本公司受邀參加國泰證券舉辦之「2023年國泰證券第一季產業論壇」","233820230307M001.pdf","233820230307E001.pdf","https://www.tmcnet.com.tw/","","無。","查詢"
"2340","台亞","112/07/26","15:00","新竹市東區建功二路28號9樓(新竹市立馬偕兒童醫院國際會議廳)","本公司舉辦財務業務概況座談會","234020230725M001.pdf","234020230725E001.pdf","https://www.tascsemi.com/investor-relations/shareholder-column/law-meeting/",同步收看網址：:https://youtube.com/live/x34wlsyG630?feature=share 法說會影音連結資訊:https://www.tascsemi.com/investor-relations/shareholder-column/law-meeting/ ,"無。","查詢"
"2342","茂矽","112/03/10","14:30","台灣證券交易所一樓資訊展示中心
(台北市信義路五段7號1樓)","說明公司111年營運狀況及未來展望","234220230310M001.pdf","234220230310E001.pdf","https://www.mosel.com.tw/investor_1.aspx",同步收看網址：:https://webpro.twse.com.tw/webportal/vod/101/F9531EE49DAB-64E06078-BF18-11ED-BD2C/?categoryId=101 法說會影音連結資訊:https://webpro.twse.com.tw/webportal/vod/101/F9531EE49DAB-64E06078-BF18-11ED-BD2C/?categoryId=101 ,"無","查詢"
"2344","華邦電","112/08/04","15:00","線上法說會","本公司舉行112年上半年度法人說明會，將於會中就公司112年上半年度財務數字與營運概況做說明","234420230804M001.pdf","234420230804E001.pdf","http://www.winbond.com/",同步收看網址：:https://wms.gridow.com/ir/winbond/winbond_1H23.html 法說會影音連結資訊:https://wms.gridow.com/ir/winbond/winbond_1H23.html ,"無","查詢"
"2344","華邦電","112/02/17","15:00","線上法說會","本公司舉行111年下半年度法人說明會，將於會中就公司111年下半年度財務數字與營運概況做說明","234420230217M001.pdf","234420230217E001.pdf","http://www.winbond.com/",同步收看網址：:https://wms.gridow.com/ir/winbond/winbond_2H22.html 法說會影音連結資訊:https://wms.gridow.com/ir/winbond/winbond_2H22.html ,"無","查詢"
"2345","智邦","112/11/17","15:00","線上會議","說明本公司之營運概況及財務相關資訊。","234520231116M001.pdf","234520231116E001.pdf","https://www.accton.com.tw/investor-conference/",法說會影音連結資訊:https://www.accton.com.tw/investor-conference/ ,"無","查詢"
"2347","聯強","112/11/09","14:00","台北市民生東路3段75號11樓，同步視訊","說明公司業務狀況","234720231109M001.pdf","234720231109E001.pdf","http://www.synnex-grp.com/tw","","無","查詢"
"2347","聯強","112/02/16","15:00","台北晶華酒店(台北市中山北路二段39巷3號)","說明公司業務狀況","234720230216M001.pdf","234720230216E001.pdf","http://www.synnex-grp.com/tw","","無","查詢"
"2347","聯強","112/05/11","14:00","台北市民生東路3段75號11樓，同步視訊","說明公司業務狀況","234720230511M001.pdf","234720230511E001.pdf","http://www.synnex-grp.com/tw","","無","查詢"
"2347","聯強","112/03/13","14:00","台北市民生東路3段75號11樓，同步視訊","說明公司業務狀況","234720230313M001.pdf","234720230313E001.pdf","http://www.synnex-grp.com/tw",中文影音檔網址:2347_45_20230313_ch.mp4 ,"無","查詢"
"2347","聯強","112/08/10","14:00","台北市民生東路3段75號11樓，同步視訊","說明公司業務狀況","234720230810M001.pdf","234720230810E001.pdf","http://www.synnex-grp.com/tw","","無","查詢"
"2348","海悅","112/11/14","14:30","台北市忠孝東路二段95號13樓(1301會議室)","112年第三季營運成果及未來展望","234820231115M001.pdf","234820231115E001.pdf","",法說會影音連結資訊:https://drive.google.com/file/d/1ZdE2Q6Sf_waqCsvptX2HmxthuSqZNYby/view?usp=sharing ,"無","查詢"
"2349","錸德","112/12/05","14:00","線上法人說明會","本公司受邀參加國票綜合證券線上法人說明會，說明本公司營運概況。","234920231205M001.pdf","234920231205E001.pdf","http://www.ritek.com.tw",中文影音檔網址:2349_10_20231205_ch.mp4 ,"無","查詢"
"2351","順德","112/05/30","09:30","香港","本公司受邀參加摩根士丹利證券於香港參加海外投資人會議「China Summit 2023」","235120230511M001.pdf","235120230511E001.pdf","http://www.sdi.com.tw","","無","查詢"
"2351","順德","112/06/01 至 112/06/08","13:00","6/1台北、6/7~6/8新加坡","1.受邀參加花旗證券舉辦之「 Citi Regional Tech Conference」。2.受邀參加野村證券訂於112/6/7-6/8於新加坡參加海外投資人會議。3.說明本公司營運概況","235120230511M001.pdf","235120230511E001.pdf","http://www.sdi.com.tw","","無","查詢"
"2351","順德","112/12/07","14:00","台北國泰證忠孝分公司","受邀參加國泰證券訂於112/12/7於台北國泰證忠孝分公司之投資人會議，說明本公司營運概況","235120231206M001.pdf","235120231206E001.pdf","http://www.sdi.com.tw","","無","查詢"
"2351","順德","112/03/07","11:00","台北茹曦酒店","本公司受邀參加國泰證券舉辦之第一季產業論壇","235120230306M001.pdf","235120230306E001.pdf","http://www.sdi.com.tw",法說會影音連結資訊:https://www.youtube.com/watch?v=ARLh4HwuXxQ ,"無","查詢"
"2351","順德","112/09/14","13:30","台北晶華酒店","受邀參加永豐金證券訂於112/9/14於台北晶華酒店參加投資人會議，說明本公司營運概況","235120230913M001.pdf","235120230913E001.pdf","http://www.sdi.com.tw","","無","查詢"
"2351","順德","112/03/14","11:00","台北君悅酒店","本公司受邀參加美銀證券(BofA Securities)舉辦之法說會-「 BofA Securities  2023 APAC TMT Conference」","235120230306M001.pdf","235120230306E001.pdf","http://www.sdi.com.tw","","無","查詢"
"2351","順德","112/06/26 至 112/06/28","16:30","歐洲地區","受邀參加永豐金證券訂於112/6/26-6/28於歐洲地區參加海外投資人會議，說明本公司營運概況","235120230511M001.pdf","235120230511E001.pdf","http://www.sdi.com.tw","","無","查詢"
"2351","順德","112/05/12","15:00","線上座談會","本公司受邀參加證交所與永豐金證券舉辦之線上法說會-「SinoPac x TWSE Taiwan Corporate Day 2023」","235120230511M001.pdf","235120230511E001.pdf","http://www.sdi.com.tw","","無","查詢"
"2352","佳世達","112/08/07","14:00","線上法說會","本公司2023年第二季財務結果及業務摘要","235220230807M001.pdf","235220230807E001.pdf","https://www.qisda.com/tw/investor/ir-activities",中文影音檔網址:2352_47_20230807_ch.mp4 ,"會議簡報檔及影音連結將於法人說明會後揭露於公開資訊觀測站","查詢"
"2352","佳世達","112/11/13","14:00","本公司基湖大樓(台北市內湖區基湖路16號)","本公司2023年第三季財務結果及業務摘要","235220231113M001.pdf","235220231113E001.pdf","https://www.qisda.com/tw/investor/ir-activities",法說會影音連結資訊:https://youtu.be/VRkD1nzJSHc ,"會議簡報檔及影音連結將於法人說明會後揭露於公開資訊觀測站","查詢"
"2352","佳世達","112/05/08","14:00","線上法說會","本公司2023年第一季財務結果及業務摘要","235220230508M001.pdf","235220230508E001.pdf","https://www.qisda.com/tw/investor/ir-activities",中文影音檔網址:2352_45_20230508_ch.mp4 ,"會議簡報檔及影音連結將於法人說明會後揭露於公開資訊觀測站","查詢"
"2352","佳世達","112/12/05","13:30","台北晶華酒店 （台北市中山區中山北路二段39巷3號）","本公司受邀參加元大證券舉辦之2023年第四季投資論壇，說明本公司營運成果。","235220231113M001.pdf","235220231113E001.pdf","https://www.qisda.com/tw/investor/ir-activities","","內容檔案與112/11/13召開之法人說明會相同，毋須重新上傳檔案。","查詢"
"2352","佳世達","112/11/22","14:00","台北晶華酒店
（台北市中山區中山北路二段39巷3號）","本公司受邀參加台新證券舉辦之2023年第四季全球投資論壇，說明本公司營運成果。","235220231113M001.pdf","235220231113E001.pdf","https://www.qisda.com/tw/investor/ir-activities",法說會影音連結資訊:https://youtu.be/12BqSJavVDc ,"內容檔案與112/11/13召開之法人說明會相同，毋須重新上傳檔案。","查詢"
"2352","佳世達","112/06/09","15:00","線上會議","本公司受邀參加台灣董事學會、臺灣證券交易所及安擘諮詢共同舉辦之2023線上外資論壇，說明本公司第一季營運成果。","235220230508M001.pdf","235220230508E001.pdf","https://www.qisda.com/tw/investor/ir-activities","","完整財務業務資訊請至公開資訊觀測站之法人說明會一覽表或法說會項目下查閱。","查詢"
"2352","佳世達","112/03/08","14:30","線上法說會","本公司2022年第四季財務結果及業務摘要","235220230308M001.pdf","235220230308E001.pdf","https://www.qisda.com/tw/investor/ir-activities",中文影音檔網址:2352_44_20230308_ch.mp4 ,"會議簡報檔及影音連結將於法人說明會後揭露於公開資訊觀測站","查詢"
"2352","佳世達","112/09/05","14:00","宏遠證券(台北市信義路四段236號7樓)","本公司受邀參加宏遠證券舉辦之未來趨勢產業投資論壇，說明本公司營運成果。","235220230807M001.pdf","235220230807E001.pdf","https://www.qisda.com/tw/investor/ir-activities","","完整財務業務資訊請至公開資訊觀測站之法人說明會一覽表或法說會項目下查閱。","查詢"
"2352","佳世達","112/08/30","13:30","台北市茹曦酒店(台北市松山區敦化北路100號)","本公司受邀參加群益金鼎證券舉辦之總經趨勢與電子產業論壇，說明本公司營運成果。","235220230807M001.pdf","235220230807E001.pdf","https://www.qisda.com/tw/investor/ir-activities","","完整財務業務資訊請至公開資訊觀測站之法人說明會一覽表或法說會項目下查閱。","查詢"
"2353","宏碁","112/11/08","14:45","Hyatt Taipei","本公司受邀參加麥格理證券於台北舉辦GLOBAL A.I. CONFERENCE，將於上述時間地點，向法人投資者就已公開發佈之財務數字、經營績效等相關資訊做說明。","235320231103M001.pdf","235320231103E001.pdf","http://www.acer-group.com","","無","查詢"
"2353","宏碁","112/11/08","16:30","美林證券 (台北市信義區信義路5段7號48樓)","本公司受邀參加美林證券舉辦法人說明會，將於上述時間地點，向法人投資者就已公開發佈之財務數字、經營績效等相關資訊做說明。","235320231103M002.pdf","235320231103E002.pdf","http://www.acer-group.com","","無","查詢"
"2353","宏碁","112/11/14 至 112/11/17","00:00","美國","本公司受美林證券邀請，參加其舉辦之海外路演，報告公司簡介與營運現況。將於上述時間地點，向法人投資者就已公開發佈之財務數字、經營績效等相關資訊做說明。","235320231103M003.pdf","235320231103E003.pdf","http://www.acer-group.com","","無","查詢"
"2353","宏碁","112/07/07","12:00","台北101金融大樓","本公司受邀參加摩根史坦利證券舉辦之Taiwan Discovery Forum: PC Symposium，將於上述時間地點，
向法人投資者就已公開發佈之財務數字、經營績效等相關資訊做說明。","235320230504M004.pdf","235320230504E004.pdf","http://www.acer-group.com","","無","查詢"
"2353","宏碁","112/03/30","16:00","線上法說會","本公司受邀參加群益證券舉辦之線上法說會，會中就宏碁已公開發佈之財務業務狀況進行說明。","235320230316M001.pdf","235320230316E001.pdf","http://www.acer-group.com","","無","查詢"
"2353","宏碁","112/03/17","14:00","台北君悅","本公司受邀參加美銀證券舉辦之法人說明會，會中就宏碁已公開發佈之財務業務狀況進行說明。","235320230316M002.pdf","235320230316E002.pdf","http://www.acer-group.com","","無","查詢"
"2353","宏碁","112/01/05","10:00","線上法說會","本公司受邀參加美銀證券舉辦之線上法說會，會中就宏碁已公開發佈之財務業務狀況進行說明。","235320221108M001.pdf","235320221108E001.pdf","http://www.acer-group.com","","無","查詢"
"2353","宏碁","112/05/31 至 112/06/01","09:00","W Hotel Taipei","本公司受邀參加花旗證券於台北舉辦Citi Regional Tech 
Conference，將於上述時間地點，向法人投資者就已公開發
佈之財務數字、經營績效等相關資訊做說明。","235320230504M001.pdf","235320230504E001.pdf","http://www.acer-group.com","","無","查詢"
"2353","宏碁","112/06/06","15:00","線上法說會","本公司受邀參加第一金證券舉辦第一金證券2023年6月線上投資座談會，將於上述時間地點，向法人投資者就已公開發佈之
財務數字、經營績效等相關資訊做說明。","235320230504M002.pdf","235320230504E002.pdf","http://www.acer-group.com","","無","查詢"
"2353","宏碁","112/06/07","15:00","臺北文創","本公司受邀參加元富證券於台北舉辦元富證券2023年夏季產業投資論壇，將於上述時間地點，向法人投資者就已公開發佈之財務數字、經營績效等相關資訊做說明。","235320230504M003.pdf","235320230504E003.pdf","http://www.acer-group.com","","無","查詢"
"2353","宏碁","112/06/14 至 112/06/16","09:00","UBS Securities Taipei","本公司受邀參加瑞銀證券於台北舉辦UBS Taiwan Corporate Day 2023，將於上述時間地點，向法人投資者就已公開發佈之財務數字、經營績效等相關資訊做說明。","235320230504M004.pdf","235320230504E004.pdf","http://www.acer-group.com","","無","查詢"
"2353","宏碁","112/05/16","14:30","宏碁大樓體驗中心(新北市汐止區新台五路一段88號1樓)","本公司受邀參加富邦證券法人說明會，將於上述時間地點，向法人投資者就已公開發佈之財務數字、經營績效等相關資訊做說明。","235320230504M004.pdf","235320230504E004.pdf","http://www.acer-group.com",法說會影音連結資訊:https://www.youtube.com/playlist?list=PLFrRw4VL9l15BDKOy8mmyWARhZX5sARVD ,"無","查詢"
"2354","鴻準","112/12/27","14:30","新北市土城區中央路四段53號","本公司受邀參加國泰證券舉辦之法人交流會說明本公司營運概況。","235420231227M001.pdf","235420231227E001.pdf","https://www.foxconntech.com.tw/investor-relations/investor-relations-activities/investor-conference/",中文影音檔網址:2354_13_20231227_ch.mp4 ,"無","查詢"
"2354","鴻準","112/03/16","13:00","台北君悅酒店","本公司受邀參加美銀美林舉辦之2023 APAC TMT Conference，說明本公司營運概況。","235420230315M001.pdf","235420230315E001.pdf","https://www.foxconntech.com.tw/investor-relations/investor-relations-activities/investor-conference/","","無","查詢"
"2355","敬鵬","112/11/15","14:00","康和綜合證券總公司B2會議室 台北市信義區基隆路一段176號B2","公司營運介紹及說明","235520231115M002.pdf","235520231115E002.pdf","https://www.chinpoon.com/data/uploads/MAH00061.mp4",法說會影音連結資訊:http://irconference.twse.com.tw/2355_7_20231115_ch.MP4 ,"無","查詢"
"2356","英業達","112/11/10","14:00","線上法說會","本公司受邀參加花旗證券第三季營運實績說明會，說明本公司營運概況","235620231110M001.pdf","235620231110E001.pdf","https://www.inventec.com","","無","查詢"
"2356","英業達","112/11/16","10:00","新加坡","本公司受邀參加 Morgan Stanley 22 Annual Asia Pacific Summit，說明本公司營運概況","235620231110M002.pdf","235620231110E002.pdf","https://www.inventec.com","","無","查詢"
"2356","英業達","112/11/23","10:00","W Hotel (台北市信義區忠孝東路五段10號)","本公司受邀參加Citi’s 2023 Taiwan Corporate Day，說明本公司營運概況","235620231110M003.pdf","235620231110E003.pdf","https://www.inventec.com","","無","查詢"
"2356","英業達","112/05/30","10:00","香港","本公司受邀參加Morgan Stanley China Summit，說明本公司營運概況","235620230523M002.pdf","235620230523E002.pdf","https://www.inventec.com","","無","查詢"
"2356","英業達","112/06/02","10:00","W hotel (台北市信義區忠孝東路五段10號)","本公司受邀參加 Citi Regional Tech Conference，說明本公司營運概況","235620230523M002.pdf","235620230523E002.pdf","https://www.inventec.com","","無","查詢"
"2356","英業達","112/08/15","14:00","線上會議","本公司受邀參加奔亞證券線上座談會，說明本公司營運概況","235620230815M001.pdf","235620230815E001.pdf","https://www.inventec.com","","無","查詢"
"2356","英業達","112/08/16","14:00","線上會議","本公司受邀參加康和證券線上座談會，說明本公司營運概況","235620230815M002.pdf","235620230815E002.pdf","https://www.inventec.com","","無","查詢"
"2356","英業達","112/08/18","14:00","線上會議","本公司受邀參加UBS舉辦之線上法人說明會，說明本公司營運概況","235620230815M004.pdf","235620230815E004.pdf","https://www.inventec.com","","無","查詢"
"2356","英業達","112/08/17","14:00","線上會議","本公司受邀參加凱基證券線上座談會，說明本公司營運概況","235620230815M003.pdf","235620230815E003.pdf","https://www.inventec.com","","無","查詢"
"2356","英業達","112/09/01","15:00","台北茹曦酒店 (台北市松山區敦化北路100號)","本公司受邀參加華南證券秋季論壇，說明本公司營運概況","235620230815M003.pdf","235620230815E003.pdf","https://www.inventec.com","","無","查詢"
"2356","英業達","112/12/13","11:00","維多利亞酒店 (Grand Victoria Hotel Taipei)","本公司受邀參加高盛科技論壇，說明本公司營運概況","235620231110M003.pdf","235620231110E003.pdf","https://www.inventec.com","","無","查詢"
"2356","英業達","112/02/21","10:00","W Hotel (台北市信義區忠孝東路五段10號)","說明本公司營運概況","235620221111M001.pdf","235620221111E001.pdf","https://www.inventec.com","","無","查詢"
"2356","英業達","112/09/04","14:00","台北文華東方酒店(台北市松山區敦化北路158號)","本公司受邀參加Morgan Stanley Taiwan AI Forum，說明本公司營運概況","235620230815M003.pdf","235620230815E003.pdf","https://www.inventec.com","","無","查詢"
"2356","英業達","112/09/05","10:00","Macquarie香港辦公室","本公司受邀參加Macquarie North Asia Technology Conference，說明本公司營運概況","235620230815M003.pdf","235620230815E003.pdf","https://www.inventec.com","","無","查詢"
"2356","英業達","112/09/07","14:00","台北香格里拉遠東國際大飯店B1 (台北市敦化南路二段201號)","本公司受邀參加國泰證券第三季論壇，說明本公司營運概況","235620230815M003.pdf","235620230815E003.pdf","https://www.inventec.com","","無","查詢"
"2356","英業達","112/09/11","10:00","倫敦","本公司受邀參加 BofA London NDR conference，說明本公司營運概況","235620230815M003.pdf","235620230815E003.pdf","https://www.inventec.com","","無","查詢"
"2356","英業達","112/09/12","10:00","倫敦","本公司受邀參加 UBS London NDR conference，說明本公司營運概況","235620230815M003.pdf","235620230815E003.pdf","https://www.inventec.com","","無","查詢"
"2356","英業達","112/09/19","10:00","台北W Hotel (台北市信義區忠孝東路五段10號)","本公司受邀參加Goldman Sachs Taiwan Corporate Day 2023，說明本公司營運概況","235620230815M003.pdf","235620230815E003.pdf","https://www.inventec.com","","無","查詢"
"2356","英業達","112/06/19","14:00","波士頓","本公司受邀參加 NDR Conference in Boston，說明本公司營運概況","235620230523M002.pdf","235620230523E002.pdf","https://www.inventec.com","","無","查詢"
"2356","英業達","112/06/15","10:00","紐約","本公司受邀參加 BofA Securities Asia Conference in New York，說明本公司營運概況","235620230523M002.pdf","235620230523E002.pdf","https://www.inventec.com","","無","查詢"
"2356","英業達","112/06/16","09:00","紐約","本公司受邀參加 Raymond James &amp; Associates Conference in New York，說明本公司營運概況","235620230523M002.pdf","235620230523E002.pdf","https://www.inventec.com","","無","查詢"
"2356","英業達","112/04/27","14:00","Morgan Stanley Taipei office (台北市信義區信義路五段7號台北101大樓83樓)","說明本公司營運概況","235620230314M004.pdf","235620230314E004.pdf","https://www.inventec.com","","無","查詢"
"2356","英業達","112/03/16","10:00","台北君悅飯店(台北市信義區松壽路2號)","本公司受邀參加 BOA 2023 APAC TMT Conference，說明本公司營運概況","235620230314M002.pdf","235620230314E002.pdf","https://www.inventec.com","","無","查詢"
"2356","英業達","112/03/20","14:00","UBS Taipei office (台北市信義區松仁路7號5樓)","本公司受邀參加UBS APAC Tech Tour，說明本公司營運概況","235620230314M003.pdf","235620230314E003.pdf","https://www.inventec.com","","無","查詢"
"2356","英業達","112/03/21","11:00","英業達台北公司(台北市士林區承德路四段166號)","本公司受邀參加Jefferies Asia Tech Tour，說明本公司營運概況","235620230314M004.pdf","235620230314E004.pdf","https://www.inventec.com","","無","查詢"
"2356","英業達","112/03/14","14:00","線上法說","本公司受邀參加凱基證券2022年第四季營運實績說明會","235620230314M001.pdf","235620230314E001.pdf","https://www.inventec.com",中文影音檔網址:2356_141_20230314_ch.mp4 ,"無","查詢"
"2356","英業達","112/11/30","10:00","台北君悅酒店 (台北市信義區松壽路2號3F)","本公司受邀參加富邦第四季投資論壇，說明本公司營運概況","235620231110M002.pdf","235620231110E002.pdf","https://www.inventec.com","","無","查詢"
"2356","英業達","112/08/24","16:00","台北101金融大樓 (台北市信義區信義路五段7號) 36樓","本公司受邀參加美銀美林證券舉辦之2023 BofA Taiwan Tech Tour，說明本公司營運概況","235620230815M003.pdf","235620230815E003.pdf","https://www.inventec.com","","無","查詢"
"2356","英業達","112/08/28","13:00","台北寒舍艾美酒店 (台北市信義區松仁路38號)","本公司受邀參加 JP Morgan 8th Annual Asia Tech Tour，說明本公司營運概況","235620230815M003.pdf","235620230815E003.pdf","https://www.inventec.com","","無","查詢"
"2356","英業達","112/08/30","10:00","台北君悅酒店 (台北市信義區松壽路2號)","本公司受邀參加HSBC Taiwan Executive Forum 2023，說明本公司營運概況","235620230815M003.pdf","235620230815E003.pdf","https://www.inventec.com","","無","查詢"
"2356","英業達","112/07/27","14:00","線上會議","本公司受邀參加 UBS所舉辦之Taiwan Corporate Day，說明本公司營運概況","235620230523M002.pdf","235620230523E002.pdf","https://www.inventec.com","","無","查詢"
"2357","華碩","112/08/11","16:00","本次為線上會議","1.說明112年第2季營運結果。 
2.報告品牌業務近況及公司願景。","235720230811M001.pdf","235720230811E001.pdf","https://www.asus.com/tw/Pages/Investor/",同步收看網址：:https://asia.webcast-eqs.com/asus23q2/tc 法說會影音連結資訊:未輸 ,"內容檔案於當日會後公告於公開資訊觀測站","查詢"
"2357","華碩","112/12/22","15:00","本次為線上會議","向法人說明產業狀況與本公司經營績效","235720231113M001.pdf","235720231113E001.pdf","https://www.asus.com/tw/Pages/Investor/",中文影音檔網址:2357_170_20231222_ch.mp4 ,"無","查詢"
"2357","華碩","112/11/13","16:00","本次為線上會議","1.說明112年第3季營運結果。 
2.報告品牌業務近況及公司願景。","235720231113M001.pdf","235720231113E001.pdf","https://www.asus.com/tw/Pages/Investor/",同步收看網址：:https://asia.webcast-eqs.com/asus23q3/tc 法說會影音連結資訊:https://asia.webcast-eqs.com/asus23q3/tc ,"內容檔案於當日會後公告於公開資訊觀測站","查詢"
"2357","華碩","112/05/12","16:00","本次為線上會議","1.說明112年第1季營運結果。 
2.報告品牌業務近況及公司願景。","235720230512M001.pdf","235720230512E001.pdf","https://www.asus.com/tw/Pages/Investor/",同步收看網址：:https://asia.webcast-eqs.com/asus23q1/tc 法說會影音連結資訊:https://asia.webcast-eqs.com/asus23q1/tc ,"內容檔案於當日會後公告於公開資訊觀測站","查詢"
"2357","華碩","112/03/10","16:00","本次為線上會議","1.說明111年第4季營運結果。
2.報告品牌業務近況及公司願景。","235720230310M001.pdf","235720230310E001.pdf","https://www.asus.com/tw/Pages/Investor/",同步收看網址：:https://asia.webcast-eqs.com/asus22q4/tc 法說會影音連結資訊:https://asia.webcast-eqs.com/asus22q4/tc ,"內容檔案於當日會後公告於公開資訊觀測站","查詢"
"2357","華碩","112/03/16","15:00","台北君悅飯店（台北市信義區松壽路2號）","向法人說明產業狀況與本公司經營績效","235720230310M001.pdf","235720230310E001.pdf","https://www.asus.com/tw/Pages/Investor/","","無","查詢"
"2357","華碩","112/02/21","13:00","台北君悅飯店（台北市信義區松壽路2號）","向法人說明產業狀況與本公司經營績效","235720221110M001.pdf","235720221110E001.pdf","http://tw.asus.com/investor.aspx","","無","查詢"
"2359","所羅門","112/11/28","15:00","統一綜合證券股份有限公司(線上法說)","本公司受邀參加統一綜合證券所舉辦之線上法說會","235920231128M001.pdf","235920231128E001.pdf","https://www.solomon.com.tw/%e8%82%a1%e6%9d%b1%e5%b0%88%e5%8d%80/#tab-id-4",中文影音檔網址:2359_9_20231128_ch.mp4 ,"報名請洽統一證郭小姐(02)2747-8266 #3784, Email:angeline.kuo@uni-psg.com","查詢"
"2360","致茂","112/11/13 至 112/11/16","09:00","(1)香港:112/11/13(2)新加坡:112/11/15-112/11/16","本公司受邀參加摩根大通證券舉辦之JPMorgan Global TMT Conference及摩根士丹利證券舉辦之Morgan Stanley Annual Asia Pacific Summit，向投資人說明本公司2023年第3季之營運概況。","236020231031M001.pdf","236020231031E001.pdf","http://www.chromaate.com","","無","查詢"
"2360","致茂","112/10/31","14:30","電話會議","(1)2023年第三季營運結果 (2)參加方式:請撥打電話並輸入密碼 電話:Taiwan: +886-2-2162-6306 密碼:9801031#","236020231031M001.pdf","236020231031E001.pdf","http://www.chromaate.com",法說會影音連結資訊:https://www.chromaate.com/tw/investors/quarterly_results ,"無","查詢"
"2360","致茂","112/06/01","09:00","W Hotel Taipei","本公司受邀參加花旗證券舉辦之Citi Regional Tech Conference，向投資人說明本公司2023年第1季之營運概況。","236020230427M001.pdf","236020230427E001.pdf","http://www.chromaate.com","","無","查詢"
"2360","致茂","112/11/09 至 112/11/10","09:00","澳門","本公司受邀參加花旗證券舉辦之Citi&#039;s China Investor Conference 2023，向投資人說明本公司2023年第3季之營運概況。","236020231031M001.pdf","236020231031E001.pdf","http://www.chromaate.com","","無","查詢"
"2360","致茂","112/04/27","15:00","電話會議","(1)2023年第一季營運結果 (2)參加方式:請撥打電話並輸入密碼 電話:Taiwan: +886-2-2162-6306 密碼:9901027#","236020230427M001.pdf","236020230427E001.pdf","http://www.chromaate.com",法說會影音連結資訊:https://www.chromaate.com/tw/investors/quarterly_results ,"無","查詢"
"2360","致茂","112/10/03","14:30","群益證券總部","本公司受邀參加群益證券舉辦之法人說明會，向投資人說明本公司2023年第2季之營運概況。","236020230731M001.pdf","236020230731E001.pdf","http://www.chromaate.com",法說會影音連結資訊:https://www.chromaate.com/tw/investors/quarterly_results ,"無","查詢"
"2360","致茂","112/03/15 至 112/03/16","09:00","台北君悅飯店","本公司受邀參加美銀證券舉辦之美林投資論壇，向投資人說明本公司2022年第4季之營運概況。","236020230223M001.pdf","236020230223E001.pdf","http://www.chromaate.com","","無","查詢"
"2360","致茂","112/09/06 至 112/09/08","21:00","(1)112/9/6~112/9/7:New York
(2)112/9/8:San Francisco","本公司受邀參加花旗證券舉辦之Citi&#039;s 2023 Global Technology Conference及San Francisco NDR，向投資人說明本公司2023年第2季之營運概況。","236020230731M001.pdf","236020230731E001.pdf","http://www.chromaate.com","","無","查詢"
"2360","致茂","112/08/31","09:00","台北君悅酒店","本公司受邀參加匯豐證券舉辦之HSBC Taiwan Executive Forum 2023，向投資人說明本公司2023年第2季之營運概況。","236020230731M001.pdf","236020230731E001.pdf","http://www.chromaate.com","","無","查詢"
"2360","致茂","112/01/05","10:00","電話會議","本公司受邀參加瑞士信貸舉辦之Greater China Technology and Internet Conference，向投資人說明本公司2022年第3季之營運概況。","236020221031M001.pdf","236020221031E001.pdf","http://www.chromaate.com","","無","查詢"
"2360","致茂","112/02/06 至 112/02/09","09:00","新加坡、香港","本公司受邀參加花旗證券舉辦之Citi NDR，向投資人說明本公司2022年第3季之營運概況。","236020221031M001.pdf","236020221031E001.pdf","http://www.chromaate.com","","無","查詢"
"2360","致茂","112/02/23","14:30","桃園市龜山區文茂路88號(本公司會議室)","2022年第四季營運結果","236020230223M001.pdf","236020230223E001.pdf","http://www.chromaate.com",法說會影音連結資訊:https://www.chromaate.com/tw/investors/quarterly_results ,"無","查詢"
"2360","致茂","112/07/31","14:30","桃園市龜山區文茂路88號(本公司會議室)","2023年第二季營運結果","236020230731M001.pdf","236020230731E001.pdf","http://www.chromaate.com",法說會影音連結資訊:https://www.chromaate.com/tw/investors/quarterly_results ,"報名信箱:jennifer@chroma.com.tw 簡瑞瑩處長","查詢"
"2360","致茂","112/09/18 至 112/09/19","09:00","W Hotel","本公司受邀參加高盛證券舉辦之Goldman Sachs Taiwan Corporate Day，向投資人說明本公司2023年第2季之營運概況。","236020230731M001.pdf","236020230731E001.pdf","http://www.chromaate.com","","無","查詢"
"2362","藍天","112/12/15","14:30","統一證券總公司B201會議室(台北市松山區東興路8號B2)","統一證券舉辦法人說明會 說明本公司財務及營運概況","236220231215M001.pdf","236220231215E001.pdf","https://www.clevo.com.tw/",中文影音檔網址:2362_38_20231215_ch.MP4 ,"本法說會於下午2:00即可開始進場","查詢"
"2362","藍天","112/06/14","14:30","統一證券總公司301會議室(台北市松山區東興路8號3樓)","統一證券舉辦法人說明會 說明本公司財務及營運概況","236220230614M001.pdf","236220230614E001.pdf","https://www.clevo.com.tw/","","本法說會於下午2:00即可開始進場","查詢"
"2362","藍天","112/09/07","14:30","統一證券總公司B202會議室(台北市松山區東興路8號B2)","統一證券舉辦法人說明會 說明本公司財務及營運概況","236220230907M001.pdf","236220230907E001.pdf","https://www.clevo.com.tw/","","本法說會於下午2:00即可開始進場","查詢"
"2362","藍天","112/03/22","14:30","統一證券總公司B202會議室(台北市松山區東興路8號B2)","統一證券舉辦法人說明會 說明本公司財務及營運概況","236220230322M001.pdf","236220230322E001.pdf","https://www.clevo.com.tw/","","本法說會於下午2:00即可開始進場","查詢"
"2363","矽統","112/12/14","14:00","線上法人說明會","本公司受邀參加由宏遠證券所舉辦之線上法人說明會。","236320231214M001.pdf","236320231214E001.pdf","https://www.sis.com/Finance_Stockholder.aspx",法說會影音連結資訊:https://www.sis.com/Finance_Stockholder.aspx ,"無","查詢"
"2364","倫飛","112/12/01","14:30","線上法人說明會","1.公司簡介 
2.營運概況 
3.財務報告 
4.Ｑ＆Ａ","236420231130M001.pdf","236420231130E001.pdf","",同步收看網址：:http://www.zucast.com/webcast/RMpOR9hs 法說會影音連結資訊:http://www.zucast.com/webcast/RMpOR9hs ,"無","查詢"
"2364","倫飛","112/08/25","14:30","線上法人說明會","1.公司簡介 2.營運概況 3.財務報告 4.Ｑ＆Ａ","236420230824M001.pdf","236420230824E001.pdf","",同步收看網址：:http://www.zucast.com/webcast/x4YuvZcY 法說會影音連結資訊:http://www.zucast.com/webcast/x4YuvZcY ,"無","查詢"
"2365","昆盈","112/05/18","14:30","新北市三重區重新路五段492號(本公司一樓會議室)","公司營運概況報告","236520230518M001.pdf","236520230518E001.pdf","http://tw.geniusnet.com/investor",法說會影音連結資訊:https://youtu.be/SuZnW0CCFbw ,"無","查詢"
"2365","昆盈","112/11/13","14:30","新北市三重區重新路五段492號(本公司一樓會議室)","公司營運概況報告","236520231113M001.pdf","236520231113E001.pdf","http://tw.geniusnet.com/investor",法說會影音連結資訊:https://youtu.be/L5oAsS4Zalg ,"無","查詢"
"2367","燿華","112/08/31","15:00","Webex線上會議","本公司受邀參加玉山證券舉辦之線上法人說明會，說明所屬產業概況及營運成果。
報名請洽玉山證，電話02-55561313分機6198、6195。","236720230831M001.pdf","236720230831E001.pdf","https://www.pcbut.com.tw/portal/inner-page.html?P=5&amp;SP=2",中文影音檔網址:2367_7_20230831_ch.mp4 ,"若因颱風停班影響，本公司原法人說明會時間順延至9/1星期五舉行。","查詢"
"2368","金像電","112/05/18","15:00","線上會議","本公司受邀參加大和國泰證券舉辦之線上說明會","236820230518M001.pptx","236820230518E001.pptx","https://www.gce.com.tw/legal.html","","無","查詢"
"2368","金像電","112/08/16","15:30","線上會議","本公司受邀參加美商高盛亞洲證券有限公司舉辦之線上說明會","236820230816M001.pdf","236820230816E001.pdf","https://www.gce.com.tw/legal.html","","無","查詢"
"2368","金像電","112/12/08","15:00","元大證券(台北市南京東路三段219號)","本公司受邀參加元大證券舉辦之法人說明會","236820231208M001.pdf","236820231208E001.pdf","https://www.gce.com.tw/legal.html",中文影音檔網址:2368_23_20231208_ch.mp4 ,"無","查詢"
"2368","金像電","112/03/13","14:00","線上會議","本公司受邀參加美商高盛亞洲證券有限公司舉辦之線上說明會","236820230313M001.pptx","236820230313E001.pptx","https://www.gce.com.tw/legal.html","","無","查詢"
"2369","菱生","112/12/01","14:00","中信南港金融園區B棟13樓1301會議室(台北市南港區經貿二路188號13樓)","本公司受邀參加中國信託綜合證券舉辦之法人說明會","236920231201M001.pdf","236920231201E001.pdf","",中文影音檔網址:2369_7_20231201_ch.MP4 ,"無","查詢"
"2371","大同","112/05/31","14:30","永豐金證券 台北市重慶南路一段2號22樓","本公司受邀參加永豐金證券之法人說明會，
說明本公司財務暨營運報告。
(報名資訊：永豐金證券 謝小姐E- mail:betty.hsieh@sinopac.com )","237120230531M001.pdf","237120230531E001.pdf","https://www.tatung.com/tw/info/corporate-report",中文影音檔網址:2371_20_20230531_ch.mp4 ,"相關財務業務資訊請至公開資訊觀測站及本公司網站查閱。","查詢"
"2371","大同","112/12/12","15:00","松菸台北文創大樓會議室
台北市信義區菸廠路88號6F","本公司受邀參加富邦證券之法人說明會，
說明本公司財務暨營運報告。
(報名資訊：
富邦證券法人業務處 許小姐 
02-2772-5938#67955
e-mail：
peichieh.hsu@fubon.com)","237120231212M001.pdf","237120231212E001.pdf","https://www.tatung.com/tw/info/corporate-report",中文影音檔網址:2371_21_20231212_ch.mp4 ,"相關財務業務資訊請至公開資訊觀測站及本公司網站查閱。","查詢"
"2373","震旦行","112/08/15","15:00","線上法說會","說明2023年上半年營運概況","237320230814M001.pdf","237320230814E001.pdf","https://www.aurora.com.tw/event-information",同步收看網址：:https://youtu.be/I-TK273TaHs 中文影音檔網址:2373_26_20230815_ch.mp4 ,"無","查詢"
"2373","震旦行","112/11/17","15:00","線上法說會","說明本公司2023年第三季營運概況","237320231114M001.pdf","237320231114E001.pdf","https://www.aurora.com.tw/event-information",中文影音檔網址:2373_27_20231117_ch.mp4 ,"無","查詢"
"2374","佳能","112/11/13","15:00","線上法人說明會","公司營運概況說明","237420231113M001.pdf","237420231113E001.pdf","http://www.abilitycorp.com.tw",同步收看網址：:http://www.zucast.com/webcast/48wsMtQw 法說會影音連結資訊:http://www.zucast.com/webcast/48wsMtQw ,"無。","查詢"
"2375","凱美","112/11/20","14:30","線上法人說明會-Webex","本公司受邀參加凱基證券舉辦之線上法人說明會,說明本公司營運概況","237520231120M001.pdf","237520231120E001.pdf","",中文影音檔網址:2375_7_20231120_ch.mp4 ,"無","查詢"
"2376","技嘉","112/05/25","14:00","線上法說會","本公司受邀參加國泰證券舉辦之線上法人說明會，就公司營運概況等說明。","237620230525M001.pdf","237620230525E001.pdf","https://www.gigabyte.com/tw/Investor/83",中文影音檔網址:2376_19_20230525_ch.mp4 ,"無，完整財務業務資訊請至公開資訊觀測站之法人說明會一覽表或法說會項目下查閱。","查詢"
"2376","技嘉","112/11/01","14:00","線上法說會","本公司收邀參加國泰證�麥|辦之線上法人說明會,就公司營運概況等說明","237620231101M001.pdf","237620231101E001.pdf","https://www.gigabyte.tw/investor/83","","無","查詢"
"2376","技嘉","112/09/04","09:00","台北文華東方酒店","本公司受邀參加Morgan Stanley舉辦之Taiwan AI Forum，就公司營運概況等說明。","237620230525M001.pdf","237620230525E001.pdf","https://www.gigabyte.com/tw/Investor/83","","無","查詢"
"2376","技嘉","112/03/15","10:00","台北君悅酒店","本公司受邀參加美銀證券舉辦之2023 APAC TMT 
Conference，會中就本公司已公開發布之財務數
字、經營績效等相關資訊作說明。","237620221117M001.pdf","237620221117E001.pdf","","","無","查詢"
"2376","技嘉","112/02/20","11:00","台北君悅酒店(台北市松壽路二號)","本公司受邀參加由JPMorgan所舉辦&quot;TAIWAN CEO-CFO Conference 2023&quot;, 說明本公司營運概況。","237620221117M001.pdf","237620221117E001.pdf","","","無","查詢"
"2376","技嘉","112/09/06 至 112/09/07","15:00","香港君悅酒店","技嘉受邀參加Jefferies與富邦舉辦之4th Annual Jefferies Asia Forum LIVE，就公司營運概況等說明。","237620230525M001.pdf","237620230525E001.pdf","https://www.gigabyte.com/tw/Investor/83","","無","查詢"
"2377","微星","112/03/15","14:00","網路直播","本公司將舉辦2022年第四季線上法人說明會，說明本公司營運狀況。 報名網址：https://www.irpro.co/webcast/index.php?eventid=38","237720230315M001.pdf","237720230315E001.pdf","https://tw.msi.com",同步收看網址：:https://www.irpro.co/webcast/index.php?eventid=38 法說會影音連結資訊:https://youtu.be/JHwe1Adji8s ,"無","查詢"
"2379","瑞昱","112/11/06 至 112/11/16","21:00","112/11/6-11/7 New York 
112/11/15-11/16 Singapore","公告本公司112年11月6日至112年11月7日參加HSBC舉辦之HSBC 12th Annual Asia Investor Forum及112年11月15日至112年11月16日參加Morgan Stanley舉辦之Twenty-First Annual Asia Pacific Summit，會中就公司營運及產業概況向投資機構做說明。","237920231018M001.pdf","237920231018E001.pdf","","","無","查詢"
"2379","瑞昱","112/11/13 至 112/11/14","09:00","112/11/13-112/11/14 Conrad Hotel,Hong Kong","公告本公司112年11月13日至112年11月14日參加J.P. Morgan舉辦之Global TMT Conference 2023，會中就公司營運及產業概況向投資機構做說明。","237920231018M001.pdf","237920231018E001.pdf","",法說會影音連結資訊:https://youtu.be/sGkTM2SxIN0 ,"無","查詢"
"2379","瑞昱","112/06/01","09:00","W Hotel Taipei","公告本公司112年6月1日參加花旗證券舉辦之Regional Tech Conference 2023，會中就公司營運及產業概況向投資機構做說明。","237920230517M001.pdf","237920230517E001.pdf","","","無","查詢"
"2379","瑞昱","112/06/05 至 112/06/13","21:00","6/5-6/8 USA, 6/7-6/8 Singapore, 6/13 Hong Kong","公告本公司112年6月5日至112年6月8日參加大和證券舉辦之Daiwa Investment Conference、112年6月7日至112年6月8日參加野村證券舉辦之Nomura Investment Forum Asia及112年6月13日參加瑞銀證券舉辦之UBS Future-Now APAC Conference，會中就公司營運及產業概況向投資機構做說明。","237920230517M001.pdf","237920230517E001.pdf","","","無","查詢"
"2379","瑞昱","112/09/07 至 112/09/13","14:00","9/7-9/8 Grand Hyatt Hong Kong
9/12-9/13 Rosewood Hong Kong","公告本公司112年9月7日至112年9月8日參加Jefferies&amp;富邦證券共同舉辦之Jefferies 4th Asia Forum及112年9月12日至112年9月13日參加里昂證券舉辦之30th CITIC CLSA Flagship Investors Forum，會中就公司營運及產業概況向投資機構做說明。","237920230818M001.pdf","237920230818E001.pdf","","","無","查詢"
"2379","瑞昱","112/09/19","09:00","W Hotel, Taipei","公告本公司112年9月19日參加高盛證券舉辦之Taiwan Corporate Day，會中就公司營運及產業概況向投資機構做說明。","237920230818M001.pdf","237920230818E001.pdf","","","無","查詢"
"2379","瑞昱","112/08/04","15:00","網路直播","瑞昱半導體將於8月4日(五)舉行2023年第2季線上法人說明會，下午3:00pm - 3:45pm為中文時段、3:45pm - 4:30pm為英文時段。請連結至以下直播網址：http://www.zucast.com/webcast/H3Bx9cpZ建議參與者於法說會前安裝或升級所需播放軟體，或至http://www.zucast.com/help 尋求技術支援。","237920230802M001.pdf","237920230802E001.pdf","https://www.realtek.com",同步收看網址：:http://www.zucast.com/webcast/H3Bx9cpZ 法說會影音連結資訊:https://www.realtek.com/zh-tw/investor-relations/ir-analysts-meeting/quarterly-earning-release (請輸入網址名稱(註)):https://www.realtek.com/en/investor-relations/analysts-meeting/quarterly-earning-release ,"無","查詢"
"2379","瑞昱","112/11/21 至 112/11/23","09:00","112/11/21 Shangri-La Far Eastern, Taipei
112/11/23 W Hotel, Taipei","公告本公司112年11月21日參加里昂證券舉辦之Taiwan Market Mover 2024 Access Day及112年11月23日參加花旗證券舉辦之Taiwan Corporate Day，會中就公司營運及產業概況向投資機構做說明。","237920231120M001.pdf","237920231120E001.pdf","","","無","查詢"
"2379","瑞昱","112/03/14 至 112/03/17","10:00","3/14 - 3/15 台北Grand Hyatt 飯店 
3/17 臺北文華東方酒店","公告本公司112年3月14日至3月15日參加美林證券(BofA)舉辦之2023 APAC TMT Conference及112年3月17日參加摩根史坦利(Morgan Stanley)舉辦之Titans of Taiwan Tech Trip，會中就公司營運及產業概況向投資機構做說明。","237920230310M001.pdf","237920230310E001.pdf","","","無","查詢"
"2379","瑞昱","112/02/21","09:00","台北Grand Hyatt飯店","公告本公司112年2月21日參加摩根大通(J.P. Morgan)舉辦之J.P. Morgan Taiwan CEO-CFO Conference，會中就公司營運及產業概況向投資機構做說明。","237920230119M001.pdf","237920230119E001.pdf","","","無","查詢"
"2379","瑞昱","112/10/03 至 112/10/04","09:00","IFC, Hong Kong","公告本公司112年10月3日及112年10月4日參加野村證券舉辦之Taiwan Corporate Day，會中就公司營運及產業概況向投資機構做說明。","237920230818M001.pdf","237920230818E001.pdf","","","無","查詢"
"2379","瑞昱","112/10/20","15:00","網路直播","瑞昱半導體將於112年10月20日(五)舉行2023年第3季線上法人說明會，下午3:00pm - 3:45pm為中文時段、3:45pm - 4:30pm為英文時段。請連結至以下直播網址：http://www.zucast.com/webcast/eSgVJYkV建議參與者於法說會前安裝或升級所需播放軟體，或至http://www.zucast.com/help 尋求技術支援。","237920231018M001.pdf","237920231018E001.pdf","https://www.realtek.com",同步收看網址：:http://www.zucast.com/webcast/eSgVJYkV 法說會影音連結資訊:https://www.realtek.com/zh-tw/investor-relations/ir-analysts-meeting/quarterly-earning-release 英文網址:https://www.realtek.com/en/investor-relations/analysts-meeting/quarterly-earning-release ,"無","查詢"
"2379","瑞昱","112/04/21","15:00","網路直播","瑞昱半導體將於4月21日(五)舉行2023年第1季線上法人說明會，下午3:00pm - 3:45pm為中文時段、3:45pm - 4:30pm為英文時段。請連結至以下直播網址：http://www.zucast.com/webcast/qqgn5LRX建議參與者於法說會前安裝或升級所需播放軟體，或至http://www.zucast.com/help 尋求技術支援。","237920230421M001.pdf","237920230421E001.pdf","https://www.realtek.com",同步收看網址：:http://www.zucast.com/webcast/qqgn5LRX 法說會影音連結資訊:https://www.realtek.com/zh-tw/investor-relations/ir-analysts-meeting/quarterly-earning-release 英文版:https://www.realtek.com/en/investor-relations/analysts-meeting/quarterly-earning-release ,"無","查詢"
"2379","瑞昱","112/08/31","09:00","Grand Hyatt Taipei","公告本公司112年8月31日參加匯豐證券舉辦之HSBC Taiwan Executive Forum，會中就公司營運及產業概況向投資機構做說明。","237920230818M001.pdf","237920230818E001.pdf","","","無","查詢"
"2379","瑞昱","112/03/20 至 112/03/21","15:00","3/20-3/21 Conrad Hong Kong","公告本公司112年3月20日及112年3月21日參加瑞士信貸(Credit Suisse)舉辦之Credit Suisse 26th Asian Investment Conference，會中就公司營運及產業概況向投資機構做說明。","237920230310M001.pdf","237920230310E001.pdf","","","無","查詢"
"2379","瑞昱","112/01/19","15:00","網路直播","瑞昱半導體將於1月19日(四)舉行111年第四季線上法人說明會，下午3:00pm - 3:45pm為中文時段、3:45pm - 4:30pm為英文時段。請連結至以下直播網址：http://www.zucast.com/webcast/sfVfaXMf。建議參與者於法說會前安裝或升級所需播放軟體，或至http://www.zucast.com/help 尋求技術支援。","237920230119M001.pdf","237920230119E001.pdf","https://www.realtek.com",同步收看網址：:http://www.zucast.com/webcast/sfVfaXMf 法說會影音連結資訊:https://www.realtek.com/zh-tw/investor-relations/ir-analysts-meeting/quarterly-earning-release 英文版 (2022 Q4):https://www.realtek.com/en/investor-relations/analysts-meeting/quarterly-earning-release ,"無","查詢"
"2379","瑞昱","112/01/05","09:00","線上法說會","公告本公司112年1月5日參加瑞士信貸(Credit Suisse)舉辦之9th Greater China Technology and Internet Conference，會中就公司營運及產業概況向投資機構做說明。","237920221118M001.pdf","237920221118E001.pdf","","","無","查詢"
"2379","瑞昱","112/05/23 至 112/05/24","09:00","5/23 St. Regis in Kuala Lumpur
5/24 Pan Pacific in Singapore","公告本公司112年5月23日及112年5月24日參加臺灣證券交易所及國泰證券共同舉辦之Taiwan Corporate day，會中就公司營運及產業概況向投資機構做說明。","237920230517M001.pdf","237920230517E001.pdf","","","無","查詢"
"2380","虹光","112/12/13","14:00","新竹縣新竹科學園區研新一路二十號","公司營運狀況說明","238020231213M001.pptx","238020231213E001.pptx","https://www.avision.com/tw/investor-relations/shareholder-services/",法說會影音連結資訊:https://www.avision.com/tw/investor-relations/shareholder-services/ ,"無","查詢"
"2382","廣達","112/09/14","13:30","台北晶華酒店","本公司受邀參加永豐金證券舉辦之2023年第三季投資論壇就本公司目前之營運概況，作回顧及展望說明","238220230811M001.pdf","238220230811E001.pdf","http://www.quantatw.com","","詳細資料請詳公開資訊觀測站及本公司網站。","查詢"
"2382","廣達","112/09/13","09:30","台北晶華酒店","本公司受邀參加元大證券舉辦之2023年第三季投資論壇就本公司目前之營運概況，作回顧及展望說明","238220230811M001.pdf","238220230811E001.pdf","http://www.quantatw.com","","詳細資料請詳公開資訊觀測站及本公司網站。","查詢"
"2382","廣達","112/09/19","09:00","台北W飯店","本公司受邀參加高盛證券所舉辦之Taiwan Corporate Day
就本公司目前之營運概況，作回顧及展望說明","238220230811M001.pdf","238220230811E001.pdf","http://www.quantatw.com","","詳細資料請詳公開資訊觀測站及本公司網站。","查詢"
"2382","廣達","112/09/01","13:00","&#29319;亞會議中心","本公司受邀參加富邦證券舉辦之富邦企業日就本公司目前之營運概況，作回顧及展望說明","238220230811M001.pdf","238220230811E001.pdf","http://www.quantatw.com","","詳細資料請詳公開資訊觀測站及本公司網站。","查詢"
"2382","廣達","112/09/06 至 112/09/07","09:00","香港君悅酒店","本公司受邀參加Jefferies Security舉辦之Jefferies 4th Asia Forum就本公司目前之營運概況，作回顧及展望說明","238220230811M001.pdf","238220230811E001.pdf","http://www.quantatw.com","","詳細資料請詳公開資訊觀測站及本公司網站。","查詢"
"2382","廣達","112/08/31","09:00","台北君悅酒店","本公司受邀參加匯豐證券舉辦之HSBC Taiwan Executive Forum 2023就本公司目前之營運概況，作回顧及展望說明","238220230811M001.pdf","238220230811E001.pdf","http://www.quantatw.com","","詳細資料請詳公開資訊觀測站及本公司網站。","查詢"
"2382","廣達","112/06/01","14:00","台北萬怡酒店","本公司受邀參加凱基證券舉辦之第二季投資論壇就本公司目前之營運概況，作回顧及展望說明","238220230511M001.pdf","238220230511E001.pdf","http://www.quantatw.com","","詳細資料請詳公開資訊觀測站及本公司網站。","查詢"
"2382","廣達","112/05/31","09:00","W Hote","本公司受邀參加花旗證券舉辦之&quot;Citi Regional Tech Conference&quot; 投資論壇就本公司目前之營運概況，作回顧及展望說明","238220230511M001.pdf","238220230511E001.pdf","http://www.quantatw.com","","詳細資料請詳公開資訊觀測站及本公司網站。","查詢"
"2382","廣達","112/11/10","15:00","線上會議","本公司受UBS邀請參加&quot;112年第三季營運成果線上說明會”","238220231110M002.pdf","238220231110E002.pdf","http://www.quantatw.com","","詳細資料請詳當日公開資訊觀測站及本公司網站。","查詢"
"2382","廣達","112/12/13","12:00","台北國泰萬怡酒店","本公司受邀參加中信證券所舉辦之投資論壇就本公司目前之營運概況，作回顧及展望說明","238220231110M002.pdf","238220231110E002.pdf","http://www.quantatw.com","","無","查詢"
"2382","廣達","112/12/05","09:00","台北晶華飯店","本公司受邀參加元大證券所舉辦之投資論壇就本公司目前之營運概況，作回顧及展望說明","238220231110M002.pdf","238220231110E002.pdf","http://www.quantatw.com","","無","查詢"
"2382","廣達","112/06/07","13:00","台北晶華酒店","本公司受邀參加永豐金證券舉辦之2023 Q2產業投資論壇就本公司目前之營運概況，作回顧及展望說明","238220230511M001.pdf","238220230511E001.pdf","http://www.quantatw.com","","詳細資料請詳公開資訊觀測站及本公司網站。","查詢"
"2382","廣達","112/05/11","14:00","線上電話會議","本公司受UBS邀請參加&quot;112年第一季營運成果線上電話說明會”","238220230511M001.pdf","238220230511E001.pdf","http://www.quantatw.com",英文影音檔網址:2382_175_20230511_en.mp3 ,"詳細資料請詳當日公開資訊觀測站及本公司網站。","查詢"
"2382","廣達","112/11/15 至 112/11/16","09:00","新加坡文華東方酒店","本公司受邀參加Morgan Stanley證券所舉辦之Annual Asia Pacific Summit就本公司目前之營運概況，作回顧及展望說明","238220230811M001.pdf","238220230811E001.pdf","http://www.quantatw.com","","詳細資料請詳公開資訊觀測站及本公司網站。","查詢"
"2382","廣達","112/11/22","09:00","台北W飯店","本公司受邀參加花旗證券所舉辦之Taiwan Corporate Day
就本公司目前之營運概況，作回顧及展望說明","238220230811M001.pdf","238220230811E001.pdf","http://www.quantatw.com","","詳細資料請詳公開資訊觀測站及本公司網站。","查詢"
"2382","廣達","112/06/14","09:00","UBS台北辦公室","本公司受邀參加UBS證券舉辦之Taiwan Corporate Day就本公司目前之營運概況，作回顧及展望說明","238220230511M001.pdf","238220230511E001.pdf","http://www.quantatw.com","","詳細資料請詳公開資訊觀測站及本公司網站。","查詢"
"2382","廣達","112/02/21","09:00","台北君悅酒店","本公司受邀參加J.P. Morgan所舉辦之&quot;Taiwan CEO-CFO Conference 2023 &quot; 投資論壇就本公司目前之營運概況，作回顧及展望說明","238220221111M003.pdf","238220221111E003.pdf","http://www.quantatw.com","","詳細資料請詳公開資訊觀測站及本公司網站。","查詢"
"2382","廣達","112/08/11","15:00","線上會議","本公司受花旗環球證券邀請參加&quot;112年第二季營運成果線上說明會”","238220230811M001.pdf","238220230811E001.pdf","http://www.quantatw.com","","詳細資料請詳當日公開資訊觀測站及本公司網站。","查詢"
"2383","台光電","112/10/31","14:00","線上法說會","112年第三季營運報告及說明112年第四季營運展望","238320231030M002.pdf","238320231030E002.pdf","http://www.emctw.com",中文影音檔網址:2383_161_20231031_ch.mp4 ,"無","查詢"
"2383","台光電","112/08/18","13:30","台北","本公司受邀參加摩根史坦利證券舉辦之投資人座談會","238320230801M001.pdf","238320230801E001.pdf","http://www.emctw.com","","無","查詢"
"2383","台光電","112/11/30","11:10","台北","本公司受邀參加富邦證券舉辦之「2023富邦投資論壇」","238320231115M001.pdf","238320231115E001.pdf","http://www.emctw.com",中文影音檔網址:2383_166_20231130_ch.mp4 ,"無","查詢"
"2383","台光電","112/12/05","10:50","台北","本公司受邀參加元大證券舉辦之「2023元大證券第四季投資論壇」","238320231115M001.pdf","238320231115E001.pdf","http://www.emctw.com","","無","查詢"
"2383","台光電","112/12/06","14:00","台北","本公司受邀參加統一證券舉辦之「2023 Q4 冬季投資論壇」","238320231115M001.pdf","238320231115E001.pdf","http://www.emctw.com","","無","查詢"
"2383","台光電","112/12/08","10:50","台北","本公司受邀參加國泰證券舉辦之「2023冬季特色產業座談」","238320231115M001.pdf","238320231115E001.pdf","http://www.emctw.com","","無","查詢"
"2383","台光電","112/11/22","10:00","台北","本公司受邀參加台灣匯立證券舉辦之「Taiwan Market Mover 2024 Access Day」","238320231115M001.pdf","238320231115E001.pdf","http://www.emctw.com","","無","查詢"
"2383","台光電","112/11/23","10:00","台北","本公司受邀參加花旗證券舉辦之「Citi’s 2023 Taiwan Corporate Day」","238320231115M001.pdf","238320231115E001.pdf","http://www.emctw.com","","無","查詢"
"2383","台光電","112/03/16","14:00","台北","本公司受邀參加 元富證券 舉辦之法人座談會","238320230301M001.pdf","238320230301E001.pdf","http://www.emctw.com","","無","查詢"
"2383","台光電","112/03/02","10:00","台北","本公司受邀參加統一證券舉辦之「2023Q1全球展望春季投資論壇」","238320230301M001.pdf","238320230301E001.pdf","http://www.emctw.com","","無","查詢"
"2383","台光電","112/06/09","10:50","台北晶華酒店","本公司受邀參加元大證券舉辦之「2023年第二季投資論壇」","238320230508M001.pdf","238320230508E001.pdf","http://www.emctw.com","","無","查詢"
"2383","台光電","112/06/07","11:15","臺北文創","本公司受邀參加元富證券舉辦之「2023年夏季產業投資論壇」","238320230508M001.pdf","238320230508E001.pdf","http://www.emctw.com","","無","查詢"
"2383","台光電","112/06/16","09:30","臺北","本公司受邀參加瑞銀證券舉辦之「UBS Taiwan Corporate Day」","238320230508M001.pdf","238320230508E001.pdf","http://www.emctw.com","","無","查詢"
"2383","台光電","112/06/06","11:15","台北茹曦酒店","本公司受邀參加統一證券舉辦之「2023 Q2 夏季投資論壇」","238320230508M001.pdf","238320230508E001.pdf","http://www.emctw.com","","無","查詢"
"2383","台光電","112/03/23","14:00","電話會議","本公司受邀參加玉山證券舉辦之線上法人座談會","238320230301M001.pdf","238320230301E001.pdf","http://www.emctw.com","","無","查詢"
"2383","台光電","112/09/05","11:00","台北","本公司受邀參加凱基證券舉辦之「2023第三季投資論壇」","238320230801M001.pdf","238320230801E001.pdf","http://www.emctw.com","","無","查詢"
"2383","台光電","112/09/06","14:00","台北","本公司受邀參加元富證券所舉辦之「2023秋季產業投資論壇」","238320230801M001.pdf","238320230801E001.pdf","http://www.emctw.com","","無","查詢"
"2383","台光電","112/08/29","11:00","台北","本公司受邀參加野村證券舉辦之「Nomura Asia Tech Tour
」","238320230801M001.pdf","238320230801E001.pdf","http://www.emctw.com","","無","查詢"
"2383","台光電","112/08/30","13:30","台北","本公司受邀參加群益金鼎證券舉辦之「2023年第三季投資論壇」","238320230801M001.pdf","238320230801E001.pdf","http://www.emctw.com","","無","查詢"
"2383","台光電","112/09/14","14:30","台北","本公司受邀參加永豐金證券所舉辦之「2023年第三季產業投資論壇」","238320230801M001.pdf","238320230801E001.pdf","http://www.emctw.com","","無","查詢"
"2383","台光電","112/08/02","14:00","電話會議","本公司受邀參加中國信託證券舉辦之線上法說","238320230801M001.pdf","238320230801E001.pdf","http://www.emctw.com","","無","查詢"
"2383","台光電","112/08/04","14:00","台北","本公司受邀參加華南永昌證券舉辦之投資人座談會","238320230801M001.pdf","238320230801E001.pdf","http://www.emctw.com","","無","查詢"
"2383","台光電","112/08/25","14:00","台北","本公司受邀參加台新證券舉辦之「台新2023年第三季全球投資論壇」","238320230801M001.pdf","238320230801E001.pdf","http://www.emctw.com","","無","查詢"
"2383","台光電","112/03/08","14:30","台北","本公司受邀參加元大證券舉辦之法人座談會","238320230301M001.pdf","238320230301E001.pdf","http://www.emctw.com","","無","查詢"
"2383","台光電","112/03/09","14:00","電話會議","本公司受邀參加第一金證券舉辦之3月台股線上論壇","238320230301M001.pdf","238320230301E001.pdf","http://www.emctw.com","","無","查詢"
"2383","台光電","112/03/03","14:30","台北","本公司受邀參加富邦證券舉辦之「Corporate day」","238320230301M001.pdf","238320230301E001.pdf","http://www.emctw.com","","無","查詢"
"2383","台光電","112/06/02","10:00","台北W Hotel","本公司受邀參加花旗證券舉辦之「Regional Tech Conference 2023」","238320230508M001.pdf","238320230508E001.pdf","http://www.emctw.com","","無","查詢"
"2383","台光電","112/11/17","09:15","台北","本公司受邀參加瑞銀證券舉辦之「Taiwan SMID Corporate Day (Tech) 2023」","238320231115M001.pdf","238320231115E001.pdf","http://www.emctw.com","","無","查詢"
"2383","台光電","112/11/21","11:00","台北","本公司受邀參加摩根史坦利證券舉辦之「Post AP Summit Taiwan Tech Trip」","238320231115M001.pdf","238320231115E001.pdf","http://www.emctw.com","","無","查詢"
"2383","台光電","112/05/05","14:00","電話會議","本公司受邀參加富邦證券舉辦之線上法人座談會","238320230504M001.pdf","238320230504E001.pdf","http://www.emctw.com","","無","查詢"
"2383","台光電","112/05/23","14:00","台北君悅酒店","本公司受邀參加台新證券舉辦之「台新2023年第二季全球投資論壇」","238320230508M001.pdf","238320230508E001.pdf","http://www.emctw.com","","無","查詢"
"2385","群光","112/08/30","15:00","茹曦酒店","公告本公司參加群益證券舉辦之2023年第三季投資論壇，會中向投資人說明本公司業務概況及未來前景","238520230807M001.pdf","238520230807E001.pdf","http://www.chicony.com","","無","查詢"
"2385","群光","112/06/01 至 112/06/02","10:00","W Hotel","公告本公司參加花旗證券舉辦之Regional Tech Conference 2023，會中向投資人說明本公司業務概況及未來前景","238520230509M001.pdf","238520230509E001.pdf","http://www.chicony.com","","無","查詢"
"2385","群光","112/11/03","15:00","台北市大安區敦化南路二段333號10樓","公告本公司參加國泰證券舉辦之會議，會中向投資人說明本公司3Q23業務概況及未來前景","238520231103M001.pdf","238520231103E001.pdf","http://www.chicony.com",同步收看網址：:https://www.chicony.com/chicony/tw/News/news_more/39/0/newscategories1 法說會影音連結資訊:https://www.chicony.com/chicony/tw/News/news_more/39/0/newscategories1 ,"無","查詢"
"2385","群光","112/10/31","09:00","Conrad Hong Kong","公告本公司參加由寬量國際主辦舉辦之14th Taiwan CEO Week，會中向投資人說明本公司業務概況及未來前景","238520230807M001.pdf","238520230807E001.pdf","http://www.chicony.com.tw/","","無","查詢"
"2385","群光","112/12/07","11:00","台北晶華酒店","公告本公司參加由凱基證券主辦舉辦之第四季論壇，會中向投資人說明本公司業務概況及未來前景","238520231103M001.pdf","238520231103E001.pdf","http://www.chicony.com/","","無","查詢"
"2385","群光","112/09/07","15:00","線上會議","公告本公司參加第一金證券舉辦之3Q23投資論壇，會中向投資人說明本公司業務概況及未來前景","238520230807M001.pdf","238520230807E001.pdf","http://www.chicony.com","","無","查詢"
"2385","群光","112/01/05","14:00","線上法說會","公告本公司參加Credit Suisse舉辦之Greater China Technology and Internet Conference，會中向投資人說明本公司業務概況及未來前景","238520221103M001.pdf","238520221103E001.pdf","http://www.chicony.com","","無","查詢"
"2385","群光","112/04/26 至 112/04/28","09:00","線上會議","公告本公司參加由寬量國際主辦舉辦之13th Taiwan CEO Week，會中向投資人說明本公司業務概況及未來前景","238520230308M001.pdf","238520230308E001.pdf","http://www.chicony.com.tw/","","無","查詢"
"2385","群光","112/03/15","13:00","君悅酒店","公告本公司參加美銀證券舉辦之2023年Asia Pacific Telecom, Media &amp; Technology Conference，會中向投資人說明本公司業務概況及未來前景","238520230308M001.pdf","238520230308E001.pdf","http://www.chicony.com","","無","查詢"
"2385","群光","112/05/09","15:30","台北市明水路700號","公告本公司參加凱基證券舉辦之會議，會中向投資人說明本公司1Q23業務概況及未來前景","238520230509M001.pdf","238520230509E001.pdf","http://www.chicony.com","","無","查詢"
"2385","群光","112/03/08","15:30","線上法說會","公告本公司參加凱基證券舉辦之線上會議，會中向投資人說明本公司4Q22業務概況及未來前景","238520230308M001.pdf","238520230308E001.pdf","http://www.chicony.com","","無","查詢"
"2385","群光","112/02/23","15:15","台北文創","公告本公司參加元富證券舉辦之2023年春季產業投資論壇，會中向投資人說明本公司業務概況及未來前景","238520221103M001.pdf","238520221103E001.pdf","http://www.chicony.com","","無","查詢"
"2385","群光","112/08/07","15:30","台北市大安區仁愛路四段169號2樓","公告本公司參加富邦證券舉辦之會議，會中向投資人說明本公司2Q23業務概況及未來前景","238520230807M001.pdf","238520230807E001.pdf","http://www.chicony.com","","無","查詢"
"2387","精元","112/12/15","14:00","線上法說會","精元電腦(2387) 2023年第四季線上法人說明會","238720231211M001.pptx","238720231211E001.pptx","http://www.sunrex.com.tw/conference.php",中文影音檔網址:2387_9_20231215_ch.mp4 ,"無","查詢"
"2388","威盛","112/11/10","14:30","線上法說會。 
報名網址：https://forms.gle/r9q6r92zQH3mUdBs8","受邀參加群益金鼎證券舉辦之法人說明會，說明本公司營運成果及未來展望。","238820231110M001.pdf","238820231110E001.pdf","https://www.viatech.com/tw/company-overview-tw/investor-relations/corporate-governance/",中文影音檔網址:2388_8_20231110_ch.mp4 ,"法說會資料將依規定於會後上傳。","查詢"
"2390","云辰","112/12/22","14:30","線上法說會","本公司受邀參加群益金鼎證券舉辦之線上法說會,說明本公司之財務業務概況","239020231222M001.pdf","239020231222E001.pdf","",中文影音檔網址:2390_7_20231222_ch.mp4 ,"無","查詢"
"2392","正崴","112/11/23","14:00","福邦證券（台北市忠孝西路一段6號7樓)","本公司營運狀況及未來展望說明","239220231123M001.pdf","239220231123E001.pdf","https://www.foxlink.com/web/",中文影音檔網址:2392_11_20231123_ch.mp4 ,"無","查詢"
"2392","正崴","112/09/22","14:00","福邦證券（台北市忠孝西路一段6號7樓)","本公司營運狀況及未來展望說明","239220230922M001.pdf","239220230922E001.pdf","https://www.foxlink.com/",法說會影音連結資訊:未輸 ,"無","查詢"
"2392","正崴","112/03/23","14:00","福邦證券（台北市忠孝西路一段6號7樓B會議室)","本公司營運狀況及未來展望說明","239220230323M001.pdf","239220230323E001.pdf","https://www.foxlink.com/","","無","查詢"
"2392","正崴","112/06/21","14:00","福邦證券（台北市忠孝西路一段6號7樓)","本公司營運狀況及未來展望說明","239220230621M001.pptx","239220230621E001.pptx","https://www.foxlink.com/",法說會影音連結資訊:未輸 ,"無","查詢"
"2393","億光","112/12/28","14:30","線上法說會","本公司受邀參加統一綜合證券所舉辦之線上法說會。","239320231228M001.pdf","239320231228E001.pdf","","","無","查詢"
"2393","億光","112/03/29","14:30","線上法說會","本公司將參加凱基證券所舉辦之線上法說會。","239320230329M001.pdf","239320230329E001.pdf","",中文影音檔網址:2393_35_20230329_ch.mp4 ,"無","查詢"
"2395","研華","112/06/02","11:00","W Hotel Taipei","本公司將受邀參加”花旗證券舉辦之Regional Tech Conference 2023”，會中就本公司112年第一季之財務數字、經營績效等資訊做相關說明。","239520230510M002.pdf","239520230510E002.pdf","https://www.advantech.com/zh-tw/investor/investor-events","","無","查詢"
"2395","研華","112/08/02","14:00","研華內湖辦公室 (台北市內湖區瑞光路26巷20弄1號)","(1) 公布本公司112年第二季暨上半年營運成果，
(2) 參加方式：請參見
報名方式: https://advt.ch/2Q2023InvestorConference","239520230802M001.pdf","239520230802E001.pdf","https://www.advantech.com/zh-tw/investor/investor-events",同步收看網址：:https://zoom.us/j/2192781821?pwd=eWdQemVjN0lSSkZCUC9wZjFONWtLZz09 法說會影音連結資訊:https://www.advantech.com/zh-tw/resources/video/研華科技2023年第二季法人說明會 ,"無","查詢"
"2395","研華","112/11/23","09:00","台北市香格里拉遠東大酒店","本公司將受邀參加台灣匯立證券舉辦之「CLST Taiwan Market Mover 2024」，會中就本公司112年第三季之財務數字、經營績效等資訊做相關說明。","239520231101M001.pdf","239520231101E001.pdf","https://www.advantech.com/zh-tw/investor/investor-events","","無","查詢"
"2395","研華","112/03/01","14:00","線上法說會","(1) 公布本公司2022年第4季財務報告及2023年第1季業績展望。
(2) 參加方式：請參見
https://advt.ch/4Q2022-Investors-Meeting","239520230510M001.pdf","239520230510E001.pdf","https://www.advantech.com/zh-tw/investor/investor-events",法說會影音連結資訊:https://www.advantech.com/zh-tw/resources/video/研華科技2022年第四季法人說明會 (請輸入網址名稱(註)):https://www.advantech.com/en/resources/video/advantech-4q-2022-investors-meeting ,"無","查詢"
"2395","研華","112/05/03","15:30","線上會議","本公司受邀參加Morgan Stanley主辦之線上會議，就本公司112年第一季之財務數字、經營績效等資訊做相關說明。","239520230510M002.pdf","239520230510E002.pdf","https://www.advantech.com/zh-tw/investor/investor-events",法說會影音連結資訊:https://advantech.wistia.com/medias/9w6kpuchff ,"無","查詢"
"2395","研華","112/11/01","15:30","線上會議","本公司受邀參加Citi花旗證券主辦之線上會議，就本公司112年第三季之財務數字、經營績效等資訊做相關說明。","239520231101M001.pdf","239520231101E001.pdf","https://www.advantech.com/zh-tw/investor/investor-events",法說會影音連結資訊:https://www.advantech.com/en/resources/video/advantech-3q-2023-investors-meeting ,"無","查詢"
"2395","研華","112/03/15","14:00","台北君悅酒店","本公司將受邀參加”BofA Securities 2023 APAC TMT Conference”美銀證券科技論壇，會中就本公司111年第四季之財務數字、經營績效等資訊做相關說明。","239520230510M001.pdf","239520230510E001.pdf","https://www.advantech.tw/investor/events","","無","查詢"
"2395","研華","112/01/06","09:00","線上會議","本公司將受邀參加瑞士信貸「9th Greater China Technology and Internet Conference」，會中就本公司111年第三季之財務數字、經營績效等資訊做相關說明。","239520221102M001.pdf","239520221102E001.pdf","https://www.advantech.tw/investor/events","","無","查詢"
"2397","友通","112/11/15","14:00","線上法人說明會","說明本公司112年第三季之財務營運概況","239720231115M001.pdf","239720231115E001.pdf","https://www.dfi.com/tw/investorconference",中文影音檔網址:2397_16_20231115_ch.mp4 ,"會議簡報檔及影音連結將於法人說明會後揭露於公開資訊觀測站","查詢"
"2397","友通","112/05/10","14:00","線上法人說明會","說明本公司112年第一季之財務營運概況","239720230510M002.pdf","239720230510E002.pdf","https://www.dfi.com/tw/investorconference",中文影音檔網址:2397_14_20230510_ch.mp4 ,"無","查詢"
"2397","友通","112/03/13","14:00","線上法人說明會","說明本公司111年第四季之財務營運概況","239720230313M001.pdf","239720230313E001.pdf","https://www.dfi.com/tw/investorconference",中文影音檔網址:2397_13_20230313_ch.mp4 ,"無","查詢"
"2397","友通","112/08/10","14:00","線上法人說明會","說明本公司112年第二季之財務營運概況","239720230810M001.pdf","239720230810E001.pdf","https://www.dfi.com/tw/investorconference",中文影音檔網址:2397_15_20230810_ch.mp4 ,"無","查詢"
"2399","映泰","112/10/27","14:30","福邦證券總公司(台北市忠孝西路一段6號7樓)","受邀參加福邦證券舉辦之法人說明會，就本公司已公開之財務業務資訊作說明。","239920231026M001.pdf","239920231026E001.pdf","",中文影音檔網址:2399_7_20231027_ch.MP4 ,"無","查詢"
"2401","凌陽","112/08/16","14:00","福邦證券總公司(台北市忠孝西路一段6號7樓)","福邦證券邀請凌陽集團聯合法人說明會，說明2023年第二季之財務及營運狀況","240120230816M001.pdf","240120230816E001.pdf","www.sunplus.com",中文影音檔網址:2401_47_20230816_ch.MP4 ,"無","查詢"
"2401","凌陽","112/12/05","15:00","台北晶華酒店(台北市中山北路二段39巷3號) 4F","本公司受邀參加元大證券第四季投資論壇，說明本公司營運概況。","240120231205M001.pdf","240120231205E001.pdf","http://www.sunplus.com",中文影音檔網址:2401_48_20231205_ch.mp4 ,"無","查詢"
"2402","毅嘉","112/10/20","14:30","兆豐證券大樓（台北市忠孝東路二段95號13樓1301會議室）","本公司受邀參加兆豐證券舉辦之法人說明會，說明本公司之財務、營運及業務相關資訊。","240220231020M001.pdf","240220231020E001.pdf","www.ichia.com",中文影音檔網址:2402_25_20231020_ch.mp4 ,"無。","查詢"
"2404","漢唐","112/06/15","14:30","宏遠證券總公司703會議廳 (台北市大安區信義路四段236號7樓)","應宏遠證券邀請舉辦法人說明會，會中將說明公司財務及業務相關資訊","240420230615M002.pptx","240420230615E002.pptx","http://www.uisco.com.tw",法說會影音連結資訊:https://www.uisco.com.tw/112introduction.htm ,"相關資訊將依規定揭露於公開資訊觀測站","查詢"
"2405","輔信","112/12/07","14:30","線上法人說明會","本公司受邀參加凱基證券所舉辦之線上法&#12040;說明會","240520231207M001.pdf","240520231207E001.pdf","https://tw1.shuttle.com/Investors?location_code=TW",法說會影音連結資訊:https://youtu.be/ENah9T1gY-Y ,"無","查詢"
"2406","國碩","112/11/22","14:30","線上法說會","本公司受邀參加統一證券舉辦之線上法人說明會","240620231122M001.pdf","240620231122E001.pdf","http://www.gigastorage.com.tw/investors_investor.aspx",中文影音檔網址:2406_9_20231122_ch.mp4 ,"無","查詢"
"2408","南亞科","112/08/30","10:00","台北茹曦酒店","本公司財務業務相關資訊說明","240820230824M001.pdf","240820230824E001.pdf","https://www.nanya.com","","本公司受邀參加群益金鼎證券舉辦之2023年第三季投資論壇","查詢"
"2408","南亞科","112/08/30","14:00","台北君悅酒店","本公司財務業務相關資訊說明","240820230824M001.pdf","240820230824E001.pdf","https://www.nanya.com","","本公司受邀參加匯豐證券舉辦之HSBC Taiwan Executive Forum 2023","查詢"
"2408","南亞科","112/07/10","15:00","線上法說會","2023年第2季營運狀況說明","240820230710M001.pdf","240820230710E001.pdf","https://www.nanya.com",法說會影音連結資訊:https://www.nanya.com/tw/IR/13/Investor Calendar?Year=2023 ,"無","查詢"
"2408","南亞科","112/11/10","11:00","台北君悅酒店","本公司財務業務相關資訊說明","240820231109M001.pdf","240820231109E001.pdf","https://www.nanya.com","","本公司受邀參加Macquarie舉辦之Global AI Conference","查詢"
"2408","南亞科","112/11/22","09:00","台北W飯店","本公司財務業務相關資訊說明","240820231109M001.pdf","240820231109E001.pdf","https://www.nanya.com","","本公司受邀參加Citi’s Taiwan Corporate Day","查詢"
"2408","南亞科","112/12/07","09:40","台北晶華酒店","本公司財務業務相關資訊說明","240820231109M001.pdf","240820231109E001.pdf","https://www.nanya.com","","本公司受邀參加凱基證券第四季投資論壇","查詢"
"2408","南亞科","112/12/05","09:30","台北晶華酒店","本公司財務業務相關資訊說明","240820231109M001.pdf","240820231109E001.pdf","https://www.nanya.com","","本公司受邀參加元大證券投資論壇","查詢"
"2408","南亞科","112/11/29","10:00","臺北文創","本公司財務業務相關資訊說明","240820231109M001.pdf","240820231109E001.pdf","https://www.nanya.com",法說會影音連結資訊:https://www.nanya.com/tw/IR/13/Investor Calendar?Year=2023 ,"本公司受邀參加元富證券投資論壇","查詢"
"2408","南亞科","112/09/04 至 112/09/05","12:45","線上法說會","本公司財務業務相關資訊說明","240820230901M001.pdf","240820230901E001.pdf","https://www.nanya.com","","本公司受邀參加Macquarie舉辦之North Asia Technology Conference","查詢"
"2408","南亞科","112/09/04 至 112/09/05","14:00","Macquarie香港辦公室","本公司財務業務相關資訊說明","240820230901M001.pdf","240820230901E001.pdf","https://www.nanya.com","","本公司受邀參加Macquarie舉辦之North Asia Technology Conference","查詢"
"2408","南亞科","112/06/16","08:30","UBS台北辦公室","本公司財務業務相關資訊說明","240820230531M001.pdf","240820230531E001.pdf","https://www.nanya.com","","本公司受邀參加UBS舉辦之Taiwan Corporate Day","查詢"
"2408","南亞科","112/04/11","15:00","線上法說會","2023年第1季營運狀況說明","240820230411M001.pdf","240820230411E001.pdf","https://www.nanya.com",法說會影音連結資訊:https://www.nanya.com/tw/IR/13/Investor Calendar?Year=2023 ,"無","查詢"
"2408","南亞科","112/10/11","15:00","線上法說會","2023年第3季營運狀況說明","240820231011M001.pdf","240820231011E001.pdf","https://www.nanya.com",法說會影音連結資訊:https://www.nanya.com/tw/IR/13/Investor Calendar?Year=2023 ,"無","查詢"
"2408","南亞科","112/03/14","09:00","台北君悅酒店","本公司財務業務相關資訊說明","240820230303M001.pdf","240820230303E001.pdf","https://www.nanya.com","","本公司受邀參加美銀證券舉辦之2023 APAC TMT Conference","查詢"
"2408","南亞科","112/03/10","09:15","本公司會議室","本公司財務業務相關資訊說明","240820230303M001.pdf","240820230303E001.pdf","https://www.nanya.com","","本公司受邀參加Credit Suisse舉辦之Taiwan Tech Tour","查詢"
"2408","南亞科","112/08/25","14:00","台北晶華酒店","本公司財務業務相關資訊說明","240820230824M001.pdf","240820230824E001.pdf","https://www.nanya.com","","本公司受邀參加台新證券舉辦之台新2023年第三季全球投資論壇","查詢"
"2408","南亞科","112/06/01","09:00","台北W飯店","本公司財務業務相關資訊說明","240820230531M001.pdf","240820230531E001.pdf","https://www.nanya.com","","本公司受邀參加Citi舉辦之Regional Tech Conference","查詢"
"2408","南亞科","112/02/21","09:00","台北君悅酒店","本公司財務業務相關資訊說明","240820230220M001.pdf","240820230220E001.pdf","https://www.nanya.com","","本公司受邀參加J.P. Morgan舉辦之Taiwan CEO-CFO Conference","查詢"
"2408","南亞科","112/01/10","15:00","線上法說會","2022年第4季營運狀況說明","240820230110M001.pdf","240820230110E001.pdf","https://www.nanya.com",法說會影音連結資訊:https://www.nanya.com/tw/IR/13/Investor Calendar?Year=2023 ,"無","查詢"
"2408","南亞科","112/11/16","09:15","UBS台北辦公室","本公司財務業務相關資訊說明","240820231109M001.pdf","240820231109E001.pdf","https://www.nanya.com","","本公司受邀參加UBS Taiwan SMID Corporate Day","查詢"
"2409","友達","112/10/31","14:00","線上法說會","112年第三季線上法人說明會。","240920231031M001.pdf","240920231031E001.pdf","https://auo.com/zh-TW/Investor_Conference/index",中文影音檔網址:2409_164_20231031_ch.mp4 ,"影音資訊於當日會後上傳","查詢"
"2409","友達","112/04/27","14:00","線上法說會","112年第一季線上法人說明會。","240920230427M001.pdf","240920230427E001.pdf","https://auo.com/zh-TW/Investor_Conference/index",中文影音檔網址:2409_161_20230427_ch.mp4 ,"影音資訊於當日會後上傳","查詢"
"2409","友達","112/07/26","14:00","線上法說會","112年第二季線上法人說明會。","240920230726M001.pdf","240920230726E001.pdf","https://auo.com/zh-TW/Investor_Conference/index",中文影音檔網址:2409_162_20230726_ch.mp4 ,"影音資訊於當日會後上傳","查詢"
"2409","友達","112/05/31","10:00","台北W飯店(台北市信義區忠孝東路五段10號)","公告本公司將參加花旗證券舉辦之「Regional Tech Investor Conference 2023」，就112年第一季法說會之內容說明公司營運與財務概況。","240920230208M001.pdf","240920230208E001.pdf","https://auo.com/zh-TW/Investor_Conference/index","","無","查詢"
"2409","友達","112/09/07","13:30","台北香格里拉遠東國際大飯店B1 (台北市敦化南路二段201號)","公告本公司將參加國泰證券所舉辦之第三季論壇，就112年第二季法說會之內容說明公司營運與財務概況。","240920230726M001.pdf","240920230726E001.pdf","https://auo.com/zh-TW/Investor_Conference/index",法說會影音連結資訊:https://youtu.be/0jmia9esm40 ,"影音資訊於會後上傳","查詢"
"2409","友達","112/02/08","14:00","台北六福萬怡酒店七樓超新星宴會廳
(台北市南港區忠孝東路七段359號)","111年第四季法人說明會","240920230208M001.pdf","240920230208E001.pdf","https://auo.com/zh-TW/Investor_Conference/index",中文影音檔網址:2409_157_20230208_ch.mp4 ,"影音資訊於當日會後上傳","查詢"
"2409","友達","112/03/13 至 112/03/17","08:00","新加坡及倫敦","本公司將參加Morgan Stanley舉辦之「Non-Deal Roadshow」，就111年第四季法說會之內容說明公司營運與財務概況。","240920230208M001.pdf","240920230208E001.pdf","https://auo.com/zh-TW/Investor_Conference/index","","無","查詢"
"2409","友達","112/03/14","09:00","台北君悅酒店(台北市信義區松壽路2號)","公告本公司將參加BofA Securities舉辦之「2023 APAC TMT Conference」，就111年第四季法說會之內容說明公司營運與財務概況。","240920230208M001.pdf","240920230208E001.pdf","https://auo.com/zh-TW/Investor_Conference/index","","無","查詢"
"2412","中華電","112/08/08","15:00","電話會議","112年第2季營運成果資料於法人說明會當日14:30後至https://www.cht.com.tw/chtir下載","241220230808M001.pdf","241220230808E001.pdf","https://www.cht.com.tw/chtir",同步收看網址：:https://www.cht.com.tw/chtir 法說會影音連結資訊:https://www.cht.com.tw/chtir ,"電話會議時間15:00~16:00","查詢"
"2412","中華電","112/07/19 至 112/07/20","21:00","美國紐約","本次會議由摩根大通(JPMorgan)舉辦","241220230706M001.pdf","241220230706E001.pdf","http://www.cht.com.tw/chtir","","本次會議於美國紐約時間7/19~7/20上午9:00舉行","查詢"
"2412","中華電","112/05/18","08:00","東京","本次會議由野村證券(Nomura)舉辦","241220230516M001.pdf","241220230516E001.pdf","http://www.cht.com.tw/chtir","","無","查詢"
"2412","中華電","112/05/09","16:00","電話會議","112年第1季營運成果資料於法人說明會當日14:30後至https://www.cht.com.tw/chtir下載","241220230509M001.pdf","241220230509E001.pdf","https://www.cht.com.tw/chtir",同步收看網址：:https://www.cht.com.tw/chtir 法說會影音連結資訊:https://www.cht.com.tw/chtir ,"電話會議時間16:00~17:00","查詢"
"2412","中華電","112/11/02","15:00","電話會議","112年第3季營運成果資料於法人說明會當日14:30後至
https://www.cht.com.tw/chtir下載","241220231102M001.pdf","241220231102E001.pdf","https://www.cht.com.tw/chtir",同步收看網址：:https://www.cht.com.tw/chtir 法說會影音連結資訊:https://www.cht.com.tw/chtir ,"電話會議時間15:00~16:00","查詢"
"2412","中華電","112/02/20 至 112/02/21","09:00","台北","會議由摩根大通(JPMorgan)主辦","241220230213M001.pdf","241220230213E001.pdf","http://www.cht.com.tw/chtir","","無","查詢"
"2412","中華電","112/02/02","15:00","電話會議","111年第4季營運成果資料於法人說明會當日14:30後至https://www.cht.com.tw/chtir下載","241220230202M002.pdf","241220230202E002.pdf","https://www.cht.com.tw/chtir",同步收看網址：:https://www.cht.com.tw/chtir 法說會影音連結資訊:https://www.cht.com.tw/chtir ,"電話會議時間15:00~16:00","查詢"
"2412","中華電","112/10/13","14:00","電話會議","本次會議由合作金庫證券舉辦","241220231011M001.pdf","241220231011E001.pdf","http://www.cht.com.tw/chtir",中文影音檔網址:2412_203_20231013_ch.mp3 ,"無","查詢"
"2412","中華電","112/03/14","17:00","台北","會議由美銀證券(BofA Securities)主辦","241220230308M001.pdf","241220230308E001.pdf","http://www.cht.com.tw/chtir","","無","查詢"
"2412","中華電","112/06/12","09:00","香港","本次會議由UBS舉辦","241220230602M001.pptx","241220230602E001.pptx","http://www.cht.com.tw/chtir","","無","查詢"
"2413","環科","112/11/09","15:00","台中市工業區27路2號(5F會議廳)","本公司受邀參加凱基證券於112年11月9日舉辦之法人說明會，為促進機構投資法人對本公司產業之瞭解，將予以說明。","241320231108M003.pdf","241320231108E003.pdf","https://www.umec.com.tw/Investor/InvestorConference",中文影音檔網址:2413_9_20231109_ch.mp4 ,"無","查詢"
"2414","精技","112/08/08","14:30","線上法說會","受邀參加凱基證券舉辦之線上法人說明會，報名網址：
https://ib.kgi.com/IBWebSite/Views/Registration/RegistPage.aspx?ActNbr=1157","241420230808M001.pdf","241420230808E001.pdf","https://www.unitech.com.tw/",法說會影音連結資訊:https://webpro.twse.com.tw/WebPortal/vod/101/D99C5AAAF50D-798CC017-35C9-11EE-8B82/?categoryId=101 ,"無","查詢"
"2415","錩新","112/08/25","14:00","線上法說會","統一證券舉辦之線上法人說明會,說明112年第二季營運概況","241520230824M001.pdf","241520230824E001.pdf","",中文影音檔網址:2415_10_20230825_ch.mp4 ,"無","查詢"
"2417","圓剛","112/12/28","14:00","線上法說會","說明公司營運概況與未來展望","241720231228M002.pdf","241720231228E002.pdf","http://ir.avermedia.com/irwebsite_c/#events_presentations",法說會影音連結資訊:http://ir.avermedia.com/irwebsite_c/#events_presentations ,"線上法說會報名網址:https://forms.gle/bR4KHr1cfvG9AW87A","查詢"
"2417","圓剛","112/08/23","14:30","台北市大安區信義路四段236號7樓(宏遠證券總公司)","本公司受邀參加宏遠證券舉辦之法人說明會，說明公司營運概況。","241720230823M001.pdf","241720230823E001.pdf","http://ir.avermedia.com/irwebsite_c/#events_presentations",法說會影音連結資訊:http://ir.avermedia.com/irwebsite_c/#events_presentations ,"無","查詢"
"2419","仲琦","112/03/01","14:00","台北市重慶南路一段2號22樓
(台開大樓22樓會議廳)","本公司受邀參加永豐金證券舉辦之法人說明會，
說明本公司2022年度營運成果暨未來展望。","241920230301M001.pdf","241920230301E001.pdf","https://www.hitrontech.com/zh-tw/investors/events-investor-conference/",中文影音檔網址:2419_10_20230301_ch.mp4 ,"無","查詢"
"2420","新巨","112/07/12","14:30","線上法說會","本公司受邀參加凱基證券舉辦線上法人說明會，說明公司業務及營運概況。","242020230711M001.pptx","242020230711E001.pptx","https://www.zippy.com/zh-tw/newslists.aspx",中文影音檔網址:2420_11_20230712_ch.mp4 ,"無","查詢"
"2420","新巨","112/11/29","14:00","線上法說會","本公司受邀參加凱基證券舉辦線上法人說明會，說明公司業務及營運概況。","242020231122M002.pptx","242020231122E002.pptx","https://www.zippy.com/zh-tw/newslists.aspx",中文影音檔網址:2420_12_20231129_ch.mp4 ,"無","查詢"
"2421","建準","112/07/06","14:30","台北101 88樓","本公司受摩根史丹利邀請，將於上述時間地點，向法人投資者說明本公司112年第1季之財務報告相關資訊。","242120230523M001.pdf","242120230523E001.pdf","https://www.sunon.com/inv1133.aspx","","無","查詢"
"2421","建準","112/05/24","14:00","台北市中山區明水路700號12樓B廳會議室","本公司受邀參加凱基證券舉辦之法人說明會","242120230523M001.pdf","242120230523E001.pdf","https://www.sunon.com/shareholder.aspx",中文影音檔網址:2421_40_20230524_ch.mp4 ,"無","查詢"
"2421","建準","112/11/08 至 112/11/09","09:00","港島香格里拉","本公司受邀參加由大和證券舉辦之「Daiwa Investment Conference Hong Kong 2023」，說明本公司112年第3季營運狀況。","242120231102M001.pdf","242120231102E001.pdf","https://www.sunon.com/inv1133.aspx","","無","查詢"
"2421","建準","112/11/03","14:00","會議連結：https://reurl.cc/E1gxbm","112年第3季營運狀況","242120231102M001.pdf","242120231102E001.pdf","https://www.sunon.com/inv1133.aspx",中文影音檔網址:2421_43_20231103_ch.mp4 ,"無","查詢"
"2421","建準","112/08/04","14:30","台北101大樓1樓台灣證券交易所資訊展示中心
(台北市信義路5段7號)","2023年上半年營運狀況","242120230803M001.pdf","242120230803E001.pdf","https://www.sunon.com/inv1133.aspx",同步收看網址：:https://reurl.cc/OvaoX7 法說會影音連結資訊:https://webpro.twse.com.tw/WebPortal/vod/101/C7FB4D34484C-E67A4B93-329E-11EE-B76B/?categoryId=101 ,"14時~14時30分報到。現場座位有限，請投資人多加利用線上方式觀看法說會。","查詢"
"2423","固緯","112/12/28","14:00","線上法說會","固緯電子受邀參加台新證券舉辦之線上法說會，說明本公司營運概況及未來展望並回答投資人提問。 網址：https://tssco.webex.com/join/jbak","242320231227M001.pdf","242320231227E001.pdf","",同步收看網址：:https://tssco.webex.com/join/jbak ,"無","查詢"
"2423","固緯","112/06/29","14:00","線上法說會","固緯電子受邀參加台新證券舉辦之線上法說會，說明本公司營運概況及未來展望並回答投資人提問。 網址：https://tssco.webex.com/join/jbak","242320230628M001.pdf","242320230628E001.pdf","",中文影音檔網址:2423_11_20230629_ch.mp4 ,"無","查詢"
"2424","隴華","112/11/29","15:00","線上法說會","本公司受邀參加元大證券舉辦之線上法說會，報告本公司營運狀營運狀況。","242420231128M001.pdf","242420231128E001.pdf","",中文影音檔網址:2424_7_20231129_ch.mp4 ,"無","查詢"
"2425","承啟","112/12/15","15:30","福邦證券總公司(台北市忠孝西路一段6號7樓)","受邀參加福邦證券舉辦之法人說明會，就本公司已公開之財務業務資訊作說明。","242520231215M001.pdf","242520231215E001.pdf","http://www.chaintech.com.tw/Investors.aspx?cid=3153&amp;type=1",中文影音檔網址:2425_8_20231215_ch.mp4 ,"無","查詢"
"2426","鼎元","112/12/15","14:30","苗栗縣竹南鎮科中路15號","公司簡報與營運概況說明","242620231212M001.pdf","242620231212E001.pdf","https://www.tyntek.com.tw/investor.php?cs=1&amp;sn=13",中文影音檔網址:2426_7_20231215_ch.mp4 ,"無","查詢"
"2427","三商電","112/03/30","14:30","線上法說會，
網址：http://www.zucast.com/webcast/O23uOu61","報告2022年營運成果及公司營運現況暨未來展望。","242720230330M001.pdf","242720230330E001.pdf","https://www.mds.com.tw/tc/investment_detail.php?PKey=22&amp;Page=0",同步收看網址：:http://www.zucast.com/webcast/O23uOu61 法說會影音連結資訊:http://www.zucast.com/webcast/O23uOu61 ,"無。","查詢"
"2428","興勤","112/12/13","14:00","線上法說會","本公司受邀參加宏遠證券舉辦之線上法說會，說明本公司營運狀況及未來展望。","242820231213M001.pdf","242820231213E001.pdf","https://www.thinking.com.tw",中文影音檔網址:2428_16_20231213_ch.mp4 ,"無","查詢"
"2428","興勤","112/03/15","14:00","臺北市中山區明水路700號(凱基大樓12F宴會廳)","本公司受邀參加凱基證券舉辦之法說會，說明本公司營運狀況及未來展望。","242820230315M001.pdf","242820230315E001.pdf","https://www.thinking.com.tw","","無","查詢"
"2428","興勤","112/03/16","10:00","台北君悅酒店","本公司受邀參加美銀證券舉辦之「2023 APAC TMT Conference」，說明本公司營運狀況及未來展望。","242820230315M002.pdf","242820230315E002.pdf","https://www.thinking.com.tw","","無","查詢"
"2428","興勤","112/07/31","14:00","台北市中山區南京東路三段219號11樓","本公司受邀參加元大證券舉辦之法說會，說明本公司2023年第一季營運狀況及未來展望。","242820230731M001.pdf","242820230731E001.pdf","https://www.thinking.com.tw","","無","查詢"
"2429","銘旺科","112/12/19","14:00","台北市忠孝東路一段85號6樓會議室","公司營運概況說明","242920231219M002.pptx","242920231219E002.pptx","https://www.abonmax.com.tw/index.php?route=investor/information&amp;information_id=20",中文影音檔網址:2429_7_20231219_ch.mp4 ,"無","查詢"
"2430","燦坤","112/08/30","14:00","線上法說會","本公司受邀參加元大證券舉辦之線上法說會，報告本公司營運狀況。","243020230824M001.pdf","243020230824E001.pdf","https://www.tk3c.com.tw/",中文影音檔網址:2430_18_20230830_ch.mp4 ,"無","查詢"
"2430","燦坤","112/12/14","14:00","線上法說會","本公司受邀參加元大證券舉辦之線上法說會，說明本公司營運狀況。","243020231213M001.pdf","243020231213E001.pdf","https://www.tk3c.com.tw/#investorconference&amp;4","","無","查詢"
"2431","聯昌","112/09/05","14:00","中國信託證券線上法人說明會","本公司受邀參加中國信託綜合證券舉辦之線上法人說明會","243120230905M001.pdf","243120230905E001.pdf","https://www.lienchang.com.tw/",中文影音檔網址:2431_10_20230905_ch.mp4 ,"無","查詢"
"2432","倚天酷碁-創","112/07/11","14:40","臺灣證券交易所1樓資訊展示中心
(台北市信義區信義路5段7號 (101大樓))","本公司受邀參加證交所舉辦之創新板上市公司主題式業績發表會，說明本公司已公開發佈之業務及財務相關資訊。
參加方式及相關資料請詳證交所首頁: (https://www.twse.com.tw/zh/page/focus/events.html)","243220230710M001.pdf","243220230710E001.pdf","https://www.acergadget.com/zh-TW/pages/investorrelation-20221115155038",同步收看網址：:https://www.acergadget.com/zh-TW/pages/investorrelation-20221115155038 ,"無","查詢"
"2432","倚天酷碁-創","112/05/10","14:30","台北君悅酒店三樓凱悅廳二區宴會廳","(1)本公司依「有價證券初次上市前業績發表會實施要點規定」，於上市前辦理股票初次上市前業績發表會。 (2)本次業績發表會將由本公司經營團隊說明產業發展、財務業務狀況、未來風險、公司治理及企業社會責任、臺灣證券交易所股份有限公司董事會暨上市審議委員會要求補充揭露事項。 (3)因考量防疫措施之場地與人數限制，現場開放參加之名額有限，欲現場參與本次業績發表會之貴賓，敬請事先報名。 (4)欲現場參加者，事先報名網址：https://reurl.cc/qLzZND","243220230522M001.pdf","243220230522E001.pdf","https://www.acergadget.com/zh-TW/pages/investorrelation-20221115155038","","無","查詢"
"2433","互盛電","112/08/15","16:00","線上法說會","說明2023年上半年營運概況","243320230814M003.pdf","243320230814E003.pdf","https://www.eosasc.com.tw/event-information",同步收看網址：:https://youtu.be/dBenSCpyd0M 中文影音檔網址:2433_12_20230815_ch.mp4 ,"無","查詢"
"2433","互盛電","112/11/17","16:00","線上法說會","說明本公司2023年第三季營運概況","243320231114M001.pdf","243320231114E001.pdf","https://www.eosasc.com.tw/event-information",中文影音檔網址:2433_13_20231117_ch.mp4 ,"無","查詢"
"2434","統懋","112/12/20","14:00","台南市新市區中山路76號","公司簡介及相關財務業務資訊","243420231220M001.ppt","243420231220E001.ppt","http://www.mospec.com.tw",中文影音檔網址:2434_7_20231220_ch.mp4 ,"無","查詢"
"2436","偉詮電","112/09/18","14:30","台北市信義路4段236號7樓","報告112年第二季財報與業務營運相關資訊報告。簡報資料請參閱公開資訊觀測站。","243620230918M001.pdf","243620230918E001.pdf","http://www.weltrend.com",法說會影音連結資訊:https://drive.google.com/file/d/15JsIwDoSZqatDhikofw2N3LL3h2wWE2R/view?usp=sharing ,"無","查詢"
"2436","偉詮電","112/03/08","14:30","線上法說會","報告111年財報與業務營運相關資訊報告。簡報資料請參閱公開資訊觀測站。","243620230308M001.pdf","243620230308E001.pdf","http://www.weltrend.com","","無","查詢"
"2438","翔耀","112/12/22","15:00","線上法說會","本公司受邀參加元大證券舉辦之線上法說會，報告本公司營運狀況","243820231222M001.pdf","243820231222E001.pdf","http://www.enlightcorp.com.tw",中文影音檔網址:2438_7_20231222_ch.mp4 ,"完整財務業務資訊請至公開資訊觀測站之法人說明會一覽表或法說會項目下查詢。","查詢"
"2439","美律","112/06/02","11:00","W Hotel","本公司受邀參加花旗證券舉辦之&quot;Citi Regional Tech Conference&quot;。","243920230505M001.pdf","243920230505E001.pdf","https://www.merry.com.tw/page/investor/seminar.aspx",法說會影音連結資訊:未輸 ,"無","查詢"
"2439","美律","112/07/28","15:00","Webex線上會議","(1)本公司受邀參加富邦證券舉辦之法人說明會，公布本公司2023年第2季營運成果。
(2)簡報內容於會議開始前15分鐘置於公開資訊觀測站，請自行下載。
(3)活動諮詢:富邦證券 Irene, Email: irene.yt.lin@fubon.com。","243920230728M001.PDF","243920230728E001.pdf","https://www.merry.com.tw/page/investor/seminar.aspx",中文影音檔網址:2439_248_20230728_ch.mp4 ,"無","查詢"
"2439","美律","112/11/03","15:00","Webex線上會議","本公司受邀參加凱基證券舉辦線上法人說明會，公布本公司2023年第三季營運成果","243920231103M001.pdf","243920231103E001.pdf","https://www.merry.com.tw/page/investor/seminar.aspx",中文影音檔網址:2439_250_20231103_ch.mp4 ,"無","查詢"
"2439","美律","112/11/03","15:00","Webex線上會議","(1)本公司受邀參加凱基證券舉辦線上法人說明會，公布本公司2023年第三季營運成果。
(2)簡報內容於會議開始前15分鐘置於公開資訊觀測站，請自行下載。","243920231103M002.pdf","243920231103E002.pdf","https://www.merry.com.tw/page/investor/seminar.aspx",法說會影音連結資訊:未輸 ,"無","查詢"
"2439","美律","112/12/07","15:20","台北晶華酒店","本公司受邀參加凱基證券舉辦之「2023年第四季KGI投資論壇」。","243920231103M002.pdf","243920231103E002.pdf","https://www.merry.com.tw/page/investor/seminar.aspx",法說會影音連結資訊:未輸 ,"無","查詢"
"2439","美律","112/03/17","11:00","台北君悅酒店","本公司受邀參加美國銀行證券舉辦之「BofA Securities 2023 APAC TMT Conference」。","243920230303M001.PDF","243920230303E001.PDF","https://www.merry.com.tw/page/investor/seminar.aspx","","無","查詢"
"2439","美律","112/05/05","15:00","Webex線上會議","1.本公司受邀參加元大證券舉辦之法人說明會，公布本公司2023年第一季營運成果。2.簡報內容於會議開始前15分鐘置於公開資訊觀測站，請自行下載。","243920230505M001.pdf","243920230505E001.pdf","https://www.merry.com.tw/page/investor/seminar.aspx",中文影音檔網址:2439_245_20230505_ch.mp4 ,"無","查詢"
"2439","美律","112/03/03","15:00","Webex線上會議","1.本公司受邀參加永豐金證券舉辦之法人說明會，公布本公司2022年第四季營運成果。2.簡報內容於會議開始前15分鐘置於公開資訊觀測站，請自行下載。3.活動諮詢:永豐金證券 鄒小姐；電話:02-23823207；Email:joyce.tsou@sinopac.com。","243920230303M001.PDF","243920230303E001.PDF","https://www.merry.com.tw/page/investor/seminar.aspx",中文影音檔網址:2439_243_20230303_ch.mp4 ,"無","查詢"
"2439","美律","112/06/08","10:00","Webex線上會議","本公司受邀參加證交所、台灣董事學會及安擘諮詢共同舉辦之
外資論壇「站在全球地緣政治變動新時代的浪尖」","243920230505M001.pdf","243920230505E001.pdf","https://www.merry.com.tw/page/investor/seminar.aspx",法說會影音連結資訊:未輸 ,"無","查詢"
"2439","美律","112/09/06","11:00","Webex線上會議","本公司受邀參加第一金證券舉辦之線上法人說明會。","243920230728M001.PDF","243920230728E001.pdf","https://www.merry.com.tw/page/investor/seminar.aspx","","無","查詢"
"2440","太空梭","112/11/17","14:00","線上法說會","公司簡介、營運概況說明","244020231117M001.pdf","244020231117E001.pdf","http://www.spaces.com.tw/zh-tw/a2-8701/%E6%B3%95%E8%AA%AA%E6%9C%83%E5%A0%B1%E5%91%8A.html",中文影音檔網址:2440_7_20231117_ch.mp4 ,"無。","查詢"
"2441","超豐","112/07/25","14:30","新竹縣湖口鄉新竹工業區大同路15號6樓 (力成科技公司訓練教室)","報告2023年上半年營運成果及未來之營運展望","244120230725M001.pdf","244120230725E001.pdf","https://www.greatek.com.tw/investor4.html",中文影音檔網址:2441_19_20230725_ch.mp4 ,"無","查詢"
"2441","超豐","112/01/31","14:30","新竹縣湖口鄉新竹工業區大同路15號6樓(力成科技公司訓練教室)","報告2022年度營運成果及未來之營運展望","244120230131M001.pdf","244120230131E001.pdf","https://www.greatek.com.tw/investor4.html",中文影音檔網址:2441_18_20230131_ch.mp4 ,"無","查詢"
"2442","新美齊","112/09/13","14:30","臺灣證券交易所1樓資訊展示中心（台北市信義區信義路五段7號1樓）","本公司近期營運概況說明","244220230913M001.pdf","244220230913E001.pdf","https://www.jean.com.tw/tw/invest-shareholders-report",法說會影音連結資訊:https://webpro.twse.com.tw/WebPortal/vod/101/7B4A5F2A05EA-7571DDDA-5203-11EE-87FC/?categoryId=101 ,"無","查詢"
"2442","新美齊","112/03/29","14:30","臺灣證券交易所1樓資訊展示中心(台北市信義區信義路五段7號1樓)","本公司近期營運概況說明","244220230329M001.pdf","244220230329E001.pdf","https://www.jean.com.tw/tw/invest-shareholders-report",法說會影音連結資訊:https://webpro.twse.com.tw/webportal/vod/101/3B8E295B393F-1AA571F1-CE02-11ED-ADD4/?categoryId=101 ,"無","查詢"
"2444","兆勁","112/12/05","14:00","台北市長安東路一段22號6樓(第一金證券會議室)","本公司年度營運概況說明；
欲參加本公司112年度法說會之投資者請洽第一金證券法人部王維彤經理,聯絡方式如下:
電話：02-2563-6262 分機：213   
電子郵件：sheryl.wang@firstsec.com.tw","244420231218M001.pdf","244420231218E001.pdf","",法說會影音連結資訊:https://youtu.be/N59rOr0zZ2o ,"完整財務業務資訊請至公開資訊觀測站之法人說明會覽表或法說會項下查閱","查詢"
"2449","京元電子","112/08/30","09:00","台北君悅酒店","本公司112年08月30日受邀參加匯豐證券舉辦的HSBC Taiwan Executive Forum 2023，簡報資料請參閱公開資訊觀測站。","244920230823M001.pdf","244920230823E001.pdf","","","無","查詢"
"2449","京元電子","112/06/01 至 112/06/02","09:00","台北W飯店","本公司受邀參加花旗證券舉辦的 Citi Regional Tech Conference 2023，會中就本公司已公開發佈之財務數字、經營績效等相關資訊做說明。簡報資料請參閱公開資訊觀測站。","244920230523M001.pdf","244920230523E001.pdf","","","無","查詢"
"2449","京元電子","112/11/15 至 112/11/16","09:00","Mandarin Oriental Singapore (新加坡文華東方酒店)","本公司112年11月15日至112年11月16日受邀參加摩根士丹利證券 ( Morgan Stanley）舉辦的Morgan Stanley&#039;s Twenty-Second Annual Asia Pacific Summit 2023，簡報資料請參閱公開資訊觀測站。","244920231107M001.pdf","244920231107E001.pdf","","","無","查詢"
"2449","京元電子","112/11/30","11:10","台北君悅酒店","本公司112年11月30日受邀參加2023富邦投資論壇，簡報資料請參閱公開資訊觀測站。","244920231124M001.pdf","244920231124E001.pdf","",中文影音檔網址:2449_101_20231130_ch.mp4 ,"　無","查詢"
"2449","京元電子","112/09/18","09:00","台北W飯店","本公司112年09月18日受邀參加高盛證券舉辦的 Goldman Sachs Taiwan Corporate Day 2023，簡報資料請參閱公開資訊觀測站。","244920230823M001.pdf","244920230823E001.pdf","","","無","查詢"
"2449","京元電子","112/06/15","09:30","UBS Securities Taipei","本公司112年06月15日受邀參加瑞銀證券舉辦的UBS Taiwan Corporate Day 2023，簡報資料請參閱公開資訊觀測站。","244920230523M001.pdf","244920230523E001.pdf","","","無","查詢"
"2449","京元電子","112/03/14","09:00","台北君悅酒店","本公司受邀參加美銀證券（BofA Securities）舉辦的2023 APAC TMT Conference，會中就本公司已公開發佈之財務數字、經營績效等相關資訊做說明。簡報資料請參閱公開資訊觀測站。","244920230303M001.pdf","244920230303E001.pdf","","","無","查詢"
"2449","京元電子","112/03/16","09:00","台北君悅酒店","本公司受邀參加美銀證券（BofA Securities）舉辦的2023 APAC TMT Conference，會中就本公司已公開發佈之財務數字、經營績效等相關資訊做說明。簡報資料請參閱公開資訊觀測站。","244920230303M001.pdf","244920230303E001.pdf","","","無","查詢"
"2450","神腦","112/05/22","15:00","線上法說會","本公司受邀參加台新證券舉辦之線上法人說明會，就本公司經營實績向投資機構說明","245020230522M001.pdf","245020230522E001.pdf","https://www.senao.com.tw/invest06.php",法說會影音連結資訊:未輸 ,"無","查詢"
"2450","神腦","112/09/13","15:00","線上法說會","本公司受邀參加台新證券舉辦之線上法人說明會，就本公司經營實績向投資機構說明","245020230913M001.pdf","245020230913E001.pdf","https://www.senao.com.tw/invest06.php",法說會影音連結資訊:未輸 ,"無","查詢"
"2450","神腦","112/12/20","14:00","線上法說會","本公司受邀參加台新證券舉辦之線上法人說明會，就本公司經營實績向投資機構說明","245020231220M001.pdf","245020231220E001.pdf","https://www.senao.com.tw/invest06.php",法說會影音連結資訊:未輸 ,"無","查詢"
"2450","神腦","112/03/13","14:00","線上法說會","本公司受邀參加元大證券舉辦之線上法人說明會，就本公司經營實績向投資機構說明","245020230313M001.pdf","245020230313E001.pdf","https://www.senao.com.tw/invest06.php",中文影音檔網址:2450_26_20230313_ch.mp4 ,"無","查詢"
"2451","創見","112/11/07","15:00","創見資訊視聽教室(台北市內湖區行忠路70號)","說明本公司財務業務相關資訊","245120231107M001.pptx","245120231107E001.pptx","https://tw.transcend-info.com/about/conference",法說會影音連結資訊:https://youtu.be/A0Wu5uHkVWk ,"無","查詢"
"2453","凌群","112/03/27","14:00","本公司簡報室(台北市萬華區峨眉街115號B1)","說明本公司一一一年度營運概況。","245320230327M001.pdf","245320230327E001.pdf","http://www.syscom.com.tw/investor/It_Corporation.aspx",中文影音檔網址:2453_7_20230327_ch.mp4 ,"無。","查詢"
"2454","聯發科","112/07/28","15:00","線上法說會","(1) 公布本公司2023年第2季財務報告及2023年第3季業績展望。
(2) 參加方式：請參見https://corp.mediatek.tw/investor-relations/financial-information/quarterly-earnings","245420230728M001.pdf","245420230728E001.pdf","https://www.mediatek.com",同步收看網址：:https://webpage-ott2b.cdn.hinet.net/webpage/watch?contentProvider=mediatek&v=73491 法說會影音連結資訊:https://webpage-ott2b.cdn.hinet.net/webpage/watch?contentProvider=mediatek&v=73491 ,"無","查詢"
"2454","聯發科","112/05/26 至 112/06/14","14:00","線上法說會、台北、香港","公告本公司112年5月26日受邀參加高盛證券舉辦之
 TechNet Conference Asia Pacific 2023 、112年6月1日受邀參加花旗證券於台北舉辦之Regional Tech Conference、112年6月2日受邀參加野村證券舉辦之Greater China Corporate Day、112年6月13日受邀參加瑞銀證券於香港舉辦之Future-Now APAC Conference及112年6月14日受邀參加大和證券於香港舉辦之Daiwa North Asia Corporate Day，簡報資料請參閱公開資訊觀測站。","245420230428M001.pdf","245420230428E001.pdf","","","無","查詢"
"2454","聯發科","112/11/06 至 112/11/09","11:00","台北","公告本公司112年11月6日受邀於台北參加 20-20 Investment Association 台灣產業趨勢研討會議及112年11月9日受邀參加麥格里證券於台北舉辦之Global A.I. Conference，簡報資料請參閱公開資訊觀測站。","245420231027M001.pdf","245420231027E001.pdf","","","無","查詢"
"2454","聯發科","112/11/13 至 112/11/14","13:00","香港","公告本公司112年11月13日至11月14日受邀參加摩根大通證券於香港舉辦之Global Technology, Media and Telecom Conference，簡報資料請參閱公開資訊觀測站。","245420231027M001.pdf","245420231027E001.pdf","",英文影音檔網址:2454_245_20231113_en.mp4 ,"無","查詢"
"2454","聯發科","112/11/15 至 112/11/22","09:00","新加坡、台北","公告本公司112年11月15日至11月16日受邀參加摩根史丹利證券於新加坡舉辦之Twenty-Second Annual Asia Pacific Summit、112年11月22日受邀參加花旗證券於台北舉辦之2023 Taiwan Corporate Day 及112年11月22日受邀參加台灣匯立證券於台北舉辦之CLST Taiwan Market Mover 2024 Access Day，簡報資料請參閱公開資訊觀測站。","245420231027M001.pdf","245420231027E001.pdf","","","無","查詢"
"2454","聯發科","112/09/05 至 112/09/18","09:00","線上法說會、香港、台北","公告本公司112年9月5日受邀參加麥格里證券舉辦之
North Asia Technology Conference 、112年9月12日至9月14日受邀參加里昂證券於香港舉辦之30th CITIC CLSA Flagship Investors’ Forum及112年9月18日受邀參加高盛證券於台北舉辦之Taiwan Corporate Day 2023，簡報資料請參閱公開資訊觀測站。","245420230728M001.pdf","245420230728E001.pdf","","","無","查詢"
"2454","聯發科","112/04/28","15:00","線上法說會","(1) 公布本公司2023年第1季財務報告及2023年第2季業績展望。
(2) 參加方式：請參見https://corp.mediatek.tw/investor-relations/financial-information/quarterly-earnings","245420230428M001.pdf","245420230428E001.pdf","https://www.mediatek.com",同步收看網址：:https://webpage-ott2b.cdn.hinet.net/webpage/watch?contentProvider=mediatek&v=57117 法說會影音連結資訊:https://webpage-ott2b.cdn.hinet.net/webpage/watch?contentProvider=mediatek&v=57117 ,"無","查詢"
"2454","聯發科","112/02/20 至 112/02/21","09:00","台北","公告本公司112年2月20日受邀參加摩根大通證券於台北舉辦之Taiwan CEO-CFO Conference 及112年2月21日受邀參加野村證券於台北舉辦之Asia Tech Tour，簡報資料請參閱公開資訊觀測站。","245420230203M001.pdf","245420230203E001.pdf","","","無","查詢"
"2454","聯發科","112/10/27","15:00","線上法說會","(1) 公布本公司2023年第3季財務報告及2023年第4季業績展望。 (2) 參加方式：請參見https://corp.mediatek.tw/investor-relations/financial-information/quarterly-earnings","245420231027M001.pdf","245420231027E001.pdf","https://www.mediatek.com",同步收看網址：:https://webpage-ott2b.cdn.hinet.net/webpage/watch?contentProvider=mediatek&v=73739 法說會影音連結資訊:https://webpage-ott2b.cdn.hinet.net/webpage/watch?contentProvider=mediatek&v=73739 ,"無","查詢"
"2454","聯發科","112/03/14 至 112/03/23","09:00","台北、香港","公告本公司112年3月14日至3月16日受邀參加美林證券於台北舉辦之2023 APAC TMT Conference 及112年3月21日至3月23日受邀參加瑞士信貸證券於香港舉辦之26th Asian Investment Conference，簡報資料請參閱公開資訊觀測站。","245420230203M001.pdf","245420230203E001.pdf","","","無","查詢"
"2454","聯發科","112/02/03","15:00","線上法說會","(1) 公布本公司2022年第4季財務報告及2023年第1季業績展望。 (2) 參加方式：請參見https://corp.mediatek.tw/investor-relations/financial-information/quarterly-earnings","245420230203M001.pdf","245420230203E001.pdf","https://www.mediatek.com",同步收看網址：:https://webpage-ott2b.cdn.hinet.net/webpage/watch?contentProvider=mediatek&v=57013 法說會影音連結資訊:https://webpage-ott2b.cdn.hinet.net/webpage/watch?contentProvider=mediatek&v=57013 ,"無","查詢"
"2455","全新","112/11/13 至 112/11/14","10:00","Conrad Hong Kong 香港港麗酒店 香港金鐘金鐘道88號","本公司受邀參加J.P. Morgan舉辦J.P. Morgan 11th Global TMT Conference in Asia，會中就公司業務狀況等說明。","245520231107M002.pdf","245520231107E002.pdf","http://www.vpec.com.tw","","無","查詢"
"2455","全新","112/05/26","10:00","台北君悅酒店3樓 (台北市信義區松壽路2號3樓)","本公司受邀參加富邦證券舉辦2023年第二季富邦證券投資論壇
，會中就公司業務狀況等說明。","245520230525M001.pdf","245520230525E001.pdf","http://www.vpec.com.tw",中文影音檔網址:2455_145_20230526_ch.mp4 ,"無","查詢"
"2455","全新","112/09/18","10:00","W Hotel Taipei, No. 10, Section 5, Zhongxiao East Road, Xinyi District, Taipei","本公司受邀參加Goldman Sachs舉辦Goldman Sachs Taiwan Corporate Day，會中就公司業務狀況等說明","245520230829M001.pdf","245520230829E001.pdf","http://www.vpec.com.tw","","無","查詢"
"2455","全新","112/11/22","10:00","香格里拉遠東國際大飯店
台北市大安區敦化南路二段201號","本公司受邀參加 CLST 舉辦 CLST Taiwan Market Mover 2024 Access Day，會中就公司業務狀況等說明。","245520231107M002.pdf","245520231107E002.pdf","http://www.vpec.com.tw","","無","查詢"
"2455","全新","112/11/23","10:00","台北W飯店
110台北市信義區忠孝東路五段10號","本公司受邀參加 Citi 舉辦 Citi’s 2023 Taiwan Corporate Day，會中就公司業務狀況等說明。","245520231107M002.pdf","245520231107E002.pdf","http://www.vpec.com.tw","","無","查詢"
"2455","全新","112/12/07","14:00","晶華酒店","本公司受邀參加凱基證券舉辦2023年第四季投資論壇，會中就公司業務狀況等說明。","245520231107M002.pdf","245520231107E002.pdf","http://www.vpec.com.tw","","無","查詢"
"2455","全新","112/01/04","11:00","線上法說會","公告本公司受邀參加CREDIT SUISSE舉辦9th Greater China Technology and Internet Conference，會中就公司業務狀況等說明。","245520221109M001.pdf","245520221109E001.pdf","http://www.vpec.com.tw","","無","查詢"
"2455","全新","112/08/30","10:00","台北君悅酒店 Grand Hyatt Taipei","本公司受邀參加HSBC舉辦HSBC Taiwan Executive Forum 2023，會中就公司業務狀況等說明。","245520230829M001.pdf","245520230829E001.pdf","http://www.vpec.com.tw","","無","查詢"
"2455","全新","112/09/05","14:00","君悅酒店/台北市信義區松壽路2號","本公司受邀參加統一證券舉辦2023 Q3 全球展望秋季投資論壇，會中就公司業務狀況等說明。","245520230829M001.pdf","245520230829E001.pdf","http://www.vpec.com.tw","","無","查詢"
"2455","全新","112/06/01","10:00","W Hotel Taipei, 
10 Zhongxiao East Road, Sec. 5, Taipei","本公司受邀參加Citi舉辦Regional Tech Conference 2023，會中就公司業務狀況等說明。","245520230525M001.pdf","245520230525E001.pdf","http://www.vpec.com.tw","","無","查詢"
"2455","全新","112/02/22","14:00","台北晶華酒店4樓
台北市中山區中山北路二段39巷3號","本公司受邀參加台新證券舉辦台新2023年第一季全球投資論壇，會中就公司業務狀況等說明。","245520221109M001.pdf","245520221109E001.pdf","http://www.vpec.com.tw","","無","查詢"
"2455","全新","112/03/16","10:00","台北君悅酒店 台北市信義區松壽路2號","本公司受邀參加BofA Securities舉辦BofA Securities APAC TMT Conference 2023，會中就公司業務狀況等說明。","245520221109M001.pdf","245520221109E001.pdf","http://www.vpec.com.tw","","無","查詢"
"2457","飛宏","112/05/17","15:30","台北市中山區中山北路二段39巷3號","本公司受國票證券邀請，將於上述時間地點，向法人投資者說明本公司112年第1季之財務報告相關資訊。","245720230517M002.pdf","245720230517E002.pdf","https://www.phihong.com.tw/index.php?route=investors/investors&amp;internal_type_id=37&amp;zong=7","","無","查詢"
"2457","飛宏","112/11/22","14:00","台北市松山區東興路8號15樓(統一證券集團大樓15樓會議室)","本公司112年第3季經營成果報告。","245720231122M001.pdf","245720231122E001.pdf","https://www.phihong.com.tw/index.php?route=investors/investors&amp;internal_type_id=37&amp;zong=7",中文影音檔網址:2457_11_20231122_ch.mp4 ,"無","查詢"
"2457","飛宏","112/12/05","13:30","台北市中山區中山北路二段39巷3號(台北晶華酒店4樓)","本公司受邀參加2023年元大證券第四季投資論壇，向投資人說明本公司2023年第三季營運及財務概況。","245720231205M001.pdf","245720231205E001.pdf","https://www.phihong.com.tw/index.php?route=investors/investors&amp;internal_type_id=37&amp;zong=7",中文影音檔網址:2457_13_20231205_ch.mp4 ,"無","查詢"
"2457","飛宏","112/03/31","14:30","凱基證券
地址: 台北市中山區明水路700號","2022年營運結果報告","245720230330M001.pdf","245720230330E001.pdf","https://www.phihong.com.tw/index.php?route=investors/investors&amp;internal_type_id=37&amp;zong=7","","無","查詢"
"2457","飛宏","112/06/01 至 112/06/02","09:00","JUSTCO民生建國大樓
地址： 台北市中山區民生東路三段2號","本公司受邀參加「凱基證券2023年第二季投資論壇」，將於上述時間地點，向法人投資者說明本公司112年第1季之財務報告相關資訊。","245720230517M002.pdf","245720230517E002.pdf","https://www.phihong.com.tw/index.php?route=investors/investors&amp;internal_type_id=37&amp;zong=7","","無","查詢"
"2457","飛宏","112/11/23","09:00","地址: 台北市中山區明水路700號（凱基證券會議室）","本公司112年第3季經營成果報告。","245720231122M002.pdf","245720231122E002.pdf","https://www.phihong.com.tw/index.php?route=investors/investors&amp;internal_type_id=37&amp;zong=7",法說會影音連結資訊:未輸 ,"無","查詢"
"2458","義隆","112/11/02","14:30","線上法說會 (報名後提供會議連結資訊)","本公司將召開2023年第3季線上法人說明會，公布本公司2023年
第3季財務報告及2023年第4季業績展望。","245820231102M001.pdf","245820231102E001.pdf","http://www.emc.com.tw/emc/tw/Investor/seminar",中文影音檔網址:2458_126_20231102_ch.mp4 ,"無","查詢"
"2458","義隆","112/12/05","15:00","台北晶華酒店(台北市中山北路二段39巷3號)4F","本公司參加由元大證券所舉辦的&quot;元大證券第四季投資論壇&quot;，
將於會中說明本公司近期營運概況。","245820231204M001.pdf","245820231204E001.pdf","",中文影音檔網址:2458_127_20231205_ch.mp4 ,"無","查詢"
"2458","義隆","112/06/09","15:00","台北晶華酒店(台北市中山北路二段39巷3號)4樓","本公司參加由元大證券所舉辦的&quot;元大證券第二季投資論壇&quot;，
將於會中說明本公司近期營運概況。","245820230609M001.pdf","245820230609E001.pdf","","","無","查詢"
"2458","義隆","112/04/12","15:10","宏遠證券七樓會議室(台北市信義路四段236號7樓)","本公司參加由宏遠證券所舉辦的&quot;2023潛力產業投資論壇&quot;，將於
會中說明本公司近期營運概況。","245820230412M001.pdf","245820230412E001.pdf","","","無","查詢"
"2458","義隆","112/02/22","14:30","線上法說會(報名後提供會議連結資訊)","本公司將召開2022年第4季線上法人說明會，公布本公司2022年
第4季財務報告及2023年第1季業績展望。","245820230222M001.pptx","245820230222E001.pptx","http://www.emc.com.tw/emc/tw/Investor/seminar",中文影音檔網址:2458_120_20230222_ch.mp4 ,"無","查詢"
"2458","義隆","112/05/04","14:30","線上法說會 (報名後提供會議連結資訊)","本公司將召開2023年第1季線上法人說明會，公布本公司2023年
第1季財務報告及2023年第2季業績展望。","245820230504M001.pptx","245820230504E001.pptx","http://www.emc.com.tw/emc/tw/Investor/seminar",中文影音檔網址:2458_123_20230504_ch.mp4 ,"無","查詢"
"2458","義隆","112/03/17","10:00","台北君悅酒店","本公司參加由 BofA Merrill Lynch 所舉辦的 &quot;2023 APAC TMT Conference&quot;，將於會中說明本公司近期營運概況。","245820230316M001.pdf","245820230316E001.pdf","","","無","查詢"
"2458","義隆","112/08/03","14:30","線上法說會 (報名後提供會議連結資訊)","本公司將召開2023年第2季線上法人說明會，公布本公司2023年
第2季財務報告及2023年第3季業績展望。","245820230803M001.pdf","245820230803E001.pdf","http://www.emc.com.tw/emc/tw/Investor/seminar",中文影音檔網址:2458_125_20230803_ch.mp4 ,"無","查詢"
"2459","敦吉","112/11/27","14:30","兆豐證券總公司13樓會議廳
（台北市忠孝東路二段95號13樓）","本公司受邀參加兆豐證券舉辦之法人說明會，說明本公司財務暨營運概況","245920231127M001.pdf","245920231127E001.pdf","http://www.audix.com/_tw/01_audix/03_ir/05_shareholder2.aspx?SID=8&amp;ID=9",法說會影音連結資訊:https://www.youtube.com/watch?v=BzNhrTkLve4 ,"報名網址：https://reurl.cc/z6p2OQ","查詢"
"2460","建通","112/11/28","14:00","臺灣證券交易所1樓資訊展示中心(台北市信義區信義路五段7號1樓)","營運概況、發展策略與佈局、亮點總結。","246020231127M001.pptx","246020231127E001.pptx","http://www.gem.com.tw/fin/gemp.htm",法說會影音連結資訊:https://webpro.twse.com.tw/WebPortal/vod/101/A7726E10C387-1B14FE42-8DBD-11EE-AF53/?categoryId=101 ,"無","查詢"
"2461","光群雷","112/12/12","14:00","線上法說會","受邀參加福邦證券舉辦之法人說明會，就本公司已公開之財務業務資訊作說明。","246120231212M001.pdf","246120231212E001.pdf","http://www.klasergroup.com",中文影音檔網址:2461_21_20231212_ch.mp4 ,"無","查詢"
"2462","良得電","112/12/26","14:30","台北市中山區樂群三路128號7樓(國票金控大樓)","國票證券舉辦法人說明會，說明本公司財務及營運概況","246220231226M002.pdf","246220231226E002.pdf","http://www.linetek.com.tw/#/",中文影音檔網址:2462_8_20231226_ch.MP4 ,"無。","查詢"
"2462","良得電","112/09/20","14:30","台北市中山區樂群三路128號7樓(國票金控大樓)。","國票證券舉辦法人說明會，說明本公司財務及營運概況。","246220230921M001.pdf","246220230921E001.pdf","http://www.linetek.com.tw/#/",法說會影音連結資訊:未輸 ,"無。","查詢"
"2464","盟立","112/12/27","14:30","台北市中山區建國北路一段96號12樓(台証金融大樓首爾廳會議室)","公告本公司受邀參加台新證券舉辦之法人說明會","246420231227M001.pdf","246420231227E001.pdf","https://www.mirle.com.tw/",中文影音檔網址:2464_8_20231227_ch.MP4 ,"無","查詢"
"2465","麗臺","112/12/18","15:30","101大樓一樓資訊展示中心(台北市信義路5段7號)","公司簡介與營運狀況說明。","246520231219M002.pdf","246520231219E002.pdf","https://www.leadtek.com.tw",法說會影音連結資訊:https://webpro.twse.com.tw ,"無","查詢"
"2466","冠西電","112/12/07","14:30","南港中信金融園區B棟13樓1301會議室(台北市南港區經貿二路188號13樓)","本公司受邀參加中信證券法人說明會,說明本公司之營運成果及未來展望報告","246620231207M001.pdf","246620231207E001.pdf","https://www.cosmo-inc.com",法說會影音連結資訊:https://drive.google.com/file/d/1SwyPIPM3fvAaC7faZBSO3zwqKumsYNYP/view ,"無","查詢"
"2467","志聖","112/11/02","14:00","台北市信義路五段7號1樓(台灣證券交易所-資訊展示中心)","2023Q3營運成果及2024年市場機會與產品發展","246720231102M001.pdf","246720231102E001.pdf","https://www.csun.com.tw/",法說會影音連結資訊:https://webpro.twse.com.tw/webportal/vod/101/D900927FA8EF-1080BCE5-7954-11EE-9147/?categoryId=101 ,"無","查詢"
"2468","華經","112/12/27","14:30","線上法說會","公司簡介及營運概況說明","246820231226M001.pdf","246820231226E001.pdf","https://fis.com.tw/finance/stake/investor/corporate-information/",中文影音檔網址:2468_9_20231227_ch.mp4 ,"無","查詢"
"2468","華經","112/09/20","14:30","線上法說會","本公司受邀參加凱基證券所舉辦之線上法說會，會中說明本公司營運狀況。","246820230920M001.pptx","246820230920E001.pptx","https://fis.com.tw/finance/stake/investor/corporate-information/",中文影音檔網址:2468_8_20230920_ch.mp4 ,"無","查詢"
"2471","資通","112/05/17","14:00","線上法說會","112年第1季營運與財務概況","247120230517M002.pptx","247120230517E002.pptx","",中文影音檔網址:2471_12_20230517_ch.mp4 ,"無","查詢"
"2471","資通","112/09/15","14:00","線上法說會","112年第2季營運與財務概況","247120230915M001.pptx","247120230915E001.pptx","",中文影音檔網址:2471_13_20230915_ch.mp4 ,"無","查詢"
"2472","立隆電","112/11/30","14:00","喜來登飯店B1會議廳(台北市忠孝東路一段12號)","本公司受邀參加第一金證券舉辦之2023年第四季投資論壇，說明本公司之營運、財務及業務概況","247220231129M001.pdf","247220231129E001.pdf","http://www.lelon.com.tw","","無","查詢"
"2472","立隆電","112/04/19","14:00","元大證券台北市南京東路三段219號2樓","本公司受邀參加元大證券舉辦之法人說明會，說明本公司之營運、財務及業務概況","247220230418M001.pdf","247220230418E001.pdf","http://www.lelon.com.tw",法說會影音連結資訊:https://www.youtube.com/watch?v=8CjHqw35WLE ,"無","查詢"
"2474","可成","112/06/01 至 112/07/31","09:00","線上法說會","本公司將接受美林證券、群益證券、國泰證券、花旗證券、里昂證券、瑞士信貸證券、中信銀證券、大和國泰證券、富邦證券、高盛證券、匯豐證券、華南永昌證券、摩根大通證券、凱基證券、麥格理證券、元富證券、兆豐證券、瑞穗證券、摩根史坦利證券、野村證券、統一證券、永豐金證券、台新證券、瑞銀證券、元大證券、國票證券，以及其他券商邀請參加投資人會議。會中就本公司已公開發佈之財務數字、經營績效等相關資訊做說明，詳情請參閱公開資訊觀測站。","247420230509M001.pdf","247420230509E001.pdf","","","無","查詢"
"2474","可成","112/11/10","16:00","線上法說會","本公司受邀參加凱基證券舉辦之線上法人說明會","247420231110M001.pdf","247420231110E001.pdf","",中文影音檔網址:2474_189_20231110_ch.mp4 ,"無","查詢"
"2474","可成","112/10/11 至 112/10/31","09:00","線上法說會","本公司將接受美林證券、群益證券、國泰證券、花旗證券、里昂證券、中信證券、大和國泰證券、富邦證券、高盛證券、匯豐證券、華南永昌證券、摩根大通證券、凱基證券、麥格理證券、元富證券、摩根史坦利證券、統一證券、永豐金證券、台新證券、瑞銀證券、元大證券、國票證券、第一金證券、玉山證券，以及其他券商邀請參加投資人會議。會中就本公司已公開發佈之財務數字、經營績效等相關資訊做說明，詳情請參閱公開資訊觀測站。","247420230807M001.pdf","247420230807E001.pdf","","","無","查詢"
"2474","可成","112/03/14 至 112/03/17","15:00","台北君悅酒店","本公司受邀參加美林證券2023 APAC TMT Conference，說明本公司營運概況。","247420230324M001.pdf","247420230324E001.pdf","","","無","查詢"
"2474","可成","112/02/16","09:00","台北晶華酒店","本公司受邀參加元大證券第一季投資論壇，說明本公司營運概況。","247420221109M001.pdf","247420221109E001.pdf","","","無","查詢"
"2474","可成","112/02/01 至 112/03/31","09:00","台北","本公司將接受美林證券、群益證券、國泰證券、花旗證券、里昂證券、瑞士信貸證券、中信銀證券、大和國泰證券、富邦證券、高盛證券、匯豐證券、華南永昌證券、Jefferies證券、日盛證券、摩根大通證券、凱基證券、麥格理證券、元富證券、兆豐證券、瑞穗證券、摩根史坦利證券、野村證券、統一證券、&#29319;亞證券、永豐金證券、台新證券、瑞銀證券、元大證券、國票證券，以及其他券商邀請參加投資人會議。會中就本公司已公開發佈之財務數字、經營績效等相關資訊做說明，詳情請參閱公開資訊觀測站。","247420221109M001.pdf","247420221109E001.pdf","","","無","查詢"
"2474","可成","112/04/20","10:10","線上法說會","本公司受邀參加臺灣證券交易所及寬量國際共同主辦之「13th Taiwan CEO Week &amp; Taiwan New Economy Day」，說明本公司之營運概況、財務及業務相關資訊。","247420230324M001.pdf","247420230324E001.pdf","","","無","查詢"
"2474","可成","112/04/01 至 112/05/31","09:00","線上法說會","本公司將接受美林證券、群益證券、國泰證券、花旗證券、里昂證券、瑞士信貸證券、中信銀證券、大和國泰證券、富邦證券、高盛證券、匯豐證券、華南永昌證券、Jefferies證券、日盛證券、摩根大通證券、凱基證券、麥格理證券、元富證券、兆豐證券、瑞穗證券、摩根史坦利證券、野村證券、統一證券、&#29319;亞證券、永豐金證券、台新證券、瑞銀證券、元大證券、國票證券，以及其他券商邀請參加投資人會議。會中就本公司已公開發佈之財務數字、經營績效等相關資訊做說明，詳情請參閱公開資訊觀測站。","247420230324M001.pdf","247420230324E001.pdf","","","無","查詢"
"2474","可成","112/09/07","10:40","台北香格里拉遠東國際大飯店B1","本公司受邀參加國泰證券2023年第三季產業論壇","247420230807M001.pdf","247420230807E001.pdf","","","無","查詢"
"2474","可成","112/08/08 至 112/10/06","09:00","線上法說會","本公司將接受美林證券、群益證券、國泰證券、花旗證券、里昂證券、瑞士信貸證券、中信證券、大和國泰證券、富邦證券、匯豐證券、華南永昌證券、摩根大通證券、凱基證券、麥格理證券、元富證券、摩根史坦利證券、統一證券、永豐金證券、台新證券、瑞銀證券、元大證券、國票證券、第一金證券、玉山證券，以及其他券商邀請參加投資人會議。會中就本公司已公開發佈之財務數字、經營績效等相關資訊做說明，詳情請參閱公開資訊觀測站。","247420230807M001.pdf","247420230807E001.pdf","","","無","查詢"
"2474","可成","112/08/24","14:00","台北晶華酒店","本公司受邀參加「台新2023年第三季全球投資論壇」","247420230807M001.pdf","247420230807E001.pdf","","","無","查詢"
"2474","可成","112/11/16 至 113/02/16","09:00","線上法說會","本公司將接受美林證券、群益證券、國泰證券、花旗證券、里昂證券、中信證券、大和國泰證券、富邦證券、匯豐證券、華南永昌證券、摩根大通證券、凱基證券、麥格理證券、元富證券、摩根史坦利證券、統一證券、永豐金證券、台新證券、瑞銀證券、元大證券、國票證券、第一金證券、玉山證券，以及其他券商邀請參加投資人會議。會中就本公司已公開發佈之財務數字、經營績效等相關資訊做說明，詳情請參閱公開資訊觀測站。","247420231110M001.pdf","247420231110E001.pdf","","","無","查詢"
"2474","可成","112/06/06","14:00","台北文創","本公司受邀參加元富證券舉辦之2023年夏季產業投資論壇","247420230509M001.pdf","247420230509E001.pdf","","","無","查詢"
"2474","可成","111/11/26 至 112/01/25","09:00","台北","本公司將接受美林證券、群益證券、國泰證券、花旗證券、里昂證券、瑞士信貸證券、中信銀證券、大和國泰證券、富邦證券、高盛證券、匯豐證券、華南永昌證券、Jefferies證券、日盛證券、摩根大通證券、凱基證券、麥格理證券、元富證券、兆豐證券、瑞穗證券、摩根史坦利證券、野村證券、統一證券、&#29319;亞證券、永豐金證券、台新證券、瑞銀證券、元大證券、國票證券，以及其他券商邀請參加投資人會議。會中就本公司已公開發佈之財務數字、經營績效等相關資訊做說明，詳情請參閱公開資訊觀測站。","247420221109M001.pdf","247420221109E001.pdf","","","無","查詢"
"2476","鉅祥","112/11/24","14:30","中國信託證券(台北市南港區經貿二路188號13樓1302會議室)","本公司將參加中信證券舉辦之法人說明會，公布營運成果","247620231124M001.pdf","247620231124E001.pdf","https://www.gshank.info/tw/ir/shareholder",法說會影音連結資訊:https://www.youtube.com/watch?v=VcCXQrJ0tCk ,"請線上報名，報名連結：https://forms.gle/4FFoNFSJL2XZ559s6","查詢"
"2477","美隆電","112/11/24","16:00","臺灣證券交易所1樓資訊展示中心(台北市信義路五段7號1樓)","公司營運報告","247720231124M001.pdf","247720231124E001.pdf","http://www.meiloon.com.tw/tw/investors/stockholder_p06.php?da=n4",法說會影音連結資訊:https://webpro.twse.com.tw/WebPortal/vod/101/A7726E10C387-7F39068E-8AA3-11EE-AF53/?categoryId=101 ,"無","查詢"
"2478","大毅","112/11/08","14:00","線上法說會","公司營運概況報告","247820231108M001.pdf","247820231108E001.pdf","www.tai.com.tw",同步收看網址：:https://wms.gridow.com/ir/tai/tai_2023.html 法說會影音連結資訊:https://wms.gridow.com/ir/tai/tai_2023.html ,"無","查詢"
"2480","敦陽科","112/11/06","14:00","採Webex線上會議方式","本公司受邀參加凱基證券112年11月6日14點00分線上法說會議，向投資人說明本公司112年第三季營運成果。","248020231103M003.pdf","248020231103E003.pdf","https://www.sti.com.tw/web/official/earnings-call","","報名相關資訊請洽凱基證券倪小姐，電話: (02)2181-8014。","查詢"
"2480","敦陽科","112/03/07","14:00","採Webex線上會議方式","本公司受邀參加凱基證券112年3月7日14點00分線上法說會議，向投資人說明本公司111年第四季營運成果。","248020230306M001.pdf","248020230306E001.pdf","https://www.sti.com.tw/web/official/earnings-call","","報名相關資訊請洽凱基證券倪小姐，電話: (02)2181-8014。","查詢"
"2480","敦陽科","112/05/08","14:00","採Webex線上會議方式","本公司受邀參加凱基證券112年5月8日14點00分線上法說會議，向投資人說明本公司112年第一季營運成果。","248020230505M001.pdf","248020230505E001.pdf","https://www.sti.com.tw/web/official/earnings-call",中文影音檔網址:2480_22_20230508_ch.mp4 ,"報名相關資訊請洽凱基證券倪小姐，電話: (02)2181-8014。","查詢"
"2480","敦陽科","112/08/08","14:00","採Webex線上會議方式","本公司受邀參加凱基證券112年8月8日14點00分線上法說會議，向投資人說明本公司112年第二季營運成果。","248020230807M001.pdf","248020230807E001.pdf","https://www.sti.com.tw/web/official/earnings-call","","報名相關資訊請洽凱基證券倪小姐，電話: (02)2181-8014。","查詢"
"2481","強茂","112/12/28","14:30","線上法說會","本公司受邀參加統一證券舉辦之線上法人說明會","248120231228M001.pdf","248120231228E001.pdf","https://www.panjit.com.tw/tw/Investors/Financial_information/Investors_conference",法說會影音連結資訊:https://www.youtube.com/watch?v=X9287DSoEiM ,"無","查詢"
"2481","強茂","112/06/05 至 112/06/06","09:00","新加坡","本公司受邀參加野村證券舉辦之「Nomura Investment Forum Asia」","248120230510M001.pdf","248120230510E001.pdf","https://www.panjit.com.tw/tw/Investors/Financial_information/Investors_conference",法說會影音連結資訊:未輸 ,"無","查詢"
"2481","強茂","112/05/11","10:00","台北君悅酒店(台北市信義區松壽路2號)","本公司受邀參加麥格理證券舉辦之「Macquarie Taiwan Corporate Day」","248120230510M001.pdf","248120230510E001.pdf","https://www.panjit.com.tw/tw/Investors/Financial_information/Investors_conference",法說會影音連結資訊:未輸 ,"無","查詢"
"2482","連宇","112/06/29","14:00","線上法說會","本公司受邀參加元大證券舉辦之線上法人說明會，說明本公司之營運概況及財務業務相關資訊。","248220230627M001.pdf","248220230627E001.pdf","https://uicpayworld.com/investor-relations/",中文影音檔網址:2482_7_20230629_ch.mp4 ,"無","查詢"
"2483","百容","112/11/03","14:30","台北市信義區信義路五段7號1樓證券交易所資訊展示中心","2023年第三季營運說明","248320231103M001.pdf","248320231103E001.pdf","http://www.ece.com.tw/zh-tw/investor-conference",法說會影音連結資訊:https://webpro.twse.com.tw/webportal/vod/101/D900927FA8EF-421973CE-7A15-11EE-9147/?categoryId=101 ,"無","查詢"
"2483","百容","112/05/09","14:30","台北市信義區信義路五段7號9樓證券交易所大會議室","2023年第一季營運說明","248320230509M001.pdf","248320230509E001.pdf","http://www.ece.com.tw/zh-tw/investor-conference",法說會影音連結資訊:https://webpro.twse.com.tw/webportal/vod/101/7D1F8672E772-8D819350-EE35-11ED-A1CF/?categoryId=101 ,"本公司將派員14:00~14:40於101辦公大樓信義路入口閘門處發放臨時出入證…","查詢"
"2484","希華","112/12/13","14:30","線上會議","本公司受邀參加統一證券舉辦之線上法人說明會","248420231214M001.pdf","248420231214E001.pdf","https://www.siward.com/tw/investors/conference-call",中文影音檔網址:2484_7_20231213_ch.mp4 ,"無","查詢"
"2485","兆赫","112/12/22","14:30","台北市忠孝東路二段95號13樓(兆豐證券13樓會議室)","本公司受邀參加兆豐證券所舉辦之法人說明會","248520231222M001.pdf","248520231222E001.pdf","",中文影音檔網址:2485_7_20231222_ch.mp4 ,"無","查詢"
"2486","一詮","112/08/10","14:30","福邦證券總公司(台北市忠孝西路一段6號7樓)","福邦證券舉辦之法人說明會，就本公司已公開之財務業務資訊作說明。","248620230810M001.pptx","248620230810E001.pptx","",中文影音檔網址:2486_9_20230810_ch.MP4 ,"無","查詢"
"2488","漢平","112/02/24","14:00","本公司生產大樓六樓(台南市仁德區中正路三段256號)","本公司2022年第四季財務暨營運報告","248820230224M001.pdf","248820230224E001.pdf","http://www.hanpin.com.tw",法說會影音連結資訊:http://www.hanpin.com.tw ,"無","查詢"
"2489","瑞軒","112/12/21","14:30","福邦證券總公司7樓(台北市忠孝西路一段6號7樓)","受邀參加福邦證券舉辦之法人說明會，就本公司已公開之財務業務資訊作說明。","248920231221M001.pdf","248920231221E001.pdf","https://www.amtran.com.tw/file.php?id=8",中文影音檔網址:2489_16_20231221_ch.MP4 ,"完整財務業務資訊請至公開資訊觀測站之法人說明會一覽表或法說會項目下查閱。","查詢"
"2491","吉祥全","112/12/22","14:00","桃園市桃園區大仁路50巷51弄19號","公司簡介與營運狀況說明","249120231222M001.pdf","249120231222E001.pdf","https://www.focl.com.tw/investor.php",中文影音檔網址:2491_7_20231222_ch.MP4 ,"無","查詢"
"2492","華新科","112/09/07","15:40","台北香格里拉遠東國際大飯店B1 (台北市敦化南路二段201號)","本公司受邀參加國泰綜合證券舉辦之第三季論壇,主要內容為本公司營運概況說明等","249220230907M001.pdf","249220230907E001.pdf","http://www.passivecomponent.com",中文影音檔網址:2492_45_20230907_ch.mp4 ,"無","查詢"
"2493","揚博","112/09/27","14:30","台北市信義區信義路5段7號1樓(證券交易所資訊展示中心)","說明本公司營運概況、業務及財務相關資訊","249320230926M001.pdf","249320230926E001.pdf","http://www.ampoc.com.tw",法說會影音連結資訊:https://webpro.twse.com.tw/WebPortal/vod/101/4DE2E655463C-CE7CACDC-5D09-11EE-AC45/?categoryId=101 ,"無","查詢"
"2495","普安","112/11/22","14:00","線上法說會","本公司受邀參加元大證券舉辦之線上法人說明會，報告本公司營運狀況。","249520231116M001.pdf","249520231116E001.pdf","https://www.infortrend.com/tw/about/investors?tab=Conference",中文影音檔網址:2495_8_20231122_ch.mp4 ,"無。","查詢"
"2496","卓越","112/12/26","14:30","台北市中正區許昌街17號15樓","本公司受邀參加福邦證券舉辦之法人說明會，說明公司營運現況及未來展望","249620231226M001.pdf","249620231226E001.pdf","https://reurl.cc/NGLXRq",法說會影音連結資訊:https://youtu.be/wCXb9A38tF4 ,"無","查詢"
"2497","怡利電","112/05/30","11:10","華南銀行總行大樓-國際會議中心202廳(台北市信義區松仁路123號2樓)","本公司受邀參加華南永昌證券企業論壇。","249720230530M001.pdf","249720230530E001.pdf","http://www.e-lead.com.tw",中文影音檔網址:2497_18_20230530_ch.mp4 ,"無","查詢"
"2497","怡利電","112/11/29","11:10","茹曦酒店2樓VIP5+6 (台北市松山區敦化北路100號2樓)","本公司受邀參加華南永昌證券舉辦之2023年第四季企業論壇。","249720231128M001.pdf","249720231128E001.pdf","https://www.e-lead.com.tw/",法說會影音連結資訊:https://1drv.ms/f/s!AlBVEbOhCbvv3xWzS-JJNo-dFV-L?e=bKyKFx ,"無","查詢"
"2498","宏達電","112/05/23","11:00","線上會議","本公司受邀參加Goldman Sachs舉辦之TechNet Conference Asia Pacific 2023，會中就本公司已公開之資訊進行說明。","249820230522M001.pdf","249820230522E001.pdf","https://investors.htc.com/tw/","","無","查詢"
"2498","宏達電","112/12/07 至 112/12/08","10:00","日本東京","本公司受邀參加Daiwa Securities舉辦之海外路演，會中就本公司已公開之資訊進行說明。","249820231206M001.pdf","249820231206E001.pdf","https://investors.htc.com/tw/","","無","查詢"
"2498","宏達電","112/03/14 至 112/03/15","09:00","臺北君悅飯店","本公司受邀參加BofA舉辦之2023 APAC TMT Conference，會中就本公司已公開之資訊進行說明。","249820230313M001.pdf","249820230313E001.pdf","https://investors.htc.com/tw/","","無","查詢"
"2498","宏達電","112/09/14","15:00","凱基證券總公司","本公司受邀參加凱基證券舉辦之法人說明會，會中就本公司已公開之資訊進行說明。","249820230914M001.pdf","249820230914E001.pdf","https://investors.htc.com/tw/",中文影音檔網址:2498_166_20230914_ch.mp4 ,"無","查詢"
"2501","國建","112/09/27","14:00","台北市大安區敦化南路2段333號10樓","本公司受邀請參加國泰證券舉辦之法人說明會，簡介本公司營運績效及策略。","250120230927M001.pdf","250120230927E001.pdf","",中文影音檔網址:2501_7_20230927_ch.mp4 ,"無","查詢"
"2504","國產","112/06/07","15:00","線上會議","本公司受邀參加第一金證券舉辦之「2023年Q2線上投資座談會」","250420230607M001.pptx","250420230607E001.pptx","",中文影音檔網址:2504_34_20230607_ch.mp4 ,"無","查詢"
"2504","國產","112/11/15","14:00","線上法說會","受邀參加元富證券舉辦法人說明會，會中就本公司已公開發布之營運及財務業務狀況做說明。","250420231115M001.pptx","250420231115E001.pptx","","","無","查詢"
"2505","國揚","112/12/01","14:30","福邦證券總公司(台北市忠孝西路一段6號14樓)","本公司受邀參加福邦證券舉辦之法人說明會,說明本公司簡介及營運概況","250520231201M001.pptx","250520231201E001.pptx","",中文影音檔網址:2505_7_20231201_ch.mp4 ,"無","查詢"
"2506","太設","112/12/21","16:00","臺灣證券交易所資訊展示中心(臺北市信義路5段7號1樓)","(1)公司概況(2)產業概況(3)營運概況(4)財務概況(5)未來展望 等說明。","250620231220M001.pdf","250620231220E001.pdf","https://www.pacific-group.com.tw/",法說會影音連結資訊:https://webpro.twse.com.tw/webportal/vod/101/5DD104CD32DA-AC79BC5A-9FDA-11EE-9EF6/?categoryId=101 ,"無。","查詢"
"2509","全坤建","112/08/15","14:30","台灣證券交易所一樓資訊展示中心","公司簡介及營運報告","250920230814M001.pdf","250920230814E001.pdf","http://www.gtg.com.tw/page/investment/doc.aspx?kind=4&amp;da=n5",法說會影音連結資訊:https://webpro.twse.com.tw/WebPortal/vod/101/3D5A2B2E678B-0B8264EF-3B3E-11EE-8E13/?categoryId=101 ,"無","查詢"
"2511","太子","112/09/05","14:00","採線上與實體現場模式舉辦(台北市信義區松高路11號21樓)","受邀參加兆豐證券舉辦之法人說明會，說明本公司財務及營運展望。","251120230905M001.pdf","251120230905E001.pdf","https://www.prince.com.tw/fr_legal_brief.php",法說會影音連結資訊:https://www.prince.com.tw/fr_legal_brief_d.php?idnum=443 ,"無","查詢"
"2511","太子","112/03/24","14:00","線上法說會","本公司受邀參加兆豐證券舉辦之線上法說會，說明本公司財務及營運展望。","251120230322M001.pdf","251120230322E001.pdf","https://www.prince.com.tw/fr_legal_brief.php",法說會影音連結資訊:https://www.prince.com.tw/fr_legal_brief_d.php?idnum=427 ,"無","查詢"
"2514","龍邦","112/11/30","16:00","線上法說會","本公司受邀參加元大證舉辦之線上法說會，就本公司已公開發布之財務數字、經營績效等相關資訊做說明。","251420231130M001.pdf","251420231130E001.pdf","http://www.longbon.com.tw",中文影音檔網址:2514_9_20231130_ch.mp4 ,"無","查詢"
"2515","中工","112/12/19","14:00","(線上法說會)","本公司受邀參加統一綜合證券企業法人部舉辦之線上法人說明會，說明本公司營運概況。","251520231218M001.pdf","251520231218E001.pdf","http://www.bes.com.tw",中文影音檔網址:2515_7_20231219_ch.mp4 ,"相關資訊依規定揭露於「公開資訊觀測站」及公司網站。","查詢"
"2516","新建","112/12/18","14:30","臺灣證券交易所1樓資訊展示中心(台北市信義區信義路五段7號1樓)","公司財務營運概況及未來展望","251620231218M002.pdf","251620231218E002.pdf","http://www.newasia.com.tw/investorEvent/index/2023",法說會影音連結資訊:https://webpro.twse.com.tw/WebPortal/vod/101/7B10A96FF4E1-0A6EB04E-9D73-11EE-B57F/?categoryId=101 ,"無","查詢"
"2520","冠德","112/08/31","14:00","臺北市大安區仁愛路四段296號15樓","(1)本公司受邀參加國泰證券舉辦之法說會，說明本公司前二季營運成果
(2)召開法人說明會當日若受颱風影響，且依據臺北市政府發
布公告之「停止上班」訊息，則該法人說明會當日將停止召
開，並予以延期舉行，後續召開之日期將再另行公告；如未有
颱風停止上班之公告訊息，將依原定日期及時間(8月31日下午
2:00)照常召開法人說明會。","252020230831M002.pdf","252020230831E002.pdf","https://www.kindom.com.tw","","無","查詢"
"2520","冠德","112/12/13","14:00","台北市大安區和平東路三段131號(冠德大樓地下一樓會議室)","本公司受邀參加國泰證券舉辦之法說會，說明本公司前三季營運成果","252020231213M001.pdf","252020231213E001.pdf","https://www.kindom.com.tw",法說會影音連結資訊:https://www.youtube.com/watch?v=R9orPUAl4vk ,"無","查詢"
"2524","京城","112/12/26","15:00","線上法說會","112年第三季公司營運狀況","252420231226M001.pdf","252420231226E001.pdf","http://www.kingtown.com.tw/06.php",中文影音檔網址:2524_12_20231226_ch.mp4 ,"無。","查詢"
"2527","宏璟","112/12/08","14:00","線上法人說明會","本公司受邀參加富邦證券舉辦之線上法人說明會，說明本公司營運概況","252720231208M001.pdf","252720231208E001.pdf","http://www.asehcc.com.tw/",中文影音檔網址:2527_7_20231208_ch.mp4 ,"無","查詢"
"2528","皇普","112/05/26","14:30","台北市忠孝西路一段6號14樓","本公司已公開之財務業務資訊作說明","252820230525M001.pptx","252820230525E001.pptx","","","無","查詢"
"2528","皇普","112/12/05","15:30","福邦證券總公司(台北市忠孝西路一段6號7樓)","受邀參加福邦證券舉辦之法人說明會，就本公司已公開之財務業務資訊作說明。","252820231204M001.pdf","252820231204E001.pdf","",中文影音檔網址:2528_8_20231205_ch.MP4 ,"無","查詢"
"2530","華建","112/12/07","15:00","線上法說會","公司簡介及營運狀況等說明","253020231211M001.pdf","253020231211E001.pdf","https://www.delpha.com.tw/investor",中文影音檔網址:2530_11_20231207_ch.mp3 ,"無","查詢"
"2534","宏盛","112/12/11","14:30","群益金鼎證券(台北市松山區民生東路三段156號11樓)","本公司受邀參加群益金鼎證券舉辦之法說會，說明本公司營運現況及展望。","253420231211M002.pdf","253420231211E002.pdf","https://www.hsc.com.tw/area2_3.php",中文影音檔網址:2534_7_20231211_ch.mp4 ,"無","查詢"
"2535","達欣工","112/08/23","14:30","線上法人說明會","本公司受邀參加凱基證券舉辦之線上法人說明會","253520230823M001.pdf","253520230823E001.pdf","https://www.dacin.com.tw/investors/calendar.php",中文影音檔網址:2535_8_20230823_ch.mp4 ,"無","查詢"
"2535","達欣工","112/12/04","14:30","線上法人說明會","本公司受邀參加凱基證券舉辦之線上法人說明會","253520231204M001.pdf","253520231204E001.pdf","https://www.dacin.com.tw/investors/calendar.php",中文影音檔網址:2535_9_20231204_ch.mp4 ,"無","查詢"
"2536","宏普","112/09/13","15:00","線上法說會","本公司受邀參加元大證券舉辦之線上法說會，報告本公司營運狀況。","253620230911M001.pdf","253620230911E001.pdf","http://www.hong-pu.com.tw/index.php/milestone20/milestone26",中文影音檔網址:2536_17_20230913_ch.mp4 ,"無完整財務業務資訊請至公開資訊觀測站之法人說明會一覽表 或法說會項目下查閱。","查詢"
"2537","聯上發","112/12/28","16:00","線上法說會","本公司受邀參加元大證券舉辦之線上產業座談會","253720231228M001.pdf","253720231228E001.pdf","https://www.5v.com.tw",中文影音檔網址:2537_7_20231228_ch.mp4 ,"無","查詢"
"2538","基泰","112/12/27","14:00","線上法人說明會","說明本公司營運概況及未來展望","253820231226M001.pdf","253820231226E001.pdf","http://www.keetai.com.tw/investment/investment001c_001.html",同步收看網址：:http://www.zucast.com/webcast/8voMC3vv 法說會影音連結資訊:http://www.zucast.com/webcast/8voMC3vv ,"無","查詢"
"2539","櫻花建","112/12/06","14:00","線上法說會","本公司受邀參加台新證券舉辦之線上法說會，說明本公司營運現況及展望。","253920231205M002.pdf","253920231205E002.pdf","https://www.sakurad.com.tw",中文影音檔網址:2539_7_20231206_ch.mp4 ,"無","查詢"
"2540","愛山林","112/12/20","14:00","台北市中山區興安街60號B2","本公司受邀參加國泰證券舉辦之法人說明會","254020231220M001.pdf","254020231220E001.pdf","https://www.isanlin.com/stock",中文影音檔網址:2540_9_20231220_ch.mp4 ,"無","查詢"
"2542","興富發","112/11/23","14:00","統一證券集團大樓15F會議室(台北市松山區東興路8號15F)","本公司受邀參加統一綜合證券舉辦之法人說明會，會中說明本公司之財務及營運概況。","254220231123M001.pdf","254220231123E001.pdf","https://www.highwealth.com.tw/stakeholder.php?data_type=stock&amp;page_type=law",法說會影音連結資訊:https://www.youtube.com/watch?v=4GDTZvdycjk ,"無","查詢"
"2543","皇昌","112/11/21","16:00","台北市敦化南路二段97號11樓(元富證券11樓教育訓練室)","本公司受邀參加元富證券舉辦之法人說明會，會議中說明本公司財務暨營運概況","254320231121M001.pdf","254320231121E001.pdf","http://www.hcgc.com.tw/",法說會影音連結資訊:https://www.youtube.com/watch?v=iDtn-7xGk1M ,"無","查詢"
"2545","皇翔","112/11/16","15:00","線上法說會","本公司受邀參加元大證券舉辦之線上法說會，報告本公司營運狀營運狀況","254520231116M001.pdf","254520231116E001.pdf","",中文影音檔網址:2545_7_20231116_ch.mp4 ,"無","查詢"
"2546","根基","112/12/13","14:30","台北市大安區和平東路三段131號(冠德大樓地下一樓會議室)","本公司受邀參加國泰證券舉辦之法說會，說明本公司前三季營運成果","254620231213M001.pdf","254620231213E001.pdf","https://www.kedge.com.tw/",法說會影音連結資訊:https://youtu.be/2U2afzxnUsk ,"無","查詢"
"2546","根基","112/08/31","14:30","臺北市大安區仁愛路四段296號15樓","(1)本公司受邀參加國泰證券舉辦之法說會，說明本公司前二季營運成果
(2)召開法人說明會當日若受颱風影響，且依據臺北市政府發布公告之「停止上班」訊息，則該法人說明會當日將停止召開，並予以延期舉行，後續召開之日期將再另行公告；如未有颱風停止上班之公告訊息，將依原定日期及時間(8月31日下午2:30)照常召開法人說明會。","254620230831M001.pdf","254620230831E001.pdf","http://www.kedge.com.tw","","無","查詢"
"2547","日勝生","112/11/16","14:00","線上法說會","本公司受邀參加元大證券舉辦之線上法人說明會，說明本公司營運概況。","254720231116M001.pdf","254720231116E001.pdf","https://www.radium.com.tw/",法說會影音連結資訊:https://www.youtube.com/watch?v=nzFbFMvQP_w ,"無。","查詢"
"2547","日勝生","112/05/19","14:30","線上法說會","本公司受邀參加凱基證券舉辦之線上法人說明會，說明本公司營運概況。","254720230519M002.pdf","254720230519E002.pdf","https://www.radium.com.tw/",法說會影音連結資訊:https://www.youtube.com/watch?v=sVSkkQHnU4g ,"無。","查詢"
"2548","華固","112/06/07","11:15","台北文創。","本公司受邀參加元富證券舉辦之實體法說會，說明本公司營運現況及展望。","254820230606M001.pdf","254820230606E001.pdf","","","完整財務業務資訊請至公開資訊觀測站之法人說明會一覽表或法說會項目下查閱。","查詢"
"2548","華固","112/12/15","14:00","國泰證券(台北市敦化南路二段333號10樓)","本公司受邀參加國泰證券舉辦之實體法說會，說明本公司營運現況及展望。","254820231214M001.pptx","254820231214E001.pptx","","","完整財務業務資訊請至公開資訊觀測站之法人說明會一覽表或法說會項目下查閱。","查詢"
"2548","華固","112/09/27","14:00","兆豐證券(台北市忠孝東路二段95號13樓)","本公司受邀參加兆豐證券舉辦之實體法說會，說明本公司營運現況及展望。","254820230926M001.pdf","254820230926E001.pdf","",中文影音檔網址:2548_87_20230927_ch.mp4 ,"完整財務業務資訊請至公開資訊觀測站之法人說明會一覽表或法說會項目下查閱。","查詢"
"2548","華固","112/03/02","10:00","台北君悅酒店。","本公司受邀參加統一證券舉辦之實體法說會，說明本公司營運現況及展望。","254820230301M001.pdf","254820230301E001.pdf","","","完整財務業務資訊請至公開資訊觀測站之法人說明會一覽表或法說會項目下查閱。","查詢"
"2597","潤弘","112/11/29","16:00","臺灣證券交易所1樓資訊展示中心(台北市信義路五段7號)","說明本公司近期之營運成果與未來展望","259720231129M001.pdf","259720231129E001.pdf","https://www.rtc.com.tw",法說會影音連結資訊:https://webpro.twse.com.tw/WebPortal/vod/101/A7726E10C387-2DD0398A-8E9B-11EE-AF53/?categoryId=101 ,"無","查詢"
"2601","益航","112/12/14","14:30","證券交易所資訊展示中心(台北市信義區信義路五段7號1樓)","公司簡報與營運概況說明","260120231213M001.pdf","260120231213E001.pdf","https://www.firsteam.com.tw/index.html",同步收看網址：:https://webpro.twse.com.tw/webportal/schedule/ 法說會影音連結資訊:https://webpro.twse.com.tw/webportal/vod/101/7B10A96FF4E1-4A3BFB24-9A50-11EE-B57F/?categoryId=101 ,"無","查詢"
"2603","長榮","112/10/06","14:00","張榮發基金會國際會議中心11樓
(台北市中正區中山南路11號11樓)","受邀參加永豐金證券舉辦之法說會，說明本公司之營運概況。","260320231006M001.pdf","260320231006E001.pdf","https://www.evergreen-marine.com/emc/financial/jsp/EMC_InvestorConference.jsp?lang=zh-tw",法說會影音連結資訊:https://www.evergreen-marine.com/emc/financial/jsp/EMC_InvestorConference.jsp?lang=zh-tw ,"欲參加者需事先報名，請洽永豐金鄒小姐(02)23823207或E-MAIL:joyce.tsou@sinopac.com","查詢"
"2603","長榮","112/04/14","15:00","張榮發基金會國際會議中心11樓(台北市中正區中山南路11號11樓)","受邀參加永豐金證券舉辦之法說會，說明本公司之營運概況。","260320230414M001.pdf","260320230414E001.pdf","https://csr.evergreen-marine.com/csr/tw/jsp/CSR_InvestorConference.jsp",法說會影音連結資訊:https://csr.evergreen-marine.com/csr/tw/jsp/CSR_InvestorConference.jsp ,"欲參加者需事先報名，請洽永豐金鄒小姐(02)23823207或E-MAIL:joyce.tsou@sinopac.com","查詢"
"2605","新興","112/11/17","14:30","台北市大安區復興南路一段368號14樓","2023年市場概況及業績展望。","260520231116M001.pdf","260520231116E001.pdf","https://www.snc.com.tw",中文影音檔網址:2605_22_20231117_ch.mp4 ,"無","查詢"
"2605","新興","112/08/18","14:30","台北市大安區復興南路一段368號14樓","2023年市場概況及業績展望。","260520230817M001.pdf","260520230817E001.pdf","https://www.snc.com.tw",中文影音檔網址:2605_21_20230818_ch.mp4 ,"無","查詢"
"2606","裕民","112/06/16","14:00","台北市敦化南路二段207號遠企大樓29樓","本公司舉辦2023年第二季法人說明會","260620230615M001.pdf","260620230615E001.pdf","http://www.uming.com.tw/investors/Financial.aspx?ID=INC0001",法說會影音連結資訊:https://www.youtube.com/watch?v=OU5o9vWhwHE ,"法說會資料揭露於公開資訊觀測站之法說會專區","查詢"
"2606","裕民","112/08/17","14:00","本次為線上舉辦","本公司受邀參加中國信託證券舉辦之線上投資論壇","260620230816M001.pdf","260620230816E001.pdf","http://www.uming.com.tw/investors/Financial.aspx?ID=INC0001",法說會影音連結資訊:https://youtu.be/BL6ClNJ3JVw ,"法說會資料揭露於公開資訊觀測站之法說會專區","查詢"
"2606","裕民","112/11/16","14:00","本次為線上舉辦","本公司受邀參加第一金證券舉辦之第3季線上法說會","260620231116M001.pdf","260620231116E001.pdf","http://www.uming.com.tw/investors/Financial.aspx?ID=INC0001","","法說會資料揭露於公開資訊觀測站之法說會專區","查詢"
"2606","裕民","112/02/22","14:00","臺北文創-台北市信義區菸廠路88號6F","本公司受邀參加元富證券所舉辦之「2023春季產業投資論壇」","260620230221M001.pdf","260620230221E001.pdf","http://www.uming.com.tw/investors/Financial.aspx?ID=INC0001","","法說會資料揭露於公開資訊觀測站之法說會專區","查詢"
"2607","榮運","112/04/14","16:00","張榮發基金會國際會議中心11樓(台北市中正區中山南路11號)","受邀參加永豐金證券舉辦之法人說明會，說明本公司之營運概況。","260720230414M001.pdf","260720230414E001.pdf","https://www.evergreen-eitc.com.tw/eitchtdocs/jsp/c_7/c_7_2_5.jsp",法說會影音連結資訊:未輸 ,"參加者需事先報名，請洽永豐金鄒小姐(02)23823207或E-MAIL:joyce.tsou@sinopac.com","查詢"
"2607","榮運","112/10/06","15:00","張榮發基金會國際會議中心11樓(台北市中正區中山南路11號)","受邀參加永豐金證券舉辦之法人說明會，說明本公司之營運概況。","260720231006M001.pdf","260720231006E001.pdf","https://www.evergreen-eitc.com.tw/eitchtdocs/jsp/c_7/c_7_2_5.jsp",法說會影音連結資訊:https://www.evergreen-eitc.com.tw/eitchtdocs/jsp/c_7/c_7_2_5.jsp ,"參加者需事先報名，請洽永豐金鄒小姐(02)23823207或E-MAIL:joyce.tsou@sinopac.com","查詢"
"2608","嘉里大榮","112/12/07","14:30","台北市信義區信義路五段7號1樓(台灣證券交易所資訊展示中心)","112年前三季業績發表會","260820231207M001.pdf","260820231207E001.pdf","https://www.kerrytj.com",同步收看網址：:https://webpro.twse.com.tw 法說會影音連結資訊:https://webpro.twse.com.tw/WebPortal/vod/101/7B10A96FF4E1-A16E482E-94D8-11EE-B57F/?categoryId=101 ,"無。","查詢"
"2608","嘉里大榮","112/08/30","14:30","台北市信義區信義路五段7號1樓(台灣證券交易所資訊展示中心)","112年上半年業績發表會","260820230830M001.pdf","260820230830E001.pdf","https://www.kerrytj.com",同步收看網址：:https://webpro.twse.com.tw 法說會影音連結資訊:https://webpro.twse.com.tw/WebPortal/vod/101/3D5A2B2E678B-120A2843-4708-11EE-8E13/?categoryId=101 ,"無。","查詢"
"2609","陽明","112/12/04","15:00","台北市松山區民生東路3段156號11F","本公司受邀參加由群益金鼎證券股份有限公司舉辦之法說會，說明本公司之營運概況、財務及業務相關資訊。","260920231204M001.pdf","260920231204E001.pdf","https://www.yangming.com/investor_relations/TwShareholder_Services/investor_conference.aspx",中文影音檔網址:2609_20_20231204_ch.mp4 ,"無","查詢"
"2609","陽明","112/03/22","14:00","線上法說會","本公司受邀參加由群益金鼎綜合證券股份有限公司舉辦之線上法說會，說明本公司之營運概況、財務及業務相關資訊。","260920230322M001.pdf","260920230322E001.pdf","https://www.yangming.com/investor_relations/TwShareholder_Services/investor_conference.aspx","","無","查詢"
"2609","陽明","112/06/07","15:00","台北市明水路700號 凱基證券12F會議室","本公司受邀參加由凱基證券股份有限公司舉辦之法說會，說明本公司之營運概況、財務及業務相關資訊。","260920230607M001.pdf","260920230607E001.pdf","https://www.yangming.com/investor_relations/TwShareholder_Services/investor_conference.aspx",中文影音檔網址:2609_18_20230607_ch.mp4 ,"無","查詢"
"2609","陽明","112/09/20","14:00","線上法說會","本公司受邀參加由元大證券股份有限公司舉辦之線上法說會，說明本公司之營運概況、財務及業務相關資訊。","260920230920M001.pdf","260920230920E001.pdf","https://www.yangming.com/investor_relations/TwShareholder_Services/investor_conference.aspx",中文影音檔網址:2609_19_20230920_ch.mp4 ,"無","查詢"
"2610","華航","112/11/23","14:00","台北市中山北路二段39巷3號。(台北晶華酒店)","本公司受邀參加台新證券舉辦之【台新2023 年第四季全球投資論壇】，會中說明本公司營運概況。","261020231123M001.pdf","261020231123E001.pdf","https://www.china-airlines.com/tw/zh/investor-relations/index","","無。","查詢"
"2610","華航","112/06/13","14:30","台北君悅酒店(台北市信義區松壽路2號1樓-君寓一會議室)","本公司受邀參加台新綜合證券舉辦之法人說明會。","261020230613M001.pdf","261020230613E001.pdf","https://www.china-airlines.com/tw/zh/investor-relations/index",中文影音檔網址:2610_20_20230613_ch.mp4 ,"無。","查詢"
"2611","志信","112/08/30","14:00","線上法說會","111年度及112年上半年度營運及財務業務相關資訊報告","261120230830M001.pdf","261120230830E001.pdf","https://www.tsgroup.com.tw/menu/19.htm",中文影音檔網址:2611_8_20230830_ch.mp4 ,"網路會議網址：https://youtube.com/live/IobaNZ6j39k?feature=share","查詢"
"2611","志信","112/12/22","15:00","線上法說會","111年度及112年前三季營運及財務業務相關資訊報告","261120231222M001.pdf","261120231222E001.pdf","https://www.tsgroup.com.tw/menu/19.htm",中文影音檔網址:2611_9_20231222_ch.mp4 ,"網路會議網址：https://www.youtube.com/watch?v=AtS2SFW0vfA","查詢"
"2612","中航","112/12/25","14:00","線上法說會","說明產業現況及本公司經營績效等","261220231222M001.pdf","261220231222E001.pdf","https://cmt.tw",同步收看網址：:https://youtube.com/live/2sVtegEI0fI?feature=share 法說會影音連結資訊:https://youtube.com/live/2sVtegEI0fI?feature=share ,"無","查詢"
"2612","中航","112/06/17","10:30","線上法說會","說明產業現況及本公司經營績效等","261220230616M001.pdf","261220230616E001.pdf","http://www.cmt.tw",同步收看網址：:https://youtube.com/live/jgNC3_8pANg?feature=share 法說會影音連結資訊:https://youtube.com/live/jgNC3_8pANg?feature=share ,"無","查詢"
"2612","中航","112/09/23","10:30","線上法說會","說明產業現況及本公司經營績效等","261220230921M001.pdf","261220230921E001.pdf","http://www.cmt.tw",同步收看網址：:https://youtube.com/live/jmdLTVQMsxo?feature=share 法說會影音連結資訊:https://youtube.com/live/jmdLTVQMsxo?feature=share ,"無","查詢"
"2612","中航","112/03/27","14:00","線上法說會","說明產業現況及本公司經營績效等","261220230324M001.pdf","261220230324E001.pdf","http://www.cmt.tw",同步收看網址：:https://youtube.com/live/YXNnI9-Vf7Q?feature=share 法說會影音連結資訊:https://youtube.com/live/YXNnI9-Vf7Q?feature=share ,"無","查詢"
"2613","中櫃","112/05/18","15:00","線上法人說明會","本公司受邀參加富邦證券舉辦之線上法人說明會，說明112年第一季的營運概況。","261320230518M001.pdf","261320230518E001.pdf","",中文影音檔網址:2613_10_20230518_ch.mp4 ,"無","查詢"
"2613","中櫃","112/11/24","15:00","線上法人說明會","本公司受邀參加富邦證券舉辦之線上法人說明會，說明112 年第三季的營運概況。","261320231124M001.pdf","261320231124E001.pdf","https://www.cctcorp.com.tw/investor.php",中文影音檔網址:2613_11_20231124_ch.mp4 ,"無","查詢"
"2614","東森","112/12/26","14:00","台灣證券交易所1F(資訊展示中心)","112年營運成果暨近期發展概況","261420231225M001.pdf","261420231225E001.pdf","",法說會影音連結資訊:https://webpro.twse.com.tw/WebPortal/vod/101/5DD104CD32DA-BC4152B8-A3C0-11EE-9EF6/?categoryId=101 ,"14:00報到，14:30會議開始","查詢"
"2615","萬海","112/10/18 至 112/10/19","14:30","雅典","本公司受邀參加Global Maritime Forum於雅典舉辦之法人說明會，會中以本公司112年度第二季財報內容為主，並做航運業之營運簡介","261520231017M001.pdf","261520231017E001.pdf","https://tw.wanhai.com","","無","查詢"
"2615","萬海","112/08/30","10:00","台北","本公司受邀參加HSBC於台北舉辦之法人說明會，會中以本公司112年度第二季財報內容為主，並做航運業之營運簡介","261520230829M002.pdf","261520230829E002.pdf","https://tw.wanhai.com","","若因颱風影響，政府機關宣布停班，則改為線上法說會","查詢"
"2615","萬海","112/03/31","14:30","線上法說會","本公司受邀參加群益金鼎證券舉辦之線上法人說明會，會中以本公司111年度財報內容為主，並做航運業之營運簡介","261520230330M002.pdf","261520230330E002.pdf","https://tw.wanhai.com",法說會影音連結資訊:https://tw.wanhai.com ,"無","查詢"
"2615","萬海","112/06/06 至 112/06/08","10:00","香港","本公司受邀參加HSBC於香港舉辦之法人說明會，會中以本公司112年度第一季財報內容為主，並做航運業之營運簡介","261520230605M001.pdf","261520230605E001.pdf","https://tw.wanhai.com","","無","查詢"
"2616","山隆","112/08/18","16:00","線上視訊會議","112年Q2公司概況及未來發展","261620230818M001.pdf","261620230818E001.pdf","http://w3.slc.com.tw",中文影音檔網址:2616_8_20230818_ch.mp4 ,"線上視訊會議網址:https://reurl.cc/kXzo03","查詢"
"2617","台航","112/10/26","14:00","臺灣證券交易所一樓資訊展示中心(台北市信義區信義路五段7號1樓)","業務簡介、產業現況、展望與策略","261720231026M001.pdf","261720231026E001.pdf","http://www.taiwanline.com.tw",:未輸 法說會影音連結資訊:https://webpro.twse.com.tw/WebPortal/vod/101/D900927FA8EF-0FC682CB-73D5-11EE-9147/?categoryId=101 ,"無","查詢"
"2618","長榮航","112/05/31","15:00","張榮發基金會國際會議中心會議廳
(台北市中正區中山南路11號8樓)","受邀參加由凱基證券舉辦之法人說明會，說明本公司之營運概況。","261820230531M001.pdf","261820230531E001.pdf","https://www.evaair.com/zh-tw/about-eva-air/investor-relations/presentations/","","無","查詢"
"2618","長榮航","112/11/27","15:00","張榮發基金會國際會議中心會議廳
(台北市中正區中山南路11號10樓)","受邀參加由凱基證券舉辦之法人說明會，說明本公司之營運概況。","261820231127M001.pdf","261820231127E001.pdf","https://www.evaair.com/zh-tw/about-eva-air/investor-relations/presentations/",法說會影音連結資訊:https://www.evaair.com/zh-tw/about-eva-air/investor-relations/presentations/ ,"無","查詢"
"2630","亞航","112/09/21","14:00","台北市松山區東興路8號15樓(統一證券集團大樓15樓)","本公司受邀參加統一證券舉辦之法人說明會，說明財務業務
概況。","263020230921M001.pdf","263020230921E001.pdf","http://www.airasia.com.tw/index.php?option=module&amp;lang=cht&amp;task=showlist&amp;id=385&amp;index=3",法說會影音連結資訊:https://www.youtube.com/@AACLAIRASIA/featured ,"無","查詢"
"2633","台灣高鐵","112/12/04","16:00","線上法人說明會","公司營運狀況說明","263320231201M002.pdf","263320231201E002.pdf","http://www.thsrc.com.tw","","無","查詢"
"2633","台灣高鐵","112/06/16","14:30","線上法人說明會","公司營運狀況說明","263320230615M001.pptx","263320230615E001.pptx","http://www.thsrc.com.tw",中文影音檔網址:2633_29_20230616_ch.mp4 ,"無","查詢"
"2633","台灣高鐵","112/09/19","14:30","線上法人說明會","公司營運狀況說明","263320230918M001.pptx","263320230918E001.pptx","http://www.thsrc.com.tw",法說會影音連結資訊:未輸 ,"無","查詢"
"2633","台灣高鐵","112/12/19","14:30","線上法人說明會","公司營運狀況說明","263320231218M001.pdf","263320231218E001.pdf","http://www.thsrc.com.tw",法說會影音連結資訊:未輸 ,"無","查詢"
"2633","台灣高鐵","112/03/20","14:30","線上法人說明會","公司營運狀況說明","263320230317M001.pdf","263320230317E001.pdf","http://www.thsrc.com.tw",法說會影音連結資訊:https://webpro.twse.com.tw/WebPortal/vod/101/3B8E295B393F-363900E4-C706-11ED-ADD4/?categoryId=101 ,"無","查詢"
"2634","漢翔","112/06/06","14:00","線上法人說明會","本公司受邀參加第一金證券舉辦之線上法人說明會，將由公司經營團隊說明市場概況、經營實績與財務狀況。","263420230605M001.pdf","263420230605E001.pdf","http://www.aidc.com.tw/tw/investor/conference","","無。","查詢"
"2634","漢翔","112/12/20","14:30","線上法人說明會","本公司受邀參加元大證券舉辦之線上法人說明會，將由公司經營團隊說明市場概況、經營實績與財務狀況。","263420231220M001.pdf","263420231220E001.pdf","http://www.aidc.com.tw/tw/investor/conference","","無","查詢"
"2634","漢翔","112/03/10","14:30","線上法人說明會","本公司受邀參加福邦證券舉辦之線上法人說明會，將由公司經營團隊說明市場概況、經營實績與財務狀況。","263420230309M001.pdf","263420230309E001.pdf","http://www.aidc.com.tw/tw/investor/conference",中文影音檔網址:2634_25_20230310_ch.mp4 ,"法人說明會14點00分入場， 14點30分會議開始","查詢"
"2634","漢翔","112/08/22","14:30","台北國際會議中心102會議室(台北市信義區信義路五段1號)","漢翔公司自辦法人說明會，由公司經營團隊說明市場概況、經營實績與財務狀況。","263420230822M001.pdf","263420230822E001.pdf","http://www.aidc.com.tw/tw/investor/conference",中文影音檔網址:2634_27_20230822_ch.mp4 ,"法人說明會14點00分入場， 14點30分會議開始","查詢"
"2636","台驊控股","112/11/07","14:30","富邦證券(台北市大安區仁愛路四段169號15樓)","2023年第三季公司營運狀況","263620231107M001.pdf","263620231107E001.pdf","http://www.t3ex-group.com",法說會影音連結資訊:https://drive.google.com/file/d/12J59HdRF4jDOlvMfHDspZ2ygzjjibfXT/view?usp=drive_link ,"無","查詢"
"2636","台驊控股","112/06/06","14:00","線上法人說明會","本公司受邀參加「第一金證券2023年6月線上投資論壇」，說明公司營運狀況、產業發展及未來展望。","263620230606M001.pdf","263620230606E001.pdf","https://www.t3ex-group.com",同步收看網址：:https://firstsec.webex.com/firstsec/j.php?MTID=m5f949a5e84a2aca0b1d6f7de9713f28b ,"無","查詢"
"2637","慧洋-KY","112/04/10","15:20","臺灣證券交易所1樓資訊展示中心(台北市信義路五段7號)","受邀參加臺灣證券交易所舉辦之112年第1季財務業務說明會，就本公司財務及業務狀況做說明。","263720230410M002.pdf","263720230410E002.pdf","http://www.wisdomlines.com.tw/wisdom/php/finacial_statements2.php",同步收看網址：:https://webpro.twse.com.tw/webportal/?liveChannelId=1 法說會影音連結資訊:https://webpro.twse.com.tw/webportal/vod/101/3B8E295B393F-D2053FAC-D778-11ED-ADD4/?categoryId=101 ,"簡報資料請參閱公開訊觀測站或本公司網站之投資人服務專區。","查詢"
"2637","慧洋-KY","112/11/15","16:00","UBS 台北辦公室(台北市信義區松仁路7號5F)","本公司受邀參加UBS Taiwan SMID Corporate Day 2023，就公司財務及業務狀況做說明。","263720231114M001.pdf","263720231114E001.pdf","https://www.wisdomlines.com.tw/ir/main?pg=financial_r_download","","無","查詢"
"2642","宅配通","112/12/27","14:30","以線上方式於統一綜合證券召開","(1)公司概況
(2)2023年到Q3營運獲利表現
(3)2024年策略方向及未來展望","264220231226M001.pptx","264220231226E001.pptx","https://www.e-can.com.tw/Invest14.aspx",法說會影音連結資訊:https://promote.pscnet.com.tw/html/test/2642.mp4 ,"無","查詢"
"2642","宅配通","112/08/29","14:00","以線上方式於統一綜合證券召開","(1)公司概況
(2)2023年上半年營運表現
(3)未來展望","264220230825M001.pdf","264220230825E001.pdf","https://www.e-can.com.tw/Invest14.aspx",法說會影音連結資訊:https://promote.pscnet.com.tw/html/test/2642.mp4 ,"無","查詢"
"2645","長榮航太","112/11/27","16:00","張榮發基金會國際會議中心會議廳 (台北市中正區中山南路11號10樓)","受邀參加由凱基證券舉辦之法人說明會，說明本公司之營運概況。","264520231127M001.pdf","264520231127E001.pdf","",法說會影音連結資訊:https://www.youtube.com/watch?v=FdL2taQ_ZPM ,"無。","查詢"
"2645","長榮航太","112/02/08","14:30","財團法人張榮發基金會11F 1101廳(台北市中正區中山南路11號11F)","一、依據「臺灣證券交易所股份有限公司有價證券初次上市前業績發表會實施要點」規定，辦理股票上市前業績發表會
二、本次業績發表會將由本公司經營團隊說明產業發展、財務業務狀況、未來風險、公司治理、企業社會責任及臺灣證券交易所股份有限公司董事會暨上市審議委員會要求補充揭露事項等項目。","264520230209M001.pdf","264520230209E001.pdf","https://www.egat.com.tw/zh-hant/investor-services/presentation-information/","","相關資訊請至公開資訊觀測站之法人說明會一覽表或法說會項目下查閱","查詢"
"2701","萬企","112/12/05","14:30","台北市萬華區峨眉街52號6樓","簡報本公司營運及財務狀況","270120231205M001.pdf","270120231205E001.pdf","http://www.wanhwa.com.tw/",法說會影音連結資訊:http://www.wanhwa.com.tw/textFiles/investor/investor7/investorConference2023vedio.html ,"無","查詢"
"2702","華園","112/12/21","16:30","採線上會議方式進行","本公司2023年第三季業績說明會","270220231220M001.pdf","270220231220E001.pdf","https://www.hotelhg.com.tw/new-detail/73/",法說會影音連結資訊:https://drive.google.com/file/d/1kxYjGKsY2Or8cNJrx-dp710rsKSJ-FNQ/view ,"完整財務業務資訊請至公開資訊觀測站之法人說明會一覽表或法說會項目下查閱。","查詢"
"2704","國賓","112/12/19","16:00","臺灣證券交易所1樓資訊展示中心(台北市信義路五段7號)","說明本公司之營運概況、財務及業務相關資訊。","270420231219M001.pdf","270420231219E001.pdf","https://investor.ambassador-hotels.com/LegalConference.htm",同步收看網址：:https://webpro.twse.com.tw/WebPortal/vod/101/7B10A96FF4E1-A998A119-9E48-11EE-B57F/?categoryId=101 法說會影音連結資訊:https://webpro.twse.com.tw/WebPortal/vod/101/7B10A96FF4E1-A998A119-9E48-11EE-B57F/?categoryId=101 ,"無","查詢"
"2705","六福","112/06/20","14:30","台北市建國北路一段96號12樓(台証大樓)","本公司受邀參加台新證券舉辦之法人說明會","270520230620M001.pdf","270520230620E001.pdf","http://www.leofoo.com.tw/zh-TW/?Nsn=380&amp;Ssn=3182",中文影音檔網址:2705_8_20230620_ch.mp4 ,"無","查詢"
"2705","六福","112/12/22","14:30","台北市忠孝東路二段95號13樓(兆豐證券)","本公司受邀參加兆豐證券舉辦之法人說明會，說明公司經營實績及未來展望。","270520231222M001.pdf","270520231222E001.pdf","http://www.leofoo.com.tw/zh-TW/?Nsn=380&amp;Ssn=3182",法說會影音連結資訊:未輸 ,"無","查詢"
"2706","第一店","112/12/08","14:30","臺北市南京東路2段63號","依規定自辦法人說明會","270620231207M001.pdf","270620231207E001.pdf","http://twfirsthotel.com.tw/",法說會影音連結資訊:https://twfirsthotel.com.tw/textFiles/investor/investor8/investorConference2023vedio.html ,"無","查詢"
"2707","晶華","112/08/25","15:15","台北晶華酒店4樓(台北市中山北路二段39巷3號)","本公司受邀參加台新證券舉辦之「台新2023第三季全球投資論壇」","270720230825M001.pdf","270720230825E001.pdf","https://digital.silkshotelgroup.com/Investment","","無","查詢"
"2707","晶華","112/06/09","10:50","台北晶華酒店4樓(台北市中山北路二段39巷3號)","本公司受邀參加元大證券舉辦之第二季投資論壇","270720230608M001.pdf","270720230608E001.pdf","https://digital.silkshotelgroup.com/Investment","","無","查詢"
"2707","晶華","112/06/12","16:00","Webex線上會議","本公司受邀參加證交所、台灣董事學會及安擘諮詢共同舉辦之外資論壇「站在全球地緣政治變動新時代的浪尖」","270720230608M001.pdf","270720230608E001.pdf","https://digital.silkshotelgroup.com/Investment","","無","查詢"
"2707","晶華","112/02/21","14:00","台北晶華酒店4樓(台北市中山北路二段39巷3號)","本公司受邀參加台新證券舉辦之「台新2023第一季全球投資論壇」","270720230221M001.pdf","270720230221E001.pdf","https://digital.silkshotelgroup.com/Investment",法說會影音連結資訊:https://youtu.be/E7jntRPkqy0 ,"無","查詢"
"2712","遠雄來","112/11/24","14:00","線上法說會","本公司受邀參加元大證券舉辦之線上法說會，報告本公司營運狀營運狀況。","271220231124M001.pdf","271220231124E001.pdf","https://www.farglory-hotel.com.tw/investors/reports/investor-conference/",中文影音檔網址:2712_11_20231124_ch.mp4 ,"無","查詢"
"2722","夏都","112/06/29","14:00","線上會議。","本公司受邀參加統一證券國際法人部舉辦之線上法人說明會。","272220230628M002.pdf","272220230628E002.pdf","https://www.chateau-hotels.com.tw/investors/calendar.php",中文影音檔網址:2722_20_20230629_ch.mp4 ,"無。","查詢"
"2722","夏都","112/11/30","14:00","線上會議。","本公司受邀參加統一證券國際法人部舉辦之線上法人說明會。","272220231129M001.pdf","272220231129E001.pdf","https://www.chateau-hotels.com.tw/investors/calendar.php",中文影音檔網址:2722_22_20231130_ch.mp4 ,"無。","查詢"
"2722","夏都","112/09/26","14:00","線上會議。","本公司受邀參加統一證券國際法人部舉辦之線上法人說明會。","272220230925M001.pdf","272220230925E001.pdf","https://www.chateau-hotels.com.tw/investors/calendar.php",中文影音檔網址:2722_21_20230926_ch.mp4 ,"無。","查詢"
"2722","夏都","112/03/31","14:00","線上會議。","本公司受邀參加統一證券國際法人部舉辦之線上法人說明會。","272220230330M002.pdf","272220230330E002.pdf","https://www.chateau-hotels.com.tw/investors/calendar.php",中文影音檔網址:2722_19_20230331_ch.mp4 ,"無。","查詢"
"2723","美食-KY","112/05/12","14:00","台北市仁愛路四段169號","本公司受邀參加富邦證券舉辦之法人說明會","272320230511M001.pdf","272320230511E001.pdf","https://www.85cafe.com/InvestorRelations02_04.php","","無","查詢"
"2723","美食-KY","112/09/01","14:00","台北市復興南路一段209號","本公司受邀參加元富證券舉辦之法人說明會","272320230831M001.pdf","272320230831E001.pdf","https://www.85cafe.com/InvestorRelations02_04.php","","無","查詢"
"2723","美食-KY","112/11/17","14:00","台北市南京東路三段219號","本公司受邀參加元大證券舉辦之法人說明會","272320231116M001.pdf","272320231116E001.pdf","https://www.85cafe.com/InvestorRelations02_04.php","","無","查詢"
"2723","美食-KY","112/03/23","14:00","線上","本公司受邀參加康和證券舉辦之線上法人說明會","272320230322M001.pdf","272320230322E001.pdf","https://www.85cafe.com/InvestorRelations02_04.php",中文影音檔網址:2723_171_20230323_ch.mp4 ,"無","查詢"
"2727","王品","112/08/10","14:30","&#29319;亞會議中心(台北市復興北路99號6樓A廳)","本公司受邀參加富邦證券舉辦之法人說明會","272720230809M001.pdf","272720230809E001.pdf","https://www.wowprime.com/zh-tw/investors-sub-menu/stockholder/earnings-call","","無","查詢"
"2727","王品","112/05/23","14:00","台北君悅酒店3樓 (台北市松壽路2號3樓)","本公司受邀參加台新證券舉辦之2023年第二季全球投資論壇","272720230522M001.pdf","272720230522E001.pdf","https://www.wowprime.com/zh-tw/investors-sub-menu/stockholder/earnings-call",法說會影音連結資訊:https://www.youtube.com/watch?v=OL57Guus7Mg&list=PLvN74fDlTU4n9lFQQ3D6ybLlapgUa-yc0 ,"無","查詢"
"2727","王品","112/06/13","10:00","Webex線上會議","公司受邀參加證交所、台灣董事學會及安擘諮詢共同舉辦之外資論壇「站在全球地緣政治變動新時代的浪尖」","272720230612M001.pdf","272720230612E001.pdf","https://www.wowprime.com/zh-tw/investors-sub-menu/stockholder/earnings-call","","無","查詢"
"2727","王品","112/02/16","14:30","&#29319;亞會議中心(台北市復興北路99號2樓206會議室)","本公司受邀參加富邦證券舉辦之法人說明會","272720230215M001.pdf","272720230215E001.pdf","https://www.wowprime.com/zh-tw/investors-sub-menu/stockholder/earnings-call","","無","查詢"
"2727","王品","112/09/07","14:35","台北香格里拉遠東國際大飯店B1 (台北市敦化南路二段201號)","本公司受邀參加國泰綜合證券舉辦之2023年第三季產業論壇","272720230906M001.pdf","272720230906E001.pdf","https://www.wowprime.com/zh-tw/investors-sub-menu/stockholder/earnings-call","","無","查詢"
"2731","雄獅","112/11/23","15:15","台北市中山區中山北路二段39巷3號4樓(台北晶華酒店會議室)","本公司受邀參加台新證券舉辦之法人說明會，會中就本公司已公開發佈之財務數字、經營績效等相關資訊做說明。","273120231123M001.pdf","273120231123E001.pdf","https://www.liontravel.com/info/investors/",法說會影音連結資訊:未輸 ,"無","查詢"
"2731","雄獅","112/04/11","15:10","台灣證券交易所1樓資訊展示中心
台北市信義區信義路5段7號 (101大樓)","本公司受邀參加台灣證交所與永豐金證券合作舉辦之法人說明會，會中就本公司已公開發佈之財務數字、經營績效等相關資訊做說明。","273120230411M001.pdf","273120230411E001.pdf","https://www.liontravel.com/info/investors/",同步收看網址：:https://webpro.twse.com.tw/webportal/?liveChannelId=1 法說會影音連結資訊:https://webpro.twse.com.tw/webportal/vod/101/3B8E295B393F-440C0140-D83F-11ED-ADD4/?categoryId=101 ,"完整財務業務資訊請至公開資訊觀測站之法人說明會一覽表或法說會項下查閱。","查詢"
"2739","寒舍","112/08/17","14:30","台北喜來登大飯店B2月星廳(台北市忠孝東路一段12號B2）","本公司受邀參加凱基證券舉辦之法人說明會，說明本公司之營運概況及經營策略等相關資訊。","273920230817M001.pdf","273920230817E001.pdf","https://www.mhh-group.com/",同步收看網址：:https://www.youtube.com/watch?v=7ZWIyJWQp1A 法說會影音連結資訊:https://www.youtube.com/watch?v=7ZWIyJWQp1A ,"報名請洽凱基法人部 eva.yan@kgi.com","查詢"
"2748","雲品","112/08/30","14:00","線上法人說明會","本公司受邀參加元富證券舉辦之觀光股法說，說明本公司營運概況、財務及業務相關資訊。","274820230830M001.pdf","274820230830E001.pdf","https://www.fdc-i.com/investor/shareholders/","","無","查詢"
"2748","雲品","112/04/11","14:20","臺灣證券交易所(台北市信義路五段7號1樓)","本公司受邀參加臺灣證交所與永豐金證券合作舉辦「疫後復甦展望」主題式產業業績發表會","274820230411M001.pdf","274820230411E001.pdf","https://www.fdc-i.com/investor/shareholders/",同步收看網址：:https://webpro.twse.com.tw/webportal/?liveChannelId=1 法說會影音連結資訊:https://webpro.twse.com.tw/WebPortal/vod/101/3B8E295B393F-E42EC10F-D83C-11ED-ADD4/?categoryId=101 ,"無","查詢"
"2753","八方雲集","112/12/06","15:15","台北君悅酒店(台北市信義區松壽路2號)","本公司受邀參加統一證券舉辦之2023Q4全球展望冬季投資論壇，會中說明本公司營運概況","275320231206M001.pdf","275320231206E001.pdf","https://www.8way.com.tw/investor/S3.html","","無","查詢"
"2753","八方雲集","112/03/29","14:30","元大證券寶慶大樓4樓會議室(台北市寶慶路69號4樓)","本公司受邀參加元大證券舉辦之法人說明會，會中說明本公司營運概況","275320230329M001.pdf","275320230329E001.pdf","https://www.8way.com.tw/investor/S3.html",法說會影音連結資訊:https://youtu.be/tinLhh_mGZs ,"無","查詢"
"2762","世界健身-KY","112/12/21","14:30","台北君悅酒店3樓凱悅廳一區(台北市松壽路2號)","依據臺灣證券交易所股份有限公司有價證券初次上市前
業績發表會實施要點第三條舉辦上市前業績發表會。","276220231215M002.pdf","276220231215E002.pdf","https://investor.worldgymtaiwan.com/shareholders","","無","查詢"
"2801","彰銀","112/08/30","14:30","本次為中文線上法說會，連結網址請至本公司網頁或至公開資訊觀測站查詢。","報告本行2023年第2季財務資訊及經營成果","280120230830M001.pdf","280120230830E001.pdf","https://www.bankchb.com/frontend/earningsCall.jsp",同步收看網址：:https://www.zucast.com/event/166IwOwh/subscribe/create 法說會影音連結資訊:https://reurl.cc/M8nxKv ,"無","查詢"
"2801","彰銀","112/11/27","14:30","本次為中文線上法說會，連結網址請至本公司網頁或至公開資訊觀測站查詢。","報告本行2023年第3季財務資訊及經營成果","280120231127M001.pdf","280120231127E001.pdf","https://www.bankchb.com/frontend/earningsCall.jsp",同步收看網址：:http://www.zucast.com/webcast/55nLG51s 法說會影音連結資訊:https://reurl.cc/L6GEx9 ,"無","查詢"
"2801","彰銀","112/03/27","14:30","本次為中文線上法說會，連結網址請至本公司網頁或至公開資訊觀測站查詢。","報告本行2022年第4季財務資訊及經營成果","280120230327M001.pdf","280120230327E001.pdf","https://www.bankchb.com/frontend/earningsCall.jsp",同步收看網址：:http://www.zucast.com/webcast/EK79MC5s 法說會影音連結資訊:https://reurl.cc/4Qq03K ,"無","查詢"
"2801","彰銀","112/05/29","14:30","本次為中文線上法說會，連結網址請至本公司網頁或至公開資訊觀測站查詢。","報告本行2023年第1季財務資訊及經營成果","280120230529M001.pdf","280120230529E001.pdf","https://www.bankchb.com/frontend/earningsCall.jsp",同步收看網址：:http://www.zucast.com/webcast/h4XqZf2c 法說會影音連結資訊:https://reurl.cc/94gY8n ,"無","查詢"
"2812","台中銀","112/05/22","14:00","線上法說會","2023年第一季法人說明會","281220230519M001.pdf","281220230519E001.pdf","https://www.tcbbank.com.tw/Intro/B_10.html",中文影音檔網址:2812_17_20230522_ch.mp4 ,"無","查詢"
"2812","台中銀","112/11/20","14:00","線上法說會","2023年第三季法人說明會","281220231116M001.pdf","281220231116E001.pdf","https://www.tcbbank.com.tw/Intro/B_10.html",中文影音檔網址:2812_19_20231120_ch.mp4 ,"無","查詢"
"2812","台中銀","112/03/20","14:00","線上法說會","2022年全年度營運概況","281220230317M001.pdf","281220230317E001.pdf","https://www.tcbbank.com.tw/Intro/B_10.html",中文影音檔網址:2812_16_20230320_ch.mp4 ,"無","查詢"
"2812","台中銀","112/08/28","14:00","線上法說會","2023年上半年度法人說明會","281220230824M001.pdf","281220230824E001.pdf","https://www.tcbbank.com.tw/Intro/B_10.html",中文影音檔網址:2812_18_20230828_ch.mp4 ,"無","查詢"
"2816","旺旺保","112/09/26","14:00","台北市大安區忠孝東路四段219號4樓會議室","本公司自辦法人說明會，會中就本公司已公開發布之營運及財務業務狀況作說明。","281620230926M001.pdf","281620230926E001.pdf","https://www.wwunion.com/?page_id=5584",中文影音檔網址:2816_8_20230926_ch.mp4 ,"無","查詢"
"2820","華票","112/11/28","15:30","台北市信義路五段7號台灣證券交易所1樓資訊展示中心(101辦公大樓)","2023年第三季營運概況","282020231127M001.pdf","282020231127E001.pdf","http://www.cbf.com.tw/lp.asp?ctNode=391&amp;CtUnit=149&amp;BaseDSD=7&amp;mp=1",法說會影音連結資訊:https://webpro.twse.com.tw/WebPortal/vod/101/A7726E10C387-1E9470F4-8DD1-11EE-AF53/?categoryId=101 ,"無","查詢"
"2820","華票","112/06/28","14:00","台北市信義路五段7號台灣證券交易所9樓大會議廳(101辦公大樓)","2023年第一季法人說明會","282020230627M002.pdf","282020230627E002.pptx","http://www.cbf.com.tw/lp.asp?ctNode=391&amp;CtUnit=149&amp;BaseDSD=7&amp;mp=1",法說會影音連結資訊:https://webpro.twse.com.tw/WebPortal/vod/101/298636B9B943-D5EADF48-1584-11EE-B5FC/?categoryId=101 ,"無","查詢"
"2832","台產","112/03/16","14:30","兆豐證券/
台北市忠孝東路二段95號4樓","本公司受邀參加兆豐證券舉辦之法人說明會，會中就本公司已公開發布之營運及財務業務狀況作說明。","283220230316M001.pdf","283220230316E001.pdf","https://www.tfmi.com.tw/investor_exp.aspx",中文影音檔網址:2832_14_20230316_ch.mp4 ,"無","查詢"
"2832","台產","112/08/28","14:30","華南永昌證券/
台北市民生東路四段54號5樓","本公司受邀參加華南永昌證券舉辦之法人說明會，會中就本公司已公開發布之營運及財務業務狀況作說明。","283220230828M001.pdf","283220230828E001.pdf","https://www.tfmi.com.tw/investor_exp.aspx",中文影音檔網址:2832_15_20230828_ch.mp4 ,"無","查詢"
"2834","臺企銀","112/09/06","14:00","線上直播","公告本公司召開2023年第二季中文法人說明會，
公佈2023年第二季營運概況。","283420230906M001.pdf","283420230906E001.pdf","https://ir.tbb.com.tw/events/investors-conference",同步收看網址：:http://www.zucast.com/webcast/UEpRcRkS 法說會影音連結資訊:http://www.zucast.com/webcast/UEpRcRkS ,"無","查詢"
"2834","臺企銀","112/11/29","14:00","線上直播","公告本公司召開2023年第三季中文法人說明會，
公佈2023年第三季營運概況。","283420231129M001.pdf","283420231129E001.pdf","https://ir.tbb.com.tw/events/investors-conference",同步收看網址：:http://www.zucast.com/webcast/HENhLPMe 法說會影音連結資訊:http://www.zucast.com/webcast/HENhLPMe ,"無","查詢"
"2834","臺企銀","112/03/29","14:00","線上直播","公告本公司召開2022年第四季中文法人說明會，
公佈2022年第四季營運概況。","283420230329M001.pdf","283420230329E001.pdf","https://ir.tbb.com.tw/events/investors-conference",同步收看網址：:http://www.zucast.com/webcast/UKhUAEpT 法說會影音連結資訊:http://www.zucast.com/webcast/UKhUAEpT ,"無","查詢"
"2834","臺企銀","112/05/24","14:00","線上直播","公告本公司召開2023年第一季中文法人說明會，
公佈2023年第一季營運概況。","283420230524M001.pdf","283420230524E001.pdf","https://ir.tbb.com.tw/events/investors-conference",同步收看網址：:http://www.zucast.com/webcast/80d3JzWE 法說會影音連結資訊:http://www.zucast.com/webcast/80d3JzWE ,"無","查詢"
"2836","高雄銀","112/05/31","14:30","高雄銀行總行7樓會議室(高雄市左營區博愛二路168號7樓)","2023年第1季法人說明會","283620230531M001.pdf","283620230531E001.pdf","https://www.bok.com.tw/-116",中文影音檔網址:2836_16_20230531_ch.mp4 ,"無","查詢"
"2836","高雄銀","112/03/15","14:30","高雄銀行總行7樓會議室(高雄市左營區博愛二路168號7樓)","2022年第4季法人說明會","283620230322M003.pdf","283620230322E003.pdf","https://www.bok.com.tw/-116",中文影音檔網址:2836_15_20230315_ch.mp4 ,"無","查詢"
"2836","高雄銀","112/11/22","14:30","高雄銀行總行7樓會議室(高雄市左營區博愛二路168號7樓)","2023年第3季法人說明會","283620231122M001.pdf","283620231122E001.pdf","https://www.bok.com.tw/-116",中文影音檔網址:2836_18_20231122_ch.mp4 ,"無","查詢"
"2836","高雄銀","112/09/06","14:30","高雄銀行總行7樓會議室(高雄市左營區博愛二路168號7樓)","2023年第2季法人說明會","283620230906M001.pdf","283620230906E001.pdf","https://www.bok.com.tw/-116",中文影音檔網址:2836_17_20230906_ch.mp4 ,"無","查詢"
"2838","聯邦銀","112/08/07","15:00","直播網址：http://www.zucast.com/webcast/Fy9JlZYx","2023年上半年度財業務資訊","283820230804M002.pdf","283820230804E002.pdf","https://www.ubot.com.tw/investorservice",同步收看網址：:http://www.zucast.com/webcast/Fy9JlZYx 法說會影音連結資訊:http://www.zucast.com/webcast/Fy9JlZYx ,"無","查詢"
"2838","聯邦銀","112/11/09","14:00","直播網址http://www.zucast.com/webcast/PUHGYJHt","2023年第三季財業務資訊","283820231108M001.pdf","283820231108E001.pdf","https://www.ubot.com.tw/investorservice",法說會影音連結資訊:http://www.zucast.com/webcast/PUHGYJHt ,"無","查詢"
"2845","遠東銀","112/11/08","15:00","線上會議","本行2023年第三季經營績效及未來營運策略","284520231108M002.pptx","284520231108E002.pptx","https://www.feib.com.tw/detail?id=470",法說會影音連結資訊:https://www.feib.com.tw/detail?id=470 ,"報名請洽遠銀策略發展處:janeshu@feib.com.tw","查詢"
"2845","遠東銀","112/05/26","15:00","線上會議","本行2023年第一季經營績效及未來營運策略","284520230526M001.pptx","284520230526E001.pptx","https://www.feib.com.tw/detail?id=470",法說會影音連結資訊:https://www.feib.com.tw/detail?id=470 ,"報名請洽遠銀策略發展處:janeshu@feib.com.tw","查詢"
"2845","遠東銀","112/09/08","15:00","線上會議","本行2023年第二季經營績效及未來營運策略","284520230908M001.pdf","284520230908E001.pdf","https://www.feib.com.tw/detail?id=470",法說會影音連結資訊:https://www.feib.com.tw/detail?id=470 ,"報名請洽遠銀策略發展處:janeshu@feib.com.tw","查詢"
"2845","遠東銀","112/03/10","15:00","線上會議","本行2022年經營績效及2023年營運策略","284520230310M002.pdf","284520230310E002.pdf","https://www.feib.com.tw/detail?id=470",法說會影音連結資訊:https://www.feib.com.tw/detail?id=470 ,"報名請洽遠銀策略發展處:janeshu@feib.com.tw","查詢"
"2849","安泰銀","112/09/06","14:30","線上法說會","公布112年上半年營運概況","284920230906M001.pdf","284920230906E001.pdf","https://www.entiebank.com.tw/entie/0.2.5",同步收看網址：:http://www.zucast.com/webcast/xwuxPH42 法說會影音連結資訊:http://www.zucast.com/webcast/xwuxPH42 ,"無","查詢"
"2850","新產","112/12/21","14:00","永豐金證券線上法人說明會","永豐金證券線上法人說明會","285020231221M001.pdf","285020231221E001.pdf","https://www.skinsurance.com.tw/SKI/Doc.aspx?uID=12&amp;sID=1326&amp;ST=",中文影音檔網址:2850_10_20231221_ch.mp4 ,"內容檔案於當日會後公告於公開資訊觀測站","查詢"
"2850","新產","112/06/09","14:00","永豐金證券線上法人說明會","永豐金證券線上法人說明會","285020230609M001.pdf","285020230609E001.pdf","https://www.skinsurance.com.tw/SKI/Doc.aspx?uID=12&amp;sID=1326&amp;ST=",中文影音檔網址:2850_9_20230609_ch.mp4 ,"內容檔案於當日會後公告於公開資訊觀測站","查詢"
"2851","中再保","112/10/27","16:00","證券交易所101大樓一樓資訊展示中心(台北市信義路五段7號)","說明公司營運狀況","285120231027M001.pdf","285120231027E001.pdf","",法說會影音連結資訊:https://webpro.twse.com.tw/webportal/vod/101/D900927FA8EF-4C79B84C-74B2-11EE-9147/?categoryId=101 ,"無","查詢"
"2851","中再保","112/05/26","14:30","兆豐證券13樓會議室(台北市忠孝東路二段95號)","受邀參加兆豐證券舉辦之法說會，說明公司營運狀況","285120230526M001.pdf","285120230526E001.pdf","",法說會影音連結資訊:https://youtu.be/Zsy1R-UqWio ,"無","查詢"
"2852","第一保","112/11/13","16:00","台北市信義區信義路五段7號1樓(證券交易所資訊展示中心)","本公司業務及財務狀況","285220231113M001.pdf","285220231113E001.pdf","",法說會影音連結資訊:https://webpro.twse.com.tw/webportal/vod/101/D900927FA8EF-AF31C42E-81FC-11EE-9147/?categoryId=101 ,"相關資訊依規定揭露於「公開資訊觀測站」","查詢"
"2855","統一證","112/08/25","14:00","本次為中文線上法說會","說明本公司112年度Q2財務暨營運報告","285520230825M001.pdf","285520230825E001.pdf","http://www.pscnet.com.tw/",同步收看網址：:https://lurl.cc/h3VyDo 法說會影音連結資訊:https://promote.pscnet.com.tw/html/test/2855-1120825.mp4 ,"會議號：2551-762-9861，會議室密碼為本公司股票代碼。","查詢"
"2855","統一證","112/11/09","15:00","本次為中文線上法說會","說明本公司112年度Q3財務暨營運報告","285520231109M001.pdf","285520231109E001.pdf","http://www.pscnet.com.tw/",同步收看網址：:https://pse.is/5b83p3 法說會影音連結資訊:https://promote.pscnet.com.tw/html/test/2855-1121109.mp4 ,"會議號：2555-646-8009，會議室密碼為本公司股票代碼。","查詢"
"2855","統一證","112/03/09","14:00","本次為中文線上法說會","說明本公司111年度財務暨營運報告","285520230309M001.pdf","285520230309E001.pdf","http://www.pscnet.com.tw/",同步收看網址：:https://pse.is/4saq75 法說會影音連結資訊:https://promote.pscnet.com.tw/html/test/2855-1120309.mp4 ,"會議室號碼：920 1765 8133，會議室密碼為本公司股票代碼。","查詢"
"2855","統一證","112/06/01","14:00","本次為中文線上法說會","說明本公司112年度Q1財務暨營運報告","285520230601M001.pdf","285520230601E001.pdf","http://www.pscnet.com.tw/",同步收看網址：:https://shorturl.at/frvCJ 法說會影音連結資訊:https://promote.pscnet.com.tw/html/test/2855.mp4 ,"會議號：2552-1232-205，會議室密碼為本公司股票代碼。","查詢"
"2867","三商壽","112/12/26","14:30","線上法說會","三商美邦人壽保險股份有限公司2023年第三季財務業務資訊報告","286720231226M001.pdf","286720231226E001.pdf","https://www.mli.com.tw/sites/mliportal/investors/index",同步收看網址：:http://www.zucast.com/webcast/F9wH8PI6 法說會影音連結資訊:http://www.zucast.com/webcast/F9wH8PI6 ,"無","查詢"
"2867","三商壽","112/05/26","14:30","線上法說會","三商美邦保險股份有限公司2022年隱含價值暨2023年第一季財務業務資訊報告","286720230526M001.pdf","286720230526E001.pdf","https://www.mli.com.tw/sites/mliportal/investors/index",同步收看網址：:http://www.zucast.com/webcast/WqKUVS4h 法說會影音連結資訊:http://www.zucast.com/webcast/WqKUVS4h ,"無","查詢"
"2880","華南金","112/11/15","15:00","本次為中文線上法說會，連結網址詳如本公司投資人關係專區或如後說明","公告本公司召開2023年第3季中文法人說明會，公布2023年第3季營運概況。","288020231115M001.pdf","288020231115E001.pdf","https://www.hnfhc.com.tw/HNFHC/ir/p.do",同步收看網址：:http://www.zucast.com/webcast/aZIZlR5s 法說會影音連結資訊:http://www.zucast.com/webcast/aZIZlR5s ,"無","查詢"
"2880","華南金","112/08/22","15:00","華南銀行總行大樓2樓國際會議廳 
(台北市信義區松仁路123號2樓)","公告本公司召開2023年第2季中文法人說明會，公布2023年上半年營運概況。","288020230822M001.pdf","288020230822E001.pdf","https://www.hnfhc.com.tw/HNFHC/ir/p.do",同步收看網址：:http://www.zucast.com/webcast/ZLT0EtYq 法說會影音連結資訊:http://www.zucast.com/webcast/ZLT0EtYq ,"無","查詢"
"2880","華南金","112/05/26","15:00","本次為中文線上法說會，連結網址詳如本公司投資人關係專區或如後說明。","公告本公司召開2023年第1季中文法人說明會，公布2023年第1季營運概況。","288020230526M001.pdf","288020230526E001.pdf","https://www.hnfhc.com.tw/HNFHC/ir/p.do",同步收看網址：:http://www.zucast.com/webcast/O7U07KjV 法說會影音連結資訊:http://www.zucast.com/webcast/O7U07KjV ,"無","查詢"
"2880","華南金","112/03/20","15:00","華南銀行總行大樓2樓國際會議廳
(台北市信義區松仁路123號2樓)","公告本公司召開2022年第4季中文法人說明會，公佈2022年度營運概況。","288020230320M001.pdf","288020230320E001.pdf","https://www.hnfhc.com.tw/HNFHC/ir/p.do",同步收看網址：:http://www.zucast.com/webcast/u8NTjzYR 法說會影音連結資訊:http://www.zucast.com/webcast/u8NTjzYR ,"無","查詢"
"2881","富邦金","112/08/24","14:00","富邦國際會議中心B2-台北市敦化南路一段108號(14:00-15:15)；電話法說(16:30-17:30)","說明富邦金控112年上半年營運概況","288120230824M001.pdf","288120230824E001.pdf","https://fubon.irpro.co/tw/event.php",同步收看網址：:https://fubon.irpro.co/tw/event.php 法說會影音連結資訊:http://www.zucast.com/webcast/6ZnqWpEV ,"中文場法說會將實體與線上直播併行","查詢"
"2881","富邦金","112/11/06","09:00","台北","討論富邦金控財務及業務相關資訊","288120231103M001.pdf","288120231103E001.pdf","https://fubon.irpro.co/tw/event.php","","無","查詢"
"2881","富邦金","112/11/22 至 112/11/23","09:00","台北","討論富邦金控財務及業務相關資訊","288120231121M001.pdf","288120231121E001.pdf","https://fubon.irpro.co/tw/event.php","","無","查詢"
"2881","富邦金","112/11/07","09:00","深圳","討論富邦金控財務及業務相關資訊","288120231103M001.pdf","288120231103E001.pdf","https://fubon.irpro.co/tw/event.php","","無","查詢"
"2881","富邦金","112/04/17 至 112/04/28","09:00","電話會議","討論富邦金控財務業務相關資訊","288120230316M001.pdf","288120230316E001.pdf","https://fubon.irpro.co/tw/event.php","","無","查詢"
"2881","富邦金","112/05/18","14:00","中文場(14:00-15:30)採網路直播方式；英文場(16:30-17:30)採電話會議暨網路直播方式","說明富邦金控112年第一季營運概況以及富邦人壽111年度隱含價值","288120230518M002.pdf","288120230518E002.pdf","https://fubon.irpro.co/tw/event.php",同步收看網址：:https://fubon.irpro.co/tw/event.php 法說會影音連結資訊:http://www.zucast.com/webcast/lJTz8Tbe ,"無","查詢"
"2881","富邦金","112/02/20","09:00","台北","討論富邦金控財務業務相關訊息","288120221125M001.pdf","288120221125E001.pdf","https://fubon.irpro.co/tw/event.php","","無","查詢"
"2881","富邦金","112/03/16","14:00","富邦國際會議中心B2-台北市敦化南路一段108號(14:00-15:30)；電話法說(16:30-17:30)","說明富邦金控111年全年營運概況","288120230316M001.pdf","288120230316E001.pdf","https://fubon.irpro.co/tw/event.php",同步收看網址：:https://fubon.irpro.co/tw/event.php 法說會影音連結資訊:https://fubon.irpro.co/tw/event.php ,"中文場法說會將實體與線上直播併行。","查詢"
"2881","富邦金","112/05/03 至 112/05/05","09:00","電話會議","討論富邦金控財務業務相關資訊","288120230316M001.pdf","288120230316E001.pdf","https://fubon.irpro.co/tw/event.php",法說會影音連結資訊:https://fubon.irpro.co/tw/event.php ,"無","查詢"
"2881","富邦金","112/11/17","14:00","中文場(14:00~15:15)採網路直播方式；英文場(16:30~17:30)採電話會議暨網路直播方式","說明富邦金控112年第三季營運概況","288120231117M001.pdf","288120231117E001.pdf","https://fubon.irpro.co/tw/event.php",同步收看網址：:https://fubon.irpro.co/tw/event.php 法說會影音連結資訊:http://www.zucast.com/webcast/J5bwWcBd ,"無","查詢"
"2881","富邦金","112/06/12 至 112/06/15","08:00","新加坡及香港","討論富邦金控財務及業務相關資訊","288120230609M001.pdf","288120230609E001.pdf","https://fubon.irpro.co/tw/event.php","","無","查詢"
"2881","富邦金","112/06/08 至 112/06/09","09:00","電話會議","討論富邦金控財務及業務相關資訊","288120230607M001.pdf","288120230607E001.pdf","https://fubon.irpro.co/tw/event.php","","無","查詢"
"2881","富邦金","112/01/16 至 112/01/17","09:00","電話會議","討論富邦金控財務業務相關訊息","288120221125M001.pdf","288120221125E001.pdf","https://fubon.irpro.co/tw/event.php","","無","查詢"
"2881","富邦金","112/03/17","09:00","台北","討論富邦金控財務業務相關訊息","288120230316M002.pdf","288120230316E002.pdf","https://fubon.irpro.co/tw/event.php","","無","查詢"
"2881","富邦金","112/11/27","09:30","電話會議","討論富邦金控財務及業務相關資訊","288120231123M001.pdf","288120231123E001.pdf","https://fubon.irpro.co/tw/event.php","","無","查詢"
"2881","富邦金","112/05/22 至 112/05/25","09:00","電話會議","討論富邦金控財務業務相關資訊","288120230519M001.pdf","288120230519E001.pdf","https://fubon.irpro.co/tw/event.php","","無","查詢"
"2881","富邦金","112/09/14 至 112/09/15","09:00","電話會議","討論富邦金控財務及業務相關資訊","288120230905M003.pdf","288120230905E003.pdf","https://fubon.irpro.co/tw/event.php","","無","查詢"
"2881","富邦金","112/09/06 至 112/09/08","15:00","歐洲","討論富邦金控財務及業務相關資訊","288120230905M001.pdf","288120230905E001.pdf","https://fubon.irpro.co/tw/event.php","","無","查詢"
"2881","富邦金","112/09/04 至 112/09/05","15:00","倫敦","討論富邦金控財務及業務相關資訊","288120230905M002.pdf","288120230905E002.pdf","https://fubon.irpro.co/tw/event.php","","無","查詢"
"2881","富邦金","112/09/04 至 112/09/05","08:00","香港","討論富邦金控財務及業務相關資訊","288120230905M003.pdf","288120230905E003.pdf","https://fubon.irpro.co/tw/event.php","","無","查詢"
"2882","國泰金","112/11/10","10:00","澳門","本公司受邀參加花旗舉辦之投資人會議，說明112年第二季財務業務相關資訊。","288220231108M001.pdf","288220231108E001.pdf","https://www.cathayholdings.com/holdings/ir/events_and_announcements/events","","無","查詢"
"2882","國泰金","112/11/24","14:00","中文場會議地點為國泰金融會議廳A廳(台北市松仁路9號1樓)；英文場採電話會議。","公佈112年度第三季營運概況。中文場14:00-15:00；英文場17:00-18:00。","288220231124M001.pdf","288220231124E001.pdf","https://www.cathayholdings.com/holdings/ir/events_and_announcements/events",同步收看網址：:http://www.zucast.com/webcast/3mpSWJyB 法說會影音連結資訊:http://www.zucast.com/webcast/3mpSWJyB ,"中文場採實體暨線上會議方式舉辦，英文場採電話會議暨網路直播方式進行。","查詢"
"2882","國泰金","112/05/23","09:00","採線上投資人會議形式進行","本公司受邀參加美銀證券舉辦之線上投資人會議，說明111年第四季財務業務相關資訊。","288220230407M001.pdf","288220230407E001.pdf","https://www.ir-cloud.com/taiwan/2882/irwebsite_c/event.php","","無","查詢"
"2882","國泰金","112/11/27","11:00","線上","本公司受邀參加摩根大通證券舉辦之線上投資人會議，說明112年第三季財務業務相關資訊。","288220231124M002.pdf","288220231124E002.pdf","https://www.cathayholdings.com/holdings/ir/events_and_announcements/events","","無","查詢"
"2882","國泰金","112/12/07","15:00","台北","本公司受邀參加群益金鼎證券舉辦之投資論壇，說明112年第三季財務業務相關資訊。","288220231206M001.pdf","288220231206E001.pdf","https://www.cathayholdings.com/holdings/ir/events_and_announcements/events","","無","查詢"
"2882","國泰金","112/03/14","15:00","台北","本公司受邀參加美銀證券舉辦之投資人會議，
說明111年第三季財務業務相關資訊。","288220221207M001.pdf","288220221207E001.pdf","https://www.ir-cloud.com/taiwan/2882/irwebsite_c/event.php","","無","查詢"
"2882","國泰金","112/03/22","14:00","中文場會議地點為國泰金融會議廳A廳(台北市松仁路9號1樓)；英文場採電話會議。","公佈111年度第四季營運概況。中文場14:00-15:00；英文場17:00-18:00。","288220230322M001.pdf","288220230322E001.pdf","https://www.ir-cloud.com/taiwan/2882/irwebsite_c/event.php",同步收看網址：:http://www.zucast.com/webcast/V2MRDLJN 法說會影音連結資訊:http://www.zucast.com/webcast/V2MRDLJN ,"中文場採實體暨線上會議方式舉辦，英文場採電話會議暨網路直播方式進行。","查詢"
"2882","國泰金","112/01/16","09:00","採線上投資人會議形式進行","本公司受邀參加高盛證券舉辦之線上投資人會議，說明111年第三季財務業務相關資訊。","288220221207M001.pdf","288220221207E001.pdf","http://www.ir-cloud.com/taiwan/2882/irwebsite_c/index.php","","無","查詢"
"2882","國泰金","112/04/11 至 112/04/28","14:00","新加坡/香港/線上會議","本公司受邀參加臺灣證券交易所及寬量國際共同主辦之「13th Taiwan CEO Week」投資人會議，說明111年第四季財務業務相關資訊。","288220230407M001.pdf","288220230407E001.pdf","https://www.ir-cloud.com/taiwan/2882/irwebsite_c/event.php","","無","查詢"
"2882","國泰金","112/06/09","16:00","採線上投資人會議形式進行","本公司受邀參加高盛證券舉辦之線上投資人會議，說明112年第一季財務業務相關資訊。","288220230608M001.pdf","288220230608E001.pdf","http://www.ir-cloud.com/taiwan/2882/irwebsite_c/index.php","","無","查詢"
"2882","國泰金","112/09/04","13:00","香港","本公司受邀參加瑞銀證券舉辦之投資人會議，說明112年第二季財務業務相關資訊。","288220230901M001.pdf","288220230901E001.pdf","https://www.ir-cloud.com/taiwan/2882/irwebsite_c/event.php","","無","查詢"
"2882","國泰金","112/09/06","09:00","採線上投資人會議形式進行","本公司受邀參加高盛證券舉辦之線上投資人會議，說明112年第二季財務業務相關資訊。","288220230905M001.pdf","288220230905E001.pdf","http://www.ir-cloud.com/taiwan/2882/irwebsite_c/index.php","","無","查詢"
"2882","國泰金","112/08/25","14:00","中文場會議地點為國泰金融會議廳A廳(台北市松仁路9號1樓)；英文場採電話會議。","公佈112年度第二季營運概況。中文場14:00-15:00；英文場17:00-18:00。","288220230825M001.pdf","288220230825E001.pdf","https://www.ir-cloud.com/taiwan/2882/irwebsite_c/event.php",同步收看網址：:http://www.zucast.com/webcast/ph79lU15 法說會影音連結資訊:http://www.zucast.com/webcast/ph79lU15 ,"中文場採實體暨線上會議方式舉辦，英文場採電話會議暨網路直播方式進行。","查詢"
"2882","國泰金","112/05/05","13:00","香港","本公司受邀參加摩根大通證券舉辦之投資人會議，說明111年第四季財務業務相關資訊。","288220230407M001.pdf","288220230407E001.pdf","https://www.ir-cloud.com/taiwan/2882/irwebsite_c/event.php","","無","查詢"
"2882","國泰金","112/05/26","14:00","中文場會議地點為國泰金融會議廳A廳(台北市松仁路9號1樓)；英文場採線上會議。","公佈112年度第一季營運概況。中文場14:00-15:00；英文場17:00-18:00。","288220230526M002.pdf","288220230526E002.pdf","https://www.ir-cloud.com/taiwan/2882/irwebsite_c/event.php",同步收看網址：:http://www.zucast.com/webcast/xxDi8ohM 法說會影音連結資訊:http://www.zucast.com/webcast/xxDi8ohM ,"無","查詢"
"2882","國泰金","112/11/15 至 112/11/16","16:00","新加坡","本公司受邀參加Morgan Stanley舉辦之投資人會議，說明112年第二季財務業務相關資訊。","288220231108M001.pdf","288220231108E001.pdf","https://www.cathayholdings.com/holdings/ir/events_and_announcements/events","","無","查詢"
"2882","國泰金","112/02/20 至 112/02/21","09:00","台北","本公司受邀參加摩根大通證券舉辦之投資人會議，說明111年第三季財務業務相關資訊。","288220221207M001.pdf","288220221207E001.pdf","https://www.ir-cloud.com/taiwan/2882/irwebsite_c/event.php",法說會影音連結資訊:https://www.ir-cloud.com/taiwan/2882/irwebsite_c/event.php?year=2023&t= ,"無","查詢"
"2883","凱基金","112/05/31","14:30","中文場及英文場同時召開，採線上法人說明會","公布112年第1季營運概況","288320230531M002.pdf","288320230531E002.pdf","https://cdf.irpro.co/tw/investor-conference.php",同步收看網址：:https://cdf.irpro.co/tw/investor-conference.php 法說會影音連結資訊:https://cdf.irpro.co/tw/investor-conference.php ,"無","查詢"
"2883","凱基金","112/12/27","14:00","台北","說明本公司之營運概要、財務及業務相關資訊","288320231128M001.pdf","288320231128E001.pdf","",法說會影音連結資訊:https://youtu.be/OUzdLllq7Qg ,"無","查詢"
"2883","凱基金","112/08/30","15:00","中文場及英文場同時召開，採線上法人說明會","公布112年第2季營運概況","288320230830M001.pdf","288320230830E001.pdf","https://cdf.irpro.co/tw/investor-conference.php",同步收看網址：:https://cdf.irpro.co/tw/investor-conference.php 法說會影音連結資訊:https://cdf.irpro.co/tw/investor-conference.php ,"無","查詢"
"2883","凱基金","112/11/01 至 112/11/02","09:00","香港","說明本公司之營運概要、財務及業務相關資訊","288320230830M001.pdf","288320230830E001.pdf","",法說會影音連結資訊:未輸 ,"無","查詢"
"2883","凱基金","112/11/28","14:30","中文場及英文場同時召開，採線上法人說明會","公布112年第3季營運概況","288320231128M001.pdf","288320231128E001.pdf","https://cdf.irpro.co/tw/investor-conference.php",同步收看網址：:https://cdf.irpro.co/tw/investor-conference.php 法說會影音連結資訊:https://cdf.irpro.co/tw/investor-conference.php ,"無","查詢"
"2883","凱基金","112/04/12 至 112/04/13","08:00","新加坡和香港","本公司受邀參加由臺灣證券交易所及寬量國際共同主辦之「13th Taiwan CEO Week &amp; Taiwan New Economy Day」，說明本公司之營運概況、財務及業務相關資訊。","288320230323M001.pdf","288320230323E001.pdf","",法說會影音連結資訊:未輸 ,"無","查詢"
"2883","凱基金","112/03/16","09:00","台北","說明本公司之營運概況、財務及業務相關資訊","288320230317M001.pdf","288320230317E001.pdf","",法說會影音連結資訊:未輸 ,"無","查詢"
"2883","凱基金","112/03/23","14:30","中文場及英文場同時召開，採線上法人說明","公布111年第4季營運概況","288320230323M001.pdf","288320230323E001.pdf","https://cdf.irpro.co/tw/investor-conference.php",同步收看網址：:https://cdf.irpro.co/tw/investor-conference.php 法說會影音連結資訊:https://cdf.irpro.co/tw/investor-conference.php ,"無","查詢"
"2884","玉山金","112/11/02","14:00","玉山金控總行大樓","2023年第3季財業務資訊","288420231102M001.pdf","288420231102E001.pdf","https://www.esunfhc.com/zh-tw/investor-relations/ir-events/investor-conference",同步收看網址：:https://www.esunfhc.com/zh-tw/investor-relations/ir-events/investor-conference 法說會影音連結資訊:https://www.esunfhc.com/zh-tw/investor-relations/ir-events/investor-conference ,"無","查詢"
"2884","玉山金","112/05/15 至 112/05/19","09:00","倫敦","2023年第1季財業務資訊","288420230512M001.pdf","288420230512E001.pdf","https://www.esunfhc.com/zh-tw/investor-relations/ir-events/investor-conference","","無","查詢"
"2884","玉山金","112/11/22","14:00","台北","2023年第3季財業務資訊","288420231121M001.pdf","288420231121E001.pdf","https://www.esunfhc.com/zh-tw/investor-relations/ir-events/investor-conference",法說會影音連結資訊:https://www.esunfhc.com/zh-tw/investor-relations/ir-events/investor-conference ,"無","查詢"
"2884","玉山金","112/11/07","09:00","深圳","2023年第3季財業務資訊","288420231102M001.pdf","288420231102E001.pdf","https://www.esunfhc.com/zh-tw/investor-relations/ir-events/investor-conference","","無","查詢"
"2884","玉山金","112/05/09","14:00","玉山金控總行大樓","2023年第1季財業務資訊","288420230509M001.pdf","288420230509E001.pdf","https://www.esunfhc.com/zh-tw/investor-relations/ir-events/investor-conference",法說會影音連結資訊:https://webpro.twse.com.tw/WebPortal/vod/101/9BC5881A9006-F1E6D34D-EE3F-11ED-AABC/?categoryId=101 ,"無","查詢"
"2884","玉山金","112/02/06 至 112/02/07","09:00","倫敦","2022年第3季財業務資訊","288420230203M001.pdf","288420230203E001.pdf","https://www.esunfhc.com/zh-tw/investor-relations/ir-events/investor-conference","","無","查詢"
"2884","玉山金","112/09/04","13:00","香港","2023年第2季財業務資訊","288420230901M001.pdf","288420230901E001.pdf","https://www.esunfhc.com/zh-tw/investor-relations/ir-events/investor-conference","","無","查詢"
"2884","玉山金","112/02/24","14:00","線上","2022年第4季財業務資訊","288420230224M001.pdf","288420230224E001.pdf","https://www.esunfhc.com/zh-tw/investor-relations/ir-events/investor-conference",法說會影音連結資訊:https://webpro.twse.com.tw/WebPortal/vod/101/A1B014049A39-CFF85FF7-B414-11ED-A1FA/?categoryId=101 ,"無","查詢"
"2884","玉山金","112/08/21","15:00","玉山金控總行大樓","2023年第2季財業務資訊","288420230821M001.pdf","288420230821E001.pdf","https://www.esunfhc.com/zh-tw/investor-relations/ir-events/investor-conference",法說會影音連結資訊:https://www.esunfhc.com/zh-tw/investor-relations/ir-events/investor-conference ,"無","查詢"
"2885","元大金","112/12/04","14:30","台北","本公司擬於民國112年12月4日(一)受邀參加第一金證券舉行之
線上投資人會議。","288520231130M003.pdf","288520231130E003.pdf","https://www.yuanta.com/TW/IR/Financials/Presentations-and-Events","","無","查詢"
"2885","元大金","112/09/04 至 112/09/06","09:00","台北","本公司擬於民國112年9月4日(一)至9月6日(三)受邀參加高盛證券舉行之
線上投資人會議—Goldman Sachs China+ Conference。","288520230822M001.pdf","288520230822E001.pdf","https://www.yuanta.com/TW/IR/Financials/Presentations-and-Events","","無","查詢"
"2885","元大金","112/03/16","09:00","台北","本公司擬於民國112年3月16日(四)受邀參加美銀證券舉行之投資人會議 – 
2023 APAC TMT Conference。","288520230314M001.pdf","288520230314E001.pdf","https://www.yuanta.com/TW/IR/Financials/Presentations-and-Events","","無","查詢"
"2885","元大金","112/03/17","10:30","台北","本公司擬於民國112年3月17日(五)受邀參加第一金證券舉行之線上投資人會議。","288520230314M001.pdf","288520230314E001.pdf","https://www.yuanta.com/TW/IR/Financials/Presentations-and-Events","","無","查詢"
"2885","元大金","112/09/08","14:00","台北","本公司擬於民國112年9月8日(五)受邀參加第一金證券舉行之線
上投資人會議。","288520230822M001.pdf","288520230822E001.pdf","https://www.yuanta.com/TW/IR/Financials/Presentations-and-Events","","無","查詢"
"2885","元大金","112/08/23","16:00","台北","本公司擬於民國112年8月23日(三)受邀參加凱基證券舉行之線上投資人會議。","288520230822M001.pdf","288520230822E001.pdf","https://www.yuanta.com/TW/IR/Financials/Presentations-and-Events",中文影音檔網址:2885_144_20230823_ch.mp4 ,"無","查詢"
"2885","元大金","112/06/16","14:00","台北","本公司擬於民國112年6月16日(五)受邀參加第一金證券舉行之
線上投資人會議。","288520230614M003.pdf","288520230614E003.pdf","https://www.yuanta.com/TW/IR/Financials/Presentations-and-Events","","無","查詢"
"2886","兆豐金","112/05/22 至 112/05/25","09:00","網路","揭露本公司2023年第1季營運概況","288620230519M001.pdf","288620230519E001.pdf","http://www.megaholdings.com.tw",法說會影音連結資訊:https://youtu.be/Im4Hp4WOzi4 ,"本公司受邀參與美銀證券舉辦之線上外資法人投資說明會","查詢"
"2886","兆豐金","112/09/06","14:30","網路","揭露本公司2023年第2季財務及業務現況","288620230906M002.pdf","288620230906E002.pdf","http://www.megaholdings.com.tw",同步收看網址：:http://www.zucast.com/webcast/mk6Ohhca 法說會影音連結資訊:http://www.zucast.com/webcast/mk6Ohhca ,"無","查詢"
"2886","兆豐金","112/11/29","14:30","本公司","揭露本公司2023年第3季營運概況","288620231129M001.pdf","288620231129E001.pdf","http://www.megaholdings.com.tw",同步收看網址：:http://www.zucast.com/webcast/iBxHVOKj 法說會影音連結資訊:http://www.zucast.com/webcast/iBxHVOKj ,"無","查詢"
"2886","兆豐金","112/03/21","14:30","線上","揭露本公司2022年第4季營運概況","288620230321M001.pdf","288620230321E001.pdf","http://www.megaholdings.com.tw",同步收看網址：:http://www.zucast.com/webcast/mImBurmA 法說會影音連結資訊:http://www.zucast.com/webcast/mImBurmA ,"無","查詢"
"2886","兆豐金","112/09/08 至 112/09/15","09:00","網路","揭露本公司2023年第2季營運概況","288620230906M001.pdf","288620230906E001.pdf","http://www.megaholdings.com.tw","","本公司受邀參與高盛證券舉辦之外資法人投資說明會","查詢"
"2886","兆豐金","112/06/08 至 112/06/09","09:00","網路","揭露本公司2023年第1季營運概況","288620230519M001.pdf","288620230519E001.pdf","http://www.megaholdings.com.tw","","本公司受邀參與高盛證券舉辦之外資法人投資說明會","查詢"
"2886","兆豐金","112/01/16 至 112/01/17","09:00","線上","揭露本公司2022年第3季營運概況","288620221129M001.pdf","288620221129E001.pdf","http://www.megaholdings.com.tw","","本公司受邀參與高盛證券舉辦之外資法人投資說明會","查詢"
"2886","兆豐金","112/03/16 至 112/03/17","09:00","台北君悅飯店","揭露本公司2022年第3季營運概況","288620221129M001.pdf","288620221129E001.pdf","http://www.megaholdings.com.tw","","本公司受邀參與美銀證券舉辦之外資法人投資說明會","查詢"
"2887","台新新光金","112/11/14","14:00","線上法說會","公告台新金控將於112年11月14日召開112年第三季線上法人說明會。網路直播網址: http://www.zucast.com/webcast/1Zpmbmpw","288720231114M001.pdf","288720231114E001.pdf","https://www.taishinholdings.com.tw/tsh/",同步收看網址：:http://www.zucast.com/webcast/1Zpmbmpw 法說會影音連結資訊:http://www.zucast.com/webcast/1Zpmbmpw ,"112年第三季法說會將以網路直播進行","查詢"
"2887","台新新光金","112/09/18 至 112/09/22","22:00","英國、法國","台新金控將於112年09月18日赴英國、法國會晤當地投資機構，說明112年第二季營運概況。","288720230822M001.pdf","288720230822E001.pdf","https://www.taishinholdings.com.tw/tsh/","","本次簡報資料將以112年第二季法說會內容為主。","查詢"
"2887","台新新光金","112/05/29 至 112/05/30","08:00","日本","台新金控將於112年05月29日至05月30日赴日本會晤當地投資機構，說明112年第一季營運概況。","288720230516M001.pdf","288720230516E001.pdf","https://www.taishinholdings.com.tw/tsh/","","本次簡報資料將以112年第一季法說會內容為主。","查詢"
"2887","台新新光金","112/12/08","14:00","臺灣","台新金控將於112年12月8日受邀參加由台新證券主辦之線上法人說明會，說明112年第三季營運概況。","288720231208M001.pdf","288720231208E001.pdf","https://www.taishinholdings.com.tw/tsh/",中文影音檔網址:2887_136_20231208_ch.mp4 ,"本次簡報資料將以112年第三季法說會內容為主。","查詢"
"2887","台新新光金","112/11/29 至 112/11/30","13:30","新加坡","台新金控將於112年11月29日受邀赴新加坡會晤當地投資機構，說明112年第三季營運概況。","288720231128M002.pdf","288720231128E002.pdf","https://www.taishinholdings.com.tw/tsh/","","本次簡報資料將以112年第三季法說會內容為主。","查詢"
"2887","台新新光金","112/11/28","07:00","澳洲","台新金控將於112年11月28日赴澳洲會晤當地投資機構，說明112年第三季營運概況。","288720231128M001.pdf","288720231128E001.pdf","https://www.taishinholdings.com.tw/tsh/","","本次簡報資料將以112年第三季法說會內容為主。","查詢"
"2887","台新新光金","112/09/04","15:00","香港","台新金控將於112年09月04日受邀參加高盛證券China+ Conference會晤投資機構，說明112年第二季營運概況。","288720230822M001.pdf","288720230822E001.pdf","https://www.taishinholdings.com.tw/tsh/","","本次簡報資料將以112年第二季法說會內容為主。","查詢"
"2887","台新新光金","112/03/14","15:00","線上法說會","公告本公司將於112年03月14日召開111年第四季線上法人說明會。網路直播網址: http://www.zucast.com/webcast/snlWmNPN","288720230314M001.pdf","288720230314E001.pdf","https://www.taishinholdings.com.tw/tsh/",同步收看網址：:http://www.zucast.com/webcast/snlWmNPN 法說會影音連結資訊:http://www.zucast.com/webcast/snlWmNPN ,"111年第四季法說會將以網路直播進行","查詢"
"2887","台新新光金","112/05/16","14:00","線上法說會","公告本公司將於112年05月16日召開112年第一季線上法人說明會。網路直播網址: http://www.zucast.com/webcast/P7fx0lGL","288720230516M001.pdf","288720230516E001.pdf","https://www.taishinholdings.com.tw/tsh/",同步收看網址：:http://www.zucast.com/webcast/P7fx0lGL 法說會影音連結資訊:http://www.zucast.com/webcast/P7fx0lGL ,"112年第一季法說會將以網路直播進行","查詢"
"2887","台新新光金","112/08/22","16:00","台新金控大樓2F元廳(台北市大安區仁愛路四段118號)","公告本公司將於112年08月22日召開112年第二季法人說明會。","288720230822M001.pdf","288720230822E001.pdf","https://www.taishinholdings.com.tw/tsh/",法說會影音連結資訊:https://www.taishinholdings.com.tw/tsh/relations/files/2Q23_analyst-meeting_video_C.mp4 ,"無","查詢"
"2889","國票金","112/06/30","14:30","本次法說會為線上說明會","本公司自辦說明會，說明公司營運概況。","288920230630M001.pdf","288920230630E001.pdf","https://www.ibf.com.tw/resite-8.asp",中文影音檔網址:2889_16_20230630_ch.mp4 ,"(當日webex連線號碼為: 1849465878)連結  https://mibf.webex.com/meet/ibf.1703","查詢"
"2889","國票金","112/09/28","14:00","本次法說會為線上說明會。","本公司自辦說明會，說明公司營運概況。","288920230928M001.pdf","288920230928E001.pdf","https://www.ibf.com.tw/resite-8.asp",中文影音檔網址:2889_17_20230928_ch.mp4 ,"當日webex連線號碼為:1849465878/連結 https://mibf.webex.com/meet/ibf.1703","查詢"
"2889","國票金","112/03/31","16:00","本次法說會為線上法說會。","本公司受邀國票證券舉辦之法人說明會，說明公司營運概況。","288920230406M001.pdf","288920230406E001.pdf","https://www.ibf.com.tw/resite-8.asp",法說會影音連結資訊:未輸 ,"本受邀場次不上傳揭露影音連結資訊。","查詢"
"2889","國票金","112/12/25","14:00","本次法說會為線上說明會。","本公司受邀國票證券之線上法人說明會，說明公司營運概況。","288920231225M001.pdf","288920231225E001.pdf","https://www.ibf.com.tw/resite-8.asp",中文影音檔網址:2889_18_20231225_ch.mp4 ,"當日webex連線號碼為：1849465878/連結https：//mibf.webex.com/meet/ibf.1703","查詢"
"2890","永豐金","112/10/31","14:00","台灣","本公司受邀參加第一金證券舉辦之投資人會議，說明112年第二季財務業務相關資訊","289020231020M001.pdf","289020231020E001.pdf","https://www.sinopac.com/irCalendar/list.html","","無","查詢"
"2890","永豐金","112/11/13","14:30","線上","說明112年第三季營運概況","289020231113M001.pdf","289020231113E001.pdf","https://www.sinopac.com/irCalendar/list.html",同步收看網址：:https://sinotrade.webex.com/sinotrade/j.php?MTID=m74363eed8218d9d3a9ef0ae21b15a4cd 法說會影音連結資訊:https://www.sinopac.com/upload/sinopac/media/2023Q3_AnalystMeetings_vdo.zip ,"無","查詢"
"2890","永豐金","112/04/11 至 112/04/28","09:00","新加坡Fullerton Hotel/線上(台灣)","本公司受邀參加112年4月11日至112年4月28日由臺灣證券交易所及寬量國際共同主辦之「13th Taiwan CEO Week」，說明本公司之營運概況、財務及業務相關資訊。
相關資訊公告於公開資訊觀測站(https://mops.twse.com.tw/)並揭露於公司網站
(https://www.sinopac.com/irCalendar/list.html)","289020230329M001.pdf","289020230329E001.pdf","https://www.sinopac.com/irCalendar/list.html","","無","查詢"
"2890","永豐金","112/04/18","14:30","第一金證券總公司 (台北市中山區長安東路一段22號 7F會議室)","本公司受邀參加第一金證券舉辦之投資人會議，說明111年財務業務相關資訊","289020230414M001.pdf","289020230414E001.pdf","https://www.sinopac.com/irCalendar/list.html","","無","查詢"
"2890","永豐金","112/06/19","14:30","台灣","本公司受邀參加元富證券舉辦之「2023年台股企業日」投資人會議，
說明112年第一季財務業務相關資訊","289020230612M001.pdf","289020230612E001.pdf","https://www.sinopac.com/irCalendar/list.html",法說會影音連結資訊:https://www.sinopac.com/upload/sinopac/media/2890_Masterlink_202306.zip ,"無","查詢"
"2890","永豐金","112/08/17","14:30","線上","說明112年第二季營運概況","289020230817M001.pdf","289020230817E001.pdf","https://www.sinopac.com/irCalendar/list.html",同步收看網址：:https://sinotrade.webex.com/sinotrade-en/j.php?MTID=m17e9269d0fe9e8e073fd8ae8f7d3e10d 法說會影音連結資訊:https://www.sinopac.com/upload/sinopac/media/2023Q2_AnalystMeetings_vdo.zip ,"無","查詢"
"2890","永豐金","112/06/01","14:30","永豐金控總部大樓(台北市八德路二段306號3F)","說明112年第一季營運概況","289020230601M001.pdf","289020230601E001.pdf","https://www.sinopac.com/irCalendar/list.html",法說會影音連結資訊:https://www.sinopac.com/upload/sinopac/media/2023Q1_AnalystMeetings_vdo.zip ,"無","查詢"
"2890","永豐金","112/05/03 至 112/05/04","10:00","香港","永豐金控將於112/05/03至112/05/04赴香港會晤當地投資機構，說明111年營運概況。相關資訊公告於公開資訊觀測站(http://mops.twse.com.tw/)並揭露於公司網站(https://www.sinopac.com/irCalendar/list.html)","289020230427M001.pdf","289020230427E001.pdf","https://www.sinopac.com/irCalendar/list.html","","無","查詢"
"2890","永豐金","112/03/28","14:30","線上","說明111年第四季營運概況","289020230328M001.pdf","289020230328E001.pdf","http://www.sinopac.com/irCalendar/list.html",同步收看網址：:https://sinopac.webex.com/sinopac/onstage/g.php?MTID=e3b8b16b10a9a79cb1506b7f1fd1a8dad 法說會影音連結資訊:https://www.sinopac.com/upload/sinopac/media/2022Q4_AnalystMeetings_vdo.zip ,"無","查詢"
"2891","中信金","112/11/13","14:00","中文實體(總行大樓)(14:00-15:00)；
中文線上(15:30-16:30)
英文線上(17:00-18:00)","公布112年度第三季營運概況","289120231113M001.pdf","289120231113E001.pdf","https://ir.ctbcholding.com/c/events.php",法說會影音連結資訊:https://ir.ctbcholding.com/c/events.php 英文影音連結:https://ir.ctbcholding.com/html/events.php ,"無","查詢"
"2891","中信金","112/05/24","14:00","線上","本公司將於112年05月24日參加Bank of America舉辦之投資人說明會(2023 APAC Financial, Real Estate Equity and Credit Conference)","289120230515M003.pdf","289120230515E003.pdf","https://ir.ctbcholding.com/c/events.php","","無","查詢"
"2891","中信金","112/08/18","14:00","中文實體(總行大樓)(14:00-15:00)；
中文線上(15:30-16:30)
英文線上(17:00-18:00)","公布112年度第二季營運概況","289120230818M001.pdf","289120230818E001.pdf","https://ir.ctbcholding.com/c/events.php",法說會影音連結資訊:https://ir.ctbcholding.com/c/events.php 英文影音連結:https://ir.ctbcholding.com/html/events.php ,"無","查詢"
"2891","中信金","112/11/22","11:00","台北","公告本公司將於112年11月22日參加Citi舉辦之
投資人說明會(Taiwan Corporate Day)","289120231113M001.pdf","289120231113E001.pdf","https://ir.ctbcholding.com/c/events.php","","無","查詢"
"2891","中信金","112/01/16 至 112/01/17","10:00","線上","本公司將於112年01月16日至01月17日參加Goldman Sachs舉辦之投資人說明會(Asia Financials Corporate Day)","289120221118M002.pdf","289120221118E002.pdf","https://ir.ctbcholding.com/c/events.php","","無","查詢"
"2891","中信金","112/03/17","09:00","台北","本公司將於112年03月17日參加Bank of America舉辦之投資人說明會(2023 APAC TMT Conference)","289120230310M002.pdf","289120230310E002.pdf","https://ir.ctbcholding.com/c/events.php","","無","查詢"
"2891","中信金","112/02/21","09:00","台北","本公司將於112年02月21日參加J.P. Morgan舉辦之投資人說明會(Taiwan CEO-CFO Conference)","289120221118M002.pdf","289120221118E002.pdf","https://ir.ctbcholding.com/c/events.php","","無","查詢"
"2891","中信金","112/03/10","14:00","中文線上法說(14:00-15:00)；英文電話法說(17:00-18:00)","公布111年度第四季營運概況","289120230310M002.pdf","289120230310E002.pdf","https://ir.ctbcholding.com/c/events.php",法說會影音連結資訊:https://ir.ctbcholding.com/c/events.php 英文網址:http://ir.ctbcholding.com/html/events.php ,"無","查詢"
"2891","中信金","112/05/15","14:00","中文場於中信金控總行大樓(14:00-15:00)；
英文場採線上會議(17:00-18:00)","公布112年度第一季營運概況","289120230515M003.pdf","289120230515E003.pdf","https://ir.ctbcholding.com/c/events.php",法說會影音連結資訊:https://ir.ctbcholding.com/c/events.php 英文影音連結:https://ir.ctbcholding.com/html/events.php ,"無","查詢"
"2891","中信金","112/06/08","11:00","線上","本公司將於112年6月8日參加Goldman Sachs舉辦之
投資人說明會(Asia Financials Corporates Day)","289120230515M003.pdf","289120230515E003.pdf","https://ir.ctbcholding.com/c/events.php","","無","查詢"
"2891","中信金","112/09/07 至 112/09/14","15:00","線上","本公司參加Goldman Sachs舉辦之投資人說明會(China+ Conference)","289120230818M001.pdf","289120230818E001.pdf","https://ir.ctbcholding.com/c/events.php","","無","查詢"
"2891","中信金","112/09/13","14:00","線上","本公司參加第一金證券舉辦之投資人說明會","289120230818M001.pdf","289120230818E001.pdf","https://ir.ctbcholding.com/c/events.php",法說會影音連結資訊:https://ir.ctbcholding.com/c/events.php ,"無","查詢"
"2892","第一金","112/11/30","16:30","網路","第一金控召開2023年第三季法人說明會","289220231130M001.pdf","289220231130E001.pdf","https://ir.firstholding.com.tw/c/index.php",同步收看網址：:https://ir.firstholding.com.tw/c/event_info.php 法說會影音連結資訊:https://www.zucast.com/event/Lws1OOSP/subscribe/create ,"無","查詢"
"2892","第一金","112/12/06","14:00","網路","受第一金證券邀請召開線上法人說明會","289220231204M002.pdf","289220231204E002.pdf","https://ir.firstholding.com.tw/c/index.php",中文影音檔網址:2892_156_20231206_ch.mp4 ,"無","查詢"
"2892","第一金","112/03/17","09:00","台北","受邀參加BofA美國銀行(美林證券)舉辦之「2023 APAC TMT Conference」","289220230315M001.pdf","289220230315E001.pdf","https://ir.firstholding.com.tw/c/index.php","","無","查詢"
"2892","第一金","112/02/24","16:30","網路","第一金召開2022年第四季線上法人說明會","289220230224M001.pdf","289220230224E001.pdf","https://ir.firstholding.com.tw/c/index.php",同步收看網址：:https://ir.firstholding.com.tw/c/event_info.php 法說會影音連結資訊:http://www.zucast.com/webcast/ukUGYppk ,"無","查詢"
"2892","第一金","112/09/07 至 112/09/08","09:00","網路","參加高盛2023中國+投資論壇","289220230906M001.pdf","289220230906E001.pdf","https://ir.firstholding.com.tw/c/index.php","","無","查詢"
"2892","第一金","112/08/31","16:30","網路","第一金召開2023年第二季法人說明會","289220230831M001.pdf","289220230831E001.pdf","https://ir.firstholding.com.tw/c/index.php",同步收看網址：:https://ir.firstholding.com.tw/c/index.php 法說會影音連結資訊:http://www.zucast.com/webcast/KTuUK7pP ,"無","查詢"
"2892","第一金","112/05/31","16:30","網路","第一金召開2023年第一季線上法人說明會","289220230531M001.pdf","289220230531E001.pdf","https://ir.firstholding.com.tw/c/index.php",同步收看網址：:https://ir.firstholding.com.tw/c/event_info.php 法說會影音連結資訊:http://www.zucast.com/webcast/QwFrdkFc ,"無","查詢"
"2897","王道銀行","112/11/01","09:00","香港Conrad Hotel","本公司受邀參加由寬量國際主辦之「14th Taiwan CEO Week」投資人會議活動，說明本公司之營運概況、財務及業務相關資訊。","289720231030M001.pdf","289720231030E001.pdf","https://www.o-bank.com/about/investor/IR-Events/Investor-Conferences","","無","查詢"
"2897","王道銀行","112/04/11 至 112/04/28","09:00","4/11-12於新加坡、4/13-14於香港召開實體會議；4/17-28於台灣召開線上會議","本公司受邀參加112年4月11日至112年4月28日由寬量國際主辦之「13th Taiwan CEO Week」投資人會議活動，說明本公司之營運概況、財務及業務相關資訊。","289720230411M001.pdf","289720230411E001.pdf","https://www.o-bank.com/about/investor/IR-Events/Investor-Conferences",法說會影音連結資訊:https://youtu.be/8n-V3ppwR6Q ,"無","查詢"
"2897","王道銀行","112/03/09","14:30","線上法說會","公佈本公司2022年全年度營運概況。","289720230309M002.pdf","289720230309E002.pdf","https://www.o-bank.com/about/investor/ir-events/investor-conferences",同步收看網址：:http://www.zucast.com/webcast/IyOqysUN 法說會影音連結資訊:http://www.zucast.com/webcast/IyOqysUN ,"線上法說會語音直播網址：http://www.zucast.com/webcast/IyOqysUN","查詢"
"2897","王道銀行","112/11/27","14:30","線上法說會","公佈本公司2023年第三季營運概況。","289720231124M001.pdf","289720231124E001.pdf","https://www.o-bank.com/about/investor/IR-Events/Investor-Conferences",同步收看網址：:http://www.zucast.com/webcast/j5JJnEuF 法說會影音連結資訊:http://www.zucast.com/webcast/j5JJnEuF ,"線上法說會語音直播網址：http://www.zucast.com/webcast/j5JJnEuF","查詢"
"2901","欣欣","112/11/17","14:30","台灣證券交易所101大樓一樓資訊展示中心(台北市信義路5段7號)","公司簡介及營運概況","290120231114M001.ppt","290120231114E001.pptx","",同步收看網址：:https://webpro.twse.com.tw/WebPortal/ 法說會影音連結資訊:https://webpro.twse.com.tw/WebPortal/ ,"無","查詢"
"2903","遠百","112/12/27","15:30","新北市板橋區新站路16號14樓","本公司受邀參加112年12月27日亞東證券主辦之法人座談會，說明本公司112年 Q3營運與財務概況。","290320231227M001.pdf","290320231227E001.pdf","https://www.feds.com.tw/shareholder/shareholder_tw.html",法說會影音連結資訊:https://www.feds.com.tw/online_events/SwiperAudio/Home ,"無","查詢"
"2903","遠百","112/05/24","14:00","台北市松壽路2號3樓","本公司受邀參加112年5月24日台新證券主辦之『第二季全球投資論壇』，說明本公司112年 Q1營運與財務概況。","290320230523M001.pdf","290320230523E001.pdf","http://www.feds.com.tw/shareholder.aspx","","無","查詢"
"2904","匯僑","112/04/24","15:00","台北市大安區敦化南路2段97號11樓(元富證券總公司11樓教育訓練室)","本公司受邀參加元富證券法人說明會，說明本公司營運及財務相關概況。","290420230424M001.pptx","290420230424E001.pptx","https://www.pocs.com.tw/msg/message-%E6%B3%95%E4%BA%BA%E8%AA%AA%E6%98%8E-13.html",法說會影音連結資訊:https://webpro.twse.com.tw/WebPortal/vod/101/37C88912AA83-9172A6CD-E27E-11ED-8218/?categoryId=101 ,"無","查詢"
"2905","三商","112/10/06","14:00","線上法說會","說明本公司營運近況及未來展望","290520231006M001.pdf","290520231006E001.pdf","http://www.mercuries.com.tw",中文影音檔網址:2905_7_20231006_ch.mp4 ,"無","查詢"
"2906","高林","112/11/29","14:00","線上法說會","公司業務及營運概況說明","290620231205M001.pdf","290620231205E001.pdf","http://www.collins.com.tw",同步收看網址：:https://youtu.be/d6zzXHNfkTk 法說會影音連結資訊:未輸 ,"無","查詢"
"2908","特力","112/09/13","16:00","線上法說會","本公司受邀參加元大證券舉辦之產業座談會，報告本公司營運狀況","290820230921M001.pdf","290820230921E001.pdf","http://www.testritegroup.com",中文影音檔網址:2908_43_20230913_ch.mp4 ,"無","查詢"
"2910","統領","112/11/30","15:30","福邦證券總公司(台北市忠孝西路一段6號7樓)","受邀參加福邦證券舉辦之法人說明會","291020231130M001.pdf","291020231130E001.pdf","https://www.tonlin.com.tw",中文影音檔網址:2910_7_20231130_ch.MP4 ,"會議資料將於法說會後揭露於公開資訊觀測站及本公司網站。","查詢"
"2911","麗嬰房","112/07/13","14:00","麗嬰房股份有限公司/台北市內湖區陽光街321巷60號","本公司受邀參加群益證券所舉辦之法人說明會，說明本公司營運概況。","291120230711M001.pdf","291120230711E001.pdf","",中文影音檔網址:2911_28_20230713_ch.mp4 ,"無","查詢"
"2912","統一超","112/11/06 至 112/11/07","09:00","麥格理香港辦公室Macquarie Hong Kong Office","112年度第三季度營運財務狀況報告及未來營運展望說明","291220231103M001.pdf","291220231103E001.pdf","https://www.7-11.com.tw/company/ir/event.html","","相關訊息請參考公開資訊觀測站公司治理專區法說會簡報資料或本公司網站","查詢"
"2912","統一超","112/09/26","14:00","線上法人說明會","112年度上半年度營運財務狀況報告及未來營運展望說明","291220230905M001.pdf","291220230905E001.pdf","https://www.7-11.com.tw/company/ir/event.html",中文影音檔網址:2912_134_20230926_ch.mp4 英文影音檔網址:2912_134_20230926_en.mp4 ,"相關訊息請參考公開資訊觀測站公司治理專區法說會簡報資料或本公司網站","查詢"
"2912","統一超","112/06/15","09:30","瑞銀證券台北分公司(台北市信義區松仁路7號)","112年度第一季度營運財務狀況報告及未來營運展望說明","291220230614M001.pdf","291220230614E001.pdf","https://www.7-11.com.tw/company/ir/event.html","","相關訊息請參考公開資訊觀測站公司治理專區法說會簡報資料或本公司網站","查詢"
"2912","統一超","112/11/22 至 112/11/23","09:00","W hotel Taipei","112年度第三季度營運財務狀況報告及未來營運展望說明","291220231103M001.pdf","291220231103E001.pdf","https://www.7-11.com.tw/company/ir/event.html","","相關訊息請參考公開資訊觀測站公司治理專區法說會簡報資料或本公司網站","查詢"
"2912","統一超","112/03/16 至 112/03/17","10:00","台北君悅酒店","111年度營運財務狀況報告及未來營運展望說明","291220230315M001.pdf","291220230315E001.pdf","https://www.7-11.com.tw/company/ir/event.html","","相關訊息請參考公開資訊觀測站公司治理專區法說會簡報資料或本公司網站","查詢"
"2912","統一超","112/09/06","10:00","線上法人說明會","112年度上半年度營運財務狀況報告及未來營運展望說明","291220230905M001.pdf","291220230905E001.pdf","https://www.7-11.com.tw/company/ir/event.html","","相關訊息請參考公開資訊觀測站公司治理專區法說會簡報資料或本公司網站","查詢"
"2913","農林","112/04/24 至 112/04/26","11:20","線上法說會(台灣)","本公司受邀參加寬量國際主辦之「13th Taiwan CEO Week &amp; Taiwan New Economy Day」，向投資人說明本公司之營運概況、財務及業務相關資訊。","291320230421M001.pdf","291320230421E001.pdf","http://www.ttch.com.tw",中文影音檔網址:2913_10_20230424_ch.mp4 ,"法人說明會開會前會將相關簡報資料輸入公開資訊觀測站。","查詢"
"2913","農林","112/11/21 至 112/11/22","09:00","線上法說會(台灣)","本公司受邀參加寬量國際主辦之「14th Taiwan CEO Week」，向投資人說明本公司之營運概況、財務及業務相關資訊。","291320231120M001.pdf","291320231120E001.pdf","http://www.ttch.com.tw","","法人說明會開會前會將相關簡報資料輸入公開資訊觀測站。","查詢"
"2915","潤泰全","112/12/28","14:30","臺灣證券交易所1樓資訊展示中心(台北市信義路五段7號)","說明本公司營運概況及未來展望","291520231228M001.pdf","291520231228E001.pdf","http://www.ruentex.com.tw/financial/Financial_cn.htm",法說會影音連結資訊:https://webpro.twse.com.tw/webportal/vod/101/498CE94E7BC8-2D4D075E-A555-11EE-A3A1/?categoryId=101 ,"無","查詢"
"2923","鼎固-KY","112/12/13","14:00","線上法說會","本公司受邀參加統一證券國際法人部舉辦之線上法人說明會，說明本公司營運概況。","292320231213M001.pdf","292320231213E001.pdf","https://www.sinohorizon.tw/investors/road-show",中文影音檔網址:2923_18_20231213_ch.mp4 ,"無","查詢"
"2929","淘帝-KY","112/03/29","15:30","張榮發基金會國際會議中心10樓(台北市中正區中山南路11號10樓)","本公司受邀凱基證券與IR Trust共同舉辦之「2023去資金槓桿化主題式投資論壇」","292920230328M001.pdf","292920230328E001.pdf","www.topbi.com.tw",法說會影音連結資訊:https://www.youtube.com/watch?v=TaW8WSUEKAw ,"無","查詢"
"2939","永邑-KY","112/12/22","14:30","福邦證券總公司(台北市忠孝西路一段6號7樓)","受邀參加福邦證券舉辦之法人說明會，就本公司已公開之財務業務資訊作說明。","293920231221M002.pptx","293920231221E002.pptx","http://www.kayeetv.com",法說會影音連結資訊:https://www.youtube.com/watch?v=ywViA8Z7s1U ,"無","查詢"
"2945","三商家購","112/09/22","14:30","線上法說會","公司營運概況說明","294520230922M001.pdf","294520230922E001.pdf","https://www.simplemartretail.com/",中文影音檔網址:2945_8_20230922_ch.mp4 ,"線上法人說明會報名網址：https://simplemart.surveycake.biz/s/NwVzD","查詢"
"2945","三商家購","112/12/26","14:00","凱基證券總公司（台北市中山區明水路700號12樓宴會廳）","本公司受邀參加凱基證券舉辦之法人說明會，將於會中說明公司營運近況及未來展望。","294520231226M001.pdf","294520231226E001.pdf","https://www.simplemartretail.com/",法說會影音連結資訊:https://www.youtube.com/watch?v=YizDFO0_6dk ,"完整財務業務資訊請至公開資訊觀測站之法人說明會一覽表或法說會項目下查閱","查詢"
"3002","歐格","112/11/30","16:00","臺灣證券交易所資訊展示中心
(台北市信義區信義路5段7號1樓)","公司簡介與營運、財務報告","300220231130M001.pdf","300220231130E001.pdf","https://www.ahoku.com.tw/zh-TW/page/Important-Information-Announcement.html",法說會影音連結資訊:https://webpro.twse.com.tw/webportal/vod/101/A7726E10C387-C7B59D1C-8F5E-11EE-AF53/?categoryId=101 ,"無","查詢"
"3003","健和興","112/12/21","14:30","線上法人說明會","本公司受邀參加由凱基證券舉辦之線上法人說明會","300320231220M001.pdf","300320231220E001.pdf","https://www.ksterminals.com.tw/tw_investor4.asp",法說會影音連結資訊:https://youtu.be/H6jo5BIMbdM ,"無","查詢"
"3004","豐達科","112/11/24","14:00","台北市南港區南港路一段209號B棟國際會議廳","本公司受元大證券邀請，參加其舉辦之國內法人說明會，針對本公司市場趨勢及營運概況等相關資訊做說明。","300420231124M001.pdf","300420231124E001.pdf","https://www.nafco.com.tw/",中文影音檔網址:3004_7_20231124_ch.mp4 ,"無。","查詢"
"3005","神基","112/12/05","13:30","台北晶華酒店4樓(台北市中山區中山北路二段39巷3號)","本公司受元大證券邀請，參加其舉辦之國內2023年元大證券第四季投資論壇，於會中就已公開發佈之財務數字、經營績效等相關資訊做說明。","300520231123M001.pdf","300520231123E001.pdf","http://tw.getacgroup.com/investors/calendar.php","","無。","查詢"
"3005","神基","112/03/02","14:30","台北市南港區南港路一段209號B棟國際會議廳","本公司受凱基證券邀請，參加其舉辦之國內法人說明會，於會中就已公開發佈之財務數字、經營績效等相關資訊做說明。","300520230302M001.pdf","300520230302E001.pdf","http://tw.getacgroup.com/investors/calendar.php",中文影音檔網址:3005_47_20230302_ch.mp4 ,"無。","查詢"
"3005","神基","112/08/14","14:30","台北市南港區南港路一段209號B棟國際會議廳","本公司受元大證券邀請，參加其舉辦之國內法人說明會，於會中就已公開發佈之財務數字、經營績效等相關資訊做說明。","300520230814M001.pdf","300520230814E001.pdf","http://tw.getacgroup.com/investors/calendar.php","","無。","查詢"
"3006","晶豪科","112/04/12","14:00","台北市信義路四段236號7樓(宏遠證券股份有限公司)","公司營運近況暨未來展望","300620230412M001.pdf","300620230412E001.pdf","http://www.esmt.com.tw",法說會影音連結資訊:https://www.youtube.com/watch?v=5cnaLfHueC4 ,"無","查詢"
"3006","晶豪科","112/11/23","14:30","台北市中山區明水路700號12樓（凱基證券會議室）","公司營運近況暨未來展望","300620231123M001.pdf","300620231123E001.pdf","http://www.esmt.com.tw","","無","查詢"
"3008","大立光","112/07/13","14:30","線上法說會","112年第二季營運報告及說明112年第三季營運展望","300820230713M001.pdf","300820230713E001.pdf","http://www.largan.com.tw/html/about/invest.php",法說會影音連結資訊:http://www.largan.com.tw/html/about/invest.php ,"無","查詢"
"3008","大立光","112/04/13","14:30","線上法說會","112年第一季營運報告及說明112年第二季營運展望","300820230413M001.pdf","300820230413E001.pdf","http://www.largan.com.tw/html/about/invest.php",:未輸 法說會影音連結資訊:http://www.largan.com.tw/html/about/invest.php ,"無","查詢"
"3008","大立光","112/10/12","14:30","線上法說會","112年第三季營運報告及說明112年第四季營運展望","300820231012M001.pdf","300820231012E001.pdf","http://www.largan.com.tw/html/about/invest.php",法說會影音連結資訊:http://www.largan.com.tw/html/about/invest.php ,"無","查詢"
"3008","大立光","112/11/22","10:00","香格里拉遠東國際大飯店","受邀參加里昂證券所舉辦之Access Day","300820231012M001.pdf","300820231012E001.pdf","","","無","查詢"
"3008","大立光","112/02/21","10:00","台北君悅酒店","本公司受邀參加摩根大通證券舉辦之法人說明會","300820230112M001.pdf","300820230112E001.pdf","","","無","查詢"
"3008","大立光","112/01/12","14:30","線上法說會","111年第四季營運報告及說明112年第一季營運展望","300820230112M001.pdf","300820230112E001.pdf","http://www.largan.com.tw/html/about/invest.php",法說會影音連結資訊:http://www.largan.com.tw/html/about/invest.php ,"無","查詢"
"3010","華立","112/04/21","14:00","線上法人說明會","本公司受邀參加國泰證券舉辦之線上法人
說明會，就公司已公開之財務業務資訊做說明。","301020230424M001.pdf","301020230424E001.pdf","https://www.wahlee.com/ZH","","無","查詢"
"3010","華立","112/04/10","14:00","元大證券法人部會議室","本公司受邀參加元大證券舉辦之法人說明會，
就公司已公開之財務業務資訊做說明。","301020230410M001.pdf","301020230410E001.pdf","https://www.wahlee.com/ZH","","無","查詢"
"3010","華立","112/09/20","14:00","線上法人說明會","本公司受邀參加群益證券舉辦之線上法人說明會，就公司已公開之財務業務資訊做說明","301020230912M001.pdf","301020230912E001.pdf","https://www.wahlee.com/ZH",法說會影音連結資訊:https://youtu.be/bRLSSzCjNn0 ,"無","查詢"
"3010","華立","112/09/13","09:30","台北晶華酒店(台北市中山北路二段39巷3號)4F","本公司受邀參加元大證券第三季投資論壇，
說明本公司營運概況。","301020230912M001.pdf","301020230912E001.pdf","https://www.wahlee.com/ZH","","無","查詢"
"3011","今皓","112/12/18","15:30","實體及線上法說會，
實體法說會地點：
台北市中正區忠孝西路一段6號14樓","公司簡介、營運近況及未來展望","301120231218M001.pdf","301120231218E001.pdf","",同步收看網址：:https://youtu.be/8ng6cTvPJUA 法說會影音連結資訊:https://youtu.be/8ng6cTvPJUA ,"完整財務業務資訊請至公開資訊觀測站之法人說明會一覽表或法說會項目下查閱。","查詢"
"3013","晟銘電","112/10/26","14:30","南港中信金融園區B棟13樓1302會議室(台北市南港區經貿二路188號13樓)","本公司受邀參加中國信託綜合證券舉辦之法人說明會。","301320231026M001.pdf","301320231026E001.pdf","",中文影音檔網址:3013_7_20231026_ch.MP4 ,"無","查詢"
"3014","聯陽","112/09/06","15:10","台北市大安區信義路四段236號7樓 (宏遠證券股份有限公司)","本公司受邀參加宏遠證券股份有限公司所舉辦之「2023未來趨勢產業投資論壇」","301420230830M001.ppt","301420230830E001.ppt","https://www.ite.com.tw","","無。","查詢"
"3014","聯陽","112/06/08","15:40","台北香格里拉遠東國際大飯店B1
(台北市敦化南路二段201號)","本公司受邀參加國泰證券舉辦之「2023第二季產業論壇」","301420230601M001.ppt","301420230601E001.ppt","https://www.ite.com.tw","","無。","查詢"
"3014","聯陽","112/03/30","14:30","台北市大安區信義路四段236號7樓 (宏遠證券股份有限公司)","本公司受邀參加宏遠證券股份有限公司所舉辦之法人說明會","301420230329M001.pptx","301420230329E001.pptx","http://www.ite.com.tw/",法說會影音連結資訊:https://youtu.be/H4pl1p428Mk ,"無。","查詢"
"3014","聯陽","112/12/07","10:30","台北茹曦酒店（台北市松山區敦化北路100號）","本公司受邀參加群益金鼎證券股份有限公司所舉辦之「2023第四季投資論壇」","301420231124M001.ppt","301420231124E001.ppt","https://www.ite.com.tw","","無。","查詢"
"3015","全漢","112/05/25","14:30","華南永昌證券總部(台北市民生東路4段54號4樓)","本公司受邀參加華南永昌證券所舉辦之法說會，會中介紹公司之營運與展望","301520230524M001.pdf","301520230524E001.pdf","https://www.fsp-group.com/tw/ShareholderMeeting.html","","無","查詢"
"3015","全漢","112/12/07","14:00","線上法說會","本公司受邀參加台新證券所舉辦之線上法說會，會中介紹公司之營運與展望","301520231206M002.pdf","301520231206E002.pdf","https://www.fsp-group.com/tw/ShareholderMeeting.html",中文影音檔網址:3015_16_20231207_ch.mp4 ,"無","查詢"
"3015","全漢","112/03/30","14:30","線上法說會","本公司受邀參加台新證券所舉辦之線上法說會，會中介紹公司之營運與展望","301520230329M001.pdf","301520230329E001.pdf","https://www.fsp-group.com/tw/ShareholderMeeting.html",同步收看網址：:https://tssco.webex.com/meet/TaishinSecurities ,"無","查詢"
"3016","嘉晶","112/09/21","14:30","KGI凱基證券總部大樓  (台北市明水路700號)","公司營運成果","301620230921M001.pdf","301620230921E001.pdf","http://www.epi.episil.com/",中文影音檔網址:3016_9_20230921_ch.mp4 ,"無","查詢"
"3017","奇鋐","112/08/09","14:30","富邦國際會議中心 (台北市敦化南路一段108號B2)","受邀參加富邦證券法人說明會，說明112年上半年度營運結果。","301720230809M001.pdf","301720230809E001.pdf","https://www.avc.co","","無","查詢"
"3017","奇鋐","112/12/05","13:30","台北晶華酒店4樓 (台北市中山區中山北路二段39巷3號4樓)","受邀參加元大證券2023年第四季投資論壇","301720231205M001.pdf","301720231205E001.pdf","https://www.avc.co",法說會影音連結資訊:https://youtu.be/N7QUHOoP5Aw ,"無","查詢"
"3017","奇鋐","112/05/10","14:30","台北市敦化南路一段108號B2 (富邦國際會議中心)","受邀參加富邦證券法人說明會，說明本公司112年第一季營運結果","301720230510M001.pdf","301720230510E001.pdf","https://www.avc.co","","無","查詢"
"3017","奇鋐","112/05/31","13:00","W hotel (台北市信義區忠孝東路五段10號)","本公司受邀參加Citi Regional Tech Conference，說明本公司營運概況。","301720230530M001.pdf","301720230530E001.pdf","https://www.avc.co","","無","查詢"
"3018","隆銘綠能","112/12/21","14:00","線上法人說明會","本公司受邀參加統一綜合證券舉辦之線上法人說明會，報告本公司營運狀況","301820231221M001.pdf","301820231221E001.pdf","https://www.lmgte.com.tw/",中文影音檔網址:3018_9_20231221_ch.mp4 ,"無","查詢"
"3019","亞光","112/11/02","14:00","線上法人說明會","歡迎投資人至https://www.asia-optical.com/投資人專區/發言人專欄，點選法人說明會","301920231102M001.pdf","301920231102E001.pdf","https://www.asia-optical.com/",中文影音檔網址:3019_19_20231102_ch.mp4 ,"簡報內容檔案於當日會後公告於公開資訊觀測站","查詢"
"3021","鴻名","112/03/29","14:00","台北市信義區基隆路1段176號B2(康和證券總公司B2會議室)","公司簡介及營運概況等說明","302120230329M002.pdf","302120230329E002.pdf","",中文影音檔網址:3021_9_20230329_ch.mp4 ,"無","查詢"
"3021","鴻名","112/11/21","14:30","福邦證券總公司(台北市忠孝西路一段6號7樓)","公司簡介及營運概況說明","302120231121M001.pdf","302120231121E001.pdf","",中文影音檔網址:3021_10_20231121_ch.MP4 ,"無","查詢"
"3022","威強電","112/08/24","14:30","新北市汐止區中興路29號6樓(本公司教育訓練中心)","說明本公司2023年上半年營運成果及未來展望","302220230824M001.pdf","302220230824E001.pdf","https://www.ieiworld.com/tw/finance/con_show.php?op=showone&amp;cid=54",中文影音檔網址:3022_19_20230824_ch.MP4 ,"無。","查詢"
"3022","威強電","112/03/24","14:30","新北市汐止區中興路29號6樓(本公司教育訓練中心)","說明本公司2022年度營運成果及未來展望","302220230324M001.pdf","302220230324E001.pdf","https://www.ieiworld.com/tw/finance/con_show.php?op=showone&amp;cid=54",法說會影音連結資訊:https://drive.google.com/file/d/1LuYlMWX655Eq2aZPqDD7ic8R53m_O9UZ/view?usp=sharing ,"無","查詢"
"3022","威強電","112/11/29","14:30","新北市汐止區中興路29號6樓(本公司教育訓練中心)","說明本公司2023年第三季營運成果及未來展望","302220231129M001.pdf","302220231129E001.pdf","https://www.ieiworld.com/tw/finance/con_show.php?op=showone&amp;cid=54",中文影音檔網址:3022_20_20231129_ch.MP4 ,"欲參加者請事前線上報名，報名連結：https://forms.gle/W44sLNuiKkLg7Ykb9","查詢"
"3023","信邦","112/05/31","09:00","W Hotel Taipei, Taiwan","公告本公司受邀參加Citi所舉辦Regional Tech Conference 2023","302320230523M001.pdf","302320230523E001.pdf","https://www.sinbon.com/tw/investor-relations/dividend-capital/",中文影音檔網址:3023_51_20230531_ch.mp4 ,"無","查詢"
"3023","信邦","112/02/21","10:00","台北君悅酒店(台北市松壽路2號)","公告本公司受邀參加J.P. Morgan所舉辦Taiwan CEO-CFO Conference 2023","302320230207M001.pdf","302320230207E001.pdf","https://www.sinbon.com/tw/investor-relations/dividend-capital/","","無","查詢"
"3023","信邦","112/06/14","11:30","UBS Taipei Office(台北市信義區松仁路7號)","公告本公司受邀參加UBS所舉辦UBS Taiwan Corporate Day","302320230605M001.pdf","302320230605E001.pdf","https://www.sinbon.com/tw/investor-relations/dividend-capital/","","無","查詢"
"3023","信邦","112/11/23","09:00","W Hotel Taipei, Taipei","公告本公司受邀參加Citi所舉辦2023 Taiwan Corporate Day","302320231114M001.pdf","302320231114E001.pdf","https://www.sinbon.com/tw/investor-relations/dividend-capital/","","無","查詢"
"3023","信邦","112/12/06","14:00","台北市大安區金華街187號-政大公企中心二樓","對外說明本公司營運狀況","302320231206M001.pdf","302320231206E001.pdf","https://www.sinbon.com/tw/investor-relations/dividend-capital/",法說會影音連結資訊:https://webpro.twse.com.tw/WebPortal/vod/101/6F57A941E4A5-BBC97D0A-9407-11EE-AB9F/?categoryId=101 ,"採事前預約制,報名請回填問卷https://forms.gle/92GZk4bK4kD2vAob7","查詢"
"3024","憶聲","112/11/22","15:00","線上法說會","本公司受邀參加元大證券舉辦線上法說會，報告本公司營運狀況。","302420231122M001.pdf","302420231122E001.pdf","",中文影音檔網址:3024_8_20231122_ch.mp4 ,"無","查詢"
"3025","星通","112/11/15","15:00","線上法說會","本公司受邀參加元大證券舉辦之線上法說會,報告本公司營運狀況","302520231115M001.pptx","302520231115E001.pptx","",中文影音檔網址:3025_7_20231115_ch.mp4 ,"無","查詢"
"3026","禾伸堂","112/05/23","14:00","線上法人說明會","本公司受邀參加兆豐證券舉辦之線上法人說明會，說明近期營運概況","302620230523M001.pdf","302620230523E001.pdf","http://www.holystone.com.tw","","無","查詢"
"3026","禾伸堂","112/11/23","14:00","線上法人說明會","本公司受邀參加兆豐證券舉辦之線上法人說明會，說明近期營運概況。","302620231123M002.pdf","302620231123E002.pdf","http://www.holystone.com.tw",中文影音檔網址:3026_26_20231123_ch.mp4 ,"無","查詢"
"3026","禾伸堂","112/03/02","14:00","台北君悅酒店","本公司受邀參加統一證券舉辦之2023Q1春季投資論壇，說明近期營運概況。","302620230302M001.pdf","302620230302E001.pdf","http://www.holystone.com.tw","","無","查詢"
"3026","禾伸堂","112/08/22","14:00","線上法人說明會","本公司受邀參加兆豐證券舉辦之線上法人說明會，說明近期營運概況。","302620230822M001.pdf","302620230822E001.pdf","http://www.holystone.com.tw","","無","查詢"
"3027","盛達","112/12/25","16:00","臺灣證券交易所一樓資訊展示中心(台北市信義區信義路五段7號1 樓)","簡報營運概況","302720231222M002.pdf","302720231222E002.pdf","https://www.esg.billion.com/investor/news#conference",法說會影音連結資訊:https://www.youtube.com/watch?v=kfwaBjNg62E ,"15:50 報到 ，16:00 法說會開始。","查詢"
"3027","盛達","112/08/30 至 112/08/31","09:00","線上會議","本公司受邀參加寬量國際主辦之「2023 Taiwan Renewable Energy Day」，向投資人說明本公司之營運概況、財務及業務相關資訊","302720230829M001.pdf","302720230829E001.pdf","https://is.gd/bca8RO",法說會影音連結資訊:未輸 ,"法人說明會開會前會將相關簡報資料輸入公開資訊觀測站","查詢"
"3027","盛達","112/09/05","15:20","台北集思北科大會議中心2樓會議室","本公司受凱基證券邀請，參加其舉辦之法人說明會「KGI 2023年第三季投資論壇」，報告公司簡介與營運現況。","302720230904M001.pdf","302720230904E001.pdf","https://www.esg.billion.com/investor/news",法說會影音連結資訊:https://www.youtube.com/watch?v=x_B26BZhFHk ,"無","查詢"
"3027","盛達","112/02/16","15:00","台北晶華酒店(台北市中山北路二段39巷3號) 4F","本公司受邀參加元大證券第一季投資論壇，說明本公司營運概況。","302720230215M001.pdf","302720230215E001.pdf","https://www.billion.com/zh-tw/",法說會影音連結資訊:https://www.youtube.com/watch?v=tFUSNpv_3vA ,"無","查詢"
"3028","增你強","112/11/23","15:00","線上法說會","本公司受邀參加元大證券舉辦之線上法人說明會，說明112年第三季營運成果及未來營運展望。","302820231123M001.pdf","302820231123E001.pdf","https://www.zenitron.com.tw/tw/investor-relations/shareholder-service/contact-window",法說會影音連結資訊:https://youtu.be/rQZmnOlxu40 ,"無","查詢"
"3029","零壹","112/11/16","15:00","線上法人說明會-Webex","本公司受邀參加凱基證券舉辦線上法人說明會，向投資人說明公司營運概況。","302920231116M001.pdf","302920231116E001.pdf","",中文影音檔網址:3029_10_20231116_ch.mp4 ,"無","查詢"
"3029","零壹","112/05/17","15:00","線上法人說明會-Webex","本公司受邀參加凱基證券舉辦線上法人說明會，向投資人說明公司營運概況。","302920230517M001.pdf","302920230517E001.pdf","","","無","查詢"
"3030","德律","112/11/17","14:00","線上法說會","本公司受邀參加兆豐證券舉辦之線上法說會，將於會中就已公開之財務及業務等相關資訊做說明。","303020231117M001.pdf","303020231117E001.pdf","www.tri.com.tw",法說會影音連結資訊:未輸 ,"報名網址：https://reurl.cc/GKakoy","查詢"
"3030","德律","112/05/12","14:00","線上法說會","本公司受邀參加兆豐證券舉辦之線上法說會，將於會中就已公開之財務及業務等相關資訊做說明。","303020230512M001.pdf","303020230512E001.pdf","www.tri.com.tw",中文影音檔網址:3030_15_20230512_ch.mp4 ,"報名網址：https://reurl.cc/NqWVz5","查詢"
"3031","佰鴻","112/12/05","14:00","線上法說會","本公司營運概況及展望","303120231204M001.pdf","303120231204E001.pdf","https://www.brtled.com",中文影音檔網址:3031_9_20231205_ch.mp4 ,"無","查詢"
"3032","偉訓","112/03/30","14:00","福邦證券總公司(台北市忠孝西路一段6號14樓)","公司簡介及營運概況說明。","303220230330M001.pdf","303220230330E001.pdf","https://www.hec-group.com.tw/index.php?id=100&amp;L=1",中文影音檔網址:3032_7_20230330_ch.mp4 ,"無。","查詢"
"3033","威健","112/12/22","14:00","台北巿內湖路一段308號11樓(810會議室)","(1)機構投資者所指定之參加人員，請於112年12月21日12:00之前完成線上報名。報名網址: https://www.weikeng.com.tw/conference.php。 (2)本次法人說明會之邀請對象以法人投資機構為主；至於個人投資者，煩請透過台灣證券交易所網站(https://webpro.twse.com.tw/webportal/vod/101/?categoryId=101)或本公司網站(https://www.weikeng.com.tw/conference.php)收看&quot;法人說明會&quot;會後實況。 (3)基於環保政策，會議前將不發放書面資料，參加者請在112年12月21日12:00之後，從本公司網站(https://www.weikeng.com.tw/conference.php)下載書面資料參閱。","303320231221M001.pdf","303320231221E001.pdf","https://www.weikeng.com.tw/conference.php",法說會影音連結資訊:https://www.weikeng.com.tw/files/EC/2023_q3.mp4 ,"無","查詢"
"3033","威健","112/08/31","14:00","台北巿內湖路一段308號11樓(810會議室)","(1)機構投資者所指定之參加人員，請於112年8月30日12:00之前完成線上報名。報名網址: https://www.weikeng.com.tw/conference.php。
(2)本次法人說明會之邀請對象以法人投資機構為主；至於個人投資者，煩請透過台灣證券交易所網站(https://webpro.twse.com.tw/webportal/vod/101/?categoryId=101)或本公司網站(https://www.weikeng.com.tw/conference.php)收看&quot;法人說明會&quot;會後實況。
(3)基於環保政策，會議前將不發放書面資料，參加者請在112年8月30日12:00之後，從本公司網站(https://www.weikeng.com.tw/conference.php)下載書面資料參閱。
(4)召開法人說明會當日若受颱風影響，且依據臺北市政府發布公告之「停止上班」訊息，則該法人說明會當日將停止召開，並予以延期舉行，後續召開之日期將再另行公告；如未有颱風停止上班之公告訊息，將依原定日期及時間(8月31日下午2:00)照常召開法人說明會。","303320230830M001.pdf","303320230830E001.pdf","https://www.weikeng.com.tw/conference.php",法說會影音連結資訊:https://www.weikeng.com.tw/files/EC/2023.mp4 ,"無","查詢"
"3034","聯詠","112/11/14","09:00","Conrad Hong Kong","受邀參加由JPMorgan所舉辦&quot;JPM Global TMT Conference in Asia 2023&quot;，就112年第3季營運績效等相關資訊作說明。","303420231107M001.pdf","303420231107E001.pdf","www.novatek.com.tw","","本次會議以一對一方式進行。","查詢"
"3034","聯詠","112/11/23","14:00","台北- W HOTEL","受邀參加由花旗證券所舉辦&quot;Citi Taiwan Corporate Day&quot;，就112年第3季營運績效等相關資訊作說明。","303420231107M001.pdf","303420231107E001.pdf","www.novatek.com.tw","","本次會議以一對一方式進行。","查詢"
"3034","聯詠","112/11/07","15:00","網路直播","本公司一一二年第三季合併財務報告及第四季業績展望。法說會將於15:00進行網路直播，請連結至以下網址 http://www.zucast.com/webcast/HVKeHcyr 。 建議參與者於法說會前安裝或升級所需播放軟體，或至http://www.zucast.com/help 尋求技術支援。","303420231107M001.pdf","303420231107E001.pdf","www.novatek.com.tw",同步收看網址：:http://www.zucast.com/webcast/HVKeHcyr 法說會影音連結資訊:https://www.youtube.com/watch?v=B9yoIJkHfUY ,"無。","查詢"
"3034","聯詠","112/05/22 至 112/05/23","09:00","日本東京","受邀參加由元富證券所舉辦&quot;元富證券日本東京海外企業日&quot;，就112年第1季營運績效等相關資訊作說明。","303420230509M001.pdf","303420230509E001.pdf","www.novatek.com.tw","","本次會議以一對一方式進行。","查詢"
"3034","聯詠","112/06/01","14:00","台北- W HOTEL","受邀參加由花旗證券所舉辦&quot;Regional Tech Conference 2023 &quot;，就112年第1季營運績效等相關資訊作說明。","303420230509M001.pdf","303420230509E001.pdf","www.novatek.com.tw","","本次會議以一對一方式進行。","查詢"
"3034","聯詠","112/07/17 至 112/07/21","21:00","New York(7/17-18)；Boston(7/19)；
San Francisco(7/20)；
Los Angeles(7/21)","受邀參加由花旗證券所舉辦&quot;US Non Deal Roadshow&quot;，就112年第1季營運績效等相關資訊作說明。","303420230509M001.pdf","303420230509E001.pdf","www.novatek.com.tw","","紐約、波士頓、舊金山及洛杉磯當地時間為09時00分。","查詢"
"3034","聯詠","112/02/07","15:00","網路直播","本公司一一一年第四季自結數合併財務報告及一一二年第一季業績展望。法說會將於15:00進行網路直播，請連結至以下網址 http://www.zucast.com/webcast/paDPZGwv 建議參與者於法說會前安裝或升級所需播放軟體，或至 http://www.zucast.com/help 尋求技術支援。","303420230207M001.pdf","303420230207E001.pdf","www.novatek.com.tw",同步收看網址：:http://www.zucast.com/webcast/paDPZGwv 法說會影音連結資訊:https://www.youtube.com/watch?v=XSe92Y9-fCs ,"因考量新型冠狀病毒 2019-nCoV疫情，法說會以網路直播進行。","查詢"
"3034","聯詠","112/02/21","14:00","台北君悅大飯店","受邀參加由JPMorgan所舉辦&quot;TAIWAN CEO-CFO Conference 2023&quot;，就111年第4季營運績效等相關資訊作說明。","303420230207M001.pdf","303420230207E001.pdf","www.novatek.com.tw",法說會影音連結資訊:https://www.youtube.com/watch?v=GQc5y2YtOJo ,"本次會議以一對一方式進行。","查詢"
"3034","聯詠","112/03/15","10:00","台北君悅大飯店","受邀參加由美銀證券所舉辦&quot;2023 APAC TMT CONFERENCE&quot;，就111年第4季營運績效等相關資訊作說明。","303420230207M001.pdf","303420230207E001.pdf","www.novatek.com.tw","","本次會議以一對一方式進行。","查詢"
"3034","聯詠","112/03/21","09:30","Conrad Hong Kong","受邀參加由Credit Suisse所舉辦&quot;26th Credit Suisse Asian Investment Conference&quot;，就111年第4季營運績效等相關資訊作說明。","303420230207M001.pdf","303420230207E001.pdf","www.novatek.com.tw","","本次會議以一對一方式進行。","查詢"
"3034","聯詠","112/09/18","14:00","台北- W HOTEL","受邀參加由高盛證券所舉辦&quot;Goldman Sachs Taiwan Corporate Day 2023&quot;，就112年第2季營運績效等相關資訊作說明。","303420230808M001.pdf","303420230808E001.pdf","www.novatek.com.tw","","本次會議以一對一方式進行。","查詢"
"3034","聯詠","112/08/08","15:00","網路直播","本公司一一二年第二季合併財務報告及第三季業績展望。法說會將於15:00進行網路直播，請連結至以下網址  http://www.zucast.com/webcast/BIWViz4z 。 建議參與者於法說會前安裝或升級所需播放軟體，或至http://www.zucast.com/help 尋求技術支援。","303420230808M001.pdf","303420230808E001.pdf","www.novatek.com.tw",同步收看網址：:http://www.zucast.com/webcast/BIWViz4z 法說會影音連結資訊:https://www.youtube.com/watch?v=aX8uM5qvQYw ,"無。","查詢"
"3034","聯詠","112/05/09","15:00","網路直播","本公司一一二年第一季合併財務報告及第二季業績展望。法說會將於15:00進行網路直播，請連結至以下網址http://www.zucast.com/webcast/uz7sJsif 。 建議參與者於法說會前安裝或升級所需播放軟體，或至http://www.zucast.com/help 尋求技術支援。","303420230509M001.pdf","303420230509E001.pdf","www.novatek.com.tw",同步收看網址：:http://www.zucast.com/webcast/uz7sJsif 法說會影音連結資訊:https://www.youtube.com/watch?v=R6yeQOd6geg ,"因考量新型冠狀病毒 2019-nCoV疫情，法說會以網路直播進行。","查詢"
"3034","聯詠","112/09/12","09:00","Rosewood Hong Kong","受邀參加由里昂證券所舉辦&quot;30th CITIC CLSA Flagship Investors Forum&quot;，就112年第2季營運績效等相關資訊作說明。","303420230808M001.pdf","303420230808E001.pdf","www.novatek.com.tw","","本次會議以一對一方式進行。","查詢"
"3034","聯詠","112/06/16","14:30","台北- UBS Taipei Office","受邀參加由瑞銀證券所舉辦&quot;UBS Taiwan Corporate Day&quot;，就112年第1季營運績效等相關資訊作說明。","303420230509M001.pdf","303420230509E001.pdf","www.novatek.com.tw","","本次會議以一對一方式進行。","查詢"
"3035","智原","112/06/01 至 112/06/15","10:00","W Hotel Taipei, 台北香格里拉遠東國際大飯店, UBS Taipei office","本公司受邀參加112/6/1「Citi Regional Tech Conference」、112/6/8「2023國泰第二季論壇」、112/6/15「UBS Taiwan Corporate Day 2023」","303520230425M001.pdf","303520230425E001.pdf","https://www.faraday-tech.com/tw/content/IR/InvestorConference","","無","查詢"
"3035","智原","112/08/30 至 112/09/06","10:00","台北君悅酒店,上海文華東方酒店,台北宏遠證券","本公司受邀參加112/8/30「HSBC Taiwan Executive Forum 2023」、112/9/5-9/6「Nomura China Investor Forum 2023」、112/9/6宏遠證券未來趨勢產業論壇","303520230725M001.pdf","303520230725E001.pdf","https://www.faraday-tech.com/tw/content/IR/InvestorConference","","無","查詢"
"3035","智原","112/07/25","14:30","線上法說會","112年第二季線上法人說明會","303520230725M001.pdf","303520230725E001.pdf","https://www.faraday-tech.com/tw/content/IR/InvestorConference",同步收看網址：:https://www.faraday-tech.com/tw/content/IR/InvestorConference 法說會影音連結資訊:https://wms.gridow.com/ir/faraday-tech/faraday_2023Q2.html ,"無","查詢"
"3035","智原","112/11/06 至 112/11/07","21:00","Lotte Palace Hotel,New York","本公司受邀參加HSBC 12th Annual Asia Investor Forum","303520231024M001.pdf","303520231024E001.pdf","https://www.faraday-tech.com/tw/content/IR/InvestorConference","","無","查詢"
"3035","智原","112/02/21","14:30","線上法說會","111年第四季線上法人說明會","303520230221M001.pdf","303520230221E001.pdf","https://www.faraday-tech.com/tw/content/IR/InvestorConference",同步收看網址：:https://www.faraday-tech.com/tw/content/IR/InvestorConference 法說會影音連結資訊:https://wms.gridow.com/ir/faraday-tech/faraday_2022Q4.html ,"無","查詢"
"3035","智原","112/10/24","14:30","線上法說會","112年第三季線上法人說明會","303520231024M001.pdf","303520231024E001.pdf","https://www.faraday-tech.com/tw/content/IR/InvestorConference",同步收看網址：:https://www.faraday-tech.com/tw/content/IR/InvestorConference 法說會影音連結資訊:https://wms.gridow.com/ir/faraday-tech/faraday_2023Q3.html ,"無","查詢"
"3035","智原","112/04/25","14:30","線上法說會","112年第一季線上法人說明會","303520230425M001.pdf","303520230425E001.pdf","https://www.faraday-tech.com/tw/content/IR/InvestorConference",同步收看網址：:https://www.faraday-tech.com/tw/content/IR/InvestorConference 法說會影音連結資訊:https://wms.gridow.com/ir/faraday-tech/faraday_2023Q1.html ,"無","查詢"
"3035","智原","112/11/23 至 112/11/28","09:00","台北W Hotel,台北文創","本公司受邀參加112/11/23「Citi&#039;s 2023 Taiwan Corporate Day」、112/11/28元富證券2023年冬季產業投資論壇","303520231024M001.pdf","303520231024E001.pdf","https://www.faraday-tech.com/tw/content/IR/InvestorConference",法說會影音連結資訊:https://webpro.twse.com.tw/WebPortal/vod/101/A7726E10C387-10B84946-8DD4-11EE-AF53/?categoryId=101 ,"無","查詢"
"3035","智原","112/05/11 至 112/05/23","16:00","線上法說會,日本東京","本公司受邀參加112/5/11臺灣證券交易所及永豐金證券共同舉辦之「SinoPac x TWSE Taiwan Corporate Day 2023」海內外線上引資論壇及受邀參加112/5/22~5/23元富證券在日本舉&#36775;之「元富證券日本東京海外企業日」","303520230425M001.pdf","303520230425E001.pdf","https://www.faraday-tech.com/tw/content/IR/InvestorConference","","無","查詢"
"3035","智原","112/05/11 至 112/05/23","16:00","線上法說會、日本東京","本公司受邀參加112/5/11臺灣證券交易所及永豐金證券共同舉辦之「SinoPac x TWSE Taiwan Corporate Day 2023」海內外線上引資論壇、受邀參加112/5/22~5/23元富證券在日本舉辦之「元富證券日本東京海外企業日」","303520230425M001.pdf","303520230425E001.pdf","https://www.faraday-tech.com/tw/content/IR/InvestorConference","","無","查詢"
"3035","智原","112/03/15","10:00","台北君悅酒店","本公司受邀參加BofA Securities舉辦之「2023 APAC TMT Conference」","303520230221M001.pdf","303520230221E001.pdf","https://www.faraday-tech.com/tw/content/IR/InvestorConference","","無","查詢"
"3036","文曄","112/09/20","14:00","新北市中和區中正路738號14樓","本公司受邀參加Raymond James &amp; Associates於112年9月20日舉辦之英文法人說明會。","303620231109M002.pdf","303620231109E002.pdf","","","無。","查詢"
"3036","文曄","112/09/14","16:30","線上法說會","本公司於112年9月14日召開線上法人說明會，向投資人說明9月14日暫停交易待公布之重大訊息相關事宜。","303620231109M002.pdf","303620231109E002.pdf","http://www.wtmec.com/online/invite.htm",法說會影音連結資訊:https://www.wtmec.com/online/data/20230914法說會影+音.mp4 ,"欲參加者請需事先線上報名，網址：http://www.wtmec.com/online/invite.htm","查詢"
"3036","文曄","112/10/05","14:30","線上法說會","本公司受邀參加兆豐證券於112年10月5日舉辦之線上法人說明會，向投資人說明112年第3季營業成果及未來營運展望。","303620231005M001.pdf","303620231005E001.pdf","https://www.wtmec.com/investor-relations/financials/quarterly-results/",法說會影音連結資訊:https://www.wtmec.com/sites/EarningCalls/20231005_Earning_Call.mp4 ,"欲參加者請需事先線上報名，網址：http://www.wtmec.com/online/invite.htm","查詢"
"3036","文曄","112/02/23","14:30","線上法說會","本公司受邀參加兆豐證券於112年2月23日舉辦之線上法人說明會，向投資人說明111年第4季營業成果及未來營運展望。","303620230223M001.pdf","303620230223E001.pdf","https://www.wtmec.com/investor-relations/financials/quarterly-results/","","欲參加者請需事先線上報名，網址：http://www.wtmec.com/online/invite.htm","查詢"
"3036","文曄","112/06/06","11:15","臺北文創 (台北市信義區菸廠路88號6F)","本公司受邀參加元富證券於112年6月6日舉辦之2023年夏季產業投資論壇，向投資人說明112年第1季營業成果及未來營運展望","303620230504M001.pdf","303620230504E001.pdf","","","無。","查詢"
"3036","文曄","112/03/13 至 112/03/14","09:00","台北君悅酒店 (台北市信義區松壽路2號)","本公司受邀參加美銀證券於112年3月13至14日舉辦之2023 APAC TMT Conference，向投資人說明111年第4季營業成果及未來營運展望","303620230223M001.pdf","303620230223E001.pdf","","","無。","查詢"
"3036","文曄","112/05/04","14:30","線上法說會","本公司受邀參加兆豐證券於112年5月4日舉辦之線上法人說明會，向投資人說明112年第1季營業成果及未來營運展望","303620230504M001.pdf","303620230504E001.pdf","https://www.wtmec.com/investor-relations/financials/quarterly-results/",法說會影音連結資訊:https://www.wtmec.com/sites/EarningCalls/20230504_Earning_Call.mp4 ,"欲參加者請需事先線上報名，網址：http://www.wtmec.com/online/invite.htm","查詢"
"3036","文曄","112/08/04","14:00","線上法說會","本公司受邀參加兆豐證券於112年8月3日舉辦之線上法人說明會因颱風延期至112年8月4日14點00分舉辦。","303620230804M001.pdf","303620230804E001.pdf","https://www.wtmec.com/investor-relations/financials/quarterly-results/",法說會影音連結資訊:https://www.wtmec.com/sites/EarningCalls/20230804_Earning_Call.mp4 ,"無。","查詢"
"3036","文曄","112/08/03","14:30","線上法說會","本公司受邀參加兆豐證券於112年8月3日舉辦之線上法人說明會，向投資人說明112年第2季營業成果及未來營運展望。","內容檔案於當日會後公告於公開資訊觀測站","內容檔案於當日會後公告於公開資訊觀測站","https://www.wtmec.com/investor-relations/financials/quarterly-results/","","欲參加者請需事先線上報名，網址：http://www.wtmec.com/online/invite.htm","查詢"
"3036","文曄","112/09/14","18:30","線上法說會","本公司受邀參加花旗證券於112年9月14日舉辦之英文線上法人說明會，向投資人說明9月14日暫停交易待公布之重大訊息相關事宜。","303620231109M003.pdf","303620231109E003.pdf","","","無。","查詢"
"3037","欣興","112/07/26","15:00","線上法說會","將於說明會當天發布本公司112年度第2季財務
暨營運報告。","303720230726M001.pdf","303720230726E001.pdf","http://www.unimicron.com/",同步收看網址：:http://www.zucast.com/webcast/onAa4STt 法說會影音連結資訊:http://www.unimicron.com/ ,"無。","查詢"
"3037","欣興","112/05/31","13:00","W飯店","本公司受邀參加Citi證券舉辦之Citi Regional Tech 
Conference，會中就本公司已公開發布之財務數
字、經營績效等相關資訊作說明。","303720230526M001.pdf","303720230526E001.pdf","http://www.unimicron.com/","","無。","查詢"
"3037","欣興","112/11/13 至 112/11/14","10:00","香港港麗酒店","本公司受邀參加J.P. Morgan舉辦之Global TMT 
Conference in Asia，會中就本公司已公開發布之
財務數字、經營績效等相關資訊作說明。","303720231107M001.pdf","303720231107E001.pdf","https://www.unimicron.com/","","無。","查詢"
"3037","欣興","112/11/13 至 112/11/14","10:00","香港港麗酒店","本公司受邀參加J.P. Morgan舉辦之Global TMT 
Conference in Asia，會中就本公司已公開發布之
財務數字、經營績效等相關資訊作說明。","303720231107M001.pdf","303720231107E001.pdf","https://www.unimicron.com/","","無。","查詢"
"3037","欣興","112/11/09","13:30","君悅酒店","本公司受邀參加Macquarie舉辦之Global AI Conference，
會中就本公司已公開發布之財務數字、
經營績效等相關資訊作說明。","303720231107M001.pdf","303720231107E001.pdf","http://www.unimicron.com/","","無。","查詢"
"3037","欣興","112/12/05","09:30","台北晶華酒店","本公司受邀參加元大證券舉辦之第四季投資論壇，
會中就本公司已公開發布之財務數字、經營績效等
相關資訊作說明。","303720231107M001.pdf","303720231107E001.pdf","http://www.unimicron.com/","","無。","查詢"
"3037","欣興","112/12/07","13:30","台北茹曦酒店","本公司受邀參加群益證券舉辦之第四季投資論壇，
會中就本公司已公開發布之財務數字、經營績效等
相關資訊作說明。","303720231107M001.pdf","303720231107E001.pdf","http://www.unimicron.com/","","無。","查詢"
"3037","欣興","112/11/30","11:00","喜來登飯店","本公司受邀參加第一金證券舉辦之2023年第四季
投資論壇，會中就本公司已公開發布之
財務數字、經營績效等相關資訊作說明。","303720231107M001.pdf","303720231107E001.pdf","http://www.unimicron.com/","","無。","查詢"
"3037","欣興","112/11/09","13:30","君悅酒店","本公司受邀參加Macquarie舉辦之Global AI Conference，
會中就本公司已公開發布之財務數字、
經營績效等相關資訊作說明。","303720231107M001.pdf","303720231107E001.pdf","http://www.unimicron.com/","","無。","查詢"
"3037","欣興","112/06/15","15:30","UBS台北辦公室","本公司受邀參加UBS證券舉辦之UBS Taiwan Corporate
Day，會中就本公司已公開發布之財務數字、經營績效
等相關資訊作說明。","303720230526M001.pdf","303720230526E001.pdf","http://www.unimicron.com/","","無。","查詢"
"3037","欣興","112/09/05","09:00","台北東方文華酒店","本公司受邀參加摩根史坦利舉辦之 Post Asia Tech Conference – Taiwan AI Gold Rush Forum，會中就本公司已公開發布之財務數字、經營績效等相關資訊作說明。","303720230726M001.pdf","303720230726E001.pdf","http://www.unimicron.com/","","無。","查詢"
"3037","欣興","112/09/05","15:10","台北宏遠證券辦公室","本公司受邀參加宏遠證券舉辦之未來趨勢產業論壇，會中就本公司已公開發布之財務數字、經營績效等相關資訊作說明。","303720230726M001.pdf","303720230726E001.pdf","http://www.unimicron.com/",法說會影音連結資訊:https://drive.google.com/file/d/1WsRXb-x9nzRTNPYegEJz4AXfAwVgufKT/view?usp=drive_link ,"無。","查詢"
"3037","欣興","112/09/11 至 112/09/12","14:00","香港瑰麗酒店","本公司受邀參加CLSA舉辦之 30th CITIC CLSA Flagship Investors Forum，會中就本公司已公開發布之財務數字、經營績效等相關資訊作說明。","303720230726M001.pdf","303720230726E001.pdf","http://www.unimicron.com/","","無。","查詢"
"3037","欣興","112/02/22","15:00","線上法說會","將於說明會當天發布本公司111年度第4季財務暨營運報告。","303720230222M001.pdf","303720230222E001.pdf","http://www.unimicron.com/",同步收看網址：:http://www.zucast.com/webcast/M8a7tq7x 法說會影音連結資訊:http://www.unimicron.com/ ,"無。","查詢"
"3037","欣興","112/09/18","13:00","台北 W Hotel","本公司受邀參加Goldman Sachs舉辦之Taiwan 
Corporate Day，會中就本公司已公開發布之財務
數字、經營績效等相關資訊作說明。","303720230726M001.pdf","303720230726E001.pdf","http://www.unimicron.com/","","無。","查詢"
"3037","欣興","112/08/24","15:00","台北101大樓","本公司受邀參加美銀證券舉辦之2023 Asia Tech 
Tour，會中就本公司已公開發布之財務數字、
經營績效等相關資訊作說明。","303720230726M001.pdf","303720230726E001.pdf","http://www.unimicron.com/","","無。","查詢"
"3037","欣興","112/08/29","10:00","新竹喜來登大飯店","本公司受邀參加摩根大通證券舉辦之8th Annual Asia
Tech Tour，會中就本公司已公開發布之財務數字、經
營績效等相關資訊作說明。","303720230726M001.pdf","303720230726E001.pdf","http://www.unimicron.com/","","無。","查詢"
"3037","欣興","112/08/30","10:00","新竹喜來登大飯店","本公司受邀參加野村證券舉辦之Asia Tech Tour，會
中就本公司已公開發布之財務數字、經營績效等相
關資訊作說明。","303720230726M001.pdf","303720230726E001.pdf","http://www.unimicron.com/","","無。","查詢"
"3037","欣興","112/08/30","15:00","台北君悅酒店","本公司受邀參加匯豐證券舉辦之HSBC Taiwan 
Executive Forum 2023，會中就本公司已公開發布
之財務數字、經營績效等相關資訊作說明。","303720230726M001.pdf","303720230726E001.pdf","http://www.unimicron.com/","","無。","查詢"
"3037","欣興","112/03/16","10:00","台北君悅酒店","本公司受邀參加美銀證券舉辦之2023 APAC TMT 
Conference，會中就本公司已公開發布之財務數
字、經營績效等相關資訊作說明。","303720230222M001.pdf","303720230222E001.pdf","http://www.unimicron.com/","","無。","查詢"
"3037","欣興","112/03/03","15:00","W飯店","本公司受邀參加Citi證券舉辦之Citi Asia Tech Field Trip，
會中就本公司已公開發布之財務數字、經營績效
等相關資訊作說明。","303720230222M001.pdf","303720230222E001.pdf","http://www.unimicron.com/","","無。","查詢"
"3037","欣興","112/11/21","10:00","台北香格里拉遠東大酒店","本公司受邀參加台灣匯立證券舉辦之Taiwan Market 
Mover 2024 Access Day，會中就本公司已公開發布之財務數字、經營績效等相關資訊作說明。","303720231107M001.pdf","303720231107E001.pdf","https://www.unimicron.com/","","無。","查詢"
"3037","欣興","112/11/21","14:00","台北101","本公司受邀參加摩根史坦利舉辦之Post AP-Summit 
Taiwan Tech Trip，會中就本公司已公開發布之財務數字、經營績效等相關資訊作說明。","303720231107M001.pdf","303720231107E001.pdf","https://www.unimicron.com/","","無。","查詢"
"3037","欣興","112/11/22","10:00","台北W hotel","本公司受邀參加Citi舉辦之Citi&#039;s 2023 Taiwan 
Corporate Day，會中就本公司已公開發布之財務數字
、經營績效等相關資訊作說明。","303720231107M001.pdf","303720231107E001.pdf","https://www.unimicron.com/","","無。","查詢"
"3038","全台","112/12/15","14:00","本公司(高雄市前鎮區中一路5號)","公司營運暨財務報告","303820231215M002.pdf","303820231215E002.pdf","https://www.edtc.com/edtcweb/investor_web.php?in_id=51",法說會影音連結資訊:https://www.edtc.com/edtcweb/investor_web.php?in_id=51 ,"https://www.edtc.com/edtcweb/investor_web.php?in_id=51","查詢"
"3040","遠見","112/08/17","14:00","線上法說會","本公司受邀參加元大證券舉辦之產業座談會，報告本公司營運狀況","304020230816M001.pdf","304020230816E001.pdf","http://www.gv.com.tw/invest.asp",中文影音檔網址:3040_7_20230817_ch.mp4 ,"無","查詢"
"3041","揚智","112/08/09","14:00","線上法人說明會","本公司受邀統一證券舉行線上法人說明會，由總經理暨發言人程心璿報告本公司營運成果及答覆線上與會者提問。
有意參加者，可透過網際網路連結報名參加本次法人說明會，報名網址：
https://webportal.pscnet.com.tw/global/signup/global_signup_business.php?business_id=101 
本次線上法說會資訊亦可至本公司網站http://www.alitech.com 查詢，若您有任何問題，請於法說會召開前撥打(02)8752-2000與我們的投資人關係專人聯絡。","304120230809M001.pdf","304120230809E001.pdf","http://www.alitech.com/index.php/tw/investor-relations",中文影音檔網址:3041_73_20230809_ch.mp4 ,"法說會簡報依規定揭露於「公開資訊觀測站」","查詢"
"3041","揚智","112/03/30","14:00","線上法人說明會","本公司受邀統一證券舉行線上法人說明會，由總經理暨發言人程心璿報告本公司年度營運成果及答覆線上與會者提問。
有意參加者，可透過網際網路連結報名參加本次法人說明會，報名網址：
https://webportal.pscnet.com.tw/global/signup/global_signup_business.php?business_id=85 
本次線上法說會資訊亦可至本公司網站http://www.alitech.com 查詢，若您有任何問題，請於法說會召開前撥打(02)8752-2000與我們的投資人關係專人聯絡。","304120230330M001.pdf","304120230330E001.pdf","http://www.alitech.com/index.php/tw/investor-relations",中文影音檔網址:3041_72_20230330_ch.mp4 ,"法說會簡報依規定揭露於「公開資訊觀測站」","查詢"
"3042","晶技","112/09/05","09:40","集思北科大會議中心(台北市大安區忠孝東路三段1號)","本公司受邀參加凱基證券第三季投資論壇，說明本公司營運概況。","304220230904M001.pdf","304220230904E001.pdf","http://www.txccorp.com/index_tw.php?action=e_company_1-1&amp;cid=5&amp;sid=11",中文影音檔網址:3042_77_20230905_ch.MP4 ,"無","查詢"
"3042","晶技","112/06/09","09:30","台北晶華酒店4F(台北市中山北路二段39巷3號)","本公司受邀參加元大證券第二季投資論壇，說明本公司營運概況。","304220230607M002.pdf","304220230607E002.pdf","http://www.txccorp.com/index_tw.php?action=e_company_1-1&amp;cid=5&amp;sid=11","","無","查詢"
"3042","晶技","112/12/06","10:00","台北君悅酒店 (台北市信義區松壽路2號)","本公司受邀參加統一證券第四季投資論壇，說明本公司營運概況。","304220240102M001.pdf","304220240102E001.pdf","https://www.txccorp.com/investor/corporatebriefing/175/57/","","無","查詢"
"3042","晶技","112/06/08","15:00","線上會議","本公司受邀參加由臺灣證券交易所、台灣董事學會及安擘諮詢共同舉辦之外資論壇「站在全球地緣政治變動新時代的浪尖」，說明本公司營運概況。","304220230607M001.pdf","304220230607E001.pdf","http://www.txccorp.com/index_tw.php?action=e_company_1-1&amp;cid=5&amp;sid=11","","無","查詢"
"3042","晶技","112/03/07","09:50","茹曦酒店(台北市松山區敦化北路100號)","本公司受邀參加國泰證券舉辦之「2023第一季產業投資論壇」","304220230221M001.pdf","304220230221E001.pdf","http://www.txccorp.com/index_tw.php?action=e_company_1-1&amp;cid=5&amp;sid=11","","無","查詢"
"3042","晶技","112/02/23","10:00","台北文創(台北市信義區菸廠路88號6F)","本公司受邀參加元富證券舉辦之「2023春季產業投資論壇」","304220230221M001.pdf","304220230221E001.pdf","http://www.txccorp.com/index_tw.php?action=e_company_1-1&amp;cid=5&amp;sid=11","","無","查詢"
"3042","晶技","112/08/16","14:00","台北遠東香格里拉 B1大都會廳
(台北市敦化南路二段201號B1)","本公司召開法人說明會，說明近期營運成果及未來展望。","304220230816M001.pdf","304220230816E001.pdf","http://www.txccorp.com/index_tw.php?action=e_company_1-1&amp;cid=5&amp;sid=11",法說會影音連結資訊:http://www.txccorp.com/index_tw.php?action=e_company_1-1&cid=5&sid=11 ,"無","查詢"
"3043","科風","112/12/27","16:00","臺灣證券交易所1樓資訊展示中心(台北市信義區信義路五段7號1樓)","公司簡介及營運報告","304320231227M002.pdf","304320231227E002.pdf","https://www.upspowercom.com/TW/Us-Meet.jsp",同步收看網址：:http://www.twse.com.tw 法說會影音連結資訊:https://webpro.twse.com.tw/webportal/vod/101/5DD104CD32DA-873D2027-A490-11EE-9EF6/?categoryId=101 ,"15:30報到，16:00法說會開始","查詢"
"3044","健鼎","112/08/30","09:00","台北君悅酒店","健鼎於112年08月30日參加匯豐證券HSBC Taiwan Executive Forum 2023","304420230829M001.pdf","304420230829E001.pdf","","","無","查詢"
"3044","健鼎","112/11/23","09:00","台北W Hotel","健鼎於112年11月23日參加花旗證券2023 Taiwan Corporate Day","304420231122M001.pdf","304420231122E001.pdf","","","無","查詢"
"3044","健鼎","112/11/30","10:00","喜來登大飯店,台北","健鼎於112年11月30日參加第一金證券2023年第四季投資論壇","304420231129M001.pdf","304420231129E001.pdf","",法說會影音連結資訊:https://youtu.be/GTzGydN9p3M?si=4akV6OQYUdTITSoK ,"無","查詢"
"3044","健鼎","112/10/03 至 112/10/04","09:00","香港","健鼎於112年10月03日至112年10月04日參加野村證券Taiwan Corporate Day 2023","304420231002M001.pdf","304420231002E001.pdf","","","無","查詢"
"3044","健鼎","112/03/15","09:00","台北君悅飯店","健鼎於112年03月15日參加美銀證券2023 Asia Pacific TMT Conference","304420230314M001.pdf","304420230314E001.pdf","","","無","查詢"
"3044","健鼎","112/05/31","09:00","台北W Hotel","健鼎於112年05月31日參加花旗證券Regional Tech Conference","304420230530M001.pdf","304420230530E001.pdf","","","無","查詢"
"3045","台灣大","112/05/24","15:15","台北君悅酒店","說明112年第一季法說會簡報與其他已公開發佈之財務數字、經營績效等相關資訊。","304520230508M001.pdf","304520230508E001.pdf","https://www.taiwanmobile.com/index.html",中文影音檔網址:3045_278_20230524_ch.mp4 ,"無","查詢"
"3045","台灣大","112/11/13 至 112/11/14","17:00","香港","說明112年第二季法說會簡報與其他已公開發佈之財務數字、經營績效等相關資訊。","304520230807M001.pdf","304520230807E001.pdf","https://www.taiwanmobile.com/index.html","","無","查詢"
"3045","台灣大","112/11/15","14:30","電話會議","本公司112年第3季營運情形","304520231115M001.pdf","304520231115E001.pdf","https://www.taiwanmobile.com/index.html",同步收看網址：:https://corp.taiwanmobile.com/investor-relations/investor-relations.html 法說會影音連結資訊:https://corp.taiwanmobile.com/investor-relations/investor-relations.html (請輸入網址名稱(註)):未輸 ,"無","查詢"
"3045","台灣大","112/02/24","16:00","電話會議","本公司111年第4季營運情形","304520230224M001.pdf","304520230224E001.pdf","https://www.taiwanmobile.com/index.html",同步收看網址：:https://corp.taiwanmobile.com/investor-relations/investor-relations.html 法說會影音連結資訊:https://corp.taiwanmobile.com/investor-relations/investor-relations.html ,"無","查詢"
"3045","台灣大","112/05/08","16:00","電話會議","本公司112年第1季營運情形","304520230508M001.pdf","304520230508E001.pdf","https://www.taiwanmobile.com/index.html",同步收看網址：:https://corp.taiwanmobile.com/investor-relations/investor-relations.html 法說會影音連結資訊:https://corp.taiwanmobile.com/investor-relations/investor-relations.html ,"無","查詢"
"3045","台灣大","112/08/04","16:00","電話會議","本公司112年第2季營運情形","內容檔案於當日會後公告於公開資訊觀測站","內容檔案於當日會後公告於公開資訊觀測站","https://www.taiwanmobile.com/index.html",同步收看網址：:https://corp.taiwanmobile.com/investor-relations/investor-relations.html 法說會影音連結資訊:https://corp.taiwanmobile.com/investor-relations/investor-relations.html ,"無","查詢"
"3045","台灣大","112/11/10","16:00","電話會議","本公司112年第3季營運情形","內容檔案於當日會後公告於公開資訊觀測站","內容檔案於當日會後公告於公開資訊觀測站","https://www.taiwanmobile.com/index.html",同步收看網址：:https://corp.taiwanmobile.com/investor-relations/investor-relations.html 法說會影音連結資訊:https://corp.taiwanmobile.com/investor-relations/investor-relations.html ,"無","查詢"
"3045","台灣大","112/03/14","11:00","台北君悅酒店","說明111年第四季法說會簡報與其他已公開發佈之財務數字、經營績效等相關資訊。","304520230224M001.pdf","304520230224E001.pdf","https://www.taiwanmobile.com/index.html","","無","查詢"
"3045","台灣大","112/04/19","09:00","電話會議","說明111 年第四季法說會簡報與其他已公開發佈之財務數字、經營績效等相關資訊。","304520230224M001.pdf","304520230224E001.pdf","https://www.taiwanmobile.com/index.html","","無","查詢"
"3045","台灣大","112/06/13","09:00","香港","說明112年第一季法說會簡報與其他已公開發佈之財務數字、經營績效等相關資訊。","304520230508M001.pdf","304520230508E001.pdf","https://www.taiwanmobile.com/index.html","","無","查詢"
"3045","台灣大","112/11/09","16:00","電話會議","本公司112年第3季營運情形","內容檔案於當日會後公告於公開資訊觀測站","內容檔案於當日會後公告於公開資訊觀測站","https://www.taiwanmobile.com/index.html",同步收看網址：:https://corp.taiwanmobile.com/investor-relations/investor-relations.html 法說會影音連結資訊:未輸 ,"無","查詢"
"3045","台灣大","112/02/21","09:00","台北","說明111年第三季法說會簡報與其他已公開發佈之財務數字、經營績效等相關資訊。","304520221110M001.pdf","304520221110E001.pdf","https://www.taiwanmobile.com/index.html","","無","查詢"
"3045","台灣大","112/08/22","08:00","東京","說明112年第二季法說會簡報與其他已公開發佈之財務數字、經營績效等相關資訊。","304520230807M001.pdf","304520230807E001.pdf","https://www.taiwanmobile.com/index.html","","無","查詢"
"3045","台灣大","112/08/29 至 112/08/30","09:30","新加坡","說明112年第二季法說會簡報與其他已公開發佈之財務數字、經營績效等相關資訊。","304520230807M001.pdf","304520230807E001.pdf","https://www.taiwanmobile.com/index.html","","無","查詢"
"3045","台灣大","112/08/07","17:00","電話會議","本公司112年第2季營運情形","304520230807M001.pdf","304520230807E001.pdf","https://www.taiwanmobile.com/index.html",同步收看網址：:https://corp.taiwanmobile.com/investor-relations/investor-relations.html 法說會影音連結資訊:https://corp.taiwanmobile.com/investor-relations/investor-relations.html ,"無","查詢"
"3046","建碁","112/10/17","14:00","新北市汐止區新台五路一段88號一樓","本公司受邀參加國泰綜合證券舉辦之法人說明會，會中將就建碁公司之業務狀況說明","304620231017M001.pdf","304620231017E001.pdf","https://www.aopen.com/TW_ch/page/investor-conference",法說會影音連結資訊:https://www.aopen.com/TW_ch/page/investor-conference ,"無","查詢"
"3046","建碁","112/12/22","14:00","線上法人說明會","本公司受邀參加台新綜合證券舉辦之線上法人說明會","304620231222M001.pdf","304620231222E001.pdf","相關會議資訊，請參閱本公司網頁: https://www.aopen.com/TW_ch/page/investor-conference",法說會影音連結資訊:https://www.aopen.com/TW_ch/page/investor-conference ,"無","查詢"
"3047","訊舟","112/11/23","14:30","線上法說會","受邀參加統一證券舉辦之線上法人說明會，說明本公司之財務概況及營運狀況。","304720231116M001.pdf","304720231116E001.pdf","http://www.edimax.com.tw",法說會影音連結資訊:https://promote.pscnet.com.tw/html/test/3047.mp4 ,"報名請洽統一證券企業法人部張小姐02-27478266轉3003或mail:shiki@uni-psg.com","查詢"
"3048","益登","112/11/15","14:30","線上法人說明會-Webex","本公司受邀參加凱基證券舉辦線上法人說明會，向投資人說明公司
營運概況。 同步收看網址:https://kgitw.webex.com/kgitw-tc/j.php?MTID=m3056216b60443ee9eedea0c49b8a614e","304820231115M001.pdf","304820231115E001.pdf","",中文影音檔網址:3048_8_20231115_ch.mp4 ,"無","查詢"
"3049","精金","112/11/07","14:00","線上法說會","本公司受邀參加康和證券舉辦之線上法人說明會","304920231107M001.pdf","304920231107E001.pdf","https://www.hannstouch.com/tw/investor#investor-presentations",中文影音檔網址:3049_11_20231107_ch.mp4 ,"無","查詢"
"3050","鈺德","112/12/05","14:00","線上法人說明會","本公司受邀參加國票綜合證券舉辦之法人說明會","305020231205M001.pdf","305020231205E001.pdf","http://www.utechmedia.com.tw",中文影音檔網址:3050_7_20231205_ch.mp4 ,"無","查詢"
"3051","力特","112/12/22","14:00","力特光電科技股份有限公司(桃園市平鎮區平東路659巷37號)","力特光電2023年第三季法人說明會","305120231222M001.ppt","305120231222E001.ppt","http://www.optimax.com.tw",法說會影音連結資訊:https://youtu.be/TgEZHTY63Ck ,"無","查詢"
"3052","夆典","112/10/26","15:00","線上法說會","本公司受邀參加元大證券舉辦之線上法人說明會","305220231025M001.pdf","305220231025E001.pdf","https://www.apexgrp.com.tw/web/bbs/board.php?bo_table=investor&amp;wr_id=6",中文影音檔網址:3052_7_20231026_ch.mp4 ,"無","查詢"
"3054","立萬利","112/12/19","14:00","線上法說會","本公司受邀參加康和證券舉辦之線上法說會，報告本公司營運狀況","305420231219M001.pptx","305420231219E001.pptx","",中文影音檔網址:3054_8_20231219_ch.mp4 ,"無","查詢"
"3054","立萬利","112/09/12","14:00","線上法說會","本公司受邀參加元大證券舉辦之線上法說會，報告本公司營運狀況","305420230912M002.pptx","305420230912E002.pptx","",中文影音檔網址:3054_7_20230912_ch.mp4 ,"無","查詢"
"3055","蔚華科","112/12/21","15:00","線上法說會","公司簡介、營運報告及公司展望。
網路會議網址:http://www.zucast.com/webcast/KqwtqQth","305520231221M001.pdf","305520231221E001.pdf","http://www.spirox.com.tw/investor/ir-earnings-conference",法說會影音連結資訊:http://www.spirox.com.tw/investor/ir-earnings-conference ,"無","查詢"
"3056","富華新","112/11/17","14:30","線上法人說明會","本公司營運概況說明。
報名方式：https://forms.gle/5qUegEY7S7vwKZwX7","305620231117M001.pdf","305620231117E001.pdf","https://zte.zongtai.com.tw/news/Dnin/detail",法說會影音連結資訊:https://www.youtube.com/watch?v=fh3SaXEqdxs ,"無。","查詢"
"3057","喬鼎","112/12/28","16:00","新竹科學園區工業東四路21號1樓(本公司會議室)","112年營運說明暨未來展望","305720231228M001.pdf","305720231228E001.pdf","https://www.promise.com/tw/IR/Service/ConferenceInfo",法說會影音連結資訊:https://youtu.be/l1cLyJ8Kfrk ,"無。","查詢"
"3058","立德","112/12/07","14:30","永豐金證券股份有限公司(台北市重慶南路一段2號19樓)","本公司受邀參加永豐金證券舉辦之法人說明會，說明本公司營運及財務狀況。","305820231207M001.pdf","305820231207E001.pdf","https://www.lei.com.tw/tw/investor/conference.aspx",中文影音檔網址:3058_7_20231207_ch.MP4 ,"無","查詢"
"3059","華晶科","112/05/16","14:00","線上法人說明會","第一金證券舉辦線上座談會","305920230515M001.pdf","305920230515E001.pdf","https://www.altek.com.tw/",中文影音檔網址:3059_44_20230516_ch.mp4 ,"無","查詢"
"3060","銘異","112/12/22","14:00","線上會議","受邀參加元大證券舉辦之線上法人說明會，報告本公司營運狀況。","306020231222M001.pdf","306020231222E001.pdf","https://www.minaik.com.tw/zh-tw/investo/shareholder",中文影音檔網址:3060_9_20231222_ch.mp4 ,"無","查詢"
"3062","建漢","112/12/08","14:30","福邦證券總公司(台北市忠孝西路一段6號7樓)","說明本公司營運概況","306220231208M001.pdf","306220231208E001.pdf","",法說會影音連結資訊:https://www.cybertan.com.tw/public/tw/news-01 ,"無","查詢"
"3090","日電貿","112/11/28","14:00","台北市中山區樂群三路128號7樓","本公司受邀參加國票綜合證券112年11月28日舉辦之法人說明會。","309020231128M001.pdf","309020231128E001.pdf","https://www.ndb.com.tw/投資人專區/法人說明會/",法說會影音連結資訊:https://www.youtube.com/watch?v=U7Lpu1i5lFQ ,"無。","查詢"
"3090","日電貿","112/06/27","14:30","台北市中山區明水路700號12樓","本公司受邀參加凱基證券112年6月27日舉辦之法人說明會。","309020230627M001.pdf","309020230627E001.pdf","http://www.ndb.com.tw/investor-conference",法說會影音連結資訊:https://www.youtube.com/watch?v=I5jz8HC6q00 ,"無。","查詢"
"3092","鴻碩","112/12/22","14:30","線上法人說明會","本公司受邀參加凱基證券舉辦之線上法人說明會","309220231221M001.pdf","309220231221E001.pdf","http://www.hotron-ind.com/cn/index.php",中文影音檔網址:3092_5_20231222_ch.mp4 ,"完整財務業務資訊請至公開資訊觀測站之法人說明會一覽表或法說會項目下查閱。","查詢"
"3094","聯傑","112/12/08","15:00","線上法說會","聯傑國際法人說明會-公司財務業務營運情形及未來展望","309420231207M001.pptx","309420231207E001.pptx","http://www.davicom.com.tw",中文影音檔網址:3094_10_20231208_ch.mp4 ,"無","查詢"
"3130","一零四","112/12/22","15:30","台北市中山區南京東路三段219號11樓(宏春大樓會議室)","說明公司營運狀況及產品資訊","313020231218M001.pdf","313020231218E001.pdf","https://corp.104.com.tw/zh/investors/conference/","","無","查詢"
"3130","一零四","112/06/21","15:00","元大證券線上法人座談會","說明公司營運狀況及產品資訊","313020230613M001.pdf","313020230613E001.pdf","https://corp.104.com.tw/zh/investors/conference/",中文影音檔網址:3130_36_20230621_ch.mp4 ,"無","查詢"
"3138","耀登","112/12/27","14:30","台北市松山區東興路八號13樓","本公司受邀參加統一證券舉辦之法人說明會，說明本公司之營運、財務及業務概況。","313820231226M003.pdf","313820231226E003.pdf","https://www.auden.com.tw/investor-service/shareholder-column/",中文影音檔網址:3138_9_20231227_ch.mp4 ,"無","查詢"
"3138","耀登","112/08/24","14:30","台北市中山區樂群三路128號7樓","本公司受邀參加國票綜合證券舉辦之法人說明會，說明本公司之營運、財務及業務概況。","313820230823M001.pdf","313820230823E001.pdf","https://www.auden.com.tw/investor-service/shareholder-column/","","無","查詢"
"3149","正達","112/08/31","14:00","台北市基隆路一段176號B2會議室","本公司受邀參加康和證券舉辦之法人說明會，公司營運介紹及說明。","314920230825M001.pdf","314920230825E001.pdf","http://www.gtoc.com.tw/webc/html/investor/index.aspx?nav=6#b02",中文影音檔網址:3149_26_20230831_ch.MP4 ,"無。","查詢"
"3164","景岳","112/09/15","14:30","台南市中西區民生路1段62號3樓 國泰證券台南分公司","受邀參加國泰證券舉辦之法人說明會，說明本公司之營運概況","316420230914M001.pdf","316420230914E001.pdf","https://www.genmont.com.tw/list/cate-349059.htm",法說會影音連結資訊:https://youtu.be/PJ26JwLplpk ,"無","查詢"
"3164","景岳","112/12/29","14:30","台南市中西區民生路1段62號3樓 國泰證券台南分公司","受邀參加國泰證券舉辦之法人說明會，說明本公司之營運概況","316420231228M001.pdf","316420231228E001.pdf","","","無","查詢"
"3167","大量","112/08/31","14:30","線上法說會報名連結：https://forms.gle/kgxTiM3KaaRsYFGM8","本公司受邀參加福邦證券舉辦之法人說明會，會中就本公司已公開發佈之財務數字、經營績效等相關資訊做說明。請投資人報名參加以取得法說會線上會議連結。","316720230831M001.pdf","316720230831E001.pdf","",中文影音檔網址:3167_18_20230831_ch.mp4 ,"將於法說會前一日以投資人報名時所提供之信箱寄送線上會議連結與登入密碼。","查詢"
"3167","大量","112/12/25","14:00","線上法說會報名連結：https://forms.gle/vy3GTscxv9GqYrvDA","本公司受邀參加福邦證券舉辦之法人說明會，會中就本公司已公開發布之財務數字、經營績效等相關資訊做說明。請投資人報名參加以取得法說會線上會議連結。","316720231225M001.pdf","316720231225E001.pdf","","","將於法說會前一日以投資人報名時所提供之信箱寄送線上會議連結與登入密碼。","查詢"
"3189","景碩","112/05/24","09:00","新加坡","向法人說明產業狀況與本公司經營績效","318920230517M002.pdf","318920230517E002.pdf","","","無","查詢"
"3189","景碩","112/06/05","09:00","美國紐約州紐約市","向法人說明產業狀況與本公司經營績效","318920230517M003.pdf","318920230517E003.pdf","","","無","查詢"
"3189","景碩","112/06/12","15:00","香港","向法人說明產業狀況與本公司經營績效","318920230517M004.pdf","318920230517E004.pdf","","","無","查詢"
"3189","景碩","112/05/23","09:00","馬來西亞 吉隆坡市","向法人說明產業狀況與本公司經營績效","318920230517M001.pdf","318920230517E001.pdf","","","無","查詢"
"3189","景碩","112/11/22","11:00","台北市 W-Hotel","向法人說明產業狀況與本公司經營績效","318920231120M001.pdf","318920231120E001.pdf","",法說會影音連結資訊:https://www.kinsus.com.tw/zh-TW/Download/other-information/Index/other%20informations_tw/0/2 ,"無","查詢"
"3189","景碩","112/11/29","15:20","台北市松菸文創園區","向法人說明產業狀況與本公司經營績效","318920231120M002.pdf","318920231120E002.pdf","","","無","查詢"
"3189","景碩","112/12/06","14:00","台北市君悅飯店","向法人說明產業狀況與本公司經營績效","318920231120M003.pdf","318920231120E003.pdf","","","無","查詢"
"3189","景碩","112/09/05","14:00","台北文創 (台北市信義區菸廠路88號)","向法人說明產業狀況與本公司經營績效","318920230817M001.pdf","318920230817E001.pdf","","","無","查詢"
"3189","景碩","112/09/05","16:00","宏遠證券 (台北市信義路四段236號4樓)","向法人說明產業狀況與本公司經營績效","318920230817M001.pdf","318920230817E001.pdf","","","無","查詢"
"3189","景碩","112/09/06","15:00","香港 Island Shangri-La Hotel","向法人說明產業狀況與本公司經營績效","318920230817M001.pdf","318920230817E001.pdf","","","無","查詢"
"3189","景碩","112/09/11","15:00","香港 Grand Hyatt Hotel","向法人說明產業狀況與本公司經營績效","318920230817M001.pdf","318920230817E001.pdf","","","無","查詢"
"3189","景碩","112/02/15","13:00","台北市遠東飯店","向法人說明產業狀況與本公司經營績效","318920230213M003.pdf","318920230213E003.pdf","","","無","查詢"
"3189","景碩","112/02/16","15:00","台北市晶華酒店","向法人說明產業狀況與本公司經營績效","318920230213M002.pdf","318920230213E002.pdf","","","無","查詢"
"3189","景碩","112/02/21","13:00","台北市 W-Hotel","向法人說明產業狀況與本公司經營績效","318920230213M001.pdf","318920230213E001.pdf","","","無","查詢"
"3189","景碩","112/03/16","14:00","台北市君悅飯店","向法人說明產業狀況與本公司經營績效","318920230310M001.pdf","318920230310E001.pdf","","","無","查詢"
"3189","景碩","112/08/30","10:00","台北市君悅飯店","向法人說明產業狀況與本公司經營績效","318920230817M001.pdf","318920230817E001.pdf","","","無","查詢"
"3189","景碩","112/06/01","10:00","台北市 W-Hotel","向法人說明產業狀況與本公司經營績效","318920230517M001.pdf","318920230517E001.pdf","","","無","查詢"
"3189","景碩","112/03/02","14:30","台北市君悅酒店","向法人說明產業狀況與本公司經營績效","318920230213M001.pdf","318920230213E001.pdf","","","無","查詢"
"3209","全科","112/11/22","14:00","線上會議","本公司受邀參加凱基證券舉辦之線上法人說明會。","320920231122M001.pdf","320920231122E001.pdf","https://www.alltek.com/investors/%E6%B3%95%E4%BA%BA%E8%AA%AA%E6%98%8E%E6%9C%83/",中文影音檔網址:3209_10_20231122_ch.mp4 ,"無","查詢"
"3209","全科","112/05/15","14:30","線上會議","本公司受邀參加富邦證券舉辦之線上法人說明會。","320920230515M001.pdf","320920230515E001.pdf","https://www.alltek.com/investors/%E6%B3%95%E4%BA%BA%E8%AA%AA%E6%98%8E%E6%9C%83/",法說會影音連結資訊:未輸 ,"無","查詢"
"3229","晟鈦","112/12/06","14:30","線上法人說明會","本公司受邀參加永豐金證券舉辦之法人說明會，說明本
公司之營運概況","322920231206M001.pptx","322920231206E001.pptx","http://investor.cheer-time.com.tw/#/desc/4%7C12%7C3",中文影音檔網址:3229_7_20231206_ch.mp4 ,"欲參加者需事先報名，請洽永豐金鄒小姐 (02)23823207。資料將依規定於會後上傳。","查詢"
"3231","緯創","112/05/26","11:00","台北君悅酒店","本公司受邀參加富邦證券舉辦之2023 富邦投資論壇，說明本公司業務簡介及現況說明","323120230525M002.pdf","323120230525E002.pdf","https://www.wistron.com/CMS/LegalPersonSeminar?pageId=78","","無","查詢"
"3231","緯創","112/11/23","09:00","台北W飯店","本公司受邀參加花旗環球證券舉辦之Citi’s 2023 Taiwan Corporate Day，說明本公司業務簡介及現況說明","323120231117M002.pdf","323120231117E002.pdf","https://www.wistron.com/CMS/LegalPersonSeminar?pageId=78","","無","查詢"
"3231","緯創","112/11/22","09:00","台北遠東香格里拉飯店","本公司受邀參加台灣匯立證券舉辦之CLST Taiwan Market Mover 2024，說明本公司業務簡介及現況說明","323120231117M001.pdf","323120231117E001.pdf","https://www.wistron.com/CMS/LegalPersonSeminar?pageId=78","","無","查詢"
"3231","緯創","112/03/14","18:00","電話會議","本公司將於112/3/14受邀參加台灣摩根士丹利證券舉辦之電話說明會，說明本公司業務簡介及現況說明","323120230314M002.pdf","323120230314E002.pdf","https://www.wistron.com/CMS/LegalPersonSeminar?pageId=78",法說會影音連結資訊:https://www.wistron.com/CMS/LegalPersonSeminar?pageId=78 ,"無","查詢"
"3231","緯創","112/03/16","09:00","台北君悅酒店","本公司受邀參加美銀證券舉辦之2023 APAC TMT Conference，說明本公司業務簡介及現況說明","323120230314M003.pdf","323120230314E003.pdf","https://www.wistron.com/CMS/LegalPersonSeminar?pageId=78","","無","查詢"
"3231","緯創","112/08/31","09:00","台北君悅酒店","本公司受邀參加匯豐證券舉辦之HSBC Taiwan Executive Forum 2023，說明本公司業務簡介及現況說明","323120230828M003.pdf","323120230828E003.pdf","https://www.wistron.com/CMS/LegalPersonSeminar?pageId=78","","無","查詢"
"3231","緯創","112/09/01","13:30","&#29319;亞會議中心","本公司受邀參加富邦證券舉辦之法人說明會，說明本公司業務簡介及現況說明","323120230828M002.pdf","323120230828E002.pdf","https://www.wistron.com/CMS/LegalPersonSeminar?pageId=78","","無","查詢"
"3231","緯創","112/06/16","09:30","瑞銀證券台北辦公室","本公司受邀參加瑞銀證券舉辦之「UBS Taiwan Corporate Day」，說明本公司業務簡介及現況說明","323120230615M001.pdf","323120230615E001.pdf","https://www.wistron.com/CMS/LegalPersonSeminar?pageId=78","","無","查詢"
"3231","緯創","112/06/02","08:30","台北W飯店","本公司受邀參加花旗環球證券舉辦之Citi Regional Tech Conference 2023，說明本公司業務簡介及現況說明","323120230525M002.pdf","323120230525E002.pdf","https://www.wistron.com/CMS/LegalPersonSeminar?pageId=78","","無","查詢"
"3231","緯創","112/09/19","09:00","台北W飯店","本公司受邀參加高盛證券舉辦之Taiwan Corporate Day，
說明本公司業務簡介及現況說明","323120230914M001.pdf","323120230914E001.pdf","https://www.wistron.com/CMS/LegalPersonSeminar?pageId=78","","無","查詢"
"3257","虹冠電","112/07/27","14:30","線上視訊會議。","本公司受邀參加福邦證券舉辦之法人說明會，就本公司已公開之財務業務資訊作說明。","325720230727M001.pdf","325720230727E001.pdf","https://www.championmicro.com.tw",中文影音檔網址:3257_11_20230727_ch.mp4 ,"無","查詢"
"3266","昇陽","112/11/17","14:00","元富證券(台北市敦化南路二段97號11樓)","本公司受邀參加元富證券舉辦之法人說明會，就公司財務及業務相關資訊做說明。","326620231117M001.pdf","326620231117E001.pdf","https://www.sunty.com.tw",中文影音檔網址:3266_7_20231117_ch.mp4 ,"無","查詢"
"3296","勝德","112/12/12","15:30","福邦證券總公司(台北市忠孝西路一段6號7樓會議室)","(1)公司簡介(2)財務報告(3)營運展望(4)Q&amp;A","329620231212M001.pdf","329620231212E001.pdf","https://www.power-tech.com.tw/tw/investor_law.php",法說會影音連結資訊:https://www.youtube.com/watch?v=Tf2e1LCyUy4 ,"完整財務業務資訊請至公開資訊觀測站之法人說明會一覽表或法說會項下查閱。","查詢"
"3305","昇貿","112/12/27","14:00","台北巿南京東路五段188號15樓","本公司受邀參加國票綜合證券舉辦之法人說明會，說明本公司營運概況及未來展望。","330520231226M001.pptx","330520231226E001.pdf","",法說會影音連結資訊:https://drive.google.com/file/d/1NgQ1-7Iu2P9vTfjCVBf6Y8gILB2HbrVR/view ,"無","查詢"
"3308","聯德","112/12/28","14:00","桃園市龜山區科技一路69號。","公佈2023年第三季財務報告及未來展望。","330820231228M001.pdf","330820231228E001.pdf","",中文影音檔網址:3308_8_20231228_ch.mp4 ,"無","查詢"
"3311","閎暉","112/12/15","15:00","閎暉淡水總部6樓會議室","112年前3季營運成果及展望","331120231215M001.pdf","331120231215E001.pdf","https://www.silitech.com/ch/investor4.aspx",法說會影音連結資訊:https://webpro.twse.com.tw/webportal/vod/101/6F57A941E4A5-DBB9670B-9B25-11EE-AB9F/?categoryId=101 ,"簡報相關資料將於法說會後上傳並公布於公司網站","查詢"
"3312","弘憶股","112/08/23","14:30","Zoom直播會議室ID:95861401258(有意參加者，請洽郭先生02-26599838#1910)","本公司將舉辦2023年第二季線上法人說明會，請各位投資人於法說會前安裝Zoom視訊會議軟體。 電腦端下載網址：http://www.zoomnow.net。 手機端下載：iOS-APP Store/Android-Google Play。","331220230823M001.pptx","331220230823E001.pptx","https://www.gmitec.com/investors/investor_conference/",法說會影音連結資訊:https://www.gmitec.com/investors/investor_conference/ ,"請各位投資人務必於當日8/23(三)14:20前登入會議ID。","查詢"
"3312","弘憶股","112/11/22","14:30","Zoom直播會議室ID:99599130733(有意參加者，請洽郭先生02-26599838#1910)","本公司將舉辦2023年第三季線上法人說明會，請各位投資人於法說會前安裝Zoom視訊會議軟體。 
電腦端下載網址：http://www.zoomnow.net。
手機端下載：iOS-APP Store/Android-Google Play。","331220231122M001.pptx","331220231122E001.pptx","https://www.gmitec.com/investors/investor_conference/",法說會影音連結資訊:https://www.gmitec.com/investors/investor_conference/ ,"請各位投資人務必於當日11/22(三)14:20前登入會議ID。","查詢"
"3312","弘憶股","112/03/30","14:30","Zoom直播會議室ID:99064168162(有意參加者，請洽曾小姐02-26599838#1903)","本公司將舉辦2022年第四季線上法人說明會，請各位投資人於法說會前安裝Zoom視訊會議軟體。
電腦端下載網址：http://www.zoomnow.net。 
手機端下載：iOS-APP Store/Android-Google Play。","331220230330M001.pptx","331220230330E001.pptx","https://www.gmitec.com/investors/investor_conference/",法說會影音連結資訊:https://www.gmitec.com/investors/investor_conference/ ,"請各位投資人務必於3/30(四)14:20前登入會議ID。","查詢"
"3321","同泰","112/12/27","14:30","富邦敦南大樓：台北市敦化南路一段111號9樓","本公司營運概況說明","332120231227M001.pdf","332120231227E001.pdf","",法說會影音連結資訊:https://drive.google.com/file/d/1RYTmWZHsLRrYNtJViTlJ-RTmTxq0eRFT/view?usp=sharing ,"無","查詢"
"3338","泰碩","112/09/19","14:00","統一證券集團大樓15樓(台北市松山區東興路8號15樓)","本公司受統一證券邀請，將於上述時間地點，向法人投資者說明本公司112年第2季之財務報告相關資訊。","333820230919M001.pdf","333820230919E001.pdf","https://www.taisol.com",法說會影音連結資訊:https://youtu.be/DGxgrd3mc44 ,"無","查詢"
"3346","麗清","112/12/20","14:00","統一證券 (台北市東興路8號B2)","本公司受邀參加統一證券與IR Trust共同舉辦之「2023年汽車零組件產業研討會」，於會議中說明本公司112年第3季經營成果及營運展望。","334620231221M001.pdf","334620231221E001.pdf","",中文影音檔網址:3346_27_20231220_ch.mp4 ,"無","查詢"
"3346","麗清","112/03/29","14:30","張榮發國際會議中心(台北市中正區中山南路11號10樓)","本公司受邀凱基證券與IR Trust共同舉辦之「2023去資金槓桿化主題式投資論壇」","334620221020M001.pptx","334620221020E001.pptx","","","無","查詢"
"3356","奇偶","112/11/21","14:30","台北市大安區復興南路一段209號1樓","受邀參加元富證券舉辦之法人說明會，說明本公司112年第三季營運狀況","335620231121M001.pdf","335620231121E001.pdf","",中文影音檔網址:3356_22_20231121_ch.mp4 英文影音檔網址:3356_22_20231121_en.mp4 ,"無","查詢"
"3356","奇偶","112/06/06","11:15","茹曦酒店
台北市松山區敦化北路 100 號 2F","受邀參加統一證券2023Q2全球展望夏季投資論壇","335620230605M001.pdf","335620230605E001.pdf","",同步收看網址：:http://ftp.geovision.tw/ftp/ir/GeoVision_PSC_2023Q2Conference_20230606.zip 法說會影音連結資訊:http://ftp.geovision.tw/ftp/ir/GeoVision_PSC_2023Q2Conference_20230606.zip ,"無","查詢"
"3376","新日興","112/11/28","15:20","台北文創(台北市菸廠路88號6樓)","本公司受邀參加元富證券舉辦之「2023冬季產業投資論壇」，就公司營運概況等說明","337620231127M001.pdf","337620231127E001.pdf","https://www.szs-group.com/investor/conference",法說會影音連結資訊:https://www.szs-group.com/investor/news/detail/436zybaZXEXT3zm5 ,"無","查詢"
"3376","新日興","112/04/11","15:10","宏遠證券7樓會議室(台北市信義路四段236號)","本公司受邀參加宏遠證券舉辦之「2023年潛力產業投資論壇」，就公司營運概況等說明。","337620230410M001.pdf","337620230410E001.pdf","https://www.szs.com.tw/investor/conference",同步收看網址：:https://reurl.cc/Y8R8rn ,"無","查詢"
"3376","新日興","112/09/05","15:20","台北文創(台北市菸廠路88號6樓)","本公司受邀參加元富證券舉辦之「2023秋季產業投資論壇」，就公司營運概況等說明。","337620230901M001.pdf","337620230901E001.pdf","https://www.szs.com.tw/investor/conference","","無","查詢"
"3376","新日興","112/06/06","15:15","台北文創(台北市菸廠路88號6樓)","本公司受邀參加元富證券舉辦之「2023年夏季產業投資論壇」，就公司營運概況等說明。","337620230530M001.pdf","337620230530E001.pdf","https://www.szs.com.tw/investor/conference","","無","查詢"
"3376","新日興","112/06/02","14:00","W Hotel Taipei(台北市信義區忠孝東路五段10號)","本公司受邀參加花旗證券舉辦之「Regional Tech Conference 2023」論壇，就公司營運概況等說明","337620230530M001.pdf","337620230530E001.pdf","https://www.szs.com.tw/investor/conference","","無","查詢"
"3376","新日興","112/02/23","15:15","台北文創(台北市菸廠路88號6樓)","本公司受邀參加元富證券舉辦之「2023春季產業投資論壇」，就公司營運概況等說明。","337620230221M001.pdf","337620230221E001.pdf","https://www.szs.com.tw/investor/conference",法說會影音連結資訊:未輸 ,"無","查詢"
"3380","明泰","112/11/02","14:00","線上會議","本公司受邀參加兆豐證券舉辦之法人說明會，說明本公司2023年第三季營運成果及未來展望。","338020231102M001.pdf","338020231102E001.pdf","https://www.alphanetworks.com/index.php/irnews","","無。","查詢"
"3380","明泰","112/03/01","14:00","永豐金證券/台開大樓22樓會議廳
 (台北市重慶南路一段2號22樓)&#160;","本公司受邀參加永豐金證券舉辦之法人說明會，說明本公司2022年度營運成果暨未來展望","338020230301M001.pdf","338020230301E001.pdf","https://www.alphanetworks.com/index.php/irnews",中文影音檔網址:3380_33_20230301_ch.mp4 ,"無","查詢"
"3406","玉晶光","112/11/24","14:30","線上法說會","112年前三季營運報告及說明","340620231123M001.ppt","340620231123E001.ppt","https://www.gseo.com/uploads/files/655b11b6d0d52.pdf",中文影音檔網址:3406_7_20231124_ch.mp3 ,"完整財務業務資訊請至公開資訊觀測站之法人說明會一覽表或法說會項下查閱","查詢"
"3413","京鼎","112/06/06","14:00","線上法說會","本公司受邀參加台新證券舉辦之線上法說會,會中公布本公司2023年第一季營運成果","341320230606M001.pdf","341320230606E001.pdf","http://www.foxsemicon.com.tw","","無","查詢"
"3413","京鼎","112/12/13","13:30","台北國泰萬怡酒店(台北市中山區民生東路三段6號)","本公司受邀參加中國信託證券舉辦之「2023第四季中國信託證券投資論壇」,會中公布本公司2023年第三季營運成果","341320231213M002.pdf","341320231213E002.pdf","http://www.foxsemicon.com.tw","","無","查詢"
"3413","京鼎","112/03/06","14:00","線上法說會","本公司受邀參加富邦證券舉辦之線上法說會,會中公布本公司2022年第四季營運成果","341320230306M001.pdf","341320230306E001.pdf","http://www.foxsemicon.com.tw",法說會影音連結資訊:未輸 ,"無","查詢"
"3413","京鼎","112/09/06","14:00","線上法說會","本公司受邀參加凱基證券舉辦之線上法說會,會中公布本公司2023年第二季營運成果","341320230906M001.pdf","341320230906E001.pdf","http://www.foxsemicon.com.tw",中文影音檔網址:3413_34_20230906_ch.mp4 ,"無","查詢"
"3416","融程電","112/04/12 至 112/04/28","09:00","香港Conrad Hotel實體會議；線上(台灣)","本公司受邀參加寬量國際主辦之「13th Taiwan CEO Week &amp; Taiwan New Economy Day」，說明本公司之營運概況、財務及業務相關資訊。","341620230411M001.pptx","341620230411E001.pptx","https://mops.twse.com.tw/mops/web/t100sb02_1",法說會影音連結資訊:未輸 ,"完整財務業務資訊請至公開資訊觀測站之法人說明會一覽表或法說會項目下查閱","查詢"
"3416","融程電","112/03/03","14:00","新北市三重區興德路111之6號9樓","本公司受邀參加國泰證券舉辦之法說會，說明本公司之營運概況、財務及業務相關資訊。","341620230303M001.pptx","341620230303E001.pptx","https://www.winmate.com/Corporate/MaterialInformation",中文影音檔網址:3416_19_20230303_ch.mp4 ,"完整財務業務資訊請至公開資訊觀測站之法人說明會一覽表或法說會項目下查閱。","查詢"
"3416","融程電","112/08/07","14:00","台北市寶慶路69號4樓(元大證券)","本公司受邀參加元大證券舉辦之法說會，說明本公司之營運概況、財務及業務相關資訊。","341620230807M001.pptx","341620230807E001.pptx","https://www.winmate.com/Corporate/MaterialInformation","","完整財務業務資訊請至公開資訊觀測站之法人說明會一覽表或法說會項目下查閱。","查詢"
"3419","譁裕","112/11/24","14:00","&#29319;亞證券股份有限公司(台北市復興北路99號2樓)","本公司受邀參加&#29319;亞證券舉辦之法人說明會","341920231124M001.pdf","341920231124E001.pdf","https://www.whayu.com","","無","查詢"
"3419","譁裕","112/12/21","14:00","線上法說會(Webex線上會議)","本公司受邀參加統一證券舉辦之線上法人說明會","341920231218M001.pdf","341920231218E001.pdf","https://www.whayu.com",中文影音檔網址:3419_12_20231221_ch.mp4 ,"無","查詢"
"3432","台端","112/12/28","14:00","新北市中和區中正路880號13樓(本公司會議室)","本公司112年營運簡報","343220231227M002.pdf","343220231227E002.pdf","",中文影音檔網址:3432_8_20231228_ch.mp4 ,"無","查詢"
"3437","榮創","112/11/22","14:30","福邦證券總公司(台北市忠孝西路一段6號7樓)","本公司受邀參加福邦證券舉辦之法人說明會，說明本公司之營運、財務及業務概況。","343720231121M001.pdf","343720231121E001.pdf","https://www.aot.com.tw/investor/",法說會影音連結資訊:https://www.aot.com.tw/wp-content/AOT_法說會_20231122.mp4 ,"相關資訊將依規定揭露於公開資訊觀測站。","查詢"
"3443","創意","112/11/09","14:45","台北君悅酒店","受邀參加 MQ Global AI Conference,說明本公司營運及業務狀況。","344320231107M001.pdf","344320231107E001.pdf","https://www.guc-asic.com/tw/investor-financials-quarterly.php","","無","查詢"
"3443","創意","112/11/23","11:00","台北遠東香格里拉飯店","本公司受邀參加里昂證券舉辦之“ Taiwan Market Mover 2024 Access Day”, 說明本公司營運及業務狀況。","344320231107M001.pdf","344320231107E001.pdf","https://www.guc-asic.com/tw/investor-financials-quarterly.php","","無","查詢"
"3443","創意","112/11/23","14:00","W Hotel","本公司受邀參加花旗證券舉辦之【2023 Taiwan Corporate Day】，會中說明本公司營運及業務狀況。","344320231107M001.pdf","344320231107E001.pdf","https://www.guc-asic.com/tw/investor-financials-quarterly.php","","無","查詢"
"3443","創意","112/05/30","15:00","華南銀行總行大樓(台北市信義區松仁路123號2樓)","受邀參加華南永昌投資論壇，說明本公司營運及業務狀況。","344320230503M003.pdf","344320230503E003.pdf","https://www.guc-asic.com/tw/investor-financials-quarterly.php","","無","查詢"
"3443","創意","112/05/30","14:00","線上法說會","本公司受邀參加Goldman Sachs舉辦之Hybrid TechNet Conference Asia Pacific 2023，說明本公司營運及業務狀況。","344320230503M003.pdf","344320230503E003.pdf","https://www.guc-asic.com/tw/investor-financials-quarterly.php","","無","查詢"
"3443","創意","112/06/09","15:00","晶華酒店萬象廳","本公司受邀參加元大證券舉辦之投資論壇，會中說明本公司營運及業務狀況。","344320230503M003.pdf","344320230503E003.pdf","https://www.guc-asic.com/tw/investor-financials-quarterly.php","","無","查詢"
"3443","創意","112/06/02","09:00","W Hotel","本公司受邀參加花旗證券舉辦之&quot;Regional Tech Conference 2023&quot;，會中說明本公司營運及業務狀況。","344320230503M003.pdf","344320230503E003.pdf","https://www.guc-asic.com/tw/investor-financials-quarterly.php","","無","查詢"
"3443","創意","112/06/02","15:20","台北國泰萬怡酒店","受邀參加KGI投資論壇，說明本公司營運及業務狀況。","344320230503M003.pdf","344320230503E003.pdf","https://www.guc-asic.com/tw/investor-financials-quarterly.php","","無","查詢"
"3443","創意","112/09/06","15:30","線上法說會","受邀參加 Nomura China Investor Forum 2023 ,說明本公司營運及業務狀況。","344320230727M001.pdf","344320230727E001.pdf","https://www.guc-asic.com/tw/investor-financials-quarterly.php","","無","查詢"
"3443","創意","112/09/18","10:00","W Hotel Taipei","受邀參加 Goldman Sachs Taiwan Corporate Day 2023 ,說明本公司營運及業務狀況。","344320230727M001.pdf","344320230727E001.pdf","https://www.guc-asic.com/tw/investor-financials-quarterly.php","","無","查詢"
"3443","創意","112/09/04","14:00","台北文華東方酒店","受邀參加「Taiwan AI Forum」，說明本公司營運及業務狀況","344320230727M001.pdf","344320230727E001.pdf","https://www.guc-asic.com/tw/investor-financials-quarterly.php","","無","查詢"
"3443","創意","112/09/05 至 112/09/06","16:00","線上法說會","受邀參加 Macquarie North Asia Tech Conference ,說明本公司營運及業務狀況。","344320230727M001.pdf","344320230727E001.pdf","https://www.guc-asic.com/tw/investor-financials-quarterly.php","","無","查詢"
"3443","創意","112/02/03","14:00","兆豐證券總公司(台北市忠孝東路二段95號13樓)","公布2022年第四季財務報告與營運績效","344320230202M001.pdf","344320230202E001.pdf","https://www.guc-asic.com/tw/investor-financials-quarterly.php",同步收看網址：:https://webpage-ott2b.cdn.hinet.net/webpage/live?contentProvider=guc 法說會影音連結資訊:https://www.guc-asic.com/tw/investor-financials-quarterly.php ,"因應COVID疫情，參加現場法說會者，請全程配戴口罩。","查詢"
"3443","創意","112/05/10","15:00","線上法說會","本公司受邀參加台灣證券交易所及永豐金證券合辦之SinoPac x TWSE Taiwan Corporate Day 2023","344320230503M001.pdf","344320230503E001.pdf","https://www.guc-asic.com/tw/investor-financials-quarterly.php","","無","查詢"
"3443","創意","112/05/12","13:30","台北君悅飯店","本公司受邀參加麥格理證券舉辦之「Learn how AI is impacting everything, everywhere, all at once, at TWCD」，說明本公司營運及業務狀況。","344320230503M002.pdf","344320230503E002.pdf","https://www.guc-asic.com/tw/investor-financials-quarterly.php","","無","查詢"
"3443","創意","112/05/24","15:15","台北君悅飯店","受邀參加&quot;台新2023年第二季全球投資論壇&quot;，說明本公司營運及業務狀況。","344320230503M003.pdf","344320230503E003.pdf","https://www.guc-asic.com/tw/investor-financials-quarterly.php","","無","查詢"
"3443","創意","112/03/14","10:00","台北君悅飯店(台北市信義區松壽路2號)","本公司受邀參加 BOA 2023 APAC TMT Conference，說明本公司營運概況","344320230202M001.pdf","344320230202E001.pdf","https://www.guc-asic.com/tw/investor-financials-quarterly.php","","無","查詢"
"3443","創意","112/06/15","10:30","台北市信義區松仁路7號","受邀參加UBS投資論壇，說明本公司營運及業務狀況","344320230503M003.pdf","344320230503E003.pdf","https://www.guc-asic.com/tw/investor-financials-quarterly.php","","無","查詢"
"3443","創意","112/03/02 至 112/03/03","09:00","The Prince Park Tower Tokyo","本公司受邀參加Daiwa舉辦之Daiwa Investment Conference Tokyo 2023，說明本公司營運概況。","344320230202M001.pdf","344320230202E001.pdf","https://www.guc-asic.com/tw/investor-financials-quarterly.php","","無","查詢"
"3443","創意","112/08/30","13:00","台北君悅飯店","受邀參加「HSBC Taiwan Executive Forum 2023」，說明本公司營運及業務狀況","344320230727M001.pdf","344320230727E001.pdf","https://www.guc-asic.com/tw/investor-financials-quarterly.php","","無","查詢"
"3443","創意","112/07/28","14:00","台北市忠孝東路二段95號13樓(兆豐證券總公司十三樓)","公布2023年第二季財務報告與營運績效","344320230727M001.pdf","344320230727E001.pdf","https://www.guc-asic.com/tw/investor-financials-quarterly.php",同步收看網址：:https://webpage-ott2b.cdn.hinet.net/webpage/live?contentProvider=guc 法說會影音連結資訊:https://www.guc-asic.com/tw/investor-financials-quarterly.php ,"無","查詢"
"3447","展達","112/12/18","14:30","元大證券(台北市寶慶路69號 4樓會議室)","本公司受邀參加元大證券舉辦之法人說明會，說明公司業務及營運概況。","344720231218M001.pdf","344720231218E001.pdf","http://www.xavi.com.tw",中文影音檔網址:3447_2_20231218_ch.mp4 ,"無","查詢"
"3450","聯鈞","112/11/15","15:30","臺灣證券交易所1樓會議室 （台北市信義路五段7號)","本公司召開法人說明會","345020231115M001.pptx","345020231115E001.pptx","http://www.elaser.com.tw/sp1-6.htm",同步收看網址：:https://webpro.twse.com.tw/ 法說會影音連結資訊:https://webpro.twse.com.tw/ ,"無","查詢"
"3481","群創","112/06/02","10:00","W Hotel Taipei","本公司將參加花旗証券所舉辦之「Citi Regional Tech Conference」，報告112年第一季公司營運成果及未來營運展望。","348120230302M001.pdf","348120230302E001.pdf","https://www.innolux.com/tw/ir/investor-conference_list.html","","無","查詢"
"3481","群創","112/05/23 至 112/05/24","09:00","馬來西亞及新加坡","本公司將參加臺灣證券交易所及國泰綜合證券共同舉辦之臺灣投資說明會，報告112年第一季公司營運成果及未來營運展望。","348120230302M001.pdf","348120230302E001.pdf","https://www.innolux.com/tw/ir/investor-conference_list.html","","無","查詢"
"3481","群創","112/11/23","14:00","線上法人說明會","本公司受邀參加康和證券所舉辦之線上法人說明會，說明營運現況及前景。","348120231128M001.pdf","348120231128E001.pdf","https://www.innolux.com/tw/ir/investor-conference_list.html",中文影音檔網址:3481_66_20231123_ch.mp4 ,"無","查詢"
"3481","群創","112/03/20 至 112/03/21","08:30","香港","本公司將參加瑞士信貸所舉辦之「26th Credit Suisse Asian Investment Conference」，會議中將報告111年第四季公司營運成果及未來營運展望。","348120230302M001.pdf","348120230302E001.pdf","https://www.innolux.com/tw/ir/investor-conference_list.html","","無","查詢"
"3481","群創","112/08/02","14:00","線上法說會","本公司將舉辦2023年下半年線上法說會，報告112年第二季公司營運成果及未來營運展望。","348120230802M001.pdf","348120230802E001.pdf","https://www.innolux.com/tw/ir/investor-conference_list.html",同步收看網址：:https://wms.gridow.com/ir/innolux/innolux_2H23_en.html 法說會影音連結資訊:https://wms.gridow.com/ir/innolux/innolux_2H23_en.html ,"無","查詢"
"3481","群創","112/09/18","10:00","台北W Hotel","本公司將受邀參加高盛證券所舉辦「Taiwan Corporate Day」，報告112年第二季公司營運成果及未來營運展望。","348120230802M001.pdf","348120230802E001.pdf","https://www.innolux.com/tw/ir/investor-conference_list.html","","無","查詢"
"3481","群創","112/03/02","14:00","線上法說會","本公司將舉辦2023年上半年線上法說會，報告111年第四季公司營運成果及未來營運展望。","348120230302M001.pdf","348120230302E001.pdf","https://www.innolux.com/tw/ir/investor-conference_list.html",同步收看網址：:https://wms.gridow.com/ir/innolux/innolux_1H23_en.html 法說會影音連結資訊:https://wms.gridow.com/ir/innolux/innolux_1H23_en.html ,"無","查詢"
"3481","群創","112/03/06 至 112/03/07","09:00","新加坡","本公司受邀參加3/6~3/7瑞士信貸於新加坡舉辦之海外路演(Non-deal roadshow, NDR)，會議中將報告111年第四季公司營運成果及未來營運展望。","348120230302M001.pdf","348120230302E001.pdf","https://www.innolux.com/tw/ir/investor-conference_list.html","","無","查詢"
"3481","群創","112/06/06","11:00","台北文創","本公司將參加元富證券所舉辦之2023年夏季產業投資論壇，報告112年第一季公司營運成果及未來營運展望。","348120230302M001.pdf","348120230302E001.pdf","https://www.innolux.com/tw/ir/investor-conference_list.html","","無","查詢"
"3494","誠研","112/12/22","14:00","台北市東興路8號13樓","本公司受邀參加統一證券舉辦法說會，說明112年前三季營運成果及公司未來營運展望","349420231222M001.pdf","349420231222E001.pdf","",中文影音檔網址:3494_10_20231222_ch.mp4 ,"無","查詢"
"3501","維熹","112/12/07","14:30","福邦證券總公司(台北市忠孝西路一段6號7樓)","本公司受邀參加福邦證券舉辦之法人說明會，說明本公司之營運概況及財務業務相關資訊。","350120231207M002.pdf","350120231207E002.pdf","http://www.wellshin.com.tw",中文影音檔網址:3501_9_20231207_ch.MP4 ,"無","查詢"
"3504","揚明光","112/07/28","15:00","線上法說會網路直播","112年上半年度財務業務報告","350420230728M001.pdf","350420230728E001.pdf","https://www.youngoptics.com/investors-13-16-110",同步收看網址：:http://www.zucast.com/webcast/SUiHLtpc 法說會影音連結資訊:http://www.zucast.com/webcast/SUiHLtpc ,"無","查詢"
"3504","揚明光","112/02/10","15:00","線上法說會網路直播","111年度財務業務報告","350420230210M001.pdf","350420230210E001.pdf","https://www.youngoptics.com/investors-13-16-104",同步收看網址：:http://www.zucast.com/webcast/f1xerg4o 法說會影音連結資訊:未輸 ,"無","查詢"
"3515","華擎","112/06/08","15:15","台北文創(台北市信義區菸廠路88號)","本公司受邀參加元富證券舉辦之2023年夏季產業投資論壇","351520230608M001.pdf","351520230608E001.pdf","https://www.asrock.com/general/investor.tw.asp?cat=Finance",中文影音檔網址:3515_23_20230608_ch.mp4 ,"無","查詢"
"3515","華擎","112/12/14","15:00","台北市中山區長安東路一段35號2樓","本公司受邀參加第一金證券舉辦之法人說明會","351520231214M001.pdf","351520231214E001.pdf","https://www.asrock.com/general/investor.tw.asp?cat=Finance","","無","查詢"
"3515","華擎","112/09/13","15:00","台北晶華酒店(台北市中山北路二段39巷3號4F)","本公司受邀參加元大證券舉辦之2023年第三季投資論壇","351520230913M001.pdf","351520230913E001.pdf","https://www.asrock.com/general/investor.tw.asp?cat=Finance","","無","查詢"
"3515","華擎","112/03/09","14:30","線上會議","本公司受邀參加玉山證券舉辦之法人說明會","351520230309M001.pdf","351520230309E001.pdf","https://www.asrock.com/general/investor.tw.asp?cat=Finance","","無","查詢"
"3518","柏騰","112/05/30","14:30","台灣證券交易所9樓大會議室(台北市信義路5段7號)","公司簡介及營運概況說明","351820230526M001.pdf","351820230526E001.pdf","http://www.pttech.com.tw/investor-conference/",法說會影音連結資訊:https://webpro.twse.com.tw/webportal/vod/101/77F5F9CEBC03-5D3B4CDF-FEBB-11ED-B447/?categoryId=101 ,"本公司將派員14:00~14:40於101辦公大樓信義路入口閘門處發放臨時出入證。","查詢"
"3518","柏騰","112/07/18","14:00","線上法說會","本公司受邀參加第一金證券舉辦線上法人說明會，說明公司業務及營運概況。欲參加者可透過網路連接下列網址參加線上法說會https://firstsec.webex.com/firstsec/j.php?MTID=m8cc33ced9d3e7a9e9de2162fde13de80","351820230717M001.pdf","351820230717E001.pdf","http://www.pttech.com.tw/investor-conference/",中文影音檔網址:3518_17_20230718_ch.mp4 ,"報名請洽第一金證券王小姐Email:sheryl.wang@firstsec.com.tw","查詢"
"3518","柏騰","112/11/30","14:30","臺灣證券交易所1樓資訊展示中心(台北市信義區信義路5段7號1樓)","公司簡介及營運概況說明","351820231129M001.pdf","351820231129E001.pdf","http://www.pttech.com.tw/investor-conference/",法說會影音連結資訊:https://webpro.twse.com.tw/webportal/vod/101/A7726E10C387-F48BEE2B-8F54-11EE-AF53/?categoryId=101 ,"會議資料依規定於法說會後揭露於公開資訊觀測站及公司網站","查詢"
"3528","安馳","112/08/24","14:30","台北市松山區復興北路99號6樓(&#29319;亞會議中心)","富邦綜合證券舉辦之法人說明會，說明本公司營運成果及未來展望","352820230824M001.pdf","352820230824E001.pdf","https://www.macnica.com/apac/anstek/zh_tw/",中文影音檔網址:3528_11_20230824_ch.mp4 ,"無","查詢"
"3530","晶相光","112/08/24","14:30","線上法說會","本公司受邀參加永豐金證券舉辦之線上法人說明會，說明本公司之營運概況。","353020230823M001.pdf","353020230823E001.pdf","https://www.soinc.com.tw/investors/finance/legal",中文影音檔網址:3530_11_20230824_ch.mp4 ,"報名請洽永豐金鄒小姐(02)23823207或E-MAIL:joyce.tsou@sinopac.com","查詢"
"3530","晶相光","112/12/25","14:30","線上法說會","本公司受邀參加永豐金證券舉辦之線上法人說明會，說明本公司之營運概況。","353020231222M001.pdf","353020231222E001.pdf","https://www.soinc.com.tw/investors/finance/legal","","報名請洽永豐金鄒小姐(02)23823207或E-MAIL:joyce.tsou@sinopac.com","查詢"
"3532","台勝科","112/12/26","14:00","線上法說會","本公司受邀參加由華南永昌證券舉辦之線上法說會，將於會中說明本公司近期營運概況。","353220231225M001.pdf","353220231225E001.pdf","https://www.fstech.com.tw/",法說會影音連結資訊:https://drive.google.com/file/d/1R7klCUTYhtcmFUT_CxuX0VSDLjzI1H1N/view?usp=sharing ,"華南永昌聯絡資訊 電話02-2545-6888 ext 8261 E-mail:10015@entrust.com.tw","查詢"
"3532","台勝科","112/06/06","14:00","線上法說會","本公司受邀參加由華南永昌證券舉辦之線上法說會，將於會中說明本公司近期營運概況。","353220230605M001.pdf","353220230605E001.pdf","https://www.fstech.com.tw/","","華南永昌聯絡資訊 電話02-2545-6888 ext 8261 E-mail:10015@entrust.com.tw","查詢"
"3533","嘉澤","112/05/12","15:30","台北君悅酒店(台北市信義區松壽路2號)","本公司受邀參加 Macquarie Taiwan Corporate Day，說明本公司之營運概況、財務及業務相關訊息。","353320230426M001.pdf","353320230426E001.pdf","","","無","查詢"
"3533","嘉澤","112/05/30","14:00","華南銀行總行大樓-國際會議中心(台北市信義區松仁路123號)","本公司受邀參加華南永昌證券2023年第二季企業論壇，說明本公司之營運概況、財務及業務相關訊息。","353320230526M001.pdf","353320230526E001.pdf","",法說會影音連結資訊:https://drive.google.com/file/d/1Cj45z1IUYCGesPHkzsD-KmQ0-WdogNhs/view?usp=sharing ,"無","查詢"
"3533","嘉澤","112/09/19","14:00","W Hotel Taipei (No. 10, Section 5, Zhongxiao East Road, Xinyi District, Taipei)","本公司受邀參加Goldman Sachs Taiwan Corporate Day，說明本公司之營運概況、財務及業務相關訊息","353320230913M001.pdf","353320230913E001.pdf","","","無","查詢"
"3533","嘉澤","112/12/07","15:20","台北晶華酒店(台北市中山北路二段39 巷3 號)","本公司受邀參加凱基證券2023 年第四季投資論壇，說明本公司之營運概況、財務及業務相關訊息。","353320231120M001.pdf","353320231120E001.pdf","","","無","查詢"
"3533","嘉澤","112/08/30","14:00","台北君悅酒店(台北市信義區松壽路2號)","本公司受邀參加HSBC Taiwan Executive Forum 2023，說明本公司之營運概況、財務及業務相關訊息。","353320230828M001.pdf","353320230828E001.pdf","","","無","查詢"
"3533","嘉澤","112/06/16","14:30","UBS台北辦公室(台北市信義區松仁路7號)","本公司受邀參加UBS Taiwan Corporate Day，說明本公司之營運概況、財務及業務相關訊息。","353320230529M001.pdf","353320230529E001.pdf","","","無","查詢"
"3533","嘉澤","112/03/31","15:30","張榮發國際會議中心 （中山南路11號10樓）","本公司受邀參加凱基證券舉辦之法人說明會「2023去資金槓桿化主題式投資論壇」，說明本公司之營運概況、財務及業務相關訊息。","353320230329M001.pdf","353320230329E001.pdf","","","無","查詢"
"3533","嘉澤","112/04/28","16:15","台北101金融大樓Space 88會議廳","本公司受邀參加Morgan Stanley舉辦之法人說明會「Taiwan Discovery Forum AI Hardware Symposium」","353320230426M001.pdf","353320230426E001.pdf","","","無","查詢"
"3533","嘉澤","112/03/06 至 112/03/09","09:00","新加坡、香港","本公司受凱基證券邀請參加海外投資人會議，說明本公司之營運概況、財務及業務相關訊息。","353320230303M001.pdf","353320230303E001.pdf","",法說會影音連結資訊:未輸 ,"無","查詢"
"3533","嘉澤","112/03/16","10:00","台北君悅飯店(台北市信義區松壽路2號)","本公司受邀參加BofA舉辦之2023 APAC TMT Conference，說明本公司之營運概況、財務及業務相關訊息。","353320230303M001.pdf","353320230303E001.pdf","","","無","查詢"
"3533","嘉澤","112/03/22","10:00","線上法說會","本公司受邀參加Goldman Sachs舉辦之Post Result Call，說明本公司之營運概況、財務及業務相關訊息。","353320230321M001.pdf","353320230321E001.pdf","","","無","查詢"
"3533","嘉澤","112/11/22","13:00","W hotel Taipei(台北市信義區忠孝東路五段10號)","本公司受邀參加花旗證券舉辦之「Citi’s 2023 Taiwan Corporate Day」","353320231120M001.pdf","353320231120E001.pdf","","","無","查詢"
"3533","嘉澤","112/06/02","14:00","W Hotel(台北市信義區忠孝東路五段10號)","本公司受邀參加花旗證券2023亞太科技論壇，說明本公司之營運概況、財務及業務相關訊息。","353320230529M001.pdf","353320230529E001.pdf","","","無","查詢"
"3533","嘉澤","112/09/13","15:00","台北晶華酒店(台北市中山北路二段39巷3號) 4F","本公司受邀參加元大證券第三季投資論壇，說明本公司之營運概況、財務及業務相關訊息。","353320230912M001.pdf","353320230912E001.pdf","","","無","查詢"
"3535","晶彩科","112/08/24","14:00","新竹縣竹北市環北路二段197號3樓","介紹公司概況，說明營運成果以及未來展望","353520230824M001.pdf","353520230824E001.pdf","https://www.favite.com/shareholder/",中文影音檔網址:3535_8_20230824_ch.MP4 ,"無","查詢"
"3535","晶彩科","112/11/23","14:00","新竹縣竹北市環北路二段197號3樓","介紹公司概況，說明營運成果以及未來展望","353520231123M002.pdf","353520231123E002.pdf","https://www.favite.com/shareholder/",法說會影音連結資訊:https://www.youtube.com/watch?v=KT08ihOD-1A ,"無","查詢"
"3543","州巧","112/12/22","15:30","福邦證券總公司(台北市忠孝西路一段6號7樓)","受邀參加福邦證券舉辦之法人說明會，就本
公司已公開之財務業務資訊做說明。","354320231222M001.pdf","354320231222E001.pdf","https://www.jochu.com/StockServices.html",法說會影音連結資訊:https://www.youtube.com/watch?v=kAK9ABQESlg ,"無","查詢"
"3545","敦泰","112/11/10","14:30","線上法說會","受邀參加富邦證券舉辦之線上法人說明會","354520231110M001.pdf","354520231110E001.pdf","https://www.focaltech-electronics.com",中文影音檔網址:3545_146_20231110_ch.mp4 ,"報名請洽富邦法人部: irene.yt.lin@fubon.com","查詢"
"3545","敦泰","112/05/12","14:30","線上法說會","受邀參加富邦證券舉辦之線上法人說明會","354520230512M001.pdf","354520230512E001.pdf","https://www.focaltech-electronics.com","","報名請洽富邦法人部: irene.yt.lin@fubon.com","查詢"
"3545","敦泰","112/02/24","14:30","線上法說會","受邀參加富邦證券舉辦之線上法人說明會","354520230224M001.pdf","354520230224E001.pdf","https://www.focaltech-electronics.com","","報名請洽富邦法人部: irene.yt.lin@fubon.com","查詢"
"3545","敦泰","112/08/11","14:30","線上法說會","受邀參加富邦證券舉辦之線上法人說明會","354520230811M001.pdf","354520230811E001.pdf","https://www.focaltech-electronics.com",中文影音檔網址:3545_145_20230811_ch.mp4 ,"報名請洽富邦法人部: irene.yt.lin@fubon.com","查詢"
"3550","聯穎","112/09/19","14:00","台北市中正區忠孝東路二段95號4F(兆豐證券大樓4樓)","本公司受兆豐證券邀請，參加其舉辦的法人座談會，說明本公司營運及財務概況。","355020230919M001.pptx","355020230919E001.pptx","http://www.copartner.com.tw/front/bin/ptdetail.phtml?Part=info20230915&amp;Category=101749",法說會影音連結資訊:http://ns1.copartner.com.tw/photo/#!Albums/album_323032332d30392d31392de6b395e8aaaae69c83 ,"無","查詢"
"3557","嘉威","112/12/06","14:30","台北市松山區東興路8號3樓(統一綜合證券304會議室)","本公司受邀參加統一證券舉辦之法人說明會，說明本公司產業及營運狀況。","355720231206M001.pdf","355720231206E001.pdf","https://www.jiaweils.com/ActivityInfo/C000010",法說會影音連結資訊:https://webpro.twse.com.tw/WebPortal/vod/101/6F57A941E4A5-EE0AD13F-941E-11EE-AB9F/?categoryId=101 ,"無","查詢"
"3563","牧德","112/12/20","14:30","線上法說會","公司營運狀況及產品發展說明。","356320231220M001.pdf","356320231220E001.pdf","http://www.machvision.com.tw/",同步收看網址：:https://tssco.webex.com/join/jbak 法說會影音連結資訊:https://youtu.be/xjVfuXOaoUw ,"無","查詢"
"3576","聯合再生","112/12/25","14:00","線上法人說明會","本公司受邀參加凱基證券舉辦線上法人說明會","357620231222M001.pdf","357620231222E001.pdf","",中文影音檔網址:3576_39_20231225_ch.mp4 ,"無","查詢"
"3576","聯合再生","112/03/14","15:00","台北市中正區忠孝東路一段12號（台北喜來登酒店B1會議廳）","本公司受邀參加群益證券2023年第一季投資論壇。","357620230313M001.pdf","357620230313E001.pdf","","","無","查詢"
"3583","辛耘","112/12/05","10:50","晶華酒店","本公司受邀參加元大證券舉辦之第四季投資論壇，向法人投資者說明本公司112年第3季之財務報告相關資訊。","358320231204M001.pdf","358320231204E001.pdf","https://www.scientech.com.tw/zh-hant/pages/%E6%B3%95%E8%AA%AA%E6%9C%83.aspx",中文影音檔網址:3583_30_20231205_ch.mp4 ,"無","查詢"
"3583","辛耘","112/09/05","11:00","台北集思北科大會議中心","本公司受邀參加凱基證券舉辦之第三季投資論壇，向法人投資者說明本公司112年第2季之財務報告相關資訊。","358320230901M001.pdf","358320230901E001.pdf","https://www.scientech.com.tw/zh-hant/pages/%E6%B3%95%E8%AA%AA%E6%9C%83.aspx","","無","查詢"
"3583","辛耘","112/03/15","14:00","線上法說會","本公司受邀參加第一金證券舉辦之線上法說會，向法人投資者說明本公司111年第4季之財務報告相關資訊。","358320230314M001.pdf","358320230314E001.pdf","https://www.scientech.com.tw/zh-hant/pages/%E6%B3%95%E8%AA%AA%E6%9C%83.aspx","","無","查詢"
"3583","辛耘","112/06/06","11:00","茹曦酒店","本公司受邀參加統一證券舉辦之夏季投資論壇，向法人投資者說明本公司112年第1季之財務報告相關資訊。","358320230601M001.pdf","358320230601E001.pdf","https://www.scientech.com.tw/zh-hant/pages/%E6%B3%95%E8%AA%AA%E6%9C%83.aspx","","無","查詢"
"3588","通嘉","112/12/12","14:30","康和證券總公司B2會議室(台北市信義區基隆路一段176號B2)","本公司受繳參加康和綜合證券所舉辦之法人說明會，就本公司已公開發佈之財務數字及經營績效等相關資訊做說明。","358820231212M001.pdf","358820231212E001.pdf","https://www.leadtrend.com.tw/tw/investor/shareholder-services/conference-information",中文影音檔網址:3588_11_20231212_ch.mp4 ,"無","查詢"
"3591","艾笛森","112/11/24","14:00","台北市大安區敦化南路二段333號10樓A會議室","本公司受邀參加國泰證券所舉辦之法人說明會，說明本公司112年第三季營運成果及近期營運展望","359120240304M001.pdf","359120240304E001.pdf","https://www.edison-opto.com/investor-conference_tw_1.php","","無","查詢"
"3591","艾笛森","112/03/09","14:00","線上法人說明會","本公司受邀參加富邦證券所舉辦之線上法人說明會，說明本公司111年第四季營運成果及近期營運展望。","359120230306M001.pdf","359120230306E001.pdf","https://www.edison-opto.com/2023-corporate-briefing-materials/",中文影音檔網址:3591_17_20230309_ch.mp4 ,"無","查詢"
"3591","艾笛森","112/11/17","14:00","線上法人說明會","本公司受邀參加富邦證券所舉辦之線上法人說明會，說明本公司112年第三季營運成果及近期營運展望","359120231115M001.pdf","359120231115E001.pdf","https://www.edison-opto.com/investor-conference_tw_1.php","","無","查詢"
"3591","艾笛森","112/05/11","14:00","線上法人說明會","本公司受邀參加富邦證券所舉辦之線上法人說明會，說明本公司112年第一季營運成果及近期營運展望。","359120230508M001.pdf","359120230508E001.pdf","https://www.edison-opto.com/2023-corporate-briefing-materials/","","無","查詢"
"3591","艾笛森","112/08/09","14:00","線上法人說明會","本公司受邀參加富邦證券所舉辦之線上法人說明會，說明本公司112年第二季營運成果及近期營運展望","359120230808M001.pdf","359120230808E001.pdf","https://www.edison-opto.com/2023-corporate-briefing-materials/","","無","查詢"
"3592","瑞鼎","112/11/09","14:00","線上法說會","本公司受邀參加元大證券舉辦之線上法人說明會","359220231109M001.pdf","359220231109E001.pdf","https://www.rad-ic.com/zh-TW/news/index",法說會影音連結資訊:https://www.youtube.com/watch?v=sXp2SlEjyLw ,"報名請洽元大證券投資銀行業務部underwriting.brk@yuanta.com","查詢"
"3592","瑞鼎","112/05/11","14:00","線上法說會","本公司受邀參加國泰證券舉辦之線上法人說明會","359220230511M001.pdf","359220230511E001.pdf","https://www.rad-ic.com/zh-TW/news/index",法說會影音連結資訊:https://www.youtube.com/watch?v=aqE4g0nVqRk ,"報名請洽國泰證券法人部vani.chen@cathaysec.com.tw","查詢"
"3592","瑞鼎","112/03/02","14:00","線上法說會","受邀參加富邦證券舉辦之線上法人說明會","359220230302M001.pdf","359220230302E001.pdf","https://www.rad-ic.com/zh-TW/news/index",法說會影音連結資訊:https://www.youtube.com/watch?v=3DgWs1l0LO8 ,"報名請洽富邦法人部: irene.yt.lin@fubon.com","查詢"
"3592","瑞鼎","112/08/10","14:00","線上法說會","本公司受邀參加凱基證券舉辦之線上法人說明會","359220230810M001.pdf","359220230810E001.pdf","https://www.rad-ic.com/zh-TW/news/index",法說會影音連結資訊:https://www.youtube.com/watch?v=6gl789Hfej0 ,"報名請洽凱基證券法人部janice.cheng@kgi.com","查詢"
"3593","力銘","112/10/17","14:30","台北市信義區信義路五段7號1樓 (臺灣證券交易所101辦公大樓)","本公司簡介與營運概況說明","359320231016M001.pdf","359320231016E001.pdf","http://www.logah.com/",法說會影音連結資訊:https://webpro.twse.com.tw/webportal/vod/101/8BE091296F85-2A3D642A-6CB9-11EE-8F81/?categoryId=101 ,"無","查詢"
"3596","智易","112/03/14 至 112/03/16","09:00","台北君悅酒店(台北市信義區松壽路2號)","本公司受邀參加由美國銀行證券所舉辦之「2023 APAC TMT Conference」，說明本公司營運及財務概況。","359620221125M001.pdf","359620221125E001.pdf","https://www.arcadyan.com/","","無","查詢"
"3596","智易","112/03/17","14:00","線上機構投資人說明會","本公司受邀參加由永豐證券所舉辦之「智易(3596)線上法人說明會」，說明本公司營運及財務概況。","359620230316M001.pdf","359620230316E001.pdf","https://www.arcadyan.com/",中文影音檔網址:3596_44_20230317_ch.mp4 ,"無","查詢"
"3596","智易","112/06/20","14:30","線上機構投資人說明會","本公司受邀參加由永豐證券所舉辦之「智易(3596)2023Q1線上法人說明會」，說明本公司營運及財務概況。","359620230619M001.pdf","359620230619E001.pdf","https://www.arcadyan.com/","","無","查詢"
"3605","宏致","112/12/13","14:30","線上法人說明會","本公司受邀參加凱基證券舉辦之線上法人說明會，說明公司營運狀況及未來展望。","360520231213M001.pdf","360520231213E001.pdf","https://www.acesconn.com/tw/investors6",中文影音檔網址:3605_23_20231213_ch.mp4 ,"無","查詢"
"3607","谷崧","112/11/27","16:00","台北市信義區信義路五段7號1樓(證券交易所資訊展示中心)","本公司近期營運狀況說明","360720231127M002.ppt","360720231127E002.ppt","http://www.coxongroup.com",法說會影音連結資訊:https://webpro.twse.com.tw/WebPortal/vod/101/A7726E10C387-D8EB4DFF-8D00-11EE-AF53/?categoryId=101 ,"15時30分~16時00分報到；16時00分開始","查詢"
"3617","碩天","112/05/16","14:30","宏遠證券703會議室 (台北市信義路四段236號7樓)","本公司受邀參加宏遠證券舉辦之法人說明會，就公司財務及業務相關資訊做說明。","361720230516M001.pdf","361720230516E001.pdf","https://www.cyberpower.com/tw/zh/investor/shareholder",法說會影音連結資訊:https://cpsdrive.cyberpower.com/s/npsgitkcsAs2CKx ,"無。","查詢"
"3617","碩天","112/09/22","14:00","元大證券(台北市南京東路三段219號11樓)","本公司受邀參加元大證券舉辦之法人說明會，說明本公司之營運概況、財務及業務相關資訊。","361720230922M001.pdf","361720230922E001.pdf","https://www.cyberpower.com/tw/zh/investor/shareholder","","無。","查詢"
"3622","洋華","112/04/21","14:30","線上法說會","2022年第四季營運狀況及2023年營運展望","362220230420M001.pdf","362220230420E001.pdf","http://www.yfo.com.tw/index.php?option=com_content&amp;task=view&amp;id=103&amp;Itemid=9",中文影音檔網址:3622_40_20230421_ch.mp3 ,"法說會書面資料請於2023/4/20(四)17:30後至公開資訊觀測站或本公司網站下載","查詢"
"3645","達邁","112/11/09","16:00","臺灣證券交易所1樓資訊展示中心(台北市信義路五段7號)","本公司2023年第三季財務暨營運報告","364520231109M001.pdf","364520231109E001.pdf","https://www.taimide.com.tw",法說會影音連結資訊:https://webpro.twse.com.tw/webportal/vod/101/D900927FA8EF-538C2224-7EE4-11EE-9147/?categoryId=101 ,"無","查詢"
"3652","精聯","112/12/08","14:30","線上法說會","受邀參加 凱基證券舉辦之線上法人說明會，報名請洽 凱基證券 鄭小姐，電話：02-2181-8167。E-mail：janice.cheng@kgi.com","365220231208M001.pdf","365220231208E001.pdf","https://www.ute.com/tw/ir/information/legal",中文影音檔網址:3652_3_20231208_ch.mp4 ,"無。","查詢"
"3653","健策","112/11/30","15:10","台北君悅酒店(台北市信義區松壽路2號3樓)","說明公司簡介、主要產品運用、實績與展望及財務資訊等相關訊息。","365320231130M001.pdf","365320231130E001.pdf","https://tw.jentech.com.tw/copy-of",中文影音檔網址:3653_11_20231130_ch.mp4 ,"無","查詢"
"3661","世芯-KY","112/11/02","14:30","線上法說會","說明2023年第三季營運與財務概況暨未來展望","366120231102M001.pdf","366120231102E001.pdf","https://www.alchip.com/tw-home/investors/investment-conferences/",法說會影音連結資訊:https://www.alchip.com/tw-home/investors/financials/investment-conference-information/ ,"簡報內容及影音連結於當日會後公告於公開資訊觀測站","查詢"
"3661","世芯-KY","112/03/15","14:30","線上法說會","說明2022年營運成果及2023年營運概況暨未來展望","366120230315M001.pdf","366120230315E001.pdf","https://www.alchip.com/tw-home/investors/investment-conferences/",法說會影音連結資訊:https://www.alchip.com/tw-home/investors/financials/investment-conference-information/ (請輸入網址名稱(註)):未輸 ,"簡報內容及影音連結於當日會後公告於公開資訊觀測站","查詢"
"3661","世芯-KY","112/08/18","14:30","線上法說會","說明2023年第二季營運與財務概況暨未來展望","366120230818M001.pdf","366120230818E001.pdf","https://www.alchip.com/tw-home/investors/investment-conferences/",法說會影音連結資訊:https://www.alchip.com/tw-home/investors/financials/investment-conference-information/ ,"簡報內容及影音連結於當日會後公告於公開資訊觀測站","查詢"
"3661","世芯-KY","112/05/09","14:30","線上法說會","說明2023年第一季營運與財務概況暨未來展望","366120230509M001.pdf","366120230509E001.pdf","https://www.alchip.com/tw-home/investors/investment-conferences/",法說會影音連結資訊:https://www.alchip.com/tw-home/investors/financials/investment-conference-information/ ,"簡報內容及影音連結於當日會後公告於公開資訊觀測站","查詢"
"3665","貿聯-KY","112/11/10","15:00","線上會議","本公司受邀參加ICA舉辦的2023年第三季財報英語之線上法人說明會，說明營運概況。","366520231110M004.pdf","366520231110E004.pdf","http://www.bizlinktech.com","","無","查詢"
"3665","貿聯-KY","112/12/05","09:30","台北晶華酒店","本公司受邀參加元大證券所舉辦之投資會議，說明營運概況。","366520231110M001.pdf","366520231110E001.pdf","http://www.bizlinktech.com","","無","查詢"
"3665","貿聯-KY","112/11/22 至 112/11/23","09:00","W Hotel","本公司受邀參加Citi所舉辦之投資論壇，說明營運概況。","366520231110M002.pdf","366520231110E002.pdf","http://www.bizlinktech.com","","無","查詢"
"3665","貿聯-KY","112/11/15","09:00","台北市基隆路一段200號","本公司受邀參加大和國泰證券所舉辦之投資會議，說明營運概況。","366520231110M005.pdf","366520231110E005.pdf","http://www.bizlinktech.com","","無","查詢"
"3665","貿聯-KY","112/11/16","13:30","瑞銀證券台北","本公司受邀參加瑞銀證券所舉辦之投資會議，說明營運概況。","366520231110M003.pdf","366520231110E003.pdf","http://www.bizlinktech.com","","無。","查詢"
"3665","貿聯-KY","112/09/11 至 112/09/12","22:30","Auerbach Grayson &amp; Company, 20 West 55th Street, New York, NY 10019","本公司受邀參加Auerbach Grayson所舉辦之投資論壇，說明營運概況。","366520230825M002.pdf","366520230825E002.pdf","http://www.bizlinktech.com","","無。","查詢"
"3665","貿聯-KY","112/08/25","15:00","線上會議","本公司受邀參加ICA舉辦的2023年第二季財報英語之線上法人說明會，說明營運概況。","366520230825M003.pdf","366520230825E003.pdf","http://www.bizlinktech.com","","無。","查詢"
"3665","貿聯-KY","112/09/13 至 112/09/14","21:00","Macquarie 125 West 55th Street Level 23, New York, NY 10019","本公司受邀參加港商麥格理證券所舉辦之投資論壇，說明營運概況。","366520230825M001.pdf","366520230825E001.pdf","http://www.bizlinktech.com","","無。","查詢"
"3665","貿聯-KY","112/04/21","16:00","線上會議","本公司受邀參加元大香港4月區域投資論壇，說明營運概況。","366520230406M002.pdf","366520230406E002.pdf","網址 http://www.bizlinktech.com","","無","查詢"
"3665","貿聯-KY","112/03/31 至 112/04/06","09:00","線上會議","本公司受邀參加美林證券所舉辦之線上投資論壇。","366520230406M001.pdf","366520230406E001.pdf","網址 http://www.bizlinktech.com。",法說會影音連結資訊:未輸 ,"無","查詢"
"3665","貿聯-KY","112/03/30","15:00","線上會議","本公司受邀參加ICA舉辦的2022年第四季財報英語之線上法人說明會，說明營運概況。","366520230406M002.pdf","366520230406E002.pdf","網址 http://www.bizlinktech.com。",法說會影音連結資訊:未輸 ,"無","查詢"
"3665","貿聯-KY","112/12/19","14:00","線上法人說明會","本公司受邀參加國票證券所舉辦之線上法人說明會，說明營運概況。","366520231110M004.pdf","366520231110E004.pdf","http://www.bizlinktech.com",中文影音檔網址:3665_169_20231219_ch.mp4 ,"本次採Cisco Webex視訊會議，報名請洽cherry18@ibfs.com.tw","查詢"
"3665","貿聯-KY","112/05/11","15:00","線上會議","本公司受邀參加ICA舉辦的2023年第一季財報英語之線上法人說明會，說明營運概況。","366520230511M001.pdf","366520230511E001.pdf","http://www.bizlinktech.com",法說會影音連結資訊:未輸 ,"無。","查詢"
"3665","貿聯-KY","112/06/14 至 112/06/16","09:30","UBS Securities Taipei","本公司受邀參加UBS證券所舉辦之投資論壇，說明營運概況。","366520230511M002.pdf","366520230511E002.pdf","http://www.bizlinktech.com","","無。","查詢"
"3665","貿聯-KY","112/06/07","14:30","台北晶華酒店","本公司受邀參加永豐金證券所舉辦之投資論壇，說明營運概況。","366520230511M003.pdf","366520230511E003.pdf","http://www.bizlinktech.com","","無。","查詢"
"3665","貿聯-KY","112/06/01 至 112/06/02","09:00","台北W飯店","本公司受邀參加花旗證券所舉辦之投資論壇，說明營運概況。","366520230511M004.pdf","366520230511E004.pdf","http://www.bizlinktech.com","","無。","查詢"
"3665","貿聯-KY","112/01/04 至 112/01/06","11:00","線上會議","本公司受邀參加瑞士信貸所舉辦之線上投資論壇，說明營運概況。","366520221110M001.pdf","366520221110E001.pdf","http://www.bizlinktech.com","","無","查詢"
"3665","貿聯-KY","112/02/20 至 112/02/21","13:00","台北君悅酒店","本公司受邀參加摩根大通所舉辦之投資論壇，說明營運概況。","366520221110M001.pdf","366520221110E001.pdf","http://www.bizlinktech.com",法說會影音連結資訊:未輸 ,"無","查詢"
"3669","圓展","112/12/28","14:00","線上法說會","說明公司營運概況。","366920231228M001.pdf","366920231228E001.pdf","http://tw.aver.com",法說會影音連結資訊:https://tw.aver.com/page/investor-relations#events-presentations ,"法說會報名網址： https://forms.gle/bR4KHr1cfvG9AW87A","查詢"
"3669","圓展","112/08/23","14:30","宏遠證券總公司會議廳 (台北市大安區信義路四段236號7樓)","本公司受邀參加宏遠證券舉辦之法人說明會，說明公司營運概況。","366920230823M001.pdf","366920230823E001.pdf","http://tw.aver.com",法說會影音連結資訊:https://tw.aver.com/page/investor-relations ,"無。","查詢"
"3673","TPK-KY","112/02/23","14:30","線上法說會","TPK舉辦2022年第四季營運結果線上法人說明會","367320230223M001.pdf","367320230223E001.pdf","https://www.tpk.com/ir/",法說會影音連結資訊:https://www.tpk.com/ir/ ,"相關資料內容請至本公司網頁查詢 https://www.tpk.com/ir/","查詢"
"3673","TPK-KY","112/08/09","14:30","線上法說會","TPK舉辦2023年第二季營運結果線上法人說明會","367320230809M001.pdf","367320230809E001.pdf","https://www.tpk.com/ir/",法說會影音連結資訊:https://www.tpk.com/ir/ ,"相關資料內容請至本公司網頁查詢 https://www.tpk.com/ir/","查詢"
"3679","新至陞","112/09/26","14:30","線上法說會","本公司受邀參加永豐金證券舉辦之法人說明會。","367920230925M001.pdf","367920230925E001.pdf","https://www.nishoku.com.tw/zh-TW/Investor/Catalog?guid=18110215404026",中文影音檔網址:3679_14_20230926_ch.mp4 ,"無","查詢"
"3686","達能","112/12/20","14:00","新竹市東區慈雲路118號3樓會議室(雲智匯大樓)","本公司之未來營運展望","368620231218M002.pdf","368620231218E002.pdf","https://www.danentech.com/investor_overview.aspx",中文影音檔網址:3686_15_20231220_ch.mp4 ,"無","查詢"
"3694","海華","112/12/25","14:00","Webex 線上會議","本公司受邀參加元大證券舉辦之線上法說會，報告本公司營運狀況。","369420231225M001.pdf","369420231225E001.pdf","https://www.azurewave.com/shareholder-service.html",中文影音檔網址:3694_9_20231225_ch.mp4 ,"無","查詢"
"3701","大眾控","112/11/23","14:30","凱基證券股份有限公司(臺北市中山區明水路700號)","本公司受邀參加凱基證券所舉辦之法人說明會，說明公司未來經營策略及願景。","370120231123M001.pdf","370120231123E001.pdf","https://www.ficg.com.tw/",中文影音檔網址:3701_10_20231123_ch.mp4 ,"無","查詢"
"3702","大聯大","112/05/22","14:30","線上法人說明會","本公司受邀參加凱基證券於112年5月22日舉辦之線上法人說明會，說明112年第一季營業報告及第二季營運展望。","370220230522M001.pdf","370220230522E001.pdf","https://www.wpgholdings.com/","","無","查詢"
"3702","大聯大","112/08/22","14:30","線上法人說明會","本公司受邀參加凱基證券於112年8月22日舉辦之線上法人說明會，說明112年第二季營業報告及第三季營運展望。","370220230822M001.pdf","370220230822E001.pdf","https://www.wpgholdings.com/","","無","查詢"
"3702","大聯大","112/11/16","14:30","線上法人說明會","本公司受邀參加凱基證券於112年11月16日舉辦之線上法人說明會，說明112年第三季營業報告及第四季營運展望。","370220231116M001.pdf","370220231116E001.pdf","https://www.wpgholdings.com/",法說會影音連結資訊:https://youtu.be/IIz_MGhEX_0 ,"無","查詢"
"3702","大聯大","112/06/08","09:50","台北遠東國際大飯店(台北市敦化南路二段201號B1)","本公司將參加國泰證券所舉辦之「國泰證券2023年第二季產業論壇」，會中就本公司5/22法說會已公開發佈之財務數字、經營績效等相關資訊做說明。","370220230522M001.pdf","370220230522E001.pdf","https://www.wpgholdings.com/","","無","查詢"
"3702","大聯大","112/03/08","14:30","線上法人說明會","本公司受邀參加凱基證券於112年3月8日舉辦之線上法人說明會，說明111年第四季營業報告及112年第一季營運展望。","370220230308M001.pdf","370220230308E001.pdf","https://www.wpgholdings.com/","","無","查詢"
"3703","欣陸","112/11/13","14:30","投資人可透過電腦觀看直播或以電話參與，
會議電話:(02)3396-1191，密碼:9011513#","本公司將於11月13日召開線上法人說明會，會中報告2023年第三季經營成果。","370320231113M001.pdf","370320231113E001.pdf","https://www.continental-holdings.com/zh/investor-relations/shareholder/events-presentations/",中文影音檔網址:3703_28_20231113_ch.mp3 ,"無","查詢"
"3703","欣陸","112/08/02","14:30","投資人可透過電腦觀看直播或以電話參與，
會議電話:(02)3396-1191，密碼:9107002#","本公司將於8月2日召開線上法人說明會，會中報告2023年第二季經營成果。","370320230802M001.pdf","370320230802E001.pdf","https://www.continental-holdings.com/zh/investor-relations/shareholder/events-presentations/",中文影音檔網址:3703_27_20230802_ch.mp3 ,"無","查詢"
"3703","欣陸","112/05/08","14:30","投資人可透過電腦觀看直播或以電話參與，會議電話(02)3396-1191，密碼:9411508#","本公司將於5月8日召開線上法人說明會，會中報告2023年第一季經營成果。","370320230508M001.pdf","370320230508E001.pdf","https://www.continental-holdings.com/zh/investor-relations/shareholder/events-presentations/",中文影音檔網址:3703_25_20230508_ch.mp3 ,"無","查詢"
"3703","欣陸","112/03/13","14:30","投資人可透過電腦觀看直播或以電話參與，會議電話:
(02)3396-1191，密碼:9606513#","本公司將於3月13日召開線上法人說明會，會中報告2022年第四季經營成果。","370320230313M001.pdf","370320230313E001.pdf","https://www.continental-holdings.com/zh/investor-relations/shareholder/events-presentations/",中文影音檔網址:3703_24_20230313_ch.mp3 ,"無","查詢"
"3703","欣陸","112/05/11","14:00","台北市南京東路三段219號2樓(元大證券2樓會議室)","本公司於5/11受邀參加由元大證券舉辦之法人說明會，會中報告公司營運現況與未來展望。","370320230511M001.pdf","370320230511E001.pdf","https://www.continental-holdings.com/zh/investor-relations/shareholder/events-presentations/","","無","查詢"
"3703","欣陸","112/11/20","14:30","台北市復興南路一段209號1樓(元富證券1樓會議室)","本公司於11/20受邀參加由元富證券舉辦之法人說明會，會中報告公司營運現況與未來展望。","370320231120M001.pdf","370320231120E001.pdf","https://www.continental-holdings.com/zh/investor-relations/shareholder/events-presentations/",中文影音檔網址:3703_29_20231120_ch.mp4 ,"無","查詢"
"3704","合勤控","112/03/15","14:00","線上法說會","本公司受邀參加合庫證券於112年03月15日舉辦之線上法人說明會，向投資人說明111年第4季營業成果及未來營運展望。","370420230315M001.pdf","370420230315E001.pdf","https://www.unizyx.com.tw/IR/ch/event.html",中文影音檔網址:3704_9_20230315_ch.mp4 ,"無","查詢"
"3704","合勤控","112/08/17","14:00","線上法說會","本公司受邀參加合庫證券於112年08月17日舉辦之線上法人說明會，向投資人說明112年第2季營業成果及未來營運展望。","370420230817M001.pdf","370420230817E001.pdf","https://zyxelgroup.irpro.co/tw/event.php",中文影音檔網址:3704_11_20230817_ch.mp4 ,"無","查詢"
"3705","永信","112/09/21","14:00","線上法說會","本公司受邀參加元大證券舉辦之線上法說會，報告本公司營運狀況。","370520230921M001.pptx","370520230921E001.pptx","http://www.yungshingroup.com/article/articles.aspx?r=103",中文影音檔網址:3705_13_20230921_ch.mp4 ,"無","查詢"
"3705","永信","112/12/26","14:00","線上法說會","本公司受邀參加元大證券舉辦產業座談之線上法說會，報告本公司營運狀況。","370520231226M001.pptx","370520231226E001.pptx","http://www.yungshingroup.com/article/articles.aspx?r=103",中文影音檔網址:3705_14_20231226_ch.mp4 ,"無","查詢"
"3706","神達","112/11/23","14:00","線上法人說明會 - Webex","本公司受邀參加凱基證券舉辦之法人說明會，說明本公司今年前三季營運成果以及展望。","370620231123M001.pdf","370620231123E001.pdf","https://www.mitac.com/zh-TW/ir_information/index",中文影音檔網址:3706_12_20231123_ch.mp4 ,"無","查詢"
"3706","神達","112/05/22","14:00","線上法人說明會 - Webex","本公司受邀參加凱基證券舉辦之法人說明會，說明本公司今年第一季營運成果以及展望。","370620230522M002.pdf","370620230522E002.pdf","https://www.mitac.com/zh-TW/ir_information/index",中文影音檔網址:3706_11_20230522_ch.mp4 ,"無","查詢"
"3708","上緯投控","112/11/30","14:30","台北市松山區民生東路4段54號4樓(華南永昌證券)","主要向投資人說明本公司營運狀況、財務及業務狀況","370820231130M001.pdf","370820231130E001.pdf","https://www.swancor.com/tw/ir/shareholder/legal","","無","查詢"
"3708","上緯投控","112/05/26","14:30","台北市寶慶路69號4樓(元大證券)","主要向投資人說明本公司營運概況、財務及業務狀況","370820230526M001.pdf","370820230526E001.pdf","https://www.swancor.com/tw/ir/shareholder/legal",中文影音檔網址:3708_23_20230526_ch.mp4 ,"無","查詢"
"3711","日月光投控","112/09/18","10:00","台北W飯店。","無。","371120230727M001.pdf","371120230727E001.pdf","https://ir.aseglobal.com/c/index.php","","簡報檔內容與112年07月27日召開之法人說明會相同。","查詢"
"3711","日月光投控","112/08/31","09:00","Daiwa Capital Markets Hong Kong Limited, 88 Queensway, Admiralty, Hong Kong","無。","371120230727M001.pdf","371120230727E001.pdf","https://ir.aseglobal.com/c/index.php","","簡報檔內容與112年07月27日召開之法人說明會相同。","查詢"
"3711","日月光投控","112/10/26","15:00","電話會議及網路廣播。","詳112年10月26日公開資訊觀測站之重大訊息與公告-法說會專區。","371120231026M001.pdf","371120231026E001.pdf","https://ir.aseglobal.com/c/index.php",法說會影音連結資訊:https://tinyurl.com/2s4buvfh ,"無。","查詢"
"3711","日月光投控","112/11/13 至 112/11/14","10:00","香港港麗酒店。","無。","371120231026M001.pdf","371120231026E001.pdf","https://ir.aseglobal.com/c/index.php","","簡報檔內容與112年10月26日召開之法人說明會相同。","查詢"
"3711","日月光投控","112/11/06","13:30","台北文華東方酒店。","無。","371120231026M001.pdf","371120231026E001.pdf","https://ir.aseglobal.com/c/index.php","","簡報檔內容與112年10月26日召開之法人說明會相同。","查詢"
"3711","日月光投控","112/11/08","11:00","台北君悅酒店。","無。","371120231026M001.pdf","371120231026E001.pdf","https://ir.aseglobal.com/c/index.php","","簡報檔內容與112年10月26日召開之法人說明會相同。","查詢"
"3711","日月光投控","112/02/15","11:00","台北遠東香格里拉飯店","無。","371120230209M001.pdf","371120230209E001.pdf","https://ir.aseglobal.com/c/index.php","","簡報檔內容與112年02月09日召開之法人說明會相同。","查詢"
"3711","日月光投控","112/02/09","15:00","電話會議及網路廣播。","詳112年2月9日公開資訊觀測站之重大訊息與公告-法說會專區。","371120230209M001.pdf","371120230209E001.pdf","https://ir.aseglobal.com/c/index.php",法說會影音連結資訊:https://tinyurl.com/mtf3uvje ,"無。","查詢"
"3711","日月光投控","112/06/12","10:00","港島香格里拉大酒店","無。","371120230427M001.pdf","371120230427E001.pdf","https://ir.aseglobal.com/c/index.php","","簡報檔內容與112年04月27日召開之法人說明會相同。","查詢"
"3711","日月光投控","112/03/21 至 112/03/22","10:30","香港港麗酒店","無。","371120230209M001.pdf","371120230209E001.pdf","https://ir.aseglobal.com/c/index.php","","簡報檔內容與112年02月09日召開之法人說明會相同。","查詢"
"3711","日月光投控","112/06/15","21:00","Bank of America Tower, 紐約","無。","371120230427M001.pdf","371120230427E001.pdf","https://ir.aseglobal.com/c/index.php","","簡報檔內容與112年04月27日召開之法人說明會相同。","查詢"
"3711","日月光投控","112/09/04","14:00","臺北文華東方酒店。","無。","371120230727M001.pdf","371120230727E001.pdf","https://ir.aseglobal.com/c/index.php","","簡報檔內容與112年07月27日召開之法人說明會相同。","查詢"
"3711","日月光投控","112/09/01","10:00","電話會議。","無。","371120230901M001.pdf","371120230901E001.pdf","https://ir.aseglobal.com/c/index.php",法說會影音連結資訊:https://tinyurl.com/5atja7ww ,"無。","查詢"
"3711","日月光投控","112/04/27","15:00","電話會議及網路廣播。","詳112年4月27日公開資訊觀測站之重大訊息與公告-法說會專區。","371120230427M001.pdf","371120230427E001.pdf","https://ir.aseglobal.com/c/index.php",法說會影音連結資訊:https://tinyurl.com/2p8fbvmy ,"無。","查詢"
"3711","日月光投控","112/03/15","10:00","台北君悅酒店","無。","371120230209M001.pdf","371120230209E001.pdf","https://ir.aseglobal.com/c/index.php","","簡報檔內容與112年02月09日召開之法人說明會相同。","查詢"
"3711","日月光投控","112/11/15 至 112/11/16","10:00","新加坡文華東方酒店。","無。","371120231026M001.pdf","371120231026E001.pdf","https://ir.aseglobal.com/c/index.php","","簡報檔內容與112年10月26日召開之法人說明會相同。","查詢"
"3711","日月光投控","112/02/20","10:00","台北君悅酒店","無。","371120230209M001.pdf","371120230209E001.pdf","https://ir.aseglobal.com/c/index.php","","簡報檔內容與112年02月09日召開之法人說明會相同。","查詢"
"3711","日月光投控","112/05/31","10:00","台北W飯店","無。","371120230427M001.pdf","371120230427E001.pdf","https://ir.aseglobal.com/c/index.php","","簡報檔內容與112年04月27日召開之法人說明會相同。","查詢"
"3711","日月光投控","112/07/27","15:00","電話會議及網路廣播。","詳112年7月27日公開資訊觀測站之重大訊息與公告-法說會專區。","371120230727M001.pdf","371120230727E001.pdf","https://ir.aseglobal.com/c/index.php",法說會影音連結資訊:https://tinyurl.com/y9u3fxe6 ,"無。","查詢"
"3712","永崴投控","112/11/23","15:00","福邦證券股份有限公司(台北市忠孝西路一段6號7樓)","本公司營運狀況及未來展望說明","371220231123M001.pdf","371220231123E001.pdf","http://www.fit-holding.com/","","無","查詢"
"3712","永崴投控","112/06/21","15:00","福邦證券(台北市忠孝西路一段6號7樓B會議室)","本公司營運狀況及未來展望說明","371220230621M001.pdf","371220230621E001.pdf","http://www.fit-holding.com/","","無","查詢"
"3712","永崴投控","112/03/23","15:00","福邦證券(台北市忠孝西路一段6號7樓B會議室)","本公司營運狀況及未來展望說明","371220230323M001.pdf","371220230323E001.pdf","http://www.fit-holding.com/","","無","查詢"
"3712","永崴投控","112/09/22","15:00","福邦證券股份有限公司(台北市忠孝西路一段6號7樓)","本公司營運狀況及未來展望說明","371220230922M001.pdf","371220230922E001.pdf","http://www.fit-holding.com/",中文影音檔網址:3712_9_20230922_ch.mp4 ,"無","查詢"
"3714","富采","112/11/03","14:00","線上法說會","公司簡介及就已公開財務、業務等相關資訊作說明。","371420231103M001.pdf","371420231103E001.pdf","https://www.ennostar.com/financial",同步收看網址：:https://wms.gridow.com/ir/ennostar/ennostar_2023Q3.html 法說會影音連結資訊:https://wms.gridow.com/ir/ennostar/ennostar_2023Q3.html ,"無。","查詢"
"3714","富采","112/12/22","14:00","國泰金控-台北市大安區仁愛路四段296號","公司簡介及就已公開財務、業務等相關資訊作說明。","371420231103M001.pdf","371420231103E001.pdf","",法說會影音連結資訊:https://www.youtube.com/watch?v=YacmaDkh1ds ,"無。","查詢"
"3714","富采","112/08/03","14:00","線上法說會","公司簡介及就已公開財務、業務等相關資訊作說明。","371420230803M001.pdf","371420230803E001.pdf","https://www.ennostar.com/financial",同步收看網址：:https://wms.gridow.com/ir/ennostar/ennostar_2023Q2.html 法說會影音連結資訊:https://wms.gridow.com/ir/ennostar/ennostar_2023Q2.html ,"無。","查詢"
"3714","富采","112/02/24","14:30","宏遠證券-台北市大安區信義路4段236號7樓","公司簡介及就已公開財務、業務等相關資訊作說明。","371420230223M001.pdf","371420230223E001.pdf","https://www.ennostar.com/","","無。","查詢"
"3714","富采","112/05/05","14:00","線上法說會","公司簡介及就已公開財務、業務等相關資訊作說明。","371420230505M001.pdf","371420230505E001.pdf","https://ennostar.com/financial",同步收看網址：:https://wms.gridow.com/ir/ennostar/ennostar_2023Q1.html 法說會影音連結資訊:https://wms.gridow.com/ir/ennostar/ennostar_2023Q1.html ,"無。","查詢"
"3715","定穎投控","112/08/25","14:00","台北晶華酒店(台北市中山區中山北路二段39巷3號)","本公司受邀參加「台新2023年第三季全球投資論壇」","371520230815M001.pdf","371520230815E001.pdf","https://www.dynaholding.com/investment/index.html#s2","","無","查詢"
"3715","定穎投控","112/11/14","14:30","Webex線上會議","本公司受邀參加永豐金證券舉辦之線上法人說明會，說明2023年第三季的營運概況。","371520231114M001.pdf","371520231114E001.pdf","",中文影音檔網址:3715_8_20231114_ch.mp4 ,"會議連結請報名索取：https://www.surveycake.com/s/AogKD","查詢"
"3715","定穎投控","112/11/30","15:00","台北喜來登大飯店(台北市中正區忠孝東路一段12號)","本公司受邀參加第一金證券舉辦之2023年第四季投資論壇，說明本公司營運概況。","371520231114M001.pdf","371520231114E001.pdf","https://www.dynaholding.com/investment/index.html#s2","","無","查詢"
"3715","定穎投控","112/06/14","15:00","茹曦酒店(地址:台北市松山區敦化北路100號)","112年第一季公司營運狀況","371520230516M001.pdf","371520230516E001.pdf","https://www.dynaholding.com/investment/index.html#s2","","無","查詢"
"3715","定穎投控","112/05/16","14:30","Webex線上會議","本公司受邀參加永豐金證券舉辦之線上法人說明會，說明2023年第一季的營運概況。","371520230516M001.pdf","371520230516E001.pdf","https://www.dynaholding.com/investment/index.html#s2",中文影音檔網址:3715_3_20230516_ch.mp4 ,"會議連結請報名索取：https://www.surveycake.com/s/olylr","查詢"
"3715","定穎投控","112/06/02","14:00","台北市大安區敦化南路二段333號10樓","本公司受邀參加國泰綜合證券舉辦之法人說明會，說明2023年第一季的營運概況。","371520230516M001.pdf","371520230516E001.pdf","https://www.dynaholding.com/investment/index.html#s2","","實體法說會報名請洽 : vina.chen@cathaysec.com.tw","查詢"
"3715","定穎投控","112/03/27","14:30","Webex線上會議","本公司受邀參加第一金證券辦理之線上法人說明會，說明2022年第四季及整年的營運概況。","371520230327M001.pdf","371520230327E001.pdf","https://www.dynaholding.com/",中文影音檔網址:3715_2_20230327_ch.mp4 ,"報名連結為：https://reurl.cc/eXmkmR","查詢"
"3715","定穎投控","112/08/15","14:30","Webex線上會議","本公司受邀參加永豐金證券舉辦之線上法人說明會，說明2023年第二季的營運概況。","371520230815M001.pdf","371520230815E001.pdf","https://www.dynaholding.com/investment/index.html#s2",中文影音檔網址:3715_6_20230815_ch.mp4 ,"會議連結請報名索取：https://www.surveycake.com/s/Lb60Y","查詢"
"4104","佳醫","112/09/21","16:20","線上法人說明會","本公司受統一證券邀請舉辦公開法人說明會","410420230921M001.pdf","410420230921E001.pdf","https://www.excelsiormedical.com.tw/投資人專區/法說會/","","無","查詢"
"4104","佳醫","112/04/27","16:20","線上法人說明會","本公司受統一證券邀請舉辦公開法人說明會","410420230427M001.pdf","410420230427E001.pdf","www.excelsiormedical.com.tw/投資人專區/法說會/",中文影音檔網址:4104_22_20230427_ch.mp4 ,"無","查詢"
"4106","雃博","112/05/11","15:00","新北市土城區民生街9號","111年營運結果與營運近況說明","410620230511M001.pdf","410620230511E001.pdf","https://tw.wellell.com/zh-tw/investor-area/b382f6306a5d49d18acdfff0d9882ab1",法說會影音連結資訊:https://tw.wellell.com/zh-tw/investor-area/b382f6306a5d49d18acdfff0d9882ab1 ,"無","查詢"
"4106","雃博","112/11/29","15:00","新北市土城區民生街9號","2023年第三季營運結果與近期營運概況說明","410620231129M001.pdf","410620231129E001.pdf","https://tw.wellell.com/zh-tw/investor-area/Investor_Conference?filter-year=83",法說會影音連結資訊:https://youtu.be/0RUtkY8WFdY ,"完整財務業務資訊請至公開資訊觀測站之法人說明會一覽表或法說會項目下查閱。","查詢"
"4108","懷特","112/11/28","14:00","凱基證券:台北市明水路700號12樓會議室","本公司受凱基證券邀請，舉辦實體法說會，由經營團隊向法人及投資者說明公司研發及展業最新狀況。
懷特為台灣第一家新藥研發型上市公司，研發成功的「懷特血寶&#174;凍晶注射劑」是台灣衛福TFDA第一個核准上市、全球唯一治療「癌因性疲憊症」的處方新藥，於110年3月1日正式獲得健保給付。懷特痛寶&#174;亦取得TFDA藥證，為全球第一個解除中重度疼痛、低成癮性的納布啡口服新藥，目前進入國內各大醫療通路並與多家藥廠洽談授權中。懷特是衛福部部至今核准9項上市新藥中，唯一獲得2張藥證的公司。","410820231128M001.pdf","410820231128E001.pdf","https://www.phytohealth.com.tw/tw/news/category",中文影音檔網址:4108_22_20231128_ch.mp4 ,"相關資訊將依規定揭露於公開資訊觀測站。","查詢"
"4119","旭富","112/05/17","14:00","線上會議","說明本公司營運概況","411920230517M001.pdf","411920230517E001.pdf","http://www.sci-pharmtech.com.tw","","無","查詢"
"4119","旭富","112/03/16","14:00","桃園市蘆竹區海湖北路309巷61號","說明本公司營運概況","411920230316M001.pdf","411920230316E001.pdf","http://www.sci-pharmtech.com.tw",法說會影音連結資訊:https://webpro.twse.com.tw/WebPortal/vod/101/3B8E295B393F-0CD6F338-C3D4-11ED-ADD4/?categoryId=101 (請輸入網址名稱(註)):未輸 ,"無","查詢"
"4133","亞諾法","112/11/29","14:00","線上法說會，連結網址如下。","本公司受凱基證券邀請，參加其舉辦之國內投資人會議，針對本公司財務業務概況及未來展望做說明。
會議連線路徑：
https://kgitw.webex.com/kgitw-tc/j.php?MTID=m8555cd18488c2009c0552e4d72db9aae
會議號碼：2515 318 3335
進入會議密碼： 4133","413320231128M001.pdf","413320231128E001.pdf","https://www.abnova.com/zh-tw/download/investor-conference#tab-anchor",同步收看網址：:https://kgitw.webex.com/kgitw-tc/j.php?MTID=m8555cd18488c2009c0552e4d72db9aae 法說會影音連結資訊:https://www.abnova.com/zh-tw/download/investor-conference#tab-anchor ,"完整財務業務資訊請至公開資訊觀測站之法人說明會一覽表或法說會項目下查閱。","查詢"
"4137","麗豐-KY","112/11/28","14:30","台北市中正區重慶南路一段2號22樓大會議室
(永豐金證券)","本公司受邀參加永豐金證券於112年11月28日舉辦之法人說明會，說明112年第三季之財務、營運成果及公司未來展望。","413720231128M001.pdf","413720231128E001.pdf","http://www.chlitinaholding.com/","","完整財務業務資訊請至公開資訊觀測站之法人說明會一覽表或法說會項目下查閱。","查詢"
"4137","麗豐-KY","112/12/11","15:30","台北市信義區信義路五段7號
(臺灣證券交易所1樓資訊展示中心)","本公司受邀參加臺灣證券交易所於112年12月11日舉辦之112年第4季第一上市公司財務業務說明會，說明112年第三季之財務、營運成果及公司未來展望。","413720231128M001.pdf","413720231128E001.pdf","http://www.chlitinaholding.com/",法說會影音連結資訊:https://webpro.twse.com.tw/webportal/vod/101/F305E4EF4A67-B346B473-6E7C-11EF-93AD/?categoryId=101 ,"完整財務業務資訊請至公開資訊觀測站之法人說明會一覽表或法說會項目下查閱。","查詢"
"4137","麗豐-KY","112/03/30","14:30","台北市中正區中山南路11號10樓(張榮發國際會議中心)","本公司受邀參加凱基證券與IR Trust於112年03月30日舉辦之「2023去資金槓桿化主題式投資論壇」，說明111年第四季之財務、營運成果及公司未來展望。","413720230330M001.pdf","413720230330E001.pdf","http://www.chlitinaholding.com/","","完整財務業務資訊請至公開資訊觀測站之法人說明會一覽表或法說會項目下查閱。","查詢"
"4137","麗豐-KY","112/06/08","14:00","台北市松山區東興路8號15樓(統一證券)","本公司受邀參加統一證券於112年6月8日舉辦之法人說明會，說明112年第一季之財務、營運成果及公司未來展望。","413720230608M001.pdf","413720230608E001.pdf","http://www.chlitinaholding.com/","","完整財務業務資訊請至公開資訊觀測站之法人說明會一覽表或法說會項目下查閱。","查詢"
"4137","麗豐-KY","112/09/01","14:00","台北市松山區民生東路三段156號11樓(群益金鼎證券)","本公司受邀參加群益金鼎證券於112年9月1日舉辦之法人說明會，說明112年第二季之財務、營運成果及公司未來展望。","413720230901M001.pdf","413720230901E001.pdf","http://www.chlitinaholding.com/","","完整財務業務資訊請至公開資訊觀測站之法人說明會一覽表或法說會項目下查閱。","查詢"
"4142","國光生","112/12/26","14:30","台北遠東香格里拉飯店秀南園會議室
(台北市敦化南路二段201號B1)","本公司受邀參加台新證券舉辦之「台新證券法人說明會」","414220231225M001.pdf","414220231225E001.pdf","",中文影音檔網址:4142_41_20231226_ch.mp4 ,"無","查詢"
"4148","全宇生技-KY","112/12/07","16:30","臺灣證券交易所(101大樓)1樓資訊展示中心(台北市信義路五段七號)","臺灣證券交易所舉辦之第一上市公司財務業務說明會，說明本公司財務業務狀況。","414820231206M001.pdf","414820231206E001.pdf","",同步收看網址：:https://webpro.twse.com.tw/webportal/?liveChannelId=1 法說會影音連結資訊:https://webpro.twse.com.tw/WebPortal/schedule/ ,"無","查詢"
"4155","訊映","112/12/22","14:30","線上法說會","受邀參加富邦綜合證券舉辦之線上法說會","415520231222M001.pptx","415520231222E001.pptx","https://www.okbiotech.com/zh-tw/news.html",法說會影音連結資訊:https://www.youtube.com/watch?v=N504NhwSCqI ,"相關資訊將依規定揭露於公開資訊觀測站","查詢"
"4164","承業醫","112/06/06","14:00","台北市松山區敦化北路100號2樓(茹曦酒店)","公司概況、營運成果及近況更新","416420230605M002.pdf","416420230605E002.pdf","https://www.chcg.com/investor-events/?_sft_investor_events_year=2023",法說會影音連結資訊:https://www.chcg.com/investor-events/?_sft_investor_events_year=2023 ,"無","查詢"
"4164","承業醫","112/12/14","14:30","台北市內湖區行愛路88號(100會議室)","公司概況、營運成果及近況更新","416420231213M001.pdf","416420231213E001.pdf","https://www.chcg.com/investor-events/?_sft_investor_events_",法說會影音連結資訊:https://www.chcg.com/investor-events/?_sft_investor_events_ ,"無","查詢"
"4190","佐登-KY","112/08/28","14:30","台北市重慶南路一段2號19樓(永豐金證券1901會議室)","本公司受邀參加永豐金證券舉辦之法人說明會，說明近期營運成果 。","419020230828M001.pdf","419020230828E001.pdf","",中文影音檔網址:4190_13_20230828_ch.mp4 ,"報名請洽永豐金鄒小姐(02)23823207或mail:joyce.tsou@sinopac.com","查詢"
"4195","基米-創","112/05/09","14:00","新光站前摩天大樓16樓(臺北市中正區忠孝西路一段66號)","本公司受邀參加元富證券及環球生技月刊舉辦之「生醫產業趨勢暨企業投資論壇」","419520230508M001.pdf","419520230508E001.pdf","網址：https://www.genomics.com.tw/intro/detail/417","","相關資訊請至公開資訊觀測站之法人說明會一覽表或法說會項目下查閱","查詢"
"4306","炎洲","112/08/31","15:00","線上法說會","本公司受邀參加永豐金證券舉辦之法人說明會， 說明本公司營運狀況","430620230831M001.pdf","430620230831E001.pdf","",中文影音檔網址:4306_10_20230831_ch.mp4 ,"如8月31日法說會遇台北市颱風假影響延期，召開日期將另行公告。","查詢"
"4306","炎洲","112/12/26","15:00","線上法說會","本公司受邀參加國泰證券舉辦之法人說明會， 說明本公司營運狀況","430620231226M001.pdf","430620231226E001.pdf","",中文影音檔網址:4306_11_20231226_ch.mp4 ,"無","查詢"
"4414","如興","112/12/21","14:30","Webex線上會議","受邀參加福邦證券舉辦之法人說明會，就本公司已公開之財務業務資訊作說明。","441420231221M001.pdf","441420231221E001.pdf","http://www.roohsing.com.tw/zh-tw/shareholder_legal_person.php",中文影音檔網址:4414_11_20231221_ch.mp4 ,"無","查詢"
"4426","利勤","112/12/26","14:30","雲林縣斗六市斗工十二路8號","說明本公司之營運與財務概況","442620231226M001.pptx","442620231226E001.pptx","",法說會影音連結資訊:https://webpro.twse.com.tw/WebPortal/vod/101/A74514E63643-066AF92B-A3C6-11EE-B430/?categoryId=101 ,"無","查詢"
"4438","廣越","112/11/10","14:30","凱基證券(股)公司 (台北市中山區明水路700號)","本公司受邀參加KGI凱基證券所舉辦之法人說明會，向投資人說明本公司之營運及財務概況。","443820231110M001.pdf","443820231110E001.pdf","http://www.qve.com.tw/investor/informationJuristic/Default.aspx",法說會影音連結資訊:https://www.youtube.com/watch?v=C-4tn3t0lsc ,"無","查詢"
"4438","廣越","112/03/28","14:30","凱基證券(股)公司 (台北市中山區明水路700號)","本公司受邀參加KGI凱基證券所舉辦之法人說明會，向投資人說明本公司之營運概況、接單情形及未來展望。","443820230328M001.pdf","443820230328E001.pdf","http://www.qve.com.tw/investor/informationJuristic/Default.aspx","","無","查詢"
"4439","冠星-KY","112/12/29","15:30","臺灣證券交易所(101大樓)1樓資訊展示中心(台北市信義區信義路5段7號)","本公司受邀參加臺灣證券交易所舉辦之112年第4季「第一上市公司財務業務說明會」，會中說明本公司112年第3季營運成果及營運展望。","443920231229M001.pdf","443920231229E001.pdf","",法說會影音連結資訊:https://webpro.twse.com.tw/webportal/vod/101/498CE94E7BC8-DA894F41-A620-11EE-A3A1/?categoryId=101 ,"無","查詢"
"4440","宜新實業","112/12/15","15:30","台北市忠孝西路一段6號14樓","本公司受邀參加福邦證券舉辦之法人說明會","444020231214M001.pdf","444020231214E001.pdf","https://www.yishin-textile.com.tw/zh-tw/investors-02",中文影音檔網址:4440_5_20231215_ch.MP4 ,"無","查詢"
"4441","振大環球","112/09/06","15:00","線上法人說明會","介紹本公司之營運概況及經營策略等財務業務相關資料","444120230905M002.pdf","444120230905E002.pdf","https://www.greatg.com.tw/investment.php","","無","查詢"
"4526","東台","112/12/06","14:30","宏遠證券總公司703會議廳(台北市大安區信義路四段236號7樓)","本公司受邀參加宏遠證券舉辦之法人說明會，報告公司營運現況與未來展望。","452620231206M001.pdf","452620231206E001.pdf","https://www.tongtai.com.tw/tw/7.1.3.php",法說會影音連結資訊:https://www.youtube.com/watch?v=mPy7hMCdCs0 ,"無","查詢"
"4532","瑞智","112/09/27","14:30","台北市寶慶路69號4樓會議室","本公司將於112/09/27受元大證券邀請參加法人說明會，說明本公司財務業務相關資訊。","453220230927M001.pdf","453220230927E001.pdf","https://www.rechi.com/IR/displayinvestment#tab-4",中文影音檔網址:4532_12_20230927_ch.mp4 ,"無。","查詢"
"4536","拓凱","112/06/20","14:00","線上法人說明會","本公司受邀參加華南永昌證券舉辦之線上法人說明會，將於會中說明本公司財務業務現況及產業發展。","453620230619M001.pdf","453620230619E001.pdf","http://www.topkey.com.tw/www/_chinese/04_ir/01_detail_03_conference.php","","無","查詢"
"4536","拓凱","112/03/24","14:30","元大證券寶慶大樓4樓會議室(台北市寶慶路69號)","本公司受邀參加元大證券舉辦之法人說明會，將於會中說明本公司財務業務現況及產業發展。","453620230324M001.pdf","453620230324E001.pdf","http://www.topkey.com.tw/www/_chinese/04_ir/01_detail_03_conference.php",法說會影音連結資訊:http://www.topkey.com.tw/www/_chinese/04_ir/01_detail_03.php?sid=7 ,"無","查詢"
"4540","全球傳動","112/11/29","14:30","德信證券（台北市新生南路一段50號3樓）","本公司受邀參加德信證券舉辦之法人說明會，說明本公司營運狀況及展望說明。","454020231127M001.pptx","454020231127E001.pptx","https://www.tbimotion.com.tw/investors/investors-01",中文影音檔網址:4540_19_20231129_ch.mp4 ,"報名請洽德信證券陳小姐(電話：23939988#117)E-mail：wanling_chen@mail.rsc.com.tw","查詢"
"4540","全球傳動","112/04/10","14:30","凱基證券（台北市明水路700號）","本公司受邀參加凱基證券舉辦之法人說明會，說明本公司財務及業務概況。","454020230406M001.pptx","454020230406E001.pptx","https://www.tbimotion.com.tw/investors/investors-01","","報名請洽凱基證券鄭小姐（電話：02-2181-8167）E-mail：janice.cheng@kgi.com","查詢"
"4545","銘鈺","112/11/10","14:30","台北市中山區建國北路一段96號12樓會議室","說明營運現況及未來展望","454520231110M001.pdf","454520231110E001.pdf","http://www.mapi.com.tw/zh-Hant/investor/info/conference#anchor-1",法說會影音連結資訊:https://youtu.be/xu9jRUxPlBY ,"無","查詢"
"4551","智伸科","112/12/05","10:50","台北晶華酒店(台北市中山區中山北路二段39巷3號)4樓","本公司受邀參加元大證券舉辦之「2023年第四季投資論壇」，說明本公司營運概況。","455120231107M001.pdf","455120231107E001.pdf","","","無","查詢"
"4551","智伸科","112/11/20","15:40","101大樓1F證交所資訊展示中心(台北市信義區信義路5段7號)","本公司受邀參加證交所與群益金鼎證券所共同舉辦之「電動車
產業鏈」主題式業績發表會，說明本公司營運概況。","455120231107M001.pdf","455120231107E001.pdf","",同步收看網址：:https://webpro.twse.com.tw/webportal/?liveChannelId=1 法說會影音連結資訊:https://webpro.twse.com.tw/webportal/vod/101/A7726E10C387-EF190F41-877E-11EE-AF53/?categoryId=101 ,"無","查詢"
"4551","智伸科","112/11/07","14:00","國票證券7樓會議室(台北市中山區樂群三路128號7樓)","本公司受邀參加國票證券所舉辦之法人說明會，說明本公司營運概況。","455120231107M001.pdf","455120231107E001.pdf","","","無","查詢"
"4551","智伸科","112/03/28","14:00","富邦國際會議中心(台北市敦化南路一段108號B2)","本公司受邀參加富邦證券舉辦之法人說明會，說明本公司營運概況。","455120230328M001.pdf","455120230328E001.pdf","","","無","查詢"
"4551","智伸科","112/03/14","10:00","台北君悅酒店","本公司受邀參加BofA Securities舉辦之「2023 APAC TMT Conference」","455120230215M001.pdf","455120230215E001.pdf","","","無","查詢"
"4551","智伸科","112/08/07","14:30","&#29319;亞會議中心2樓201會議室(台北市復興北路99號2樓)","本公司受邀參加&#29319;亞證券所舉辦之法人說明會，說明本公司營運概況。","455120230807M001.pdf","455120230807E001.pdf","","","無","查詢"
"4551","智伸科","112/02/16","13:30","台北晶華酒店(台北市中山區中山北路二段39巷3號) 4樓","本公司受邀參加元大證券第一季投資論壇，說明本公司營運概況。","455120230215M001.pdf","455120230215E001.pdf","","","無。","查詢"
"4551","智伸科","112/02/22","15:15","台北晶華酒店4樓 (台北市中山區中山北路二段39巷3號)","本公司受邀參加台新證券舉辦之「台新2023年第一季全球投資論壇」，說明本公司營運概況。","455120230215M001.pdf","455120230215E001.pdf","","","無","查詢"
"4551","智伸科","112/05/10","16:00","線上法說會","本公司受邀參加永豐金證券與臺灣證券交易所舉辦之線上法說會「SinoPac x TWSE Taiwan Corporate Day 2023」，
說明本公司營運概況。","455120230509M002.pdf","455120230509E002.pdf","","","無","查詢"
"4551","智伸科","112/05/09","14:00","宏遠證券703會議室(台北市信義路四段236號7樓)","本公司受邀參加宏遠證券所舉辦之法人說明會，說明本公司營運概況。","455120230509M001.pdf","455120230509E001.pdf","","","無","查詢"
"4552","力達-KY","112/12/05","16:30","臺灣證券交易所1樓資訊展示中心","本公司受邀參加臺灣證券交易所舉辦之『112年第4季第一上市公司財務業務說明會』，
說明本公司2023年第三季營業成果及未來營運展望。","455220231205M001.pdf","455220231205E001.pdf","https://www.lidaholdings.com/lidatw/item_25803351_0.html",法說會影音連結資訊:未輸 ,"無","查詢"
"4552","力達-KY","112/04/07","16:10","臺灣證券交易所1樓資訊展示中心","本公司受邀參加臺灣證券交易所舉辦之『112年第1季第一上市公司財務業務說明會』，說明本公司2022年度營業成果及未來營運展望。","455220230406M001.pptx","455220230406E001.pptx","http://www.lidaholdings.com/",法說會影音連結資訊:https://webpro.twse.com.tw/WebPortal/vod/101/3B8E295B393F-B47B89AA-D523-11ED-ADD4/?categoryId=101 ,"無","查詢"
"4555","氣立","112/12/25","14:30","線上法說會","本公司受邀參加富邦證券主辦之線上法說會，說明本公司之營運概況、財務及業務相關資訊。","455520231225M002.pdf","455520231225E002.pdf","https://www.chelic.com/zh-TW/Investors/Meeting",法說會影音連結資訊:https://www.chelic.com/Investors/Meeting ,"法人說明會開會當日會將相關簡報資料輸入公開資訊觀測站。","查詢"
"4557","永新-KY","112/09/11","15:30","灣證券交易所1樓資訊展示中心(台北市信義路五段7號)","本公司受臺灣證券交易所邀請參加第一上市公司財務業務說明會","455720230908M001.pdf","455720230908E001.pptx","https://www.yusin.com/",法說會影音連結資訊:未輸 ,"無","查詢"
"4560","強信-KY","112/11/30","14:00","線上法人說明會","本公司受邀參加富邦證券舉辦之線上法人說明會，說明本公司之業務及營運概況。","456020231129M001.pdf","456020231129E001.pdf","",中文影音檔網址:4560_12_20231130_ch.mp4 ,"無","查詢"
"4562","穎漢","112/11/20","14:30","高雄市前鎮區中山二路2號九樓之一","台新證券聯合法人說明會","456220231117M001.pdf","456220231117E001.pdf","",中文影音檔網址:4562_8_20231120_ch.MP4 ,"無","查詢"
"4564","元翎","112/11/24","14:00","線上法說會","本公司受邀參加永豐金證券舉辦之線上法人說明會，說明本公司之營運概況。","456420231123M001.pdf","456420231123E001.pdf","http://www.twmosa.com",中文影音檔網址:4564_7_20231124_ch.mp4 ,"報名請洽永豐金鄒小姐(02)23823207或E-MAIL:joyce.tsou@sinopac.com","查詢"
"4566","時碩工業","112/05/17","14:00","富邦仁愛金融大樓(台北市仁愛路四段169號15樓)","本公司受邀參加富邦證券舉辦之法人說明會，說明本公司簡介與經營成果","456620230515M001.pdf","456620230515E001.pdf","http://www.globaltek.com.tw",法說會影音連結資訊:https://youtu.be/ImAXZ7z5V8Y ,"無。","查詢"
"4566","時碩工業","112/04/18","14:30","台北市重慶南路一段2號19樓(1901會議室)","本公司受邀參加永豐金證券舉辦之法人說明會，說明本公司簡介與經營成果","456620230413M001.pdf","456620230413E001.pdf","http://www.globaltek.com.tw","","欲參加者需事先報名，請洽永豐金鄒小姐(02)23823207或E-MAIL:joyce.tsou@sinopac.com","查詢"
"4566","時碩工業","112/04/26","14:30","德信證券(台北市中正區新生南路一段50號3樓)","本公司受邀參加德信證券舉辦之法人說明會，說明本公司營運狀況與展望說明","456620230424M001.pdf","456620230424E001.pdf","http://www.globaltek.com.tw","","報名窗口:陳婉玲02-23939988#117 /wanling_chen@mail.rsc.com.tw","查詢"
"4566","時碩工業","112/08/25","14:00","台北市長安東路一段22號6樓","本公司受邀參加第一金證券舉辦之法人說明會，說明本公司簡介與經營成果","456620230824M001.pdf","456620230824E001.pdf","http://www.globaltek.com.tw","","無。","查詢"
"4566","時碩工業","112/11/22","15:15","台北晶華酒店 （台北市中山區中山北路二段39巷3號）","本公司受邀參加台新證券舉辦之2023年第四季全球投資論壇，說明本公司之營運與財務概況。","456620231121M001.pdf","456620231121E001.pdf","http://www.globaltek.com.tw","","無。","查詢"
"4569","六方科-KY","112/07/05","14:30","臺北君悅酒店三樓凱悅廳二區(臺北市信義區松壽路2號)","(1)本公司依「有價證券初次上市前業績發表會實施要點規定」，於上市前辦理股票初次上市前業績發表會。
(2)本次業績發表會將由本公司經營團隊向各界先進說明產業發展、財務業務狀況、未來風險、公司治理及企業社會責任、上市審議委員會暨臺灣證券交易所股份有限公司要求本公司於公開說明書及評估報告補充揭露事項。
(3)欲現場參加者，事先報名網址：https://pse.is/54cw5z。","456920230705M001.pdf","456920230705E001.pdf","https://pse.is/548tlq","","無","查詢"
"4569","六方科-KY","112/12/14","14:30","宏遠證券703會議室 (台北市信義路四段236號7樓)","本公司受邀參加宏遠證券舉辦之法人說明會。","456920231214M001.pdf","456920231214E001.pdf","",中文影音檔網址:4569_2_20231214_ch.mp4 ,"無。","查詢"
"4571","鈞興-KY","112/05/17","14:00","元富證券1樓會議室(台北市復興南路一段209號1樓)","本公司受邀參加元富證券舉辦之法人座談會","457120230516M001.pdf","457120230516E001.pdf","http://www.khgears.com/ft/gudong.php?id=25",法說會影音連結資訊:未輸 ,"報名請洽https://forms.gle/XAFAUStE8udsaSmZ9","查詢"
"4571","鈞興-KY","112/08/23","14:30","台北市重慶南路一段2號19樓會議室(永豐金證券)","本公司受邀參加永豐金證券舉辦之法人座談會，說明
公司營運回顧及業務展望","457120230823M001.pdf","457120230823E001.pdf","http://www.khgears.com/ft/gudong.php?id=25",中文影音檔網址:4571_13_20230823_ch.mp4 ,"活動詳情請洽永豐金證券鄒小姐 (02)23823207 或 mail: joyce.tsou@sinopac.com","查詢"
"4571","鈞興-KY","112/11/16","14:30","台北市重慶南路一段2號19樓會議室(永豐金證券)","本公司受邀參加永豐金證券舉辦之法人座談會，說明
公司營運回顧及業務展望","457120231116M001.pdf","457120231116E001.pdf","http://www.khgears.com/ft/gudong.php?id=25","","活動詳情請洽永豐金證券鄒小姐 (02)23823207 或 mail: joyce.tsou@sinopac.com","查詢"
"4571","鈞興-KY","112/03/31","15:30","張榮發基金會國際會議中心10樓(台北市中正區中山南路11號10樓)","公告本公司受邀參加凱基證券與IR Trust共同舉辦之投資論壇","457120230329M001.pdf","457120230329E001.pdf","http://www.khgears.com/ft/gudong.php?id=25","","報名請洽https://forms.gle/nS5jM9isCdJevgEA8","查詢"
"4572","駐龍","112/10/26","14:00","高雄市前鎮區中山二路2號9樓之1(大眾財經大樓)","本公司受邀參加「台新證券聯合法人說明會」，說明公司營運狀況及未來展望。","457220231025M001.pdf","457220231025E001.pdf","http://www.drewloong.com.tw/?p=2060",法說會影音連結資訊:https://youtu.be/vqvXhG2rpkU ,"無","查詢"
"4576","大銀微系統","112/11/22","16:00","網址：http://www.zucast.com/webcast/Wi4oDbU5","(1)營運狀況 (2)Q&amp;A","457620231117M001.pdf","457620231117E001.pdf","https://www.hiwinmikro.tw/zh/investor/shareholder",同步收看網址：:http://www.zucast.com/webcast/Wi4oDbU5 法說會影音連結資訊:https://youtu.be/YVjF0I_QQjI ,"無","查詢"
"4576","大銀微系統","112/05/10","16:00","網址：http://www.zucast.com/webcast/xrx2k8T2","(1)營運狀況
(2)Q&amp;A","457620230510M001.pdf","457620230510E001.pdf","https://www.hiwinmikro.tw/zh/investor/shareholder",同步收看網址：:http://www.zucast.com/webcast/xrx2k8T2 法說會影音連結資訊:https://youtu.be/yS61ybrvX5s ,"無","查詢"
"4581","光隆精密-KY","112/07/12","14:30","台北市仁愛路四段169號15樓","本公司受邀參加富邦證券舉辦之法人說明會","458120230712M001.pdf","458120230712E001.pdf","https://www.wkgroup.com/tw/investor-conference-presentation",法說會影音連結資訊:https://webpro.twse.com.tw/webportal/vod/101/D943BC8A4F13-CB3548F6-20AA-11EE-9669/?categoryId=101 ,"無","查詢"
"4581","光隆精密-KY","112/04/10","16:10","臺灣證券交易所1樓資訊展示中心","本公司受邀參加臺灣證券交易所舉辦之『112年第1季第一上市公司財務業務說明會』，說明本公司2022年度營業成果及未來營運展望。","458120230410M002.pdf","458120230410E002.pdf","https://www.wkgroup.com/tw/investor-conference-presentation",同步收看網址：:https://webpro.twse.com.tw/webportal/?liveChannelId=1 法說會影音連結資訊:https://webpro.twse.com.tw/webportal/vod/101/3B8E295B393F-FC703E9D-D785-11ED-ADD4/?categoryId=101 ,"無","查詢"
"4583","台灣精銳","112/08/02","14:30","實體及線上法說會。
實體地點：台中市西屯區科園三路10號(本公司2樓國際會議廳)","本公司受邀參加兆豐證券舉辦之法人說明會，會中說明本公司營運概況。","458320230802M001.pdf","458320230802E001.pdf","https://www.apexdyna.com/zh/sup_investors.aspx?link=2",法說會影音連結資訊:https://www.apexdyna.com/zh/sup_investors.aspx?link=2 ,"欲報名參加者，請以E-mail回覆 兆豐法人組葉小姐(E-mail: yvonne_yeh@megasec.com.tw)","查詢"
"4588","玖鼎電力","112/12/29","14:30","台北君悅酒店3樓 凱悅廳I區(台北市信義區松壽路2號)","(1)本公司依「有價證券初次上市前業績發表會實施要點規定」，於上市前辦理股票初次上市前業績發表會。　　　　　　　　　　　　　　　　　　　　　　　　　　　　　　　　　　　　　　　　　　　　　　　　　　　　　　　　　　　　　　　　　　　　 (2)本次業績發表會將由本公司經營團隊說明產業發展、財務業務狀況、未來風險、公司治理及企業社會責任、臺灣證券交易所股份有限公司暨上市審議委員會要求補充揭露事項等項目。","458820231225M001.pdf","458820231225E001.pdf","https://www.archmeter.com/zh-tw/download-c17929/法人說明會資訊.html","","無","查詢"
"4720","德淵","112/08/23","14:30","線上法說會","本公司受邀參加由富邦證券舉辦之線上法說會，說明本公司營運概況及未來展望。","472020230823M001.pdf","472020230823E001.pdf","http://www.texyear.com/",中文影音檔網址:4720_13_20230823_ch.mp4 ,"無","查詢"
"4720","德淵","112/11/16","14:00","線上法說會","說明本公司營運概況及未來展望。","472020231115M001.pdf","472020231115E001.pdf","http://www.texyear.com/",中文影音檔網址:4720_14_20231116_ch.mp4 ,"無","查詢"
"4722","國精化","112/11/09","14:00","線上法說會","說明本公司之營運概況、財務及業務相關資訊","472220231109M001.pdf","472220231109E001.pdf","https://www.qualipoly.com/zh-tw/a3-2826/%E6%B3%95%E4%BA%BA%E8%AA%AA%E6%98%8E%E6%9C%83.html",中文影音檔網址:4722_9_20231109_ch.mp4 ,"無","查詢"
"4736","泰博","112/12/18","14:30","KGI凱基證券總部大樓台北市明水路700號12樓","公司參加凱基證券主辦之法人說明會，會中就公司業務近況資訊，向投資法人作說明。","473620231218M001.pdf","473620231218E001.pdf","",中文影音檔網址:4736_19_20231218_ch.mp4 ,"無。","查詢"
"4737","華廣","112/12/06","14:00","台北君悅酒店(台北市信義區松壽路2號)","本公司受邀參加統一證券舉辦之法人說明會，說明產業及營運概況","473720231206M002.pdf","473720231206E002.pdf","",法說會影音連結資訊:https://www.bionime.com/zh-tw/tw-financial-information/ ,"無","查詢"
"4739","康普","112/12/21","14:30","統一證券集團大樓(台北市松山區東興路8號B2)","受邀參加統一證券舉辦之法人說明會，就本公司已公開之財務業務資訊作說明。","473920231220M001.pdf","473920231220E001.pdf","https://www.coremaxcorp.com/zh-tw/investor-conference","","完整財務業務資訊請至公開資訊觀測站之法人說明會一覽表或法說會項目下查閱。","查詢"
"4739","康普","112/05/16","14:30","福邦證券總公司(台北市忠孝西路一段6號7樓","受邀參加福邦證券舉辦之法人說明會，就本公司已公開之財務業務資訊作說明。","473920230515M001.pdf","473920230515E001.pdf","https://www.coremaxcorp.com/zh-tw/investor-conference",中文影音檔網址:4739_16_20230516_ch.mp4 ,"完整財務業務資訊請至公開資訊觀測站之法人說明會一覽表或法說會項目下查閱。","查詢"
"4746","台耀","112/09/01","15:10","茹曦酒店 (台北市松山區敦化北路100號2樓)","公司營運概況說明","474620230901M001.pdf","474620230901E001.pdf","https://www.formosalab.com/tw/investors3_4.php","","無","查詢"
"4746","台耀","112/11/17","14:30","KGI凱基證券總部大樓(台北市明水路700號12樓)","公司營運概況說明","474620231117M001.pdf","474620231117E001.pdf","https://www.formosalab.com/tw/investors3_4.php","","無","查詢"
"4746","台耀","112/05/15","15:00","台北市中山區南京東路三段219號2樓","公司營運概況說明","474620230515M001.pdf","474620230515E001.pdf","https://www.formosalab.com/tw/investors3_4.php","","無","查詢"
"4746","台耀","112/03/16","14:00","凱基大樓12F宴會廳(台北市中山區明水路700號)","公司營運成果及未來展望","474620230316M001.pdf","474620230316E001.pdf","https://www.formosalab.com/tw/investors3_4.php",中文影音檔網址:4746_44_20230316_ch.mp4 ,"無","查詢"
"4755","三福化","112/12/20","14:30","線上法人說明會","受邀參加","475520231220M001.pdf","475520231220E001.pdf","http://www.sfchem.com.tw/",中文影音檔網址:4755_9_20231220_ch.mp4 ,"無","查詢"
"4763","材料*-KY","112/05/22","16:00","台北市信義區信義路五段7號9樓證券交易所大會議室","說明本公司之營運概況、財務及業務相關資訊。","476320230522M001.pdf","476320230522E001.pdf","http://acetek.com.cn/finance/fashuoh/",同步收看網址：:http://webpro.twse.com.tw/ ,"無。","查詢"
"4763","材料*-KY","112/04/07","15:00","Webex","國票綜合證券法人說明會","476320230407M001.pdf","476320230407E001.pdf","http://acetek.com.cn/finance/fashuoh/","","報名請洽國票證券江先生02-85021999#5901或mail:cm@ibfs.com.tw","查詢"
"4763","材料*-KY","112/10/06","15:00","台北市中山區樂群三路128號7樓","國票綜合證券舉辦之法人說明會，向投資人說明本公司之營運概況、財務及業務相關資訊","476320231006M001.pdf","476320231006E001.pdf","http://acetek.com.cn/finance/fashuoh/",法說會影音連結資訊:未輸 ,"報名請洽國票證券王先生02-85021999#7780或mail:cm@ibfs.com.tw","查詢"
"4763","材料*-KY","112/11/16","14:00","線上法說會-Webex","本公司受邀參加國票綜合證券股份有限公司舉辦之線上法說會，說明本公司之營運概況、財務及業務相關資訊。","476320231116M001.pdf","476320231116E001.pdf","http://www.acetek.com.cn/finance/fashuoh/",法說會影音連結資訊:未輸 ,"相關資訊請參考公開資訊觀測站。","查詢"
"4764","雙鍵","112/12/27","16:00","線上法人說明會-Webex","本公司受邀參加元大證券舉辦之線上法人說明會，會中將報告公司簡介及營運概況。","476420231225M005.pdf","476420231225E005.pdf","",中文影音檔網址:4764_10_20231227_ch.mp4 ,"無","查詢"
"4766","南寶","112/08/17","14:30","線上法說會","本公司受邀參加由元大證券舉辦之線上法說會，說明本公司之營運概況、財務及業務相關資訊。","476620230817M001.pdf","476620230817E001.pdf","",法說會影音連結資訊:未輸 ,"無","查詢"
"4766","南寶","112/11/24","10:10","線上法說會","本公司受邀參加由寬量國際舉辦之線上法說會「14th Taiwan CEO Week」，說明本公司之營運概況、財務及業務相關資訊。","476620231122M001.pdf","476620231122E001.pdf","","","無","查詢"
"4766","南寶","112/04/21 至 112/04/25","10:10","線上法說會","本公司受邀參加由寬量國際舉辦之線上法說會「13th Taiwan CEO Week &amp; Taiwan New Economy Day」，說明本公司之營運概況、財務及業務相關資訊。","476620230420M001.pdf","476620230420E001.pdf","","","無","查詢"
"4766","南寶","112/03/30","14:30","線上法說會","本公司受邀參加由元大證券舉辦之線上法說會，說明本公司之營運概況、財務及業務相關資訊。","476620230330M001.pdf","476620230330E001.pdf","",中文影音檔網址:4766_43_20230330_ch.mp4 ,"無","查詢"
"4766","南寶","112/11/22","14:30","線上法說會","本公司受邀參加由凱基證券舉辦之線上法說會，說明本公司之營運概況、財務及業務相關資訊。","476620231122M001.pdf","476620231122E001.pdf","","","無","查詢"
"4766","南寶","112/05/18","14:30","線上法說會","本公司受邀參加由凱基證券舉辦之線上法說會，說明本公司之營運概況、財務及業務相關資訊。","476620230517M001.pdf","476620230517E001.pdf","","","無","查詢"
"4770","上品","112/11/09 至 112/11/10","09:00","港島香格里拉","本公司受邀參加112年11月9~10日由大和證券舉辦之「Daiwa Investment Conference Hong Kong」法說會進行營運概況說明，說明本公司財務及業務相關資訊。","477020231110M001.pdf","477020231110E001.pdf","https://www.alliedsupreme.com/tw/investor-9","","會議簡報等資料將依規定於期限前揭露於公開資訊觀測站。","查詢"
"4770","上品","112/12/07","14:00","晶華酒店","本公司受邀參加凱基證券舉辦2023年第四季投資論壇進行營運概況說明，說明本公司財務及業務相關資訊。","477020231207M001.pdf","477020231207E001.pdf","https://www.alliedsupreme.com/tw/investor-9",法說會影音連結資訊:https://youtu.be/xMQwyO_vRe4上品23Q4法說會 ,"會議簡報等資料將依規定於期限前揭露於公開資訊觀測站。","查詢"
"4770","上品","112/11/28","14:30","線上法說會","本公司受邀參加元大證券主辦之2023年第四季線上法說會進行營運概況說明，說明本公司財務及業務相關資訊。","477020231128M001.pdf","477020231128E001.pdf","https://www.alliedsupreme.com/tw/investor-9","","會議簡報等資料將依規定於期限前揭露於公開資訊觀測站。","查詢"
"4770","上品","112/09/01","15:00","線上法說會","本公司受邀參加元大證券主辦之2023年第三季線上法說會進行營運概況說明，說明本公司財務及業務相關資訊。","477020230901M001.pdf","477020230901E001.pdf","https://www.alliedsupreme.com/tw/investor-9","","會議簡報等資料將依規定於期限前揭露於公開資訊觀測站。","查詢"
"4770","上品","112/06/13","15:00","台北市信義路五段106號3樓","本公司受邀參加摩根大通證券舉辦之Taiwan Discovery Tour法人說明會，說明本公司財務及業務相關資訊。","477020230613M001.pdf","477020230613E001.pdf","https://www.alliedsupreme.com/tw/investor-9","","會議簡報等資料將依規定於期限前揭露於公開資訊觀測站。","查詢"
"4770","上品","112/06/09","13:30","台北晶華酒店(台北市中山北路二段39巷3號4F)","本公司受邀參加元大證券第二季投資論壇，說明本公司財務及業務相關資訊。","477020230609M002.pdf","477020230609E002.pdf","https://www.alliedsupreme.com/tw/investor-9","","會議簡報等資料將依規定於期限前揭露於公開資訊觀測站。","查詢"
"4770","上品","112/03/20","14:30","台北市中正區寶慶路69號4樓","本公司受邀參加元大證券舉辦之法人座談會議，說明本公司財務及業務相關資訊。","477020230320M001.pdf","477020230320E001.pdf","https://www.alliedsupreme.com/tw/investor-9",法說會影音連結資訊:未輸 ,"無","查詢"
"4771","望隼","112/03/24","14:30","苗栗縣竹南鎮公義里仁義街5號3樓會議室(望隼二廠)","本公司受邀參加凱基證券舉辦之法人說明會，說明公司營運概況。","477120230322M001.pdf","477120230322E001.pdf","http://www.vizionfocus.com/investor-shareholders4_page.html","","無","查詢"
"4771","望隼","112/08/16","14:30","苗栗縣竹南鎮公義里仁義街5號3樓會議室(望隼二廠)","本公司受邀參加凱基證券舉辦之法人說明會，說明公司營運概況。","477120230817M001.pdf","477120230817E001.pdf","http://www.vizionfocus.com/investor-shareholders4_page.html","","無","查詢"
"4807","日成-KY","112/10/25","14:00","台北市松山區東興路 8 號 B2F B203會議室（統一證券大樓)","本公司受邀參加統一證券企業法人部邀請舉辦法人說明會。為加強與投資法人的互動，為各界投資先進說明產業及營運狀況，歡迎蒞臨指教！","480720231023M002.pdf","480720231023E002.pdf","http://www.regaljewelrygroup.com/TW/NewsGallery/ugC_NewsGallery_Detail.asp?hidNewsGalleryID=54",法說會影音連結資訊:http://www.regaljewelrygroup.com/TW/NewsGallery/ugC_NewsGallery_Detail.asp?hidNewsGalleryID=54 ,"無。","查詢"
"4904","遠傳","112/11/15 至 112/11/16","08:00","新加坡東方文華酒店","說明本公司112年度第3季營運與財務概況","490420231103M001.pdf","490420231103E001.pdf","http://www.fareastone.com.tw","","無","查詢"
"4904","遠傳","112/08/09","16:00","本公司","說明本公司112年度第2季營運與財務概況","490420230809M001.pdf","490420230809E001.pdf","https://corporate.fetnet.net",同步收看網址：:http://www.zucast.com/webcast/K21eHwuT 法說會影音連結資訊:http://www.zucast.com/webcast/K21eHwuT ,"無","查詢"
"4904","遠傳","112/11/03","16:00","本公司","說明本公司112年度第3季營運與財務概況","490420231103M001.pdf","490420231103E001.pdf","http://www.fareastone.com.tw",同步收看網址：:http://www.zucast.com/webcast/hZ4gkyhr 法說會影音連結資訊:http://www.zucast.com/webcast/hZ4gkyhr ,"無","查詢"
"4904","遠傳","112/07/05","14:30","線上","說明本公司112年度第1季營運與財務概況","490420230503M001.pdf","490420230503E001.pdf","http://www.fareastone.com.tw","","無","查詢"
"4904","遠傳","112/06/13","09:00","線上會議參與港島香格里拉大酒店舉辦之論壇","說明本公司112年度第1季營運與財務概況","490420230503M001.pdf","490420230503E001.pdf","http://www.fareastone.com.tw","","無","查詢"
"4904","遠傳","112/04/17 至 112/04/28","09:00","本公司","說明本公司111年度第4季營運與財務概況","490420230215M001.pdf","490420230215E001.pdf","https://corporate.fetnet.net","","無","查詢"
"4904","遠傳","112/05/03","17:00","本公司","說明本公司112年度第1季營運與財務概況","490420230503M001.pdf","490420230503E001.pdf","https://corporate.fetnet.net",同步收看網址：:http://www.zucast.com/webcast/k5k6zQVW 法說會影音連結資訊:http://www.zucast.com/webcast/k5k6zQVW ,"無","查詢"
"4904","遠傳","112/02/15","16:00","本公司","說明本公司111年度第4季營運與財務概況","490420230215M001.pdf","490420230215E001.pdf","https://corporate.fetnet.net",同步收看網址：:http://www.zucast.com/webcast/e26J2h4H 法說會影音連結資訊:http://www.zucast.com/webcast/e26J2h4H ,"無","查詢"
"4904","遠傳","112/02/20 至 112/02/21","09:00","台北君悅酒店","說明本公司111年度第4季營運與財務概況","490420230215M002.pdf","490420230215E002.pdf","http://www.fareastone.com.tw","","無","查詢"
"4904","遠傳","112/03/14 至 112/03/16","09:00","台北君悅酒店","說明本公司111年度第4季營運與財務概況","490420230215M003.pdf","490420230215E003.pdf","https://corporate.fetnet.net","","無","查詢"
"4904","遠傳","112/10/13","15:30","線上","說明本公司112年度第2季營運與財務概況","490420230809M001.pdf","490420230809E001.pdf","http://www.fareastone.com.tw",中文影音檔網址:4904_275_20231013_ch.mp4 ,"無","查詢"
"4906","正文","112/12/20","14:00","福華文教會館14F貴賓廳(台北市大安區新生南路三段30號)","本公司將舉辦一年一度的法人說明會，將對2023年度做總結，並說明2024年產業趨勢與展望","490620231218M001.pdf","490620231218E001.pdf","https://www.gemteks.com/ir/seminar",法說會影音連結資訊:https://www.youtube.com/watch?v=mcEL4-ySMj8 ,"無","查詢"
"4906","正文","112/12/08","14:00","Webex meeting","受邀參加國票證券辦理的法人論壇，總結2023年狀況與分享2024年度展望","490620231205M001.pptx","490620231205E001.pptx","",法說會影音連結資訊:https://www.youtube.com/watch?v=vPZ8CtsLwSI ,"無","查詢"
"4906","正文","112/09/06","14:00","Webex","第一金證券2023年9月線上投資座談會，總結2023上半年狀況與分享2023下半年度展望。","490620230906M001.pdf","490620230906E001.pdf","","","無","查詢"
"4906","正文","112/06/07","15:00","線上論壇","第一金證券舉辦台股線上投資論壇。","490620230606M001.pdf","490620230606E001.pdf","","","無","查詢"
"4906","正文","112/06/08","11:00","線上論壇","IPR舉辦之外資論壇「站在全球地緣政治變動新時代的浪尖」。","490620230606M002.pdf","490620230606E002.pdf","","","無","查詢"
"4912","聯德控股-KY","112/12/08","16:30","臺灣證券交易所 (101大樓) 1樓資訊展示中心","本公司受邀參加臺灣證券交易所股份有限公司舉辦之112年第4季第一上市公司財務業務說明會","491220231207M001.pdf","491220231207E001.pdf","http://www.lemtech.com",同步收看網址：:https://webpro.twse.com.tw ,"無","查詢"
"4915","致伸","112/05/31 至 112/06/01","17:00","W Hotel Taipei","本公司受邀參加 Citi Regional Tech Conference 2023","491520230504M001.pdf","491520230504E001.pdf","https://www.primax.com.tw/investors/ir-activity/investor-meetings","","無","查詢"
"4915","致伸","112/10/31","14:30","富邦金融大樓 (台北市大安區仁愛路四段169號15樓)","本公司受邀參加富邦證券所舉辦之2023年第三季法人說明會，說明第三季營運成果及未來展望","491520231031M001.pdf","491520231031E001.pdf","https://www.primax.com.tw/investors/ir-activity/investor-meetings","","無","查詢"
"4915","致伸","112/11/30","15:00","台北喜來登大飯店","本公司受邀參加第一金證券所舉辦之第四季投資論壇，說明營運成果及未來展望","491520231031M001.pdf","491520231031E001.pdf","https://www.primax.com.tw/investors/ir-activity/investor-meetings","","報名請洽第一金證券王小姐，Email:sheryl.wang@firstsec.com.tw","查詢"
"4915","致伸","112/03/15","14:00","台北君悅","本公司受邀參加 BofA Securities 2023 APAC TMT Conference","491520230223M002.pdf","491520230223E002.pdf","https://www.primax.com.tw/investors/ir-activity/investor-meetings","","無","查詢"
"4915","致伸","112/05/04","14:30","電話會議","本公司受邀參加凱基證券所舉辦之2023年第一季法人說明會, 說明第一季營運成果及未來展望","491520230504M001.pdf","491520230504E001.pdf","https://www.primax.com.tw/investors/ir-activity/investor-meetings","","無","查詢"
"4915","致伸","112/09/06","15:00","台北國泰萬怡酒店(台北市民生東路三段6號)","本公司受邀參加中信證券所舉辦之2023年第三季前瞻投資論壇, 說明營運成果及未來展望","491520230727M001.pdf","491520230727E001.pdf","https://www.primax.com.tw/investors/ir-activity/investor-meetings","","無","查詢"
"4915","致伸","112/11/22","13:00","台北Ｗ飯店","本公司受邀參加花旗證券所舉辦之2023 Taiwan Corporate Day，說明營運成果及未來展望","491520231031M001.pdf","491520231031E001.pdf","https://www.primax.com.tw/investors/ir-activity/investor-meetings","","無","查詢"
"4915","致伸","112/02/23","14:30","電話會議","本公司受邀參加凱基證券所舉辦之2022年第四季法人說明會, 說明2022年營運成果及未來展望","491520230223M002.pdf","491520230223E002.pdf","https://www.primax.com.tw/investors/ir-activity/investor-meetings","","無","查詢"
"4915","致伸","112/07/27","14:30","KGI凱基證券總部大樓 (台北市明水路700號12樓)","本公司受邀參加凱基證券所舉辦之2023年第二季法人說明會,說明第二季營運成果及未來展望","491520230727M001.pdf","491520230727E001.pdf","https://www.primax.com.tw/investors/ir-activity/investor-meetings",法說會影音連結資訊:https://www.primax.com.tw/investors/ir-activity/investor-meetings ,"無","查詢"
"4916","事欣科","112/12/19","14:00","線上法人說明會","本公司受邀參加統一綜合證券舉辦之線上法說會，說明本公司之營運概況、財務及業務相關資訊。","491620231219M001.pdf","491620231219E001.pdf","",中文影音檔網址:4916_11_20231219_ch.mp4 ,"無","查詢"
"4919","新唐","112/11/02","14:00","線上法說會","本公司舉行112年第三季法人說明會，將於會中就公司112年第三季財務數字與營運概況做說明","491920231102M002.pdf","491920231102E002.pdf","https://www.nuvoton.com/about-nuvoton/investors/investor-conference/investor-conference-detail/",同步收看網址：:https://wms.gridow.com/ir/nuvoton/nuvoton_23Q3.html 法說會影音連結資訊:https://wms.gridow.com/ir/nuvoton/nuvoton_23Q3.html ,"無","查詢"
"4919","新唐","112/05/08","15:00","線上法說會","本公司舉行112年第一季法人說明會，將於會中就公司112年第一季財務數字與營運概況做說明","491920230508M001.pdf","491920230508E001.pdf","https://www.nuvoton.com/about-nuvoton/investors/investor-conference/investor-conference-detail/",同步收看網址：:https://wms.gridow.com/ir/nuvoton/nuvoton_23Q1.html 法說會影音連結資訊:https://wms.gridow.com/ir/nuvoton/nuvoton_23Q1.html ,"無","查詢"
"4919","新唐","112/08/04","13:30","線上法說會","本公司舉行112年第二季法人說明會，將於會中就公司112年第二季財務數字與營運概況做說明","491920230804M001.pdf","491920230804E001.pdf","https://www.nuvoton.com/about-nuvoton/investors/investor-conference/investor-conference-detail/",同步收看網址：:http://wms.gridow.com/ir/nuvoton/nuvoton_23Q2.html 法說會影音連結資訊:http://wms.gridow.com/ir/nuvoton/nuvoton_23Q2.html ,"無","查詢"
"4919","新唐","112/02/17","13:30","線上法說會","本公司舉行111年第四季法人說明會，將於會中就公司111年第四季財務數字與營運概況做說明","491920230217M001.pdf","491920230217E001.pdf","https://www.nuvoton.com/about-nuvoton/investors/investor-conference/investor-conference-detail/",同步收看網址：:http://wms.gridow.com/ir/nuvoton/nuvoton_22Q4.html 法說會影音連結資訊:http://wms.gridow.com/ir/nuvoton/nuvoton_22Q4.html ,"無","查詢"
"4927","泰鼎-KY","112/05/16","15:00","元富法人處會議室(台北市復興南路一段209號1樓)","本公司受邀參加由元富證券舉辦之法人說明會，說明公司營運現況與未來展望。","492720230516M001.pdf","492720230516E001.pdf","https://www.apex-intl.com.tw/investor/financial/investor-conference","","無","查詢"
"4927","泰鼎-KY","112/12/15","14:30","臺北市敦化南路二段97號7樓A0701會議室","本公司受邀元富證券舉辦法說會","492720231215M001.pdf","492720231215E001.pdf","https://www.apex-intl.com.tw/investor/financial/investor-conference","","無","查詢"
"4927","泰鼎-KY","112/03/07","15:40","台北市松山區敦化北路100號2樓(茹曦酒店)","本公司受邀參加國泰證券第一季產業論壇","492720230307M001.pdf","492720230307E001.pdf","https://www.apex-intl.com.tw/","","無","查詢"
"4927","泰鼎-KY","112/09/05","14:00","台北文創6樓(台北市信義區菸廠路88號)","本公司受邀參加元富證券所舉辦之「2023秋季產業投資論壇」。","492720230905M001.pdf","492720230905E001.pdf","https://www.apex-intl.com.tw/investor/financial/investor-conference",中文影音檔網址:4927_46_20230905_ch.mp4 ,"無","查詢"
"4930","燦星網","112/08/30","15:00","線上法說會","本公司受邀參加元大證券舉辦之線上法說會，報告本公司營運狀況。","493020230829M001.pdf","493020230829E001.pdf","http://www.starcomgistic.com/Web/Investors/SM_Vue.aspx",中文影音檔網址:4930_9_20230830_ch.mp4 ,"無","查詢"
"4930","燦星網","112/12/19","15:00","線上法說會","本公司受邀參加元大證券舉辦之線上法說會，說明本公司財務及營運展望","493020231219M001.pdf","493020231219E001.pdf","http://www.starcomgistic.com/Web/Investors/SM_Vue.aspx",中文影音檔網址:4930_10_20231219_ch.mp4 ,"無","查詢"
"4934","太極","112/08/30 至 112/08/31","09:00","線上法說會","本公司受邀參加由寬量國際主辦之「2023 Taiwan Renewable Energy Day」，說明本公司之營運概況、財務及業務相關資訊。","493420230829M002.pdf","493420230829E002.pdf","http://www.tainergy.com.tw/investor/c_investor4.asp","","完整財務業務資訊請至公開資訊觀測站之法人說明會一覽表或法說會項目下查閱。","查詢"
"4934","太極","112/12/20","14:00","太極集團台北公司-台北市南港路二段97號5樓","受富邦綜合證券股份有限公司邀請參加 112年法人說明會","493420240718M001.pdf","493420240718E001.pdf","http://www.tainergy.com.tw",法說會影音連結資訊:https://www.youtube.com/watch?v=bKJeUT9MgX0 影音連結網址:http://www.tainergy.com/investor/c_investor4.asp# ,"會議資料將於法說會後揭露於公開資訊觀測站及公司網站","查詢"
"4935","茂林-KY","112/09/06","14:30","臺灣證券交易所1樓資訊展示中心(台北市信義路五段7號)","本公司受邀參加臺灣證券交易所舉辦之「112Q3第一上市公司及創新板公司財務業務說明會」","493520230905M001.pdf","493520230905E001.pdf","https://www.glthome.com.tw/",同步收看網址：:https://webpro.twse.com.tw/webportal/?liveChannelId=1 ,"無","查詢"
"4935","茂林-KY","112/03/28","14:30","臺灣證券交易所1樓資訊展示中心(台北市信義路五段7號)","本公司受邀參加臺灣證券交易所舉辦之「112Q1第一上市公司財務業務說明會」","493520230328M001.pdf","493520230328E001.pdf","https://www.glthome.com.tw/",同步收看網址：:https://webpro.twse.com.tw/webportal/?liveChannelId=1 法說會影音連結資訊:https://webpro.twse.com.tw/webportal/vod/101/?categoryId=101 ,"無","查詢"
"4938","和碩","112/05/26","10:00","台北君悅酒店","本公司受邀參加富邦證券舉辦之2023年第二季富邦投資論壇，說明本公司營運概況。","493820230525M001.pdf","493820230525E001.pdf","http://www.pegatroncorp.com","","無","查詢"
"4938","和碩","112/06/02","09:00","台北W Hotel","本公司應邀參加花旗證券舉辦之Regional Tech Conference 2023","493820230525M001.pdf","493820230525E001.pdf","http://www.pegatroncorp.com","","無","查詢"
"4938","和碩","112/11/14","14:30","電話會議","本公司應富邦證券之邀參加電話會議說明本公司3Q23營運概況","493820231114M001.pdf","493820231114E001.pdf","https://www.pegatroncorp.com/",中文影音檔網址:4938_105_20231114_ch.mp4 ,"本公司將於法人說明會當日公布營運說明會資料於公開資訊觀測站及公司網站","查詢"
"4938","和碩","112/06/16","10:30","UBS台北辦公室","本公司應邀參加瑞銀證券舉辦之UBS Taiwan Corporate Day，說明本公司營運概況","493820230525M001.pdf","493820230525E001.pdf","http://www.pegatroncorp.com","","無","查詢"
"4938","和碩","112/03/14","14:30","電話會議","本公司應花旗證券之邀參加電話會議說明本公司4Q22營運概況","493820230314M001.pdf","493820230314E001.pdf","https://www.pegatroncorp.com/",中文影音檔網址:4938_99_20230314_ch.mp3 ,"本公司將於法人說明會當日公布營運說明會資料於公開資訊觀測站及公司網站","查詢"
"4938","和碩","112/03/17","09:00","台北君悅酒店","本公司應邀參加Bank of America Merrill Lynch舉辦之2023 APAC TMT Conference","493820230316M001.pdf","493820230316E001.pdf","http://www.pegatroncorp.com","","無","查詢"
"4938","和碩","112/09/01","15:30","&#29319;亞商務暨會議中心","本公司應邀參加富邦證券舉辦之法人企業日","493820230831M001.pdf","493820230831E001.pdf","https://www.pegatroncorp.com/","","無","查詢"
"4942","嘉彰","112/12/15","14:00","線上法人說明會","本公司受邀參加國票綜合證券舉辦之法人說明會","494220231213M001.pdf","494220231213E001.pdf","http://www.chiachang.com/ChiaGroup/investment_2in.aspx?itemID=20140407111505",中文影音檔網址:4942_10_20231215_ch.mp4 ,"報名請洽國票綜合證券李小姐02-25288275、Email:anneli@ibfs.com.tw","查詢"
"4943","康控-KY","112/12/08","15:30","臺灣證券交易所1樓資訊展示中心(台北市信義路五段7號)","本公司受邀參加臺灣證券交易所舉辦之112Q4第一上市公司財務業務說明會。","494320231208M001.pdf","494320231208E001.pdf","","","無","查詢"
"4949","有成精密","112/01/12","14:00","台北市中正區忠孝西路一段6號14樓","本公司受邀參加福邦證券舉辦之興櫃前法人說明會，說明本公司之營運概況及展望。","494920230113M001.pptx","494920230113E001.pdf","","","無","查詢"
"4952","凌通","112/08/16","14:00","台北市忠孝西路一段6號7樓 福邦證券股份有限公司","本公司受邀參加福邦證券舉辦之法人說明會，說明112年上半年之財務及營運狀況。","495220230815M002.pdf","495220230815E002.pdf","https://www.generalplus.com/2LVlangLNi8SVc2SNinvest_r",中文影音檔網址:4952_8_20230816_ch.MP4 ,"無","查詢"
"4956","光鋐","112/11/23","14:30","凱基證券(台北市中山區明水路700號12樓)","本公司受邀參加凱基證券舉辦之法人說明會。","495620231123M001.pdf","495620231123E001.pdf","https://www.epileds.com.tw",中文影音檔網址:4956_8_20231123_ch.mp4 ,"無。","查詢"
"4958","臻鼎-KY","112/10/30 至 112/11/01","09:00","新加坡、香港港麗酒店(地址:香港金鐘道88號太古廣場)","本公司之營運概況、財務及業務相關資訊","495820231026M001.pdf","495820231026E001.pdf","https://www.zdtco.com/tw/investor/events",法說會影音連結資訊:https://youtu.be/_pTItdoQVIE ,"(1)NDR：10/30(09:00~18:00), 10/31(07:30~14:00)；(2)CEO Week：11/1(09:00~17:20)","查詢"
"4958","臻鼎-KY","112/05/31 至 112/06/01","10:00","台北W飯店(地址:台北市忠孝東路五段10號)","PCB產業展望、公司營運績效及Q&amp;A","495820230516M001.pdf","495820230516E001.pdf","https://www.zdtco.com/tw/investor/events","","召開時間：5/31(10:00~17:00) &amp; 6/01(09:00~17:00)","查詢"
"4958","臻鼎-KY","112/05/24","14:00","台北君悅酒店(地址:台北市松壽路2號)","PCB產業展望、公司營運績效及Q&amp;A","495820230516M001.pdf","495820230516E001.pdf","https://www.zdtco.com/tw/investor/events","","請至公開資訊觀測站或公司網站查閱法人說明會相關資訊。","查詢"
"4958","臻鼎-KY","112/04/13 至 112/04/14","09:00","香港港麗酒店(地址:香港金鐘道88號太古廣場)","PCB產業展望、公司營運績效及Q&amp;A。","495820230410M002.pdf","495820230410E002.pdf","https://www.zdtco.com/tw/investor/events","","召開時間：04/13(09:00~15:00) &amp; 04/14(09:00~16:10)","查詢"
"4958","臻鼎-KY","112/06/15","11:30","瑞銀台灣(地址:台北市信義區松仁路7號))","PCB產業展望、公司營運績效及Q&amp;A","495820230607M001.pdf","495820230607E001.pdf","https://www.zdtco.com/tw/investor/events","","請至公開資訊觀測站或公司網站查閱法人說明會相關資訊","查詢"
"4958","臻鼎-KY","112/03/20 至 112/03/22","08:30","香港港麗酒店(地址:香港金鐘道88號太古廣場)","PCB產業展望、公司營運績效及Q&amp;A","495820230314M001.pdf","495820230314E001.pdf","https://www.zdtco.com/tw/investor/events","","請至公開資訊觀測站或公司網站查閱法人說明會相關資訊","查詢"
"4958","臻鼎-KY","112/08/31","14:30","&#29319;亞商務會議中心(台北市松山區復興北路99號6樓)","PCB產業展望、公司營運績效及Q&amp;A","495820230810M001.pdf","495820230810E001.pdf","https://www.zdtco.com/tw/investor/events","","請至公開資訊觀測站或公司網站查閱法人說明會相關資訊","查詢"
"4958","臻鼎-KY","112/08/09","15:00","報名連結：https://www.zdtco.com/tw/investor/events","(1)2023年第2季營運概況說明
(2)Key Messages
(3)提問時間","495820230810M001.pdf","495820230810E001.pdf","https://www.zdtco.com/tw/investor/events",法說會影音連結資訊:https://youtu.be/ahP5EEcLvOE ,"請預先完成線上報名，會議以中文進行，也歡迎英文提問","查詢"
"4958","臻鼎-KY","112/06/09","09:30","台北晶華酒店(地址: 台北市中山北路二段39巷3號)","PCB產業展望、公司營運概況及Q&amp;A","495820230607M002.pdf","495820230607E002.pdf","https://www.zdtco.com/tw/investor/events","","請至公開資訊觀測站或公司網站查閱法人說明會相關資訊","查詢"
"4958","臻鼎-KY","112/06/14","13:30","茹曦酒店(地址: 台北市松山區敦化北路100號)","PCB產業展望、公司營運績效及Q&amp;A","495820230607M001.pdf","495820230607E001.pdf","https://www.zdtco.com/tw/investor/events","","請至公開資訊觀測站或公司網站查閱法人說明會相關資訊","查詢"
"4958","臻鼎-KY","112/01/04","09:00","線上法說會","PCB產業展望、公司營運績效及Q&amp;A。","495820221107M001.pdf","495820221107E001.pdf","https://www.zdtco.com/tw/investor/events","","請至公開資訊觀測站或公司網站查閱法人說明會相關資訊","查詢"
"4958","臻鼎-KY","112/03/13","15:00","報名連結：https://www.zdtco.com/tw/investor/events","1.2022年第四季營運概況說明
2.Key Messages
3.提問時間(Q&amp;A)","495820230313M002.pdf","495820230313E002.pdf","https://www.zdtco.com/tw/investor/events",同步收看網址：:https://www.zdtco.com/tw/investor/events 法說會影音連結資訊:https://youtu.be/1w2lHadVvHc ,"請預先完成線上報名，會議全程以中文進行，也歡迎英文提問","查詢"
"4960","誠美材","112/12/27","14:00","線上法說會","本公司受邀參加中國信託綜合證券舉辦之線上法人說明會，會中將說明本公司營運成果及未來展望。","496020231227M001.pdf","496020231227E001.pdf","https://www.cmmt.com.tw","","無","查詢"
"4960","誠美材","112/09/08","14:00","台北市南港區經貿二路188號13樓(B1302會議室)","本公司受邀參加中國信託綜合證券舉辦之法人說明會，會中將說明本公司營運成果及未來展望。","496020230908M001.pdf","496020230908E001.pdf","http://www.cmmt.com.tw",中文影音檔網址:4960_15_20230908_ch.MP4 ,"無","查詢"
"4961","天鈺","112/11/03","14:00","線上法說會","(1)公布本公司2023年第3季合併財務報表。(2)參加方式：請至https://www.fitipower.com/investor/events 報名。(報名後提供會議連結資訊)","496120231103M001.pdf","496120231103E001.pdf","https://www.fitipower.com/investor/quarterly-reports",法說會影音連結資訊:https://www.fitipower.com/investor/quarterly-reports English:https://www.fitipower.com/en/investor/quarterly-reports ,"無","查詢"
"4961","天鈺","112/05/26","10:00","台北君悅飯店","本公司112/5/26受邀參加富邦證券舉辦之「2023年第二季投資論壇」，會中就本公司5/5法說會已公開之財務數字、經營績效等相關資訊進行說明。","496120230505M001.pdf","496120230505E001.pdf","https://www.fitipower.com/investor/quarterly-reports","","無","查詢"
"4961","天鈺","112/09/05","14:00","台北君悅酒店","本公司112/9/5受邀參加統一證券舉辦之「統一證券2023Q3全球展望秋季投資論壇」，會中就本公司8/4法說會已公開之財務數字、經營績效等相關資訊進行說明。","496120230804M001.pdf","496120230804E001.pdf","https://www.fitipower.com/investor/quarterly-reports",法說會影音連結資訊:https://www.fitipower.com/investor/events/p/K23Xax1pjbS0bFAc English:https://www.fitipower.com/en/investor/events/p/o7orYTBHgvWli8L1 ,"無","查詢"
"4961","天鈺","112/12/07","11:00","台北晶華酒店","本公司112/12/7受邀參加凱基證券舉辦之「第四季投資論壇」，會中就本公司11/3法說會已公開之財務數字、經營績效等相關資訊進行說明。","496120231103M001.pdf","496120231103E001.pdf","https://www.fitipower.com/investor/quarterly-reports","","無","查詢"
"4961","天鈺","112/03/14","15:00","台北喜來登飯店","本公司112/3/14受邀參加群益證券舉辦之「群益證券1Q23投資論壇」，會中就本公司3/3法說會已公開之財務數字、經營績效等相關資訊進行說明。","496120230303M001.pdf","496120230303E001.pdf","https://www.fitipower.com/investor/quarterly-reports","","無","查詢"
"4961","天鈺","112/03/15","09:00","台北君悅飯店","本公司112/3/15及3/17受邀參加BofA Securities舉辦之「APAC TMT Conference 2023」，會中就本公司3/3法說會已公開之財務數字、經營績效等相關資訊進行說明。","496120230303M001.pdf","496120230303E001.pdf","https://www.fitipower.com/investor/quarterly-reports","","無","查詢"
"4961","天鈺","112/03/16","15:40","台北晶華酒店","本公司112/3/16受邀參加永豐金證券舉辦之「2023年第一季產業投資論壇」，會中就本公司3/3法說會已公開之財務數字、經營績效等相關資訊進行說明。","496120230303M001.pdf","496120230303E001.pdf","https://www.fitipower.com/investor/quarterly-reports","","無","查詢"
"4961","天鈺","112/05/05","14:00","線上法說會","(1)公布本公司2023年第1季合併財務報表。(2)參加方式：請至https://www.fitipower.com/investor/events 報名。(報名後提供會議連結資訊)","496120230505M001.pdf","496120230505E001.pdf","https://www.fitipower.com/investor/quarterly-reports",法說會影音連結資訊:https://www.fitipower.com/investor/quarterly-reports English:https://www.fitipower.com/en/investor/quarterly-reports ,"無","查詢"
"4961","天鈺","112/09/13","09:30","台北晶華酒店","本公司112/9/13受邀參加元大證券舉辦之「第三季投資論壇」，會中就本公司8/4法說會已公開之財務數字、經營績效等相關資訊進行說明。","496120230804M001.pdf","496120230804E001.pdf","https://www.fitipower.com/investor/quarterly-reports","","無","查詢"
"4961","天鈺","112/08/04","14:00","線上法說會","(1)公布本公司2023年第2季合併財務報表。(2)參加方式：請至https://www.fitipower.com/investor/events 報名。(報名後提供會議連結資訊)","496120230804M001.pdf","496120230804E001.pdf","https://www.fitipower.com/investor/quarterly-reports",法說會影音連結資訊:https://www.fitipower.com/investor/quarterly-reports English:https://www.fitipower.com/en/investor/quarterly-reports ,"無","查詢"
"4961","天鈺","112/08/23","15:30","新竹老爺酒店","本公司112/8/23受邀參加BofA Securities舉辦之「BofA 2023 Asia Tech Tour」，會中就本公司8/4法說會已公開之財務數字、經營績效等相關資訊進行說明。","496120230804M001.pdf","496120230804E001.pdf","https://www.fitipower.com/investor/quarterly-reports","","無","查詢"
"4961","天鈺","112/01/06","09:00","線上機構投資人說明會","本公司112/1/6受邀參加Credit Suisse舉辦之「9th Greater China Technology and Internet Conference」，會中就本公司111/11/4法說會已公開之財務數字、經營績效等相關資訊進行說明。","496120221104M001.pdf","496120221104E001.pdf","https://www.fitipower.com/investor/quarterly-reports","","無","查詢"
"4961","天鈺","112/06/08","13:30","台北香格里拉遠東國際大飯店","本公司112/6/8受邀參加國泰證券舉辦之「2023年第二季產業論壇」，會中就本公司5/5法說會已公開之財務數字、經營績效等相關資訊進行說明。","496120230505M001.pdf","496120230505E001.pdf","https://www.fitipower.com/investor/quarterly-reports","","無","查詢"
"4961","天鈺","112/03/03","14:00","線上法說會","(1)公布本公司2022年第4季合併財務報表。(2)參加方式：請至https://www.fitipower.com/investor/events 報名。(報名後提供會議連結資訊)","496120230303M001.pdf","496120230303E001.pdf","https://www.fitipower.com/investor/quarterly-reports",法說會影音連結資訊:https://www.fitipower.com/investor/quarterly-reports English:https://www.fitipower.com/en/investor/quarterly-reports ,"無","查詢"
"4961","天鈺","112/11/23","09:00","台北W飯店","本公司112/11/23受邀參加Citi Securities舉辦之「Citi Taiwan Corporate Day」，會中就本公司11/3法說會已公開之財務數字、經營績效等相關資訊進行說明。","496120231103M001.pdf","496120231103E001.pdf","https://www.fitipower.com/investor/quarterly-reports","","無","查詢"
"4967","十銓","112/11/15","14:30","Webex 線上會議","受邀參加永豐金證券舉辦之法說會，說明本公司之營運概況。","496720231115M002.pdf","496720231115E002.pdf","https://www.teamgroupinc.com/tw/investors/meeting/",中文影音檔網址:4967_7_20231115_ch.mp4 ,"會議連結請報名索取：https://www.surveycake.com/s/nA0O1","查詢"
"4968","立積","112/10/27","15:30","網路直播","立積電子(4968) 2023年第三季線上法人說明會","496820231027M001.pdf","496820231027E001.pdf","https://www.richwave.com.tw/zh/invest_sharholder_conference.aspx",同步收看網址：:http://www.zucast.com/webcast/PH6n8SwS 法說會影音連結資訊:http://www.zucast.com/webcast/PH6n8SwS ,"無。","查詢"
"4968","立積","112/04/28","15:30","網路直播","立積電子(4968) 2023年第一季線上法人說明會","496820230428M001.pdf","496820230428E001.pdf","https://www.richwave.com.tw/zh/invest_sharholder_conference.aspx",同步收看網址：:http://www.zucast.com/webcast/8mowevxH 法說會影音連結資訊:http://www.zucast.com/webcast/8mowevxH ,"無。","查詢"
"4968","立積","112/06/06","15:15","台北茹曦酒店","本公司受邀參加112年6月6日由統一證券主辦之【2023 Q2 夏季投資論壇】，說明本公司之營運概況、財務及業務相關資訊。","496820230428M001.pdf","496820230428E001.pdf","https://www.richwave.com.tw/en/invest_sharholder_conference.aspx","","無。","查詢"
"4968","立積","112/02/23","15:30","網路直播","立積電子(4968) 2022年第四季線上法人說明會","496820230223M001.pdf","496820230223E001.pdf","https://www.richwave.com.tw/zh/invest_sharholder_conference.aspx",同步收看網址：:http://www.zucast.com/webcast/yC8jG6ZH 法說會影音連結資訊:http://www.zucast.com/webcast/yC8jG6ZH ,"無。","查詢"
"4968","立積","112/09/19","15:00","台北W飯店","本公司受邀參加Goldman Sachs舉辦之Goldman Sachs Taiwan Corporate Day，說明本公司之營運概況、財務及業務相關資訊。","496820230728M001.pdf","496820230728E001.pdf","https://www.richwave.com.tw/zh/invest_sharholder_conference.aspx",中文影音檔網址:4968_71_20230919_ch.mp3 ,"無。","查詢"
"4968","立積","112/07/28","14:00","網路直播","立積電子(4968) 2023年第二季線上法人說明會","496820230728M001.pdf","496820230728E001.pdf","https://www.richwave.com.tw/zh/invest_sharholder_conference.aspx",同步收看網址：:http://www.zucast.com/webcast/k7A3KeEr 法說會影音連結資訊:http://www.zucast.com/webcast/k7A3KeEr ,"無。","查詢"
"4976","佳凌","112/06/08","11:00","台北香格里拉遠東國際大飯店B1
(台北市敦化南路二段201號)","本公司受邀參加國泰證券2023年第二季產業論壇","497620230607M001.pdf","497620230607E001.pdf","https://www.calin.com.tw/tw/investors/govern/presentation",中文影音檔網址:4976_10_20230608_ch.mp4 ,"無","查詢"
"4977","眾達-KY","112/03/29","16:10","台北市信義區信義路五段7號1樓(台灣證券交易所1F資訊展示中心)","本公司受邀參加臺灣證券交易所舉辦之112年第1季第一上市公司財務業務說明會，說明本公司財務營運概況。","497720230328M001.pdf","497720230328E001.pdf","",同步收看網址：:https://webpro.twse.com.tw/WebPortal/schedule/ 法說會影音連結資訊:https://webpro.twse.com.tw/WebPortal/vod/101/3B8E295B393F-004C0032-CE11-11ED-ADD4/?categoryId=101 ,"無。","查詢"
"4989","榮科","112/10/24","14:30","線上法說會","本公司受邀參加元大證券舉辦之線上法人說明會，報告本公司營運狀況。","498920231024M001.pdf","498920231024E001.pdf","https://www.lcyt.com.tw/tc/earnings_conference.php",法說會影音連結資訊:https://youtu.be/GEhQ3gwbMZI ,"無。","查詢"
"4994","傳奇","112/12/15","14:30","臺灣證券交易所1F資訊展示中心(台北市信義路五段7號)","簡報營運概況","499420231206M001.pdf","499420231206E001.pdf","https://www.x-legend.tw/03financials/financials_16.php",法說會影音連結資訊:https://webpro.twse.com.tw/webportal/vod/101/7B10A96FF4E1-8359FDF5-9B17-11EE-B57F/?categoryId=101 ,"無","查詢"
"4994","傳奇","112/06/16","14:30","臺灣證券交易所9F大會議室(台北市信義路五段7號)","簡報營運概況","499420230614M001.pdf","499420230614E001.pdf","http://www.x-legend.tw/03financials/financials_16.php",法說會影音連結資訊:https://webpro.twse.com.tw/webportal/vod/101/298636B9B943-E8E77962-0C13-11EE-B5FC/?categoryId=101 ,"本公司將派員14:00~14:40於101辦公大樓信義路入口閘門處發放臨時出入證","查詢"
"4999","鑫禾","112/11/14","14:30","臺北兆豐證券大樓(臺北市忠孝東路二段95號13樓)","本公司受邀參加兆豐證券舉辦之法人說明會","499920231113M001.pdf","499920231113E001.pdf","https://www.sinher.com.tw/tw/8?nid=27",中文影音檔網址:4999_8_20231114_ch.mp4 ,"無","查詢"
"5007","三星","112/11/17","14:00","元富證券(台北市敦化南路二段97號 11樓 )。","本公司受邀參加元富證券舉辦之法人說明會，說明產業發展及公司經營現況。","500720231115M001.pdf","500720231115E001.pdf","http://www.sanshing.com.tw/investor5.html",中文影音檔網址:5007_12_20231117_ch.mp4 ,"無","查詢"
"5203","訊連","112/10/25","14:30","線上法說會","訊連科技(5203)宣佈將於10月25日舉行線上法人說明會，屆時將於會中報告112年第三季度經營成果，敬邀各界蒞臨參加，
詳細活動流程如下：                                                            
時間	          活動流程
2:30PM ~ 3:15PM	  說明會簡報
3:15PM ~ 3:30PM	  Q &amp; A
本次法人說明會將使用整合線上簡報、螢幕分享、支援強大直播及預錄功能的「U簡報」進行同步直播。投資人可透過電腦、平板及手機參與「U簡報」，PC使用者可使用Chrome
瀏覽器開啟下列連結參與本場直播；手機或平板使用者請先下載並安裝「U」App即可加入該直播。
線上直播網址: 	https://u.cyberlink.com/live/1243329243711015642","520320231025M002.pdf","520320231025E002.pdf","https://tw.cyberlink.com/prog/company/ir-index.do",同步收看網址：:https://u.cyberlink.com/live/1243329243711015642 法說會影音連結資訊:https://u.cyberlink.com/live/1243329243711015642 ,"無","查詢"
"5203","訊連","112/07/26","14:30","線上法說會","訊連科技(5203)宣佈將於7月26日
舉行線上法人說明會，屆時將於會中報告112年第二季度及上半年經營成果，敬邀各界蒞臨參加，
詳細活動流程如下：
                                                              
時間	          活動流程

2:30PM ~ 3:15PM	  說明會簡報
3:15PM ~ 3:30PM	  Q &amp; A

本次法人說明會將使用整合線上簡報、螢幕分享、支援強大直播及預錄功能的「U簡報」
進行同步直播。投資人可透過電腦、平板及手機參與「U簡報」，PC使用者可使用Chrome
瀏覽器開啟下列連結參與本場直播；手機或平板使用者請先下載並安裝「U」App
即可加入該直播。

線上直播網址: 	https://u.cyberlink.com/web/register/1217216873154741878","520320230801M001.pdf","520320230801E001.pptx","https://tw.cyberlink.com/prog/company/ir-index.do",同步收看網址：:https://u.cyberlink.com/web/register/1217216873154741878 法說會影音連結資訊:https://u.cyberlink.com/web/register/1217216873154741878 ,"無","查詢"
"5203","訊連","112/12/21","14:30","受邀線上法說會","本公司受邀參加永豐金證券舉辦之線上法說會，報告本公司營運狀況","520320231025M002.pdf","520320231025E002.pdf","https://tw.cyberlink.com/prog/company/ir-index.do",同步收看網址：:https://dl-asset.cyberlink.com/web/stat/newsletters/cht/2023/Q4/ir/resource/112.mp4 法說會影音連結資訊:https://dl-asset.cyberlink.com/web/stat/newsletters/cht/2023/Q4/ir/resource/112.mp4 影音連結網址:https://dl-asset.cyberlink.com/web/stat/newsletters/cht/2023/Q4/ir/resource/112.mp4 ,"無","查詢"
"5203","訊連","112/04/26","14:30","線上法說會","訊連科技(5203)宣佈將於4月26日
舉行線上法人說明會，屆時將於會中報告112年第一季度經營成果，敬邀各界蒞臨參加，
詳細活動流程如下：
                                                              
時間	          活動流程

2:30PM ~ 3:15PM	  說明會簡報
3:15PM ~ 3:30PM	  Q &amp; A

本次法人說明會將使用整合線上簡報、螢幕分享、支援強大直播及預錄功能的「U簡報」
進行同步直播。投資人可透過電腦、平板及手機參與「U簡報」，PC使用者可使用Chrome
瀏覽器開啟下列連結參與本場直播；手機或平板使用者請先下載並安裝「U」App
即可加入該直播。

線上直播網址: 	https://u.cyberlink.com/live/1188180400229320691","520320230426M001.pdf","520320230426E001.pdf","https://tw.cyberlink.com/prog/company/ir-index.do",同步收看網址：:https://u.cyberlink.com/live/1188180400229320691 法說會影音連結資訊:https://u.cyberlink.com/live/1188180400229320691 ,"無","查詢"
"5203","訊連","112/04/27 至 112/05/04","14:00","線上法說會","本公司受邀參加寬量國際主辦之「13th Taiwan CEO Week &amp; Taiwan New Economy Day」，說明本公司之營運概況、財務及業務相關資訊。","520320230508M001.pdf","520320230508E001.pdf","",:未輸 法說會影音連結資訊:未輸 ,"無","查詢"
"5203","訊連","112/03/07","14:30","線上法說會","訊連科技(5203)宣佈將於3月7日舉行線上法人說明會，屆時將於會中報告111年第四季度及全年經營成果，敬邀各界蒞臨參加，
詳細活動流程如下：
                                                             
時間	          活動流程

2:30PM ~ 3:15PM	  說明會簡報
3:15PM ~ 3:30PM	  Q &amp; A

本次法人說明會將使用整合線上簡報、螢幕分享、支援強大直播及預錄功能的「U簡報」進行同步直播。投資人可透過電腦、平板及手機參與「U簡報」，PC使用者可使用Chrome
瀏覽器開啟下列連結參與本場直播；手機或平板使用者請先下載並安裝「U」App 即可加入該直播。

線上直播網址:  https://u.cyberlink.com/web/register/1155298534589728176","520320230307M001.pdf","520320230307E001.pdf","https://tw.cyberlink.com/prog/company/ir-index.do",同步收看網址：:https://u.cyberlink.com/web/register/1155298534589728176 法說會影音連結資訊:未輸 ,"無","查詢"
"5215","科嘉-KY","112/09/05","14:30","臺灣證券交易所1樓資訊展示中心(台北市信義路五段7號)","本公司受臺灣證券交易所邀請參加112年第3季第一上市公司財務業務說明會","521520230904M001.pptx","521520230904E001.pptx","www.koja.com.tw",同步收看網址：:https://webpro.twse.com.tw/webportal/?liveChannelId=1 ,"無","查詢"
"5222","全訊","112/09/05","14:00","集思北科大會議中心(台北市大安區忠孝東路三段1號2樓)","本公司受邀參加凱基證券舉辦之法人說明會，會中說明本公司112年第二季經營成果。","522220230831M001.pdf","522220230831E001.pdf","https://www.transcominc.com.tw/Chinese/investorRelations2.php?arg=DMV4yhMvitEhTins4g",法說會影音連結資訊:https://drive.google.com/file/d/1SifLch4lJZkKg-x1n1rVFJhPAPdJV3-S/view ,"無","查詢"
"5222","全訊","112/12/25","14:00","大眾財經大樓(高雄市前鎮區中山二路2號9樓之1)","本公司受邀台新證券舉辦之法人說明會，會中說明本公司簡介與營運現況。","522220231225M001.pdf","522220231225E001.pdf","https://www.transcominc.com.tw/Chinese/investorRelations2.php?arg=DMV4yhMvitEhTins4g",法說會影音連結資訊:https://drive.google.com/file/d/1xnRDLD2hjYoeonDjeEfyFhrE8utYoMsr/view ,"無","查詢"
"5225","東科-KY","112/08/29","14:30","KGI凱基證券總部大樓 (台北市明水路700號12樓)","本公司受邀參加由凱基證券舉辦之法人說明會，說明本公司之營運概況。","522520230829M001.pdf","522520230829E001.pdf","https://eastech.com",中文影音檔網址:5225_20_20230829_ch.mp4 ,"無","查詢"
"5234","達興材料","112/12/13","14:30","台灣證券交易所資訊展示中心(台北市信義路5段7號1樓)","經營成果、營運概況與未來展望","523420231212M001.pdf","523420231212E001.pdf","https://www.daxinmat.com/?sn=825&amp;lang=zh-TW",法說會影音連結資訊:https://webpro.twse.com.tw/webportal/vod/101/7B10A96FF4E1-D9C9E23C-9994-11EE-B57F/?categoryId=101 ,"14:00報到，14:30會議開始","查詢"
"5243","乙盛-KY","112/05/17","14:30","康和證券總公司B2會議室 
台北市信義區基隆路1段176號B2","公司營運介紹及說明","524320230517M001.pdf","524320230517E001.pdf","http://www.eson.com.cn/index.php?c=category&amp;id=37",法說會影音連結資訊:https://www.youtube.com/watch?v=VDJh-oypEJI ,"無","查詢"
"5243","乙盛-KY","112/12/08","14:30","康和證券總公司B2會議室 台北市信義區基隆路1段176號B2","公司營運介紹及說明","524320231208M001.pdf","524320231208E001.pdf","https://www.eson.tw/index.php?c=category&amp;id=37",法說會影音連結資訊:https://reurl.cc/l7G1QY ,"無","查詢"
"5244","弘凱","112/03/28","14:30","國票綜合證券-301多功能會議室(台北市中山區樂群三路128號3樓)","本公司受邀參加國票綜合證券舉辦之法人說明會，將於會中報告公司2022年營運成果及公司營運現況暨未來展望。","524420230328M002.pdf","524420230328E002.pdf","https://www.brightek.com/investor_xx_legal_st.aspx",法說會影音連結資訊:https://www.youtube.com/watch?v=zEI13afB300 ,"報名網址：https://www.surveycake.com/s/nZG9l","查詢"
"5244","弘凱","112/11/22","14:30","宏遠證券總公司703會議廳(台北市大安區信義路四段236號7樓)","本公司受邀參加宏遠證券舉辦之法人說明會，會中將說明公司財務及業務相關資訊。","524420231122M001.pdf","524420231122E001.pdf","https://www.brightek.com/investor_xx_legal_st.aspx",法說會影音連結資訊:https://www.youtube.com/watch?v=dukJGynVW8w ,"報名網址:https://srd-fac.honsec.com.tw/conference/regist.asp?id=1150","查詢"
"5258","虹堡","112/04/12","14:30","台北市中山區建國北路一段96號B1(假台証金融大樓 福爾摩沙廳會議室)","本公司受邀參加台新證券舉辦之法人說明會，說明本公司近期營運成果與未來展望。","525820230412M001.pdf","525820230412E001.pdf","https://www.castlestech.com/zh-hant/20161122-2/",法說會影音連結資訊:https://drive.google.com/file/d/13zqsoXtmCpBc-lRM-dsK7jnx8Zpk_tuI/view ,"無","查詢"
"5258","虹堡","112/11/21","14:30","台北市中山區建國北路一段96號B1會議室","本公司受邀參加台新證券舉辦之法人說明會，說明本公司近期營運成果與未來展望。","525820231121M001.pdf","525820231121E001.pdf","https://www.castlestech.com/zh-hant/20161122-2/",法說會影音連結資訊:https://drive.google.com/file/d/15pMKQGjUeeO-JkLiADEl8yEUr20zG0jL/view ,"無","查詢"
"5269","祥碩","112/11/13 至 112/11/14","14:00","香港","公告本公司112年11月13-14日受邀參加摩根大通證券舉辦之J.P. Morgan Global TMT Conference，簡報資料請參閱公開資訊觀測站。","526920231113M001.pdf","526920231113E001.pdf","https://www.asmedia.com.tw",法說會影音連結資訊:未輸 ,"無。","查詢"
"5269","祥碩","112/12/12","14:00","線上會議","公告本公司112年12月12日受邀參加永豐金證券舉辦之2023年第四季產業論壇，簡報資料請參閱公開資訊觀測站。","526920231113M001.pdf","526920231113E001.pdf","https://www.asmedia.com.tw",中文影音檔網址:5269_22_20231212_ch.mp3 ,"無。","查詢"
"5269","祥碩","112/05/11","15:00","線上法說會","本公司營運概況之相關資訊說明","526920230511M001.pdf","526920230511E001.pdf","https://www.asmedia.com.tw",中文影音檔網址:5269_20_20230511_ch.mp3 ,"無。","查詢"
"5269","祥碩","112/02/21","10:00","台北","公告本公司112年2月21日受邀參加摩根大通證券於台北舉辦之Taiwan CEO-CFO Conference，簡報資料請參閱公開資訊觀測站。","526920230220M001.pdf","526920230220E001.pdf","https://www.asmedia.com.tw",法說會影音連結資訊:未輸 ,"無。","查詢"
"5283","禾聯碩","112/09/22","14:30","凱基證券12F-B廳(台北市中山區明水路700號12樓)","公告本公司受邀參加凱基證券舉辦之法人說明會，進行公司簡介及營運狀況說明。","528320230922M001.pdf","528320230922E001.pdf","https://www.heran.com.tw/%e6%8a%95%e8%b3%87%e4%ba%ba%e5%b0%88%e5%8d%80/sample-page/",中文影音檔網址:5283_5_20230922_ch.mp4 ,"無","查詢"
"5284","jpp-KY","112/12/06","10:00","台北君悅酒店(台北市松壽路2號)","受邀參加統一證券2023Q4全球展望冬季投資論壇","528420231205M001.pdf","528420231205E001.pdf","http://www.jppholding.com/5-2-5.html","","無","查詢"
"5284","jpp-KY","112/04/12","15:00","宏遠證券(信義路四段236號7樓)","受邀參加宏遠證券舉辦之2023潛力產業投資論壇","528420230407M001.pdf","528420230407E001.pdf","http://www.jppholding.com/5-2-5.html","","無","查詢"
"5284","jpp-KY","112/04/10","14:30","臺灣證券交易所1樓資訊展示中心","本公司受邀參加臺灣證券交易所舉辦之第一季財務業務說明會","528420230407M001.pdf","528420230407E001.pdf","http://www.jppholding.com/5-2-5.html",同步收看網址：:https://webpro.twse.com.tw/WebPortal/vod/101/?categoryId=101 法說會影音連結資訊:https://webpro.twse.com.tw/WebPortal/vod/101/?categoryId=101 ,"無","查詢"
"5284","jpp-KY","112/06/06","10:00","台北市松山區敦化北路100號2樓/茹曦酒店","受邀參加統一證券2023Q2全球展望夏季投資論壇","528420230605M001.pptx","528420230605E001.pptx","http://www.jppholding.com/5-2-5.html","","無","查詢"
"5284","jpp-KY","112/03/02","10:00","台北君悅酒店(台北市信義區松壽路2號3樓)","統一證券2023Q1全球展望春季投資論壇","528420230224M001.pptx","528420230224E001.pptx","http://www.jppholding.com/5-2-5.html","","無","查詢"
"5285","界霖","112/04/12","16:20","台北市信義路四段236號7樓(宏遠證券7樓會議室)","公告本公司受邀參加宏遠證券舉辦「2023潛力產業投資論壇」","528520230410M001.pdf","528520230410E001.pdf","http://www.jihlin.com.tw/investor.php?cid=30",中文影音檔網址:5285_14_20230412_ch.mp4 ,"無","查詢"
"5288","豐祥-KY","112/12/27","14:30","KGI 凱基證券總部大樓(台北市明水路700號12樓)","本公司受邀參加凱基證券舉辦之法人說明會","528820231227M001.pdf","528820231227E001.pdf","https://www.eurocharm.com.tw/",法說會影音連結資訊:https://www.youtube.com/watch?v=3J1rvHsHDxc ,"無","查詢"
"5288","豐祥-KY","112/09/27","12:00","國票綜合證券（台北市南京東路五段188號15樓）","本公司受邀參加國票綜合證券舉辦之法人說明會","528820230926M001.pdf","528820230926E001.pdf","http://www.eurocharm.com.tw/","","無","查詢"
"5288","豐祥-KY","112/03/03","14:30","慕軒飯店（台北市大安區敦化南路一段331號）","本公司受邀參加富邦證券舉辦之法人說明會","528820230303M001.pdf","528820230303E001.pdf","http://www.eurocharm.com.tw/","","無","查詢"
"5288","豐祥-KY","112/06/26","14:00","國票綜合證券（台北市南京東路五段188號15樓）","本公司受邀參加國票綜合證券舉辦之法人說明會","528820230626M002.pdf","528820230626E002.pdf","http://www.eurocharm.com.tw/","","無","查詢"
"5292","華懋","112/10/12","14:30","台北君悅酒店3樓 凱悅廳I區(台北市松壽路2號)","(1)本公司依「有價證券初次上市前業績發表會實施要點規定」，於上市前辦理股票初次上市前業績發表會。　　　　　　　　　　　　　　　　　　　　　　　　　　　　　　　　　　　　　　　　　　　　　　　　　　　　　　　　　　　　　　　　　　　　 (2)本次業績發表會將由本公司經營團隊說明產業發展、財務業務狀況、未來風險、公司治理及企業社會責任、臺灣證券交易所股份有限公司暨上市審議委員會要求補充揭露事項等項目。","529220231004M001.pdf","529220231004E001.pdf","http://www.dtech-group.com/inves.php?class=29","","無。","查詢"
"5306","桂盟","112/05/16","10:30","富邦證券總公司(台北市大安區仁愛路四段169號)","本公司受邀參加富邦證券舉辦法人座談會","530620230515M001.pdf","530620230515E001.pdf","http://www.kmc-international.com/","","無","查詢"
"5306","桂盟","112/09/13","13:30","台北市晶華酒店(台北市中山區中山北路二段39巷3號)","本公司受邀參加元大證券舉辦之「2023年第三季投資論壇」","530620230821M001.pdf","530620230821E001.pdf","http://www.kmc-international.com/","","無","查詢"
"5306","桂盟","112/11/27","14:00","線上法說會","本公司受邀參加凱基證券舉辦之投資人線上會議","530620231126M001.pdf","530620231126E001.pdf","http://www.kmc-international.com/","","無","查詢"
"5306","桂盟","112/04/12","14:00","台北101大樓1樓資訊展示中心","本公司受邀參加由臺灣證券交易所主辦「疫後復甦展望」主題式業績發表會","530620230316M001.pdf","530620230316E001.pdf","http://www.kmc-international.com/",法說會影音連結資訊:https://webpro.twse.com.tw/webportal/vod/101/3B8E295B393F-D8C8FE41-D908-11ED-ADD4/?categoryId=101 ,"無","查詢"
"5306","桂盟","112/06/09","09:00","線上法說會","本公司受邀參加證交所、台灣董事學會及安擘諮詢共同舉辦之外資論壇。","530620230515M001.pdf","530620230515E001.pdf","","","無","查詢"
"5306","桂盟","112/03/17","12:30","台中日月千禧酒店","本公司受邀參加
BofA Securities 2023 APAC TMT Conference","530620230316M001.pdf","530620230316E001.pdf","http://www.kmc-international.com/index.php?option=module&amp;lang=cht&amp;task=showlist&amp;id=51&amp;index=2","","無","查詢"
"5306","桂盟","112/08/23","14:30","台北市信義區信義路5段7號 (101大樓)","本公司受邀參加由證交所與元富證券共同辦理「新經濟產業暨健康新生活產業」主題式業績發表會","530620230821M001.pdf","530620230821E001.pdf","http://www.kmc-international.com/",同步收看網址：:https://webpro.twse.com.tw/webportal/?liveChannelId=1 法說會影音連結資訊:未輸 ,"無","查詢"
"5306","桂盟","112/09/06","10:30","台北國泰萬怡酒店(台北市中山區民生東路三段6號2樓)","本公司受邀參加中國信託證券舉辦之「2023年中信證券第三季前瞻論壇」","530620230821M001.pdf","530620230821E001.pdf","http://www.kmc-international.com/","","無","查詢"
"5388","中磊","112/07/28","14:30","台北遠東國際大飯店3F遠東宴會廳 (台北市大安區敦化南路二段201號)","公佈本公司2023年第二季營運成果及市場展望","538820230728M001.pdf","538820230728E001.pdf","http://www.sercomm.com",法說會影音連結資訊:https://webpro.twse.com.tw/WebPortal/vod/101/D99C5AAAF50D-67CFFABF-2D24-11EE-8B82/?categoryId=101 ,"無","查詢"
"5388","中磊","112/12/07","14:00","台北市大安區仁愛路四段169號5樓(富邦金融大樓)","本公司受邀參加富邦證券舉辦之法人說明會","538820231206M001.pdf","538820231206E001.pdf","http://www.sercomm.com",法說會影音連結資訊:https://webpro.twse.com.tw/WebPortal/vod/101/6F57A941E4A5-953D1C32-94DC-11EE-AB9F/?categoryId=101 ,"無","查詢"
"5388","中磊","112/03/14","14:00","台北君悅大飯店","本公司受邀參加美銀證券舉辦之「2023 APAC TMT Conference」投資論壇","538820230310M001.pdf","538820230310E001.pdf","http://www.sercomm.com","","無","查詢"
"5388","中磊","112/09/06","09:30","Grand Hyatt Hong Kong","本公司受邀參加Jefferies舉辦之Jefferies 4th Asia Forum","538820230824M001.pdf","538820230824E001.pdf","http://www.sercomm.com","","無","查詢"
"5388","中磊","112/05/31","09:00","W Hotel Taipei","本公司受邀參加花旗證券舉辦之Citi Regional Tech Conference 2023","538820230525M002.pdf","538820230525E002.pdf","http://www.sercomm.com","","無","查詢"
"5388","中磊","112/03/09","14:30","台北遠東國際大飯店 2F 香格里拉宴會廳 
(台北市敦化南路二段201號)","公布本公司2022年第四季營運成果及市場展望","538820230309M001.pdf","538820230309E001.pdf","http://www.sercomm.com",法說會影音連結資訊:https://webpro.twse.com.tw/WebPortal/vod/101/A1B014049A39-A9039A9D-BE50-11ED-A1FA/?categoryId=101 ,"無","查詢"
"5434","崇越","112/08/15","14:30","福邦證券總公司(台北市忠孝西路一段6號7樓)","受邀參加福邦證券舉辦之法人說明會，就本公司已公開之財務業務資訊作說明。","543420230814M001.pdf","543420230814E001.pdf","https://www.topco-global.com/investor-conference/",法說會影音連結資訊:未輸 ,"無","查詢"
"5434","崇越","112/04/27","14:30","福邦證券總公司(台北市忠孝西路一段6號7樓)","受邀參加福邦證券舉辦之法人說明會，就本公司已公開之財務業務資訊作說明。","543420230426M001.pdf","543420230426E001.pdf","https://www.topco-global.com/investor-conference/","","無","查詢"
"5434","崇越","112/03/24","14:30","福邦證券總公司(台北市忠孝西路一段6號7樓)","受邀參加福邦證券舉辦之法人說明會，就本公司已公開之財務業務資訊作說明。","543420230323M003.pdf","543420230323E003.pdf","https://www.topco-global.com/investor-conference/",中文影音檔網址:5434_14_20230324_ch.mp4 ,"無","查詢"
"5434","崇越","112/11/15","14:30","福邦證券總公司(台北市忠孝西路一段6號7樓)","受邀參加福邦證券舉辦之法人說明會，就本公司已公開之財務業務資訊作說明。","543420231114M002.pdf","543420231114E002.pdf","https://www.topco-global.com/investor-conference/","","無","查詢"
"5469","瀚宇博","112/05/30","14:30","線上法人說明會","112年第1季公司營運成果及未來營運展望","546920230530M001.pdf","546920230530E001.pdf","https://tw.hannstarboard.com/corporate-briefing/",法說會影音連結資訊:https://tw.hannstarboard.com/corporate-briefing/ ,"本次法人說明會將與精成科技(股)公司聯合召開","查詢"
"5471","松翰","112/08/15","14:30","國票證券(台北市松山區南京東路五段188號15樓)","本公司受邀參加國票證券舉辦之法人座談會，報告本公司營運狀況。","547120230814M001.pdf","547120230814E001.pdf","https://www.sonix.com.tw/article-tw-181-6645",中文影音檔網址:5471_77_20230815_ch.MP4 ,"無","查詢"
"5471","松翰","112/11/24","16:00","線上法說會","本公司受邀參加元大證券舉辦之線上法人座談會，報告本公司營運狀況。","547120231123M001.pdf","547120231123E001.pdf","https://www.sonix.com.tw/article-tw-181-6645","","無","查詢"
"5471","松翰","112/04/11","16:20","宏遠證券(台北市信義路四段236號7樓)","本公司受邀參加宏遠證券舉辦之2023潛力產業投資論壇，報告本公司營運狀況。","547120230407M001.pdf","547120230407E001.pdf","https://www.sonix.com.tw/article-tw-181-6645","","無","查詢"
"5471","松翰","112/03/10","14:30","線上法說會","本公司受邀參加凱基證券舉辦之線上法人座談會，報告本公司營運狀況。","547120230308M001.pdf","547120230308E001.pdf","https://www.sonix.com.tw/article-tw-181-6645","","無","查詢"
"5471","松翰","112/05/12","14:30","線上法說會","本公司受邀參加元大證券舉辦之線上法人座談會，報告本公司營運狀況。","547120230510M001.pdf","547120230510E001.pdf","https://www.sonix.com.tw/article-tw-181-6645","","無","查詢"
"5484","慧友","112/12/15","14:30","福邦證券股份有限公司(台北市忠孝西路一段6號7樓)","本公司受邀參加福邦證券公司舉辦法人說明會，說明本公司營運與財務概況","548420231215M001.pptx","548420231215E001.pptx","https://www.everfocus.com",法說會影音連結資訊:https://youtu.be/f7Zt6p-6NbI?si=xksLfAyIpLEyXWwF ,"無","查詢"
"5515","建國","112/09/13","14:00","線上法說會","公司簡介及營運成果","551520230912M001.pdf","551520230912E001.pdf","http://www.ckgroup.com.tw/about/news",中文影音檔網址:5515_11_20230913_ch.mp4 ,"法說會報名網址:https://reurl.cc/Ov254R","查詢"
"5515","建國","112/05/17","14:00","線上法說會","公司簡介及營運成果","551520230516M001.pdf","551520230516E001.pdf","http://www.ckgroup.com.tw/about/news",中文影音檔網址:5515_10_20230517_ch.mp4 ,"法說會報名網址:https://reurl.cc/EGEo4A","查詢"
"5519","隆大","112/11/29","14:00","高雄市前鎮區民權二路380號19樓之1會議室","公司簡介及營運狀況說明","551920231128M001.pdf","551920231128E001.pdf","https://www.longda.com.tw/ir-list.php?id=690",法說會影音連結資訊:https://youtu.be/V-9L72VgmAM ,"無","查詢"
"5519","隆大","112/04/26","14:00","高雄市前鎮區民權二路380號19樓之1會議室","公司簡介及營運狀況說明","551920230425M001.pdf","551920230425E001.pdf","https://www.longda.com.tw/ir-list.php?id=690",法說會影音連結資訊:https://youtu.be/rJ-_liiH8sI ,"無","查詢"
"5521","工信","112/10/19","14:00","線上法說會","本公司受邀參加元大證券舉辦之線上法說會，報告本公司營運狀況。","552120231019M001.pdf","552120231019E001.pdf","https://www.kseco.com.tw/tc/legal.aspx",法說會影音連結資訊:https://www.youtube.com/watch?v=VeTzYSdoIr8 ,"無","查詢"
"5522","遠雄","112/11/15","14:00","不適用","本公司受邀參加元大證券舉辦之線上法說會。","552220231113M001.pdf","552220231113E001.pdf","https://www.farglory-land.com.tw/investors/#Shareholders-Meeting",中文影音檔網址:5522_75_20231115_ch.mp4 ,"無","查詢"
"5522","遠雄","112/02/16","15:00","台北晶華酒店","本公司受邀參加元大證券2023第一季投資論壇","552220230215M001.pdf","552220230215E001.pdf","https://www.farglory-land.com.tw/investors/#investor-news","","無","查詢"
"5525","順天","112/12/14","14:30","線上法說會","本公司受邀參加由群益金鼎證券所舉辦之線上法說會，報告本公司營運狀況","552520231214M001.pdf","552520231214E001.pdf","",法說會影音連結資訊:https://drive.google.com/file/d/1MV77Y7TJAhIk4PGavao31relQdALlBYP/view?usp=sharing ,"無","查詢"
"5531","鄉林","112/12/19","14:00","線上法說會","說明本公司營運及財務狀況","553120231219M001.pdf","553120231219E001.pdf","http://www.shininggroup.com.tw/",中文影音檔網址:5531_24_20231219_ch.mp4 ,"無","查詢"
"5533","皇鼎","112/11/21","13:30","新北市汐止區大同路一段一五二號一樓（富信大飯店）","公司簡介與營運狀況說明","553320231120M001.pdf","553320231120E001.pdf","https://www.founding.com.tw/investor04.php",法說會影音連結資訊:https://www.founding.com.tw/investor04.php ,"無","查詢"
"5534","長虹","112/12/08","14:00","富邦金融大樓(台北市仁愛路四段169號15樓)","本公司財務業務資訊。","553420231208M001.pdf","553420231208E001.pdf","http://www.chonghong.com.tw/portal_c2_cnt.php?owner_num=c2_411&amp;button_num=c2&amp;folder_id=31",法說會影音連結資訊:https://www.youtube.com/watch?v=D-nAcg5ppa0 法說會影音連結資訊:http://www.chonghong.com.tw/portal_c2_cnt.php?owner_num=c2_411&button_num=c2&folder_id=31 ,"本說明會係由富邦證券主辦，本公司係受邀參加。","查詢"
"5538","東明-KY","112/11/09","14:30","線上法人說明會","本公司受邀參加凱基證券所舉辦之線上法人說明會，會中就本公司營運概況及未來展望等做說明","553820231109M001.pdf","553820231109E001.pdf","http://tonggroup.com.tw",中文影音檔網址:5538_18_20231109_ch.mp4 ,"無","查詢"
"5546","永固-KY","112/12/04","16:30","臺灣證券交易所1樓資訊展示中心(台北市信義路五段7號)","本公司受邀參加臺灣證券交易所舉辦之法人說明會，就本公司產業狀況及已公開財報、業務等相關資訊做說明","554620231202M001.pptx","554620231202E001.pptx","",同步收看網址：:https://webpro.twse.com.tw/webportal/schedule/ 法說會影音連結資訊:https://webpro.twse.com.tw/webportal/schedule/ ,"無","查詢"
"5607","遠雄港","112/12/19","14:00","線上法說會","本公司受邀參加元大證券舉辦之線上法說會，報告本公司營運狀況。","560720231215M001.pdf","560720231215E001.pdf","https://www.ftz.com.tw/",中文影音檔網址:5607_10_20231219_ch.mp4 ,"無","查詢"
"5608","四維航","112/05/25","14:00","本次為線上會議。","(1)本公司財務及營運狀況說明。 (2)活動諮詢:永豐金證券 鄒小姐 電話:02-23823207 Email:joyce.tsou@sinopac.com。","560820230525M001.pdf","560820230525E001.pdf","https://www.swnav.com.tw/investors/law-meeting",法說會影音連結資訊:https://youtu.be/ABwzz-zPJ7Q ,"無","查詢"
"5608","四維航","112/08/29","14:00","本次為線上會議","(1)本公司財務及營運狀況說明。
(2)活動諮詢：永豐金證券 鄒小姐
            電話:02-23823207
            Email:joyce.tsou@sinopac.com","560820230829M001.pdf","560820230829E001.pdf","https://www.swnav.com.tw/investors/law-meeting",法說會影音連結資訊:https://youtu.be/Du5RSdW6BwI ,"無。","查詢"
"5608","四維航","112/11/30","14:00","本次為線上會議","(1)本公司財務及營運狀況說明。 (2)活動諮詢：永豐金證券 鄒小姐 電話:02-23823207 Email:joyce.tsou@sinopac.com","560820231130M001.pdf","560820231130E001.pdf","https://www.swnav.com.tw/investors/law-meeting",法說會影音連結資訊:https://youtu.be/WkCMEg3phFI ,"　無。","查詢"
"5608","四維航","112/03/17","14:00","本次為線上會議。","(1)本公司財務及營運狀況說明。
(2)活動諮詢:永豐金證券 鄒小姐
           電話:02-23823207
           Email:joyce.tsou@sinopac.com。","560820230317M001.pdf","560820230317E001.pdf","https://www.swnav.com.tw/investors/law-meeting/",法說會影音連結資訊:https://youtu.be/_nPp7lbZQDA ,"無","查詢"
"5706","鳳凰","112/06/20","14:30","康和證券總公司 台北市信義區基隆路一段176號 (B2會議室)","本公司受邀參康和證券所舉辦之實體法說會，就本公司已公開發布之財務數字、經營績效等相關資訊做說明。","570620230620M001.pdf","570620230620E001.pdf","https://holder.travel.com.tw/holder_2-6.html",中文影音檔網址:5706_20_20230620_ch.MP4 ,"完整財務業務資訊請至公開資訊觀測站之法人說明會一覽表或法說會項目下查閱。","查詢"
"5706","鳳凰","112/08/30","15:10","線上法說會","本公司受邀參元富證券所舉辦之線上法說會，就本公司已公開發布之財務數字、經營績效等相關資訊做說明。","570620230830M001.pdf","570620230830E001.pdf","https://holder.travel.com.tw/holder_2-6.html",中文影音檔網址:5706_21_20230830_ch.mp4 ,"完整財務業務資訊請至公開資訊觀測站之法人說明會一覽表或法說會項目下查閱。","查詢"
"5871","中租-KY","112/09/13","10:00","香港","報告公司財務業務狀況及經營績效","587120230904M001.pdf","587120230904E001.pdf","https://www.chaileaseholding.com/en/InvestorRelations/InvestorArea#secondTab","","無","查詢"
"5871","中租-KY","112/05/16 至 112/05/23","21:00","美國及加拿大","報告公司財務業務狀況及經營績效","587120230512M001.pdf","587120230512E001.pdf","https://www.chaileaseholding.com/en/InvestorRelations/InvestorArea#secondTab","","無","查詢"
"5871","中租-KY","112/05/26","09:00","台北","報告公司財務業務狀況及經營績效","587120230515M001.pdf","587120230515E001.pdf","https://www.chaileaseholding.com/en/InvestorRelations/InvestorArea#secondTab","","無","查詢"
"5871","中租-KY","112/11/09","17:30","線上","報告公司財務業務狀況及經營績效","587120231109M002.pdf","587120231109E002.pdf","https://www.chaileaseholding.com/en/InvestorRelations/InvestorArea#secondTab",同步收看網址：:http://www.zucast.com/webcast/odhfQsf5 法說會影音連結資訊:http://www.zucast.com/webcast/odhfQsf5 ,"無","查詢"
"5871","中租-KY","112/11/01","09:00","線上","報告公司財務業務狀況及經營績效","587120230904M001.pdf","587120230904E001.pdf","https://www.chaileaseholding.com/InvestorRelations/InvestorArea#secondTab","","無","查詢"
"5871","中租-KY","112/11/09","14:30","台北","報告公司財務業務狀況及經營績效","587120231109M001.pdf","587120231109E001.pdf","https://www.chaileaseholding.com/en/InvestorRelations/InvestorArea#secondTab",同步收看網址：:http://www.zucast.com/webcast/BBBp0Zaw 法說會影音連結資訊:http://www.zucast.com/webcast/BBBp0Zaw ,"無","查詢"
"5871","中租-KY","112/11/23","11:00","台北","報告公司財務業務狀況及經營績效","587120231109M002.pdf","587120231109E002.pdf","https://www.chaileaseholding.com/en/InvestorRelations/InvestorArea#secondTab","","無","查詢"
"5871","中租-KY","112/11/27","15:00","線上","報告公司財務業務狀況及經營績效","587120231109M002.pdf","587120231109E002.pdf","https://www.chaileaseholding.com/en/InvestorRelations/InvestorArea#secondTab","","無","查詢"
"5871","中租-KY","112/11/22","10:00","台北","報告公司財務業務狀況及經營績效","587120231109M002.pdf","587120231109E002.pdf","https://www.chaileaseholding.com/en/InvestorRelations/InvestorArea#secondTab","","無","查詢"
"5871","中租-KY","112/09/04","10:00","線上","報告公司財務業務狀況及經營績效","587120230828M001.pdf","587120230828E001.pdf","https://www.chaileaseholding.com/en/InvestorRelations/InvestorArea#secondTab","","無","查詢"
"5871","中租-KY","112/06/08","09:00","台北","報告公司財務業務狀況及經營績效","587120230515M001.pdf","587120230515E001.pdf","https://www.chaileaseholding.com/en/InvestorRelations/InvestorArea#secondTab","","無","查詢"
"5871","中租-KY","112/06/09","09:00","線上","報告公司財務業務狀況及經營績效","587120230515M001.pdf","587120230515E001.pdf","https://www.chaileaseholding.com/en/InvestorRelations/InvestorArea#secondTab","","無","查詢"
"5871","中租-KY","112/08/31","16:20","線上","報告公司財務業務狀況及經營績效","587120230828M002.pdf","587120230828E002.pdf","https://www.chaileaseholding.com/en/InvestorRelations/InvestorArea#secondTab","","無","查詢"
"5871","中租-KY","112/01/17","09:00","線上","報告公司財務業務狀況及經營績效","587120221110M001.pdf","587120221110E001.pdf","https://www.chaileaseholding.com/InvestorRelations/InvestorArea","","無","查詢"
"5871","中租-KY","112/05/12","14:30","台北","報告公司財務業務狀況及經營績效","587120230512M001.pdf","587120230512E001.pdf","https://www.chaileaseholding.com/en/InvestorRelations/InvestorArea#secondTab",同步收看網址：:http://www.zucast.com/webcast/gCrgTNzO 法說會影音連結資訊:http://www.zucast.com/webcast/gCrgTNzO ,"無","查詢"
"5871","中租-KY","112/05/12","17:30","線上","報告公司財務業務狀況及經營績效","587120230515M001.pdf","587120230515E001.pdf","https://www.chaileaseholding.com/en/InvestorRelations/InvestorArea#secondTab",同步收看網址：:http://www.zucast.com/webcast/m9aOjddv 法說會影音連結資訊:http://www.zucast.com/webcast/m9aOjddv ,"無","查詢"
"5871","中租-KY","112/08/28","14:00","台北","報告公司財務業務狀況及經營績效","587120230828M001.pdf","587120230828E001.pdf","https://www.chaileaseholding.com/en/InvestorRelations/InvestorArea#secondTab",同步收看網址：:http://www.zucast.com/webcast/18Mzb11v 法說會影音連結資訊:http://www.zucast.com/webcast/18Mzb11v ,"無","查詢"
"5871","中租-KY","112/08/28","16:00","線上","報告公司財務業務狀況及經營績效","587120230828M002.pdf","587120230828E002.pdf","https://www.chaileaseholding.com/en/InvestorRelations/InvestorArea#secondTab",同步收看網址：:http://www.zucast.com/webcast/ERckglWD 法說會影音連結資訊:http://www.zucast.com/webcast/ERckglWD ,"無","查詢"
"5871","中租-KY","112/09/05","15:30","臺灣證券交易所(101大樓) 1樓資訊展示中心","報告公司財務業務狀況及經營績效","587120230904M001.pdf","587120230904E001.pdf","https://www.chaileaseholding.com/en/InvestorRelations/InvestorArea#secondTab",同步收看網址：:https://webpro.twse.com.tw/webportal/?liveChannelId=1 法說會影音連結資訊:https://webpro.twse.com.tw/webportal/vod/101/?categoryId=101 ,"無","查詢"
"5871","中租-KY","112/09/11 至 112/09/12","10:00","香港","報告公司財務業務狀況及經營績效","587120230904M001.pdf","587120230904E001.pdf","https://www.chaileaseholding.com/en/InvestorRelations/InvestorArea#secondTab","","無","查詢"
"5871","中租-KY","112/06/14 至 112/06/15","09:00","香港","報告公司財務業務狀況及經營績效","587120230515M001.pdf","587120230515E001.pdf","https://www.chaileaseholding.com/en/InvestorRelations/InvestorArea#secondTab","","無","查詢"
"5871","中租-KY","112/11/15 至 112/11/16","08:00","新加坡","報告公司財務業務狀況及經營績效","587120231109M002.pdf","587120231109E002.pdf","https://www.chaileaseholding.com/en/InvestorRelations/InvestorArea#secondTab","","無","查詢"
"5871","中租-KY","112/02/23","16:30","線上","報告公司財務業務狀況及經營績效","587120230223M002.pdf","587120230223E002.pdf","https://www.chaileaseholding.com/InvestorRelations/InvestorArea#secondTab",法說會影音連結資訊:http://www.zucast.com/webcast/YcIyDac8 ,"無","查詢"
"5871","中租-KY","112/02/23","14:00","台北","報告公司財務業務狀況及經營績效","587120230223M001.pdf","587120230223E001.pdf","https://www.chaileaseholding.com/InvestorRelations/InvestorArea#secondTab",法說會影音連結資訊:http://www.zucast.com/webcast/Q4zmaggb ,"無","查詢"
"5871","中租-KY","112/03/15 至 112/03/16","14:00","台灣","報告公司財務業務狀況及經營績效","587120230223M001.pdf","587120230223E001.pdf","https://www.chaileaseholding.com/InvestorRelations/InvestorArea#secondTab","","無","查詢"
"5876","上海商銀","112/11/22","14:30","線上法說會","本公司受邀參加華南永昌證券舉辦之線上法人說明會，說明2023年第三季營運概況。","587620231121M001.pdf","587620231121E001.pdf","https://www.scsb.com.tw/content/about/about13.jsp","","報名請洽華南永昌證券 吳小姐 (02)2545-6888#8733 Email：10050@entrust.com.tw","查詢"
"5876","上海商銀","112/05/22","14:30","華南銀行國際會議中心(台北市信義區松仁路123號2樓)","本公司受邀參加華南永昌證券舉辦之法人說明會，說
明2023年第一季營運概況。","587620230519M001.pdf","587620230519E001.pdf","https://www.scsb.com.tw/content/about/about13.jsp",法說會影音連結資訊:https://youtu.be/NmCKzDhWUcU ,"無","查詢"
"5880","合庫金","112/05/16","14:30","網路，連結網址詳如本公司投資人關係專區項下活動訊息。","公佈本公司2023年第1季營運及財務概況","588020230515M001.pdf","588020230515E001.pdf","https://www.tcfhc.com.tw/investors-relations/event/2023year",同步收看網址：:http://www.zucast.com/webcast/1GPBcX8u 法說會影音連結資訊:http://www.zucast.com/webcast/1GPBcX8u ,"無。","查詢"
"5880","合庫金","112/08/17","14:30","網路，連結網址詳如本公司投資人關係專區項下活動訊息。","公佈本公司2023年第2季營運及財務概況。","588020230901M001.pdf","588020230901E001.pdf","https://www.tcfhc.com.tw/investors-relations/event/2023year",同步收看網址：:http://www.zucast.com/webcast/UUeuju50 法說會影音連結資訊:http://www.zucast.com/webcast/UUeuju50 (請輸入網址名稱(註)):未輸 ,"無。","查詢"
"5880","合庫金","112/03/24","14:30","網路，連結網址詳如本公司投資人關係專區項下活動訊息。","公佈本公司2022年第4季營運及財務概況","588020230325M001.pdf","588020230325E001.pdf","https://www.tcfhc.com.tw/investors-relations/event/2022year",同步收看網址：:http://www.zucast.com/webcast/45U2gWvA 法說會影音連結資訊:http://www.zucast.com/webcast/45U2gWvA (請輸入網址名稱(註)):未輸 ,"無。","查詢"
"5880","合庫金","112/11/15","14:30","網路，連結網址詳如本公司投資人關係專區項下活動訊息。","公佈本公司2023年第3季營運及財務概況","588020231113M001.pdf","588020231113E001.pdf","https://www.tcfhc.com.tw/investors-relations/event/2023year",同步收看網址：:http://www.zucast.com/webcast/Y18kq1dx 法說會影音連結資訊:http://www.zucast.com/webcast/Y18kq1dx ,"無","查詢"
"5906","台南-KY","112/12/05","15:30","台北市信義路五段7號1樓(台灣證券交易所1F資訊展示中心)","公司簡介、所屬產業概況，營運成果及未來展望說明","590620231204M001.pdf","590620231204E001.pdf","https://pse.is/5exzy2",法說會影音連結資訊:https://webpro.twse.com.tw/WebPortal/vod/101/7B10A96FF4E1-4D5D188E-9344-11EE-B57F/?categoryId=101 ,"無","查詢"
"5907","大洋-KY","112/12/14","14:00","臺灣證券交易所1樓資訊展示中心(台北市信義區信義路五段7號)","說明公司財務業務及經營績效","590720231213M001.pdf","590720231213E001.pdf","http://www.grandocean.com.tw/",法說會影音連結資訊:https://webpro.twse.com.tw/webportal/vod/101/7B10A96FF4E1-8179BB53-9A4A-11EE-B57F/?categoryId=101 ,"內容檔案於當日會後公告於公開資訊觀測站","查詢"
"6005","群益證","112/05/26","14:00","線上法人說明會","本公司112年第一季財務業務相關資訊說明","600520230526M001.pdf","600520230526E001.pdf","http://www.capital.com.tw/Capitalgroup/stockholder/default.asp",中文影音檔網址:6005_30_20230526_ch.mp4 ,"欲參加者請洽李小姐(02)8789-8888 分機7065","查詢"
"6005","群益證","112/03/29","14:00","線上法人說明會","本公司111年第四季財務業務相關資訊說明","600520230329M001.pdf","600520230329E001.pdf","http://www.capital.com.tw/Capitalgroup/stockholder/default.asp",中文影音檔網址:6005_29_20230329_ch.mp4 ,"欲參加者請洽李小姐(02)8789-8888 分機7065","查詢"
"6005","群益證","112/11/22","14:00","線上法人說明會","本公司112年第三季財務業務相關資訊說明","600520231122M001.pdf","600520231122E001.pdf","https://www.capital.com.tw/web/#/about/shareholders-meeting",中文影音檔網址:6005_32_20231122_ch.mp4 ,"欲參加者請洽李小姐(02)8789-8888 分機7065","查詢"
"6005","群益證","112/08/29","14:00","線上法人說明會","本公司112年第二季財務業務相關資訊說明","600520230829M001.pdf","600520230829E001.pdf","https://www.capital.com.tw/web/#/about/shareholders-meeting",中文影音檔網址:6005_31_20230829_ch.mp4 ,"欲參加者請洽李小姐(02)8789-8888 分機7065","查詢"
"6024","群益期","112/12/12","14:00","線上法人說明會","本公司營運概況及財務相關資訊說明","602420231208M001.pdf","602420231208E001.pdf","https://www.capitalfutures.com.tw/Capitalgroup/stockholder/default.asp?xy=13&amp;xt=1",同步收看網址：:https://youtube.com/live/DjEbOzXO3yY 法說會影音連結資訊:https://youtube.com/live/DjEbOzXO3yY ,"無","查詢"
"6024","群益期","112/06/21","15:00","線上法人說明會","本公司營運概況及財務相關資訊說明","602420230619M001.pdf","602420230619E001.pdf","https://www.capitalfutures.com.tw/Capitalgroup/stockholder/default.asp?xy=13&amp;xt=1",同步收看網址：:https://youtube.com/live/-kIZ-8S_yWM 法說會影音連結資訊:https://youtube.com/live/-kIZ-8S_yWM ,"無","查詢"
"6108","競國","112/08/25","16:00","臺灣證券交易所一樓資訊展示中心(台北市信義路5段7號)","本公司近期營運概況之說明","610820230825M001.pdf","610820230825E001.pdf","",法說會影音連結資訊:https://webpro.twse.com.tw/webportal/vod/101/ ,"無。","查詢"
"6112","邁達特","112/08/18","14:00","線上法人說明會","本公司2023年第二季財務結果及業務摘要","611220230818M001.pdf","611220230818E001.pdf","https://www.metaage.com.tw/investor_relations/investors_conference",中文影音檔網址:6112_16_20230818_ch.mp4 ,"無","查詢"
"6112","邁達特","112/11/17","14:00","線上法人說明會","本公司2023年第三季財務結果及業務摘要","611220231117M002.pdf","611220231117E002.pdf","https://metaage.webex.com/metaage/j.php?MTID=mb1b1e342e627f0db02a6a19d3dfd67da",中文影音檔網址:6112_17_20231117_ch.mp4 ,"無","查詢"
"6112","邁達特","112/05/17","14:00","線上法人說明會","本公司2023年第一季財務結果及業務摘要","611220230517M001.pdf","611220230517E001.pdf","https://www.metaage.com.tw/investor_relations/investors_conference",中文影音檔網址:6112_15_20230517_ch.mp4 ,"無","查詢"
"6112","邁達特","112/03/09","14:00","線上法人說明會","本公司2022年第四季財務結果及業務摘要","611220230309M001.pdf","611220230309E001.pdf","https://www.metaage.com.tw/investor_relations/investors_conference",中文影音檔網址:6112_14_20230309_ch.mp4 ,"無","查詢"
"6115","鎰勝","112/05/17","14:00","線上法說會","本公司受邀參加中信證券舉辦之法人說明會，說明本公司2023年Q1財務資訊。","611520230517M001.pdf","611520230517E001.pdf","https://www.isheng.com.tw/",中文影音檔網址:6115_7_20230517_ch.mp4 ,"無","查詢"
"6116","彩晶","112/07/14","14:30","台北市明水路700號12樓","本公司受邀參加凱基證券舉辦之法人說明會","611620230713M001.pdf","611620230713E001.pdf","https://www.hannstar.com","","無","查詢"
"6116","彩晶","112/11/23","14:00","台北市敦化南路二段333號10樓","本公司受邀參加國泰證券舉辦之法人說明會","611620231123M001.pdf","611620231123E001.pdf","https://www.hannstar.com/",法說會影音連結資訊:https://media.hannstar.com/Video/hannstar/IMG_0103.MOV ,"無","查詢"
"6117","迎廣","112/08/17","14:00","台北市信義區信義路五段7號1樓
證券交易所資訊展示中心","本公司財務業務相關資訊說明","611720230816M001.pdf","611720230816E001.pdf","https://www.in-win.com/",:未輸 法說會影音連結資訊:https://webpro.twse.com.tw/WebPortal/vod/101/3D5A2B2E678B-4B84C337-3CD0-11EE-8E13/?categoryId=101 ,"無","查詢"
"6117","迎廣","112/11/23","14:00","台北市信義區信義路五段7號1樓
證券交易所資訊展示中心","本公司財務業務相關資訊說明","611720231122M001.pdf","611720231122E001.pdf","https://www.in-win.com/",:未輸 法說會影音連結資訊:https://webpro.twse.com.tw/WebPortal/vod/101/A7726E10C387-5603F6FA-89CF-11EE-AF53/?categoryId=101 ,"無","查詢"
"6120","達運","112/09/28","14:30","線上法說會","本公司受邀參加台新證券舉辦之線上法人說明會，說明本公司之財務與營運概況。","612020230928M001.pdf","612020230928E001.pdf","https://www.darwinprecisions.com/zh-tw/investors-4.php",中文影音檔網址:6120_7_20230928_ch.mp4 ,"無","查詢"
"6128","上福","112/11/21","14:00","線上法說會","本公司召開線上法人說明會，會中介紹本公司財務營運概況。
會議連結：https://reurl.cc/Y057YX","612820231121M001.pdf","612820231121E001.pdf","https://www.gpi.com.tw",中文影音檔網址:6128_8_20231121_ch.mp4 ,"無","查詢"
"6133","金橋","112/12/25","14:30","新北市深坑區北深路三段270巷6號3樓301會議室","公司營運概況說明","613320231225M001.pdf","613320231225E001.pdf","http://www.gbe.com.tw/index.php/zh/investor_relations/report/",法說會影音連結資訊:https://webpro.twse.com.tw/WebPortal/vod/101/A74514E63643-4F0491FA-A2F9-11EE-B430/?categoryId=101 ,"相關資料將於期限前於申報法說會影音資訊內輸入網址或上傳檔案","查詢"
"6136","富爾特","112/09/27","16:00","臺灣證券交易所1樓資訊展示中心(台北市信義區信義路五段7號1F)","公司簡介及公司營運狀況說明","613620230927M001.pdf","613620230927E001.pdf","https://ir.fullerton.com.tw/financial/3",同步收看網址：:https://webpro.twse.com.tw/WebPortal/vod/101/4DE2E655463C-02E05F1D-5D11-11EE-AC45/?categoryId=101 法說會影音連結資訊:https://webpro.twse.com.tw/WebPortal/vod/101/4DE2E655463C-02E05F1D-5D11-11EE-AC45/?categoryId=101 ,"無","查詢"
"6139","亞翔","112/12/22","16:00","臺灣證券交易所1樓資訊展示中心(台北市信義區信義路五段7號1樓)","說明亞翔工程營運策略與未來展望等相關資訊。","613920251202M005.pdf","613920251202E005.pdf","https://www.lkeng.com.tw/investors6.php",法說會影音連結資訊:https://webpro.twse.com.tw/WebPortal/vod/101/5DD104CD32DA-76195FC2-A0AB-11EE-9EF6/?categoryId=101 ,"15:30報到，16:00法說會開始","查詢"
"6141","柏承","112/12/25","14:30","線上法說會","受邀參加2023年前三季營運成果暨未來展望","614120231225M001.pdf","614120231225E001.pdf","https://www.plotech.com/",中文影音檔網址:6141_9_20231225_ch.mp4 ,"無","查詢"
"6142","友勁","112/11/28","16:00","Webex線上視訊會議","本公司受邀參加元大證券舉辦之線上產業座談會。","614220231127M001.pdf","614220231127E001.pdf","",中文影音檔網址:6142_17_20231128_ch.mp4 ,"無","查詢"
"6152","百一","112/12/15","14:30","台北市重慶南路一段2號18樓 (1801會議室)","永豐金證券舉辦之法人座談會，說明本公司之營運概況。","615220231214M001.pdf","615220231214E001.pdf","https://www.pesi.com.tw/legal_person_briefing",中文影音檔網址:6152_7_20231215_ch.mp4 ,"無","查詢"
"6153","嘉聯益","112/11/08","14:00","線上法說會","本公司受邀參加宏遠證券舉辦之線上法人說明會，說明本公司112年第三季財務數字及營業概況。","615320231108M001.pdf","615320231108E001.pdf","",中文影音檔網址:6153_57_20231108_ch.mp4 ,"無","查詢"
"6155","鈞寶","112/12/15","14:00","線上法說會","本公司受邀參加台新證券舉辦之線上法人說明會，說明本公司營運概況。","615520231214M001.pdf","615520231214E001.pdf","https://www.kingcore.com/tw/investorarea-65-76-page76",同步收看網址：:https://tssco.webex.com/meet/TaishinSecurities 法說會影音連結資訊:https://youtu.be/BwdG_4_KsdM?si=cX33fYH8wN2wChp4 ,"採Webex線上視訊軟體會議召開，會議室：176 670 1769","查詢"
"6164","華興","112/12/19","14:30","華興電子工業股份有限公司(新北市新店區中正路542-5號5樓)","本公司將於112年12月19日下午14點30分舉行2023年法人說明會，報告本公司營運概況及公司未來展望並回答投資人提問。","616420231219M001.pdf","616420231219E001.pdf","http://www.ledtech.com.tw/",中文影音檔網址:6164_7_20231219_ch.mp4 ,"無","查詢"
"6165","浪凡","112/12/27","14:00","線上法人說明會","本公司受邀參加永豐金證券舉辦之線上法人說明會","616520231227M001.pdf","616520231227E001.pdf","",中文影音檔網址:6165_7_20231227_ch.mp4 ,"無","查詢"
"6166","凌華","112/11/08","15:30","實體及線上法說會。
地點：本公司1樓階梯教室(桃園市龜山區華亞一路66號)。","玉山證券舉辦之法人說明會。
說明112年第三季公司營運狀況。","616620231108M001.pdf","616620231108E001.pdf","","","本會議報到時間為15:00-15:30。","查詢"
"6166","凌華","112/05/31","14:30","實體及線上法說會 
地點：本公司訓練教室(桃園市龜山區華亞一路66號)","112年第一季公司營運狀況","616620230531M001.pdf","616620230531E001.pdf","",中文影音檔網址:6166_60_20230531_ch.mp4 ,"本會議報到時間為14:00-14:30","查詢"
"6168","宏齊","112/12/12","14:00","線上法說會","本公司受邀參加兆豐證券股份有限公司主辦之線上法說會，說明本公司營業概況。","616820231212M001.pptx","616820231212E001.pptx","",法說會影音連結資訊:未輸 ,"無","查詢"
"6168","宏齊","112/08/23","14:00","線上法說會","本公司受邀參加兆豐證券股份有限公司主辦之線上法說會，說明本公司營業概況。","616820230823M001.pptx","616820230823E001.pptx","",中文影音檔網址:6168_8_20230823_ch.mp4 ,"無","查詢"
"6176","瑞儀","112/10/27","14:30","宏遠證券總公司703會議廳
(台北市大安區信義路四段236號7樓)","(1)營運財務狀況報告 (2)產業及市場分析","617620231027M001.pdf","617620231027E001.pdf","",中文影音檔網址:6176_108_20231027_ch.mp4 ,"無。","查詢"
"6176","瑞儀","112/12/05","10:50","台北晶華酒店","(1)營運財務狀況報告 (2)產業及市場分析","617620231205M001.pdf","617620231205E001.pdf","","","無。","查詢"
"6176","瑞儀","112/04/26","14:30","台北寒舍艾美酒店3樓翡翠及珍珠廳(台北市信義區松仁路38號)","111年度及112年第一季營運成果及公司未來展望","617620230426M001.pdf","617620230426E001.pdf","http://www.radiant.com.tw",中文影音檔網址:6176_106_20230426_ch.mp4 ,"無。","查詢"
"6176","瑞儀","112/03/15","11:00","台北君悅酒店","(1)營運財務狀況報告 (2)產業及市場分析","617620230313M001.pdf","617620230313E001.pdf","","","無。","查詢"
"6176","瑞儀","112/09/18","13:00","台北W飯店","(1)營運財務狀況報告 (2)產業及市場分析","617620230915M001.pdf","617620230915E001.pdf","","","無。","查詢"
"6177","達麗","112/12/26","15:30","臺灣證券交易所101辦公大樓一樓資訊展示中心（台北市信義路五段7號）","說明本公司營運概況","617720231226M001.pdf","617720231226E001.pdf","https://www.da-li.com.tw/page/results-call/",同步收看網址：:https://webpro.twse.com.tw/WebPortal/ 法說會影音連結資訊:https://webpro.twse.com.tw/WebPortal/vod/101/?categoryId=101 ,"無","查詢"
"6183","關貿","112/08/10","16:00","臺灣證券交易所1樓資訊展示中心(台北市信義區信義路五段7號1樓","說明本公司營運狀況。","618320230810M001.pdf","618320230810E001.pdf","https://www.tradevan.com.tw/investor/index.do?act=investor3-1&amp;type=12",同步收看網址：:https://webpro.twse.com.tw/webportal/vod/101/?categoryId=101 法說會影音連結資訊:https://webpro.twse.com.tw/webportal/vod/101/C7FB4D34484C-22595C53-375A-11EE-B76B/?categoryId=101 ,"無","查詢"
"6183","關貿","112/11/10","15:00","線上法說會","本公司受邀參加兆豐證券舉辦之線上法人說明會，向投資人說明2023年第三季營運成果。","618320231110M001.pdf","618320231110E001.pdf","https://www.trade-van.com/investor/index.do?act=investor3-1&amp;type=12",法說會影音連結資訊:https://www.youtube.com/watch?v=tW571yzmoMI ,"報名網址: https://forms.gle/zTddVusGxCVge5AU7","查詢"
"6184","大豐電","112/03/09","15:00","台北市大安區信義路4段236號7樓(宏遠證券總公司701會議廳)","111年度營運成果暨公司未來展望","618420230309M001.pptx","618420230309E001.pptx","https://www.dafeng.tv/about/investor",法說會影音連結資訊:https://www.youtube.com/watch?v=wYgA0raWO14 ,"簡報內容檔案於當日會後公告於公開資訊觀測站","查詢"
"6184","大豐電","112/08/18","14:00","台北市大安區敦化南路二段333號10樓A會議室","112年度上半年營運成果暨公司未來展望","618420230818M001.pptx","618420230818E001.pptx","https://www.dafeng.tv/about/investor",法說會影音連結資訊:https://youtu.be/H4Mu2_WV2dM ,"簡報內容檔案於當日會後公告於公開資訊觀測站","查詢"
"6189","豐藝","112/11/16","14:30","線上法說會","本公司受邀參加元大證券舉辦之線上法說會，說明公司112年第3季營運成果及未來展望。","618920231116M001.pdf","618920231116E001.pdf","https://www.promate.com.tw/investors-relations/investor-conference/",中文影音檔網址:6189_12_20231116_ch.mp4 ,"無。","查詢"
"6189","豐藝","112/08/09","15:00","台北市內湖區環山路一段32號4樓(本公司1樓會議室)","本公司受邀參加群益金鼎證券舉辦之法人說明會，說明本公司營運成果及未來展望。","618920230809M001.pdf","618920230809E001.pdf","https://www.promate.com.tw/investors-relations/investor-conference/",法說會影音連結資訊:未輸 ,"無","查詢"
"6191","精成科","112/05/30","14:30","線上法人說明會","112年第1季公司營運成果及未來營運展望","619120230530M001.pdf","619120230530E001.pdf","http://www.gbm.com.tw/zhtw/invest/Investor_conference.jsp",中文影音檔網址:6191_14_20230530_ch.mp4 ,"本次線上法人說明會將與瀚宇博德(股)公司聯合召開","查詢"
"6192","巨路","112/11/30","14:00","線上會議","本公司參加凱基證券舉辦之線上法人座談會，說明公司營運與財務概況","619220231127M001.pdf","619220231127E001.pdf","",中文影音檔網址:6192_32_20231130_ch.mp4 ,"無","查詢"
"6192","巨路","112/03/31","14:30","台北市中正區中山南路11號（張榮發基金會國際會議中心）","本公司參加凱基證券舉辦之法人說明會，說明公司營運與財務概況。","619220230328M001.pdf","619220230328E001.pdf","","","無","查詢"
"6196","帆宣","112/08/17","14:00","台北市復興南路一段209號1樓","本公司受邀參加元富證券第二季投資座談，說明本公司營運概況。","619620230816M001.pdf","619620230816E001.pdf","",法說會影音連結資訊:https://drive.google.com/file/d/1HS-VV7JIgYHcMDi4EWPq3ERMulbNC4Ht/view?usp=sharing ,"無","查詢"
"6196","帆宣","112/12/28","14:00","台北市復興北路99號2樓","本公司受邀參加&#29319;亞證券第四季投資座談，說明本公司營運概況。","619620231226M001.pdf","619620231226E001.pdf","",法說會影音連結資訊:https://drive.google.com/file/d/1g3FCMJZaA3OKmRkUvGwNTM8O92QMcR8e/view?usp=sharing ,"無","查詢"
"6197","佳必琪","112/11/07","14:00","線上法說會","本公司受邀參加凱基證券舉辦之「線上法人說明會」，向投資人說明本公司112年度營運概況及財務業務資訊。","619720231107M001.pdf","619720231107E001.pdf","https://www.jpcco.com/lang/tw/news/content/113",中文影音檔網址:6197_12_20231107_ch.mp4 ,"無","查詢"
"6197","佳必琪","112/07/14","14:00","線上法說會","本公司受邀參加元大證券舉辦之「線上法人說明會」，向投資人說明本公司112年度營運概況及財務業務資訊。","619720230714M001.pdf","619720230714E001.pdf","https://www.jpcco.com/lang/tw/news/content/111",中文影音檔網址:6197_11_20230714_ch.mp4 ,"無","查詢"
"6197","佳必琪","112/03/31","14:00","線上法說會","本公司受邀參加凱基證券舉辦之「線上法人說明會」，向投資人說明本公司111年度營運概況及財務業務資訊。","619720230331M001.pdf","619720230331E001.pdf","",中文影音檔網址:6197_10_20230331_ch.mp4 ,"無","查詢"
"6201","亞弘電","112/11/22","14:00","線上法說會","營運概況及財務業務狀況","620120231120M001.pdf","620120231120E001.pdf","https://www.yahorng.com/download.php?dirId=550&amp;lang=tchinese",中文影音檔網址:6201_7_20231122_ch.mp4 ,"完整財務業務資訊請至公開資訊觀測站之法人說明會一覽表或法說會項目下查閱。","查詢"
"6202","盛群","112/08/01","14:30","線上法說會","本公司112年第2季財務與業務營運相關資訊報告","620220230801M001.pdf","620220230801E001.pdf","https://www.holtek.com.tw/investor_conference",中文影音檔網址:6202_74_20230801_ch.mp4 ,"請各位投資先進務必於8/01(二)14:20前登入會議ID，以確認報名者為本人。","查詢"
"6202","盛群","112/10/31","14:30","宏遠證券總公司(台北市大安區信義路四段236號7樓)","本公司112年第三季財務與業務營運相關資訊報告","620220231031M001.pdf","620220231031E001.pdf","https://www.holtek.com.tw/page/investor_relations/Shareholders_Services/Investor_Conference",中文影音檔網址:6202_75_20231031_ch.mp4 ,"無","查詢"
"6202","盛群","112/04/28","14:30","宏遠證券總公司(台北市大安區信義路四段236號7樓)","本公司112年第1季財務與業務營運相關資訊報告","620220230428M001.pdf","620220230428E001.pdf","https://www.holtek.com.tw/investor_conference",中文影音檔網址:6202_73_20230428_ch.MP4 ,"無","查詢"
"6202","盛群","112/02/17","15:00","宏遠證券總公司(台北市大安區信義路四段236號7樓)","本公司111年第4季財務與業務營運相關資訊報告","620220230217M001.pdf","620220230217E001.pdf","https://www.holtek.com.tw/web/guest/investor_conference",中文影音檔網址:6202_72_20230217_ch.mp4 ,"無","查詢"
"6205","詮欣","112/12/21","14:00","台北君悅酒店1樓 (台北市信義區松壽路2號)","本公司受邀參加富邦證券舉辦之2023年第三季法人說明會","620520231221M002.pdf","620520231221E002.pdf","",中文影音檔網址:6205_12_20231221_ch.mp4 ,"無","查詢"
"6206","飛捷","112/11/23","14:00","台北晶華酒店
(台北市中山北路二段39巷3號)","飛捷科技受邀參加台新證券舉辦之第四季全球投資論壇","620620231123M001.pptx","620620231123E001.pptx","https://www.flytech.com.tw/investor.php?act=analyst",中文影音檔網址:6206_43_20231123_ch.MP4 ,"報名請洽飛捷科技投資人關係或台新證券國內法人業務部","查詢"
"6206","飛捷","112/04/07","14:30","富邦金融大樓
(台北市仁愛路四段169號15樓)","飛捷科技受邀參加富邦證券舉辦之法人說明會","620620230407M001.pptx","620620230407E001.pptx","https://www.flytech.com.tw/investor.php?act=analyst",法說會影音連結資訊:未輸 ,"報名請洽飛捷科技投資人關係或富邦證券法人業務部","查詢"
"6209","今國光","112/11/16","14:30","台北市中山區明水路700號12F","本公司受邀參加凱基證券舉辦之法人說明會，說明本公司之營運、財務及業務概況。","620920231116M001.pptx","620920231116E001.pptx","http://www.kinko-optical.com/tw_wealth_download2.asp?St=A&amp;FFkindno=12",中文影音檔網址:6209_10_20231116_ch.mp4 ,"無","查詢"
"6213","聯茂","112/11/01","11:00","香港港麗酒店","本公司將於2023/11/01參加寬量國際主辦之「14th Taiwan CEO Week」，就本公司已公布之經營績效等相關資訊做說明。","621320231031M001.pdf","621320231031E001.pdf","https://www.iteq.com.tw","","無","查詢"
"6213","聯茂","112/11/09","11:00","台北君悅酒店 (台北市信義區松壽路2號)","本公司將於2023/11/09參加麥格理證券 GLOBAL A.I. CONFERENCE，就本公司已公布之經營績效等相關資訊做說明。","621320231102M001.pdf","621320231102E001.pdf","https://www.iteq.com.tw","","無","查詢"
"6213","聯茂","112/08/24","13:00","美銀證券台北辦公室(台北101)","本公司將於2023/08/24參加美銀證券 BofA 2023 Asia Tech Tour – Taiwan Tour，就本公司已公布之經營績效等相關資訊做說明。","621320230822M002.pdf","621320230822E002.pdf","http://www.iteq.com.tw","","無","查詢"
"6213","聯茂","112/06/01 至 112/06/02","10:00","台北W飯店 (台北市信義區忠孝東路五段10號)","本公司將於2023/06/01~02參加花旗證券 Regional Tech Conference 2023，就本公司已公布之經營績效等相關資訊做說明。","621320230525M001.pdf","621320230525E001.pdf","https://www.iteq.com.tw","","無","查詢"
"6213","聯茂","112/06/02","14:00","台北國泰萬怡酒店(台北市中山區民生東路三段6號)","本公司將於2023/06/02參加凱基證券2023年第二季投資論壇，就本公司已公布之經營績效等相關資訊做說明。","621320230525M001.pdf","621320230525E001.pdf","https://www.iteq.com.tw","","無","查詢"
"6213","聯茂","112/05/26","11:10","台北君悅酒店 (台北市信義區松壽路2號)","本公司將於2023/05/26參加2023年第二季富邦證券投資論壇，就本公司已公布之經營績效等相關資訊做說明。","621320230525M001.pdf","621320230525E001.pdf","http://www.iteq.com.tw","","無","查詢"
"6213","聯茂","112/04/20","10:10","線上法說會","本公司將於2023/04/20參加寬量國際與臺灣證券交易所共同主辦的第13 屆 Taiwan CEO Week 投資論壇，就本公司已公布之經營績效等相關資訊做說明。","621320230419M001.pdf","621320230419E001.pdf","http://www.iteq.com.tw","","無","查詢"
"6213","聯茂","112/02/16","13:30","台北晶華酒店4F (台北市中山北路二段39巷3號)","本公司將於2023/02/16參加元大證券第一季投資論壇，就本公司已公布之經營績效等相關資訊做說明。","621320230215M001.pdf","621320230215E001.pdf","http://www.iteq.com.tw","","無","查詢"
"6213","聯茂","112/02/20","10:00","台北君悅酒店 (台北市信義區松壽路2號)","本公司將於2023/02/20參加摩根大通舉辦之&quot;Taiwan CEO-CFO Conference&quot;，就本公司已公布之經營績效等相關資訊做說明。","621320230215M001.pdf","621320230215E001.pdf","http://www.iteq.com.tw","","無","查詢"
"6213","聯茂","112/02/21","14:00","台北晶華酒店4F (台北市中山北路二段39巷3號)","本公司將於2023/02/21參加台新證券2023年第一季全球投資論壇，就本公司已公布之經營績效等相關資訊做說明。","621320230220M001.pdf","621320230220E001.pdf","http://www.iteq.com.tw","","無","查詢"
"6213","聯茂","112/02/22","11:15","台北文創6F (台北市信義區菸廠路88號)","本公司將於2023/02/22參加元富證券舉辦之「2023年春季產業投資論壇」，就本公司已公布之經營績效等相關資訊做說明。","621320230220M001.pdf","621320230220E001.pdf","http://www.iteq.com.tw","","無","查詢"
"6213","聯茂","112/10/03 至 112/10/04","09:00","野村 International (HK) Ltd","本公司將於2023/10/03~10/04參加野村證券主辦之PHYSICAL Taiwan Corporate Day 2023，就本公司已公布之經營績效等相關資訊做說明。","621320230927M001.pdf","621320230927E001.pdf","https://www.iteq.com.tw","","無","查詢"
"6213","聯茂","112/09/21","09:00","線上路演(Virtual NDR)","本公司將於2023/09/21寬量國際主辦之線上路演(Virtual NDR)，就本公司已公布之經營績效等相關資訊做說明。","621320230913M001.pdf","621320230913E001.pdf","http://www.iteq.com.tw",法說會影音連結資訊:https://drive.google.com/file/d/1RJsweB3lMtgsoc_HuSd6013LPyXBAcpe/view?usp=drive_link ,"無","查詢"
"6213","聯茂","112/09/04","09:00","台北W Hotel (台北市信義區忠孝東路五段10號  )","本公司將於2023/09/04參加花旗證券舉辦之 AI Tech Tour 2023，就本公司已公布之經營績效等相關資訊做說明。","621320230822M002.pdf","621320230822E002.pdf","http://www.iteq.com.tw","","無","查詢"
"6213","聯茂","112/09/05","15:15","台北君悅酒店 (台北市信義區松壽路2號)","本公司將於2023/09/05參加統一證券舉辦之 2023 Q3 秋季投資論壇，就本公司已公布之經營績效等相關資訊做說明。","621320230822M002.pdf","621320230822E002.pdf","http://www.iteq.com.tw","","無","查詢"
"6213","聯茂","112/03/16","14:40","台北晶華酒店4F (台北市中山北路二段39巷3號)","本公司將於2023/03/16參加永豐金證券2023年第一季產業投資論壇，就本公司已公布之經營績效等相關資訊做說明。","621320230313M001.pdf","621320230313E001.pdf","http://www.iteq.com.tw","","無","查詢"
"6213","聯茂","112/03/14 至 112/03/17","14:00","台北君悅酒店 (台北市信義區松壽路2號)","本公司將於2023/03/14~2023/03/17參加美銀證券舉辦之 2023 APAC TMT Conference，就本公司已公布之經營績效等相關資訊做說明。","621320230313M001.pdf","621320230313E001.pdf","http://www.iteq.com.tw","","無","查詢"
"6213","聯茂","112/03/14","10:00","台北喜來登酒店  (台北市中正區忠孝東路一段12號)","本公司將於2023/03/14參加群益證券2023第一季投資論壇，就本公司已公布之經營績效等相關資訊做說明。","621320230313M001.pdf","621320230313E001.pdf","http://www.iteq.com.tw","","無","查詢"
"6213","聯茂","112/03/10","10:00","線上法說會","本公司將於2023/03/10參加高盛證�釦賳磥H線上說明會，就本公司已公布之經營績效等相關資訊做說明。","621320230309M001.pdf","621320230309E001.pdf","http://www.iteq.com.tw","","無","查詢"
"6213","聯茂","112/08/30","10:00","台北茹曦酒店(台北市松山區敦化北路100號)","本公司將於2023/08/30參加群益證券舉辦之總經趨勢與電子產業論壇，就本公司已公布之經營績效等相關資訊做說明。","621320230822M002.pdf","621320230822E002.pdf","http://www.iteq.com.tw","","無","查詢"
"6213","聯茂","112/09/18 至 112/09/19","14:00","台北W Hotel (台北市信義區忠孝東路五段10號)","本公司將於2023/09/18~19參加高盛證券舉辦之 Taiwan Corporate Day 2023，就本公司已公布之經營績效等相關資訊做說明。","621320230913M001.pdf","621320230913E001.pdf","https://www.iteq.com.tw","","無","查詢"
"6213","聯茂","112/11/22","14:00","台北晶華酒店(台北市中山北路二段39巷3號)","本公司將於2023/11/22參加台新證券2023年第四季全球投資論壇，就本公司已公布之經營績效等相關資訊做說明。","621320231102M001.pdf","621320231102E001.pdf","https://www.iteq.com.tw","","無","查詢"
"6213","聯茂","112/11/23","12:00","台北W Hotel (台北市信義區忠孝東路五段10號)","本公司將於2023/11/23參加花旗證券 Taiwan Corporate Day，就本公司已公布之經營績效等相關資訊做說明。","621320231102M001.pdf","621320231102E001.pdf","https://www.iteq.com.tw","","無","查詢"
"6213","聯茂","112/11/22","09:00","台北香格里拉遠東國際大飯店(台北市大安區敦化南路二段201號)","公司將於2023/11/22參加台灣匯立證券 CLST Taiwan Market Mover 2024，就本公司已公布之經營績效等相關資訊做說明。","621320231102M001.pdf","621320231102E001.pdf","https://www.iteq.com.tw","","無","查詢"
"6213","聯茂","112/12/05","15:00","台北晶華酒店(台北市中山北路二段39巷3號)","本公司將於2023/12/05參加元大證券2023年第四季投資論壇，就本公司已公布之經營績效等相關資訊做說明。","621320231204M001.pdf","621320231204E001.pdf","https://www.iteq.com.tw","","無","查詢"
"6214","精誠","112/05/31","14:30","線上法人說明會","本公司受邀參加富邦證券舉辦之線上法人說明會，報告公司營運現況與未來展望。","621420230531M001.pdf","621420230531E001.pdf","http://tw.systex.com/investors_financial/","","相關資訊請洽富邦證券法人部 fion.hsieh@fubon.com","查詢"
"6214","精誠","112/11/08","14:30","線上法人說明會","本公司受邀參加富邦證券舉辦之線上法人說明會，報告公司營運現況與未來展望。","621420231108M001.pdf","621420231108E001.pdf","http://tw.systex.com/investors_financial/","","相關資訊請洽富邦證券法人部 fion.hsieh@fubon.com","查詢"
"6214","精誠","112/03/23","14:30","線上法人說明會","本公司受邀參加富邦證券舉辦之線上法人說明會，報告公司營運現況與未來展望。","621420230323M001.pdf","621420230323E001.pdf","http://tw.systex.com/investors_financial/",法說會影音連結資訊:https://youtu.be/FJPrWRMh5v4 ,"相關資訊請洽富邦證券法人部 fion.hsieh@fubon.com","查詢"
"6214","精誠","112/08/09","14:30","第一金證券2樓會議室(台北市中山區長安東路一段35號2樓)","本公司受邀參加第一金證券舉辦之法人說明會，報告公司營運現況與未來展望。","621420230808M001.pdf","621420230808E001.pdf","http://tw.systex.com/investors_financial/","","無。","查詢"
"6215","和椿","112/11/20","14:30","福邦證券總公司(台北市忠孝西路一段6號7樓B會議室)","本公司受邀參加福邦證券舉辦之法人說明會，說明本公司近年營運及財務狀況。","621520231120M001.pdf","621520231120E001.pdf","",法說會影音連結資訊:https://www.youtube.com/watch?v=Mjoet2q7rRo ,"無。","查詢"
"6216","居易","112/11/13","14:30","新竹縣湖口鄉鳳山村復興路26號","2023年前3季營運說明會","621620231113M001.pdf","621620231113E001.pdf","https://www.draytek.com/zh/investors/investor-conference/",中文影音檔網址:6216_7_20231113_ch.mp4 ,"無","查詢"
"6224","聚鼎","112/08/10","14:00","線上法說會","公告本公司受邀參加凱基證券舉辦之線上法人座談會","622420230810M002.pdf","622420230810E002.pdf","https://www.pttc.com.tw/investor_conference.aspx","","無","查詢"
"6224","聚鼎","112/12/22","14:00","線上法說會","公告本公司受邀參加凱基證券舉辦之線上法人座談會","622420231222M002.pdf","622420231222E002.pdf","https://www.pttc.com.tw/investor_conference.aspx",中文影音檔網址:6224_20_20231222_ch.mp4 ,"無","查詢"
"6225","天瀚","112/12/07","15:00","線上法人說明會","本公司受邀參加凱基證券所舉辦之線上法人說明會，說明本公司營運概況。","622520231207M001.pdf","622520231207E001.pdf","",中文影音檔網址:6225_8_20231207_ch.mp4 ,"無","查詢"
"6226","光鼎","112/11/23","15:00","線上法說會","本公司受邀參加元大證券舉辦之線上法說會，報告本公司營運狀況。","622620231115M001.pdf","622620231115E001.pdf","",中文影音檔網址:6226_8_20231123_ch.mp4 ,"無.","查詢"
"6230","尼得科超眾","112/08/25","15:00","線上法說會","本公司受邀參加由元大證券股份有限公司舉辦之線上法說會，說明本公司之營運概況、財務及業務相關資訊。","623020230823M002.pdf","623020230823E002.pdf","http://www.ccic.com.tw/investor.php",中文影音檔網址:6230_8_20230825_ch.mp4 ,"本次採Cisco Webex視訊會議，報名請洽JaneWang@yuanta.com","查詢"
"6235","華孚","112/11/24","15:00","台北市南港區南港路一段209號B棟國際會議廳","本公司受邀參加元大證券舉辦之國內法人說明會，針對本公司112年前3季營運概況，於會中就已公開發佈之財務數字、經營績效等相關資訊做說明。","623520231124M001.pdf","623520231124E001.pdf","https://www.waffer.com.tw/GuDong?sign=tzrgx",中文影音檔網址:6235_9_20231124_ch.mp4 ,"無。","查詢"
"6239","力成","112/10/24","14:30","新竹縣湖口鄉新竹工業區大同路15號6樓(訓練教室)","報告112年第三季營運成果及未來之營運展望。","623920231024M001.pdf","623920231024E001.pdf","https://www.pti.com.tw",中文影音檔網址:6239_196_20231024_ch.mp4 ,"無","查詢"
"6239","力成","112/07/25","14:30","新竹縣湖口鄉新竹工業區大同路15號6樓(訓練教室)","報告112年第二季營運成果及未來之營運展望。","623920230725M001.pdf","623920230725E001.pdf","https://www.pti.com.tw",中文影音檔網址:6239_195_20230725_ch.mp4 ,"無","查詢"
"6239","力成","112/06/01","10:00","W Hotel Taipei","本公司受邀參加花旗環球證券(Citi) 舉辦之「Regional Tech Conference 2023」。","623920230425M001.pdf","623920230425E001.pdf","","","無。","查詢"
"6239","力成","112/11/02","14:00","視訊會議","本公司受邀參加第一金證券舉辦之法人線上交流。","623920231024M001.pdf","623920231024E001.pdf","",中文影音檔網址:6239_197_20231102_ch.mp4 ,"無","查詢"
"6239","力成","112/11/23","09:00","W Hotel Taipei","本公司受邀參加花旗環球證券(Citi) 舉辦之「Citi&#039;s 2023 Taiwan Corporate Day」。","623920231024M001.pdf","623920231024E001.pdf","","","無。","查詢"
"6239","力成","112/04/25","14:30","新竹縣湖口鄉新竹工業區大同路15號6樓(訓練教室)","報告112年第一季營運成果及未來之營運展望。","623920230425M001.pdf","623920230425E001.pdf","https://www.pti.com.tw",中文影音檔網址:6239_192_20230425_ch.mp4 ,"無","查詢"
"6239","力成","112/03/14 至 112/03/15","10:00","台北君悅飯店","本公司受邀參加BofA Securities舉辦之「2023 APAC TMT Conference」。","623920230131M001.pdf","623920230131E001.pdf","","","無。","查詢"
"6239","力成","112/01/31","14:30","新竹縣湖口鄉新竹工業區大同路15號6樓(訓練教室)","報告111年第四季營運成果及未來之營運展望。","623920230131M001.pdf","623920230131E001.pdf","https://www.pti.com.tw",中文影音檔網址:6239_189_20230131_ch.mp4 ,"無","查詢"
"6239","力成","112/01/06","10:00","視訊會議","本公司受邀參加瑞士信貸舉辦之「9th Greater China Technology and Internet Conference」","623920221028M001.pdf","623920221028E001.pdf","","","無","查詢"
"6239","力成","112/02/21","10:00","台北君悅飯店","本公司受邀參加 J.P. Morgan 舉辦之「Taiwan CEO-CFO Conference 2023」","623920230131M001.pdf","623920230131E001.pdf","","","無","查詢"
"6243","迅杰","112/02/23","14:00","臺北文創-台北市信義區菸廠路88號6F","本公司受邀參加元富證券所舉辦之「2023春季產業投資論壇」","624320230223M001.pdf","624320230223E001.pdf","http://www.ene.com.tw/chinese/ir/newslist.php","","無","查詢"
"6243","迅杰","112/09/05","11:20","臺北文創-台北市信義區菸廠路88號6F","本公司受邀參加元富證券所舉辦之「2023秋季產業投資論壇」","624320230905M001.pdf","624320230905E001.pdf","http://www.ene.com.tw/chinese/ir/newslist.php","","無","查詢"
"6243","迅杰","112/11/17","14:45","台北市信義區松仁路7號5F","本公司受邀參加UBS Taiwan SMID Corporate Day (Tech) 2023","624320231117M001.pdf","624320231117E001.pdf","http://www.ene.com.tw/chinese/ir/newslist.php",法說會影音連結資訊:https://www.youtube.com/watch?v=KkCMbtVdcms ,"無","查詢"
"6243","迅杰","112/06/06","10:00","臺北文創-台北市信義區菸廠路88號6F","本公司受邀參加元富證券所舉辦之「2023夏季產業投資論壇」","624320230606M001.pdf","624320230606E001.pdf","http://www.ene.com.tw/chinese/ir/newslist.php","","無","查詢"
"6257","矽格","112/11/16","14:30","台北市中山區明水路700號","公司營運概況說明","625720231116M001.pdf","625720231116E001.pdf","https://www.sigurd.com.tw",中文影音檔網址:6257_9_20231116_ch.mp4 ,"會後將於公開資訊觀測站公告相關資訊","查詢"
"6269","台郡","112/10/26","14:30","採Webex線上會議方式舉行","(1)本公司受邀參加凱基證券舉辦之法人說明會，說明本公司112年第3季營運成果。
(2)會議報名網址：
https://ib.kgi.com/IBWebSite/Views/Registration/RegistPage.aspx?ActNbr=1203。
(3)活動諮詢：
凱基證券 鄭小姐，電話：02-2181-8167，E-mail：janice.cheng@kgi.com。","626920231026M001.pdf","626920231026E001.pdf","https://www.flexium.com.tw/InvestorSubFour/Past?lang=zh-tw",法說會影音連結資訊:https://www.flexium.com.tw/InvestorSubFour/Past?lang=zh-tw ,"法說會相關訊息可至本公司官網查閱。","查詢"
"6269","台郡","112/07/27","14:30","採電話會議方式進行","112年第2季營運成果","626920230727M001.pdf","626920230727E001.pdf","https://www.flexium.com.tw/InvestorSubFour/Past?lang=zh-tw",法說會影音連結資訊:未輸 ,"法說會相關訊息可至本公司官網查閱","查詢"
"6269","台郡","112/02/09","16:00","採電話會議方式進行","111年第4季營運成果","626920230209M001.pdf","626920230209E001.pdf","https://www.flexium.com.tw/InvestorSubFour/Past?lang=ch","","法說會相關訊息可至本公司官網查閱","查詢"
"6269","台郡","112/04/27","14:30","採電話會議方式進行","2023年第1季營運成果","626920230427M001.pdf","626920230427E001.pdf","https://www.flexium.com.tw/InvestorSubFour/Past?lang=zh-tw","","法說會相關訊息可至本公司官網查閱","查詢"
"6271","同欣電","112/10/26","16:00","線上法人說明會","本公司受邀參加凱基證券舉辦之法說會，簡介2023年第三季營運成果及展望。","627120231026M001.pdf","627120231026E001.pdf","",法說會影音連結資訊:未輸 ,"無","查詢"
"6271","同欣電","112/04/20","16:00","線上法人說明會","本公司受邀參加凱基證券舉辦之法說會，簡介2023年第一季營運成果及展望。","627120230420M001.pdf","627120230420E001.pdf","","","無","查詢"
"6271","同欣電","112/04/11","16:20","台北市信義路四段236號7樓(宏遠證券股份有限公司)","公司營運近況","627120230315M001.pptx","627120230315E001.pptx","","","無","查詢"
"6271","同欣電","112/06/16","09:30","瑞銀證券台北辦公室","本公司受邀參加瑞銀證券舉辦之「UBS Taiwan Corporate Day」","627120230420M001.pdf","627120230420E001.pdf","","","無","查詢"
"6271","同欣電","112/11/21","14:00","Shangri-La Far Eastern Hotel, Taipei","本公司受邀參加台灣匯立證券 CLST Taiwan Market Mover 2024 Access Day","627120231026M001.pdf","627120231026E001.pdf","","","無","查詢"
"6271","同欣電","112/03/15","14:30","台北市中正區徐州路2號4樓401會議室(台大國際會議中心)","簡介111年第四季營運成果及展望","627120230315M001.pptx","627120230315E001.pptx","","","無","查詢"
"6271","同欣電","112/06/02","09:00","台北 W Hotel","本公司受花旗證券邀請參加 “Citi Regional Tech Conference 2023”","627120230420M001.pdf","627120230420E001.pdf","","","無","查詢"
"6271","同欣電","112/09/07","09:30","台北香格里拉遠東國際大飯店B1 (台北市敦化南路二段201號)","本公司受邀參加國泰綜合證券舉辦之2023年第三季產業論壇","627120230725M001.pdf","627120230725E001.pdf","","","無","查詢"
"6271","同欣電","112/07/25","16:00","線上法人說明會","本公司受邀參加凱基證券舉辦之法說會，簡介2023年第二季營運成果及展望。","627120230725M001.pdf","627120230725E001.pdf","",中文影音檔網址:6271_96_20230725_ch.mp4 ,"無","查詢"
"6277","宏正","112/11/15","14:00","線上法說會","說明本公司112年度第3季營運與財務概況","627720231114M001.pdf","627720231114E001.pdf","https://www.aten.com/tw/zh/aten-info/investor-relations/investor-event/",同步收看網址：:http://www.zucast.com/webcast/Rm3mbmFc 法說會影音連結資訊:http://www.zucast.com/webcast/Rm3mbmFc ,"無","查詢"
"6277","宏正","112/05/25","14:00","線上法說會","說明本公司112年度第1季營運與財務概況","627720230525M001.pdf","627720230525E001.pdf","https://www.aten.com/tw/zh/aten-info/investor-relations/investor-event/",同步收看網址：:http://www.zucast.com/webcast/VLJ6kfkO 法說會影音連結資訊:http://www.zucast.com/webcast/VLJ6kfkO ,"無","查詢"
"6277","宏正","112/03/23","14:00","線上法說會","說明本公司111年度第4季營運與財務概況","627720230323M001.pdf","627720230323E001.pdf","https://www.aten.com/tw/zh/aten-info/investor-relations/investor-event/",同步收看網址：:http://www.zucast.com/webcast/nTPPx3OG 法說會影音連結資訊:http://www.zucast.com/webcast/nTPPx3OG ,"無","查詢"
"6277","宏正","112/08/30","14:00","線上法說會","說明本公司112年度第2季營運與財務概況","627720230828M001.pdf","627720230828E001.pdf","https://www.aten.com/tw/zh/aten-info/investor-relations/investor-event/",同步收看網址：:http://www.zucast.com/webcast/dXhe4eey 法說會影音連結資訊:http://www.zucast.com/webcast/dXhe4eey ,"無","查詢"
"6278","台表科","112/12/20","14:30","線上法說會","本公司營運概況說明","627820231220M001.pdf","627820231220E001.pdf","https://www.tsmt.com.tw/shareholders-meeting",中文影音檔網址:6278_16_20231220_ch.mp4 ,"報名請洽國票綜合證券李小姐02-25288275 Email：anneli@ibfs.com.tw","查詢"
"6281","全國電","112/11/23","14:00","線上法說會","本公司受邀參加元富證券主辦之線上法說會，說明本公司之營運概況、財務及業務相關資訊。","628120231122M001.pdf","628120231122E001.pdf","",中文影音檔網址:6281_11_20231123_ch.mp4 ,"無","查詢"
"6281","全國電","112/06/15","14:30","線上法說會","本公司受邀參加凱基證券主辦之線上法說會，說明本公司之營運概況、財務及業務相關資訊。","628120230612M001.pdf","628120230612E001.pdf","",中文影音檔網址:6281_10_20230615_ch.mp4 ,"無","查詢"
"6282","康舒","112/11/15 至 112/11/16","09:00","新加坡文華東方酒店","本公司受邀參加摩根士丹利舉辦之「Morgan Stanley Twenty-Second Annual Asia Pacific Summit」，說明2023年第三季營運成果及展望。","628220231116M001.pdf","628220231116E001.pdf","https://www.acbel.com/public/investor-event",法說會影音連結資訊:未輸 ,"完整財務業務資訊請至公開資訊觀測站之法人說明會一覽表或法說會項目下查閱。","查詢"
"6282","康舒","112/02/06","14:30","臺北市中山區明水路700號12樓","本公司受邀參加凱基證券舉辦之法人說明會，說明併購案及營運展望","628220230206M001.pdf","628220230206E001.pdf","https://www.acbel.com/public/investor-event",法說會影音連結資訊:未輸 ,"無","查詢"
"6282","康舒","112/03/17","15:20","臺北市中山區明水路700號12樓","凱基證券2023年第一季投資論壇，向投資人說明公司營運成果及未來展望","628220230317M001.pdf","628220230317E001.pdf","https://www.acbel.com/public/investor-event",法說會影音連結資訊:未輸 ,"無","查詢"
"6282","康舒","112/11/14","14:00","凱基證券（臺北市中山區明水路700號12樓）","本公司受邀參加凱基證券舉辦之法說會，說明2023年第三季營運成果及展望","628220231114M003.pdf","628220231114E003.pdf","https://www.acbel.com/public/investor-event",中文影音檔網址:6282_49_20231114_ch.mp4 ,"完整財務業務資訊請至公開資訊觀測站之法人說明會一覽表或法說會項目下查閱。","查詢"
"6283","淳安","112/12/29","14:00","中信金控總部B棟13樓1302會議室(台北市南港區經貿二路188號13樓)","本公司受邀參加中信證券舉辦之法人說明會。","628320231229M001.pdf","628320231229E001.pdf","https://www.soe-ele.com/",中文影音檔網址:6283_10_20231229_ch.MP4 ,"無","查詢"
"6285","啟碁","112/05/16","14:30","線上法說會","本公司受凱基證券邀請參加線上法說會，主要內容為公司營運概況","628520230515M001.pdf","628520230515E001.pdf","https://www.wnc.com.tw",法說會影音連結資訊:https://investorconf.blob.core.windows.net/media/WNC-Investor-Conference_20230516.mp4 ,"無","查詢"
"6285","啟碁","112/05/24","14:00","台北君悅酒店","本公司受台新證券邀請參加台新2023年第二季全球投資論壇，主要內容為公司營運概況","628520230515M001.pdf","628520230515E001.pdf","https://www.wnc.com.tw","","無","查詢"
"6285","啟碁","112/05/31","10:00","台北 W Hotel","本公司受花旗證券邀請參加 “Citi Regional Tech Conference 2023”，主要內容為公司營運概況","628520230515M001.pdf","628520230515E001.pdf","https://www.wnc.com.tw","","無","查詢"
"6285","啟碁","112/11/08","14:30","線上法說會","本公司受凱基證券邀請參加線上法說會，主要內容為公司營運概況","628520231107M001.pdf","628520231107E001.pdf","https://www.wnc.com.tw","","無","查詢"
"6285","啟碁","112/11/22","10:00","線上法說會","本公司受花旗環球證券邀請參加 Citi 2023 Taiwan Corporate Day，主要內容為公司營運概況","628520231107M001.pdf","628520231107E001.pdf","https://www.wnc.com.tw","","無","查詢"
"6285","啟碁","112/12/05","13:30","台北晶華酒店","本公司受元大證券邀請參加2023年元大證券第四季投資論壇，主要內容為公司營運概況","628520231107M001.pdf","628520231107E001.pdf","https://www.wnc.com.tw","","無","查詢"
"6285","啟碁","112/11/30","14:00","台北喜來登大飯店","本公司受第一金證券邀請參加2023年第四季投資論壇，主要內容為公司營運概況","628520231107M001.pdf","628520231107E001.pdf","https://www.wnc.com.tw","","無","查詢"
"6285","啟碁","112/02/16","13:30","台北晶華酒店","本公司受元大證券邀請參加「元大證券第一季投資論壇」，主要內容為公司營運概況","628520230215M001.pdf","628520230215E001.pdf","https://www.wnc.com.tw","","無","查詢"
"6285","啟碁","112/08/30","10:00","茹曦酒店","本公司受群益證券邀請參加「總經趨勢與電子產業論壇」，主要內容為公司營運概況","628520230829M001.pdf","628520230829E001.pdf","https://www.wnc.com.tw","","無","查詢"
"6285","啟碁","112/03/15","10:00","台北君悅酒店","本公司受美林證券邀請參加「2023 APAC TMT Conference」 ，主要內容為公司營運概況","628520230314M001.pdf","628520230314E001.pdf","https://www.wnc.com.tw","","無","查詢"
"6285","啟碁","112/09/06","14:00","線上法說會","本公司受第一金證券邀請參加「2023年9月線上投資座談會」，主要內容為公司營運概況","628520230829M001.pdf","628520230829E001.pdf","https://www.wnc.com.tw","","無","查詢"
"6405","悅城","112/12/12","14:30","線上法說會","受邀參加凱基證券舉辦之線上法說會，說明本公司營運狀況。","640520231212M001.pdf","640520231212E001.pdf","",中文影音檔網址:6405_10_20231212_ch.mp4 ,"無","查詢"
"6409","旭隼","112/12/05","15:00","台北晶華酒店 台北市中山區中山北路二段39巷3號4樓","本公司受邀參加元大證券所舉辦之『2023元大證券第四季投資論壇』，會中介紹公司之營運與財務狀況。","640920231116M002.pdf","640920231116E002.pdf","",中文影音檔網址:6409_139_20231205_ch.mp4 ,"無","查詢"
"6409","旭隼","112/11/23","14:00","臺北遠東香格里拉 106台北市大安區敦化南路二段201號","本公司受邀參加 CLSA 所舉辦之『Taiwan Market Mover 2024 Access Day』，會中介紹公司之營運與財務狀況。","640920231116M002.pdf","640920231116E002.pdf","","","無","查詢"
"6409","旭隼","112/09/01","15:00","線上法說會","本公司受邀參加由寬量國際主辦之「2023 Taiwan Renewable Energy Day」，會中介紹公司之營運與財務狀況。","640920230831M002.pdf","640920230831E002.pdf","","","無","查詢"
"6409","旭隼","112/06/14","14:30","瑞銀證券台北辦公室
台北市信義區松仁路7號5樓","本公司受邀參加瑞銀證券所舉辦之『UBS Taiwan Corporate Day 2023』，會中介紹公司之營運與財務狀況。","640920230601M001.pdf","640920230601E001.pdf","","","無","查詢"
"6409","旭隼","112/11/17","16:00","瑞銀證券台北辦公室 台北市信義區松仁路7號5樓","本公司受邀參加瑞銀證券所舉辦之『Taiwan SMID
Corporate Day 2023』，會中介紹公司之營運與財務狀況。","640920231116M002.pdf","640920231116E002.pdf","","","無","查詢"
"6409","旭隼","112/03/16","14:00","台北君悅酒店(台北市信義區松壽路2號)","本公司受邀參加美林證券所舉辦之『2023 APAC TMT Conference』，會中介紹公司之營運與財務狀況。","640920230315M001.pdf","640920230315E001.pdf","","","無","查詢"
"6409","旭隼","112/06/02","14:00","台北W飯店
110台北市信義區忠孝東路五段10號","本公司受邀參加花旗證券所舉辦之『Regional Tech Conference 2023』，會中介紹公司之營運與財務狀況。","640920230601M001.pdf","640920230601E001.pdf","","","無","查詢"
"6409","旭隼","112/02/21","14:00","台北君悅酒店(台北市信義區松壽路2號)","本公司受邀參加 J.P. Morgan 所舉辦之『TAIWAN CEO-CFO Conference 2023』，會中介紹公司之營運與財務狀況。","640920221116M001.pdf","640920221116E001.pdf","","","無","查詢"
"6412","群電","112/05/31","10:00","W Hotel，台北市信義區忠孝東路五段10號","本公司受邀參加花旗證券舉辦之法人說明會，會中就本公司已公開發布之營運及財務業務狀況向投資人說明。","641220230502M001.pdf","641220230502E001.pdf","https://www.chiconypower.com/zh-tw/investor/message","","無","查詢"
"6412","群電","112/08/02","15:00","台北市中山區樂群三路128號7樓","本公司受邀參加國票綜合證券所舉辦之法說會，說明本公司2023年第2季營運成果。","641220230802M002.pdf","641220230802E002.pdf","https://www.chiconypower.com/zh-tw/investor/message","","無","查詢"
"6412","群電","112/03/01","15:00","線上法說會","本公司受邀參加康和證券所舉辦之線上法說會，說明本公司2022年第4季營運成果。","641220230301M001.pdf","641220230301E001.pdf","https://www.chiconypower.com/zh-tw/investor/message","","無","查詢"
"6412","群電","112/05/02","15:00","康和證券（台北市信義區基隆路一段176號B2會議室）","本公司受邀參加康和證券所舉辦之法說會，說明本公司2023年第1季營運成果。","641220230502M001.pdf","641220230502E001.pdf","https://www.chiconypower.com/zh-tw/investor/message","","無","查詢"
"6412","群電","112/11/02","15:00","康和證券（台北市信義區基隆路一段176號B2）","本公司受邀參加康和證券所舉辦之法說會，說明本公司2023年第3季營運成果。","641220231102M001.pdf","641220231102E001.pdf","https://www.chiconypower.com/zh-tw/investor/message",法說會影音連結資訊:https://www.chiconypower.com/zh-tw/post/view?post_id=95 ,"無","查詢"
"6412","群電","112/03/14","09:00","台北君悅酒店","本公司受邀參加美銀證券所舉辦之線上法說會，會中就本公司已公開發布之營運及財務業務狀況向投資人說明。","641220230301M001.pdf","641220230301E001.pdf","https://www.chiconypower.com/zh-tw/investor/message","","無","查詢"
"6412","群電","112/11/17","09:15","台北市信義區松仁路7號5樓","本公司受邀參加瑞銀證券舉辦之法人說明會，會中就本公司已公開發布之營運及財務業務狀況向投資人說明。","641220231102M001.pdf","641220231102E001.pdf","https://www.chiconypower.com/zh-tw/investor/message","","無","查詢"
"6412","群電","112/11/22 至 112/11/23","10:00","W Hotel，台北市信義區忠孝東路五段10號","本公司受邀參加花旗證券台灣產業論壇，會中就本公司已公開發布之營運及財務業務狀況向投資人說明。","641220231102M001.pdf","641220231102E001.pdf","https://www.chiconypower.com/zh-tw/investor/message","","無","查詢"
"6412","群電","112/09/13","09:30","台北晶華酒店
台北市中山區中山北路二段39巷3號","本公司受邀參加元大證券舉辦之法人說明會，會中就本公司已公開發布之營運及財務業務狀況向投資人說明。","641220230802M002.pdf","641220230802E002.pdf","https://www.chiconypower.com/zh-tw/investor/message","","無","查詢"
"6414","樺漢","112/08/16","14:00","富邦人壽大樓
台北市敦化南路一段108號B2","本公司受邀參加富邦證券舉辦之法人說明會，說明本公司2023年第2季財務及業務相關資訊","641420230815M001.pdf","641420230815E001.pdf","https://www.ennoconn.com/ir-calendar/","","無","查詢"
"6414","樺漢","112/08/30","13:30","台北茹曦酒店 2F會議廳
台北市松山區敦化北路100號","本公司受邀參加群益金鼎證券舉辦之總經趨勢與電子產業論壇","641420230830M001.pdf","641420230830E001.pdf","https://www.ennoconn.com/ir-calendar/","","無","查詢"
"6414","樺漢","112/11/15","14:00","新北市政府會議室
(新北市板橋區中山路一段161號)","本公司受邀參加國票證券舉辦之樺漢第三季法人說明會","641420231115M001.pdf","641420231115E001.pdf","https://www.ennoconn.com/ir-calendar/","","無","查詢"
"6414","樺漢","112/05/11","14:30","台北文華東方酒店 宴會廳(台北市敦化北路158號)","本公司受邀參加元大證券2023Q1方案技術說明暨法人說明會","641420230511M001.pdf","641420230511E001.pdf","https://www.ennoconn.com/ir-calendar/","","無","查詢"
"6414","樺漢","112/03/30","14:30","凱基證券大樓 台北市中山區明水路700號12樓B廳","本公司受邀參加凱基證券舉辦之法說會， 
說明本公司2022年第4季財務及業務相關資訊","641420230330M001.pdf","641420230330E001.pdf","https://www.ennoconn.com/ir-calendar/","","無","查詢"
"6414","樺漢","112/12/19","14:30","樺漢科技會議室
新北市中和區建康路10號6樓","本公司受邀參加大和國泰證券產業座談會","641420231219M001.pdf","641420231219E001.pdf","https://www.ennoconn.com/zh-tw/ir-calendar/",法說會影音連結資訊:https://youtu.be/tF0qDtntnx8 ,"無","查詢"
"6414","樺漢","112/09/08","14:30","大和國泰證券會議室
台北市基隆路一段200號13樓","本公司受邀參加大和國泰證券產業座談會","641420230830M001.pdf","641420230830E001.pdf","https://www.ennoconn.com/ir-calendar/","","無","查詢"
"6414","樺漢","112/05/12","10:00","台北君悅酒店","本公司受邀參加Macquarie Taiwan Corporate Day","641420230511M002.pdf","641420230511E002.pdf","https://www.ennoconn.com/ir-calendar/","","無","查詢"
"6414","樺漢","112/01/12","12:00","線上法說會","本公司受邀參加麥格理證券舉辦之線上產業座談會","641420230111M001.pdf","641420230111E001.pdf","https://www.ennoconn.com/zh-tw/ir-calendar/","","無","查詢"
"6414","樺漢","112/03/14 至 112/03/15","14:00","台北君悅酒店(台北市松壽路2號)","本公司於3月14日及3月15日下午2時受邀參加BofA舉辦之2023 APAC TMT Conference，說明本公司未來營運發展計劃與其他已公開發佈之財務數字、經營績效等相關資訊。","641420230314M001.pdf","641420230314E001.pdf","https://www.ennoconn.com/ir-calendar/","","無","查詢"
"6415","矽力*-KY","112/08/25","21:00","電話會議","本公司受邀參加JP Morgan所舉辦之法人說明會，就本公司已公開發布之財務數字、經營績效等相關資訊做說明。","641520230825M002.pdf","641520230825E002.pdf","https://www.silergy.com/","","無","查詢"
"6415","矽力*-KY","112/05/15 至 112/05/18","08:00","香港及新加坡","本公司受邀參加JP Morgan所舉辦之法人說明會，就本公司已公開發布之財務數字、經營績效等相關資訊做說明。","641520230512M001.pdf","641520230512E001.pdf","https://www.silergy.com/zh","","無","查詢"
"6415","矽力*-KY","112/11/15","14:30","本公司受邀參加UBS所舉辦之線上法說會","本公司受邀參加UBS所舉辦之線上法說會，說明2023年第三季營運及業務狀況。投資人或分析師可透過以下連結參加:
https://openexc.zoom.us/webinar/register/WN_mdxxj6YmRMi1Nx7q5IhD2A 
Once you have registered, you will be provided with the information you need to join the conference, including dial-in numbers and passcodes. Be sure to save this information to your calendar or print this information.","641520231115M001.pdf","641520231115E001.pdf","https://www.silergy.com/zh",中文影音檔網址:6415_127_20231115_ch.mp3 ,"無","查詢"
"6415","矽力*-KY","112/04/17 至 112/04/28","08:00","舊金山及波士頓","本公司受邀參加JP Morgan所舉辦之法人說明會，就本公司已公開發布之財務數字、經營績效等相關資訊做說明。","641520230310M002.pdf","641520230310E002.pdf","https://www.silergy.com/zh","","無","查詢"
"6415","矽力*-KY","112/03/10","14:30","本公司受邀參加UBS所舉辦之線上法說會","本公司受邀參加UBS所舉辦之線上法說會，說明2022年第四季營運及業務狀況。投資人或分析師可透過以下連結參加:
https://cossprereg.btci.com/prereg/key.process?key=PD6WVKRMK 
Once you have registered, you will be provided with the information you need to join the conference, including dial-in numbers and passcodes. Be sure to save this information to your calendar or print this information.","641520230310M002.pdf","641520230310E002.pdf","https://www.silergy.com/zh","","無","查詢"
"6415","矽力*-KY","112/03/10","16:00","線上法說會","本公司受邀參J.P. Morgan所舉辦之線上法說會，就本公司已公開發布之財務數字、經營績效等相關資訊做說明。","641520230310M003.pdf","641520230310E003.pdf","https://www.silergy.com/zh","","無。","查詢"
"6415","矽力*-KY","112/03/16","09:00","台北君悅酒店","本公司受邀參加Bank of America and BofA Securities所舉辦之法說會，就本公司已公開發布之財務數字、經營績效等相關資訊做說明。","641520230310M002.pdf","641520230310E002.pdf","https://www.silergy.com/zh","","無","查詢"
"6415","矽力*-KY","112/03/14","08:00","線上法說會","本公司受邀參J.P. Morgan所舉辦之線上法說會，就本公司已公開發布之財務數字、經營績效等相關資訊做說明。","641520230310M003.pdf","641520230310E003.pdf","https://www.silergy.com/zh","","無","查詢"
"6415","矽力*-KY","112/02/20 至 112/02/21","08:00","線上法說會","本公司受邀參J.P. Morgan所舉辦之線上法說會，就本公司已公開發布之財務數字、經營績效等相關資訊做說明。","641520221110M001.pdf","641520221110E001.pdf","https://www.silergy.com/","","無","查詢"
"6415","矽力*-KY","112/05/12","14:30","本公司受邀參加UBS所舉辦之線上法說會","本公司受邀參加UBS所舉辦之線上法說會，說明2023年第一季營運及業務狀況。投資人或分析師可透過以下連結參加:
https://openexc.zoom.us/webinar/register/WN_auGa5EO-Q02djwzv_mH9ZQ 
Once you have registered, you will be provided with the information you need to join the conference, including dial-in numbers and passcodes. Be sure to save this information to your calendar or print this information.","641520230512M001.pdf","641520230512E001.pdf","https://www.silergy.com/zh","","無","查詢"
"6415","矽力*-KY","112/11/16","09:00","(HK time)9.00pm–10.00pm;(UK time)1.00pm–2.00pm;(New York time)8.00am–9.00am","本公司受邀參加JP Morgan所舉辦之法人說明會，就本公司已公開發布之財務數字、經營績效等相關資訊做說明。","641520231115M001.pdf","641520231115E001.pdf","https://www.silergy.com/zh","","無","查詢"
"6415","矽力*-KY","112/08/25","14:30","本公司受邀參加UBS所舉辦之線上法說會","本公司受邀參加UBS所舉辦之線上法說會，說明2023年第二季營運及業務狀況。投資人或分析師可透過以下連結參加:
https://openexc.zoom.us/webinar/register/WN_8zrIuL7_TeCrQmTpRO0kKw#/registration 
Once you have registered, you will be provided with the information you need to join the conference, including dial-in numbers and passcodes. Be sure to save this information to your calendar or print this information.","641520230825M001.pdf","641520230825E001.pdf","https://www.silergy.com/zh","","無","查詢"
"6416","瑞祺電通","112/11/17","14:30","台北國際會議中心TICC一樓【101C會議室】(台北市信義區信義路五段1號)","本公司受邀參加國票證券舉辦之法人說明會，說明本公司之營運概況等相關資訊。","641620231117M001.pdf","641620231117E001.pdf","https://www.cas-well.com/about/investors/#conference",法說會影音連結資訊:https://www.cas-well.com/about/investors/#conference ,"無","查詢"
"6426","統新","112/08/16","14:00","高雄市前鎮區中山二路2號9樓之一(大眾財經大樓)","本公司受邀參加台新證券舉辦之法人說明會，說明本公司營運狀況。","642620230816M002.pdf","642620230816E002.pdf","http://www.nextapogee.com.tw/ch/news_detail.php?Sn=79",法說會影音連結資訊:https://youtu.be/qMB_zJKxsa4 ,"完整財務業務資訊請至公開資訊觀測站之法人說明會一覽表或法說會項下查閱。","查詢"
"6426","統新","112/11/21","14:00","高雄市前鎮區中山二路2號9樓之一(大眾財經大樓)","本公司受邀參加台新證券舉辦之法人說明會，說明本公司營運狀況。","642620231120M003.pdf","642620231120E003.pdf","http://www.nextapogee.com.tw/ch/news_detail.php?Sn=82","","完整財務業務資訊請至公開資訊觀測站之法人說明會一覽表或法說會項下查閱。","查詢"
"6431","光麗-KY","112/12/14","14:00","台北市松山區復興北路99號2樓(&#29319;亞商務暨會議中心203會議室)","報告本公司前三季財務業務狀況及營運狀況","643120231213M003.pdf","643120231213E003.pdf","http://www.kl-holdings.com/shareholder/investor#Investor",法說會影音連結資訊:http://www.kl-holdings.com/shareholder/investor#Investor ,"無","查詢"
"6438","迅得","112/11/23","16:00","線上法人說明會","櫃買中心與永豐金證券合作舉辦之「線上海外法人說明會」","643820231122M001.pdf","643820231122E001.pdf","","","無","查詢"
"6438","迅得","112/03/16","14:00","凱基證券總公司(台北市明水路700號12樓會議室)","凱基證券2023年第一季投資論壇","643820230315M001.pdf","643820230315E001.pdf","",法說會影音連結資訊:https://www.saa-symtek.com/zh_tw/INVESTOR/earnings_call_video.html ,"無","查詢"
"6442","光聖","112/04/11","14:30","台北市南港區經貿二路188號13樓1302會議室","本公司受邀參加中國信託綜合證券所舉辦之法說會","644220230410M001.pdf","644220230410E001.pdf","",法說會影音連結資訊:https://youtu.be/I5datiCfAIY (請輸入網址名稱(註)):未輸 ,"無","查詢"
"6442","光聖","112/09/27","14:00","台北市東興路8號3樓","本公司受邀參加統一綜合證券舉辦之法人說明會","644220230920M001.pdf","644220230920E001.pdf","","","無","查詢"
"6443","元晶","112/08/18","14:00","線上法說會","本公司受邀參加元大證券舉辦之線上法人說明會","644320230817M001.pdf","644320230817E001.pdf","http://www.tsecpv.com/zh-tw/investors/shareholder/irs_02",法說會影音連結資訊:未輸 ,"相關資訊將依規定揭露於公開資訊觀測站","查詢"
"6443","元晶","112/12/07","14:30","線上法說會","本公司受邀參加元大證券舉辦之線上法人說明會","644320231207M001.pdf","644320231207E001.pdf","http://www.tsecpv.com/zh-tw/investors/shareholder/irs_02",中文影音檔網址:6443_15_20231207_ch.mp4 ,"　相關資訊將依規定揭露於公開資訊觀測站","查詢"
"6446","藥華藥","112/08/14","14:30","台北市中正區寶慶路69號4樓","本公司受邀參加元大證券舉辦之法人說明會，說明本公司之營運概況。","644620230814M001.pdf","644620230814E001.pdf","","","無。","查詢"
"6446","藥華藥","112/10/16 至 112/10/17","13:00","上海","本公司受邀參加J.P. Morgan舉辦之法人說明會「Global
Healthcare Shanghai Conference」，說明本公司之營
運概況。","644620231015M001.pdf","644620231015E001.pdf","",法說會影音連結資訊:https://youtu.be/ytlUI5J6xpc ,"無。","查詢"
"6446","藥華藥","112/03/02","14:30","線上法說會","本公司受邀參加凱基證券舉辦之線上法說會，說明本公司之營運概況。","644620230302M001.pdf","644620230302E001.pdf","","","無。","查詢"
"6446","藥華藥","112/09/11 至 112/09/13","20:00","美國紐約","本公司受邀參加Morgan Stanley舉辦之法人說明會「21st Annual
Global Healthcare Conference」，說明本公司之營運概況","644620230911M001.pdf","644620230911E001.pdf","","","無","查詢"
"6446","藥華藥","112/02/16","10:30","台北晶華酒店 (台北市中山北路二段39巷3號) 4F","本公司受邀參加元大證券舉辦之法說會「2023元大證券第一季投資論壇」，說明本公司之營運概況。","644620230215M001.pdf","644620230215E001.pdf","","","無。","查詢"
"6446","藥華藥","112/01/11","09:00","美國舊金山","本公司受邀參加J.P. Morgan舉辦之41st Annual J.P. Morgan Healthcare Conference，說明本公司之營運概況，會議期間為美西時間2023年1月9日至12日。公司簡報時間為美西時間1月10日下午5時 (台灣時間1月11日上午9時)。","644620230111M001.pdf","644620230111E001.pdf","","","無。","查詢"
"6446","藥華藥","112/05/15","13:30","線上法說會","本公司受邀參加永豐金證券舉辦之法人說明會，說明本公司之營運概況。","644620230515M001.pdf","644620230515E001.pdf","","","無。","查詢"
"6446","藥華藥","112/05/17 至 112/05/18","09:30","香港","本公司受邀參加花旗環球證券舉辦之法人說明會「APAC Healthcare Conference 2023」，說明本公司之營運概況。","644620230516M001.pdf","644620230516E001.pdf","","","無。","查詢"
"6449","鈺邦","112/12/13","14:30","福邦證券總公司(台北市忠孝西路一段6號7樓)","受邀參加福邦證券舉辦之法人說明會，就本公司已公開之財務業務資訊作說明。","644920231213M001.pdf","644920231213E001.pdf","https://www.apaq.com.tw/zh-tw/news/最新消息",中文影音檔網址:6449_8_20231213_ch.MP4 ,"無","查詢"
"6451","訊芯-KY","112/11/17","16:00","(登入收聽網址：http://www.zucast.com/webcast/2rfh3aDw)","公司營運情形及未來展望之線上法人說明會","645120231206M001.pdf","645120231206E001.pdf","https://www.shunsintech.com/tw/ActivityNews.html",同步收看網址：:http://www.zucast.com/webcast/2rfh3aDw 法說會影音連結資訊:未輸 ,"無","查詢"
"6456","GIS-KY","112/11/17","14:30","福邦證券(台北市忠孝西路一段6號14樓)","本公司將受邀參加福邦證券舉辦之法人說明會，會中將就已公佈之財務數字等相關資訊做說明。","645620231117M002.pdf","645620231117E002.pdf","http://www.gis-touch.com",法說會影音連結資訊:https://youtu.be/nS3YuZPZThY?si=zIghQOxe-iz3TCYZ ,"本次法說會影音資訊於當日會後上傳。","查詢"
"6456","GIS-KY","112/08/30","14:00","線上會議","本公司將受邀參加元富證券舉辦之線上法人說明會，會中將就已公佈之財務數字等相關資訊做說明。","645620230829M002.pdf","645620230829E002.pdf","http://www.gis-touch.com","","無。","查詢"
"6456","GIS-KY","112/03/30","14:00","線上會議","本公司將受邀參加元富證券舉辦之線上法人說明會，會中將就已公佈之財務數字等相關資訊做說明。","645620230329M001.pdf","645620230329E001.pdf","http://www.gis-touch.com","","無。","查詢"
"6456","GIS-KY","112/06/12","14:00","線上會議","本公司將受邀參加永豐金證券舉辦之線上法人說明會，會中將就已公佈之財務數字等相關資訊做說明。","645620230609M001.pdf","645620230609E001.pdf","http://www.gis-touch.com","","無。","查詢"
"6464","台數科","112/08/16","14:30","台中市西屯區文心路二段201號B2(順天經貿廣場第一會議室)","本公司受邀參加台新證券舉辦之法人說明會","646420230814M001.pdf","646420230814E001.pdf","https://www.topmso.com.tw/index.php/tw/investors/conference_briefing",中文影音檔網址:6464_17_20230816_ch.mp4 ,"無","查詢"
"6464","台數科","112/12/19","14:30","台中市西屯區文心路二段201號B2 (順天經貿廣場第二會議室)","本公司受邀參加台新證券舉辦之法人說明會","646420231218M001.pdf","646420231218E001.pdf","https://www.topmso.com.tw/index.php/tw/investors/conference_briefing","","無","查詢"
"6472","保瑞","112/05/17","14:00","網路直播","保瑞藥業將於5月17日(三)下午兩點舉行2023年第1季線上法人說明會，請連結至以下直播網址：http://www.zucast.com/webcast/LGopzygo，建議參與者於法說會前安裝或升級所需播放軟體，或至http://www.zucast.com/help 尋求技術支援。","647220230518M001.pdf","647220230518E001.pdf","https://www.bora-corp.com/tw/investors/conference",中文影音檔網址:6472_17_20230517_ch.mp4 ,"完整財務業務資訊請至公開資訊觀測站之法人說明會一覽表或法說會項目下查閱。","查詢"
"6472","保瑞","112/11/30","10:00","台北君悅酒店3樓(台北市信義區松壽路2號)","本公司受邀參加第四季富邦證券投資論壇，將就本公司第三季營運狀況及未來展望向投資法人說明。","647220231129M001.pdf","647220231129E001.pdf","https://reurl.cc/y68az2","","無","查詢"
"6472","保瑞","112/09/05","09:40","台北市北科大會議中心2樓會議室(台北市忠孝東路三段1號)","本公司受凱基證券邀請參加法人說明會，主要內容為說明公司營運概況。","647220230817M001.pdf","647220230817E001.pdf","https://reurl.cc/4okozK","","無","查詢"
"6472","保瑞","112/04/13 至 112/04/14","08:00","香港Conrad Hotel","本公司受邀參加由寬量國際主辦之「13th Taiwan CEO Week &amp; Taiwan New Economy Day」，說明本公司之營運概況、財務及業務相關資訊。","647220230427M002.pdf","647220230427E002.pdf","https://www.bora-corp.com/tw/investors/conference","","完整財務業務資訊請至公開資訊觀測站之法人說明會一覽表或法說會項目下查閱。","查詢"
"6472","保瑞","112/02/20","11:00","台北君悅酒店","本公司受摩根大通邀請參加Taiwan CEO-CFO Conference 2023，主要內容為說明公司營運概況。","647220230217M001.pdf","647220230217E001.pdf","https://www.bora-corp.com/tw/investors/conference","","完整財務業務資訊請至公開資訊觀測站之法人說明會一覽表或法說會項目下查閱。","查詢"
"6472","保瑞","112/02/22","14:00","凱基證券會議室，台北市明水路700號","本公司受凱基證券邀請參加法人說明會，主要內容為說明公司營運概況。","647220230222M003.pdf","647220230222E003.pdf","https://www.bora-corp.com/tw/investors/conference","","完整財務業務資訊請至公開資訊觀測站之法人說明會一覽表或法說會項目下查閱。","查詢"
"6472","保瑞","112/03/27","16:00","台北花園大酒店2樓國際廳(地址:台北市中華路二段1號2樓)","本公司受邀櫃買中心03/27(一)場次之業績發表會。","647220230427M001.pdf","647220230427E001.pdf","https://www.bora-corp.com/tw/investors/conference",法說會影音連結資訊:https://vimeo.com/811961750 ,"完整財務業務資訊請至公開資訊觀測站之法人說明會一覽表或法說會項目下查閱。","查詢"
"6472","保瑞","112/06/09","13:30","台北晶華酒店(台北市中山北路二段39巷3號)4F","本公司受邀參加元大證券第二季投資論壇，說明本公司營運概況。","647220230518M001.pdf","647220230518E001.pdf","https://www.bora-corp.com/tw/investors/conference","","完整財務業務資訊請至公開資訊觀測站之法人說明會一覽表或法說會項目下查閱。","查詢"
"6472","保瑞","112/09/14","13:30","台北晶華酒店4樓會議廳(台北市中山北路二段39巷3號)","本公司受永豐金證券邀請參加法人說明會，主要內容為說明公司營運概況。","647220230817M001.pdf","647220230817E001.pdf","https://reurl.cc/K3x9Lq","","無","查詢"
"6472","保瑞","112/08/15","14:00","凱基證券會議室，台北市明水路700號","本公司受凱基證券邀請參加法人說明會，主要內容為說明公司營運概況。","內容檔案於當日會後公告於公開資訊觀測站","內容檔案於當日會後公告於公開資訊觀測站","https://www.bora-corp.com/tw/investors/conference","","完整財務業務資訊請至公開資訊觀測站之法人說明會一覽表或法說會項目下查閱。","查詢"
"6472","保瑞","112/08/17","14:00","台北市內湖區堤頂大道一段327號(莉蓮會館)2樓","本公司受凱基證券邀請參加法人說明會，主要內容為說明公司營運概況。","647220230817M001.pdf","647220230817E001.pdf","","","無。","查詢"
"6477","安集","112/11/10","14:30","福邦證券總公司(台北市中正區忠孝西路一段6號7樓)","本公司受邀參加福邦證券股份有限公司舉辦之法人說明會，進行公司簡介並說明營運概況。","647720231110M001.pdf","647720231110E001.pdf","http://www.anjitek.com/",中文影音檔網址:6477_10_20231110_ch.MP4 ,"相關資訊將依規定揭露於公開資訊觀測站。","查詢"
"6491","晶碩","112/05/23 至 112/05/24","09:00","馬來西亞及新加坡","本公司受邀參加國泰證券與台灣證券交易所於馬來西亞及新加坡共同舉辦之投資論壇，會中就本公司之財務數字、經營績效等相關資訊做說明。","649120230517M001.pdf","649120230517E001.pdf","https://www.pegavision.com/tw/investor3_page03.php","","無","查詢"
"6491","晶碩","112/12/06","14:00","台北市 君悅飯店(臺北市信義區松壽路二號)","本公司受邀參加統一證券所舉辦之投資論壇，會中就本公司之財務數字、經營績效等相關資訊做說明。","649120231121M002.pdf","649120231121E002.pdf","https://www.pegavision.com/tw/investor3_page03.php","","無","查詢"
"6491","晶碩","112/11/22","15:00","台北市 W-Hotel(台北市信義區忠孝東路五段10號)","本公司受邀參加花旗證券所舉辦之投資論壇，會中就本公司之財務數字、經營績效等相關資訊做說明。","649120231121M002.pdf","649120231121E002.pdf","https://www.pegavision.com/tw/investor3_page03.php",法說會影音連結資訊:http://www.pegavision.com/tw/investor3_page03.php ,"無","查詢"
"6491","晶碩","112/03/02","13:30","台北君悅酒店(台北市信義區松壽路2號3樓)","本公司受邀參加統一證券所舉辦之投資論壇，會中就本公司之財務數字、經營績效等相關資訊做說明。","649120230216M001.pdf","649120230216E001.pdf","https://www.pegavision.com/tw/investor3_page03.php","","無","查詢"
"6491","晶碩","112/03/09","11:00","線上投資論壇","本公司受邀參加 第一金證券所舉辦之線上論壇，會中就本公司之財務數字、經營績效等相關資訊做說明。","649120230216M001.pdf","649120230216E001.pdf","https://www.pegavision.com/tw/investor3_page03.php","","無","查詢"
"6491","晶碩","112/09/28","14:00","線上法說會","本公司自辦法人說明會，會中就本公司之財務數字、經營績效等相關資訊做說明。","649120230921M001.pdf","649120230921E001.pdf","https://www.pegavision.com/tw/investor3_page03.php",法說會影音連結資訊:http://www.pegavision.com/tw/investor3_page03.php ,"無","查詢"
"6491","晶碩","112/02/16","13:30","台北市晶華酒店(台北市中山區中山北路二段39巷3號)","本公司受邀參加元大證券所舉辦之投資論壇，會中就本公司之財務數字、經營績效等相關資訊做說明。","649120230216M001.pdf","649120230216E001.pdf","https://www.pegavision.com/tw/investor3_page03.php","","無","查詢"
"6491","晶碩","112/03/16","13:00","台北君悅酒店(台北市信義區松壽路2號3樓)","本公司受邀參加美國銀行所舉辦之投資論壇，會中就本公司之財務數字、經營績效等相關資訊做說明。","649120230216M001.pdf","649120230216E001.pdf","https://www.pegavision.com/tw/investor3_page03.php","","無","查詢"
"6504","南六","112/12/08","14:30","線上法人說明會","本公司受邀參加元大證券所舉辦之法人說明會","650420231207M001.pdf","650420231207E001.pdf","https://reurl.cc/r6Mrx4",中文影音檔網址:6504_70_20231208_ch.mp4 ,"無","查詢"
"6505","台塑化","112/09/21","14:00","元富證券(台北市復興南路一段209號1樓)","本公司受邀參加元富證券法人座談會，說明近期營運概況","650520230912M001.pdf","650520230912E001.pdf","http://www.fpcc.com.tw/tw/ir/material-information","","無","查詢"
"6505","台塑化","112/11/07","15:30","國票證券(台北市南京東路五段188號)","本公司受邀參加國票證券法人座談會，說明近期營運概況","650520231106M001.pdf","650520231106E001.pdf","http://www.fpcc.com.tw/tw/ir/material-information",法說會影音連結資訊:http://www.fpcc.com.tw/tw/ir/material-information ,"無","查詢"
"6505","台塑化","112/06/19","14:00","國票證券(台北市南京東路五段188號)","本公司受邀參加國票證券法人座談會，說明近期營運概況","650520230615M001.pdf","650520230615E001.pdf","http://www.fpcc.com.tw/tw/ir/material-information","","無","查詢"
"6505","台塑化","112/03/15","14:00","台北君悅酒店","本公司受邀參加美銀證券所舉辦之『BofA 2023 APAC TMT Conference』，說明近期營運概況","650520230310M001.pdf","650520230310E001.pdf","http://www.fpcc.com.tw/tw/ir/material-information","","無","查詢"
"6515","穎崴","112/11/13 至 112/11/14","11:00","香港","本公司受邀參加JP Morgan Global TMT Conference in Asia說明本公司營運概況","651520231110M001.pdf","651520231110E001.pdf","https://www.winwayglobal.com/earingCall","","無","查詢"
"6515","穎崴","112/11/16 至 112/11/17","09:00","新加坡","本公司受邀參加凱基證券舉辦之海外路演(NDR)說明本公司營運概況","651520231110M002.pdf","651520231110E002.pdf","https://www.winwayglobal.com/earingCall","","無","查詢"
"6515","穎崴","112/03/23","14:30","台北君悅酒店3樓凱悅廳二區(台北市信義區松壽路2號)","本公司受邀參加凱基證券舉辦之法人說明會,說明本公司營運概況","651520230323M001.pdf","651520230323E001.pdf","https://www.winwayglobal.com/tw/investors#investor-100",法說會影音連結資訊:https://youtu.be/bnbhDAIvptw ,"無","查詢"
"6515","穎崴","112/11/23","14:30","君悅飯店3樓凱悅廳二區(台北市信義區松壽路2號3樓)","本公司受邀參加凱基證券舉辦之法人說明會,說明本公司營運概況","651520231123M001.pdf","651520231123E001.pdf","https://www.winwayglobal.com/earingCall",法說會影音連結資訊:https://www.youtube.com/watch?v=p4CTf_uYOPM ,"無","查詢"
"6515","穎崴","112/08/25","14:00","台北101大樓36樓(台北市信義路五段7號)","本公司受邀參加美林證券舉辦之「BofA Taiwan Tech Tour」,說明本公司營運概況","651520230825M002.pdf","651520230825E002.pdf","https://www.winwayglobal.com/earingCall","","無","查詢"
"6525","捷敏-KY","112/05/22","14:30","臺灣證券交易所9樓大會議室
 （台北市信義路五段7號)","所屬產業概況及營運成果說明","652520230519M001.pdf","652520230519E001.pdf","http://www.gemservices.com/",同步收看網址：:http://webpro.twse.com.tw/ ,"無","查詢"
"6526","達發","112/09/20","14:30","三創生活園區12樓(地點：台北市中正區市民大道三段2號)","(1)本公司依「有價證券初次上市前業績發表會實施要點規定」，於上市前辦理股票初次上市前業績發表會。
(2)本次業績發表會將說明產業發展、財務業務狀況、未來風險、公司治理及企業社會責任、臺灣證券交易所股份有限公司董事會暨上市審議委員會要求補充揭露事項。","652620230920M001.pdf","652620230920E001.pdf","https://www.airoha.com/zh-TW/investors/law","","相關資訊請至公開資訊觀測站之法人說明會一覽表或法說會項目下查閱","查詢"
"6531","愛普*","112/05/12","09:00","台北君悅酒店(台北市信義區松壽路2號)","本公司受邀參加Macquarie舉辦之「Taiwan Corporate Day」，會中就本公司已公開資訊做說明。","653120230504M001.pdf","653120230504E001.pdf","","","無。","查詢"
"6531","愛普*","112/09/04","09:00","台北文華東方酒店","本公司受邀參加Morgan Stanley舉辦之「Taiwan AI Forum」，會中就本公司已公開之財務數字、經營績效等相關資訊進行說明。","653120230803M001.pdf","653120230803E001.pdf","","","將視台北市是否因颱風影響有無停班而調整召開時間","查詢"
"6531","愛普*","112/11/02","14:30","Webex線上會議","(1)本公司受邀參加凱基證券舉辦之法人說明會，說明本公司112年第3季營運與財務概況。 
(2)活動諮詢：凱基證券 鄭小姐，E-mail：janice.cheng@kgi.com","653120231102M001.pdf","653120231102E001.pdf","https://www.apmemory.com/zh-hant/investors/investor-events-n/",中文影音檔網址:6531_38_20231102_ch.mp4 ,"無。","查詢"
"6531","愛普*","112/03/14 至 112/03/15","11:00","台北君悅酒店","本公司受邀參加由BofA Securities舉辦之「2023 APAC TMT Conference」，會中就本公司已公開之財務數字、經營績效等相關資訊進行說明。","653120230302M001.pdf","653120230302E001.pdf","","","無。","查詢"
"6531","愛普*","112/05/04","14:30","集思台大會議中心-米開朗基羅廳(台北市羅斯福路四段85號B1)","本公司將舉行實體及線上法人說明會，說明112年第一季營運與財務概況，並回答投資人提問。同步直播網址: http://www.zucast.com/webcast/WubQM8c3","653120230504M001.pdf","653120230504E001.pdf","https://www.apmemory.com/zh-hant/investors/investor-events-n/",中文影音檔網址:6531_32_20230504_ch.mp4 ,"請多利用線上會議與會，可使用直播系統文字提問。","查詢"
"6531","愛普*","112/06/14 至 112/06/15","10:30","瑞銀證券台北辦公室","本公司受邀參加瑞銀證券舉辦之「UBS Taiwan Corporate Day」，會中就本公司已公開之財務數字、經營績效等相關資訊進行說明。","653120230504M001.pdf","653120230504E001.pdf","","","無。","查詢"
"6531","愛普*","112/06/06 至 112/06/08","13:00","分別於台北茹曦酒店、台北晶華酒店及台北香格里拉遠東國際大飯店","本公司受邀參加112/6/6「統一證券2023Q2全球展望夏季投資論壇」、112/6/7「永豐金證券2023年第二季產業論壇」、112/6/8「國泰證券2023年第二季產業論壇」，會中就本公司已公開之財務數字、經營績效等相關資訊進行說明。","653120230504M001.pdf","653120230504E001.pdf","","","無。","查詢"
"6531","愛普*","112/08/03","14:30","線上會議","本公司將舉行線上法人說明會，說明112年第2季營運與財務概況，並回答投資人提問。有意參加者可透過網路連結以下網址參加線上法人說明會，網址: http://www.zucast.com/webcast/yMTwSFWo","653120230803M001.pdf","653120230803E001.pdf","https://www.apmemory.com/zh-hant/investors/investor-events-n/",中文影音檔網址:6531_36_20230803_ch.mp4 ,"無。","查詢"
"6531","愛普*","112/03/02","14:30","線上會議","本公司將舉行線上法人說明會，說明111年第4季暨全年度營運與財務概況，並回答投資人提問。有意參加者可透過網路連結以下網址參加線上法人說明會，網址: http://www.zucast.com/webcast/DPPkPg8u","653120230302M001.pdf","653120230302E001.pdf","https://www.apmemory.com/zh-hant/investors/investor-events-n/",中文影音檔網址:6531_30_20230302_ch.mp4 ,"無。","查詢"
"6533","晶心科","112/08/17","16:00","本公司於112/08/17召開第二季線上法人說明會","晶心科技謹訂於8月17日(星期四)，舉行英文線上法人說明會，報告2023年第二季營運成果及公司未來展望","653320230817M001.pdf","653320230817E001.pdf","http://www.andestech.com/tw/法人說明會召開資訊/",同步收看網址：:https://zoom.us/webinar/register/WN_D0_HAtSZRMeYOcCqQDMKOA 法說會影音連結資訊:https://youtu.be/tVAKNub1wXk ,"無","查詢"
"6533","晶心科","112/05/22 至 112/05/23","09:00","東京","本公司受邀參加元富證券在日本舉辦之&quot;元富證券日本東京海外企業日&quot;法說會","653320230518M001.pdf","653320230518E001.pdf","http://www.andestech.com/tw/法人說明會召開資訊/","","無","查詢"
"6533","晶心科","112/05/24","14:00","台北君悅酒店3樓會議室(台北市松壽路2號3樓)","本公司受邀參加台新證券舉辦之&quot;台新2023第二季全球投資論壇
&quot;","653320230518M002.pdf","653320230518E002.pdf","http://www.andestech.com/tw/法人說明會召開資訊/","","無","查詢"
"6533","晶心科","112/11/22","09:00","台北香格里拉遠東大酒店","本公司受邀參加CLSA舉辦之Taiwan Market Mover 2024 Access Day","653320231109M001.pdf","653320231109E001.pdf","http://www.andestech.com/tw/法人說明會召開資訊/","","無","查詢"
"6533","晶心科","112/11/23","10:00","台北Ｗ飯店","本公司受邀參加花旗證券所舉辦之Citi’s 2023 Taiwan Corporate Day","653320231109M001.pdf","653320231109E001.pdf","http://www.andestech.com/tw/法人說明會召開資訊/","","無","查詢"
"6533","晶心科","112/11/10","12:15","台北君悅酒店 (台北市信義區松壽路2號)","本公司受邀參加Macquarie舉辦之Global AI Conference","653320231109M001.pdf","653320231109E001.pdf","http://www.andestech.com/tw/法人說明會召開資訊/","","無","查詢"
"6533","晶心科","112/06/16","10:30","UBS台北辦公室(台北市信義區松仁路7號)","本公司受邀參加瑞銀證券舉辦之「UBS Taiwan Corporate Day」","653320230518M002.pdf","653320230518E002.pdf","http://www.andestech.com/tw/法人說明會召開資訊/","","無","查詢"
"6533","晶心科","112/08/30","10:00","台北茹曦酒店2樓會議廳(台北市松山區敦化北路100號)","本公司受邀參加群益金鼎證券舉辦之總經趨勢與電子產業論壇","653320230829M001.pdf","653320230829E001.pdf","http://www.andestech.com/tw/法人說明會召開資訊/","","無","查詢"
"6533","晶心科","112/12/12","15:40","台北晶華酒店4樓(台北市中山北路二段39巷3號)","本公司受邀參加永豐金證券舉辦之 2023年第四季產業論壇","653320231212M001.pdf","653320231212E001.pdf","http://www.andestech.com/tw/法人說明會召開資訊/","","無","查詢"
"6533","晶心科","112/01/05","10:00","線上法說會","本公司受邀參加Credit Suisse 舉辦之Greater China Technology and Internet Conference","653320221130M001.pdf","653320221130E001.pdf","http://www.andestech.com/tw/法人說明會召開資訊/","","無","查詢"
"6533","晶心科","112/04/12","14:00","台北市信義路四段236號7樓(宏遠證券股份有限公司)","本公司受邀參加宏遠證券所舉辦之「2023年潛力產業投資論壇」","653320230411M001.pdf","653320230411E001.pdf","http://www.andestech.com/tw/法人說明會召開資訊/","","無","查詢"
"6533","晶心科","112/04/13","14:30","101台灣證券交易所1樓資訊展示中心(台北市信義區信義路五段7號,101大樓)","本公司受邀參加永豐金證券與台灣證交所合作舉辦之2023業績發表會，參加方式及相關資料請詳證交所首頁: https://www.twse.com.tw/zh/page/focus/events.html)","653320230412M001.pdf","653320230412E001.pdf","http://www.andestech.com/tw/法人說明會召開資訊/",同步收看網址：:https://webpro.twse.com.tw/webportal/?liveChannelId=1 法說會影音連結資訊:https://webpro.twse.com.tw/WebPortal/vod/101/3B8E295B393F-0B6E3133-D9CC-11ED-ADD4/?categoryId=101 ,"無","查詢"
"6533","晶心科","112/03/02","15:15","台北君悅酒店(台北市信義區松壽路2號3樓)","本公司受邀參加統一證券2023Q1全球展望春季投資論壇","653320230301M001.pdf","653320230301E001.pdf","http://www.andestech.com/tw/法人說明會召開資訊/","","無","查詢"
"6533","晶心科","112/03/13 至 112/03/16","14:30","台北君悅酒店(台北市松壽路2號)","本公司受邀參加BofA舉辦之2023 APAC TMT Conference","653320230313M001.pdf","653320230313E001.pdf","http://www.andestech.com/tw/法人說明會召開資訊/","","無","查詢"
"6533","晶心科","112/06/02","10:00","台北W飯店","本公司受邀參加Citi舉辦之Regional Tech Conference","653320230518M002.pdf","653320230518E002.pdf","http://www.andestech.com/tw/法人說明會召開資訊/","","無","查詢"
"6533","晶心科","112/06/07","14:00","線上座談會","本公司受邀參加第一金證券舉辦之線上投資論壇","653320230518M002.pdf","653320230518E002.pdf","http://www.andestech.com/tw/法人說明會召開資訊/","","無","查詢"
"6533","晶心科","112/06/09","10:50","台北晶華酒店4F(台北市中山北路二段39巷3號)","本公司受邀參加元大證券舉辦之第二季投資論壇","653320230518M002.pdf","653320230518E002.pdf","http://www.andestech.com/tw/法人說明會召開資訊/","","無","查詢"
"6533","晶心科","112/09/06","11:20","台北文創6樓(台北市信義區菸廠路88號)","公告本公司受邀參加元富證券所舉辦之「2023秋季產業投資論壇」","653320230829M001.pdf","653320230829E001.pdf","http://www.andestech.com/tw/法人說明會召開資訊/","","無","查詢"
"6533","晶心科","112/09/07","14:00","線上座談會","本公司受邀參加第一金證券舉辦之線上座談會","653320230829M001.pdf","653320230829E001.pdf","http://www.andestech.com/tw/法人說明會召開資訊/","","無","查詢"
"6534","正瀚-創","112/11/29","14:30","台北寒舍艾美酒店3樓翡翠珍珠廳(台北市信義區松仁路38號)","本次業績發表會將由本公司經營團隊說明產業發展、財務業務狀況、未來風險、公司治理及企業社會責任、臺灣證券交易所股份有限公司董事會暨上市審議委員會要求補充揭露事項。","653420231123M001.pdf","653420231123E001.pdf","https://www.chbio.com.tw/investor_relation/shareholder/investor_conference/","","無","查詢"
"6541","泰福-KY","112/05/12","15:00","台北市敦化南路二段97號11樓
（敦南摩天大廈-元富證券11樓教育訓練室）","本公司受邀參加元富證券舉辦之法人說明會，會中將說明本公司之產品現況及未來發展計畫。","654120230512M001.pdf","654120230512E001.pdf","",中文影音檔網址:6541_17_20230512_ch.mp4 ,"無","查詢"
"6550","北極星藥業-KY","112/12/21","14:00","富邦人壽大樓(台北市大安區敦化南路1段108號B2F)
「國際會議中心」B區","說明本公司營運概況","655020231221M001.pptx","655020231221E001.pptx","",法說會影音連結資訊:https://youtu.be/bPm1pXwNlsE ,"無","查詢"
"6550","北極星藥業-KY","112/03/09","15:00","報名請與第一金證券劉貞秀協理jenny.liu@firstsec.com.tw 聯繫","本公司受邀參加第一金證券舉辦之線上投資座談會","655020230309M001.pdf","655020230309E001.pdf","",法說會影音連結資訊:未輸 ,"無","查詢"
"6550","北極星藥業-KY","112/06/09","15:00","Webex線上會議","本公司受邀參加證交所、台灣董事學會及安擘諮詢共同舉辦之
外資論壇「站在全球地緣政治變動新時代的浪尖」","655020230610M001.pptx","655020230610E001.pptx","","","無","查詢"
"6550","北極星藥業-KY","112/09/11","14:30","臺灣證券交易所(101大樓)1樓資訊展示中心(台北市信義路5段7號1樓)","說明本公司財務暨營運概況","655020230911M001.pdf","655020230911E001.pdf","",同步收看網址：:https://webpro.twse.com.tw/WebPortal/?liveChannelId=1 法說會影音連結資訊:https://webpro.twse.com.tw/WebPortal/vod/101/7B4A5F2A05EA-932205B5-5075-11EE-87FC/?categoryId=101 ,"無","查詢"
"6552","易華電","112/11/21","14:00","高雄市前鎮區中山二路2號9樓之1","本公司會中將就本公司已公開發布之財務業務等相關資訊做說明。","655220231117M001.pdf","655220231117E001.pdf","http://www.jmct.com.tw/",中文影音檔網址:6552_13_20231121_ch.MP4 ,"無","查詢"
"6558","興能高","112/11/13","14:30","線上法人說明會","本公司受邀參加由凱基證券舉辦之線上法人說明會","655820231113M001.pdf","655820231113E001.pdf","https://www.synst.com.tw/zh-tw/a4-1206-6024/2023%E5%B9%B4.html",法說會影音連結資訊:https://www.youtube.com/watch?v=o_gWjsqXPXE ,"無","查詢"
"6573","虹揚-KY","112/05/25","14:00","康和證券總部大樓B2會議廳
台北市基隆路一段176號","本公司受邀參加康和證券舉辦112.Q1法人說明會，主要內容為公司營運概況及展望說明。","657320230524M001.pdf","657320230524E001.pdf","https://www.hygroup.com.tw/tw-ww/investors/conference.aspx",中文影音檔網址:6573_11_20230525_ch.MP4 ,"報名網址：https://reurl.cc/NAGd66","查詢"
"6573","虹揚-KY","112/11/30","14:00","線上法說會","本公司受邀參加康和證券舉辦之2023Q4線上法人說明會，主要內容為公司營運概況及展望說明。","657320231129M001.pdf","657320231129E001.pdf","https://www.hygroup.com.tw/tw-ww/investors/conference.aspx",法說會影音連結資訊:未輸 ,"報名網址：https://reurl.cc/NAGd66","查詢"
"6579","研揚","112/08/15","14:30","線上會議","說明公司112年上半年營運及財務相關狀況","657920230814M001.pdf","657920230814E001.pdf","https://www.aaeon.com/tw/ai/investors-conference",法說會影音連結資訊:https://youtu.be/iX7g_9hWw0U ,"無","查詢"
"6579","研揚","112/12/28","14:30","線上會議","說明公司營運及財務相關狀況","657920231227M001.pdf","657920231227E001.pdf","https://www.aaeon.com/tw/ai/investors-conference",法說會影音連結資訊:https://youtu.be/I3YB1BvtT18 ,"無","查詢"
"6581","鋼聯","112/11/07","14:00","線上法說會","本公司受邀參加康和證券舉辦之法人說明會，說明本公司之營運、財務及業務狀況。","658120231107M001.pdf","658120231107E001.pdf","https://www.tsutw.com.tw/",同步收看網址：:https://tsutw.webex.com/meet/tsu1021 ,"無。","查詢"
"6581","鋼聯","112/08/22","14:30","台北市信義區信義路5段7號 (101大樓) 1樓資訊展示中心","本公司受邀參加證交所與元富證券共同辦理「新經濟產業暨健康新生活產業」主題式業績發表會","658120230822M001.pdf","658120230822E001.pdf","https://www.tsutw.com.tw/",同步收看網址：:https://webpro.twse.com.tw/webportal/?liveChannelId=1 法說會影音連結資訊:未輸 ,"無。","查詢"
"6581","鋼聯","112/07/26","14:30","台中銀證券(台北市忠孝東路一段85號6樓)","本公司受邀參加台中銀證券舉辦之法人說明會，說明本公司之營運、財務及業務狀況","658120230726M001.pdf","658120230726E001.pdf","https://www.tsutw.com.tw/",法說會影音連結資訊:未輸 ,"本次法人說明會採實體與線上同步進行，報名網址：https://www.surveycake.com/s/nlZk8","查詢"
"6581","鋼聯","112/05/12","14:30","線上法說會","本公司受邀參加台新證券舉辦之法人說明會，說明本公司之營運、財務及業務狀況","658120230512M001.pptx","658120230512E001.pptx","https://www.tsutw.com.tw/",同步收看網址：:https://tsutw.webex.com/meet/tsu1021 法說會影音連結資訊:未輸 ,"無。","查詢"
"6581","鋼聯","112/03/02","14:30","君悅酒店3F凱悅廳二區(台北市信義區松壽路2號3樓)","本公司受邀參加康和證券舉辦之法人說明會，說明本公司之營運、財務及業務狀況。","658120230302M001.pptx","658120230302E001.pptx","https://www.tsutw.com.tw/",法說會影音連結資訊:https://www.youtube.com/@user-re4up7di7l ,"無。","查詢"
"6582","申豐","112/12/20","14:30","永豐金證券(台北市中正區重慶南路一段2號18樓)","本公司受邀法人說明會，說明營運結果","658220231219M002.pdf","658220231219E002.pdf","https://www.shinfoong.com.tw/download.asp?it=9&amp;id=337",中文影音檔網址:6582_12_20231220_ch.mp4 ,"無","查詢"
"6585","鼎基","112/11/17","14:30","台北君悅酒店三樓凱悅廳二區(台北市信義區松壽路2號)","本公司受邀參加第一金證券舉辦之法人說明會，說明本公司之產業狀況及經營情形。","658520231117M001.pdf","658520231117E001.pdf","https://www.dingzing.com/tw/IRInvestor#gsc.tab=0",法說會影音連結資訊:https://www.dingzing.com/tw/IRInvestor#gsc.tab=0 ,"會後將於公開資訊觀測站公告相關資訊","查詢"
"6589","台康生技","112/11/09","14:00","線上法說會","本公司受邀參加Goldman Sachs APAC 
Healthcare Corporate Day ，
說明本公司營運概況、財務及業務相關資訊。","658920231109M001.pdf","658920231109E001.pdf","https://zh-tw.eirgenix.com/","","無","查詢"
"6589","台康生技","112/12/07","13:30","台北茹曦酒店2樓會議廳(台北市松山區敦化北路100號)","本公司受邀參加由群益金鼎證券舉辦之2023年第四季投資論壇，說明本公司之營運概況、財務及業務相關資訊。","658920231207M002.pdf","658920231207E002.pdf","https://zh-tw.eirgenix.com/","","無","查詢"
"6589","台康生技","112/03/15","14:00","凱基證券(台北市中山區明水路700號12樓)","本公司受邀參加凱基證券2023年第一季投資論壇，
說明本公司營運概況、財務及業務相關資訊。","658920230315M001.pdf","658920230315E001.pdf","https://zh-tw.eirgenix.com/","","無","查詢"
"6589","台康生技","112/01/03","14:00","元大寶慶大樓(台北市中正區寶慶路69號4樓)","本公司受邀參加由元大證券舉辦之法人說明會，
說明本公司之營運概況、財務及業務相關資訊。","658920230103M001.pdf","658920230103E001.pdf","https://zh-tw.eirgenix.com/","","無","查詢"
"6589","台康生技","112/06/16","08:30","線上法說會","本公司受邀參加UBS Taiwan Corporate Day，說明本公司營運概況、財務及業務相關資訊。","658920230615M001.pdf","658920230615E001.pdf","https://zh-tw.eirgenix.com/","","無","查詢"
"6589","台康生技","112/01/11","08:30","JW Marriott San Francisco Union Square Hotel
(舊金山聯合廣場萬豪酒店)","本公司受邀參加J.P. Morgan舉辦之41st Annual J.P. Morgan Healthcare Conference，
說明本公司之營運概況、財務及業務相關資訊。
會議期間為美西時間2023年1月9日至12日。
公司簡報時間為美西時間1月10日下午4時30分 (台灣時間1月11日上午8時30分)。","658920230110M002.pdf","658920230110E002.pdf","https://zh-tw.eirgenix.com/","","無","查詢"
"6589","台康生技","112/09/13","13:30","台北晶華酒店 (台北市中山北路二段39巷3號4F)","本公司受邀參加元大證券第三季投資論壇，
說明本公司營運概況、財務及業務相關資訊。","658920230913M001.pdf","658920230913E001.pdf","https://zh-tw.eirgenix.com/",中文影音檔網址:6589_27_20230913_ch.mp4 ,"無","查詢"
"6591","動力-KY","112/11/30","14:00","線上法說會","本公司受邀參加凱基證券所舉辦之線上法說會，會中說明本公司營運狀況。","659120231129M001.pdf","659120231129E001.pdf","https://www.sun-max.com.tw/investor_tw.php?id=20",法說會影音連結資訊:https://youtu.be/luErLvpXX8I ,"無","查詢"
"6591","動力-KY","112/03/31","13:30","張榮發國際會議中心
(台北市中正區中山南路11號10樓)","本公司受邀參加凱基證券與IR Trust共同舉辦之「2023去資金槓桿化主題式投資論壇」","659120230328M001.pdf","659120230328E001.pdf","https://www.sun-max.com.tw/investor_tw.php?id=20",法說會影音連結資訊:https://youtu.be/1gjgHIlAKAc ,"無","查詢"
"6592","和潤企業","112/08/16","14:30","線上法人說明會","本公司受邀參加台新證券舉辦之線上法說會，會中說明本公司2023年第二季營運概況。","659220230816M001.pdf","659220230816E001.pdf","https://www.hfcfinance.com.tw/zh-tw/investor/conference","","報名請洽:https://tswww.tssco.com.tw/conference/?seqno=95","查詢"
"6592","和潤企業","112/05/25","14:30","線上法人說明會","本公司受邀參加台新證券舉辦之線上法說會，會中說明本公司2023年第一季營運概況。","659220230525M001.pdf","659220230525E001.pdf","https://www.hfcfinance.com.tw/zh-tw/investor/conference",法說會影音連結資訊:https://youtu.be/fbIGBvNq3pk ,"報名請洽:https://tswww.tssco.com.tw/conference/?seqno=77","查詢"
"6592","和潤企業","112/03/30","14:30","台北市中山區建國北路一段96號B1會議室(台証大樓)","本公司受邀參加台新證券舉辦之法人說明會，會中說明本公司2022年度營運成果。","659220230330M001.pdf","659220230330E001.pdf","https://www.hfcfinance.com.tw/zh-tw/investor/conference",法說會影音連結資訊:https://www.youtube.com/watch?v=F7ppSBCURu8 ,"報名請洽https://tswww.tssco.com.tw/conference/?seqno=63","查詢"
"6592","和潤企業","112/11/23","14:00","台北晶華酒店4樓會議室(台北市中山區中山北路二段39巷3號)","本公司受邀參加台新證券舉辦之「台新2023年第四季全球投資論壇」，會中說明本公司2023年第三季營運概況。","659220231122M001.pdf","659220231122E001.pdf","https://www.hfcfinance.com.tw/zh-tw/investor/conference","","無","查詢"
"6598","ABC-KY","112/12/08","14:30","臺灣證券交易所1樓資訊展示中心(台北市信義路5段7號101大樓1樓)","瑞磁生技(ABC-KY)受邀參加臺灣證券交易所財務業務說明會。","659820231206M001.pdf","659820231206E001.pdf","",同步收看網址：:https://webpro.twse.com.tw/ 法說會影音連結資訊:https://webpro.twse.com.tw/WebPortal/vod/101/7B10A96FF4E1-3E24628D-959D-11EE-B57F/?categoryId=101 ,"無。","查詢"
"6598","ABC-KY","112/02/22","14:00","線上會議","本公司受邀參加元富證券與環球生技舉辦之生醫產業趨勢論壇，說明本公司營運概況。","659820230221M001.pdf","659820230221E001.pdf","","","報名網址:https://news.gbimonthly.com/tw/activity/show.php?num=1062","查詢"
"6605","帝寶","112/12/01","14:00","台北市松山區南京東路五段188號15樓 會議室","本公司受邀參加國票綜合證券舉辦之法人說明會，向法人說明本公司營運概況。","660520231130M001.pdf","660520231130E001.pdf","",法說會影音連結資訊:https://drive.google.com/file/d/1svKLWv1AMDPqN3xVoRzN3DkIzL8asXHG/view?usp=drive_link ,"無","查詢"
"6605","帝寶","112/07/28","14:00","台北市松山區南京東路五段188號15樓 會議室","本公司受邀參加國票綜合證券舉辦之法人說明會，向法人說明本公司營運概況。","660520230727M001.pdf","660520230727E001.pdf","",法說會影音連結資訊:https://drive.google.com/file/d/1uWscDov52sTI7UlDpvVKD8P0hwEisOIe/view?usp=sharing ,"無","查詢"
"6606","建德工業","112/02/22","14:30","台北大直典華3F溫莎堡廳(台北市中山區植福路8號3F)","本公司依「有價證券初次上市前業績發表會實施要點規定」，於上市前辦理股票初次上市前業績發表會。","660620230221M001.pdf","660620230221E001.pdf","https://kentind.com/corporate_governance-5/","","無","查詢"
"6625","必應","112/09/27","14:30","台北市中山區建國北路一段96號B1 (台証金融大樓)","本公司受邀參加台新證券舉辦之法人說明會，報告本公司營運狀況。","662520230927M001.pdf","662520230927E001.pdf","http://www.bin-live.com",中文影音檔網址:6625_7_20230927_ch.mp4 ,"無","查詢"
"6641","基士德-KY","112/05/24","14:30","台北市信義區信義路五段7號9樓(證券交易所大會議室)","本公司受邀參加臺灣證券交易所舉辦之財務業務說明會，說明本公司之營運概況。","664120230523M001.pdf","664120230523E001.pdf","https://www.gsd.net.tw/",同步收看網址：:http://webpro.twse.com.tw/ 法說會影音連結資訊:https://webpro.twse.com.tw/WebPortal/vod/101/EFACD3E743BD-A049BA30-FA05-11ED-BF21/?categoryId=101 ,"本公司將派員於14:00~14:40，於101辦公大樓信義路入口閘門處發放臨時出入證。","查詢"
"6641","基士德-KY","112/03/30","15:20","臺灣證券交易所1樓資訊展示中心","本公司受邀參加臺灣證券交易所舉辦之財務業務說明會，說明本公司之營運概況。","664120230329M001.pdf","664120230329E001.pdf","https://www.gsd.net.tw/",同步收看網址：:https://webpro.twse.com.tw/webportal/?liveChannelId=1 法說會影音連結資訊:https://webpro.twse.com.tw/WebPortal/vod/101/3B8E295B393F-ADE41D49-CED4-11ED-ADD4/?categoryId=101 ,"無","查詢"
"6641","基士德-KY","112/09/06","15:30","台北市信義區信義路五段7號1樓(證券交易所資訊展示中心)","本公司受邀參加臺灣證券交易所舉辦之財務業務說明會，說明本公司之營運概況。","664120230831M001.pdf","664120230831E001.pdf","https://www.gsd.net.tw/",同步收看網址：:http://webpro.twse.com.tw/ 法說會影音連結資訊:https://webpro.twse.com.tw/WebPortal/vod/101/7B4A5F2A05EA-90177525-4C8D-11EE-87FC/?categoryId=101 ,"無","查詢"
"6645","金萬林-創","112/11/23","14:30","台北君悅酒店3樓凱悅一區宴會廳
(台北市信義區松壽路2號)","(1)本公司依「有價證券初次上市前業績發表會實施要點」規定，於上市前辦理股票初次上市前業績發表會。
(2)本次業績發表會將由本公司經營團隊說明產業發展、財務業務狀況、未來風險、公司治理及企業社會責任、臺灣證券交易所股份有限公司董事會暨上市審議委員會要求補充揭露事項。
(3)欲現場參加者，事先報名網址：https://reurl.cc/MyRqm3。","664520231122M002.pdf","664520231122E002.pdf","網址： https://www.kimforest.com/index.php?action=investors","","無","查詢"
"6655","科定","112/09/22","14:00","線上法說會","本公司受邀參加中國信託證券舉辦之法人說明會，說明本公司近期營運概況。","665520230921M001.pdf","665520230921E001.pdf","",中文影音檔網址:6655_8_20230922_ch.mp4 ,"完整財務業務資訊請至公開資訊觀測站之法人說明會一覽表或法說會項目下查閱。","查詢"
"6657","華安","112/09/06","15:00","台北國泰萬怡酒店百合廳(台北市中山區民生東路三段6號2樓)","本公司受邀參加中國信託證券舉辦之「2023年中信證券第三季前瞻論壇」，會中說明本公司財務營運概況","665720230906M001.pdf","665720230906E001.pdf","https://www.energenesis-biomedical.com/invest_juridical.php","","無","查詢"
"6657","華安","112/05/11","14:30","台北君悅酒店3樓凱悅廳I區(台北市松壽路2號)","(1)依據「臺灣證券交易所股份有限公司有價證券初次上市前業績發表會實施要點」規定，辦理股票上市前業績發表會。 (2)本次業績發表會將由本公司經營團隊說明產業發展、財務業務狀況、未來風險、公司治理、企業社會責任及臺灣證券交易所股份有限公司董事會暨上市審議委員會要求補充揭露事項等項目。","665720230510M001.pdf","665720230510E001.pdf","https://www.energenesis-biomedical.com/invest_juridical.php","","相關資訊請至公開資訊觀測站之法人說明會一覽表或法說會項目下查閱。","查詢"
"6657","華安","112/12/21","14:30","大展證券13樓會議室(台北市承德路一段17號13樓)","本公司受邀參加大展證券舉辦之「2023年度法人說明會」，會中說明本公司財務營運概況","665720231221M001.pdf","665720231221E001.pdf","https://www.energenesis-biomedical.com/invest_juridical.php",法說會影音連結資訊:https://www.youtube.com/watch?v=kX2X3N-ImgI ,"無","查詢"
"6658","聯策","112/10/03","14:30","台北君悅酒店3樓 凱悅廳I區(台北市松壽路2號)","本公司依「有價證券初次上市前業績發表會實施要點規定」，於上市前辦理股票初次上市前業績發表會。","665820231002M001.pdf","665820231002E001.pdf","https://www.synpower.com.tw/","","無","查詢"
"6666","羅麗芬-KY","112/05/18","14:30","台北市敦化南路二段97號11樓","本公司受邀參加元富證券舉辦之法人說明會,說明本公司營運概況","666620230518M001.pdf","666620230518E001.pdf","https://luolifen.com/tc/join1-33.html",法說會影音連結資訊:https://youtu.be/V7T5Z8k0J1s ,"無","查詢"
"6666","羅麗芬-KY","112/08/28","14:30","台北市敦化南路二段97號11樓","本公司受邀參加元富證券舉辦之法人說明會,說明本公司營運概況","666620230828M001.pdf","666620230828E001.pdf","https://luolifen.com/tc/join1-33.html",法說會影音連結資訊:https://youtu.be/8Q8k-4KfEHA ,"無","查詢"
"6668","中揚光","112/09/22","14:00","線上法說會","受邀參加元大證券舉辦之法人說明會","666820230920M001.pdf","666820230920E001.pdf","http://www.jmo-corp.com/page/about/index.aspx?kind=35",法說會影音連結資訊:https://myppt.cc/BKC6bm ,"相關資訊將依規定揭露於公開資訊觀測站。","查詢"
"6669","緯穎","112/05/22 至 112/05/23","08:00","於日本召開法人說明會","本公司受邀參加元富證券在日本舉辦之「元富證券日本東京海外企業日」法說會","666920230508M001.pdf","666920230508E001.pdf","https://www.wiwynn.com/zh/investors/shareholders-services#investor-meetings","","無","查詢"
"6669","緯穎","112/06/02","13:00","台北W飯店(台北市信義區忠孝東路五段10號)","本公司受邀參加 Citi Research 舉辦之Citi Regional Tech Conference 2023","666920230508M001.pdf","666920230508E001.pdf","https://www.wiwynn.com/zh/investors/shareholders-services#investor-meetings","","無","查詢"
"6669","緯穎","112/11/07","16:00","電話說明會","本公司受邀參加凱基證券舉辦之線上法人說明會","666920231106M001.pdf","666920231106E001.pdf","https://www.wiwynn.com/zh/investors/shareholders-services#investor-meetings",中文影音檔網址:6669_46_20231107_ch.mp4 ,"無","查詢"
"6669","緯穎","112/05/09","15:00","電話說明會","本公司受邀參加UBS Securities舉辦之線上法人說明會","666920230508M001.pdf","666920230508E001.pdf","https://www.wiwynn.com/zh/investors/shareholders-services#investor-meetings","","無","查詢"
"6669","緯穎","112/02/23","16:00","線上法人說明會","本公司受邀參加Citi Research舉辦之線上法人說明會","666920230222M001.pdf","666920230222E001.pdf","https://www.wiwynn.com/zh/investors/shareholders-services#investor-meetings","","無","查詢"
"6669","緯穎","112/08/08","16:00","電話說明會","本公司受邀參加Citi Research舉辦之線上法人說明會","666920230807M001.pdf","666920230807E001.pdf","https://www.wiwynn.com/zh/investors/shareholders-services#investor-meetings","","無","查詢"
"6669","緯穎","112/03/17","15:30","台北文華東方酒店(台北市松山區敦化北路158號)","本公司受邀參加 Morgan Stanley 舉辦之Titans of Taiwan Tech Trip","666920230222M001.pdf","666920230222E001.pdf","https://www.wiwynn.com/zh/investors/shareholders-services#investor-meetings","","無","查詢"
"6670","復盛應用","112/06/29","14:00","台北市南京東路五段188號15樓","本公司受邀參加國票證券舉辦之法人說明會，說明本公司之營運狀況。","667020230629M001.pdf","667020230629E001.pdf","https://www.fusheng-precision.com/copy-of-8","","無","查詢"
"6670","復盛應用","112/08/11","14:30","台北市大安區仁愛路四段169號2樓","本公司受邀參加富邦證券舉辦之法人說明會，說明本公司之營運狀況。","667020230811M001.pdf","667020230811E001.pdf","https://www.fusheng-precision.com/copy-of-8","","無","查詢"
"6670","復盛應用","112/12/07","14:00","台北市大安區仁愛路四段169號15樓","本公司受邀參加富邦證券舉辦之法人說明會，說明本公司之營運狀況。","667020231207M001.pptx","667020231207E001.pptx","https://www.fusheng-precision.com/copy-of-8","","無","查詢"
"6670","復盛應用","112/04/12","16:20","台北市信義路四段236號7樓","本公司受邀參加宏遠證券舉辦之法人說明會，說明本公司之營運狀況。","667020230412M001.pdf","667020230412E001.pdf","https://www.fusheng-precision.com/copy-of-8","","無","查詢"
"6670","復盛應用","112/03/28","14:30","台北市寶慶路69號4樓會議室","本公司受邀參加元大證券舉辦之法人說明會，說明本公司之營運狀況。","667020230328M001.pdf","667020230328E001.pdf","https://www.fusheng-precision.com/copy-of-8",中文影音檔網址:6670_22_20230328_ch.mp4 ,"無","查詢"
"6671","三能-KY","112/03/30","14:30","台北市信義路5段7號（臺灣證券交易所1樓資訊展示中心）","本公司受邀參加臺灣證券交易所舉辦之『112年第1季第一上市公司財務業務說明會』，說明本公司2022年度營業成果及未來營運展望。","667120230329M001.pdf","667120230329E001.pdf","https://www.sannenggroup.com/2_investment.html",同步收看網址：:https://webpro.twse.com.tw/webportal/?liveChannelId=1 法說會影音連結資訊:https://reurl.cc/Dmxz7O ,"無","查詢"
"6671","三能-KY","112/11/30","14:30","台北市復興北路99號6樓(&#29319;亞會議中心)","本公司受邀參加富邦綜合證券股份有限公司舉辦之法人說明會，說明本公司2023年第3季營業成果及未來營運展望。","667120231129M002.pdf","667120231129E002.pdf","https://sannenggroup.com/investors-2/shareholders/","","報名網址：https://reurl.cc/DoQmpj   E-mail: moca.wu@fubon.com","查詢"
"6672","騰輝電子-KY","112/06/16","14:00","台北市寶慶路69號4樓(元大證券)","主要向投資人說明本公司營運概況、財務及業務狀況","667220230608M001.pdf","667220230608E001.pdf","",中文影音檔網址:6672_14_20230616_ch.mp4 ,"無","查詢"
"6674","鋐寶科技","112/12/07","14:30","線上法說會","本公司受邀參加凱基證券舉辦之線上法人說明會，就本公司已公開發佈之訊息作說明。","667420231206M001.pptx","667420231206E001.pptx","https://www.icbn.com.tw",中文影音檔網址:6674_8_20231207_ch.mp4 ,"無","查詢"
"6689","伊雲谷","112/10/16 至 112/10/19","08:30","新加坡及香港","本公司受麥格理證券邀請，參加其舉辦之海外路演(Non-deal roadshow, NDR)，報告公司簡介與營運現況。10/16~10/17於新加坡舉行，10/18~10/19於香港舉行。","668920230911M001.pdf","668920230911E001.pdf","https://www.ecloudvalley.com/tw/p/investors-shareholder-services#","","無","查詢"
"6689","伊雲谷","112/05/24","15:15","台北君悅酒店3樓","本公司受邀參加台新證券舉辦之「台新2023年第二季全球投資論壇」，說明本公司之營運概況、財務及業務相關資訊。","668920230524M001.pdf","668920230524E001.pdf","https://www.ecloudvalley.com/tw/p/investors-shareholder-services#",法說會影音連結資訊:https://www.youtube.com/watch?v=Il3ApQ73pIE ,"無","查詢"
"6689","伊雲谷","112/05/12","12:00","台北君悅酒店3樓","本公司受邀參加麥格理證券舉辦之「Taiwan Corporate Day」，說明本公司之營運概況、財務及業務相關資訊。","668920230511M001.pdf","668920230511E001.pdf","https://www.ecloudvalley.com/tw/p/investors-shareholder-services#","","無","查詢"
"6689","伊雲谷","112/06/07","15:15","台北文創(台北市信義區菸廠路88號)","本公司受邀參加元富證券舉辦之「2023年夏季產業投資論壇」，說明本公司之營運概況、財務及業務相關資訊。","668920230524M001.pdf","668920230524E001.pdf","https://www.ecloudvalley.com/tw/p/investors-shareholder-services#","","無","查詢"
"6689","伊雲谷","112/09/13","10:50","台北晶華酒店(台北市中山北路二段39巷3號)4F","本公司受邀參加元大證券舉辦之「2023元大證券第三季投資論壇」，說明本公司之營運概況、財務及業務相關資訊。","668920230911M001.pdf","668920230911E001.pdf","https://www.ecloudvalley.com/tw/p/investors-shareholder-services#","","無","查詢"
"6689","伊雲谷","112/08/23","15:20","臺灣證券交易所1樓資訊展示中心(台北市信義區信義路五段7號,101大樓)","本公司受邀參加臺灣證交所與第一金證券合作舉辦之「新經濟產業暨健康新生活產業」主題式業績發表會，說明本公司之營運概況、財務及業務相關資訊。","668920230823M001.pdf","668920230823E001.pdf","https://www.ecloudvalley.com/tw/p/investors-shareholder-services#",同步收看網址：:https://webpro.twse.com.tw/webportal/?liveChannelId=1 ,"無","查詢"
"6691","洋基工程","112/04/19","15:00","實體及線上法說會。 
實體地點:台北市敦化南路一段108號B2","本公司受邀參加富邦綜合證券舉辦之法人說明會","669120230420M001.pdf","669120230420E001.pdf","https://www.yankey.com.tw/Investment/conference",法說會影音連結資訊:https://www.yankey.com.tw/investment/view/conference/264 ,"欲報名參加者，請以E-mail回覆 富邦法人部Irene(E-mail:irene.yt.lin@fubon.com)","查詢"
"6695","芯鼎","112/12/26","14:00","福邦證券(台北市忠孝西路一段6號7樓)","本公司應福邦證券之邀請，於該公司舉辦法人座談會，將於會中就已公開之2023年第三季財務及業務等相關資訊做說明。","669520231226M001.pdf","669520231226E001.pdf","https://www.icatchtek.com/Analysts",法說會影音連結資訊:https://www.icatchtek.com/Analysts ,"完整財務業務資訊請至公開資訊觀測站之法人說明會一覽表或法說會項目下查閱。","查詢"
"6698","旭暉應材","112/12/22","14:30","線上法說會","112年度旭暉應用材料股份有限公司線上法人說明會","669820231222M001.pdf","669820231222E001.pdf","https://www.fine-mat.com/investor/investor_5/",法說會影音連結資訊:https://youtu.be/DYZ_aU2NFF8 ,"法說會報名網址 https://forms.gle/9i7NjuEtDc5JzDdk9","查詢"
"6706","惠特","112/11/30","14:30","線上法說會","本公司受邀參加凱基證券舉辦之法人說明會，說明本公司營運概況以及未來展望。","670620231130M001.pdf","670620231130E001.pdf","https://zh-tw.fittech.com.tw/data_3845",中文影音檔網址:6706_9_20231130_ch.mp4 ,"無。","查詢"
"6706","惠特","112/04/11","14:30","線上法說會","本公司受邀參加凱基證券舉辦之法人說明會，說明本公司營運概況以及未來展望。","670620230411M001.pdf","670620230411E001.pdf","https://zh-tw.fittech.com.tw/data_3845",中文影音檔網址:6706_8_20230411_ch.mp4 ,"無。","查詢"
"6715","嘉基","112/12/28","14:30","南港中信金融園區B棟13樓1302會議室(南港區經貿二路188號13樓)","本公司受邀參加中信證券舉辦之法人說明會","671520231228M001.pdf","671520231228E001.pdf","https://www.lintestech.com/investors/corporate-briefing/","","無","查詢"
"6715","嘉基","112/09/13","13:30","台北晶華酒店","本公司受邀參加元大證券舉辦之「2023年元大證券第三季投資論壇」","671520230913M001.pdf","671520230913E001.pdf","https://www.lintestech.com/investors/corporate-briefing/","","無","查詢"
"6715","嘉基","112/06/06","13:30","台北國泰萬怡酒店(台北市中山區民生東路三段6號2樓)","本公司受邀參加中國信託證券舉辦之「2023年中信證券第二季前瞻論壇」","671520230608M001.pdf","671520230608E001.pdf","https://www.lintestech.com/investors/corporate-briefing/",法說會影音連結資訊:https://www.youtube.com/watch?v=Ij1WBHLxgQQ&list=PLcKQ7v9iRO-9a1H4vu1Hv3Msxu7wBwtPf ,"無","查詢"
"6719","力智","112/11/08","14:30","線上","本公司受邀參加福邦證券舉辦之線上法人說明會","671920231108M001.pdf","671920231108E001.pdf","https://www.upi-semi.com/tw-article-upi-734-2439","","無","查詢"
"6719","力智","112/05/12","14:30","線上","本公司受邀參加福邦證券舉辦之線上法人說明會","671920230512M001.pdf","671920230512E001.pdf","https://www.upi-semi.com/tw-article-upi-734-2439","","無","查詢"
"6719","力智","112/02/17","14:30","線上","本公司受邀參加福邦證券舉辦之線上法人說明會","671920230217M001.pdf","671920230217E001.pdf","https://www.upi-semi.com/tw-article-upi-734-2439","","無","查詢"
"6719","力智","112/08/11","14:30","線上","本公司受邀參加福邦證券舉辦之線上法人說明會","671920230810M001.pdf","671920230810E001.pdf","https://www.upi-semi.com/tw-article-upi-734-2439",法說會影音連結資訊:https://youtu.be/3sDgWPEvHFs ,"無","查詢"
"6722","輝創","112/05/08","14:00","(牛牛牛)亞會議中心6樓B廳(台北市復興北路99號6樓B廳)","本公司受邀參加富邦綜合證券舉辦之興櫃前法人說明會，說明本公司營運概況與未來展望。","672220230508M001.pdf","672220230508E001.pdf","","","無。","查詢"
"6742","澤米","112/11/08","14:30","台北君悅酒店3樓 凱悅廳I區 (台北市松壽路2號)","(1)依據「臺灣證券交易所股份有限公司有價證券初次上市前業績發表會實施要點」規定，辦理股票上市前業績發表會。 
(2)本次業績發表會將由本公司經營團隊說明產業發展、財務業務狀況、未來風險、公司治理、企業社會責任及臺灣證券交易所股份有限公司董事會暨上市審議委員會要求補充揭露事項等項目。","674220231106M001.pdf","674220231106E001.pdf","https://www.vactronics.com.tw/article/%E6%B3%95%E4%BA%BA%E8%AA%AA%E6%98%8E%E6%9C%83","","相關資訊請至公開資訊觀測站之法人說明會一覽表或法說會項目下查閱。","查詢"
"6743","安普新","112/12/08","14:30","台北市南港區經貿二路188號13樓1302會議室(中信金控總部B棟13樓)","本公司受邀參加中國信託證券舉辦之法人說明會","674320231208M001.pdf","674320231208E001.pdf","https://www.ampacscorp.com/zh-tw/ir/internal",中文影音檔網址:6743_5_20231208_ch.MP4 ,"無","查詢"
"6753","龍德造船","112/02/07","14:30","台北遠東國際大飯店3樓遠東宴會廳(台北市大安區敦化南路二段201號)","(1)本公司依「有價證券初次上市前業績發表會實施要點規定」，於上市前辦理股票初次上市前業績發表會。
(2)本次業績發表會將由本公司經營團隊說明產業發展、財務業務狀況、未來風險、公司治理及企業社會責任、臺灣證券交易所股份有限公司董事會暨上市審議委員會要求補充揭露事項。
(3)因考量防疫措施之場地與人數限制，現場開放參加之名額有限，欲現場參與本次業績發表會之貴賓，敬請事先報名。
(4)欲現場參加者，事先報名網址：https://reurl.cc/EXW7lg。","675320230207M001.pdf","675320230207E001.pdf","https://www.lungteh.com/tc/investor_detail9_0_0.htm","","無","查詢"
"6754","匯僑設計","112/11/21","14:30","線上法人說明會–Webex","本公司受邀參加凱基證券舉辦之法人說明會，為各界先進說明公司前三季營運成果及展望","675420231121M001.pdf","675420231121E001.pdf","http://www.richhonour.com/tw/investors.html",中文影音檔網址:6754_5_20231121_ch.mp4 ,"無","查詢"
"6756","威鋒電子","112/11/08","14:30","線上法說會","本公司受邀參加凱基證券舉辦之線上法人說明會，就本公司已公開發佈之訊息作說明。","675620231107M001.pptx","675620231107E001.pptx","https://www.via-labs.com/investor_activity.php","","無","查詢"
"6756","威鋒電子","112/05/08","14:30","線上法說會","本公司受邀參加凱基證券舉辦之線上法人說明會，就本公司已公開發佈之訊息作說明。","675620230505M001.pptx","675620230505E001.pptx","https://www.via-labs.com/investor_activity.php",中文影音檔網址:6756_6_20230508_ch.mp4 ,"無","查詢"
"6757","台灣虎航","112/07/20","14:30","台北君悅酒店3樓凱悅廳一區","(1)本公司依「有價證券初次上市前業績發表會實施要點」規定，於上市前辦理股票初次上市前業績發表會。
(2)本次業績發表會將由本公司經營團隊說明產業發展、財務業務狀況、未來風險、公司治理及企業社會責任、臺灣證券交易所股份有限公司董事會暨上市審議委員會要求補充揭露事項。","675720230719M001.pdf","675720230719E001.pdf","https://www.tigerairtw.com/zh-tw/about-tigerair/investors","","無","查詢"
"6757","台灣虎航","112/11/22","15:15","台北晶華酒店(台北市中山北路二段39巷3號)","本公司受邀參加台新證券舉辦之法人說明會，說明本公司營運概況。","675720231122M002.pdf","675720231122E002.pdf","https://www.tigerairtw.com/zh-tw/about-tigerair/investors",中文影音檔網址:6757_4_20231122_ch.MP4 ,"無","查詢"
"6768","志強-KY","112/09/01","14:30","臺灣證券交易所1樓資訊展示中心(台北市信義路五段7號)","本公司受臺灣證券交易所邀請參加112年第3季第一上市公司財務業務說明會","676820230831M002.pdf","676820230831E002.pdf","",同步收看網址：:https://webpro.twse.com.tw/webportal/?liveChannelId=1 法說會影音連結資訊:https://webpro.twse.com.tw/WebPortal/vod/101/3D5A2B2E678B-E0E6B24A-489B-11EE-8E13/?categoryId=101 ,"無","查詢"
"6768","志強-KY","112/12/19","14:30","元大證券（台北市寶慶路69號 4樓會議室）","本公司受邀參加元大證券舉辦之法人說明會，說明公司業務及營運概況","676820231218M001.pdf","676820231218E001.pdf","",中文影音檔網址:6768_13_20231219_ch.mp4 ,"無","查詢"
"6770","力積電","112/07/19","15:00","線上","(1)本公司2023年第二季財務暨營運報告。
(2)參加方式：https://wms.gridow.com/ir/psmc/psmc_23Q2.html","677020230719M001.pdf","677020230719E001.pdf","https://www.powerchip.com/",同步收看網址：:https://wms.gridow.com/ir/psmc/psmc_23Q2.html 法說會影音連結資訊:https://wms.gridow.com/ir/psmc/psmc_23Q2.html ,"無。","查詢"
"6770","力積電","112/05/26","15:00","線上","本公司受邀參加Yuanta Securities Korea Co., Ltd.舉辦之「元大韓國&amp;台灣第一屆全球投資論壇」，就公司營運概況向投資機構做說明。","677020230525M001.pdf","677020230525E001.pdf","https://www.powerchip.com/",英文影音檔網址:6770_33_20230526_en.mp4 ,"無。","查詢"
"6770","力積電","112/03/21 至 112/03/23","10:30","Conrad Hong Kong","本公司受邀參加Credit Suisse舉辦之「26th Credit Suisse Asian Investment Conference」，就公司營運概況向投資機構做說明。","677020230320M001.pdf","677020230320E001.pdf","https://www.powerchip.com/","","無。","查詢"
"6770","力積電","112/04/18","15:00","線上","(1)本公司2023年第一季財務暨營運報告。
(2)參加方式：https://psmc.webex.com/psmc-tc/j.php?MTID=mf1db8a234e73494e7bc148cfdd151504","677020230418M001.pdf","677020230418E001.pdf","https://www.powerchip.com/",同步收看網址：:https://psmc.webex.com/psmc-tc/j.php?MTID=mf1db8a234e73494e7bc148cfdd151504 法說會影音連結資訊:https://youtu.be/Q-pRnZTVV60 ,"無。","查詢"
"6770","力積電","112/01/13","14:00","線上","(1)本公司2022年第四季財務暨營運報告。
(2)參加方式：https://psmc.webex.com/psmc-tc/j.php?MTID=m993b7a7e9062372290b2e94b3cc87bf2","677020230113M001.pdf","677020230113E001.pdf","https://www.powerchip.com/",同步收看網址：:https://psmc.webex.com/psmc-tc/j.php?MTID=m993b7a7e9062372290b2e94b3cc87bf2 法說會影音連結資訊:https://youtu.be/jqM0g8rRScE ,"無。","查詢"
"6770","力積電","112/03/14 至 112/03/16","10:00","台北君悅酒店","本公司受邀參加BofA Securities舉辦之「2023 APAC TMT Conference」，就公司營運概況向投資機構做說明。","677020230313M001.pdf","677020230313E001.pdf","https://www.powerchip.com/","","無。","查詢"
"6770","力積電","112/10/19","15:00","線上","(1)本公司2023年第三季財務暨營運報告。
(2)參加方式：https://wms.gridow.com/ir/psmc/psmc_23Q3.html","677020231019M001.pdf","677020231019E001.pdf","https://www.powerchip.com/",同步收看網址：:https://wms.gridow.com/ir/psmc/psmc_23Q3.html 法說會影音連結資訊:https://wms.gridow.com/ir/psmc/psmc_23Q3.html ,"無。","查詢"
"6770","力積電","112/11/22 至 112/11/23","11:00","台北W Hotel","本公司受邀參加花旗證券舉辦之「Citi’s 2023 Taiwan Corporate Day」，就公司營運概況向投資機構做說明。","677020231121M001.pdf","677020231121E001.pdf","https://www.powerchip.com/","","無。","查詢"
"6770","力積電","112/02/20 至 112/02/21","10:00","台北君悅酒店","本公司受邀參加J.P. Morgan舉辦之「Taiwan CEO-CFO  Conference 2023」，就公司營運概況向投資機構做說明。","677020230217M001.pdf","677020230217E001.pdf","https://www.powerchip.com/","","無。","查詢"
"6770","力積電","112/02/21","11:00","台北W Hotel","本公司受邀參加Nomura舉辦之「Nomura Asia Tech Tour」，就公司營運概況向投資機構做說明。","677020230217M001.pdf","677020230217E001.pdf","https://www.powerchip.com/","","無。","查詢"
"6776","展碁國際","112/12/18","14:30","線上法說會","本公司受邀參加永豐金證券舉辦之線上法說會，會中就展碁國際已公開發佈之財務業務狀況進行說明。","677620231218M001.pdf","677620231218E001.pdf","","","無","查詢"
"6776","展碁國際","112/06/07","14:30","台北晶華酒店 4F (台北市中山北路二段39巷3號)","受邀請參加永豐金證券2023年第二季產業論壇","677620230606M001.pdf","677620230606E001.pdf","",中文影音檔網址:6776_9_20230607_ch.mp4 ,"無","查詢"
"6781","AES-KY","112/10/26","16:30","電話會議","本公司將參加J.P.Morgan舉辦之線上法說會","678120231026M001.pdf","678120231026E001.pdf","https://www.advancedenergysolution.com.tw/download.php?lang=tw&amp;tb=6&amp;cid=-1",法說會影音連結資訊:https://youtu.be/q683C0Xl0Zc ,"說明公司目前營運與未來展望。","查詢"
"6782","視陽","112/03/07","14:35","茹曦酒店(台北市松山區敦化北路100號)","本公司受邀參加國泰證券所舉辦之論壇，會中就本公司之財務數字、經營績效等相關資訊說明。","678220230307M001.pdf","678220230307E001.pdf","http://www.viscovision.com.tw/tw/investors_corporate.html",法說會影音連結資訊:未輸 ,"無","查詢"
"6782","視陽","112/09/13","13:30","晶華酒店(台北市中山區中山北路二段39巷3號)","本公司受邀參加元大證券所舉辦之論壇，會中就本公司之財務數字、經營績效等相關資訊說明。","678220230913M002.pdf","678220230913E002.pdf","http://www.viscovision.com.tw/tw/investors_corporate.html",中文影音檔網址:6782_3_20230913_ch.mp4 ,"無","查詢"
"6789","采鈺","112/12/20","10:00","線上法人說明會","本公司受邀參加元大證券所舉辦之線上法人說明會。","678920231120M001.pdf","678920231120E001.pdf","https://www.viseratech.com/tw/investor/operation-report/",法說會影音連結資訊:https://webpage-ott2b.cdn.hinet.net/webpage/watch?contentProvider=viseratech&v=74050 ,"無","查詢"
"6789","采鈺","112/11/22","11:00","台北W Hotel","本公司受邀參加花旗證券所舉辦之『2023 Taiwan Corporate Day』。","678920231120M001.pdf","678920231120E001.pdf","https://www.viseratech.com/tw/investor/operation-report/","","無","查詢"
"6789","采鈺","112/02/22","16:00","2022年第四季線上法人說明會","(1) 公布本公司2022年第四季財務報告及業績展望。
(2) 參加方式：請參見https://www.viseratech.com/tw/investor/operation-report/2022/","678920230222M001.pdf","678920230222E001.pdf","https://www.viseratech.com/tw/investor/operation-report/2022/",同步收看網址：:https://www.viseratech.com/tw/investor/operation-report/2022/ 法說會影音連結資訊:https://webpage-ott2b.cdn.hinet.net/webpage/watch?contentProvider=viseratech&v=57052 ,"無","查詢"
"6789","采鈺","112/03/15","09:00","台北君悅大飯店","本公司受邀參加美銀證券所舉辦之『2023 Asia Pacific Telecom, Media &amp; Technology Conference』，會中就本公司2023/2/22法說會已公開之財務數字、經營績效等相關資訊進行說明。","678920230222M001.pdf","678920230222E001.pdf","https://www.viseratech.com/tw/investor/operation-report/2022/","","無","查詢"
"6789","采鈺","112/08/10","16:00","2023年第2季線上法人說明會","(1) 公布本公司2023年第2季財務報告及業績展望。
(2) 參加方式：請參見
https://www.viseratech.com/tw/investor/operation-report/","678920230810M001.pdf","678920230810E001.pdf","https://www.viseratech.com/tw/investor/operation-report/",同步收看網址：:https://www.viseratech.com/tw/investor/operation-report/ 法說會影音連結資訊:https://webpage-ott2b.cdn.hinet.net/webpage/watch?contentProvider=viseratech&v=73560 ,"無","查詢"
"6789","采鈺","112/08/23","14:30","新竹老爺酒店","本公司受邀參加美銀證券所舉辦之『2023 Asia Tech Tour』，會中就本公司2023/8/10法說會已公開之財務數字、經營績效等相關資訊進行說明。","678920230810M001.pdf","678920230810E001.pdf","https://www.viseratech.com/tw/investor/operation-report/","","無","查詢"
"6790","永豐實","112/11/23","14:00","線上法說會","本公司受邀參加元富證券線上法說會，說明2023年第三季度營運財務狀況及未來營運展望","679020231122M001.pdf","679020231122E001.pdf","https://www.yfycpg.com/zh-TW/investor/shareholder-services","","無","查詢"
"6790","永豐實","112/08/17","14:00","線上法說會","本公司受邀參加富邦證券線上法說會，說明2023年上半年度營運財務狀況及未來營運展望","679020230816M001.pdf","679020230816E001.pdf","https://www.yfycpg.com/zh-TW/investor/shareholder-services","","無","查詢"
"6790","永豐實","112/03/30","14:00","線上法說會","本公司受邀參加富邦證券線上法說會，說明2022年營運財務狀況及未來營運展望","679020230329M001.pdf","679020230329E001.pdf","https://www.yfycpg.com/zh-TW/investor/shareholder-services",中文影音檔網址:6790_8_20230330_ch.mp4 ,"無","查詢"
"6790","永豐實","112/05/25","14:00","線上法說會","本公司受邀參加台新證券線上法說會，說明2023年第一季度營運財務狀況及未來營運展望","679020230524M001.pdf","679020230524E001.pdf","https://www.yfycpg.com/zh-TW/investor/shareholder-services","","無","查詢"
"6792","詠業","112/11/01","15:00","線上法說會","本公司受邀參加群益金鼎證券於112年11月1日舉辦之線上法人說明會，向投資人說明112年第3季營業成果及未來展望。","679220231101M001.pdf","679220231101E001.pdf","https://www.unictron.com",法說會影音連結資訊:https://www.youtube.com/watch?v=7MfWM7CbG3w 影音連結2-QA:https://www.youtube.com/watch?v=VdTP5KQb1No ,"本次採 Zoom 視訊會議，報名請至https://forms.gle/Np9ZdRynJjBrA8Wq8","查詢"
"6792","詠業","112/05/02","15:00","線上法說會","本公司受邀參加群益金鼎證券於112年5月2日舉辦之線上投資法人說明會，向投資人說明112年度第1季營業成果及未來營運展望。","679220230502M001.pdf","679220230502E001.pdf","https://www.unictron.com","","本次採 Zoom 視訊會議，線上法說報名網址：https://forms.gle/LRb7yTJWFsRpHBPt9","查詢"
"6792","詠業","112/04/25 至 112/04/28","09:00","線上法說會","本公司受邀參加由寬量國際主辦之線上法說會「13th Taiwan CEO Week &amp; Taiwan New Economy Day」，說明本公司之營運概況、財務及業務相關資訊","679220230424M001.pdf","679220230424E001.pdf","https://www.unictron.com","","無","查詢"
"6792","詠業","112/03/03","15:00","線上法說會(臺灣)","本公司受邀參加群益金鼎證券於112年3月3日舉辦之線上投資法人座談會，向投資人說明111年度營業成果及未來營運展望。","679220230303M001.pdf","679220230303E001.pdf","https://www.unictron.com",中文影音檔網址:6792_8_20230303_ch.mp4 ,"本次採 Zoom 視訊會議，報名請至 https://forms.gle/3B5qvwEc5SK18eLj6 線上報名","查詢"
"6792","詠業","112/08/02","15:00","線上法說會","本公司受邀參加群益金鼎證券於112年8月2日舉辦之線上投資法人說明會，向投資人說明112年度第2季營業成果及未來營運展望。","679220230802M001.pdf","679220230802E001.pdf","https://www.unictron.com","","本次採 Zoom 視訊會議，報名請至https://forms.gle/c5PYWGyXdQvm1amU6","查詢"
"6794","向榮生技","112/05/19","14:30","台北市大安區信義路四段236號7樓","本公司受邀參加宏遠證券舉辦之法人說明會","679420230518M001.pdf","679420230518E001.pdf","https://www.unicocell.com/","","無","查詢"
"6796","晉弘","112/12/19","14:30","南港中信金融園區B棟13樓1302會議室(台北市南港區經貿二路 188號13樓)","本公司受邀參加中國信託證券舉辦之法人說明會，說明本公司之營運概況與未來展望。","679620231219M001.pdf","679620231219E001.pdf","https://www.miis.com.tw/investor_1.php?lang=tw&amp;cid=134&amp;id=43",法說會影音連結資訊:https://youtu.be/JCFfdMk4Nc0 ,"完整財務業務資訊請至公開資訊觀測站之法說會項目下查閱。","查詢"
"6796","晉弘","112/06/28","14:30","南港中信金融園區B棟13樓1302會議室(台北市南港區經貿二路 188號13樓)。","本公司受邀參加中國信託證券舉辦之法人說明會，說明本公司之營運概況。","679620230628M001.pdf","679620230628E001.pdf","https://www.miis.com.tw/investor_1.php?lang=tw&amp;cid=134&amp;id=43","","完整財務業務資訊請至公開資訊觀測站之法說會項目下查閱。","查詢"
"6799","來頡","112/11/14","14:30","台北市寶慶路69號4樓會議室(元大證券)","本公司受邀參加元大證券舉辦之法人說明會，說明公司業務及營運概況。","679920231113M001.pdf","679920231113E001.pdf","https://www.m3tekic.com/?action=finance-report&amp;cid=3&amp;cid2=28",中文影音檔網址:6799_6_20231114_ch.mp4 ,"無","查詢"
"6799","來頡","112/03/16","14:00","線上法說會","本公司受邀參加元大證券舉辦之線上法人說明會，說明公司業務及營運概況。","679920230313M001.pdf","679920230313E001.pdf","https://www.m3tekic.com/?action=finance-report&amp;cid=3&amp;cid2=28","","無","查詢"
"6799","來頡","112/08/11","14:00","線上法說會","本公司受邀參加元大證券舉辦之線上法人說明會，說明公司業務及營運概況。","679920230808M001.pdf","679920230808E001.pdf","https://www.m3tekic.com/?action=finance-report&amp;cid=3&amp;cid2=28",中文影音檔網址:6799_5_20230811_ch.mp4 ,"無","查詢"
"6805","富世達","112/10/12","14:30","台北遠東國際大飯店3F香格里拉宴會廳(台北市大安區敦化南路二段201號3F)","(1)本公司依「有價證券初次上市前業績發表會實施要點規定」，於上市前辦理股票初次上市前業績發表會。
(2)因考量場地與人數限制，現場開放參加之名額有限，欲現場參與本次業績發表會之貴賓，敬請事先報名。
(3)欲現場參加者，事先報名網址： https://reurl.cc/q0OkjD。","680520231011M001.pdf","680520231011E001.pdf","有,網址:https://www.fositek.com/zh-tw/","","無","查詢"
"6806","森崴能源","112/12/11","14:30","台北市忠孝西路一段6號7樓 (福邦證券股份有限公司)","本公司營運狀況及未來展望說明","680620231211M001.pdf","680620231211E001.pdf","https://www.shinfox.com.tw/report_governance_conference.html","","無","查詢"
"6806","森崴能源","112/03/07","15:40","台北茹曦酒店 (台北市松山區敦化北路100號)","本公司受邀參加國泰證券舉辦之「2023第一季產業論壇」，分享本公司營運狀況及未來展望說明","680620230307M001.pdf","680620230307E001.pdf","https://www.shinfox.com.tw/","","無","查詢"
"6806","森崴能源","112/08/29","14:30","台北市忠孝西路一段6號7樓 (福邦證券股份有限公司)","本公司營運狀況及未來展望說明","680620230829M002.pdf","680620230829E002.pdf","https://www.shinfox.com.tw/report_governance_conference.html","","無","查詢"
"6806","森崴能源","112/06/06","14:00","線上法說會","本公司受邀參加福邦證券舉辦線上法人說明會，分享本公司營運狀況及未來展望說明","680620230606M002.pdf","680620230606E002.pdf","https://www.shinfox.com.tw/",法說會影音連結資訊:https://www.shinfox.com.tw/report_governance_conference.html ,"無","查詢"
"6807","峰源-KY","112/12/11","16:30","地點：臺灣證券交易所(101大樓)1樓資訊展示中心(台北市信義路5段7號1樓)","說明本公司財務暨營運概況","680720231211M001.pdf","680720231211E001.pdf","：http://www.fy-grp.com/",同步收看網址：:https://webpro.twse.com.tw/webportal/?liveChannelId=1 法說會影音連結資訊:https://webpro.twse.com.tw/webportal/vod/101/7B10A96FF4E1-46969D04-9808-11EE-B57F/?categoryId=101 ,"無","查詢"
"6830","汎銓","112/11/22","15:15","台北晶華酒店（台北市中山區中山北路二段39巷3號）","本公司受邀參加台新證券舉辦之2023年第四季全球投資論壇，說明本公司營運成果。","683020231206M001.pptx","683020231206E001.pptx","https://www.msscorps.com/ec99/rwd1520/category.asp?category_id=70",中文影音檔網址:6830_8_20231122_ch.mp4 ,"無","查詢"
"6830","汎銓","112/03/29","14:30","張榮發國際會議中心(台北市中正區中山南路11號10樓)","本公司受邀凱基證券與IR Trust共同舉辦之「2023去資金槓桿化主題式投資論壇」","683020230328M001.pdf","683020230328E001.pdf","https://www.msscorps.com/ec99/rwd1520/Category.asp?category_id=70","","無","查詢"
"6830","汎銓","112/03/15","11:00","台北君悅酒店(台北市松壽路2號)","本公司受邀參加BofA舉辦之2023 APAC TMT Conference","683020230313M001.pdf","683020230313E001.pdf","https://www.msscorps.com/ec99/rwd1520/Category.asp?category_id=70","","無","查詢"
"6830","汎銓","112/02/22","15:15","台北晶華酒店4樓會議室(台北市中山區中山北路二段39巷3號)","本公司受邀參加台新證券舉辦之2023年第一季全球投資論壇","683020230222M001.pdf","683020230222E001.pdf","https://www.msscorps.com/ec99/rwd1520/Category.asp?category_id=70","","無","查詢"
"6834","天二科技","112/08/16","14:00","大眾財經大樓(地址：高雄市前鎮區中山二路2號九樓之一)","本公司受邀參加台新證�麥|辦之聯合法人說明會，說明本公司之營運概況及未來展望。","683420230816M001.pdf","683420230816E001.pdf","https://www.everohms.com/zh-tw/conference",法說會影音連結資訊:https://www.youtube.com/watch?v=u7ILArFY2s4 ,"無。","查詢"
"6835","圓裕","112/12/14","14:30","線上法說會","受邀參加台新證券舉辦之法人說明會，就本公司已公開之財務業務資訊作說明。","683520231214M001.pdf","683520231214E001.pdf","https://www.cmi.com.tw/",法說會影音連結資訊:https://youtu.be/Z31RAssc7gk ,"無","查詢"
"6838","台新藥","112/03/17","14:00","凱基證券(台北市中山區明水路700號12樓)","本公司受邀參加凱基證券2023年第一季投資論壇，說明本公司營運概況及業務相關資訊。","683820230317M001.pdf","683820230317E001.pdf","","","無","查詢"
"6854","錼創科技-KY創","112/05/30","11:10","華南銀行總行大樓-國際會議中心203廳(台北市信義區松仁路123號2樓)","本公司受邀參加華南永昌證券產業暨企業論壇。","685420230529M001.pptx","685420230529E001.pptx","","","無","查詢"
"6854","錼創科技-KY創","112/05/31","14:00","W Hotel","本公司受邀參加Citi 2023 Regional Tech Conference。","685420230529M002.pptx","685420230529E002.pptx","","","無","查詢"
"6854","錼創科技-KY創","112/03/15","15:00","台北君悅酒店","本公司受邀參加BofA Securities 舉辦的2023 APAC TMT Conference","685420230307M001.pdf","685420230307E001.pdf","","","無","查詢"
"6854","錼創科技-KY創","112/03/13","15:30","台北君悅酒店","本公司受邀參加BofA Securities 舉辦的2023 APAC TMT Conference","685420230307M001.pdf","685420230307E001.pdf","","","無","查詢"
"6854","錼創科技-KY創","112/04/11 至 112/04/28","08:00","新加坡及香港 / 線上","本公司受邀參加寬量國際舉辦的13th Taiwan CEO Week &amp; Taiwan New Economy Day。","685420230410M001.pdf","685420230410E001.pdf","","","無","查詢"
"6854","錼創科技-KY創","112/11/15","14:00","線上會議","本公司受邀參加寬量國際舉辦的第14屆Taiwan CEO Week 線上會議","685420231114M001.pdf","685420231114E001.pdf","","","無","查詢"
"6854","錼創科技-KY創","112/11/17","14:30","台北市中正區寶慶路69號4樓","本公司受邀參加元大證券舉辦的業績法人說明會","685420231116M001.pdf","685420231116E001.pdf","","","無","查詢"
"6854","錼創科技-KY創","112/07/18","14:30","臺灣證券交易所101大樓1F資訊展示中心
(台北市信義路五段7號1樓)","本公司受邀參加臺灣證券交易所主辦之創新板主題式業績發表會。","685420230717M001.pdf","685420230717E001.pdf","",同步收看網址：:https://webpro.twse.com.tw/webportal/?liveChannelId=1 法說會影音連結資訊:https://webpro.twse.com.tw/webportal/vod/101/?categoryId=101 ,"無","查詢"
"6861","睿生光電","112/03/01","14:30","台北君悅酒店3F凱悅一區宴會廳(台北市信義區松壽路2號)","(1)本公司依「有價證券初次上市前業績發表會實施要點規定」，於上市前辦理股票初次上市前業績發表會。　　　　　　　　　　　　　　　　　　　　　　　　　　　　　　　　　　　　　　　　　　　　　　　　　　　　　　　　　　　　　　　　　　　　                                                                                                                                  

(2)本次業績發表會將由本公司經營團隊說明產業發展、財務業務狀況、未來風險、公司治理及企業社會責任、臺灣證券交易所股份有限公司暨上市審議委員會要求補充揭露事項等項目。　　　　　　　　　　　　　　　　　　　　　　　　　　　　　　　　　　　　　　　　　　　　　　　　　　　　　　　　　　　　　　　　　　　　　　　

(3)因考量防疫措施之場地與人數限制，現場開放參加之名額有限，欲現場參與本次業績發表會之貴賓，敬請事先報名。　　　　　　　　　　　　　　　　　　　　　　　　　　　　　　　　　　　　　　　　　　　　　　　　　　　　　　　　　　　　　　　　　                                           

(4)欲現場參加者，事先報名網址：https://reurl.cc/10MQDQ。","686120230301M001.pdf","686120230301E001.pdf","http://www.innocare-x.com.tw/","","無。","查詢"
"6863","永道-KY","112/02/22","14:30","台北君悅酒店3樓凱悅廳一區(台北市松壽路2號)","一、依據「臺灣證券交易所股份有限公司有價證券初次上市前業績發表會實施要點」規定，辦理股票上市前業績發表會。
二、本次業績發表會將由本公司經營團隊說明產業發展、財務業務狀況、未來風險、公司治理、企業社會責任及臺灣證券交易所股份有限公司董事會暨上市審議委員會要求補充揭露事項等項目。","686320230222M001.pdf","686320230222E001.pdf","https://www.arizontw.com/webls-zh-tw/msg/message-法人說明會-138.html","","無","查詢"
"6869","雲豹能源","112/07/11","15:30","臺灣證券交易所101大樓1F資訊展示中心
(台北市信義路五段7號1樓)","本公司受邀參加臺灣證券交易所主辦之「創新板」主題式
業績發表會，向投資人說明本公司之營運概況、財務及業務相關資訊。","686920230811M001.pdf","686920230811E001.pdf","https://www.jv-holding.com/shareholder2.aspx",同步收看網址：:https://webpro.twse.com.tw/webportal/?liveChannelId=1 法說會影音連結資訊:https://webpro.twse.com.tw/webportal/vod/101/298636B9B943-84E60318-1FCC-11EE-B5FC/?categoryId=101 ,"無","查詢"
"6869","雲豹能源","112/08/30","11:20","線上法說會","本公司受邀參加寬量國際主辦之「2023 Taiwan Renewable Energy Day」，向投資人說明本公司之營運概況、財務及業務相關資訊。","686920230829M001.pdf","686920230829E001.pdf","https://www.jv-holding.com/shareholder2.aspx","","無","查詢"
"6869","雲豹能源","112/10/31 至 112/11/01","09:00","香港Conrad Hotel","本公司受邀參加寬量國際主辦之「14th Taiwan CEO Week」，向投資人說明本公司之營運概況、財務及業務相關資訊。","686920231030M001.pdf","686920231030E001.pdf","https://www.jv-holding.com/shareholder2.aspx","","無","查詢"
"6869","雲豹能源","112/04/11 至 112/04/28","09:00","新加坡Fullerton Hotel/香港Conrad Hotel/台灣線上","本公司受邀參加寬量國際主辦之「13th Taiwan CEO Week &amp; Taiwan New Economy Day」，向投資人說明本公司之營運概況、財務及業務相關資訊。","686920230410M001.pdf","686920230410E001.pdf","",法說會影音連結資訊:未輸 ,"無","查詢"
"6869","雲豹能源","112/02/14","14:30","香格里拉遠東國際大飯店三樓宴會廳
(台北市大安區敦化南路二段201號)","(1)本公司依「有價證券初次上市前業績發表會實施要點規定」，於上市前辦理股票初次上市前業績發表會。 
(2)本次業績發表會將由本公司經營團隊說明產業發展、財務業務狀況、未來風險、公司治理及企業社會責任、臺灣證券交易所股份有限公司董事會暨上市審議委員會要求補充揭露事項。 
(3)欲現場參加者，事先報名網址：https://owww.masterlink.com.tw/mlAP/UnderWrite/apply.aspx?pk=247","686920230216M001.pdf","686920230216E001.pdf","https://www.jv-holding.com/shareholder2.aspx",法說會影音連結資訊:https://www.youtube.com/watch?v=Mke-9o6J41I ,"無","查詢"
"6869","雲豹能源","112/06/06","14:00","台北市松山區敦化北路100號2樓 (茹曦酒店)","本公司受邀參加統一證券舉辦之「2023Q2全球展望夏季投資論壇」，向投資人說明本公司之營運概況、財務及業務相關資訊。","686920230605M001.pdf","686920230605E001.pdf","https://www.jv-holding.com/shareholder2.aspx","","無","查詢"
"6869","雲豹能源","112/05/04","09:00","線上法說會","本公司受邀參加寬量國際主辦之「13th Taiwan CEO Week &amp; Taiwan New Economy Day」
，向投資人說明本公司之營運概況、財務及業務相關資訊。","686920230503M001.pdf","686920230503E001.pdf","https://www.jv-holding.com/shareholder2.aspx","","無","查詢"
"6873","泓德能源","112/08/31 至 112/09/01","14:00","線上法說會","本公司受邀參加112年8月31日至112年9月1日由寬量國際主辦之「2023 Taiwan Renewable Energy Day」，說明本公司之營運概況、財務及業務相關資訊。","687320230830M001.pdf","687320230830E001.pdf","https://www.hdrenewables.com/financial_conference.php",法說會影音連結資訊:未輸 ,"完整財務業務資訊請至公開資訊觀測站之法人說明會一覽表或法說會項目下查閱。","查詢"
"6873","泓德能源","112/07/18","16:10","臺灣證券交易所101大樓1F 資訊展示中心(台北市信義路五段7號1樓)","本公司受邀參加證交所舉辦之創新板上市公司主題式業績發表會，說明本公司已公開發佈之業務及財務相關資訊。","687320230717M001.pdf","687320230717E001.pdf","https://www.hdrenewables.com/financial_conference.php",中文影音檔網址:6873_9_20230718_ch.mp4 ,"完整財務業務資訊請至公開資訊觀測站之法人說明會一覽表或法說會項目下查閱。","查詢"
"6873","泓德能源","112/06/15","15:00","台北市重慶南路一段2號20樓（台開大樓20樓環形會議室)","說明產業狀況及本公司財務業務相關資訊。","687320230614M001.pdf","687320230614E001.pdf","https://www.hdrenewables.com/financial_conference.php",中文影音檔網址:6873_8_20230615_ch.MP4 ,"報名請洽永豐金證券鄒小姐(02)23823207或 mail:joyce.tsou@sinopac.com","查詢"
"6873","泓德能源","112/02/07","14:30","台北君悅酒店凱悅廳一區（台北市松壽路2號3樓）","(1)本公司依「有價證券初次上市前業績發表會實施要點規定」，於上市前辦理股票初次上市前業績發表會。
(2)本次業績發表會將由本公司經營團隊說明產業發展、財務業務狀況、未來風險、公司治理及企業社會責任、臺灣證券交易所股份有限公司董事會暨上市審議委員會要求補充揭露事項。
(3)欲現場參加者，事先報名網址：https://www.surveycake.com/s/lZxqL。","687320230203M001.pdf","687320230203E001.pdf","https://www.hdrenewables.com/financial_conference.php","","無","查詢"
"6873","泓德能源","112/04/12 至 112/04/28","09:00","新加坡Fullerton Hotel/香港Conrad Hotel/線上","本公司受邀參加112年4月11日至112年4月28日由寬量國際主辦之「13th Taiwan CEO Week &amp; Taiwan New Economy Day」，說明本公司之營運概況、財務及業務相關資訊。","687320230411M001.pdf","687320230411E001.pdf","https://www.hdrenewables.com/financial_conference.php",法說會影音連結資訊:未輸 ,"完整財務業務資訊請至公開資訊觀測站之法人說明會一覽表或法說會項目下查閱。","查詢"
"6873","泓德能源","112/03/02","16:00","台北市重慶南路一段2號20樓","(1)說明產業狀況及本公司財務業務相關資訊。
(2)欲現場參加者，事先報名網址：https://www.surveycake.com/s/xDD0O。","687320230302M001.pdf","687320230302E001.pdf","https://www.hdrenewables.com/financial_conference.php","","無","查詢"
"6885","全福生技","112/03/07","11:00","台北市松山區敦化北路100號2樓(茹曦酒店)","本公司受邀參加國泰綜合證券舉辦之2023年第一季國泰證券產業論壇，說明公司營運概況及未來展望。","688520230323M003.pdf","688520230323E003.pdf","","","相關資訊請至公開資訊觀測站之法人說明會一覽表或法說會項目下查閱。","查詢"
"6885","全福生技","112/02/20","15:00","台北市敦化南路二段97號11樓(敦南摩天大廈-元富證券11樓教育訓練室)","本公司受邀參加元富證券舉辦之生技產業法人說明會","688520230323M002.pdf","688520230323E002.pdf","","","無","查詢"
"6885","全福生技","112/06/05","15:00","台北市敦化南路二段97號11樓(敦南摩天大廈-元富證券11樓教育訓練室)","公告本公司112年6月5日受邀參加元富證券舉辦之法人說明會，說明公司營運概況及未來展望。","688520230605M001.pdf","688520230605E001.pdf","","","相關資訊請至公開資訊觀測站之法人說明會一覽表或法說會項目下查閱。","查詢"
"6885","全福生技","112/09/11","15:00","台北市敦化南路二段97號11樓","公告本公司112年9月11日受邀參加元富證券舉辦之法人說明會，說明公司產品現況及未來發展計畫。","688520230911M001.pdf","688520230911E001.pdf","","","相關資訊請至公開資訊觀測站之法人說明會一覽表或法說會項目下查閱。","查詢"
"6901","鑽石投資","112/12/27","15:00","線上法說會","說明本公司營運概況及財務業務相關資訊。連結https://reurl.cc/G4ZRM3","690120231227M001.PDF","690120231227E001.pdf","https://www.diamondbiofund.com/",中文影音檔網址:6901_3_20231227_ch.mp4 ,"簡報資訊將依規定公告於公開資訊觀測站。","查詢"
"6901","鑽石投資","112/08/10","14:30","台北喜來登大飯店B2福廳(台北市中正區忠孝東路一段12號)","(1)本公司依「台灣證券交易所股份有限公司有價證券初次上市前業績發表會實施要點」規定，於上市前辦理股票初次上市前業績發表會。
(2)本次業績發表會將由本公司經營團隊說明產業發展、財務業務狀況、未來風險、公司治理、企業社會責任及臺灣證券交易所股份有限公司董事會暨上市審議委員會要求補充揭露等項目。
(3)因考量場地與人數限制，現場開放參加之名額有限，欲現場參與本次業績發表會之貴賓，敬請事先報名，報名網址：https://reurl.cc/7kvZq5","690120230809M001.pdf","690120230809E001.pdf","https://www.diamondbiofund.com","","簡報資料將依規定公告於公開資訊觀測站。","查詢"
"6902","GOGOLOOK","112/06/14","14:30","WESTAR多功能展演會場（地址：台北市萬華區漢中街116號8樓）","(1)本公司依「有價證券初次上市前業績發表會實施要點規定」，於上市前辦理股票初次上市前業績發表會。
(2)本次業績發表會將由本公司經營團隊說明產業發展、財務業務狀況、未來風險、公司治理及企業社會責任、臺灣證券交易所股份有限公司董事會暨上市審議委員會要求補充揭露事項。
(3)欲現場參加者，事先報名網址：https://gogolook.pse.is/4xw6f8","690220230614M001.pdf","690220230614E001.pdf","https://gogolook.com/zh-hant/investors",法說會影音連結資訊:https://www.youtube.com/watch?v=EqqV8cFuOFw ,"無","查詢"
"6902","GOGOLOOK","112/07/18","15:20","臺灣證券交易所1樓資訊展示中心
(台北市信義區信義路5段7號 (101大樓))","本公司受邀參加證交所舉辦之創新板上市公司主題式業績發表會，說明本公司已公開發佈之業務及財務相關資訊。
參加方式及相關資料請詳證交所首頁: https://www.twse.com.tw/zh/page/focus/events.html","690220230718M001.pdf","690220230718E001.pdf","https://gogolook.com/zh-hant/investors",同步收看網址：:https://webpro.twse.com.tw/webportal/?liveChannelId=1 法說會影音連結資訊:https://webpro.twse.com.tw/webportal/vod/101/?categoryId=101 ,"無","查詢"
"6902","GOGOLOOK","112/08/15","14:30","線上法人說明會-Webex","本公司受邀參加由凱基證券舉辦之線上法人說明會，說明公司營運概況及展望。","690220230901M001.pdf","690220230901E001.pdf","https://gogolook.com/zh-hant/investors","","無","查詢"
"6902","GOGOLOOK","112/09/13","09:30","台北晶華酒店(台北市中山北路二段39巷3號4F)","本公司受邀參加元大證券舉辦之2023年第三季投資論壇，說明公司營運概況及展望。","690220230912M001.pdf","690220230912E001.pdf","https://gogolook.com/zh-hant/investors","","無","查詢"
"6902","GOGOLOOK","112/11/03","14:30","台北市重慶南路一段2號19樓 (永豐金證券1901會議室)","本公司受邀參加永豐金證券舉辦之法人說明會，說明公司營運概況及展望。","690220231103M001.pdf","690220231103E001.pdf","https://gogolook.com/zh-hant/investors","","無","查詢"
"6906","現觀科","112/12/19","14:30","台北市寒舍艾美酒店3樓 翡翠廳(台北市松仁路38號3F)","(1)本公司依「有價證券初次上市前業績發表會實施要點規定」，於上市前辦理股票初次上市前業績發表會。
(2)因考量場地與人數限制，現場開放參加之名額有限，欲現場參與本次業績發表會之貴賓，敬請事先報名。
(3)欲現場參加者，事先報名網址：https://groundhog.pse.is/5fz8js","690620231215M003.pdf","690620231215E003.pdf","https://www.ghtinc.com/tw/investors/ir-events/","","無","查詢"
"6909","創控","112/03/28","14:30","國泰綜合證券總公司
台北市大安區敦化南路二段333號10樓","本公司受邀參加國泰綜合證券舉辦之興櫃前法人說明會，說明本公司營運概況與未來展望","690920230328M001.pdf","690920230328E001.pdf","","","無","查詢"
"6909","創控","112/04/25","15:00","國泰金控仁愛大樓
(台北市大安區仁愛路四段296號15樓)","本公司受邀參加國泰綜合證券舉辦之法人說明會，說明本公司營運概況與未來展望","690920230328M001.pdf","690920230328E001.pdf","","","無","查詢"
"6914","阜爾運通","112/01/05","14:30","集思台大會議中心-柏拉圖廳
(台北市大安區羅斯福路四段 85 號 B1)","本公司受邀參加中國信託綜合證券舉辦之興櫃前法人說明會，說明公司營運概況及未來展望。","691420230104M001.pdf","691420230104E001.pdf","","","為配合防疫規範，請全程配戴口罩。","查詢"
"6916","華凌","112/11/01","14:30","台北君悅酒店3樓 凱悅廳I區 (台北市松壽路2號)","(1)本公司依「有價證券初次上市前業績發表會實施要點規定」，於上市前辦理股票初次上市前業績發表會。 
(2)本次業績發表會將說明產業發展、財務業務狀況、未來風險、公司治理及企業社會責任及臺灣證券交易所股份有限公司董事會暨上市審議委員會要求補充揭露事項。","691620231031M001.pdf","691620231031E001.pdf","https://www.winstar.com.tw/zh-tw/shareholder#%E6%B3%95%E8%AA%AA%E6%9C%83%E8%B3%87%E8%A8%8A","","簡報資料將依規定公告於公開資訊觀測站。","查詢"
"6918","愛派司","112/01/04","14:30","台北喜來登大飯店 B1彩蝶+逸絢廳(台北市中正區忠孝東路一段12號)","本公司受邀參加中信證券舉辦之興櫃前法人說明會，會中說明本公司營運概況與展望。","691820230103M001.pdf","691820230103E001.pdf","https://www.aplusbio.com/tw/investor/shareholder/pressConference","","為配合防疫規範，與會人員請全程配戴口罩。","查詢"
"6918","愛派司","112/06/14","15:00","中國信託金融園區B棟13樓1302會議室(台北市南港區經貿二路188號13樓)","本公司受邀參加中信證券舉辦之法人說明會，會中說明本公司營運概況與展望。","691820230613M001.pdf","691820230613E001.pdf","https://www.aplusbio.com/tw/investor/shareholder/pressConference","","為配合防疫規範，與會人員請全程配戴口罩","查詢"
"6919","康霈*","112/10/31 至 112/11/01","09:00","香港","說明本公司之營運概況。","691920231031M001.pdf","691920231031E001.pdf","","","無。","查詢"
"6919","康霈*","112/06/28","15:00","線上法人說明會","(1)說明本公司營運概況與成果，以及未來展望。
(2)本次法說會採線上報名，有意參加者請至以下網址報名。
報名網址：https://www.yuanta.com.tw/prod/icevent/icevent?id=1b997bf5-4488-4197-8ed1-6fab0d4fcf55","691920230628M001.pdf","691920230628E001.pdf","","","無。","查詢"
"6919","康霈*","112/10/12","15:00","線上法人說明會。","本公司新藥CBL-514注射劑用於非手術局部減脂 (減少皮下脂肪)之二期臨床試驗統計數據發表。
本次法說會採線上報名，有意參加者請至以下網址報名。
報名網址：https://www.yuanta.com.tw/prod/icevent/icevent?id=a5dbd7f5-a91e-4eaa-bd09-f8b1dac25a22","691920231013M001.pdf","691920231013E001.pdf","","","無。","查詢"
"6919","康霈*","112/09/12","15:00","線上法人說明會","本公司新藥CBL-514治療竇根氏症CBL-0201DD Phase 2試驗臨床統計數據。
本次法說會採線上報名，有意參加者請至以下網址報名。
報名網址：https://www.yuanta.com.tw/prod/icevent/icevent?id=51117fd4-8fed-4440-9507-55477800d080","691920230912M001.pdf","691920230912E001.pdf","","","無。","查詢"
"6923","中台","112/03/23","14:30","台北市寶慶路69號4樓會議室","受邀參加元大證券舉辦之興櫃前法人說明會，會中就本公司營運介紹及說明。","692320230322M001.pdf","692320230322E001.pdf","","","無","查詢"
"6928","攸泰科技","112/05/02","14:30","福邦證券總公司(台北市忠孝西路一段6號7樓)","受邀參加福邦證券舉辦之法人說明會，就本公司已公開之財務業務資訊作說明。","692820230502M001.pdf","692820230502E001.pdf","",法說會影音連結資訊:https://www.youtube.com/watch?v=v4YFsfyODGo ,"報名連結: https://forms.gle/4iLN3KmVRyxN69aNA","查詢"
"6933","AMAX-KY","112/10/11","14:30","台北君悅酒店三樓凱悅廳一區(台北市信義區松壽路2號)","依據臺灣證券交易所股份有限公司有價證券初次上市前業績發表會實施要點第三條舉辦上市前業績發表會。","693320231006M001.pdf","693320231006E001.pdf","https://www.amax.tw/seminar.php","","無","查詢"
"6936","永鴻生技","112/03/22","14:30","君悅酒店3樓-凱悅廳二區
(台北市信義區松壽路2號3樓)","本公司受邀參加富邦證券舉辦之登錄興櫃一般版前法人說明會，會中說明本公司之營運概況。","693620230321M001.pdf","693620230321E001.pdf","","","法人說明會相關簡報資料依規定公告於公開資訊觀測站。","查詢"
"6936","永鴻生技","112/09/19","14:30","富邦人壽大樓B2-B廳(台北市敦化南路一段108號B2)","本公司受邀參加富邦證券於112年9月19日舉辦之法人說明會，向投資人說明本公司營運相關資訊。","693620230919M001.pptx","693620230919E001.pptx","","","無","查詢"
"6937","天虹","112/11/13","14:30","台北寒舍艾美酒店三樓翡翠珍珠廳(台北市信義區松仁路38號)","(1)本公司依「台灣證券交易所股份有限公司有價證券初次上市前業績發表會實施要點」規定，於上市前辦理股票初次上市前業績發表會。 (2)本次業績發表會將由本公司經營團隊說明產業發展、財務業務狀況、未來風險、公司治理、企業社會責任及臺灣證券交易所股份有限公司董事會暨上市審議委員會要求補充揭露等項目。 (3)因考量場地與人數限制，現場開放參加之名額有限，欲現場參與本次業績發表會之貴賓，敬請事先報名，報名網址：https://reurl.cc/K3M4dM","693720231110M001.pdf","693720231110E001.pdf","https://www.skytech.com.tw","","簡報資料將依規定公告於公開資訊觀測站","查詢"
"6937","天虹","112/01/04","14:30","台北市寶慶路69號4樓會議室","本公司受邀參加元大證券舉辦之興櫃前法人說明會，說明本公司之營運概況及展望。","693720230103M001.pdf","693720230103E001.pdf","","","無","查詢"
"6944","兆聯實業","112/08/15","14:30","台北市寶慶路69號 4樓會議室(近捷運西門站3/4號出口)","本公司受邀參加元大證券舉辦之法說會，說明本公司上半年營業情形及未來展望","694420230814M001.pdf","694420230814E001.pdf","https://www.megaunion-tw.com/tw/investor/announcement?meeting","","無","查詢"
"6944","兆聯實業","112/04/25","14:00","富邦國際會議中心 B2-C廳 (台北市敦化南一段108號B2)","兆聯實業股份有限公司興櫃前法人說明會","694420230425M001.pdf","694420230425E001.pdf","","","無","查詢"
"6952","大武山","112/06/14","14:30","台北市建國北路二段17號地下一樓","本公司受邀參加台新證券舉辦之興櫃前法人說明會，說明本公司概況","695220230614M001.pdf","695220230614E001.pdf","","","相關資訊請至公開資訊觀測站之法人說明會一覽表或法說會項目下查閱","查詢"
"6955","邦睿生技-創","112/07/19","14:30","台北君悅酒店一樓君寓一(台北市信義區松壽路2號)","本公司受邀參加第一金證券舉辦之興櫃前法人說明會，說明本公司營運概況與未來展望。","695520230718M001.pdf","695520230718E001.pdf","","","無","查詢"
"6994","富威電力","112/12/19","14:30","新北市土城區中央路四段49號2樓
(正崴頂埔大樓 牛頓會議室)","本公司受邀參加福邦證券舉辦之興櫃前法人說明會，
會中說明本公司營運概況與展望。","699420231219M001.pdf","699420231219E001.pdf","","","無","查詢"
"7631","聚賢研發-創","112/08/17","14:00","櫃買中心11樓多功能資訊媒體區(台北市羅斯福路二段100號11樓)","本公司受邀參加財團法人中華民國證券櫃檯買賣中心舉辦之興櫃公司業績說明會，說明公司經營現況及未來展望。","763120230815M001.pdf","763120230815E001.pdf","","","相關資料請至公開資訊觀測站之法人說明會一覽表或法說會項目下查閱。","查詢"
"7631","聚賢研發-創","112/12/26","14:30","台北市大安區信義路四段236號7樓 宏遠證券702會議室","本公司受邀參加宏遠證券舉辦轉併至興櫃一般板前法人說明會，說明本公司營運概況與未來展望。","763120231225M001.pdf","763120231225E001.pdf","","","無","查詢"
"7721","微程式","112/12/21","14:30","台北君悅酒店鵲迎廳(臺北市信義區松壽路二號)","登錄戰略新版興櫃前之法人說明會。","772120231219M002.pdf","772120231219E002.pdf","","","無","查詢"
"8011","台通","112/12/06","14:00","線上法說會","第三季營運報告","801120231206M002.pdf","801120231206E002.pdf","https://www.ttcc.com.tw",法說會影音連結資訊:http://www.zucast.com/webcast/Q89aXGND ,"無","查詢"
"8016","矽創","112/08/25","15:15","台北晶華酒店","矽創受邀參加台新證券之2023 第三季全球投資論壇，說明營運概況。","801620230824M002.pdf","801620230824E002.pdf","https://www.sitronix.com.tw/tw/investor-relations/conference/","","無","查詢"
"8016","矽創","112/12/06","11:15","台北君悅酒店，臺灣","矽創受邀參加統一證券所舉辦之2023 Q4全球展望冬季投資論壇，說明營運概況。","801620231205M001.pdf","801620231205E001.pdf","https://www.sitronix.com.tw/tw/investor-relations/conference/","","無","查詢"
"8016","矽創","112/11/22","14:00","臺北香格里拉遠東飯店，臺灣","矽創受邀參加臺灣匯立證券舉辦之 Taiwan Market Mover 2024 投資論壇，說明營運概況。","801620231121M001.pdf","801620231121E001.pdf","https://www.sitronix.com.tw/tw/investor-relations/conference/","","無","查詢"
"8016","矽創","112/11/24","14:00","線上會議","矽創受邀參加第一金證券線上座談會，說明營運概況。","801620231121M001.pdf","801620231121E001.pdf","https://www.sitronix.com.tw/tw/investor-relations/conference/",中文影音檔網址:8016_101_20231124_ch.mp4 ,"無","查詢"
"8016","矽創","112/12/07","15:20","台北晶華酒店，臺灣","矽創受邀參加凱基證券之2023第四季投資論壇，說明營運概況。","801620231205M001.pdf","801620231205E001.pdf","https://www.sitronix.com.tw/tw/investor-relations/conference/","","無","查詢"
"8016","矽創","112/11/28","14:00","臺北文創，臺灣","矽創受邀參加元富證券所舉辦之2023冬季產業投資論壇，說明營運概況。","801620231127M001.pdf","801620231127E001.pdf","https://www.sitronix.com.tw/tw/investor-relations/conference/","","無","查詢"
"8016","矽創","112/12/12","14:30","台北晶華酒店，臺灣","矽創受邀參加永豐金證券之2023第四季投資論壇，說明營運概況。","801620231205M001.pdf","801620231205E001.pdf","https://www.sitronix.com.tw/tw/investor-relations/conference/","","無","查詢"
"8016","矽創","112/09/05","14:00","集思北科大會議中心","矽創受邀參加凱基證券之2023 第三季論壇，說明營運概況。","801620230824M002.pdf","801620230824E002.pdf","https://www.sitronix.com.tw/tw/investor-relations/conference/","","無","查詢"
"8016","矽創","112/03/16 至 112/03/17","13:00","台北君悅飯店","本公司受邀參加美林證券所舉辦之2023亞太TMT論壇，說明營運概況。","801620230306M001.pdf","801620230306E001.pdf","https://www.sitronix.com.tw/tw/investor-relations/conference/","","無","查詢"
"8016","矽創","112/03/07","11:00","台北茹曦酒店(台北市松山區敦化北路100號)","本公司受邀參加3/7(二)國泰證券2023第一季論壇","801620230306M001.pdf","801620230306E001.pdf","https://www.sitronix.com.tw/tw/investor-relations/conference/","","無","查詢"
"8016","矽創","112/06/14 至 112/06/15","09:00","香港","矽創受邀參加大和證券之2023北亞洲企業論壇，說明營運概況。","801620230613M001.pdf","801620230613E001.pdf","https://www.sitronix.com.tw/tw/investor-relations/conference/","","無","查詢"
"8021","尖點","112/08/04","14:30","採視訊會議方式進行","112年第二季業績線上法人說明會","802120230804M001.pdf","802120230804E001.pdf","https://www.topoint.tw/tw/conference/",法說會影音連結資訊:https://www.topoint.tw/tw/conference/ ,"無","查詢"
"8021","尖點","112/05/05","14:30","採視訊會議方式進行","112年第一季業績線上法人說明會","802120230505M001.pdf","802120230505E001.pdf","https://www.topoint.tw/tw/conference/",法說會影音連結資訊:https://www.topoint.tw/tw/conference/ ,"無","查詢"
"8021","尖點","112/11/03","14:30","採視訊會議方式進行","112年第三季業績線上法人說明會","802120231103M001.pdf","802120231103E001.pdf","https://www.topoint.tw/tw/conference/",法說會影音連結資訊:https://www.topoint.tw/tw/conference/ ,"無","查詢"
"8021","尖點","112/02/20","15:00","採視訊會議方式進行","111年第四季業績線上法人說明會","802120230220M001.pdf","802120230220E001.pdf","https://www.topoint.tw/tw/conference/",法說會影音連結資訊:https://www.topoint.tw/tw/conference/ ,"無","查詢"
"8028","昇陽半導體","112/07/25","14:30","台北市信義區菸廠路88號6樓","富邦證券舉辦之法人說明會","802820230725M001.pdf","802820230725E001.pdf","https://www.psi.com.tw/share_news2.asp",法說會影音連結資訊:未輸 ,"無","查詢"
"8028","昇陽半導體","112/05/26","14:00","台北市信義區松壽路2號3樓","2023年第二季富邦投資論壇","802820221207M001.pdf","802820221207E001.pdf","https://www.psi.com.tw/share_news2.asp","","無","查詢"
"8028","昇陽半導體","112/12/20","14:30","台北市復興北路99號2樓","富邦證券舉辦之法人說明會","802820231220M001.pdf","802820231220E001.pdf","https://www.psi.com.tw/share_news2.asp",中文影音檔網址:8028_22_20231220_ch.mp4 ,"無","查詢"
"8028","昇陽半導體","112/03/07","13:00","台北市松山區敦化北路100號2樓","本公司受邀參加國泰證券之第一季產業論壇","802820221207M001.pdf","802820221207E001.pdf","https://www.psi.com.tw/share_news2.asp","","無","查詢"
"8033","雷虎","112/12/25","14:00","線上法說會","公司簡介及財務業務概況
本公司下午2點00分召開中文線上法說會 線上加入:https://thundertiger.my.webex.com/thundertiger.my-tc/j.php?MTID=md65e6a5e7490a344d93eb07bba12b167 會議號（存取碼）：2518 382 2643 會議密碼： TT5254","803320231225M001.pdf","803320231225E001.pdf","https://www.thundertiger.com/",中文影音檔網址:8033_7_20231225_ch.mp4 ,"完整財務業務資訊請至公開資訊觀測站之法人說明會一覽表或法說會項目下查閱。","查詢"
"8039","台虹","112/12/22","14:00","線上法說會","本公司將於112/12/22受邀參加凱基證券舉辦之線上法人說明會，說明本公司112年第三季之財務營運概況。","803920231222M001.pdf","803920231222E001.pdf","https://www.taiflex.com.tw/Home",中文影音檔網址:8039_59_20231222_ch.mp4 ,"無","查詢"
"8039","台虹","112/06/06","14:00","台北茹曦酒店（台北市松山區敦化北路100號）","本公司將於112/06/06受邀參加統一證券2023 Q2 夏季投資論壇,會中就本公司已公開發布之財務數字、營運及產業概況向投資機構說明。","803920230606M001.pdf","803920230606E001.pdf","https://www.taiflex.com.tw/Home",中文影音檔網址:8039_58_20230606_ch.MP4 ,"無","查詢"
"8046","南電","112/05/23","14:30","康和證券台北總公司(台北市信義區基隆路一段176號地下二樓)","本公司受邀參加康和證券法人說明會，說明本公司之營運概況","804620230522M001.pdf","804620230522E001.pdf","https://www.nanyapcb.com.tw/nypcb/chinese/InvestorRelations/Financials/FinancialReports.aspx",法說會影音連結資訊:https://www.youtube.com/watch?v=aCARU8zf5h0 ,"無","查詢"
"8046","南電","112/03/07","14:35","台北茹曦酒店","本公司受邀參加國泰證券舉辦之投資論壇，說明本公司之營運
概況。","804620230306M002.pdf","804620230306E002.pdf","https://www.nanyapcb.com.tw/nypcb/chinese/InvestorRelations/Financials/FinancialReports.aspx","","無","查詢"
"8046","南電","112/08/31","15:10","&#29319;亞會議中心2樓","本公司受邀參加富邦證券舉辦之企業日，說明本公司之營運概況","804620230830M002.pdf","804620230830E002.pdf","https://www.nanyapcb.com.tw/nypcb/chinese/InvestorRelations/Financials/FinancialReports.aspx","","無","查詢"
"8046","南電","112/11/16","10:30","台北市信義區松仁路7號5F","本公司受邀參加UBS證券舉辦之Taiwan SMID公司日，說明本公司之營運概況","804620231115M001.pdf","804620231115E001.pdf","https://www.nanyapcb.com.tw/nypcb/chinese/InvestorRelations/Financials/FinancialReports.aspx","","無","查詢"
"8070","長華*","112/12/06","11:15","台北市信義區松壽路2號雀屏廳(君悅酒店)","本公司受邀參加統一證券舉辦之全球展望冬季投資論壇，說明公司營運概況。","807020231205M001.pdf","807020231205E001.pdf","https://www.cwei.com.tw/","","無","查詢"
"8070","長華*","112/03/24","14:30","台北市中山區建國北路一段96號B1會議室(台證金融大樓)","本公司受邀參加台新證券舉辦之法人說明會，說明公司營運概況。","807020230324M001.pdf","807020230324E001.pdf","https://www.cwei.com.tw/",法說會影音連結資訊:https://www.youtube.com/watch?v=Bvd2X4kqobY ,"無","查詢"
"8072","陞泰","112/11/10","16:00","臺灣證券交易所1F資訊展示中心 (台北市信義路五段7號)","公司營運報告","807220231110M001.pdf","807220231110E001.pdf","",法說會影音連結資訊:https://webpro.twse.com.tw/webportal/vod/101/D900927FA8EF-9D41CA76-7FA5-11EE-9147/?categoryId=101 ,"更正法說會時間","查詢"
"8072","陞泰","112/11/10","14:30","臺灣證券交易所1F資訊展示中心 (台北市信義路五段7號)","公司營運報告","807220231109M001.pdf","807220231109E001.pdf","",法說會影音連結資訊:未輸 ,"無","查詢"
"8081","致新","112/11/09","14:00","線上法說會","本公司受邀參加玉山證券所舉辦之線上法說會","808120231109M001.pdf","808120231109E001.pdf","","","無","查詢"
"8081","致新","112/06/06","10:30","台北國泰萬怡酒店，台北市中山區民生東路三段6號","本公司受邀參加中信證券所舉辦2023第二季前瞻論壇","808120230510M001.pdf","808120230510E001.pdf","","","無","查詢"
"8081","致新","112/02/13","14:00","線上法說會","本公司受邀參加凱基證券所舉辦之線上法說會","808120230213M002.pdf","808120230213E002.pdf","",中文影音檔網址:8081_70_20230213_ch.mp4 ,"無","查詢"
"8081","致新","112/05/10","14:00","線上法說會","本公司受邀參加元大證券所舉辦之線上法說會","808120230510M001.pdf","808120230510E001.pdf","","","無","查詢"
"8081","致新","112/08/08","14:00","富邦證券，台北市中山南路11號10樓(張榮發基金會國際會議中心)","本公司受邀參加富邦證券2023第二季法人說明會","808120230808M001.pdf","808120230808E001.pdf","","","本次法說會為實體會議","查詢"
"8101","華冠","112/12/27","15:30","福邦證券總公司(台北市忠孝西路一段6號7樓)","福邦證券舉辦之法人說明會，就本公司已公開之財務業務資訊作說明。","810120231227M001.pdf","810120231227E001.pdf","http://www.arimacomm.com.tw/",中文影音檔網址:8101_9_20231227_ch.mp3 ,"無","查詢"
"8103","瀚荃","112/05/26","14:00","台北市松山區東興路8號13樓(統一證券集團大樓13樓會議室)","本公司受邀參加統一證券舉辦之法人說明會，會中說明本公司112年第1季之財務報告相關資訊","810320230524M001.pdf","810320230524E001.pdf","https://www.cvilux-group.com/zh-cht/investors/invest","","無","查詢"
"8103","瀚荃","112/03/29","14:30","台北市松山區民生東路三段156號11樓(群益金鼎證券會議室)","本公司受邀參加群益金鼎證券舉辦之法人說明會，說明111年第四季公司營運狀況。","810320230328M001.pdf","810320230328E001.pdf","https://www.cvilux-group.com/zh-cht/investors/invest",法說會影音連結資訊:https://www.youtube.com/watch?v=GMb6imjGHyA ,"實體法說會報名網址：https://forms.gle/fTaUgZ9f25sHdbrp8","查詢"
"8103","瀚荃","112/08/23","14:30","&#29319;亞會議中心2樓206會議室
(台北市復興北路99號2樓)","本公司受邀參加&#29319;亞證券舉辦之法人說明會，會中說明本公司112年第2季之財務報告相關資訊","810320230821M001.pdf","810320230821E001.pdf","https://www.cvilux-group.com/zh-cht/investors/invest","","無","查詢"
"8103","瀚荃","112/11/23","15:15","台北晶華酒店（台北市中山區中山北路二段39巷3號）","本公司受邀參加台新證券舉辦之2023年第四季全球投資論壇，說明本公司營運成果。","810320231120M001.pdf","810320231120E001.pdf","https://www.cvilux-group.com/zh-cht/investors/invest","","無","查詢"
"8104","錸寶","112/12/05","14:00","Webex線上會議","本公司受邀參加國票綜合證券線上法人說明會，說明本公司營運概況。","810420231205M001.pdf","810420231205E001.pdf","https://www.ritdisplay.com",中文影音檔網址:8104_13_20231205_ch.mp4 ,"無","查詢"
"8105","凌巨","112/12/28","14:00","線上電話法說會","說明本公司之營運概況、財務及業務相關資訊","810520231228M001.pdf","810520231228E001.pdf","",中文影音檔網址:8105_33_20231228_ch.mp4 ,"NA","查詢"
"8105","凌巨","112/06/29","15:00","線上電話法說會","說明本公司之營運概況、財務及業務相關資訊","810520230629M001.pdf","810520230629E001.pdf","",中文影音檔網址:8105_32_20230629_ch.mp3 ,"NA","查詢"
"8110","華東","112/12/21","14:00","線上法人說明會","本公司112年度第三季營運成果及公司未來展望","811020231221M001.pdf","811020231221E001.pdf","https://www.walton.com.tw",法說會影音連結資訊:https://www.zucast.com/webcast/DZMXWF1H?r=ZR0jJ0lo ,"無","查詢"
"8112","至上","112/05/29","13:30","台北市內湖區港墘路189號7樓(本公司會議室)","公司營運概況說明。","811220230529M001.pdf","811220230529E001.pdf","http://www.supreme.com.tw/WP/WP0055.aspx",法說會影音連結資訊:https://youtu.be/3szLKaCxAb0 ,"無。","查詢"
"8112","至上","112/12/07","14:00","台北市內湖區港墘路189號7樓(本公司會議室)","公司營運概況說明。","811220231211M001.pdf","811220231211E001.pdf","http://www.supreme.com.tw/WP/WP0055.aspx",:未輸 法說會影音連結資訊:https://www.youtube.com/watch?v=LbcY_8xfCz8 ,"無","查詢"
"8114","振樺電","112/07/11","14:30","採Webex線上會議方式","本公司受邀參加富邦證券舉辦之線上法說會議，向投資人說明本公司112年度第一季營運成果。","811420230711M001.pdf","811420230711E001.pdf","https://www.posiflex.com.tw/zh-TW/monthly_revenue_and_conference_files/index/2023/260","","報名請洽富邦法人部Irene (E-mail: irene.yt.lin@fubon.com)","查詢"
"8114","振樺電","112/11/02","14:30","線上法說會","本公司受邀參加台新證券舉辦之線上法說會議，向投資人說明本公司112年度第二季營運成果。","811420231102M001.pdf","811420231102E001.pdf","https://www.posiflex.com.tw/zh-TW/monthly_revenue_and_conference_files/index/2023/260","","請利用以下連結報名： https://tswww.tssco.com.tw/conference/?seqno=111","查詢"
"8114","振樺電","112/12/12","15:40","台北晶華酒店四樓(台北市中山北路二段39巷3號)","本公司受邀參加永豐金證券舉辦之2023年第四季產業論壇，向投資人說明本公司112年度第三季營運成果。","811420231212M001.pdf","811420231212E001.pdf","https://www.posiflex.com.tw/zh-TW/monthly_revenue_and_conference_files/index/2023/260",中文影音檔網址:8114_38_20231212_ch.mp4 ,"無","查詢"
"8114","振樺電","112/03/31","15:30","採Webex線上會議方式","本公司受邀參加凱基證券舉辦之線上法說會議，向投資人說明本公司111年度營運成果。","811420230331M002.pdf","811420230331E002.pdf","https://www.posiflex.com.tw/zh-TW/monthly_revenue_and_conference_files/index","","無","查詢"
"8131","福懋科","112/05/26","14:00","線上法說會","本公司受邀參加國票綜合證券辦理之法人說明會，說明本公司之財務業務概況。","813120230526M001.pdf","813120230526E001.pdf","http://www.fatc.com.tw",法說會影音連結資訊:https://www.fatc.com.tw/video/conference1.mp4 ,"報名請洽國票綜合證券李小姐02-25288275 Email:anneli@ibfs.com.tw","查詢"
"8131","福懋科","112/11/16","14:00","線上法說會","本公司受邀參加國票綜合證券辦理之法人說明會，說明本公司之
財務業務概況。","813120231116M001.pdf","813120231116E001.pdf","https://www.fatc.com.tw/","","報名請洽國票綜合證券李小姐02-25288275 Email:anneli@ibfs.com.tw","查詢"
"8150","南茂","112/05/31","10:00","台北 W飯店","本公司應花旗環球證券之邀請，參加Citi 2023 Regional Tech Conference，就已公開發布之財務數字及經營績效等相關資訊進行說明。","815020230504M001.pdf","815020230504E001.pdf","https://www.chipmos.com/chinese/ir/calendar.aspx","","無","查詢"
"8150","南茂","112/02/23","15:00","採電話會議方式進行","111年第四季暨全年營運成果線上法人說明會","815020230223M001.pdf","815020230223E001.pdf","https://www.chipmos.com/chinese/ir/info2.aspx",同步收看網址：:https://www.chipmos.com/chinese/ir/info2.aspx 法說會影音連結資訊:https://www.chipmos.com/chinese/ir/info2.aspx ,"無","查詢"
"8150","南茂","112/09/06","10:00","台北文創","本公司應元富證券之邀請，參加元富證券2023 第三季投資論壇，就已公開發布之財務數字及經營績效等相關資訊進行說明。","815020230830M002.pdf","815020230830E002.pdf","https://www.chipmos.com/chinese/ir/calendar.aspx",同步收看網址：:https://www.chipmos.com/chinese/ir/calendar.aspx 法說會影音連結資訊:https://www.chipmos.com/chinese/ir/calendar.aspx ,"無","查詢"
"8150","南茂","112/05/04","15:00","採電話會議方式進行","112年第一季營運成果線上法人說明會","815020230504M001.pdf","815020230504E001.pdf","https://www.chipmos.com/chinese/ir/info2.aspx",同步收看網址：:https://www.chipmos.com/chinese/ir/info2.aspx 法說會影音連結資訊:https://www.chipmos.com/chinese/ir/info2.aspx ,"無","查詢"
"8150","南茂","112/11/02","15:00","採電話會議方式進行","112年第三季營運成果線上法人說明會","815020231102M001.pdf","815020231102E001.pdf","https://www.chipmos.com/chinese/ir/info2.aspx",同步收看網址：:https://www.chipmos.com/chinese/ir/info2.aspx 法說會影音連結資訊:https://www.chipmos.com/chinese/ir/info2.aspx ,"無","查詢"
"8150","南茂","112/03/15","10:00","台北 君悅酒店","本公司應美林證券之邀請，參加2023 BAML APAC TMT Conference，就已公開發布之財務數字及經營績效等相關資訊進行說明。","815020230223M001.pdf","815020230223E001.pdf","https://www.chipmos.com/chinese/news/list.aspx?MID=1","","無","查詢"
"8150","南茂","112/06/09","10:50","台北 晶華酒店","本公司應元大證券之邀請，參加元大證券2023 第二季投資論壇，就已公開發布之財務數字及經營績效等相關資訊進行說明。","815020230504M001.pdf","815020230504E001.pdf","https://www.chipmos.com/chinese/ir/calendar.aspx","","無","查詢"
"8150","南茂","112/01/04 至 112/01/06","10:00","線上法說會","本公司應瑞士信貸之邀請，參加瑞士信貸2023 Greater China Technology and Internet Conference，就已公開發布之財務數字及經營績效等相關資訊進行說明。","815020221103M001.pdf","815020221103E001.pdf","https://www.chipmos.com/chinese/news/list.aspx?MID=1","","無","查詢"
"8150","南茂","112/08/03","15:00","採電話會議方式進行","112年第二季營運成果線上法人說明會","815020230803M001.pdf","815020230803E001.pdf","https://www.chipmos.com/chinese/ir/info2.aspx",同步收看網址：:https://www.chipmos.com/chinese/ir/info2.aspx 法說會影音連結資訊:https://www.chipmos.com/chinese/ir/info2.aspx ,"無","查詢"
"8150","南茂","112/09/11 至 112/09/15","09:00","馬來西亞, 新加坡, 香港","本公司應國泰證券之邀請，將於馬來西亞、新加坡及香港展開為期五日之法人說明會，就已公開發布之財務數字及經營績效等相關資訊進行說明。","815020230830M002.pdf","815020230830E002.pdf","https://www.chipmos.com/chinese/ir/calendar.aspx","","無","查詢"
"8163","達方","112/11/02","15:00","線上法說會","本公司受邀參加兆豐證券於112年11月2日舉辦之線上法人說明會，向投資人說明112年第3季營業成果及未來展望。","816320231102M002.pdf","816320231102E002.pdf","http://www.darfon.com/tw",中文影音檔網址:8163_35_20231102_ch.mp4 ,"本次採Cisco Webex視訊會議，報名請至https://forms.gle/1mhrtAFeEuVhrgRQ7線上報名","查詢"
"8163","達方","112/04/26 至 112/04/27","10:10","線上法說會","本公司受邀參加由寬量國際主辦之線上法說會「13th Taiwan CEO Week &amp; Taiwan New Economy Day」，說明本公司之營運概況、財務及業務相關資訊","816320230425M001.pdf","816320230425E001.pdf","www.darfon.com.tw","","無","查詢"
"8163","達方","112/05/03","15:00","線上法說會","本公司受邀參加兆豐證券於112年5月3日舉辦之線上法人說明會，向投資人說明112年第1季營業成果及未來展望。","816320230503M001.pdf","816320230503E001.pdf","http://www.darfon.com/tw",中文影音檔網址:8163_33_20230503_ch.mp4 ,"本次採Cisco Webex視訊會議，報名請至https://reurl.cc/Q4kAg9線上報名","查詢"
"8163","達方","112/08/03","15:00","線上法說會","本公司受邀參加兆豐證券於112年8月3日舉辦之線上法人說明會，向投資人說明112年第2季營業成果及未來展望。","816320230803M001.pdf","816320230803E001.pdf","http://www.darfon.com/tw",中文影音檔網址:8163_34_20230803_ch.mp4 ,"本次採Cisco Webex視訊會議，報名請至https://reurl.cc/51Z4ay線上報名","查詢"
"8163","達方","112/03/07","15:00","線上法說會","本公司受邀參加兆豐證券於112年3月7日舉辦之線上法人說明會，向投資人說明111年第4季營業成果及未來展望。","816320230307M001.pdf","816320230307E001.pdf","http://www.darfon.com/tw",中文影音檔網址:8163_31_20230307_ch.mp4 ,"本次採Cisco Webex視訊會議，報名請至https://reurl.cc/qkmrGN線上報名","查詢"
"8201","無敵","112/09/15","16:00","臺灣證券交易所1樓資訊展示中心(台北市信義區信義路五段7號)","公司簡介及營運狀況說明","820120230915M001.pptx","820120230915E001.pptx","https://www.besta.com.tw/zh-tw/FinancialPage/Legal",同步收看網址：:https://webpro.twse.com.tw/webportal/vod/101/7B4A5F2A05EA-ECA912ED-53A0-11EE-87FC/?categoryId=101 法說會影音連結資訊:https://webpro.twse.com.tw/webportal/vod/101/7B4A5F2A05EA-ECA912ED-53A0-11EE-87FC/?categoryId=101 ,"15時30分報到，16時00分開始","查詢"
"8210","勤誠","112/09/01","14:00","台北茹曦酒店","本公司受邀參加華南永昌證券舉辦之第三季產業暨企業論壇","821020230823M003.pdf","821020230823E003.pdf","","","無","查詢"
"8210","勤誠","112/06/06","10:00","茹曦酒店","本公司受邀參加統一證券主辦之2023Q2夏季投資論壇，說明本公司之營運概況、財務及業務相關資訊。","821020230606M001.pdf","821020230606E001.pdf","https://www.chenbro.com/","","無","查詢"
"8210","勤誠","112/06/14","15:00","茹曦酒店","本公司受邀參加群益證券主辦之2023第二季投資論壇，說明本公司之營運概況、財務及業務相關資訊。","821020230606M002.pdf","821020230606E002.pdf","https://www.chenbro.com/","","無","查詢"
"8210","勤誠","112/11/10","14:00","線上會議","1)本公司受邀參加元大證券主辦之線上法說會進行2023年第三季營運概況說明
2)本會議全程以中文進行
3)會議網址：http://www.zucast.com/webcast/JXXNX47s","821020231110M001.pdf","821020231110E001.pdf","https://www.chenbro.com/",同步收看網址：:http://www.zucast.com/webcast/JXXNX47s 法說會影音連結資訊:https://www.zucast.com/webcast/JXXNX47s?r=tDWMaGMA ,"無","查詢"
"8210","勤誠","112/05/03 至 112/05/05","09:00","線上會議","本公司受邀參加寬量國際主辦之「Taiwan New Economy Day – A 13th Taiwan CEO Week Series」，說明本公司之營運概況、財務及業務相關資訊。","821020230428M002.pdf","821020230428E002.pdf","https://www.chenbro.com/","","無","查詢"
"8210","勤誠","112/05/15","14:30","線上法說會","1)本公司受邀參加元大證券主辦之線上法說會進行2023年第一季營運概況說明
2)本會議全程以中文進行
3)會議網址：http://www.zucast.com/webcast/vM0CkhRL","821020230515M001.pdf","821020230515E001.pdf","https://www.chenbro.com/",法說會影音連結資訊:https://www.zucast.com/webcast/vM0CkhRL?r=d3JBd7sa ,"無","查詢"
"8210","勤誠","112/03/17","13:00","台北君悅酒店","本公司受邀參加美銀證券舉辦之「2023 APAC TMT Conference」","821020230315M002.pdf","821020230315E002.pdf","https://www.chenbro.com/","","無","查詢"
"8210","勤誠","112/09/04 至 112/09/06","09:00","香港麥格理辦公室","本公司受邀參加麥格理證券舉辦之「North Asia Technology Conference」","821020230901M001.pdf","821020230901E001.pdf","https://www.chenbro.com/","","無","查詢"
"8210","勤誠","112/04/11 至 112/04/12","09:00","新加坡富麗敦酒店","本公司受邀參加臺灣證券交易所及寬量國際共同主辦之「13th Taiwan CEO Week」，說明本公司之營運概況、財務及業務相關資訊。","821020230410M001.pdf","821020230410E001.pdf","https://www.chenbro.com/","","無","查詢"
"8210","勤誠","112/03/16","14:30","線上法說會","1)本公司受邀參加元大證券主辦之線上法說會進行2022年第四季營運概況說明
2)本會議全程以中文進行
3)會議網址：http://www.zucast.com/webcast/EClvdGEB","821020230315M001.pdf","821020230315E001.pdf","https://www.chenbro.com/",法說會影音連結資訊:https://www.zucast.com/webcast/EClvdGEB?r=ESi4S1lK ,"無","查詢"
"8210","勤誠","112/02/22","15:15","台北晶華酒店","本公司受邀參加台新證券舉辦之2023年第一季全球投資論壇","821020230220M001.pdf","821020230220E001.pdf","htts://www.chenbro.com/","","無","查詢"
"8210","勤誠","112/03/02","14:00","台北君悅酒店","本公司受邀參加統一證券舉辦之2023Q1春季投資論壇","821020230222M001.pdf","821020230222E001.pdf","htts://www.chenbro.com/","","無","查詢"
"8210","勤誠","112/08/11","14:30","線上法說會","1)本公司受邀參加元大證券主辦之線上法說會進行2023年第二季營運概況說明
2)本會議全程以中文進行
3)會議網址：http://www.zucast.com/webcast/4v3HQoQP","821020230811M001.pdf","821020230811E001.pdf","https://www.chenbro.com/",法說會影音連結資訊:https://www.zucast.com/webcast/4v3HQoQP?r=yaaCmxtw ,"無","查詢"
"8210","勤誠","112/08/24","15:15","台北晶華酒店","本公司受邀參加台新證券舉辦之2023年第三季產業日","821020230823M004.pdf","821020230823E004.pdf","https://www.chenbro.com/","","無","查詢"
"8210","勤誠","112/08/25","09:00","台北101辦公室","本公司受邀參加美銀證券舉辦之「2023 Asia Tech Tour」","821020230823M003.pdf","821020230823E003.pdf","https://www.chenbro.com/","","無","查詢"
"8213","志超","112/09/15","15:00","元大證券 台北市寶慶路69號 4樓會議室","本公司受邀參加元大證券舉辦之法人說明會，說明公司營運現況及所屬產業未來展望。","821320230915M001.pdf","821320230915E001.pdf","http://www.tpt-pcb.com.tw/seminar.htm",中文影音檔網址:8213_10_20230915_ch.mp4 ,"無。","查詢"
"8215","明基材","112/11/03","14:00","線上法說會","本公司受邀參加兆豐證券舉辦之線上法說會，將於會中就已公開之財務及業務等相關資訊做說明。","821520231103M001.pdf","821520231103E001.pdf","https://www.benqmaterials.com/tw/",中文影音檔網址:8215_22_20231103_ch.mp4 ,"當天13:40開放登入，報名連結：https://reurl.cc/MyX49v","查詢"
"8215","明基材","112/08/03","14:00","兆豐證券(台北市忠孝東路二段95號13樓)","本公司應兆豐證券之邀請，於該公司舉辦法人座談會，將於會中就已公開之2023年第二季財務及業務等相關資訊做說明。","內容檔案於當日會後公告於公開資訊觀測站","內容檔案於當日會後公告於公開資訊觀測站","https://www.benqmaterials.com/tw/","","報名連結：https://reurl.cc/94n0Xj","查詢"
"8215","明基材","112/02/24","14:30","線上法說會","本公司受邀參加兆豐證券舉辦之線上法說會，將於會中就已公開之財務及業務等相關資訊做說明。","821520230224M001.pdf","821520230224E001.pdf","https://www.benqmaterials.com/tw/",中文影音檔網址:8215_16_20230224_ch.mp4 ,"當天14:10開放登入，報名連結：https://reurl.cc/7jaQ7N","查詢"
"8215","明基材","112/05/05","14:30","線上法說會","受邀參加
本公司受邀參加兆豐證券舉辦之線上法說會，將於會中就已公開之財務及業務等相關資訊做說明。","821520230505M001.pdf","821520230505E001.pdf","https://www.benqmaterials.com/tw/",中文影音檔網址:8215_19_20230505_ch.mp4 ,"當天14:10開放登入，報名連結：https://reurl.cc/9VbyZx","查詢"
"8215","明基材","112/08/09","14:00","兆豐證券(台北市忠孝東路二段95號13樓)","本公司應兆豐證券之邀請，於該公司舉辦法人座談會，將於會中就已公開之2023年第二季財務及業務等相關資訊做說明。","821520230809M001.pdf","821520230809E001.pdf","https://www.benqmaterials.com/tw/",中文影音檔網址:8215_21_20230809_ch.mp3 ,"報名連結：https://reurl.cc/94n0Xj","查詢"
"8222","寶一","112/03/09","14:00","報名請與第一金證券王經理sheryl.wang@firstsec.com.tw 聯繫","寶一公司受邀參加「第一金證券2023年3月線上投資座談會」，說明本公司營運概況。","822220230306M001.pdf","822220230306E001.pdf","",中文影音檔網址:8222_9_20230309_ch.mp4 ,"會議簡報依規定揭露於「公開資訊觀測站」。","查詢"
"8249","菱光","112/12/13","14:00","線上法人說明會","本公司受邀參加康和證券線上舉辦之法人說明會，報告本公司營運狀況。","824920231208M001.pdf","824920231208E001.pdf","http://www.csi-sensor.com.tw/",法說會影音連結資訊:http://www.csi-sensor.com.tw/index.php/zh-tw/investortw/investor-conference-tw ,"無","查詢"
"8249","菱光","112/08/23","14:00","線上法人說明會","本公司受邀參加康和證券線上舉辦之法人說明會，報告本公司營運狀況。","824920230821M001.pptx","824920230821E001.pptx","",法說會影音連結資訊:未輸 ,"無","查詢"
"8261","富鼎","112/09/13","14:00","線上法說會","本公司受邀參加元大證券舉辦之線上法說會，本公司營運狀況報告。","826120230913M001.pdf","826120230913E001.pdf","",中文影音檔網址:8261_9_20230913_ch.mp4 ,"無","查詢"
"8271","宇瞻","112/12/06","15:15","台北君悅酒店【台北市信義區松壽路2號3F】鷺誼廳","本公司受邀參加統一證券舉辦之全球展望冬季投資論壇，說明公司營運概況。","827120231206M001.pdf","827120231206E001.pdf","https://www.apacer.com/zh-tw/normaldownload/investor-conference/index/2023",中文影音檔網址:8271_16_20231206_ch.mp3 ,"完整財務業務資訊請至公開資訊觀測站之法人說明會一覽表或法說會項目下查閱。","查詢"
"8271","宇瞻","112/07/28","14:30","台北市信義區信義路五段7號1樓 證券交易所資訊展示中心。","民國112年上半年經營績效與產業概況說明","827120230728M001.pdf","827120230728E001.pdf","https://www.apacer.com/zh-tw/normaldownload/investor-conference",同步收看網址：:https://www.youtube.com/watch?v=s4Ogr168h8c 法說會影音連結資訊:https://www.youtube.com/watch?v=s4Ogr168h8c ,"完整財務業務資訊請至公開資訊觀測站之法人說明會一覽表或法說會項目下查閱。","查詢"
"8271","宇瞻","112/02/22","14:30","臺灣證券交易所1樓資訊展示中心
(台北市信義區信義路五段7號101大樓1樓)","民國111年經營績效與產業概況說明","827120230222M001.pdf","827120230222E001.pdf","https://www.apacer.com/zh/Investor/Announcement",同步收看網址：:https://www.youtube.com/watch?v=7d8YRN68Wnc 法說會影音連結資訊:https://www.youtube.com/watch?v=KvP7V3bP1Qo ,"完整財務業務資訊請至公開資訊觀測站之法人說明會一覽表或法說會項目下查閱。","查詢"
"8341","日友","112/08/24","14:00","線上法說會","本公司受邀參加統一證券舉辦之法人說明會，說明本公司近期之營運成果與未來展望。","834120230824M001.pdf","834120230824E001.pdf","http://www.sunnyfriend.com.tw/AboutSF/IIC",中文影音檔網址:8341_7_20230824_ch.mp4 ,"無","查詢"
"8367","建新國際","112/08/15","14:30","線上法說會","公告本公司受邀參加凱基證券舉辦之線上法人說明會。","836720230809M001.pdf","836720230809E001.pdf","https://www.chienshing.com.tw/investment04",法說會影音連結資訊:https://www.chienshing.com.tw/investment04/-/asset_publisher/vQhPKleVX0lk/content/id/127831 ,"無","查詢"
"8367","建新國際","112/12/05","14:30","KGI凱基證�麥`部大樓(台北市明水路700號12樓)","公告本公司受邀參加凱基證券舉辦之法人說明會。","836720231204M001.pdf","836720231204E001.pdf","https://www.chienshing.com.tw/investment04","","無","查詢"
"8374","羅昇","112/11/16","14:00","線上法人說明會","本公司2023年第三季財務結果及業務概況","837420231116M001.pdf","837420231116E001.pdf","https://www.acepillar.com/About/investor/financial/financial3",中文影音檔網址:8374_7_20231116_ch.mp4 ,"無","查詢"
"8404","百和興業-KY","112/12/28","14:30","線上法人說明會","本公司受邀參加兆豐證券舉辦之線上法人說明會，
說明本公司營運狀況。","840420231228M001.pdf","840420231228E001.pdf","http://www.kypaiho.com",中文影音檔網址:8404_12_20231228_ch.mp4 ,"無","查詢"
"8411","福貞-KY","112/12/11","14:30","臺灣證券交易所(101大樓)1樓資訊展示中心","本公司受邀參加台灣證券交易所舉辦之外國上市公司財務業務說明會。","841120231211M001.pdf","841120231211E001.pdf","www.kingcanholdings.com",同步收看網址：:https://webpro.twse.com.tw/webportal/?liveChannelId=1 法說會影音連結資訊:https://webpro.twse.com.tw/webportal/vod/101/7B10A96FF4E1-E2459F0E-97F1-11EE-B57F/?categoryId=101 ,"無","查詢"
"8411","福貞-KY","112/03/21","14:30","台北市中正區新生南路一段50號3樓","公司簡介財務、業務及相關發展資訊作說明。","841120230321M001.pdf","841120230321E001.pdf","www.kingcanholdings.com","","無","查詢"
"8411","福貞-KY","112/11/17","14:30","台北市重慶南路一段2號18樓1801會議室","公司簡介財務、業務及相關發展資訊作說明。","841120231117M001.pdf","841120231117E001.pdf","www.kingcanholdings.com","","無","查詢"
"8422","可寧衛*","112/06/28","14:00","線上會議-Webex","本公司營運
及財務業務狀況說明","842220230626M001.pdf","842220230626E001.pdf","http://www.cleanaway.tw","","本公司受邀參加統一證券線上法人說明會","查詢"
"8422","可寧衛*","112/11/22","14:00","台北晶華酒店(台北市中山區中山北路二段39巷3號)","本公司營運及財務業務狀況說明","842220231121M001.pdf","842220231121E001.pdf","http://www.cleanaway.tw",法說會影音連結資訊:https://www.cleanaway.tw/investor/20231122.mp4 ,"本公司受邀參加台新證券法人說明會","查詢"
"8422","可寧衛*","112/03/24","14:30","台北市新生南路一段50號3樓(德信證券)","本公司營運及財務業務狀況說明","842220230321M001.pdf","842220230321E001.pdf","http://www.cleanaway.tw","","本公司受邀參加德信證券法人說明會","查詢"
"8422","可寧衛*","112/08/24","16:10","台北市信義區信義路5段7號 (101大樓)","本公司受邀參加證交所與元富證券共同辦理「新經濟產業暨健康新生活產業」主題式業績發表會","842220230822M001.pdf","842220230822E001.pdf","http://www.cleanaway.tw","","無。","查詢"
"8429","金麗-KY","112/12/04","14:30","台灣證券交易所一樓資訊展示中心(台北市信義區信義路5段7號1樓","公司簡介及營運概況說明","842920231201M002.pptx","842920231201E002.pptx","http://www.jinligroup.com.tw/zh_TW/news-details/id/50",同步收看網址：:https://webpro.twse.com.tw/WebPortal/vod/101/C19816874A91-F61AE29F-760E-11ED-BAC1/?categoryId=101 法說會影音連結資訊:https://webpro.twse.com.tw/WebPortal/vod/101/7B10A96FF4E1-77F67950-9273-11EE-B57F/?categoryId=101 ,"無","查詢"
"8438","昶昕","112/12/12","14:30","台北市中山區建國北路一段96號12樓(台証金融大樓) 首爾會議室","本公司受台新證券邀請，參加其舉辦之法人說明會，報告公司簡介與營運現況。","843820231208M001.ppt","843820231208E001.ppt","https://www.persee.com.tw/法人說明會-1",法說會影音連結資訊:未輸 ,"無。","查詢"
"8438","昶昕","112/08/30","14:30","台北市中山區建國北路一段96號B1(台証金融大樓) 福爾摩沙會議室","本公司受台新證券邀請，參加其舉辦之法人說明會，報告公司簡介與營運現況。","843820230829M001.ppt","843820230829E001.ppt","https://www.persee.com.tw/法人說明會-1",法說會影音連結資訊:https://www.persee.com.tw/法人說明會-1 ,"無。","查詢"
"8442","威宏-KY","112/12/18","14:30","元大證券股份有限公司(台北市南京東路三段219號11樓)","本公司受邀參加元大證券舉辦之法人說明會，說明本公司之營運概況。","844220231218M001.pdf","844220231218E001.pdf","https://www.ww-holding.com.tw/shareholder/","","無","查詢"
"8442","威宏-KY","112/05/10","14:30","德信綜合證券股份有限公司(台北市新生南路一段50號3樓)","本公司受邀參加德信證券舉辦之法人說明會，說明本公司之營運概況。","844220230510M001.pdf","844220230510E001.pdf","https://www.ww-holding.com.tw/shareholder/#03",中文影音檔網址:8442_11_20230510_ch.mp4 ,"無","查詢"
"8443","阿瘦","112/09/26","14:00","線上法說會","公司營運概況說明; 本次採Microsoft Teams會議,欲報名者請將: 1.法人機構名稱 2.參加者姓名 3.Email信箱, 寄至本公司投資人信箱:ir@mail.aso.com.tw","844320230926M001.pdf","844320230926E001.pdf","http://www.asogroup.com.tw/invest_info4.aspx",:未輸 法說會影音連結資訊:https://asotw.co/YzOx7 ,"本次採Microsoft Teams會議,欲報名者請將相關資訊寄到ir@mail.aso.com.tw","查詢"
"8454","富邦媒","112/11/15 至 112/11/16","09:00","新加坡","本公司受邀參加Morgan Stanley舉辦之22nd Annual Asia Pacific Summit，說明本公司未來營運發展計劃及112年第三季法說會簡報與其他已公開發佈之財務數字、經營績效等相關資訊。","845420231108M001.pdf","845420231108E001.pdf","https://corp.momo.com.tw/","","無","查詢"
"8454","富邦媒","112/11/09","14:30","線上會議","本公司將舉辦112年第三季營運報告英文法人說明會，說明本公司未來營運發展計劃及112年第三季法說會簡報與其他已公開發佈之財務數字、經營績效等相關資訊。","845420231108M001.pdf","845420231108E001.pdf","https://corp.momo.com.tw/",法說會影音連結資訊:https://corp.momo.com.tw/investor/investorActivity ,"無","查詢"
"8454","富邦媒","112/08/01","14:30","線上會議","本公司將舉辦112年第二季營運報告英文法人說明會，說明本公司未來營運發展計劃及112年第二季法說會簡報與其他已公開發佈之財務數字、經營績效等相關資訊。","845420230801M002.pdf","845420230801E002.pdf","https://corp.momo.com.tw/",法說會影音連結資訊:https://corp.momo.com.tw/investor/investorActivity ,"無","查詢"
"8454","富邦媒","112/06/15","13:30","UBS Securities Taipei","本公司受邀參加UBS主辦之Taiwan Corporate Day 2023，說明本公司未來營運發展計劃及112年第一季法說會簡報與其他已公開發佈之財務數字、經營績效等相關資訊。","845420230526M001.pdf","845420230526E001.pdf","https://corp.momo.com.tw/","","無","查詢"
"8454","富邦媒","112/11/20 至 112/11/21","14:15","香港","本公司受邀參加國泰證券於香港舉辦之海外NDR (Non-Deal Roadshow)，說明本公司未來營運發展計劃及112年第三季法說會簡報與其他已公開發佈之財務數字、經營績效等相關資訊。","845420231108M001.pdf","845420231108E001.pdf","https://corp.momo.com.tw/","","無","查詢"
"8454","富邦媒","112/11/23","10:00","台北W飯店 (台北市信義區忠孝東路五段10號)","本公司受邀參加Citi主辦之Taiwan Corporate Day in Taipei，說明本公司未來營運發展計劃及112年第三季法說會簡報與其他已公開發佈之財務數字、經營績效等相關資訊。","845420231108M001.pdf","845420231108E001.pdf","https://corp.momo.com.tw/","","無","查詢"
"8454","富邦媒","112/12/07","15:00","線上會議","本公司受邀參加國泰證券舉辦之法人說明會，說明本公司未來營運發展計劃及112年第三季法說會簡報與其他已公開發佈之財務數字、經營績效等相關資訊。","845420231204M002.pdf","845420231204E002.pdf","https://corp.momo.com.tw/",法說會影音連結資訊:https://storage.googleapis.com/momofbs/Online_symposium_hosted_by_Cathay_Securities.mp4 ,"無","查詢"
"8454","富邦媒","112/02/21","09:00","線上會議","本公司受邀參加J.P. Morgan舉辦之Taiwan CEO-CFO Conference，說明本公司未來營運發展計劃及111年第四季法說會簡報與其他已公開發佈之財務數字、經營績效等相關資訊。","845420230220M001.pdf","845420230220E001.pdf","https://corp.momo.com.tw/","","無","查詢"
"8454","富邦媒","112/02/20","14:30","線上會議","本公司將舉辦111年第四季營運報告英文法人說明會，說明本公司未來營運發展計劃及111年第四季法說會簡報與其他已公開發佈之財務數字、經營績效等相關資訊。","845420230217M001.pdf","845420230217E001.pdf","https://corp.momo.com.tw/",法說會影音連結資訊:https://corp.momo.com.tw/investor/investorActivity ,"無","查詢"
"8454","富邦媒","112/05/03","14:30","線上會議","本公司將舉辦112年第一季營運報告英文法人說明會，說明本公司未來營運發展計劃及112年第一季法說會簡報與其他已公開發佈之財務數字、經營績效等相關資訊。","845420230502M001.pdf","845420230502E001.pdf","https://corp.momo.com.tw/",法說會影音連結資訊:https://corp.momo.com.tw/investor/investorActivity ,"無","查詢"
"8454","富邦媒","112/08/31 至 112/09/01","09:00","香港","本公司受邀參加Daiwa舉辦之TECH Conference 2023，說明本公司未來營運發展計劃及112年第二季法說會簡報與其他已公開發佈之財務數字、經營績效等相關資訊。","845420230829M001.pdf","845420230829E001.pdf","https://corp.momo.com.tw/","","無","查詢"
"8454","富邦媒","112/01/05 至 112/01/06","09:00","線上會議","本公司受邀參加Credit Suisse舉辦之2023 Greater China Technology and Internet Conference，說明本公司未來營運發展計劃及111年第三季法說會簡報與其他已公開發佈之財務數字、經營績效等相關資訊。","845420221221M001.pdf","845420221221E001.pdf","https://corp.momo.com.tw/","","無","查詢"
"8454","富邦媒","112/05/11","15:00","線上會議","本公司受邀參加永豐金證券及臺灣證交所共同主辦之Taiwan Corporate Day 2023，說明本公司未來營運發展計劃及112年第一季法說會簡報與其他已公開發佈之財務數字、經營績效等相關資訊。","845420230502M001.pdf","845420230502E001.pdf","https://corp.momo.com.tw/","","無","查詢"
"8454","富邦媒","112/05/24 至 112/05/25","15:00","香港君悅酒店(香港灣仔港灣道1號)","本公司受邀參加Goldman Sachs舉辦之Technet Conference Asia Pacific 2023，說明本公司未來營運發展計劃及112年第一季法說會簡報與其他已公開發佈之財務數字、經營績效等相關資訊。","845420230502M001.pdf","845420230502E001.pdf","https://corp.momo.com.tw/","","無","查詢"
"8454","富邦媒","112/05/30 至 112/06/08","21:00","加拿大多倫多","本公司受邀參加Daiwa於加拿大及美國舉辦之海外NDR (Non-Deal Roadshow)及Investment Conference 2023，說明本公司未來營運發展計劃及112年第一季法說會簡報與其他已公開發佈之財務數字、經營績效等相關資訊。","845420230502M001.pdf","845420230502E001.pdf","https://corp.momo.com.tw/","","無","查詢"
"8454","富邦媒","112/03/14 至 112/03/17","10:00","台北君悅酒店(台北市松壽路2號)","本公司受邀參加BofA舉辦之2023 APAC TMT Conference，說明本公司未來營運發展計劃及111年第四季法說會簡報與其他已公開發佈之財務數字、經營績效等相關資訊。","845420230306M001.pdf","845420230306E001.pdf","https://corp.momo.com.tw/","","無","查詢"
"8454","富邦媒","112/03/20 至 112/03/23","09:00","香港港麗酒店(香港金鐘道88號太古廣場)","本公司受邀參加Creidt Suisse舉辦之26th Asian Investment Conference，說明本公司未來營運發展計劃及111年第四季法說會簡報與其他已公開發佈之財務數字、經營績效等相關資訊。","845420230306M001.pdf","845420230306E001.pdf","https://corp.momo.com.tw/","","無","查詢"
"8454","富邦媒","112/09/18 至 112/09/19","11:00","台北W飯店(台北市信義區忠孝東路五段10號)","本公司受邀參加Goldman Sachs主辦之Taiwan Corporate Day 2023，說明本公司未來營運發展計劃及112年第二季法說會簡報與其他已公開發佈之財務數字、經營績效等相關資訊。","845420230905M001.pdf","845420230905E001.pdf","https://corp.momo.com.tw/","","無","查詢"
"8462","柏文","112/08/22","16:30","台北市信義區信義路5段7號1樓(臺灣證券交易所資訊展示中心)","本公司受邀參加證交所與元富證券共同辦理「新經濟產業暨健康新生活產業」主題式業績發表會","846220230821M001.pdf","846220230821E001.pdf","https://www.powerwindhealth.com.tw/list/cate-25241.htm",同步收看網址：:https://webpro.twse.com.tw/webportal/?liveChannelId=1 法說會影音連結資訊:https://webpro.twse.com.tw/WebPortal/vod/101/3D5A2B2E678B-574C902D-40CE-11EE-8E13/?categoryId=101 ,"同步收看網址： https://webpro.twse.com.tw/webportal/?liveChannelId=1","查詢"
"8462","柏文","112/06/12","14:00","Webex線上法人說明會","本公司受邀參加凱基證券股份有限公司舉辦之2023年第二季線上法人說明會","846220230609M001.pdf","846220230609E001.pdf","https://www.powerwindhealth.com.tw/list/cate-25241.htm",中文影音檔網址:8462_16_20230612_ch.mp4 ,"報名相關事宜請洽凱基證券倪小姐 電話：(02)2181-8014，email: crane@kgi.com","查詢"
"8463","潤泰材","112/12/14","16:00","臺灣證券交易所1樓資訊展示中心(台北市信義路五段7號1樓)","本公司營運概況說明","846320231214M001.pdf","846320231214E001.pdf","http://www.rtm.com.tw/chinese/ir/financial-information-3.php",法說會影音連結資訊:https://webpro.twse.com.tw/WebPortal/vod/101/7B10A96FF4E1-C0F17E25-9A5A-11EE-B57F/?categoryId=101 ,"無","查詢"
"8464","億豐","112/11/10","14:00","線上會議","本公司受邀參加合庫證券舉辦的線上會議。","846420231109M001.pdf","846420231109E001.pdf","http://www.nienmade.com.tw/ShareholderArea.aspx",中文影音檔網址:8464_53_20231110_ch.mp4 ,"無","查詢"
"8464","億豐","112/04/27","10:10","線上會議","本公司受邀參加寬量國際舉辦的論壇。","846420230425M001.pdf","846420230425E001.pdf","http://www.nienmade.com.tw/ShareholderArea.aspx","","無","查詢"
"8464","億豐","112/03/16","10:00","台北君悅酒店","本公司受邀參加BofA(美林證券)舉辦的論壇。","846420230315M001.pdf","846420230315E001.pdf","http://www.nienmade.com.tw/ShareholderArea.aspx","","無","查詢"
"8466","美吉吉-KY","112/12/19","14:00","永豐金證券18樓1801會議室(台北市中正區重慶南路一段2號18樓1801會議室)","本公司受邀參加永豐金證券舉辦之法人說明會。","846620231219M001.pdf","846620231219E001.pdf","http://www.mjig.com/",中文影音檔網址:8466_22_20231219_ch.mp4 ,"完整財務業務資訊請至公開資訊觀測站之法人說明會一覽表或法說會項目下查閱。","查詢"
"8467","波力-KY","112/09/01","15:30","臺灣證券交易所1樓資訊展示中心(台北市信義路五段7號)","本公司受邀參加臺灣證券交易所舉辦之財務業務說明會，就本公司已公開發布之財務數字、經營績效等相關資訊做說明。","846720230901M001.pdf","846720230901E001.pdf","http://www.bonnyworldwide.com/tw/investment/index.aspx?kind=13",法說會影音連結資訊:未輸 ,"相關資料將登載於公司網站及公開資訊觀測站。","查詢"
"8473","山林水","112/12/07","14:30","線上法人說明會","本公司受邀參加兆豐證券舉辦之線上法人說明會","847320231207M001.pdf","847320231207E001.pdf","http://www.mfw.com.tw",中文影音檔網址:8473_9_20231207_ch.mp4 ,"https://forms.gle/1YZrXE7KqSJqJ9Z87","查詢"
"8476","台境*","112/10/30","14:30","凱基證券總公司
台北市中山區明水路700號","本公司受邀參加凱基證券於112年10月30日舉辦之法人說明會， 說明本公司營運報告及未來展望。","847620231030M001.pdf","847620231030E001.pdf","",中文影音檔網址:8476_6_20231030_ch.mp4 ,"無","查詢"
"8478","東哥遊艇","112/03/21","14:00","線上法說會及實體法說會：漢來飯店15F會議廳 (高雄市前金區成功一路266號)","元大證券舉辦之法說會，說明2022年營運狀況及未來展望。","847820230523M001.pdf","847820230523E001.pdf","http://www.oceanalexander.com.tw/cn/investor/investor2023.jsp","","無","查詢"
"8478","東哥遊艇","112/08/24","15:20","台灣證券交易所1樓資訊展示中心 台北市信義路5段7號(101大樓)","證交所與第一金證券共同辦理「新經濟產業暨健康新生活產業」主題式業績發表會","847820230824M001.pdf","847820230824E001.pdf","http://www.oceanalexander.com.tw/cn/investor/investor2023.jsp",同步收看網址：:https://webpro.twse.com.tw/webportal/?liveChannelId=1 法說會影音連結資訊:https://webpro.twse.com.tw/webportal/vod/101/3D5A2B2E678B-48D8CE3C-4257-11EE-8E13/?categoryId=101 ,"無","查詢"
"8478","東哥遊艇","112/08/09","14:00","台北市大安區仁愛路四段169號15樓(富邦金融大樓)","富邦證券舉辦之法人說明會，說明2023年上半年財務及業務相關資訊","847820230809M001.pdf","847820230809E001.pdf","http://www.oceanalexander.com.tw/cn/investor/investor2023.jsp","","無","查詢"
"8481","政伸","112/05/25","14:30","宏遠證券 台北市信義路四段236號7樓 702會議室","本公司受邀參加宏遠證券舉辦之法人說明會","848120230524M001.pdf","848120230524E001.pdf","https://www.transart.com.tw/Investors01-3.php",中文影音檔網址:8481_12_20230525_ch.mp4 ,"無","查詢"
"8481","政伸","112/12/05","14:30","第一金證券7樓會議室 (台北市中山區長安東路一段22號7F)","本公司受邀參加第一金證券舉辦之法人說明會","848120231204M001.pdf","848120231204E001.pdf","https://www.transart.com.tw/investor/index/1/10","","無","查詢"
"8482","商億-KY","112/12/19","14:30","線上法說會","本公司受邀參加凱基證券所舉辦之線上法人說
明會","848220231219M001.pdf","848220231219E001.pdf","https://www.shaneglobal.com.tw/investor/shareholders/institutional_investors/",中文影音檔網址:8482_14_20231219_ch.mp4 ,"無","查詢"
"8487","愛爾達-創","112/07/13","14:30","宏遠證券總公司702會議廳(台北市大安區信義路四段236號7樓)","本公司受邀參加宏遠證券舉辦之法人說明會，說明本公司營運概況及未來展望。","848720230713M002.pdf","848720230713E002.pdf","","","相關資訊請至公開資訊觀測站之法人說明會一覽表或法說會項目下查詢。","查詢"
"8488","吉源-KY","112/12/04","15:30","臺灣證券交易所(101大樓)1樓資訊展示中心","本公司受邀參加台灣證券交易所舉辦之外國上市公司財務業務說明會","848820231130M001.pdf","848820231130E001.pdf","",同步收看網址：:https://webpro.twse.com.tw/webportal/?liveChannelId=1 法說會影音連結資訊:https://webpro.twse.com.tw/webportal/vod/101/7B10A96FF4E1-861897C1-927D-11EE-B57F/?categoryId=101 ,"無","查詢"
"8499","鼎炫-KY","112/11/23","14:00","線上法說會","本公司受邀參加元大證券舉辦之線上法人說明會，就本公司產業狀況及已公開財報、業務等相關資訊做說明","849920231123M001.pdf","849920231123E001.pdf","",中文影音檔網址:8499_18_20231123_ch.mp4 ,"無","查詢"
"8926","台汽電","112/05/26","14:30","線上法人說明會","本公司受邀參加台新證券舉辦之線上法人說明會，說明112年第1季財務業務相關資訊。","892620230526M001.pdf","892620230526E001.pdf","https://www.cogen.com.tw/investors/law",法說會影音連結資訊:未輸 ,"無","查詢"
"8926","台汽電","112/03/24","14:30","線上法人說明會","本公司受邀參加玉山證券舉辦之線上法人說明會，說明111年度財務業務相關資訊。","892620230324M001.pdf","892620230324E001.pdf","https://www.cogen.com.tw/investors/law",中文影音檔網址:8926_23_20230324_ch.mp4 ,"無","查詢"
"8926","台汽電","112/11/23","14:30","線上法人說明會","本公司受邀參加富邦證券舉辦之線上法人說明會，說明112年第3季財務業務相關資訊。","892620231123M001.pdf","892620231123E001.pdf","https://www.cogen.com.tw/investors/law",法說會影音連結資訊:未輸 ,"無","查詢"
"8926","台汽電","112/08/23","14:30","線上法人說明會","本公司受邀參加第一金證券舉辦之線上法人說明會，說明112年第2季財務業務相關資訊。","892620230823M001.pdf","892620230823E001.pdf","https://www.cogen.com.tw/investors/law",法說會影音連結資訊:未輸 ,"無","查詢"
"8940","新天地","112/11/23","14:30","台中市北屯區崇德五路345號3樓","說明本公司2023年度營運報告","894020231123M001.pdf","894020231123E001.pdf","https://www.newpalace.com.tw/finance03",法說會影音連結資訊:https://youtu.be/NQIc2pW6h8E ,"無","查詢"
"8996","高力","112/10/12","14:30","兆豐證券總公司13樓會議廳 (台北市中正區忠孝東路2段95號13樓)","兆豐證券舉辦之法人說明會，說明本公司營運成果及未來展望。","899620231012M001.pdf","899620231012E001.pdf","https://www.kaori.com.tw/tw/modules/investors/meeting",中文影音檔網址:8996_7_20231012_ch.mp4 ,"無","查詢"
"9802","鈺齊-KY","112/11/14","14:00","國泰證券-15樓會議室(臺北市大安區仁愛路四段296號15樓)。","說明本公司營運概況及未來經營策略暨展望。","980220231114M001.pdf","980220231114E001.pdf","https://www.fulgentsun.com/investors05_1.asp","","無。","查詢"
"9802","鈺齊-KY","112/04/26","14:00","台北市中山區樂群三路128號7樓。","受邀參加國票證券舉辦之法人說明會，就本公司財務及業務相關資訊做說明。","980220230426M001.pdf","980220230426E001.pdf","https://www.fulgentsun.com/investors05_1.asp","","無。","查詢"
"9802","鈺齊-KY","112/03/02","14:30","松菸文創(台北市信義區菸廠路88號6樓)","受邀參加富邦證券舉辦之法人說明會，就本公司財務及業務相關資訊做說明。","980220230302M001.pdf","980220230302E001.pdf","https://www.fulgentsun.com/investors05_1.asp","","無。","查詢"
"9802","鈺齊-KY","112/08/08","14:00","統一證券集團大樓13樓會議室(台北市松山區東興路8號13樓)。","說明本公司營運概況及未來經營策略暨展望。","980220230808M001.pdf","980220230808E001.pdf","https://www.fulgentsun.com/investors05_1.asp",中文影音檔網址:9802_74_20230808_ch.mp4 ,"無。","查詢"
"9902","台火","112/11/22","14:00","線上法人說明會","本公司受邀參加玉山證券舉辦之線上法人說明會,說明本公司之業務及財務概況","990220231122M001.pdf","990220231122E001.pdf","https://www.tidehold.com/investor/investor.html#legal_briefing_session",中文影音檔網址:9902_7_20231122_ch.mp4 ,"報名請洽玉山證券02-55561313分機6198駱先生或分機6195詹小姐","查詢"
"9904","寶成","112/05/26","14:30","線上法說會","應邀參加元富證券舉辦之線上法人說明會，介紹本公司及說明112年第一季營運績效。","990420230525M001.pdf","990420230525E001.pdf","http://www.pouchen.com/","","無","查詢"
"9904","寶成","112/03/24","14:00","線上法說會","應邀參加富邦證券舉辦之線上法人說明會，介紹本公司及說明111年第四季營運績效。","990420230323M001.pdf","990420230323E001.pdf","http://www.pouchen.com","","無","查詢"
"9904","寶成","112/09/07","14:35","台北香格里拉遠東國際大飯店","應邀參加國泰證券舉辦之法人說明會，介紹本公司及說明112年第二季營運績效","990420230906M001.pdf","990420230906E001.pdf","http://www.pouchen.com/",中文影音檔網址:9904_62_20230907_ch.mp4 ,"無","查詢"
"9904","寶成","112/11/17","14:00","線上法說會","應邀參加富邦證券舉辦之法人說明會，介紹本公司及說明112年第三季營運績效","990420231116M001.pdf","990420231116E001.pdf","http://www.pouchen.com/","","無","查詢"
"9905","大華","112/11/14","14:00","本次中文法人說明會採網路直播方式進行。","公司營運現況及未來展望說明","990520231114M001.pdf","990520231114E001.pdf","http://www.greatchina.com.tw/invest_new.html",中文影音檔網址:9905_8_20231114_ch.mp4 ,"完整財務業務資訊請至公開資訊觀測站之法人說明會一覽表或法說會項目下查閱。","查詢"
"9906","欣巴巴","112/09/07","15:00","線上法人說明會","公司簡介與營運概況說明","990620230905M001.pdf","990620230905E001.pdf","https://www.hsinbaba.com.tw/Company/Index/5",法說會影音連結資訊:未輸 ,"報名請洽第一金證券法人部王小姐(sheryl.wang@firstsec.com.tw)","查詢"
"9906","欣巴巴","112/12/27","14:30","台北市松山區東興路8號15樓","公司簡介與營運概況說明","990620231226M001.pdf","990620231226E001.pdf","https://www.hsinbaba.com.tw/Company/Index/5",法說會影音連結資訊:https://youtu.be/CMRrcuT7R5s ,"報名請洽統一證券02-27478266(張小姐分機3003)","查詢"
"9906","欣巴巴","112/06/15","14:30","台北市松山區東興路8號13樓","公司簡介與營運概況說明","990620230614M001.pdf","990620230614E001.pdf","https://www.hsinbaba.com.tw/Company/Index/5",中文影音檔網址:9906_13_20230615_ch.mp4 ,"報名請洽統一證券02-27478266(張小姐分機3003)","查詢"
"9906","欣巴巴","112/08/16","14:30","台北市松山區東興路8號13樓","公司簡介與營運概況說明","990620230810M001.pdf","990620230810E001.pdf","https://www.hsinbaba.com.tw/Company/Index/5",中文影音檔網址:9906_14_20230816_ch.mp4 ,"報名請洽統一證券02-27478266(張小姐分機3003)","查詢"
"9907","統一實","112/05/25","14:30","線上法說會","本公司受邀參加凱基證券舉辦之線上法說會，說明本公司112年第一季之營運狀況。","990720230525M001.pdf","990720230525E001.pdf","http://www.tonyi.com.tw/cusPage.php?id=249","","無","查詢"
"9907","統一實","112/11/29","14:00","台北市松山區東興路8號(統一證券)","本公司受邀參加統一證券舉辦之法人說明會，說明本公司截至112年前三季之營運狀況。","990720231129M001.pdf","990720231129E001.pdf","http://www.tonyi.com.tw/cusPage.php?id=249",法說會影音連結資訊:https://drive.google.com/file/d/1twJ-lWFD_RKzKZquf6GTc7OuUyZTu914/view?usp=sharing ,"無","查詢"
"9907","統一實","112/09/20","14:30","線上法人說明會","本公司受邀參加第一金證券舉辦之線上法人說明會，說明本公司112年上半年營運狀況。","990720230920M001.pdf","990720230920E001.pdf","https://www.tonyi.com.tw/cusPage.php?id=249",法說會影音連結資訊:未輸 ,"無","查詢"
"9907","統一實","112/03/17","14:00","台北","本公司預計與統一企業、統一中控及大統益於112年3月17日舉行聯合法說會，報告本公司111年度之營運與財務概況。","990720230317M001.pdf","990720230317E001.pdf","http://www.tonyi.com.tw/cusPage.php?id=249",法說會影音連結資訊:http://www.ir-cloud.com/cancast/taiwan/index.php?id=tw1216_495&version=c ,"會議簡報將於當日法說會後揭露及上傳於「公開資訊觀測站」。","查詢"
"9908","大台北","112/10/27","14:30","臺灣證交所一樓資訊展示中心(臺北市信義路五段7號)","本公司近期財務及營運概況說明","990820231026M001.pdf","990820231026E001.pdf","https://www.taipeigas.com.tw/IR/shareholder_2",法說會影音連結資訊:https://webpro.twse.com.tw/webportal/vod/101/D900927FA8EF-46D83048-749B-11EE-9147/?categoryId=101 ,"無","查詢"
"9910","豐泰","112/05/26","11:00","台北君悅酒店.(台北市松壽路2號)","說明本公司之營運與財務概況.","991020230523M001.pdf","991020230523E001.pdf","https://www.fengtay.com",中文影音檔網址:9910_54_20230526_ch.MP3 ,"無.","查詢"
"9910","豐泰","112/11/08","14:00","線上法說會","說明本公司之營運與財務概況.","991020230901M001.pdf","991020230901E001.pdf","https://www.fengtay.com","","無","查詢"
"9910","豐泰","112/12/07","11:00","台北晶華酒店(台北市中山北路二段39巷3號)","說明本公司之營運與財務概況.","991020231117M001.pdf","991020231117E001.pdf","https://www.fengtay.com","","無.","查詢"
"9910","豐泰","112/02/16","13:30","台北晶華酒店.(台北市中山北路二段39巷3號)","說明本公司之營運與財務概況.","991020230209M001.pdf","991020230209E001.pdf","https://www.fengtay.com","","無.","查詢"
"9910","豐泰","112/09/05","11:20","台北文創(台北市信義區菸廠路88號6F)","說明本公司之營運與財務概況.","991020230901M001.pdf","991020230901E001.pdf","https://www.fengtay.com","","無.","查詢"
"9910","豐泰","112/11/22","14:00","台北晶華酒店(台北市中山北路二段39巷3號)","說明本公司之營運與財務概況.","991020231117M001.pdf","991020231117E001.pdf","https://www.fengtay.com","","無.","查詢"
"9911","櫻花","112/11/08","14:30","SAKURA HOME櫻花家居品牌館 (台北市內湖區新湖一路305號)","本公司受邀元富證券辦理之2023年第三季法人說明會，說明本公司經營績效與營運展望。","991120231108M001.pdf","991120231108E001.pdf","https://www.sakura.com.tw/FinancialInformation",中文影音檔網址:9911_16_20231108_ch.mp4 ,"無。","查詢"
"9911","櫻花","112/06/07","15:40","台北晶華酒店4樓","本公司受邀參加永豐金證券舉辦之2023年第二季產業論壇，說明本公司經營績效與營運展望。","991120230607M001.pdf","991120230607E001.pdf","https://www.sakura.com.tw/company/finance",中文影音檔網址:9911_14_20230607_ch.mp4 ,"無。","查詢"
"9911","櫻花","112/08/23","16:10","台北市信義區信義路5段7號 (台北101大樓)","本公司受邀參加證交所與元富證券共同辦理之「新經濟產業暨健康新生活產業」主題式業績發表會，說明本公司經營績效與營運展望。","991120230822M001.pdf","991120230822E001.pdf","https://www.sakura.com.tw/FinancialInformation",同步收看網址：:https://webpro.twse.com.tw/webportal/?liveChannelId=1 法說會影音連結資訊:https://webpro.twse.com.tw/webportal/vod/101/3D5A2B2E678B-4DC814B2-4193-11EE-8E13/?categoryId=101 ,"無。","查詢"
"9912","偉聯","112/06/29","14:00","臺灣證券交易所9樓大會議室(台北市信義路5段7號101大樓9樓)","公司簡介及營運概況等說明","991220230628M001.pdf","991220230628E001.pdf","https://www.agneovo.com/tw/corporate-governance/corporate-briefing-session",法說會影音連結資訊:https://webpro.twse.com.tw/webportal/vod/101/298636B9B943-F4A7295A-164E-11EE-B5FC/?categoryId=101 ,"無","查詢"
"9914","美利達","112/12/26","15:00","線上法說會","本公司受邀參加凱基證券舉辦線上法說會","991420231226M001.pdf","991420231226E001.pdf","https://www.merida-bikes.com/zh-tw/p/tou-zi-ren-zi-xuninvestors/tou-zi-ren-zi-xun-352.html",中文影音檔網址:9914_17_20231226_ch.mp4 ,"無","查詢"
"9914","美利達","112/06/07","11:00","線上法說會","受邀參加第一金證券舉辦之線上論壇","991420230704M001.pdf","991420230704E001.pdf","","","無","查詢"
"9917","中保科","112/06/30","14:00","中興保全科技會議室","本公司受邀參加元大證券所舉辦之「法人線上會議」，
說明本公司2023年第一季營運成果及營運展望","991720230630M001.pdf","991720230630E001.pdf","https://www.secom.com.tw/investors.html?cid=83","","無","查詢"
"9917","中保科","112/08/30","14:30","中興保全科技會議室","本公司受邀參加凱基證券所舉辦之「法人線上會議」，
說明本公司2023年第二季營運成果及營運展望","991720230830M001.pdf","991720230830E001.pdf","https://www.secom.com.tw/investors.html?cid=83",法說會影音連結資訊:未輸 ,"無","查詢"
"9917","中保科","112/12/06","14:00","中興保全科技會議室","本公司受邀參加凱基證券所舉辦之「法人線上會議」，說明本公司2023年第三季營運成果及營運展望","991720231206M001.pdf","991720231206E001.pdf","https://www.secom.com.tw/investors.html?cid=83","","無","查詢"
"9917","中保科","112/09/05","15:00","中興保全科技會議室","本公司受邀參加元大證券所舉辦之「法人線上會議」，說明本公司2023年第二季營運成果及營運展望","991720230905M001.pdf","991720230905E001.pdf","https://www.secom.com.tw/investors.html?cid=83",中文影音檔網址:9917_33_20230905_ch.mp4 ,"無","查詢"
"9917","中保科","112/03/30","14:00","南港展覽館","本公司受邀參加元富證券所舉辦之「公開法人說明會」，說明本公司2022年營運成果及營運展望","991720230330M001.pdf","991720230330E001.pdf","https://www.secom.com.tw/investors.html?cid=83","","無","查詢"
"9917","中保科","112/06/06","14:00","中興保全科技會議室","本公司受邀參加第一金證券所舉辦之「線上投資座談會」，
說明本公司2023年第一季營運成果及營運展望","991720230606M001.pdf","991720230606E001.pdf","https://www.secom.com.tw/investors.html?cid=83","","無","查詢"
"9918","欣天然","112/08/31","14:30","臺灣證券交易所101辦公大樓一樓資訊展示中心(台北市信義路五段7號1樓)","說明本公司營運狀況及業務展望","991820230831M001.pdf","991820230831E001.pdf","https://www.shinshingas.com.tw/Investor_Conference.html",法說會影音連結資訊:https://webpro.twse.com.tw/webportal/vod/101/3D5A2B2E678B-9D649885-47CC-11EE-8E13/?categoryId=101 ,"無","查詢"
"9918","欣天然","112/03/31","15:30","臺灣證券交易所101辦公大樓一樓資訊展示中心(台北市信義路五段7號1樓)","說明本公司營運狀況及業務展望","991820230329M001.pdf","991820230329E001.pdf","https://www.shinshingas.com.tw/Investor_Conference.html",法說會影音連結資訊:https://webpro.twse.com.tw/webportal/vod/101/3B8E295B393F-7EC6F732-CFA7-11ED-ADD4/?categoryId=101 ,"完整財務業務資訊請至公開資訊觀測站之法人說明會一覽表或法說會項目下查閱。","查詢"
"9919","康那香","112/08/24","14:00","凱基證券線上法人說明會","本公司受邀參加凱基證券舉辦之線上法人說明會，進行本公司民國112年度上半年財務業務及已公開財務數字之相關資訊說明。","991920230822M001.pdf","991920230822E001.pdf","https://www.knh.com.tw/share3-7.html",中文影音檔網址:9919_18_20230824_ch.mp4 ,"無。","查詢"
"9919","康那香","112/11/27","14:00","凱基證券線上法人說明會","本公司受邀參加凱基證券舉辦之線上法人說明會，進行本公司民國112年度第3季財務業務及已公開財務數字之相關資訊說明。","991920231124M002.pdf","991920231124E002.pdf","https://www.knh.com.tw/share3-7.html",中文影音檔網址:9919_19_20231127_ch.mp4 ,"無。","查詢"
"9921","巨大","112/08/15","16:00","線上電話會議","本公司受邀參加 Morgan Stanley舉辦
2Q23 Post-Results English NDR Group Call","992120230814M001.pdf","992120230814E001.pdf","https://www.giantgroup-cycling.com/ir-shareholderconference",英文影音檔網址:9921_136_20230815_en.mp3 ,"無","查詢"
"9921","巨大","112/09/25 至 112/09/27","09:00","英國倫敦、挪威奧斯陸","本公司受邀參加Daiwa 舉辦EU NDR (Non-deal roadshow, NDR)","992120230814M001.pdf","992120230814E001.pdf","https://www.giantgroup-cycling.com/ir-shareholderconference","","無","查詢"
"9921","巨大","112/06/15","09:00","UBS Taipei Office: 台北市信義區松仁路7號","本公司受邀參加UBS Taiwan Corporate Day","992120230613M001.pdf","992120230613E001.pdf","https://www.giantgroup-cycling.com/ir-shareholderconference","","無","查詢"
"9921","巨大","112/03/17","09:00","巨大集團總部:台中市西屯區東大路一段999號","本公司受邀參加BofA Securities 2023 APAC TMT Conference","992120230316M002.pdf","992120230316E002.pdf","https://www.giantgroup-cycling.com/ir-shareholderconference","","無","查詢"
"9921","巨大","112/11/21","13:00","Shangri-La Far Eastern Hotel, Taipei","本公司受邀參加台灣匯立證券 CLST Taiwan Market Mover 2024 Access Day","992120231120M001.pdf","992120231120E001.pdf","https://www.giantgroup-cycling.com/ir-shareholderconference","","無","查詢"
"9921","巨大","112/11/22","09:00","W Hotel, Taipei","本公司受邀參加Citi’s 2023 Taiwan Corporate Day","992120231120M001.pdf","992120231120E001.pdf","https://www.giantgroup-cycling.com/ir-shareholderconference","","無","查詢"
"9924","福興","112/09/08","14:30","台北市仁愛路四段169號15樓(富邦金融大樓)","本公司受邀參加富邦證券舉辦之法人說明會，
會中將針對公司近期之營運概況做說明。","992420230908M001.pdf","992420230908E001.pdf","http://www.fuhsing.com.tw/conference",法說會影音連結資訊:未輸 ,"簡報內容於當日會後公告於公開資訊觀測站。","查詢"
"9924","福興","112/12/21","14:00","台北市仁愛路四段169號15樓(富邦金融大樓)","本公司受邀參加富邦證券舉辦之法人說明會，
會中將針對公司近期之營運概況做說明。","992420231221M001.pdf","992420231221E001.pdf","http://www.fuhsing.com.tw/conference",中文影音檔網址:9924_13_20231221_ch.mp4 ,"簡報內容於當日會後公告於公開資訊觀測站。","查詢"
"9925","新保","112/12/27","14:30","新保智慧生活體驗館(台北市建國北路1段126號1樓)","本公司近期營運概況說明","992520231227M001.pdf","992520231227E001.pdf","https://www.sks.com.tw/Shareholder#list-finance&#list-corporation",法說會影音連結資訊:https://webpro.twse.com.tw/WebPortal/vod/101/A74514E63643-390E00DD-A497-11EE-B430/?categoryId=101 ,"無","查詢"
"9925","新保","112/04/25","14:30","新保智慧生活體驗館(台北市建國北路1段126號1樓)","本公司近期營運概況說明","992520230424M001.pdf","992520230424E001.pdf","https://www.sks.com.tw/Shareholder#list-finance&#list-corporation",法說會影音連結資訊:https://webpro.twse.com.tw/WebPortal/vod/101/37C88912AA83-29B7C7DF-E342-11ED-8218/?categoryId=101 ,"無","查詢"
"9926","新海","112/08/21","14:00","台北市信義路五段七號一樓台灣證券交易所101大樓1樓資訊展示館","112年上半年業績發表","992620230817M001.pdf","992620230817E001.pdf","https://www.shinhaigas.com.tw/shareholder",法說會影音連結資訊:https://webpro.twse.com.tw/webportal/vod/101/3D5A2B2E678B-94DCC6C5-3FF8-11EE-8E13/?categoryId=101 ,"無","查詢"
"9927","泰銘","112/11/21","14:00","大眾財經大樓(高雄市前鎮區中山二路2號九樓之一","台新綜合證券股份有限公司舉辦之「台新證券聯合法人說明會」","992720231121M001.pdf","992720231121E001.pdf","www.tmicl.com.tw",中文影音檔網址:9927_11_20231121_ch.MP4 ,"無","查詢"
"9928","中視","112/11/24","15:00","中國電視事業股份有限公司(台北市南港區重陽路118號第二大廈3樓)","本公司受邀參加凱基證券舉辦之法人說明會","992820231116M001.pdf","992820231116E001.pdf","",中文影音檔網址:9928_7_20231124_ch.mp4 ,"無","查詢"
"9929","秋雨","112/12/04","14:30","福邦證券總公司(台北市忠孝西路一段6號7樓)","受邀參加福邦證券舉辦之法人說明會，就本公司已公開之財務業務資訊作說明。","992920231204M001.pdf","992920231204E001.pdf","",中文影音檔網址:9929_7_20231204_ch.MP4 ,"無","查詢"
"9930","中聯資源","112/12/20","15:20","台北文創大樓6樓(台北市信義區菸廠路88號6樓)","本公司業務及財務相關資訊","993020231219M001.pdf","993020231219E001.pdf","https://www.chc.com.tw/pst.html",中文影音檔網址:9930_9_20231220_ch.mp4 ,"無","查詢"
"9931","欣高","112/05/30","14:00","高雄市鹽埕區大義街56號","說明本公司112年第一季營運概況","993120230530M001.doc","993120230530E001.docx","http://www.hkgas.com.tw",法說會影音連結資訊:https://youtu.be/ngS2HBWPMnc ,"無","查詢"
"9933","中鼎","112/09/13","15:00","台北晶華酒店(台北市中山北路二段39巷3號4F)","本公司受邀參加元大證券舉辦之2023年第三季投資論壇，說明本公司營運概況。","993320230814M001.pdf","993320230814E001.pdf","https://www.ctci.com/","","無","查詢"
"9933","中鼎","112/11/02","14:30","本次為線上法&#12040;說明會","2023年&#12164;今營運回顧與業務展望","993320231102M001.pdf","993320231102E001.pdf","http://www.ctci.com/",同步收看網址：:https://ctci-3.webex.com/ctci-3-en/j.php?MTID=m465a16739d8fe71fea3813cfc1da89dd 法說會影音連結資訊:http://www.ctci.com ,"無","查詢"
"9933","中鼎","112/09/15","14:00","線上法說會（台灣）","本公司受邀參加國票綜合證券舉辦之法人說明會，向投資&#12040;說明本公司之營運概況、財務及業務相關資訊。","993320230814M001.pdf","993320230814E001.pdf","https://www.ctci.com/",法說會影音連結資訊:https://drive.google.com/file/d/1GXQnRew5T_uPr4NLrHzR9uQkzQpFANsG/view?usp=sharing ,"報名請洽國票綜合證券汪先生(02)2528-6999 #605 Email:a1161162001@ibfs.com.tw","查詢"
"9933","中鼎","112/04/25 至 112/04/27","14:00","線上法說會(台灣)","(更正)本公司受邀參加寬量國際主辦之「13th Taiwan CEO Week &amp; Taiwan New Economy Day」，向投資人說明本公司之營運概況、財務及業務相關資訊。","993320230424M001.pdf","993320230424E001.pdf","https://www.ctci.com","","完整財務業務資訊請至公開資訊觀測站之法說會項目下查閱。","查詢"
"9933","中鼎","112/05/09","14:00","本次為線上法&#12040;說明會","2023年至今營運回顧與業務展望","993320230509M001.pdf","993320230509E001.pdf","http://www.ctci.com/",同步收看網址：:https://ctci-3.webex.com/ctci-3-en/j.php?MTID=m1f56b5b376c8bb426a5ce463d0d0fc9c 法說會影音連結資訊:http://www.ctci.com/ ,"無","查詢"
"9933","中鼎","112/03/08","14:30","本次為線上法&#12040;說明會","2022年營運回顧與業務展望","993320230308M001.pdf","993320230308E001.pdf","http://www.ctci.com/",同步收看網址：:https://ctci-3.webex.com/ctci-3-en/j.php?MTID=maf24dc666588b359df2a7cc5914d8737 法說會影音連結資訊:http://www.ctci.com ,"無","查詢"
"9933","中鼎","112/08/14","14:30","本次為線上法&#12040;說明會","2023年&#12164;今營運回顧與業務展望","993320230814M001.pdf","993320230814E001.pdf","http://www.ctci.com/",同步收看網址：:https://ctci-3.webex.com/ctci-3-en/j.php?MTID=maf256fabafdaa6b080ebc0fb06c6d95e 法說會影音連結資訊:http://www.ctci.com/ ,"無","查詢"
"9933","中鼎","112/08/30 至 112/08/31","11:20","線上法說會（台灣）","本公司受邀參加寬量國際主辦之「2023 Taiwan Renewable Energy Day」，向投資人說明本公司之營運概況、財務及業務相關資訊。","993320230814M001.pdf","993320230814E001.pdf","https://www.ctci.com/","","完整財務業務資訊請至公開資訊觀測站之法人說明會一覽表 或法說會項目下查閱。","查詢"
"9933","中鼎","112/08/03","14:30","本次為線上法人說明會","2023年至今營運回顧與業務展望","內容檔案於當日會後公告於公開資訊觀測站","內容檔案於當日會後公告於公開資訊觀測站","http://www.ctci.com/",同步收看網址：:https://ctci-3.webex.com/ctci-3-en/j.php?MTID=ma84ca8bc80d35bcfc5513fe6ff00dfca 法說會影音連結資訊:未輸 ,"無","查詢"
"9934","成霖","112/12/20","14:30","台北市中山區建國北路一段96號13F","本公司受邀參加台新證券主辦之法人說明會","993420231218M001.pdf","993420231218E001.pdf","https://tw.globeunion.com/investors/",法說會影音連結資訊:https://www.youtube.com/watch?v=Nl2Bfi1ezC8 ,"無","查詢"
"9934","成霖","112/08/09","14:30","台北市中山區建國北路一段96號13F","本公司受邀參加台新證券主辦之法人說明會","993420230807M001.pdf","993420230807E001.pdf","https://tw.globeunion.com/investors/","","無","查詢"
"9935","慶豐富","112/12/06","14:30","台北市中山區建國北路一段96號B1會議室","受邀參加台新綜合證券主辦法人說明會，說明公司營運成果以及未來展望","993520231206M001.pdf","993520231206E001.pdf","https://www.chingfeng.com/msg/seminar.html",法說會影音連結資訊:https://www.chingfeng.com/msg/seminar.html ,"無","查詢"
"9937","全國","112/10/26","16:00","線上法說會","本公司受邀參加元大證券舉辦之線上法人說明會","993720231025M001.pdf","993720231025E001.pdf","http://inv.npcgas.com.tw/html/investors/15.aspx",法說會影音連結資訊:https://youtu.be/6_KejSHYBSU ,"無。","查詢"
"9938","百和","112/07/13","14:00","本公司所在地(彰化縣和美鎮和港路575號)","本公司召開法人說明會，說明本公司財務業務狀況及經營績效","993820230710M004.pdf","993820230710E004.pdf","http://www.paiho.com",法說會影音連結資訊:https://irconference.twse.com.tw/9938_37_20230713_ch.mp4 ,"無","查詢"
"9938","百和","112/11/29","11:20","臺北文創6F(台北市信義區菸廠路88號)","本公司受邀參加元富證券舉辦之「2023年冬季產業投資論壇」，說明本公司財務業務狀況及經營績效。","993820231124M001.pdf","993820231124E001.pdf","http://www.paiho.com",中文影音檔網址:9938_38_20231129_ch.mp4 ,"無","查詢"
"9939","宏全","112/12/15","10:30","凱基證券股份有限公司(台北市中山區明水路700號)","公司簡介財務、業務及相關資訊作說明","993920231214M001.pdf","993920231214E001.pdf","https://www.honchuan.com/tw","","本公司受邀參加凱基證券所舉辦之法人座談會","查詢"
"9939","宏全","112/03/15","14:00","線上法說會","公司簡介財務、業務及相關資訊作說明","993920230314M001.pdf","993920230314E001.pdf","https://www.honchuan.com/tw",法說會影音連結資訊:https://www.honchuan.com/tw/investors/event-calendar ,"本公司受邀參加凱基證券所舉辦之線上法說會","查詢"
"9939","宏全","112/09/07","15:40","台北香格里拉遠東國際大飯店B1 秀南廳
(台北市敦化南路二段201號)","公司簡介財務、業務及相關資訊作說明","993920230906M001.pdf","993920230906E001.pdf","https://www.honchuan.com/tw","","本公司受邀參加國泰綜合證券所舉辦之第三季論壇","查詢"
"9939","宏全","112/03/02","15:15","台北君悅酒店3樓鶴齡廳(台北市信義區松壽路2號3樓)","公司簡介財務、業務及相關資訊作說明","993920230301M001.pdf","993920230301E001.pdf","https://www.honchuan.com/tw","","本公司受邀參加統一證券2023 Q1之全球展望春季投資論壇","查詢"
"9939","宏全","112/06/09","15:00","台北晶華酒店4樓(台北市中山區中山北路2段39巷3號)","公司簡介財務、業務及相關資訊作說明","993920230608M001.pdf","993920230608E001.pdf","https://www.honchuan.com/tw","","本公司受邀參加元大證券之2023第二季投資論壇","查詢"
"9940","信義","112/11/13","14:30","線上法人說明會","一一二年第三季營運概況","994020231110M001.pdf","994020231110E001.pdf","https://www.sinyi.com.tw/investors/shareholder-services/investor-conference",中文影音檔網址:9940_47_20231113_ch.mp4 ,"相關資訊將依規定公布於公開資訊觀測站公司治理專區","查詢"
"9940","信義","112/03/13","14:30","線上法人說明會","一一一年第四季營運狀況說明","994020230310M001.pdf","994020230310E001.pdf","https://www.sinyi.com.tw/investors/shareholder-services/investor-conference",中文影音檔網址:9940_44_20230313_ch.mp4 ,"相關資訊將依規定公布於公開資訊觀測站公司治理專區","查詢"
"9940","信義","112/05/11","14:30","線上法說會","112年第一季營運概況","994020230512M001.pdf","994020230512E001.pdf","https://www.sinyi.com.tw/investors/shareholder-services/investor-conference",中文影音檔網址:9940_45_20230511_ch.mp4 ,"相關資訊將依規定公布於公開資訊觀測站公司治理專區","查詢"
"9940","信義","112/08/11","14:30","線上法人說明會","一一二年第二季營運概況","994020230809M001.pdf","994020230809E001.pdf","https://www.sinyi.com.tw/investors/shareholder-services/investor-conference",中文影音檔網址:9940_46_20230811_ch.mp4 ,"相關資訊將依規定公布於公開資訊觀測站公司治理專區","查詢"
"9941","裕融","112/11/16","13:30","線上法人說明會","本公司受邀參加富邦證券於2023年11月16日舉辦之上市公司財務業務概況座談會，會中將說明本公司2023年第三季營運概況。","994120231116M001.pdf","994120231116E001.pdf","https://www.tac.com.tw/",中文影音檔網址:9941_32_20231116_ch.mp4 ,"報名請洽富邦法人部tingju.yeh@fubon.com","查詢"
"9941","裕融","112/08/31","14:20","線上法人說明會","本公司受邀參加富邦證券於2023年8月31日舉辦之上市公司財務業務概況座談會，會中將說明本公司2023年第二季營運概況。","994120230831M001.pdf","994120230831E001.pdf","https://www.tac.com.tw/","","報名請洽富邦法人部tingju.yeh@fubon.com","查詢"
"9941","裕融","112/05/25","13:30","線上法人說明會","本公司受邀參加富邦證券於2023年5月25日舉辦之上市公司財務業務概況座談會，會中將說明本公司2023年第一季營運概況。","994120230525M001.pdf","994120230525E001.pdf","www.tac.com.tw","","報名請洽富邦法人部tingju.yeh@fubon.com","查詢"
"9941","裕融","112/04/21","14:00","線上法人說明會","本公司受邀參加富邦證券於2023年4月21日舉辦之上市公司財務業務概況座談會，會中將說明本公司2022年第四季營運概況。","994120230421M001.pdf","994120230421E001.pdf","www.tac.com.tw","","報名請洽富邦法人部tingju.yeh@fubon.com","查詢"
"9942","茂順","112/09/14","15:00","線上法說會","本公司受邀參加元大證券舉辦之線上法人說明會，報告本公司營運狀況。","994220230911M001.pdf","994220230911E001.pdf","",中文影音檔網址:9942_9_20230914_ch.mp4 ,"　無。","查詢"
"9943","好樂迪","112/11/17","14:30","福邦證券總公司(台北市忠孝西路一段6號7樓)","公司簡介及營運概況等說明。","994320231116M001.pptx","994320231116E001.ppt","",中文影音檔網址:9943_8_20231117_ch.mp3 ,"無","查詢"
"9944","新麗","112/11/16","14:00","線上法人說明會","主要向投資人說明營運概況。","994420231116M001.pdf","994420231116E001.pdf","https://www.shinih.com/shareholders-meeting#_2023",法說會影音連結資訊:https://youtu.be/9isWibA4tKI ,"無","查詢"
"9945","潤泰新","112/12/01","15:30","臺灣證券交易所1樓資訊展示中心(台北市信義路五段7號)","說明本公司近期之營運成果與未來展望","994520231201M001.pdf","994520231201E001.pdf","https://www.rt-develop.com.tw",同步收看網址：:https://webpro.twse.com.tw/WebPortal/vod/101/7B10A96FF4E1-C986B9AE-902A-11EE-B57F/?categoryId=101 法說會影音連結資訊:https://webpro.twse.com.tw/WebPortal/vod/101/7B10A96FF4E1-C986B9AE-902A-11EE-B57F/?categoryId=101 ,"無","查詢"
"9946","三發地產","112/08/31","15:00","線上法說會","本公司受邀參加元大證券舉辦之線上法說會，報告本公司營運狀況。","994620230831M001.pdf","994620230831E001.pdf","",中文影音檔網址:9946_11_20230831_ch.mp4 ,"若因颱風致停止上班，原定場次取消，線上法說會擇日召開，日期再另行公告。","查詢"
"9946","三發地產","112/12/21","15:00","線上法說會","本公司受邀參加元大證券舉辦之產業座談會，報告本公司營運狀況。","994620231221M001.pdf","994620231221E001.pdf","",中文影音檔網址:9946_12_20231221_ch.mp4 ,"無","查詢"
"9955","佳龍","112/12/27","14:00","線上法說會","本公司受邀元富證券舉辦之線上法人說明會","995520231211M001.pdf","995520231211E001.pdf","https://www.sdti.com.tw/investors_finance.html",中文影音檔網址:9955_13_20231227_ch.mp4 ,"無","查詢"
"9955","佳龍","112/12/12","14:30","統一證券集團大樓B2-B202會議室
地址:臺北市松山區東興路8號B2","本公司受邀參加統一證券國際法人部舉辦之法人說明會","995520231211M001.pdf","995520231211E001.pdf","https://www.sdti.com.tw/investors_finance.html","","無","查詢"
"9955","佳龍","112/09/05","15:15","台北市君悅酒店(台北市信義區松壽路2號)","統一證券2023Q3秋季投資論壇","995520230904M002.pdf","995520230904E002.pdf","https://www.sdti.com.tw/investors_finance.html",中文影音檔網址:9955_11_20230905_ch.mp4 ,"無","查詢"
"9958","世紀鋼","112/09/14","14:30","台北晶華酒店 4F (台北市中山北路二段39巷3號)","本公司受邀請參加永豐金證券2023年第三季產業論壇","995820230914M001.pptx","995820230914E001.pptx","",法說會影音連結資訊:http://www.century.com.tw/tw/report/32/522 ,"影音資訊於會後上傳。","查詢"
"9958","世紀鋼","112/05/26","14:30","本次為線上法人說明會。","本公司受邀參加群益金鼎證券所舉辦之線上法說會，說明本公司營運展望與經營績效。","995820230526M001.ppt","995820230526E001.ppt","","","無","查詢"
"9958","世紀鋼","112/12/14","15:00","新北市八里區下罟里5鄰中山路3段388之5號(世紀風電)","本公司受邀參加永豐金證券舉辦之法人說明會，簡報本公司營運成果及未來展望。","995820231215M001.pdf","995820231215E001.pdf","","","法說會地點位於台北港管制區，要參加者請務必事先向永豐金證券報名。","查詢"