"公司代號","公司名稱","召開法人說明會日期","召開法人說明會時間","召開法人說明會地點","法人說明會擇要訊息","法人說明會簡報內容-中文","法人說明會簡報內容-英文","公司網站是否有提供法人說明會相關資訊","影音連結資訊","其他應敘明事項","歷年法人說明會"
"1101","台泥","113/11/22","14:30","台北市中山北路2段113號3樓士敏廳","公司簡介、所屬產業概況、營運成果及未來展望說明","110120241122M001.pdf","110120241122E001.pdf","https://www.tccgroupholdings.com/tw/ir_investor-meetings.html",法說會影音連結資訊:https://media.taiwancement.com/investors/2024/2024_Q3.mp4 ,"報名網址：https://www.tccgroupholdings.com/tw/investorsSignUp.html","查詢"
"1101","台泥","113/06/04","14:00","台北君悅酒店","公司簡介、所屬產業概況、營運成果及未來展望說明","110120240604M001.pdf","110120240604E001.pdf","https://www.taiwancement.com/tw/ir_investor-meetings.html",法說會影音連結資訊:https://media.taiwancement.com/investors/2024/2024_Q2_HSBC.mp4 ,"無","查詢"
"1101","台泥","113/09/18 至 113/09/20","16:00","倫敦,法蘭克福,巴黎","公司營運簡介、ESG、公司未來展望","110120240924M001.pdf","110120240924E001.pdf","https://www.taiwancement.com/en/ir_investor-meetings.html",法說會影音連結資訊:未輸 ,"無","查詢"
"1102","亞泥","113/03/18","14:00","線上法說會","2023年第四季營運概況線上法說會","110220240318M001.pdf","110220240318E001.pdf","https://www.acc.com.tw/",中文影音檔網址:1102_101_20240318_ch.mp4 ,"請於112/03/14完成線上報名：https://lurl.cc/DDF1IG","查詢"
"1102","亞泥","113/05/16","14:00","線上法說會","2024年第一季營運概況線上法說會","110220240516M001.pdf","110220240516E001.pdf","https://www.acc.com.tw/",中文影音檔網址:1102_102_20240516_ch.mp4 ,"請於112/05/14完成線上報名：https://lurl.cc/dQBOkg","查詢"
"1102","亞泥","113/11/14","14:00","線上法說會","2024年第三季營運概況線上法說會","110220241114M001.pdf","110220241114E001.pdf","https://www.acc.com.tw/",中文影音檔網址:1102_103_20241114_ch.mp4 ,"請於113/11/12完成線上報名：https://reurl.cc/QErEro","查詢"
"1103","嘉泥","113/06/28","14:00","線上法說會","113年第一季公司營運狀況","110320240628M001.pdf","110320240628E001.pdf","https://www.chcgroup.com.tw/%e6%af%8f%e5%ad%a3%e7%87%9f%e9%81%8b-2024/",法說會影音連結資訊:https://youtu.be/-sAxYRcp9ow ,"線上法說會報名網址：https://forms.gle/n7wTLqTkexHteACaA","查詢"
"1103","嘉泥","113/03/27","14:00","線上法說會","112年第四季公司營運狀況","110320240327M001.pdf","110320240327E001.pdf","https://www.chcgroup.com.tw/%e6%af%8f%e5%ad%a3%e7%87%9f%e9%81%8b-2023/",法說會影音連結資訊:https://youtu.be/3sw0YovndRI ,"線上法說會報名網址：https://forms.gle/oMhSXXgTtUTKr6mx5","查詢"
"1103","嘉泥","113/09/04","14:00","線上法說會","113年第二季公司營運狀況","110320240904M001.pdf","110320240904E001.pdf","https://www.chcgroup.com.tw/%e6%af%8f%e5%ad%a3%e7%87%9f%e9%81%8b-2024/",法說會影音連結資訊:https://www.youtube.com/watch?v=n_mB10_G844 ,"線上法說會報名網址：https://forms.gle/MaLdYbCLT9UjwrHaA","查詢"
"1103","嘉泥","113/12/19","14:00","線上法說會","113年第三季公司營運狀況","110320241219M001.pdf","110320241219E001.pdf","https://www.chcgroup.com.tw/%e6%af%8f%e5%ad%a3%e7%87%9f%e9%81%8b-2024/",法說會影音連結資訊:https://www.youtube.com/watch?v=xYmpkApRcAQ (請輸入網址名稱(註)):未輸 ,"線上法說會報名網址：https://forms.gle/tGfZ6TikMpM4siGy6","查詢"
"1104","環泥","113/06/12","11:15","台北君悅酒店3樓(地址:台北市信義區松壽路2號3樓)","本公司受邀參加統一證券舉辦之「2024 Q2夏季投資論壇」","110420240611M002.pdf","110420240611E002.pdf","http://www.ucctw.com/m/412-1518-9960.php?Lang=zh-tw",中文影音檔網址:1104_18_20240612_ch.mp4 ,"無","查詢"
"1104","環泥","113/12/05","14:30","台北市松山區東興路8號13樓(統一綜合證券 1302會議室)","本公司受統一綜合證券邀請，參加法人說明會。","110420241203M001.pdf","110420241203E001.pdf","http://www.ucctw.com/m/412-1518-9960.php?Lang=zh-tw",法說會影音連結資訊:https://www.youtube.com/watch?v=5Zm1OPifYLc ,"無","查詢"
"1108","幸福","113/12/27","14:30","證交所城中大樓3樓會議室(台北市中正區延平南路85號3樓)","公司簡介與營運概況","110820241227M001.pdf","110820241227E001.pdf","https://www.luckygrp.com.tw/tw/index.asp?au_id=23&amp;sub_id=59",中文影音檔網址:1108_8_20241227_ch.MP4 ,"14:00報到，14:30法說會開始。","查詢"
"1109","信大","113/12/13","16:00","台北市信義路5段7號 101大樓1樓(證交所1F資訊展示中心)","公司簡介、營業概況、財務分析、永續發展、未來展望","110920241213M001.pdf","110920241213E001.pdf","https://www.hsingta.com.tw/Download.asp?lv=0&amp;id=90",法說會影音連結資訊:https://webpro.twse.com.tw/WebPortal/vod/101/75E2F8ECF7EB-87DF2989-B931-11EF-AD04/?categoryId=101 ,"無","查詢"
"1110","東泥","113/12/19","15:00","線上法說會","本公司受邀參加元大證券舉辦之線上法說會，報告本公司營運狀況。","111020241218M001.pdf","111020241218E001.pdf","http://www.southeastcement.com.tw/index.php?q=conference",中文影音檔網址:1110_10_20241219_ch.mp4 ,"無。","查詢"
"1110","東泥","113/09/12","14:00","線上法說會","本公司受邀參加元大證券舉辦之線上法說會，報告本公司營運狀況。","111020240910M001.pdf","111020240910E001.pdf","http://www.southeastcement.com.tw/index.php?q=conference",中文影音檔網址:1110_9_20240912_ch.mp4 ,"無。","查詢"
"1201","味全","113/11/28","15:00","線上產業座談會。","本公司受邀參加元大證券舉辦之線上產業座談會。","120120241128M001.pdf","120120241128E001.pdf","https://www.weichuan.com.tw/tw/investor#gsc.tab=0",中文影音檔網址:1201_9_20241128_ch.mp4 ,"無","查詢"
"1203","味王","113/10/16","14:30","臺灣證券交易所1樓資訊展示中心(台北市信義路五段7號)","公司概況、財務報告及營運概況。","120320241015M001.ppt","120320241015E001.ppt","https://www.vewong.com/ec99/ushop20069/profile-11.asp",法說會影音連結資訊:https://webpro.twse.com.tw/WebPortal/vod/101/19B64C829085-86EC9A94-8B8C-11EF-8485/?categoryId=101 ,"無","查詢"
"1210","大成","113/03/20","14:00","線上法說會","112Q4財報說明。","121020240320M001.pdf","121020240320E001.pdf","https://www.dachan.com/conference",中文影音檔網址:1210_16_20240320_ch.mp4 ,"無","查詢"
"1210","大成","113/12/02","14:00","線上法說會","113Q3財報說明。","121020241202M001.pdf","121020241202E001.pdf","https://www.dachan.com/conference","","無","查詢"
"1210","大成","113/08/13","14:00","線上法說會","113Q2財報說明。","121020240813M001.pdf","121020240813E001.pdf","https://www.dachan.com/conference",中文影音檔網址:1210_18_20240813_ch.mp4 ,"無","查詢"
"1210","大成","113/05/16","14:00","線上法說會","113Q1財報說明。","121020240516M001.pdf","121020240516E001.pdf","https://www.dachan.com/conference","","無","查詢"
"1213","大飲","113/12/12","14:00","新北市三重區重陽路三段99號10樓","公司簡介及營運狀況報告","121320241212M001.pdf","121320241212E001.pdf","https://applesidra.com.tw/",法說會影音連結資訊:https://youtu.be/7_nYm4h6zgA ,"中、英文簡報內容檔案於當日會後公告於公開資訊觀測站","查詢"
"1215","卜蜂","113/11/25","15:30","證券交易所一樓資訊展示中心(台北市信義區信義路五段7號)","簡報營運狀況","121520241125M001.pptx","121520241125E001.pptx","https://www.cptwn.com.tw/ec99/rwd1453/category.asp?category_id=21",法說會影音連結資訊:https://webpro.twse.com.tw/webportal/vod/101/71F2CCD6EFB4-C6E2F467-AB15-11EF-A913/?categoryId=101 ,"無","查詢"
"1215","卜蜂","113/08/26","15:30","證券交易所一樓資訊展示中心(台北市信義區信義路五段7號)","簡報營運狀況","121520240826M001.pptx","121520240826E001.pptx","https://www.cptwn.com.tw/ec99/rwd1453/category.asp?category_id=21",法說會影音連結資訊:https://webpro.twse.com.tw/webportal/vod/101/3DA1BDDEDEF7-917E3694-6386-11EF-BF7B/?categoryId=101 ,"無","查詢"
"1216","統一","113/11/22","08:00","線上法說會","報告本公司截至113年第三季度之營運與財務概況。","121620241121M001.pdf","121620241121E001.pdf","https://www.uni-president.com.tw/invest/index.html",中文影音檔網址:1216_215_20241122_ch.mp4 英文影音檔網址:1216_215_20241122_en.mp4 ,"會議簡報及影音檔案將依規定揭露及上傳於公開資訊觀測站。","查詢"
"1216","統一","113/11/22","13:30","台北","報告本公司截至113年第三季度之營運與財務概況。","121620241121M001.pdf","121620241121E001.pdf","https://www.uni-president.com.tw/invest/index.html","","會議簡報依規定揭露於「公開資訊觀測站」。","查詢"
"1216","統一","113/05/14","08:00","香港","本公司應麥格理證券之邀於113年5月14日在香港參加投資人說明會，報告本公司截至113年第一季之營運與財務概況。","121620240513M001.pdf","121620240513E001.pdf","https://www.uni-president.com.tw/invest/index.html","","會議簡報依規定揭露於「公開資訊觀測站」。","查詢"
"1216","統一","113/03/15","14:00","台北","本公司預計與統一中控、統一實業及大統益舉行聯合法說會。","121620240315M001.pdf","121620240315E001.pdf","https://www.uni-president.com.tw/invest/index.html",中文影音檔網址:1216_212_20240315_ch.mp4 英文影音檔網址:1216_212_20240315_en.mp4 ,"會議簡報及影音檔案將於當日會後揭露及上傳於公開資訊觀測站。","查詢"
"1216","統一","113/08/13 至 113/08/14","08:00","新加坡","本公司應凱基證券之邀於113年8月13~14日在新加坡參加投資人說明會，報告本公司截至113年上半年之營運與財務概況。","121620240812M001.pdf","121620240812E001.pdf","https://www.uni-president.com.tw/invest/index.html","","會議簡報依規定揭露於「公開資訊觀測站」。","查詢"
"1217","愛之味","113/08/29","14:30","台北市敦化南路&#12038;段97號16樓第&#12032;會議室","公司簡介與營運狀況說明","121720240829M002.pdf","121720240829E002.pdf","https://www.agv.com.tw/投資人專區/股東專區/法人說明會/",法說會影音連結資訊:https://www.youtube.com/watch?v=6nWkiYWbmB8 ,"無","查詢"
"1217","愛之味","113/12/27","14:30","台北市敦化南路&#12038;段97號16樓第&#12032;會議室","公司簡介與營運狀況說明","121720241227M002.pdf","121720241227E002.pdf","https://www.agv.com.tw/投資人專區/股東專區/法人說明會/",法說會影音連結資訊:https://youtu.be/XZpaIUHTuAY ,"無","查詢"
"1218","泰山","113/09/20","16:00","線上法說會","本公司受邀參加元大證券舉辦之線上法人說明會。","121820240920M001.pdf","121820240920E001.pdf","http://www.taisun.com.tw/investor/legal-person-info/",中文影音檔網址:1218_8_20240920_ch.mp4 ,"無","查詢"
"1218","泰山","113/12/25","15:00","線上法說會","本公司受邀參加元大證券舉辦之線上法人說明會。","121820241225M001.pdf","121820241225E001.pdf","http://www.taisun.com.tw/investor/legal-person-info/",中文影音檔網址:1218_9_20241225_ch.mp4 ,"無","查詢"
"1219","福壽","113/09/18","16:00","臺灣證券交易所1樓資訊展示中心(台北市信義路五段7號1樓)","公司營運、財務績效說明及未來展望","121920240916M001.pdf","121920240916E001.pdf","https://www.fwusow.com.tw/",法說會影音連結資訊:https://webpro.twse.com.tw/WebPortal/vod/101/31BE19AB59AB-6D153910-759C-11EF-A3CC/?categoryId=101 ,"無","查詢"
"1220","台榮","113/08/29","16:00","台北市信義區信義路五段 7 號 1 樓證券交易所資訊展示中心","簡報公司營運概況","122020240827M001.pptx","122020240827E001.pptx","",法說會影音連結資訊:https://webpro.twse.com.tw/WebPortal/vod/101/F305E4EF4A67-83A22A71-65DF-11EF-93AD/?categoryId=101 ,"無","查詢"
"1220","台榮","113/12/16","14:30","台北市信義區信義路五段7號101辦公大樓證券交易所1樓資訊展示中心","簡報公司營運概況","122020241213M001.pptx","122020241213E001.pptx","",法說會影音連結資訊:https://webpro.twse.com.tw/WebPortal/vod/101/75E2F8ECF7EB-D51CF910-BB78-11EF-AD04/?categoryId=101 ,"無","查詢"
"1225","福懋油","113/12/13","14:00","線上法說會","擬於113年12月13日14：00舉行線上法人說明會，報告本公司113年第三季業績成果，欲參加可透過網路連接下列網址參加線上法人說明會http://www.zucast.com/webcast/zeXSA2D8","122520241213M001.pdf","122520241213E001.pdf","https://www.fopco.com.tw",中文影音檔網址:1225_8_20241213_ch.mp4 ,"無","查詢"
"1227","佳格","113/09/26","14:00","線上法說會","受邀參加元富證券舉辦法人說明會，會中就本公司已公開發布之營運及財務業務狀況做說明。","122720240926M001.pdf","122720240926E001.pdf","https://www.sfworldwide.com/investors-financial-%E6%B3%95%E8%AA%AA%E6%9C%83%E5%A0%B1%E5%91%8A.html",中文影音檔網址:1227_8_20240926_ch.mp4 ,"無","查詢"
"1229","聯華","113/06/21","15:30","線上法人說明會。","本公司受邀參加康和證券線上法人說明會，會中就本公司已公開發佈之財務數字及經營績效等相關資訊做說明。","122920240621M001.pdf","122920240621E001.pdf","https://www.lhicholdings.com/investors/3news/Investor-Conference-2/",法說會影音連結資訊:https://www.youtube.com/watch?v=rkeKgXuz3TY ,"無","查詢"
"1229","聯華","113/12/11","15:40","台北晶華酒店4樓（台北市中山北路二段39巷3號）","本公司受邀參加永豐金證券2024年第四季產業論壇，會中就本公司已公開發佈之財務數字及經營績效等相關資訊做說明。","122920241211M001.pdf","122920241211E001.pdf","https://www.lhicholdings.com/investors/3news/Investor-Conference-2/",中文影音檔網址:1229_14_20241211_ch.mp3 ,"無","查詢"
"1231","聯華食","113/12/25","14:00","線上法說會","公司簡介及營運概況說明","123120241225M001.pdf","123120241225E001.pdf","https://www.lianhwa.com.tw/column_list.php?content_category_sn=180",同步收看網址：:http://www.zucast.com/webcast/XJGEUGkx 法說會影音連結資訊:http://www.zucast.com/webcast/XJGEUGkx ,"無","查詢"
"1232","大統益","113/03/15","14:00","台北","本公司預計與統一企業、統一中控及統一實業在113年3月15日 於台北舉行聯合法說會，報告本公司截至112全年度營運與財務概況。","123220240315M001.pdf","123220240315E001.pdf","https://www.ttet.com.tw/",中文影音檔網址:1232_8_20240315_ch.mp4 ,"會議簡報及影音檔將於當日會後揭露及上傳於公開資訊觀測站。","查詢"
"1233","天仁","113/12/12","15:00","線上法人說明會","113年度天仁茶業線上法人說明會","123320241128M001.pptx","123320241128E001.pptx","https://www.tenren.com.tw/Content/Downloads/List.aspx?SiteID=10&amp;MmmID=654061447454403423",同步收看網址：:http://www.zucast.com/webcast/l9xW8tjm 法說會影音連結資訊:https://www.tenren.com.tw/Content/Downloads/List.aspx?SiteID=10&MmmID=654061447454403423 ,"公司網站所提供法人說明會相關內容，將於法人說明會後上傳本公司網站。","查詢"
"1234","黑松","113/06/25","16:00","臺灣證券交易所一樓資訊展示中心(台北市信義區信義路五段7號1樓)","公司簡介及營運報告","123420240625M001.pdf","123420240625E001.pdf","https://www.heysong.com.tw/investor/stockconference",法說會影音連結資訊:https://webpro.twse.com.tw/WebPortal/vod/101/A1254962C130-E2DD2052-32D5-11EF-8145/?categoryId=101 ,"15:30報到，16:00會議開始。","查詢"
"1234","黑松","113/12/23","14:30","臺灣證券交易所一樓資訊展示中心(台北市信義區信義路五段7號1樓)","公司簡介及營運報告","123420241223M001.pdf","123420241223E001.pdf","https://www.heysong.com.tw/investor/stockconference",法說會影音連結資訊:https://webpro.twse.com.tw/WebPortal/vod/101/69694597C11B-482A2655-C0FF-11EF-B60A/?categoryId=101 ,"14:00報到，14:30會議開始。","查詢"
"1235","興泰","113/12/24","14:00","本公司二樓會議室(高雄市仁武區高楠公路10號)","2024年前三季營運概況說明","123520241220M001.pdf","123520241220E001.pdf","http://www.goldenbrand.com.tw/legal.php",法說會影音連結資訊:http://www.goldenbrand.com.tw/legal.php ,"無","查詢"
"1236","宏亞","113/12/17","15:30","台北市中正區忠孝西路一段6號7樓","受邀參加福邦證券舉辦之法人說明會，就本公司已公開之財務業務資訊作說明。","123620241213M001.pdf","123620241213E001.pdf","https://www.hunya.com.tw/ir/news/Conference",中文影音檔網址:1236_8_20241217_ch.mp4 ,"無。","查詢"
"1256","鮮活果汁-KY","113/06/04","14:30","兆豐證券13樓會議室（台北市忠孝東路二段95號13樓）","受邀參加兆豐證券法人說明會，說明本公司營運概況。","125620240604M001.pdf","125620240604E001.pdf","http://www.myfreshjuice.com/",法說會影音連結資訊:http://www.myfreshjuice.com/list/?188_1.html ,"無","查詢"
"1256","鮮活果汁-KY","113/12/12","14:30","線上法人說明會","受邀參加兆豐證券線上法人說明會，說明本公司營運概況。","125620241212M001.pdf","125620241212E001.pdf","http://www.myfreshjuice.com/",法說會影音連結資訊:http://www.myfreshjuice.com/list/?188_1.html ,"無","查詢"
"1301","台塑","113/03/26","15:00","線上法說會","本公司受邀參加統一證券國際法人部舉辦之線上法人說明會","130120240325M001.pdf","130120240325E001.pdf","http://www.fpc.com.tw/fpcw/index.php?op=res&amp;id=13&amp;c=22","","報名請洽統一證券 Email:JENNY117@uni-psg.com","查詢"
"1301","台塑","113/05/30","15:00","線上法說會","本公司受邀參加凱基證券舉辦之線上法人說明會","130120240529M001.pdf","130120240529E001.pdf","http://www.fpc.com.tw/fpcw/index.php?op=res&amp;id=13&amp;c=22",中文影音檔網址:1301_44_20240530_ch.mp4 ,"報名請洽凱基證券 Email: Lydia.huang@kgi.com","查詢"
"1301","台塑","113/11/28","14:30","線上法說會","本公司受邀參加康和證券線上法說會，說明本公司營運概況。","130120241127M001.pdf","130120241127E001.pdf","http://www.fpc.com.tw/fpcw/index.php?op=res&amp;id=13&amp;c=22",法說會影音連結資訊:https://youtu.be/mwa5lOfk8Ho ,"報名請洽康和證券 Email:irene.ho@concords.com.tw","查詢"
"1301","台塑","113/09/16","14:00","國票金控大樓(台北市中山區樂群三路128號7樓)","本公司受邀參加國票綜合證券法人說明會，說明本公司營運概況。","130120240911M001.pdf","130120240911E001.pdf","http://www.fpc.com.tw/fpcw/index.php?op=res&amp;id=13&amp;c=22","","報名請洽國票綜合證券李小姐02-25288275 Email:anneli@ibfs.com.tw","查詢"
"1303","南亞","113/03/28","15:15","台北君悅酒店","本公司受邀參加台新證券舉辦之法人說明會，說明本公司之營運概況","130320240327M001.pdf","130320240327E001.pdf","http://www.npc.com.tw",法說會影音連結資訊:https://www.npc.com.tw/j2npc/zhtw/investor/Earnings%20Conference ,"無","查詢"
"1303","南亞","113/05/17","12:00","國票證券(台北市南京東路五段188號)","本公司受邀參加國票證券舉辦之法人座談會，說明本公司之營運概況","130320240516M001.pdf","130320240516E001.pdf","http://www.npc.com.tw","","無","查詢"
"1303","南亞","113/11/20","15:20","台北文創","本公司受邀參加元富證券舉辦之2024年冬季投資論壇，說明本公司之營運概況","130320241119M001.pdf","130320241119E001.pdf","http://www.npc.com.tw","","無","查詢"
"1303","南亞","113/08/21","14:00","台北晶華酒店","本公司受邀參加台新證券舉辦之法人座談會，說明本公司之營運概況。","130320240820M001.pdf","130320240820E001.pdf","http://www.npc.com.tw",法說會影音連結資訊:https://www.npc.com.tw/j2npc/zhtw/investor/Earnings%20Conference ,"無","查詢"
"1304","台聚","113/11/29","14:30","台北市信義區信義路五段7號1樓(臺灣證券交易所資訊展示中心)","(1)主要產品市場回顧及展望(2)公司財務資訊","130420241129M002.pdf","130420241129E002.pdf","https://www.usife.com.tw/zh-tw/dirInvestor/frmInvestor7",同步收看網址：:https://webpro.twse.com.tw/webportal/?liveChannelId=1 法說會影音連結資訊:https://webpro.twse.com.tw/webportal/vod/101/DD82882FEA3C-51F14B1A-AE27-11EF-9A37/?categoryId=101 ,"無。","查詢"
"1304","台聚","113/03/21","14:30","台北市信義區信義路五段7號1樓(臺灣證券交易所資訊展示中心)","(1)主要產品市場回顧及展望(2)公司財務資訊","130420240321M001.pdf","130420240321E001.pdf","https://www.usife.com.tw/zh-tw/dirInvestor/frmInvestor7",同步收看網址：:https://webpro.twse.com.tw/webportal/?liveChannelId=1 法說會影音連結資訊:https://webpro.twse.com.tw/webportal/vod/101/E7EC82F4C811-A90DFB48-E75B-11EE-A5C9/?categoryId=101 ,"無。","查詢"
"1304","台聚","113/05/28","16:00","台北市信義區信義路五段7號1樓(臺灣證券交易所資訊展示中心)","(1)主要產品市場回顧及展望(2)公司財務資訊","130420240528M001.pdf","130420240528E001.pdf","https://www.usife.com.tw/zh-tw/dirInvestor/frmInvestor7",同步收看網址：:https://webpro.twse.com.tw/webportal/?liveChannelId=1 法說會影音連結資訊:https://webpro.twse.com.tw/webportal/vod/101/F796D99F71F0-DE3C7AB0-1CD2-11EF-B523/?categoryId=101 ,"無。","查詢"
"1304","台聚","113/08/28","14:30","台北市信義區信義路五段7號1樓(臺灣證券交易所資訊展示中心)","(1)主要產品市場回顧及展望(2)公司財務資訊","130420240828M001.pdf","130420240828E001.pdf","https://www.usife.com.tw/zh-tw/dirInvestor/frmInvestor7",同步收看網址：:https://webpro.twse.com.tw/webportal/?liveChannelId=1 法說會影音連結資訊:https://webpro.twse.com.tw/webportal/vod/101/3DA1BDDEDEF7-10938F4B-6511-11EF-BF7B/?categoryId=101 ,"無。","查詢"
"1305","華夏","113/05/13","14:30","台北市信義區信義路五段7號1樓(臺灣證券交易所資訊展示中心)","(1)2024年Q1回顧及Q2展望 (2)公司2024年Q1財務資訊","130520240517M001.pdf","130520240517E001.pdf","https://www.cgpc.com.tw/zh-tw/dirServices/frmServices8.aspx",同步收看網址：:https://webpro.twse.com.tw/webportal/?liveChannelId=1 法說會影音連結資訊:https://webpro.twse.com.tw/webportal/vod/101/F3FB77541C26-D28EBC7C-10FB-11EF-A979/?categoryId=101 ,"無。","查詢"
"1305","華夏","113/11/26","16:00","台北市信義區信義路五段7號1樓(臺灣證券交易所資訊展示中心)","(1)2024年Q3回顧及Q4展望 (2)公司2024年Q3財務資訊","130520241126M001.pdf","130520241126E001.pdf","https://www.cgpc.com.tw/zh-tw/dirServices/frmServices8.aspx",同步收看網址：:https://webpro.twse.com.tw/webportal/?liveChannelId=1 法說會影音連結資訊:https://webpro.twse.com.tw/webportal/vod/101/71F2CCD6EFB4-F507D5C6-ABE0-11EF-A913/?categoryId=101 ,"無。","查詢"
"1305","華夏","113/03/14","14:30","台北市信義區信義路五段7號1樓(臺灣證券交易所資訊展示中心)","(1)2023年回顧及2024年Q1展望 (2)公司2023年財務資訊","130520240314M001.pdf","130520240314E001.pdf","https://www.cgpc.com.tw/zh-tw/dirServices/frmServices8.aspx",同步收看網址：:https://webpro.twse.com.tw/webportal/?liveChannelId=1 法說會影音連結資訊:https://webpro.twse.com.tw/webportal/vod/101/E7EC82F4C811-206014DD-E1D7-11EE-A5C9/?categoryId=101 ,"無。","查詢"
"1305","華夏","113/08/16","16:00","台北市信義區信義路五段7號1樓(臺灣證券交易所資訊展示中心)","(1)2024年Q2回顧及Q3展望 (2)公司2024年上半年財務資訊","130520240816M001.pdf","130520240816E001.pdf","https://www.cgpc.com.tw/zh-tw/dirServices/frmServices8.aspx",同步收看網址：:https://webpro.twse.com.tw/webportal/?liveChannelId=1 法說會影音連結資訊:https://webpro.twse.com.tw/webportal/vod/101/3DA1BDDEDEF7-53E5D05C-5BB6-11EF-BF7B/?categoryId=101 ,"無。","查詢"
"1307","三芳","113/09/12","14:00","中信南港金融園區B棟13樓會議室 (南港區經貿二路188號)","本公司受邀參加中信證券法人說明會 ,說明本公司之營運概況。","130720240912M001.pdf","130720240912E001.pdf","https://www.sanfang.com/",法說會影音連結資訊:https://reurl.cc/E6VNZR ,"內容檔案於當日會後公告於公開資訊觀測站","查詢"
"1308","亞聚","113/05/14","14:30","台北市信義區信義路5段7號1樓(臺灣證券交易所資訊展示中心)","(1)公司簡介與產品介紹(2)營運概況及展望(3)財務資訊","130820240514M001.pdf","130820240514E001.pdf","https://www.apc.com.tw/zh-tw/dirServices/frmServices8.aspx",同步收看網址：:https://webpro.twse.com.tw/webportal/?liveChannelId=1 法說會影音連結資訊:https://webpro.twse.com.tw/webportal/vod/101/F3FB77541C26-E410B670-11C3-11EF-A979/?categoryId=101 ,"無。","查詢"
"1308","亞聚","113/11/27","14:30","台北市信義區信義路5段7號1樓(臺灣證券交易所資訊展示中心)","(1)公司簡介與產品介紹(2)營運概況及展望(3)財務資訊","130820241127M001.pdf","130820241127E001.pdf","https://www.apc.com.tw/zh-tw/dirServices/frmServices8.aspx",同步收看網址：:https://webpro.twse.com.tw/webportal/?liveChannelId=1 法說會影音連結資訊:https://webpro.twse.com.tw/webportal/vod/101/E9AF2039E3CC-CE1300D9-AC8E-11EF-A5D6/?categoryId=101 ,"無。","查詢"
"1309","台達化","113/05/14","16:00","台北市信義區信義路五段7號1樓(臺灣證券交易所資訊展示中心)","1.公司簡介 2.營運概況及展望 3.財務資訊","130920240514M001.pdf","130920240514E001.pdf","https://www.ttc.com.tw/zh-tw/dirServices/frmServices8.aspx",同步收看網址：:https://webpro.twse.com.tw/webportal/?liveChannelId=1 法說會影音連結資訊:https://webpro.twse.com.tw/webportal/vod/101/F3FB77541C26-4EFF3623-11D1-11EF-A979/?categoryId=101 ,"無","查詢"
"1309","台達化","113/11/27","16:00","台北市信義路5段7號1樓(臺灣證券交易所資訊展示中心)","1.公司簡介 2.營運概況及展望 3.財務資訊","130920241127M001.pdf","130920241127E001.pdf","https://www.ttc.com.tw/zh-tw/dirServices/frmServices8.aspx",同步收看網址：:https://webpro.twse.com.tw/webportal/?liveChannelId=1 法說會影音連結資訊:https://webpro.twse.com.tw/webportal/vod/101/E9AF2039E3CC-7712701C-AC9B-11EF-A5D6/?categoryId=101 ,"無","查詢"
"1310","台苯","113/09/26","14:00","台北市民生東路四段54號4樓（華南永昌證券）","本公司受邀參加華南永昌證券舉辦之法人說明會，說明本公司之營運概況。","131020240924M001.pdf","131020240924E001.pdf","https://www.smct.com.tw/",法說會影音連結資訊:https://drive.google.com/file/d/17x7A9kaG3RLiHCftvnV67MeNNTAwUUuE/view?usp=drive_link ,"報名請洽華南永昌 陳小姐 02-2545-6888#8258 Email:10019@entrust.com.tw","查詢"
"1312","國喬","113/06/18","14:00","採視訊方式進行","所屬產業概況及營運成果","131220240618M001.pdf","131220240618E001.pdf","http://www.gppc.com.tw",中文影音檔網址:1312_8_20240618_ch.mp4 ,"無","查詢"
"1312","國喬","113/11/27","14:00","採視訊方式進行","所屬產業概況及營運成果","131220241127M001.pdf","131220241127E001.pdf","http://www.gppc.com.tw",中文影音檔網址:1312_9_20241127_ch.mp4 ,"無","查詢"
"1313","聯成","113/11/21","14:00","Webex 線上會議","本公司受邀參加元大證券舉辦之法人說明會，說明公司營運概況及展望。","131320241121M001.pdf","131320241121E001.pdf","https://www.upc.com.tw/zh-TW/Html/ir_information/Index/ir_Conference",法說會影音連結資訊:https://youtu.be/pKVdSiHELco ,"無","查詢"
"1313","聯成","113/06/06","14:30","Webex 線上會議","本公司受邀參加凱基證券舉辦之法人說明會，說明公司營運概況及展望。","131320240606M001.pdf","131320240606E001.pdf","https://www.upc.com.tw/zh-TW/Html/ir_information/Index/ir_Conference",法說會影音連結資訊:https://youtu.be/K5vDlYWntCU ,"無","查詢"
"1314","中石化","113/04/12","16:00","臺灣證券交易所1樓資訊展示中心 
(11049台北市信義路5段7號1樓)","說明本公司2023年第四季財務暨營運概況","131420240412M001.pdf","131420240412E001.pdf","https://www.cpdc.com.tw/tw/ir_conference",法說會影音連結資訊:https://webpro.twse.com.tw/webportal/vod/101/AFA37D874E81-34412FA0-F8AA-11EE-B985/?categoryId=101 ,"無","查詢"
"1314","中石化","113/09/13","16:00","臺灣證券交易所1樓資訊展示中心(11049台北市信義路5段7號1樓)","說明本公司2024年第二季財務暨營運概況","131420240916M002.pdf","131420240916E002.pdf","https://www.cpdc.com.tw/tw/ir_conference",法說會影音連結資訊:https://webpro.twse.com.tw/WebPortal/vod/101/AB9C3FE727C8-F0841D18-71AF-11EF-B683/?categoryId=101 ,"無","查詢"
"1315","達新","113/12/19","15:00","第一金證券7樓會議室(台北市中山區長安東路一段22號7樓)","本公司受邀參加第一金證券舉辦之法人說明會，說明本公司近期財務暨營運概況。","131520241212M001.pdf","131520241212E001.pdf","http://www.tahhsin.com.tw",法說會影音連結資訊:https://webpro.twse.com.tw/WebPortal/vod/101/87199C8DF71A-AA8A82B4-BDE1-11EF-9C4F/?categoryId=101 ,"會議簡報依規定揭露於「公開資訊觀測站」。","查詢"
"1316","上曜","113/03/27","14:00","集思北科大會議中心2樓(台北市大安區忠孝東路三段1號2樓)","本公司受邀參加凱基證券與IR Trust共同舉辦之2024年探索全球景氣新投資亮點主題式投資論壇","131620240327M001.pdf","131620240327E001.pdf","",法說會影音連結資訊:https://drive.google.com/file/d/1CYbt8DRyNBKWt9OP8FhfkVlFLzOgV8qs/view?usp=sharing ,"完整財務業務資訊請至公開資訊觀測站之法人說明會一覽表或法說會項目下查閱。","查詢"
"1316","上曜","113/07/11","14:00","台北市大安區信義路四段236號7樓","本公司受邀參加宏遠證券與IR Trust共同舉辦「2024台灣不動產產業研討會」","131620240711M001.pdf","131620240711E001.pdf","",中文影音檔網址:1316_24_20240711_ch.mp4 ,"無","查詢"
"1319","東陽","113/04/16","12:00","台北市南京東路五段188號15樓","本公司受國票綜合證券邀請參加於113年4月16日舉辦之投資座談會，說明本公司之營運概況、財務及業務狀況相關事宜。","131920240415M001.pdf","131920240415E001.pdf","http://www.tyg.com.tw","","無","查詢"
"1319","東陽","113/03/05","11:20","台北文創6F","本公司受元富證券邀請參加於113年3月5日舉辦之「2024年春季投資論壇」，說明本公司之營運概況、財務及業務狀況相關事宜。","131920240227M001.pdf","131920240227E001.pdf","http://www.tyg.com.tw",中文影音檔網址:1319_124_20240305_ch.mp4 ,"無","查詢"
"1319","東陽","113/03/05","14:00","台北喜來登飯店","本公司受第一金證券邀請參加於113年3月5日舉辦之「2024年第一季投資論壇」，說明本公司之營運概況、財務及業務狀況相關事宜。","131920240229M001.pdf","131920240229E001.pdf","http://www.tyg.com.tw","","無","查詢"
"1319","東陽","113/11/21","14:00","臺灣證券交易所(101 大樓)1樓資訊展示中心","本公司受邀參加於113年11月21日證交所與永豐金證券合作舉辦之「車用電子暨零組件產業」主題式業績發表會，說明本公司之營運概況、財務及業務狀況相關事宜。","131920241119M001.pdf","131920241119E001.pdf","http://www.tyg.com.tw",法說會影音連結資訊:https://webpro.twse.com.tw/webportal/vod/101/?categoryId=101 ,"無","查詢"
"1319","東陽","113/03/20 至 113/03/21","13:00","台北君悅酒店","本公司受美銀證券邀請參加於113年3月20日至3月21日舉辦之「2024 APAC TMT Conference」，說明本公司之營運概況、財務及業務狀況相關事宜。","131920240319M001.pdf","131920240319E001.pdf","http://www.tyg.com.tw","","無","查詢"
"1319","東陽","113/08/15","12:00","台北市南京東路五段188號15樓","本公司受國票綜合證券邀請參加於113年8月15日舉辦之投資座談會，說明本公司之營運概況、財務及業務狀況相關事宜","131920240814M001.pdf","131920240814E001.pdf","http://www.tyg.com.tw",法說會影音連結資訊:https://drive.google.com/file/d/138zkET1U4Lgw9SGWq7z5DKOzGcNzBfmq/view?usp=drive_link ,"無","查詢"
"1319","東陽","113/11/13 至 113/11/14","09:00","香港港島香格里拉","本公司受大和國泰證券邀請參加於113年11月13日至113年11月14日舉辦之「2024大和國泰香港投資論壇」，說明本公司之營運概況、財務及業務狀況相關事宜","131920241106M001.pdf","131920241106E001.pdf","http://www.tyg.com.tw","","無","查詢"
"1321","大洋","113/08/19","16:00","台灣證券交易所資訊展示中心(台北信義區信義路5段7號1樓)","公司簡介、2024事業部營運情形、2024Q2經營績效、投資收益、資產活化及ESG永續報告書。","132120240815M001.pptx","132120240815E001.pptx","http://www.opc.com.tw",同步收看網址：:https://webpro.twse.com.tw/WebPortal/vod/101/3DA1BDDEDEF7-89266303-5E0B-11EF-BF7B/?categoryId=101 法說會影音連結資訊:https://webpro.twse.com.tw/WebPortal/vod/101/3DA1BDDEDEF7-89266303-5E0B-11EF-BF7B/?categoryId=101 ,"無","查詢"
"1323","永裕","113/11/25","14:30","線上法人說明會","公司受邀參加凱基證券公司所舉辦之上市公司法人說明會，說明本公司營運展望與經營績效。","132320241125M001.pptx","132320241125E001.pptx","https://www.yonyu.com.tw/yonyu/ir05.php",中文影音檔網址:1323_9_20241125_ch.mp4 ,"內容檔案於當日會後公告於公開資訊觀測站。連線方式請詳公司網站說明。","查詢"
"1324","地球","113/03/21","14:30","福邦證券總公司(台北市中正區忠孝西路一段6號7樓)","公布本公司2023年財務報告及2024年業績展望。","132420240321M001.pdf","132420240321E001.pdf","https://www.globetape.com/",中文影音檔網址:1324_9_20240321_ch.mp4 ,"無。","查詢"
"1324","地球","113/09/06","14:30","福邦證券總公司(台北市中正區忠孝西路一段6號7樓)","本公司財務報告及業績展望。","132420240906M001.pdf","132420240906E001.pdf","https://www.globetape.com/investor/shareholder-column/corporate-information",中文影音檔網址:1324_10_20240906_ch.mp4 ,"無","查詢"
"1325","恆大","113/12/20","14:30","台北巿信義區信義路五段7號1樓(臺灣證券易交所資訊展示中心)","公司簡介及營運概況等說明","132520241219M001.pdf","132520241219E001.pdf","http://www.uk.com.tw",法說會影音連結資訊:https://webpro.twse.com.tw/WebPortal/vod/101/69694597C11B-A6474C9F-BEA0-11EF-B60A/?categoryId=101 ,"無","查詢"
"1326","台化","113/04/29","14:00","華南永昌綜合證券(台北市民生東路四段54號4樓)","本公司受邀參加華南永昌證券舉辦之法人說明會，說明本公司112年及113年第一季營運概況與產業產望","132620240426M002.pdf","132620240426E002.pdf","https://www.fcfc.com.tw/corporate-information-session",法說會影音連結資訊:https://www.fcfc.com.tw/corporate-information-session ,"無","查詢"
"1326","台化","113/08/28","14:00","華南永昌綜合證券(台北市民生東路四段54號4樓)","本公司受邀參加華南永昌證券舉辦之法人說明會，說明本公司113年上半年之營運概況及產業展望","132620240827M001.pdf","132620240827E001.pdf","https://www.fcfc.com.tw/corporate-information-session",法說會影音連結資訊:https://www.fcfc.com.tw/corporate-information-session ,"無","查詢"
"1337","再生-KY","113/12/10","14:30","臺灣證券交易所1樓資訊展示中心(台北市信義路5段7號101大樓1樓)","公司簡介及營運概況等說明","133720241206M001.pdf","133720241206E001.pdf","http://asia-recycle.com/UpFiles/2024.txt",同步收看網址：:https://webpro.twse.com.tw 法說會影音連結資訊:https://webpro.twse.com.tw/WebPortal/vod/101/DD82882FEA3C-9A67E4D4-B6C4-11EF-9A37/?categoryId=101 ,"無","查詢"
"1338","廣華-KY","113/11/28","16:00","台北市長安東路一段35號2樓(第一證券2樓會議室)","本公司受邀參加第一證券與IR Trust共同舉辦之2024年汽車零組件產業研討會","133820241126M001.pdf","133820241126E001.pdf","",中文影音檔網址:1338_35_20241128_ch.MP4 ,"無。","查詢"
"1338","廣華-KY","113/03/28","14:00","集思北科大會議中心
(台北市大安區忠孝東路三段1號3樓)","凱基證券與IR Trust共同舉辦之2024年探索全球景氣新投資亮點主題式投資論壇","133820240327M002.pdf","133820240327E002.pdf","",中文影音檔網址:1338_34_20240328_ch.mp4 ,"無","查詢"
"1339","昭輝","113/08/08","15:00","彰化縣鹿港鎮興業路8號(昭輝辦公大樓會議室)","介紹公司概況，說明營運成果以及未來展望","133920240808M001.pdf","133920240808E001.pdf","http://www.yccco.com.tw",中文影音檔網址:1339_17_20240808_ch.mp4 ,"無","查詢"
"1339","昭輝","113/12/09","15:00","彰化縣鹿港鎮興業路8號(昭輝辦公大樓會議室)","介紹公司概況，說明營運成果以及未來展望","133920241209M001.pdf","133920241209E001.pdf","http://www.yccco.com.tw",中文影音檔網址:1339_18_20241209_ch.mp4 ,"無","查詢"
"1340","勝悅-KY","113/10/07","14:00","台北市衡陽路51號10樓(六順會議室)","本公司將於113年10月7日召開法人說明會","134020240930M001.pdf","134020240930E001.pdf","http://www.vnm.com.tw/index.php?option=module&amp;lang=cht&amp;task=pageinfo&amp;id=502&amp;index=1",中文影音檔網址:1340_17_20241007_ch.mp4 ,"完整財務業務資訊請至公開資訊觀測站之法人說明會一覽表或法說會項目下查閱。","查詢"
"1341","富林-KY","113/09/30","14:30","高雄市前金區中正四路168號6樓(中國信託證券高雄分公司)","本公司受邀參加中國信託證券法人說明會，說明本公司之財務及營運概況。","134120240930M001.pdf","134120240930E001.pdf","https://www.fulinvn.com/tc/investor_detail.php?PKey=298",法說會影音連結資訊:https://youtu.be/ruCMk8eYkCQ?si=wYu1AaEFHqogm8lq ,"內容檔案於當日會後公告於公開資訊觀測站","查詢"
"1342","八貫","113/12/19","14:30","台北市松山區民生東路4段54號4樓，華南永昌綜合證券 四樓大會議室","本公司受邀參加華南永昌證券舉辦法人說明會，說明本公司營運概況及未來展望。","134220241218M001.pdf","134220241218E001.pdf","",中文影音檔網址:1342_9_20241219_ch.mp4 ,"無","查詢"
"1402","遠東新","113/03/27","14:00","台北君悅酒店","本公司受邀參加由台新證券於2024/3/27在台北君悅酒店所舉辦
之2024年第一季全球投資論壇，說明2023年度營運與財務概況","140220240326M001.pdf","140220240326E001.pdf","http://www.fenc.com/","","法說會資料已揭露於公開資訊觀測站之法說會專區","查詢"
"1402","遠東新","113/04/11","14:00","台北遠東通訊園區","本公司受邀參加由元大證券於2024/4/11在台北遠東通訊園區所舉辦
元大FENC Tpark Property Tour，說明2023年度營運與財務概況","140220240410M001.pdf","140220240410E001.pdf","http://www.fenc.com/",法說會影音連結資訊:https://media.fenc.com/index.aspx?lang=zh&id=6 ,"法說會資料已揭露於公開資訊觀測站之法說會專區","查詢"
"1402","遠東新","113/12/05","15:40","台北香格里拉","本公司受邀參加由國泰證券於2024/12/5在台北香格里拉所舉辦
之第四季產業論壇，說明2024年度第三季度營運與財務概況","140220241203M001.pdf","140220241203E001.pdf","http://www.fenc.com/","","法說會資料已揭露於公開資訊觀測站之法說會專區","查詢"
"1402","遠東新","113/10/15","14:00","台北南港展覽館","本公司受邀參加由匯豐證券於2024/10/15在台北南港展覽館所舉辦
HSBC Taiwan TITAS Tour，說明2024年度第二季度營運與財務概況","140220241014M001.pdf","140220241014E001.pdf","http://www.fenc.com/",法說會影音連結資訊:https://media.fenc.com/index.aspx?lang=zh&id=7 ,"法說會資料已揭露於公開資訊觀測站之法說會專區","查詢"
"1402","遠東新","113/09/23 至 113/09/25","12:00","台北W酒店","本公司受邀參加由瑞銀證券於2024/9/23-25在台北W酒店所舉辦之
UBS Taiwan Summit 2024，說明2024年度第二季度營運與財務概況","140220240920M001.pdf","140220240920E001.pdf","http://www.fenc.com/","","法說會資料已揭露於公開資訊觀測站之法說會專區","查詢"
"1402","遠東新","113/08/20","14:00","國泰證券台北總公司","本公司受邀參加由國泰證券於2024/8/20在國泰證券台北總公司
所舉辦法人說明會，說明2024年度第二季度營運與財務概況","140220240819M001.pdf","140220240819E001.pdf","http://www.fenc.com/","","法說會資料已揭露於公開資訊觀測站之法說會專區","查詢"
"1409","新纖","113/11/28","16:00","證交所101辦公大樓1樓資訊展示中心(15時40分~16時00分報到、16時00分~17時00分說明會)","2024年前三季營運狀況及未來展望說明會","140920241128M001.pptx","140920241128E001.pptx","",法說會影音連結資訊:https://webpro.twse.com.tw/WebPortal/vod/101/DD82882FEA3C-7F50E7FE-AD67-11EF-9A37/?categoryId=101 ,"無","查詢"
"1409","新纖","113/08/19","14:30","證交所101辦公大樓一樓資訊展示中心(PM 2：10 ~ 2：30報到、PM 2：30 ~ 3：30說明會)","2024年上半年度營運狀況及未來展望說明會","140920240819M001.pptx","140920240819E001.pptx","",法說會影音連結資訊:https://webpro.twse.com.tw/WebPortal/vod/101/3DA1BDDEDEF7-85C95A81-5DF9-11EF-BF7B/?categoryId=101 ,"無","查詢"
"1410","南染","113/10/31","16:00","台灣證券交易所1樓資訊展示中心（台北市信義路5段7號1樓）","本公司近期營運概況說明","141020241101M001.pdf","141020241101E001.pdf","",同步收看網址：:https://webpro.twse.com.tw/WebPortal/vod/101/?categoryId=101 法說會影音連結資訊:https://webpro.twse.com.tw/WebPortal/vod/101/?categoryId=101 ,"當日如遇放颱風假則另改期為1131101下午2：30地點不變","查詢"
"1413","宏洲","113/12/13","14:00","福邦證券股份有限公司會議室(台北市忠孝西路一段6號7樓)","本公司受邀參加福邦證券舉辦之法人說明會。","141320241211M001.pdf","141320241211E001.pdf","https://www.hungchou.com.tw/index",中文影音檔網址:1413_8_20241213_ch.MP4 ,"無","查詢"
"1414","東和","113/12/20","14:00","臺南市麻豆區埤頭里工業路227號","公司簡介與營運概況說明","141420241220M001.pdf","141420241220E001.pdf","http://www.tungho.com.tw/index.php?option=module&amp;lang=cht&amp;task=showlist&amp;id=127&amp;index=4",法說會影音連結資訊:https://www.youtube.com/watch?v=64ysTulCU_I ,"無","查詢"
"1416","廣豐","113/06/28","14:00","http://www.zucast.com/webcast/oeLfOn2E","本公司於113年6月28日14:00 召開線上法人說明會，欲參加者可透過網路連接下列網址參加線上法說會http://www.zucast.com/webcast/oeLfOn2E","141620240627M001.pptx","141620240627E001.pptx","https://www.kfic.com.tw/shareholders.html",中文影音檔網址:1416_10_20240628_ch.mp4 ,"無","查詢"
"1417","嘉裕","113/11/21","15:10","線上法說會","本公司受邀參加富邦證券舉辦之線上法說會,會中介紹本公司2024年第三季營運成果報告","141720241121M001.pdf","141720241121E001.pdf","https://www.carnival.com.tw/download.php?lang=tw&amp;tb=2",中文影音檔網址:1417_13_20241121_ch.mp4 ,"報名請洽富邦證券法人業務部 tingju.yeh@fubon.com","查詢"
"1418","東華","113/12/23","16:00","臺灣證券交易所1樓資訊展示中心(地址:台北市信義區信義路五段7號101大樓1樓)","本公司113年第三季財務報告","141820241223M001.pdf","141820241223E001.pdf","",法說會影音連結資訊:https://webpro.twse.com.tw/webportal/vod/101/69694597C11B-CB5DEEB6-C106-11EF-B60A/?categoryId=101 ,"無","查詢"
"1419","新紡","113/09/24","14:30","臺北市信義區信義路五段7號1樓 證券交易所資訊展示中心","簡報營運狀況","141920241004M001.pdf","141920241004E001.pdf","https://www.sktextile.com.tw/investors/relationship/investor-conference?year=2024",法說會影音連結資訊:https://webpro.twse.com.tw/webportal/vod/101/93AFDB4EF9F2-8ABE881C-7A41-11EF-B621/?categoryId=101 ,"無","查詢"
"1423","利華","113/03/28","14:30","台灣證券交易所(101大樓)一樓資訊展示中心
(台北市信義路五段7號)","本公司112年度營運概況。","142320240328M001.pdf","142320240328E001.pdf","http://www.reward.com.tw/",法說會影音連結資訊:https://webpro.twse.com.tw/webportal/vod/101/E7EC82F4C811-143B5021-ECD3-11EE-A5C9/?categoryId=101 ,"無","查詢"
"1432","大魯閣","113/07/11","14:30","臺灣證券交易所1樓資訊展示中心 (台北市信義區信義路五段7號1樓)","本公司營運現況及未來營運方向","143220240710M001.pdf","143220240710E001.pdf","https://www.taroko.com.tw/investor-conference/",同步收看網址：:https://webpro.twse.com.tw/webportal/vod/101/A1254962C130-EF269DD8-3F55-11EF-8145/?categoryId=101 法說會影音連結資訊:https://webpro.twse.com.tw/webportal/vod/101/A1254962C130-EF269DD8-3F55-11EF-8145/?categoryId=101 ,"完整資訊請至公開資訊觀測站或本公司網站查閱","查詢"
"1432","大魯閣","113/12/11","14:30","臺灣證券交易所1樓資訊展示中心 (台北市信義區信義路五段7號1樓)","本公司營運現況及未來營運方向","143220241210M001.pdf","143220241210E001.pdf","https://www.taroko.com.tw/investor-conference/",同步收看網址：:https://webpro.twse.com.tw/webportal/vod/101/75E2F8ECF7EB-30E53A21-B78F-11EF-AD04/?categoryId=101 法說會影音連結資訊:https://webpro.twse.com.tw/webportal/vod/101/75E2F8ECF7EB-30E53A21-B78F-11EF-AD04/?categoryId=101 ,"完整資訊請至公開資訊觀測站或本公司網站查閱","查詢"
"1434","福懋","113/11/26","14:00","線上法說會","本公司受邀參加華南永昌證券舉辦之法人說明會，說明本公司之營運概況。","143420241125M002.pdf","143420241125E002.pdf","http://www.ftc.com.tw/newftc/legal.php",法說會影音連結資訊:http://www.ftc.com.tw/newftc/legal.php ,"報名請洽華南永昌 黃小姐02-25456888#8968 Email:10015@entrust.com.tw","查詢"
"1434","福懋","113/05/27","14:00","線上法說會","本公司受邀參加華南永昌證券舉辦之法人說明會，說明本公司之營運概況。","143420240524M001.pdf","143420240524E001.pdf","http://www.ftc.com.tw/newftc/legal.php",法說會影音連結資訊:http://www.ftc.com.tw/newftc/legal.php ,"報名請洽華南永昌 黃小姐02-25456888#8968 Email:10015@entrust.com.tw","查詢"
"1435","中福","113/11/28","14:00","線上法說會","本公司受邀參加宏遠證券舉辦之線上法人說明會，會中說明本公司營運概況。","143520241128M001.pptx","143520241128E001.pptx","",中文影音檔網址:1435_8_20241128_ch.mp4 ,"無","查詢"
"1436","華友聯","113/10/09","14:30","群益金鼎證券7F會議室(台北市松山區民生東路三段156號)","本公司受邀參加群益證券舉辦之法說會，報告本公司營運狀況。","143620241009M001.pdf","143620241009E001.pdf","http://www.huakai.com.tw",法說會影音連結資訊:https://youtu.be/Ba0nuCsi0Nc ,"無。","查詢"
"1437","勤益控","113/11/27","14:30","線上法人說明會","本公司受邀參加永豐金證券舉辦之線上法人說明會，說明本公司財務狀況","143720241127M001.pdf","143720241127E001.pdf","https://www.gtm.com.tw/investor-meeting/",中文影音檔網址:1437_13_20241127_ch.mp4 ,"無","查詢"
"1437","勤益控","113/06/25","14:30","線上法人說明會","本公司受邀參加永豐金證券舉辦之線上法人說明會，說明本公司財務狀況","143720240625M001.pdf","143720240625E001.pdf","https://www.gtm.com.tw/investor-meeting/",中文影音檔網址:1437_12_20240625_ch.mp4 ,"無","查詢"
"1438","三地開發","113/12/30","14:00","高雄市苓雅區中正二路175號16樓之3(本次法說會採線上會議)","本公司營運概況及未來推案規劃","143820241230M001.pdf","143820241230E001.pdf","",中文影音檔網址:1438_10_20241230_ch.mp4 ,"無","查詢"
"1439","雋揚","113/03/27","14:30","福邦證券總公司(台北市忠孝西路一段6號7樓)","本公司受邀參加福邦證券舉辦之法人說明會","143920240327M001.pdf","143920240327E001.pdf","https://www.ascentglobal.com.tw/tw/investor",中文影音檔網址:1439_10_20240327_ch.MP4 ,"公司簡介、營運及財務概況等說明。","查詢"
"1439","雋揚","113/06/21","14:30","福邦證券總公司(台北市忠孝西路一段6號14樓)","本公司受邀參加福邦證券舉辦之法人說明會。","143920240621M001.pdf","143920240621E001.pdf","https://www.ascentglobal.com.tw/tw/investor",中文影音檔網址:1439_11_20240621_ch.MP4 ,"公司簡介、營運及財務概況等說明。","查詢"
"1439","雋揚","113/09/24","14:30","福邦證券總公司(台北市忠孝西路一段6號7樓)","本公司受邀參加福邦證券舉辦之法人說明會。","143920240924M001.pdf","143920240924E001.pdf","https://www.ascentglobal.com.tw/tw/investor",中文影音檔網址:1439_12_20240924_ch.MP4 ,"公司簡介、營運及財務概況等說明。","查詢"
"1440","南紡","113/03/20","14:00","統一證券會議室
(台北市松山區東興路8號3F)","本公司受邀參加統一證券舉辦之法人說明會，說明本公司營運概況。","144020240318M001.pdf","144020240318E001.pdf","http://www.tainanspin.com.tw/index.php?option=module&amp;lang=cht&amp;task=pageinfo&amp;id=39&amp;index=1",中文影音檔網址:1440_23_20240320_ch.mp4 ,"無","查詢"
"1440","南紡","113/09/26","14:00","永豐金證券會議室
(台北市重慶南路一段2號19樓)","本公司受邀參加永豐金證券舉辦之法人說明會，說明本公司營運概況。","144020240924M001.pdf","144020240924E001.pdf","http://www.tainanspin.com.tw/index.php?option=module&amp;lang=cht&amp;task=pageinfo&amp;id=39&amp;index=1",中文影音檔網址:1440_24_20240926_ch.mp4 ,"無","查詢"
"1441","大東","113/11/20","14:00","視訊系統：cisco webex","藉此活動讓法人及投資者更瞭解公司產品現況及未來發展計畫，進而清楚掌握公司未來的營運動向","144120241120M001.pdf","144120241120E001.pdf","",中文影音檔網址:1441_11_20241120_ch.mp4 ,"本次會議採線上報名，請逕洽元富證券 承銷部 電話：02-23255818分機726陳小姐","查詢"
"1442","名軒","113/11/22","14:30","新北市新莊區中華路三段226號1樓","公司財務與營運概況說明","144220241122M001.pdf","144220241122E001.pdf","https://www.advancetek.com.tw/投資人專區/財務業務/法人說明會",中文影音檔網址:1442_11_20241122_ch.mp4 ,"無","查詢"
"1443","立益物流","113/12/10","15:00","元富證券教育訓練室：台北市大安區敦化南路二段97號11樓","說明本公司產業發展與經營現況","144320241206M001.pptx","144320241206E001.pptx","www.lily.com.tw",中文影音檔網址:1443_8_20241210_ch.mp4 ,"無","查詢"
"1444","力麗","113/11/14","14:30","台北市忠孝東路二段95號13樓(兆豐證券)","公司營運概況。","144420241113M001.pdf","144420241113E001.pdf","https://www.lealeagroup.com.tw/project-detail/ll29/",中文影音檔網址:1444_11_20241114_ch.mp4 ,"報名網址：https://forms.gle/aCkFcT17UV5tQFYg6","查詢"
"1445","大宇","113/11/19","14:00","群益金鼎證券(台北市松山區民生東路三段156號14樓)","本公司受邀參加群益金鼎證券之法人說明會，進行本公司營運概況說明。","144520241119M001.pptx","144520241119E001.pptx","https://www.universal-tex.com/briefing.aspx",中文影音檔網址:1445_8_20241119_ch.MP4 ,"無","查詢"
"1446","宏和","113/12/17","14:00","線上法說會","本公司受邀參加元大證券舉辦之線上法說會，報告本公司
營運狀況。","144620241213M001.pdf","144620241213E001.pdf","http://www.hongho.com.tw",中文影音檔網址:1446_9_20241217_ch.mp4 ,"無","查詢"
"1447","力鵬","113/11/14","15:30","台北市忠孝東路二段95號13樓(兆豐證券大樓)","公司營運概況。","144720241113M001.pdf","144720241113E001.pdf","https://www.lealeagroup.com.tw/project-detail/lp29/",中文影音檔網址:1447_16_20241114_ch.mp4 ,"報名網址：https://forms.gle/kDB5Gs11XyN5V6uR9","查詢"
"1449","佳和","113/08/19","14:00","台北市松山區民生東路三段156號11樓會議室","本公司經營成果及營運展望","144920240814M002.pdf","144920240814E002.pdf","http://www.chgtex.com",法說會影音連結資訊:https://www.youtube.com/watch?v=C4ZwwjHv-2g ,"欲參加者請洽群益陳冠文先生(02)87808888#3540或mail:felix.chen@cim.capital.com.tw","查詢"
"1449","佳和","113/12/26","15:00","台南市官田區工業路11號行政大樓一樓會議室","簡報營運狀況","144920241225M001.ppt","144920241225E001.ppt","http://www.chgtex.com",法說會影音連結資訊:https://youtu.be/0SmVkXBJXUk ,"完整資訊請至公開資訊觀測站之法人說明會一覽表或法說會項目下查詢","查詢"
"1451","年興","113/12/03","16:00","台北市信義區信義路五段7號1樓(臺灣證券交易所資訊展示中心)","公司簡介及營運概況說明","145120241202M001.pptx","145120241202E001.pptx","https://www.nhjeans.com",法說會影音連結資訊:https://webpro.twse.com.tw/WebPortal/vod/101/DD82882FEA3C-C4FE7E12-B14F-11EF-9A37/?categoryId=101 ,"無","查詢"
"1452","宏益","113/11/20","14:00","台北市大同區塔城街66號6樓","本公司受邀參加群益金鼎證券舉辦之法人說明會","145220241120M001.pdf","145220241120E001.pdf","https://www.hongyilon.com.tw/",中文影音檔網址:1452_8_20241120_ch.mp4 ,"無","查詢"
"1453","大將","113/12/13","15:00","德信綜合證券會議中心（台北市中正區新生南路一段50號3樓會議室）","本公司現況及營運展望說明。","145320241213M001.pptx","145320241213E001.pptx","https://www.tajiang.com.tw/",中文影音檔網址:1453_8_20241213_ch.mp4 ,"相關資料將依法人說明會相關規定登載於公開資訊觀測站及公司網站","查詢"
"1454","台富","113/03/25","14:00","台北市大安區敦化南路一段111號9樓","113年第一次法人說明會","145420240322M001.pptx","145420240322E001.pptx","",法說會影音連結資訊:https://www.youtube.com/watch?v=JBGNsSJjyE8 ,"無","查詢"
"1454","台富","113/09/02","14:00","富邦敦南大樓 (台北市敦化南路一段111號9樓)","說明113年第二季財務業務相關資訊。","145420240902M001.pdf","145420240902E001.pdf","https://www.ttfco.com/",同步收看網址：:https://www.youtube.com/watch?v=w6VWLmEuaiQ 法說會影音連結資訊:https://www.youtube.com/watch?v=w6VWLmEuaiQ ,"無","查詢"
"1454","台富","113/05/16","14:00","線上法說會","113年第二次法人說明會","145420240516M001.pdf","145420240516E001.pdf","www.ttfco.com",同步收看網址：:https://youtu.be/q9vCNS6yNyg 法說會影音連結資訊:https://youtu.be/q9vCNS6yNyg ,"無","查詢"
"1454","台富","113/12/27","13:45","線上法說","本公司受邀參加富邦證券舉辦之法人說明會，說明本公司之營運概況。","145420241227M001.pdf","145420241227E001.pdf","https://www.ttfco.com/",中文影音檔網址:1454_13_20241227_ch.mp4 ,"無","查詢"
"1455","集盛","113/08/30","14:00","台北市松山區東興路8號13樓 (統一證券大樓)","報告本公司113年前二季之營運結果及未來展望","145520240830M002.pdf","145520240830E002.pdf","http://www.zigsheng.com","","無","查詢"
"1455","集盛","113/12/12","14:30","台北市松山區東興路8號3樓 (統一證券大樓)","報告本公司113年前三季之營運結果及未來展望","145520241212M001.pdf","145520241212E001.pdf","http://www.zigsheng.com",中文影音檔網址:1455_13_20241212_ch.mp4 ,"無","查詢"
"1456","怡華","113/09/20","14:30","臺灣證券交易所1樓資訊展示中心(台北市信義區信義路五段7號1樓)","簡報說明公司營運情形","145620240916M001.pdf","145620240916E001.pdf","https://www.ihwa.com.tw/investmentdetail_tw.php?id=977",法說會影音連結資訊:https://webpro.twse.com.tw/webportal/vod/101/31BE19AB59AB-D7E7E36D-771D-11EF-A3CC/?categoryId=101 ,"無","查詢"
"1457","宜進","113/12/13","14:00","福邦證券股份有限公司會議室(台北市忠孝西路一段6號7樓)","本公司受邀參加福邦證券舉辦之法人說明會","145720241211M001.pdf","145720241211E001.pdf","http://www.yijinn.com.tw",中文影音檔網址:1457_8_20241213_ch.MP4 ,"無","查詢"
"1459","聯發","113/12/23","13:30","線上法說會","受邀參加玉山證券舉辦之【2024第三季產業座談會】","145920241223M001.pdf","145920241223E001.pdf","http://www.lanfa.com.tw/",中文影音檔網址:1459_10_20241223_ch.mp4 ,"無","查詢"
"1459","聯發","113/09/18","13:30","線上法說會","玉山證券舉辦之【2024第二季聯合產業座談會】","145920240918M001.pdf","145920240918E001.pdf","http://www.lanfa.com.tw/",中文影音檔網址:1459_9_20240918_ch.mp4 ,"　無","查詢"
"1460","宏遠","113/07/04","14:30","線上法人座談會","本公司受邀參加凱基證券舉辦之法人座談會，於會中就已公開發 佈之財務數字、經營績效等相關資訊做說明。","146020240704M001.pdf","146020240704E001.pdf","https://everest.creatop.tw/tw/investor/conference",中文影音檔網址:1460_9_20240704_ch.mp4 ,"無","查詢"
"1463","強盛新","113/12/10","14:30","線上法說會","本公司受繳參加康和綜合證券所舉辦之線上法人說明會","146320241209M002.pptx","146320241209E002.pptx","https://www.csgroup.com.tw/zh-hant/investor/call/",法說會影音連結資訊:https://www.csgroup.com.tw/zh-hant/investor/call/ ,"報名請洽康和證券 Email:dora.cho@concords.com.tw","查詢"
"1464","得力","113/06/26","14:00","台南市新市區三舍里240號","說明本公司之營運概況","146420240625M001.pdf","146420240625E001.pdf","http://www.delicacy.com.tw/zh-tw/Investor/法說會/法說會資訊",法說會影音連結資訊:http://www.delicacy.com.tw/zh-tw/Investor/法說會/法說會資訊 ,"欲參加者請洽朱小姐(06)5992866#201或mail:chuchu5811@delicacy.com.tw","查詢"
"1464","得力","113/12/13","15:30","線上法人說明會","本公司受邀參加元富證券舉辦之法人說明會，說明本公司之營運概況。","146420241212M001.pptx","146420241212E001.pptx","https://www.delicacy.com.tw/zh-tw/Investor/法說會/法說會資訊",同步收看網址：:https://www.delicacy.com.tw/zh-tw/Investor/法說會/法說會資訊 法說會影音連結資訊:https://www.delicacy.com.tw/zh-tw/Investor/法說會/法說會資訊 ,"欲參加者請洽元富陳冠婷小姐(02)23255818#726或mail：arielchen04@masterlink.com.tw","查詢"
"1465","偉全","113/09/11","16:00","台北市信義路五段7號101大樓1樓(台灣證券交易所資訊展示中心)","說明本公司之業務與財務概況","146520240906M001.pdf","146520240906E001.pdf","",同步收看網址：:http://www.twse.com.tw 法說會影音連結資訊:http://www.twse.com.tw ,"無","查詢"
"1466","聚隆","113/11/19","14:00","線上法人說明會-Webex","本公司受邀參加凱基證券舉辦之線上法人說明會","146620241119M002.pdf","146620241119E002.pdf","",法說會影音連結資訊:https://www.youtube.com/watch?v=wVMoBSXwa6M ,"無","查詢"
"1467","南緯","113/11/11","14:30","台北市信義路5段7號101大樓1樓(證交所1F資訊展示中心)","說明本公司營運及財務相關概況","146720241111M001.pdf","146720241111E001.pdf","http://www.texray.com",法說會影音連結資訊:https://webpro.twse.com.tw/WebPortal/vod/101/4F9CE0A5F132-F391BEE3-9FFA-11EF-97A4/?categoryId=101 ,"14:00報到，14:30會議開始。","查詢"
"1468","昶和","113/08/29","14:30","台北市大安區忠孝東路四段270號9樓","本公司自辦法人說明會","146820240829M001.pdf","146820240829E001.pdf","https://www.chang-ho.com.tw/",同步收看網址：:https://www.youtube.com/live/v448PoWoCRM 法說會影音連結資訊:https://www.youtube.com/live/v448PoWoCRM ,"無","查詢"
"1468","昶和","113/12/05","14:30","台北市大安區忠孝東路四段270號9樓","本公司自辦法人說明會","146820241204M002.pdf","146820241204E002.pdf","https://www.chang-ho.com.tw/",同步收看網址：:https://youtube.com/live/iLYgevzwCUA?feature=share 法說會影音連結資訊:https://youtube.com/live/iLYgevzwCUA?feature=share ,"無","查詢"
"1470","大統新創","113/12/20","13:30","線上法說會","公司簡介及營運概況說明","147020241220M001.pdf","147020241220E001.pdf","https://www.evertex.tw/tw/ir/corporate-presentation",中文影音檔網址:1470_13_20241220_ch.mp4 ,"無","查詢"
"1470","大統新創","113/09/18","13:30","線上法說會","公司簡介及營運概況說明","147020240918M001.pdf","147020240918E001.pdf","https://www.evertex.tw/tw/ir/corporate-presentation",中文影音檔網址:1470_12_20240918_ch.mp4 ,"無","查詢"
"1471","首利","113/11/19","14:30","福邦證券總公司(台北市忠孝西路一段6號14樓)","公司簡介及營運概況等說明","147120241119M001.pdf","147120241119E001.pdf","https://www.soly-tech.com/",中文影音檔網址:1471_8_20241119_ch.mp4 ,"無","查詢"
"1472","三洋實業","113/11/26","14:00","高雄市前鎮區中山二路2號九樓之一","本公司受邀參加台新綜合證券舉辦之法人說明會，說明本公司之營運概況、財務及業務相關資訊。","147220241126M001.pdf","147220241126E001.pdf","https://triocean.com.tw/%e8%82%a1%e6%9d%b1%e5%b0%88%e5%8d%80/financial-information/",法說會影音連結資訊:https://www.youtube.com/watch?v=IO2W0koh1Ao ,"完整財務業務資訊請至公開資訊觀測站之法人說明會一覽表或法說會項目下查閱。","查詢"
"1473","台南","113/06/18","14:00","線上法人說明會","報告公司簡介及營運狀況","147320240618M001.pdf","147320240618E001.pdf","https://www.eng.tai-nan.com/investor-conference?lang=zh",中文影音檔網址:1473_22_20240618_ch.mp4 ,"WEBEX會議號碼：2514 294 3079 ,會議密碼：3vFGsemfg73","查詢"
"1473","台南","113/11/19","16:00","線上法人說明會","本公司受邀參加元大證券舉辦之線上法人說明會，報告公司簡介及營運狀況。","147320241119M001.pdf","147320241119E001.pdf","https://eng.tai-nan.com/investor-conference?lang=zh",中文影音檔網址:1473_23_20241119_ch.mp4 ,"無","查詢"
"1474","弘裕","113/12/17","16:00","台北市信義區信義路五段7號1樓(臺灣證券交易所資訊展示中心)","本公司之產品發展與未來營運重點","147420241217M001.pdf","147420241217E001.pdf","https://www.textile-hy.com.tw/finance/法說會資訊.html",同步收看網址：:https://webpro.twse.com.tw/WebPortal/vod/101/D10B20F1C163-0BEEB231-BC51-11EF-B7CF/?categoryId=101 法說會影音連結資訊:https://webpro.twse.com.tw/WebPortal/vod/101/D10B20F1C163-0BEEB231-BC51-11EF-B7CF/?categoryId=101 ,"無","查詢"
"1474","弘裕","113/05/30","16:00","台北市信義區信義路五段7號1樓
(臺灣證券交易所資訊展示中心)","本公司之產品發展與未來營運重點","147420240530M001.pdf","147420240530E001.pdf","https://www.textile-hy.com.tw/finance/法說會資訊.html",同步收看網址：:https://webpro.twse.com.tw/WebPortal/vod/101/572F0990CEA6-35DD7672-1E5E-11EF-A7B8/?categoryId=101 法說會影音連結資訊:https://webpro.twse.com.tw/WebPortal/vod/101/572F0990CEA6-35DD7672-1E5E-11EF-A7B8/?categoryId=101 ,"無","查詢"
"1475","業旺","113/12/20","14:30","台北市忠孝西路1段6號14樓（福邦證券）","公司簡介及營業概況","147520241220M001.pdf","147520241220E001.pdf","",中文影音檔網址:1475_8_20241220_ch.MP4 ,"本公司受邀參加福邦證券舉辦之法人說明會","查詢"
"1476","儒鴻","113/03/07","15:30","台北市信義區松壽路2號3樓(台北君悅酒店 凱悅廳二區)","受邀參加 本公司受邀參加富邦證券舉辦之法人說明會，會中說明本公司112年度經營成果報告及營運展望","147620240307M001.pdf","147620240307E001.pdf","https://www.eclat.com.tw/zh-tw/investors/",法說會影音連結資訊:https://eclatglobal.s3.amazonaws.com/uploads/2024/03/2023_Q4_Investor_Conference_video.mp4 ,"欲報名參加者，請以E-mail回覆 富邦法人部Ivy(E-mail: tingju.yeh@fubon.com)","查詢"
"1476","儒鴻","113/05/23","15:00","台北市敦化南路二段97號11樓(元富證券)","本公司受邀參加元富證券舉辦之法人說明會，會中說明本
公司113年第一季經營成果報告及意見交流。","147620240523M001.pdf","147620240523E001.pdf","http://www.eclat.com.tw/zh-tw/investors/","","欲報名參加者，請洽元富證券法人處，Email : digiwww95@masterlink.com.tw","查詢"
"1476","儒鴻","113/11/28","15:10","台北君悅酒店-台北市信義區松壽路2號3樓","本公司受邀參加2024年第4季富邦投資論壇，會中說明本公司113年第三季經營成果報告及意見交流","147620241114M001.pdf","147620241114E001.pdf","https://www.eclat.com.tw/zh-tw/investors/events-presentations/","","無。","查詢"
"1476","儒鴻","113/08/15","14:30","台北市基隆路一段176號(康和證券總部大樓B2會議廳)","本公司受邀參加康和證券舉辦之法人說明會，會中說明本
公司113年第二季經營成果報告及意見交流。","147620240815M001.pdf","147620240815E001.pdf","http://www.eclat.com.tw/zh-tw/investors/",中文影音檔網址:1476_60_20240815_ch.MP4 ,"欲報名參加者，報名網址為：https://reurl.cc/NAZ27k","查詢"
"1476","儒鴻","113/11/14","14:30","台開大樓22樓。地址﹕台北市重慶南路一段2號","本公司受邀參加永豐證券舉辦之法人說明會，會中說明本公司113年第三季經營成果報告及意見交流","147620241114M001.pdf","147620241114E001.pdf","https://www.eclat.com.tw/zh-tw/investors/events-presentations/",中文影音檔網址:1476_62_20241114_ch.mp4 ,"如欲參加請於11/7前報名https://www.surveycake.com/s/32ONN (電話02-23828169謝舒涵)","查詢"
"1476","儒鴻","113/09/30","02:00","新北市新莊區中央路738號","受元大證券邀請參加投資人會議，說明本公司營運概況。","147620240815M001.pdf","147620240815E001.pdf","http://www.eclat.com.tw/zh-tw/investors/","","無","查詢"
"1477","聚陽","113/05/07","16:00","線上法說會","介紹本公司之營運概況及經營策略等財務業務相關資料","147720240318M001.pdf","147720240318E001.pdf","https://www.makalot.com.tw","","無","查詢"
"1477","聚陽","113/06/25","10:00","台北茹曦酒店","介紹本公司之營運概況及經營策略等財務業務相關資料","147720240523M001.pdf","147720240523E001.pdf","http://www.makalot.com.tw","","無","查詢"
"1477","聚陽","113/02/19","10:00","台北君悅酒店","介紹本公司之營運概況及經營策略等財務業務相關資料","147720231102M001.pdf","147720231102E001.pdf","http://www.makalot.com.tw","","無","查詢"
"1477","聚陽","113/11/12","14:00","台北遠東香格里拉飯店","介紹本公司之營運概況及經營策略等財務業務相關資料","147720241104M001.pdf","147720241104E001.pdf","http://www.makalot.com.tw","","無","查詢"
"1477","聚陽","113/02/01","15:00","線上法說會","介紹本公司之營運概況及經營策略等財務業務相關資料","147720231102M001.pdf","147720231102E001.pdf","http://www.makalot.com.tw","","無","查詢"
"1477","聚陽","113/11/05","14:00","線上法說會","介紹本公司之營運概況及經營策略等財務業務相關資料","147720241104M001.pdf","147720241104E001.pdf","http://www.makalot.com.tw","","無","查詢"
"1477","聚陽","113/11/18","14:00","台北君悅酒店","介紹本公司之營運概況及經營策略等財務業務相關資料","147720241104M001.pdf","147720241104E001.pdf","http://www.makalot.com.tw","","無","查詢"
"1477","聚陽","113/03/19 至 113/03/20","09:00","台北君悅酒店","介紹本公司之營運概況及經營策略等財務業務相關資料","147720240318M001.pdf","147720240318E001.pdf","http://www.makalot.com.tw","","無","查詢"
"1477","聚陽","113/04/09 至 113/04/10","09:00","Conrad Hong Kong","介紹本公司之營運概況及經營策略等財務業務相關資料","147720240318M001.pdf","147720240318E001.pdf","http://www.makalot.com.tw","","無","查詢"
"1477","聚陽","113/03/27","15:00","台北君悅酒店","介紹本公司之營運概況及經營策略等財務業務相關資料","147720240318M001.pdf","147720240318E001.pdf","http://www.makalot.com.tw","","無","查詢"
"1477","聚陽","113/03/13","10:50","台北君悅酒店","介紹本公司之營運概況及經營策略等財務業務相關資料","147720240312M002.pdf","147720240312E002.pdf","http://www.makalot.com.tw","","無","查詢"
"1477","聚陽","113/05/14","09:00","香港","介紹本公司之營運概況及經營策略等財務業務相關資料","147720240318M001.pdf","147720240318E001.pdf","http://www.makalot.com.tw","","無","查詢"
"1477","聚陽","113/03/08","11:15","台北君悅酒店","介紹本公司之營運概況及經營策略等財務業務相關資料","147720231102M001.pdf","147720231102E001.pdf","http://www.makalot.com.tw","","無","查詢"
"1477","聚陽","113/03/05","14:00","W Hotel Taipei","介紹本公司之營運概況及經營策略等財務業務相關資料","147720231102M001.pdf","147720231102E001.pdf","http://www.makalot.com.tw","","無","查詢"
"1477","聚陽","113/11/20 至 113/11/21","09:00","新加坡","介紹本公司之營運概況及經營策略等財務業務相關資料","147720241104M001.pdf","147720241104E001.pdf","http://www.makalot.com.tw","","無","查詢"
"1477","聚陽","113/06/12","11:15","台北君悅酒店","介紹本公司之營運概況及經營策略等財務業務相關資料","147720240523M001.pdf","147720240523E001.pdf","http://www.makalot.com.tw","","無","查詢"
"1477","聚陽","113/06/03","10:00","台北君悅酒店","介紹本公司之營運概況及經營策略等財務業務相關資料","147720240523M001.pdf","147720240523E001.pdf","http://www.makalot.com.tw/","","無","查詢"
"1477","聚陽","113/06/07","10:00","W Hotel","介紹本公司之營運概況及經營策略等財務業務相關資料","147720240523M001.pdf","147720240523E001.pdf","http://www.makalot.com.tw/","","無","查詢"
"1477","聚陽","113/08/06","15:00","線上法說會","介紹本公司之營運概況及經營策略等財務業務相關資料","147720240523M001.pdf","147720240523E001.pdf","http://www.makalot.com.tw","","無","查詢"
"1477","聚陽","113/05/24","15:00","W Hotel","介紹本公司之營運概況及經營策略等財務業務相關資料","147720240523M001.pdf","147720240523E001.pdf","http://www.makalot.com.tw","","無","查詢"
"1477","聚陽","113/12/18","14:00","國票證券(台北市南京東路5段188號15樓)","介紹本公司之營運概況及經營策略等財務業務相關資料","147720241104M001.pdf","147720241104E001.pdf","http://www.makalot.com.tw",中文影音檔網址:1477_292_20241218_ch.mp3 ,"無","查詢"
"1477","聚陽","113/09/06","10:30","台北君悅酒店","介紹本公司之營運概況及經營策略等財務業務相關資料","147720240821M001.pdf","147720240821E001.pdf","http://www.makalot.com.tw","","無","查詢"
"1477","聚陽","113/09/23","11:00","W hotel","介紹本公司之營運概況及經營策略等財務業務相關資料","147720240821M001.pdf","147720240821E001.pdf","http://www.makalot.com.tw","","無","查詢"
"1477","聚陽","113/09/19","10:30","台北晶華酒店","介紹本公司之營運概況及經營策略等財務業務相關資料","147720240821M001.pdf","147720240821E001.pdf","http://www.makalot.com.tw","","無","查詢"
"1477","聚陽","113/09/11 至 113/09/12","09:00","香港","介紹本公司之營運概況及經營策略等財務業務相關資料","147720240821M001.pdf","147720240821E001.pdf","http://www.makalot.com.tw","","無","查詢"
"1477","聚陽","113/10/15 至 113/10/16","08:00","東京","介紹本公司之營運概況及經營策略等財務業務相關資料","147720240821M001.pdf","147720240821E001.pdf","http://www.makalot.com.tw","","無","查詢"
"1477","聚陽","113/08/27","14:00","台北市南京東路5段188號15樓","介紹本公司之營運概況及經營策略等財務業務相關資料","147720240821M001.pdf","147720240821E001.pdf","http://www.makalot.com.tw",中文影音檔網址:1477_280_20240827_ch.mp3 ,"無","查詢"
"1477","聚陽","113/08/22","13:30","台北君悅酒店","介紹本公司之營運概況及經營策略等財務業務相關資料","147720240821M001.pdf","147720240821E001.pdf","http://www.makalot.com.tw","","無","查詢"
"1477","聚陽","113/10/23 至 113/10/24","09:30","新加坡","介紹本公司之營運概況及經營策略等財務業務相關資料","147720240821M001.pdf","147720240821E001.pdf","http://www.makalot.com.tw","","無","查詢"
"1477","聚陽","113/12/11","15:00","台北晶華酒店","介紹本公司之營運概況及經營策略等財務業務相關資料","147720241104M001.pdf","147720241104E001.pdf","http://www.makalot.com.tw","","無","查詢"
"1503","士電","113/09/04","14:30","台北市信義區信義路五段7號1樓 證券交易所資訊展示中心","說明本公司之營運概況、財務及業務相關資訊。","150320240903M001.pdf","150320240903E001.pdf","https://www.seec.com.tw/Content/Messagess/contents.aspx?SiteID=10&amp;MmmID=655617024476060631",中文影音檔網址:1503_13_20240904_ch.mp4 ,"無","查詢"
"1504","東元","113/02/20","15:00","台北寒舍艾美酒店","本公司受邀參加野村證券舉辦之 Nomura Asia Tech Tour，
並就本公司營運狀況做一說明。","150420231115M001.pdf","150420231115E001.pdf","https://www.teco.com.tw/announce","","無。","查詢"
"1504","東元","113/03/18","14:30","台灣證券交易所一樓資訊展示中心
(台北市信義區信義路五段7號1樓)","說明東元電機112年第四季財務業務相關資訊。","150420240318M001.pdf","150420240318E001.pdf","https://www.teco.com.tw/announce",同步收看網址：:https://webpro.twse.com.tw 法說會影音連結資訊:https://webpro.twse.com.tw/WebPortal/vod/101/E7EC82F4C811-0348BEA5-E4FA-11EE-A5C9/?categoryId=101 ,"無。","查詢"
"1504","東元","113/05/17","14:30","台灣證券交易所一樓資訊展示中心
(台北市信義區信義路五段7號1樓)","說明東元電機113年第一季財務業務相關資訊。","150420240517M001.pdf","150420240517E001.pdf","https://www.teco.com.tw/announce",中文影音檔網址:1504_171_20240517_ch.mp4 ,"無","查詢"
"1504","東元","113/11/26","09:00","台北遠東香格里拉飯店","本公司受花旗證券邀請，參加「Citi’s 2024 Taiwan
 Corporate Day」, 並就本公司營運狀況做一說明。","150420241115M001.pdf","150420241115E001.pdf","https://www.teco.com.tw/announce","","無。","查詢"
"1504","東元","113/06/05","10:00","台北Ｗ飯店(台北市信義區忠孝東路五段10號11樓)","本公司受邀參加花旗證券舉辦之2024台灣科技會議，
並就本公司營運狀況做一說明。","150420240517M001.pdf","150420240517E001.pdf","https://www.teco.com.tw/announce","","無。","查詢"
"1504","東元","113/06/12","10:00","喜來登飯店(台北市中正區忠孝東路一段12號B1樓)","本公司受邀參加第一金證券舉辦之2024第二季投資論壇，
並就本公司營運狀況做一說明。","150420240517M001.pdf","150420240517E001.pdf","https://www.teco.com.tw/announce",中文影音檔網址:1504_174_20240612_ch.MP4 ,"無。","查詢"
"1504","東元","113/05/28","14:00","台北文創(台北市信義區菸廠路88號6樓)","本公司受邀參加元富證券舉辦之2024夏季投資論壇，
並就本公司營運狀況做一說明。","150420240517M001.pdf","150420240517E001.pdf","https://www.teco.com.tw/announce","","無。","查詢"
"1504","東元","113/08/16","14:30","台灣證券交易所1樓資訊展示中心
(台北市信義區信義路五段7號1樓)","說明東元電機113年第二季財務業務相關資訊。","150420240816M001.pdf","150420240816E001.pdf","https://www.teco.com.tw/announce",同步收看網址：:https://webpro.twse.com.tw 法說會影音連結資訊:https://webpro.twse.com.tw/WebPortal/vod/101/3DA1BDDEDEF7-69F7C69F-5BA2-11EF-BF7B/?categoryId=101 ,"無。","查詢"
"1504","東元","113/09/02 至 113/09/03","10:00","受邀參加法人說明會之地點: 香港","公司受大和證券邀請，參加大和證券科技論壇 2024，
並就本公司營運狀況做一說明。","150420240816M001.pdf","150420240816E001.pdf","https://www.teco.com.tw/announce","","無。","查詢"
"1504","東元","113/08/22","14:50","101台灣證券交易所1樓資訊展示中心
(台北市信義區信義路五段7號,101大樓)","本公司受邀參加永豐金證券舉辦AI產業鏈主題式業績發表會，
並就本公司營運狀況做一說明。","150420240816M002.pdf","150420240816E002.pdf","https://www.teco.com.tw/announce","","無。","查詢"
"1504","東元","113/12/06","11:15","台北君悅酒店(台北市信義區松壽路2號)","本公司受邀參加統一證券舉辦之 2024 Q4 冬季投資論壇，
並就本公司營運狀況做一說明。","150420241115M001.pdf","150420241115E001.pdf","https://www.teco.com.tw/announce","","無。","查詢"
"1504","東元","113/10/22","09:00","香港","本公司受寬量國際邀請，參加「16th QIC CEO Week」,
並就本公司營運狀況做一說明。","150420240816M001.pdf","150420240816E001.pdf","https://www.teco.com.tw/announce","","無。","查詢"
"1504","東元","113/11/15","14:30","台灣證券交易所1樓資訊展示中心
(台北市信義區信義路五段7號1樓)","說明東元電機113年第三季財務業務相關資訊。","150420241115M001.pdf","150420241115E001.pdf","https://www.teco.com.tw/announce",同步收看網址：:https://webpro.twse.com.tw 法說會影音連結資訊:https://webpro.twse.com.tw/webPortal/vod/101/C1BC720579E9-BCF7BD38-A323-11EF-9A30/?categoryId=101 ,"無。","查詢"
"1506","正道","113/12/17","15:00","線上法說會","本公司受邀參加元大證券舉辦之線上法說會，報告本公司營運狀況。","150620241217M001.pdf","150620241217E001.pdf","",中文影音檔網址:1506_8_20241217_ch.mp4 ,"無。","查詢"
"1512","瑞利","113/12/31","10:00","線上法說會","本公司受邀參加中國信託綜合證券股份有限公司舉辦之法人說明會","151220241230M002.pdf","151220241230E002.pdf","",中文影音檔網址:1512_8_20241231_ch.mp4 ,"無","查詢"
"1513","中興電","113/03/14","14:30","永豐金證券：台北市重慶南路一段2號22樓","對投資法人說明本公司營運成果及未來展望","151320240314M001.pdf","151320240314E001.pdf","https://www.chem.com.tw/tc/seminar.aspx",中文影音檔網址:1513_18_20240314_ch.mp4 ,"無","查詢"
"1513","中興電","113/09/27","16:00","台灣證券交易所資訊展示中心（台北市信義區信義路五段7號1樓）","對投資法人說明本公司營運成果及未來展望","151320240927M001.pdf","151320240927E001.pdf","https://www.chem.com.tw/tc/seminar.aspx",同步收看網址：:https://webpro.twse.com.tw/WebPortal/?liveChannelId=1 法說會影音連結資訊:https://webpro.twse.com.tw/webportal/vod/101/ED4F0D4DA505-EE597390-7CB1-11EF-9746/?categoryId=101 ,"無","查詢"
"1514","亞力","113/11/22","14:00","線上法人說明會","下午14點00分","151420241122M001.pdf","151420241122E001.pdf","https://www.allis.com.tw/zh-tw/",中文影音檔網址:1514_10_20241122_ch.mp4 ,"無","查詢"
"1514","亞力","113/05/31","15:10","華南永昌證券安排之實體會議","本公司受邀參加華南永昌證券舉辦之Investor Forum法說會，說明營運績效等。","151420240530M001.pdf","151420240530E001.pdf","",中文影音檔網址:1514_9_20240531_ch.mp4 ,"會議細節請洽華南永昌證券。","查詢"
"1515","力山","113/08/29","14:30","本公司受邀參加元大證券舉辦線上法說會，報告本公司營運狀況。","公司概況及經營實績","151520240828M001.pdf","151520240828E001.pdf","https://www.rexon.net/stakeholder-call.php",中文影音檔網址:1515_10_20240829_ch.mp4 ,"無","查詢"
"1515","力山","113/12/06","14:30","本公司受邀參加元大證券舉辦線上法說會，報告本公司營運狀況。","公司概況、營運成果及未來展望","151520241205M001.pdf","151520241205E001.pdf","https://www.rexon.net/stakeholder-call.php",中文影音檔網址:1515_11_20241206_ch.mp4 ,"無","查詢"
"1516","川飛","113/12/17","14:00","國票綜合證券（台北市松山區南京東路五段188號15樓）","受邀參加國票綜合證券舉辦之法人說明會，介紹本公司及說明營運狀況","151620241217M001.pdf","151620241217E001.pdf","",中文影音檔網址:1516_8_20241217_ch.MP4 ,"無","查詢"
"1517","利奇","113/12/09","14:30","福邦證券總公司(台北市中正區忠孝西路一段6號7樓)","本公司受邀參加福邦證券舉辦之法人說明會，介紹本公司及說明營運概況。","151720241206M001.pdf","151720241206E001.pdf","https://www.leechi.com.tw/investor/77",法說會影音連結資訊:https://drive.google.com/file/d/1y6nZ3r0ooGHuHw3hu4qvSjKhjUB0rTba/view ,"無","查詢"
"1519","華城","113/12/16","15:00","台北遠東香格里拉飯店 B1大都會廳
(台北市大安區敦化南路二段201號)","本公司受邀參加國票綜合證券辦理法人說明會，
說明公司營運概況、財務及業務資訊。","151920241216M001.pdf","151920241216E001.pdf","",中文影音檔網址:1519_8_20241216_ch.mp4 ,"國票綜合證券李小姐02-25288275  E-mail：anneli@ibfs.com.tw","查詢"
"1521","大億","113/08/27","14:30","台南市永康區中華路425號2樓(中國信託證券永康分公司)","受邀參加中國信託證券舉辦之實體法說會，說明113年第二季營運結果及展望。","152120240827M001.pdf","152120240827E001.pdf","https://www.tayih-ind.com.tw/investors/%E6%B3%95%E4%BA%BA%E8%AA%AA%E6%98%8E%E6%9C%83",中文影音檔網址:1521_8_20240827_ch.mp4 ,"無","查詢"
"1522","堤維西","113/08/27","14:00","高雄市前鎮區中山二路2號9樓之1","本公司受邀參加台新證券舉辦「台新證券法人說明會」","152220240827M001.pdf","152220240827E001.pdf","https://www.tyc.com.tw/shareholders/conference",法說會影音連結資訊:https://youtu.be/Ro_TGNPsVa4 (請輸入網址名稱(註)):未輸 ,"無","查詢"
"1524","耿鼎","113/12/24","14:00","耿鼎企業股份有限公司(桃園市蘆竹區內溪路48號)","公司簡報及營運狀況說明。","152420241224M001.pdf","152420241224E001.pdf","http://www.gordon.com.tw/edit_page.html",法說會影音連結資訊:https://youtu.be/Vk4uEP1BIKk ,"無。","查詢"
"1525","江申","113/05/23","14:20","線上法人說明會","本公司受邀參加富邦證券舉辦之上市公司法人說明會，會中說明本公司2023年度及2024年第一季營運概況。","152520240523M001.pdf","152520240523E001.pdf","https://www.kian-shen.com/tw/Web/investors_2",中文影音檔網址:1525_22_20240523_ch.mp4 ,"報名請洽富邦法人業務部tingju.yeh@fubon.com","查詢"
"1525","江申","113/11/20","14:20","線上法人說明會","本公司受邀參加富邦證券舉辦之上市公司法人說會，會中說明本公司2024年前三季營運概況。","152520241120M001.pdf","152520241120E001.pdf","https://www.kian-shen.com/tw/Web/investors_2",中文影音檔網址:1525_23_20241120_ch.mp4 ,"報名請洽富邦法人業務部tingju.yeh@fubon.com","查詢"
"1526","日馳","113/12/10","14:00","新北市林口區下福里71-2號2樓","簡報營運狀況","152620241210M001.pdf","152620241210E001.pdf","https://www.sunrace.tw",中文影音檔網址:1526_8_20241210_ch.mp4 ,"無","查詢"
"1527","鑽全","113/11/21","14:00","統一證券總公司(台北市松山區東興路8號1樓)","統一證券舉辦之法人說明會","152720241119M002.pdf","152720241119E002.pdf","https://www.basso.com.tw/zh-tw/news.html",中文影音檔網址:1527_11_20241121_ch.mp4 ,"無","查詢"
"1527","鑽全","113/05/17","15:00","線上法人說明會","受邀參加康和證券舉辦之線上法人說明會","152720240517M001.pptx","152720240517E001.pptx","",中文影音檔網址:1527_10_20240517_ch.mp4 ,"無","查詢"
"1528","恩德","113/12/10","15:00","線上法人說明會","本公司受邀參加統一證券企業法人部舉辦之線上法說
會，為各界投資先進說明產業及營運狀況。","152820241210M001.pdf","152820241210E001.pdf","",中文影音檔網址:1528_9_20241210_ch.mp4 ,"無","查詢"
"1529","樂事綠能","113/06/06","15:00","線上會議。","本公司受邀參加統一證券國際法人部舉辦之線上法人說明會。","152920240606M001.pdf","152920240606E001.pdf","",中文影音檔網址:1529_14_20240606_ch.mp4 ,"無","查詢"
"1529","樂事綠能","113/03/21","15:00","線上會議。","本公司受邀參加統一證券國際法人部舉辦之線上法人說明會。","152920240321M002.pdf","152920240321E002.pdf","",中文影音檔網址:1529_13_20240321_ch.mp4 ,"無","查詢"
"1529","樂事綠能","113/11/29","14:00","線上會議","無","152920241129M002.pdf","152920241129E002.pdf","",中文影音檔網址:1529_16_20241129_ch.mp4 ,"無","查詢"
"1529","樂事綠能","113/09/26","15:00","線上會議","無","152920240926M002.pdf","152920240926E002.pdf","",中文影音檔網址:1529_15_20240926_ch.mp4 ,"無","查詢"
"1530","亞崴","113/04/17","14:30","線上法人說明會","本公司受邀參加凱基證券舉辦之線上法人說明會，說明營運現況及未來展望。","153020240417M001.pdf","153020240417E001.pdf","http://www.awea.com/awea_tw/publication/investor/events/events.htm",法說會影音連結資訊:https://www.awea.com/awea_tw/publication/investor/events/events.htm ,"無","查詢"
"1531","高林股","113/11/28","14:30","玉山證券((台北市松山區民生東路三段115號5樓(玉山金控第一總部大樓會議室))","本公司受邀參加由玉山證券舉辦之法人說明會，說明公司營運之現況及未來發展。","153120241126M001.pptx","153120241126E001.pptx","https://siruba.com/tw/investor/",中文影音檔網址:1531_12_20241128_ch.mp4 ,"無","查詢"
"1532","勤美","113/03/27","15:15","台北君悅酒店(台北市信義區松壽路2號3樓)","本公司受邀參加台新證券舉辦之「台新2024年第一季全球投資論壇」，說明公司營運概況。","153220240326M001.pdf","153220240326E001.pdf","http://www.cmp.com.tw/cht/investor/news#conference",法說會影音連結資訊:https://youtu.be/aHkucVB8zrg ,"相關資訊依規定揭露於「公開資訊觀測站」及公司網站。","查詢"
"1532","勤美","113/05/29","14:00","台北晶華酒店(台北市中山北路二段39巷3號4樓貴賓廳)","本公司受邀參加台新證券舉辦之「台新2024年第二季全球投資論壇」，說明公司營運概況。","153220240528M001.pdf","153220240528E001.pdf","http://www.cmp.com.tw/cht/investor/news#conference","","相關資訊依規定揭露於「公開資訊觀測站」及公司網站。","查詢"
"1532","勤美","113/09/16","14:30","統一綜合證券13樓1302會議室(台北市松山區東興路8號13樓)","說明公司營運概況","153220240913M001.pdf","153220240913E001.pdf","http://www.cmp.com.tw/cht/investor/news#conference",中文影音檔網址:1532_50_20240916_ch.mp4 ,"相關資訊依規定揭露於「公開資訊觀測站」及公司網站。","查詢"
"1533","車王電","113/12/12","14:30","線上法說會","群益金鼎證券主辦本公司與華德動能科技股份有限公司聯合法人說明會，說明本公司營運概況及展望。","153320241212M001.pdf","153320241212E001.pdf","http://www.more.com.tw",法說會影音連結資訊:https://drive.google.com/file/d/1sT8KPHz4rSqMOJca2B4TrWr8nZxqlOPN/view?usp=sharing ,"完整財務業務資訊請至公開資訊觀測站之法人說明會一覽表或法說會項目下查閱。","查詢"
"1535","中宇","113/11/21","16:10","&#29319;亞會議中心(台北市松山區復興北路99號15樓)","本公司業務及財務相關資訊。","153520241120M001.pdf","153520241120E001.pdf","https://www.ecotek.com.tw/?prog=shold_conference",法說會影音連結資訊:https://youtu.be/tAIJ9IW9cRs ,"無","查詢"
"1535","中宇","113/05/24","14:00","線上法說會","本公司業務及財務相關訊息。","153520240522M001.pdf","153520240522E001.pdf","https://www.ecotek.com.tw/?prog=shold_conference",中文影音檔網址:1535_13_20240524_ch.mp4 ,"無","查詢"
"1536","和大","113/11/14","14:00","本公司受邀參加康和證券舉辦之線上座談會","公司簡介及說明產業狀況與公司經營績效等相關資訊","153620241113M001.pdf","153620241113E001.pdf","http://www.hota.com.tw",中文影音檔網址:1536_46_20241114_ch.mp4 ,"無","查詢"
"1536","和大","113/08/28","14:00","大和證券舉辦之線上座談會","公司簡介及說明產業狀況與公司經營績效等相關資訊","153620240826M001.pdf","153620240826E001.pdf","http://www.hota.com.tw","","無","查詢"
"1537","廣隆","113/08/13","14:00","台北市民生東路四段54號四樓(402會議室)","本公司受邀參加2024年8月13日華南永昌證券所主辦的法人說明會，向法人投資者就公司簡介及已公開財務、業務等相關資訊做說明。","153720240812M002.pdf","153720240812E002.pdf","https://www.klb.com.tw/zh-tw/Investor/Investor5",法說會影音連結資訊:未輸 ,"會議簡報依規定揭露於「公開資訊觀測站」。","查詢"
"1537","廣隆","113/05/29","14:00","線上說明會","本公司受邀參加2024年5月29日凱基證券所主辦的線上法人說明會，向法人投資者就公司簡介及已公開財務、業務等相關資訊做說明。","153720240528M002.pdf","153720240528E002.pdf","https://www.klb.com.tw/zh-tw/Investor/Investor5",中文影音檔網址:1537_42_20240529_ch.mp4 ,"會議簡報依規定揭露於「公開資訊觀測站」。","查詢"
"1537","廣隆","113/09/24","14:00","台北市大安區仁愛路四段169號2樓","本公司受邀參加2024年9月24日富邦證券所主辦的法人說明會，向法人投資者就公司簡介及已公開財務、業務等相關資訊做說明。","153720240812M002.pdf","153720240812E002.pdf","https://www.klb.com.tw/zh-tw/Investor/Investor5",法說會影音連結資訊:未輸 ,"會議簡報依規定揭露於「公開資訊觀測站」。","查詢"
"1538","正峰","113/12/24","15:00","Webex線上會議","本公司受邀參加元大證券舉辦之線上法說會","153820241220M001.pdf","153820241220E001.pdf","",中文影音檔網址:1538_8_20241224_ch.mp4 ,"無","查詢"
"1539","巨庭","113/05/09","14:00","台中市太平區永豐路78號","說明本公司最近年度營收及淨利","153920240506M001.pptx","153920240506E001.pptx","http://www.geetech.com.tw",法說會影音連結資訊:https://www.youtube.com/watch?v=1y_d8XOJ3LE ,"無","查詢"
"1539","巨庭","113/12/18","14:00","台中市太平區永豐路78號","說明本公司最近年度營收及淨利","153920241216M001.pptx","153920241216E001.pptx","http://www.geetech.com.tw",法說會影音連結資訊:https://www.youtube.com/watch?v=W-lVRyX7Qr8 ,"無","查詢"
"1540","喬福","113/10/30","14:00","11049台北市信義路5段7號101大樓1樓資訊展示中心","近期財務狀況","154020241025M003.pptx","154020241025E003.pptx","",法說會影音連結資訊:https://webpro.twse.com.tw/webportal/vod/101/4F9CE0A5F132-81C2FE7A-9698-11EF-97A4/?categoryId=101 (請輸入網址名稱(註)):未輸 (請輸入網址名稱(註)):未輸 ,"無","查詢"
"1541","錩泰","113/11/22","14:30","南山人壽烏日教育訓練中心(台中市西屯區成功西路300號3樓316訓練室)","本公司受邀參加台新證券舉辦之法人說明會","154120241105M001.pptx","154120241105E001.pptx","",中文影音檔網址:1541_8_20241122_ch.mp4 ,"無","查詢"
"1558","伸興","113/05/22","14:30","線上法說會","本公司受邀參加宏遠證券舉辦之線上法人說明會，說明本公司之營運概況","155820240520M001.pdf","155820240520E001.pdf","",法說會影音連結資訊:https://drive.google.com/file/d/1P4d_HbvuMsQLgMCDmB3pGJAwREAwDwOs/view ,"報名請洽宏遠證券王小姐(02)27008899分機2179或E-MAIL:michelle.wang@honsec.com.tw","查詢"
"1558","伸興","113/11/20","14:30","線上法說會","本公司受邀參加永豐金證券舉辦之線上法人說明會，說明本公司之營運概況","155820241119M001.pdf","155820241119E001.pdf","",中文影音檔網址:1558_15_20241120_ch.mp4 ,"報名請洽永豐金鄒小姐E-MAIL:joyce.tsou@sinopac.com","查詢"
"1560","中砂","113/04/24","14:30","台北市大安區復興南路一段209號(元富證券)","受邀參加元富證券所舉辦之法人說明會，說明本公司第一季業務與財務概況。","156020240424M001.pdf","156020240424E001.pdf","https://www.kinik.com.tw/zh-tw/",中文影音檔網址:1560_43_20240424_ch.mp4 ,"無。","查詢"
"1560","中砂","113/02/27","14:30","台北市明水路700號12樓(KGI凱基證券總部大樓)","受邀參加凱基證券所舉辦之法人說明會，說明本公司第四季業務與財務概況。","156020240227M001.pdf","156020240227E001.pdf","https://www.kinik.com.tw/zh-tw/","","報名請洽凱基證券黃小姐，電話：(02)2181-8230，E-mail：lydia.huang@kgi.com","查詢"
"1560","中砂","113/04/18","09:00","新加坡高盛證券辦公室","本公司受臺灣證券交易所邀請參加「臺星AI與科技」引資活動，說明本公司營運概況。","156020240227M001.pdf","156020240227E001.pdf","","","無。","查詢"
"1560","中砂","113/11/18 至 113/11/19","09:00","港島香格里拉Island Shangri-La, Hong Kong(香港中區法院道太古廣場)","本公司受邀參加 JPMorgan Global在香港舉辦之&quot;2024 Global TMT Conference in Asia&quot;，說明本公司第三季業務與財務概況。","156020241114M001.pdf","156020241114E001.pdf","https://www.kinik.com.tw/zh-tw/","","113/11/18(09:00-16:50)、113/11/19(10:00-17:00)","查詢"
"1560","中砂","113/08/21","10:00","The Fullerton Hotel 新加坡(1 Fullerton Square, Singapore 049178)","受邀參加Daiwa Capital Markets在新加坡所舉辦之Asia Conference 2024，說明本公司第二季業務與財務概況。","156020240815M001.pdf","156020240815E001.pdf","https://www.kinik.com.tw/zh-tw/","","本研討會將全程以英文進行","查詢"
"1560","中砂","113/07/31","14:30","台北市中山區樂群三路128號7樓(國票金控大樓)","受邀參加國票綜合證券所舉辦之法人說明會，說明本公司第二季業務與財務概況。","156020240731M001.pdf","156020240731E001.pdf","https://www.kinik.com.tw/zh-tw/","","無。","查詢"
"1560","中砂","113/10/29","14:30","台北市松山區民生東路四段54號4F大會議室","受邀參加華南永昌證券所舉辦之法人說明會，說明本公司第三季業務與財務概況。","156020241029M001.pdf","156020241029E001.pdf","https://www.kinik.com.tw/zh-tw/",中文影音檔網址:1560_46_20241029_ch.mp4 ,"無。","查詢"
"1563","巧新","113/04/23 至 113/04/24","15:00","線上說明會","本公司受邀參加113年4月23日至113年4月24日由寬量國際主辦之「15th Taiwan CEO Week」，說明本公司之營運概況、財務及業務相關資訊。","156320240409M001.pdf","156320240409E001.pdf","http://www.superalloy.tw","","無","查詢"
"1563","巧新","113/03/08","14:30","KGI凱基證券總部大樓(台北市明水路700號12樓)","本公司受邀參加凱基證券舉辦之法人說明會，說明本公司近年營運及財務狀況。","156320240307M001.pdf","156320240307E001.pdf","http://www.superalloy.tw","","無","查詢"
"1563","巧新","113/06/20 至 113/06/21","15:00","新加坡","說明本公司之營運概況、財務及業務相關資訊。","156320240620M001.pdf","156320240620E001.pdf","http://www.superalloy.tw","","NDR：6/20(15:00~17:30), 6/21(09:00~13:30)","查詢"
"1563","巧新","113/03/27","15:30","集思北科大會議中心2樓(台北市大安區忠孝東路三段1號2樓)","本公司受邀參加參加凱基證券與IR Trust共同舉辦之2024年探索全球景氣新投資亮點主題式投資論壇。","156320240307M001.pdf","156320240307E001.pdf","http://www.superalloy.tw","","無","查詢"
"1563","巧新","113/04/12","14:30","台北君悅酒店3F凱悅廳一區(地點：台北市信義區松壽路2號)","(1)本公司依「有價證券初次上市前業績發表會實施要點規定」，於上市前辦理股票初次上市前業績發表會。 (2)本次業績發表會將說明產業發展、財務業務狀況、未來風險、公司治理及企業社會責任、臺灣證券交易所股份有限公司董事會暨上市審議委員會要求補充揭露事項。","156320240409M001.pdf","156320240409E001.pdf","http://www.superalloy.tw","","相關資訊請至公開資訊觀測站之法人說明會一覽表或法說會項目下查閱","查詢"
"1563","巧新","113/08/12","15:00","&#29319;亞會議中心2F-206會議室(台北市復興北路99號2F)","國泰證券舉辦之新能源車產業日。","156320240809M001.pdf","156320240809E001.pdf","http://www.superalloy.tw",中文影音檔網址:1563_25_20240812_ch.mp4 ,"無","查詢"
"1563","巧新","113/08/09","14:30","線上法說會","本公司受邀參加凱基證券舉辦之線上法人說明會，說明本公司之營運概況、財務及業務相關資訊。","156320240809M001.pdf","156320240809E001.pdf","http://www.superalloy.tw","","無","查詢"
"1563","巧新","113/05/20","15:00","線上會議","本公司受邀參加永豐金證券和臺灣證券交易所共同舉辦之線上法說會「SinoPac x TWSE Taiwan Corporate Day 2024」，說明本公司營運概況。","156320240409M001.pdf","156320240409E001.pdf","http://www.superalloy.tw","","完整財務業務資訊請至公開資訊觀測站之法人說明會一覽表或法說會項目下查閱。","查詢"
"1563","巧新","113/08/20","10:00","線上法說會（台灣）","本公司受邀參加由寬量國際主辦之線上法說會「QIC Semiconductor Day」，說明本公司之營運概況、財務及業務相關資訊。","156320240819M001.pdf","156320240819E001.pdf","http://www.superalloy.tw","","無","查詢"
"1563","巧新","113/11/05","14:30","線上法說會","本公司受邀參加凱基證券舉辦之線上法人說明會，說明本公司之營運概況、財務及業務相關資訊。","156320241104M001.pdf","156320241104E001.pdf","http://www.superalloy.tw","","無","查詢"
"1563","巧新","113/10/22 至 113/10/23","14:00","香港Mandarin Oriental Hotel","本公司受邀參加113年10月22日至113年10月23日由寬量國際主辦之「16th QIC CEO Week」，說明本公司之營運概況、財務及業務相關資訊。","156320241018M001.pdf","156320241018E001.pdf","http://www.superalloy.tw","","法人說明會開會前會將相關簡報資料輸入公開資訊觀測站。","查詢"
"1568","倉佑","113/11/28","15:00","第一金證券2樓會議室(台北市長安東路一段35號2樓)","本公司受邀參加第一金證券「2024汽車零組件產業研討會」","156820241128M001.pdf","156820241128E001.pdf","https://www.tsangyow.com.tw/page7_4d.php?vv=eyJwZyI6NCwicGdjIjo0LCJwZ2QiOjV9",中文影音檔網址:1568_16_20241128_ch.MP4 ,"無","查詢"
"1568","倉佑","113/06/06","15:40","台北晶華酒店4F(台北市中山北路二段39巷3號)","本公司受邀參加永豐金證券2024年第二季產業論壇","156820240606M001.pdf","156820240606E001.pdf","https://www.tsangyow.com.tw/page7_4.php?vv=eyJwZyI6NCwicGdjIjo0LCJwZ2QiOjF9",中文影音檔網址:1568_15_20240606_ch.mp4 ,"無","查詢"
"1582","信錦","113/06/06","14:30","台北晶華酒店4樓(台北市中山北路二段39巷3號)","本公司受邀參加永豐金證券舉辦之「2024年第二季產業論壇」，說明本公司之營運概況。","158220240606M001.pdf","158220240606E001.pdf","http://www.syncmold.com.tw/item_yearly_2018.html",中文影音檔網址:1582_25_20240606_ch.MP4 ,"無","查詢"
"1582","信錦","113/09/06","15:15","君悅酒店3F(台北市信義區松壽路2號3樓)","本公司受邀參加統一證券舉辦之「2024Q3全球展望秋季投資論壇」","158220240906M001.pdf","158220240906E001.pdf","http://www.syncmold.com.tw/item_yearly_2018.html","","無","查詢"
"1582","信錦","113/12/06","14:00","台北市信義區松壽路2號(君悅酒店)","本公司受邀參加統一證券舉辦之「2024Q4全球展望冬季投資論壇」","158220241206M001.pdf","158220241206E001.pdf","http://www.syncmold.com.tw/item_yearly_2018.html","","無","查詢"
"1583","程泰","113/04/17","14:30","線上法人說明會","本公司受邀參加凱基證券舉辦之線上法說會，說明營運現況及未來展望。","158320240417M001.pdf","158320240417E001.pdf","https://www.goodwaycnc.com/exhtml_goodway/goodway_tw/publication/investor/events/events.htm",法說會影音連結資訊:https://www.youtube.com/watch?v=mv_72S0Eji4 ,"無","查詢"
"1587","吉茂","113/11/20","14:30","宏遠證券總公司會議室 (台北市大安區信義路四段236號7樓)","本公司受邀參加宏遠證券舉辦之法人說明會，說明公司財務及業務相關資訊","158720241120M001.pdf","158720241120E001.pdf","http://www.cryomaxcooling.com",中文影音檔網址:1587_11_20241120_ch.mp4 ,"無","查詢"
"1589","永冠-KY","113/11/28","14:30","德信證券-台北市中正區新生南路一段50號3樓(忠孝新生捷運站2號出口)","本公司受邀參加德信證券舉辦之『法人說明會』","158920241127M002.pdf","158920241127E002.pdf","http://www.ygget.com/content/tw/491.aspx",中文影音檔網址:1589_118_20241128_ch.mp4 ,"無。","查詢"
"1590","亞德客-KY","113/03/04","09:00","台北W飯店","公司簡介與營運狀況說明","159020231107M002.pdf","159020231107E002.pdf","https://as-tw.airtac.com/about.aspx?c_kind=5&amp;c_kind2=134&amp;c_kind3=311","","受邀參加花旗環球證券舉辦之法人說明會「Taiwan Corporate Day」。","查詢"
"1590","亞德客-KY","113/03/07","14:30","台北君悅酒店","公司簡介與營運狀況說明","159020231107M002.pdf","159020231107E002.pdf","https://as-tw.airtac.com/about.aspx?c_kind=5&amp;c_kind2=134&amp;c_kind3=311","","本公司受邀參加富邦證券舉辦之法人說明會「2024Q1富邦企業日」。","查詢"
"1590","亞德客-KY","113/03/19 至 113/03/20","09:00","台北君悅酒店","公司簡介與營運狀況說明","159020240318M001.pdf","159020240318E001.pdf","https://as-tw.airtac.com/about.aspx?c_kind=5&amp;c_kind2=134&amp;c_kind3=311","","受邀參加香港美銀證券舉辦之法說會「2024 APAC TMT Conference」。","查詢"
"1590","亞德客-KY","113/03/21","11:10","茹曦酒店","公司簡介與營運狀況說明","159020240318M002.pdf","159020240318E002.pdf","https://as-tw.airtac.com/about.aspx?c_kind=5&amp;c_kind2=134&amp;c_kind3=311",中文影音檔網址:1590_242_20240321_ch.mp4 英文影音檔網址:1590_242_20240321_en.mp4 ,"受邀參加華南永昌綜合證券舉辦之法人說明會「2024年第一季產業暨企業論壇」。","查詢"
"1590","亞德客-KY","113/01/15","09:00","馬來西亞","公司簡介與營運狀況說明","159020231107M002.pdf","159020231107E002.pdf","https://as-tw.airtac.com/about.aspx?c_kind=5&amp;c_kind2=134&amp;c_kind3=311","","受邀參加大和國泰證券舉辦之法說會「Daiwa-Affin Hwang Taiwan Corporate day」。","查詢"
"1590","亞德客-KY","113/02/19","09:00","台北君悅酒店","公司簡介與營運狀況說明","159020231107M002.pdf","159020231107E002.pdf","https://as-tw.airtac.com/about.aspx?c_kind=5&amp;c_kind2=134&amp;c_kind3=311","","受邀參加摩根大通證券舉辦之法說會「Taiwan CEO-CFO Conference」。","查詢"
"1590","亞德客-KY","113/04/30","16:00","線上法說會","公司簡介與營運狀況說明","159020240318M002.pdf","159020240318E002.pdf","https://as-tw.airtac.com/about.aspx?c_kind=5&amp;c_kind2=134&amp;c_kind3=311","","受邀瑞銀證券舉辦之線上法說會「1Q24 Results Call」。","查詢"
"1590","亞德客-KY","113/05/14","09:00","香港","公司簡介與營運狀況說明","159020240508M001.pdf","159020240508E001.pdf","https://as-tw.airtac.com/about.aspx?c_kind=5&amp;c_kind2=134&amp;c_kind3=311","","受邀參加香港商麥格理舉辦之法說會「Asia Conference 2024」。","查詢"
"1590","亞德客-KY","113/05/20 至 113/05/23","21:00","紐約及舊金山","公司簡介與營運狀況說明","159020240508M002.pdf","159020240508E002.pdf","https://as-tw.airtac.com/about.aspx?c_kind=5&amp;c_kind2=134&amp;c_kind3=311","","受邀參加大和國泰證券舉辦之法說會「Investment Conference 2024」。","查詢"
"1590","亞德客-KY","113/05/27 至 113/05/28","14:00","香港","公司簡介與營運狀況說明","159020240508M003.pdf","159020240508E003.pdf","https://as-tw.airtac.com/about.aspx?c_kind=5&amp;c_kind2=134&amp;c_kind3=311","","受邀參加瑞銀證券舉辦之法說會「Asian Investment Conference」。","查詢"
"1590","亞德客-KY","113/12/02","09:00","香港","公司簡介與營運狀況說明","159020241110M002.pdf","159020241110E002.pdf","https://as-tw.airtac.com/about.aspx?c_kind=5&amp;c_kind2=134&amp;c_kind3=311","","受邀參加麥格理資本舉辦之法說會「Macquarie China Automation Day」。","查詢"
"1590","亞德客-KY","113/01/31","16:00","線上法說會","公司簡介與營運狀況說明","159020231107M002.pdf","159020231107E002.pdf","https://as-tw.airtac.com/about.aspx?c_kind=5&amp;c_kind2=134&amp;c_kind3=311","","受邀參加花旗環球證券舉辦之線上法人說明會「4Q23 Result Call」。","查詢"
"1590","亞德客-KY","113/12/19","14:45","台北市中正區忠孝東路二段95號13樓","公司簡介與營運狀況說明。","159020241110M002.pdf","159020241110E002.pdf","https://as-tw.airtac.com/about.aspx?c_kind=5&amp;c_kind2=134&amp;c_kind3=311","","受邀參加兆豐證券舉辦之法說會「2024 Q4產業論壇」。","查詢"
"1590","亞德客-KY","113/06/06","09:00","台北W飯店","公司簡介與營運狀況說明","159020240508M003.pdf","159020240508E003.pdf","https://as-tw.airtac.com/about.aspx?c_kind=5&amp;c_kind2=134&amp;c_kind3=311","","受邀參加花旗環球證券舉辦之法人說明會「2024 Taiwan Conference」。","查詢"
"1590","亞德客-KY","113/07/24","16:00","線上法說會","公司簡介與營運狀況說明","159020240508M003.pdf","159020240508E003.pdf","https://as-tw.airtac.com/about.aspx?c_kind=5&amp;c_kind2=134&amp;c_kind3=311","","受邀美商高盛舉辦之線上法說會「2Q24 Results Call」。","查詢"
"1590","亞德客-KY","113/09/24","09:00","台北W飯店","公司簡介與營運狀況說明","159020240820M003.pdf","159020240820E003.pdf","https://as-tw.airtac.com/about.aspx?c_kind=5&amp;c_kind2=134&amp;c_kind3=311","","受邀參加瑞銀證券舉辦之法說會「Taiwan Summit 2024」。","查詢"
"1590","亞德客-KY","113/08/22","15:30","台北君悅酒店","公司簡介與營運狀況說明","159020240508M003.pdf","159020240508E003.pdf","https://as-tw.airtac.com/about.aspx?c_kind=5&amp;c_kind2=134&amp;c_kind3=311",中文影音檔網址:1590_249_20240822_ch.mp4 ,"本公司受邀參加富邦證券舉辦之法人說明會「2024第三季企業日」。","查詢"
"1590","亞德客-KY","113/09/11","13:30","台北晶華酒店","公司簡介與營運狀況說明","159020240820M002.pdf","159020240820E002.pdf","https://as-tw.airtac.com/about.aspx?c_kind=5&amp;c_kind2=134&amp;c_kind3=311","","受邀參加永豐金證券舉辦之「2024年第三季產業論壇」。","查詢"
"1590","亞德客-KY","113/09/09 至 113/09/10","14:00","香港","公司簡介與營運狀況說明","159020240820M001.pdf","159020240820E001.pdf","https://as-tw.airtac.com/about.aspx?c_kind=5&amp;c_kind2=134&amp;c_kind3=311","","受邀參加里昂證券舉辦之法說會「31st CITIC CLSA Flagship Investors Forum」。","查詢"
"1590","亞德客-KY","113/10/31","16:00","線上法說會","公司簡介與營運狀況說明","159020240820M003.pdf","159020240820E003.pdf","https://as-tw.airtac.com/about.aspx?c_kind=5&amp;c_kind2=134&amp;c_kind3=311","","受邀參加花旗環球證券舉辦之線上法說會「3Q24 Result Call」。","查詢"
"1590","亞德客-KY","113/11/12 至 113/11/13","20:00","紐約","公司簡介與營運狀況說明","159020241110M001.pdf","159020241110E001.pdf","https://as-tw.airtac.com/about.aspx?c_kind=5&amp;c_kind2=134&amp;c_kind3=311","","受邀參加香港上海匯豐證券舉辦之法說會「13th Annual Asia Investor Forum」。","查詢"
"1590","亞德客-KY","113/11/18 至 113/11/19","14:00","香港","公司簡介與營運狀況說明","159020241110M002.pdf","159020241110E002.pdf","https://as-tw.airtac.com/about.aspx?c_kind=5&amp;c_kind2=134&amp;c_kind3=311","","受邀參加摩根大通證券舉辦之法說會「12th Global TMT Conference」。","查詢"
"1597","直得","113/12/05","13:30","台北遠東香格里拉飯店 5F會議室 
(台北市大安區敦化南路二段201號)","本公司受邀參加國泰證券所舉辦之「2024年第四季論壇」","159720241204M002.pdf","159720241204E002.pdf","https://www.chieftek.com/chinese/INVESTOR%20EVENTS.asp",中文影音檔網址:1597_7_20241205_ch.mp4 ,"無","查詢"
"1598","岱宇","113/11/26","14:00","本公司受邀參加由凱基 證券舉辦之線上法說會","說明本公司之營運概況及未來展望","159820241126M001.pdf","159820241126E001.pdf","https://dyaco.com/zh-hant/investors/investors-news",中文影音檔網址:1598_22_20241126_ch.mp4 ,"完整財務業務資訊請至公開資訊觀測站之法人說明會一覽表或法說會項目下查閱。","查詢"
"1598","岱宇","113/05/16","14:00","本公司受邀參加由凱基 證券舉辦之線上法說會","說明本公司之營運概況、財務及業務相關資訊","159820240515M001.pdf","159820240515E001.pdf","https://dyaco.com/zh-hant/investors/investors-news",中文影音檔網址:1598_21_20240516_ch.mp4 ,"完整財務業務資訊請至公開資訊觀測站之法人說明會一覽表或法說會項目下查閱。","查詢"
"1603","華電","113/12/06","14:30","線上法說會","富邦證券舉辦之線上法說會，說明本公司之營運概況、財務及業務相關資訊。","160320241205M001.pdf","160320241205E001.pdf","https://www.cwcowin.com.tw",法說會影音連結資訊:https://webpro.twse.com.tw/WebPortal/vod/101/097ACCEB1156-C04FD3F8-B3A4-11EF-908C/?categoryId=101 ,"無","查詢"
"1604","聲寶","113/09/26","14:30","台灣證券交易所1樓資訊展示中心","公司財務暨營運概況說明","160420240926M001.pdf","160420240926E001.pdf","https://www.sampo.com.tw/aboutlist.aspx?q=11",法說會影音連結資訊:https://webpro.twse.com.tw/webportal/vod/101/?categoryId=101 ,"14時00分~14時30分報到；14時30分開始","查詢"
"1605","華新","113/05/03","16:00","線上法說會","本公司自辦法人說明會說明113年度第一季財務報告相關資訊","160520240503M001.pdf","160520240503E001.pdf","https://www.walsin.com/investors/investor-conference/#pills-investor-conference",同步收看網址：:https://wms.gridow.com/ir/walsin/walsin_24Q1.html 法說會影音連結資訊:https://wms.gridow.com/ir/walsin/walsin_24Q1.html ,"無","查詢"
"1605","華新","113/11/08","16:00","線上法說會","本公司自辦法人說明會說明113年第三季財務報告相關資訊。","160520241108M001.pdf","160520241108E001.pdf","https://www.walsin.com/investors/investor-conference/#pills-investor-conference",同步收看網址：:https://wms.gridow.com/ir/walsin/walsin_24Q3.html 法說會影音連結資訊:https://wms.gridow.com/ir/walsin/walsin_24Q3.html ,"無","查詢"
"1605","華新","113/02/23","16:00","線上法說會","本公司自辦法人說明會說明112年度第四季財務報告相關資訊","160520240223M001.pdf","160520240223E001.pdf","https://www.walsin.com/investors/investor-conference/#pills-investor-conference",法說會影音連結資訊:https://wms.gridow.com/ir/walsin/walsin_23Q4.html ,"無","查詢"
"1605","華新","113/08/02","16:00","線上法說會","本公司自辦法人說明會說明113年第二季財務報告相關資訊","160520240802M001.pdf","160520240802E001.pdf","https://www.walsin.com/investors/investor-conference/#pills-investor-conference",同步收看網址：:https://wms.gridow.com/ir/walsin/walsin_24Q2.html 法說會影音連結資訊:https://wms.gridow.com/ir/walsin/walsin_24Q2.html ,"無","查詢"
"1605","華新","113/08/02","16:00","線上說明會","本公司自辦法人說明會說明113年第二季財務報告相關資訊","160520240802M002.pdf","160520240802E002.pdf","https://www.walsin.com/investors/investor-conference/#pills-investor-conference",同步收看網址：:https://wms.gridow.com/ir/walsin/walsin_24Q2.html 法說會影音連結資訊:https://wms.gridow.com/ir/walsin/walsin_24Q2.html ,"無","查詢"
"1608","華榮","113/11/22","14:30","高雄市仁武區高楠公路30號(本公司高楠工廠2樓會議室)","公開說明113年前三季營運狀況","160820241121M002.pdf","160820241121E002.pdf","https://www.hegroup.com.tw/index.php?option=module&amp;lang=cht&amp;task=showlist&amp;id=46&amp;index=4",法說會影音連結資訊:https://youtu.be/eSyd3KGn3LI?si=i02TpkFKea1wmnRs ,"無。","查詢"
"1608","華榮","113/08/22","14:30","高雄市仁武區高楠公路30號(本公司高楠工廠2樓會議室)","公開說明113年前二季營運狀況","160820240821M001.pdf","160820240821E001.pdf","https://www.hegroup.com.tw/index.php?option=module&amp;lang=cht&amp;task=showlist&amp;id=46&amp;index=4",法說會影音連結資訊:https://youtu.be/6wUDJyMggfg ,"無","查詢"
"1609","大亞","113/11/21","14:00","線上法人說明會","本公司受邀參加華南永昌證券於113年11月21日舉辦之線上法人說明會","160920241121M001.pdf","160920241121E001.pdf","https://www.taya.com.tw/msg/message-%E6%B3%95%E4%BA%BA%E8%AA%AA%E6%98%8E%E6%9C%83-122.html",法說會影音連結資訊:https://www.taya.com.tw/msg/msg606.html ,"無","查詢"
"1609","大亞","113/03/22","14:00","線上法人說明會","本公司受邀參加華南永昌證券於113年03月22日舉辦之線上法人說明會。","160920240322M001.pdf","160920240322E001.pdf","https://www.taya.com.tw/msg/message-%E6%B3%95%E4%BA%BA%E8%AA%AA%E6%98%8E%E6%9C%83-122.html",法說會影音連結資訊:https://www.taya.com.tw/msg/msg581.html ,"無","查詢"
"1609","大亞","113/08/22","14:00","線上法人說明會","本公司受邀參加凱基證券於113年8月22日舉辦之線上法人說明會","160920240822M001.pdf","160920240822E001.pdf","https://www.taya.com.tw/msg/message-%E6%B3%95%E4%BA%BA%E8%AA%AA%E6%98%8E%E6%9C%83-122.html",中文影音檔網址:1609_21_20240822_ch.mp4 ,"無","查詢"
"1609","大亞","113/05/22","14:00","線上法人說明會","本公司受邀參加凱基證券於113年5月22日舉辦之線上法人說明會。","160920240522M001.pdf","160920240522E001.pdf","https://www.taya.com.tw/msg/message-%E6%B3%95%E4%BA%BA%E8%AA%AA%E6%98%8E%E6%9C%83-122.html",法說會影音連結資訊:https://www.taya.com.tw/msg/msg584.html ,"無","查詢"
"1611","中電","113/04/24","14:30","臺灣證券交易所1樓資訊展示中心(台北市信義路五段7號)","營運報告","161120240423M001.pdf","161120240423E001.pdf","http://www.chinaelectric.com.tw/investor9.php",同步收看網址：:https://webpro.twse.com.tw/webportal/vod/101/?categoryId=101 法說會影音連結資訊:https://webpro.twse.com.tw/webportal/vod/101/1529968E52FD-3B3C034D-0207-11EF-9079/?categoryId=101 ,"無","查詢"
"1611","中電","113/11/18","14:30","臺灣證券交易所1樓資訊展示中心(台北市信義路五段7號)","營運報告","161120241118M001.pdf","161120241118E001.pdf","http://www.chinaelectric.com.tw/investor9.php",同步收看網址：:https://webpro.twse.com.tw/webportal/vod/101/?categoryId=101 法說會影音連結資訊:https://webpro.twse.com.tw/webportal/vod/101/C1BC720579E9-4BE7CBA8-A57A-11EF-9A30/?categoryId=101 ,"無","查詢"
"1612","宏泰","113/11/26","14:30","福邦證券總公司(台北市中正區忠孝西路一段6號7樓)","本公司受邀參加福邦證券舉辦之法人說明會，說明本公司之營運、財務及業務概況。","161220241122M001.pdf","161220241122E001.pdf","",中文影音檔網址:1612_9_20241126_ch.MP4 ,"無","查詢"
"1612","宏泰","113/05/30","14:30","本公司觀音廠4F會議室(桃園市觀音區國建一路2號)","本公司自辦法人說明會，說明本公司之營運、財務及業務概況。","161220240529M001.pdf","161220240529E001.pdf","",中文影音檔網址:1612_8_20240530_ch.mp4 ,"無","查詢"
"1614","三洋電","113/06/27","14:30","台灣證券交易所1樓資訊展示中心","公司營運及資產運用現況說明","161420240625M001.pdf","161420240625E001.pdf","http://www.sanyo.com.tw",法說會影音連結資訊:https://webpro.twse.com.tw/webportal/vod/101/A1254962C130-A9315601-3452-11EF-8145/?categoryId=101 ,"相關法人說明會資訊請至公開資訊觀測站查閱","查詢"
"1615","大山","113/12/24","14:30","本公司會議室(雲林縣斗六市西平路369號)","本公司簡介及113年前三季財務業務","161520241224M001.ppt","161520241224E001.ppt","http://www.dahsan.com.tw",法說會影音連結資訊:https://youtu.be/R7NDT649iUc ,"113年度法人說明會影音資訊將於會後上傳","查詢"
"1616","億泰","113/12/17","13:30","台北市中正區仁愛路二段91巷1號1樓(本公司會議室)","113年法人說明會","161620241213M001.pdf","161620241213E001.pdf","http://www.evertop.com",法說會影音連結資訊:https://youtu.be/D6YVqdyNKec ,"113年度法人說明會影音連結將於會後上傳","查詢"
"1617","榮星","113/11/29","14:00","高雄市前鎮區中山二路2號九樓之一(假大眾財經大樓)","本公司受邀參加台新證券舉辦之聯合法人說明會，針對本公司113年前三季財務及營運概況等相關資訊做說明。","161720241128M001.pdf","161720241128E001.pdf","http://www.jswire.com.tw",中文影音檔網址:1617_8_20241129_ch.MP4 ,"會議簡報依規定公佈於「公開資訊觀測站」。","查詢"
"1618","合機","113/11/20","14:00","本公司觀音二廠。(桃園巿觀音區觀音工業區經建5路32號)","本公司簡介及營運概況說明。","161820241120M001.pdf","161820241120E001.pdf","https://www.hold-key.com.tw/annualreport_tw.php?id=4",中文影音檔網址:1618_9_20241120_ch.mp4 ,"無。","查詢"
"1618","合機","113/08/23","14:00","本公司觀音二廠。(桃園巿觀音區觀音工業區經建5路32號)","本公司簡介及營運概況說明。","161820240823M001.pdf","161820240823E001.pdf","https://www.hold-key.com.tw/annualreport_tw.php?id=4",中文影音檔網址:1618_8_20240823_ch.mp4 ,"無。","查詢"
"1623","大東電","113/05/23","14:30","台北市大安區敦化南路二段333號18樓","本公司受邀參加國泰證券舉辦之興櫃前法人說明會，針對本公司財務及營運概況等相關資訊做說明。","162320240607M001.pdf","162320240607E001.pdf","","","無","查詢"
"1623","大東電","113/05/21","14:30","台北市大安區敦化南路二段333號18樓","本公司受邀參加國泰證券舉辦之興櫃前法人說明會，針對本公司財務及營運概況等相關資訊做說明。","162320240521M001.pdf","162320240521E001.pdf","","","無","查詢"
"1626","艾美特-KY","113/12/16","14:00","線上法人說明會","本公司受邀參加台新綜合證券舉辦之法人說明會。","162620241216M001.pdf","162620241216E001.pdf","http://www.airmate-china.com",中文影音檔網址:1626_25_20241216_ch.mp4 ,"無","查詢"
"1702","南僑","113/11/15","15:00","點水樓南京店(台北市南京東路四段61號)","說明本公司113年第3季營運狀況及未來業務展望相關訊息","170220241115M003.pdf","170220241115E003.pdf","https://www.namchow.com.tw/page/main_page/investor_relations/11/index.html",法說會影音連結資訊:https://od.lk/s/OTZfOTg4ODc5NjZf/20241115.mp4 ,"無","查詢"
"1702","南僑","113/03/21","14:00","茹曦酒店 (台北市松山區敦化北路100號)","說明本公司2023年第四季(會計師查核後)暨2024年2月(自結，尚未經會計師核閱)營運狀況及未來業務展望相關訊息。","170220240321M001.pdf","170220240321E001.pdf","https://www.namchow.com.tw/page/main_page/investor_relations/11/index.html",法說會影音連結資訊:https://od.lk/s/OTZfOTE4NjE3Mzhf/20240321.mp4 ,"無","查詢"
"1707","葡萄王","113/01/24","14:00","線上法說會","本公司受邀參加凱基證券舉辦之線上法人說明會","170720240123M001.pdf","170720240123E001.PDF","https://www.grapeking.com.tw","","無","查詢"
"1707","葡萄王","113/11/12","14:00","線上法說會","本公司受邀參加凱基證券舉辦之線上法人說明會","170720241111M001.pdf","170720241111E001.pdf","https://www.grapeking.com.tw","","無","查詢"
"1707","葡萄王","113/05/15","14:00","線上法說會","本公司受邀參加凱基證券舉辦之線上法人說明會","170720240515M001.pdf","170720240515E001.pdf","https://www.grapeking.com.tw",中文影音檔網址:1707_74_20240515_ch.mp4 ,"無","查詢"
"1707","葡萄王","113/08/14","14:00","線上法說會","本公司受邀參加元大證券舉辦之線上法說會","170720240813M001.pdf","170720240813E001.pdf","https://www.grapeking.com.tw",中文影音檔網址:1707_75_20240814_ch.mp4 ,"無","查詢"
"1707","葡萄王","113/10/22","09:00","香港","本公司受邀參加寬量國際所舉辦之『16th Taiwan CEO Week』","170720240813M001.pdf","170720240813E001.pdf","https://www.grapeking.com.tw","","無","查詢"
"1708","東鹼","113/11/29","14:00","台北市敦化南路二段97號11樓 
（敦南摩天大廈-元富證券11樓教育訓練室）","本公司受邀參加元富證券舉辦之法人說明會，說明本公司財務暨營運概況。","170820241129M001.pdf","170820241129E001.pdf","",法說會影音連結資訊:https://www.youtube.com/watch?v=fWy_2SRBhzs ,"無","查詢"
"1709","和益","113/08/02","15:00","台北市大安區敦化南路二段97號6樓","本公司受邀參加元富證券所舉辦之法人說明會","170920240802M001.pptx","170920240802E001.pptx","http://www.fucc.com.tw",中文影音檔網址:1709_8_20240802_ch.MP4 ,"無","查詢"
"1709","和益","113/12/12","15:00","台北市大安區敦化南路二段97號19樓","本公司受邀參加元富證券所舉辦之法人說明會","170920241212M001.pptx","170920241212E001.pptx","http://www.fucc.com.tw",中文影音檔網址:1709_9_20241212_ch.MP4 ,"無","查詢"
"1710","東聯","113/03/26","14:00","視訊會議","說明公司營運情形，相關訊息請參閱本公司網站。","171020240318M001.pdf","171020240318E001.pdf","https://www.oucc.com.tw/investor-77-page100",中文影音檔網址:1710_71_20240326_ch.mp4 ,"無","查詢"
"1710","東聯","113/06/13","14:00","視訊會議","說明公司營運情形，相關訊息請參閱本公司網站。","171020240604M001.pdf","171020240604E001.pdf","https://www.oucc.com.tw/investor-77-page100",中文影音檔網址:1710_72_20240613_ch.mp4 ,"無","查詢"
"1710","東聯","113/09/24","14:00","視訊會議","說明公司營運情形，相關訊息請參閱本公司網站。","171020240919M001.pdf","171020240919E001.pdf","https://www.oucc.com.tw/investor-77-page100",中文影音檔網址:1710_73_20240924_ch.mp4 ,"無","查詢"
"1710","東聯","113/12/27","14:00","視訊會議","說明公司營運情形，相關訊息請參閱本公司網站。","171020241226M001.pdf","171020241226E001.pdf","https://www.oucc.com.tw/investor-77-page100",中文影音檔網址:1710_74_20241227_ch.mp4 ,"無","查詢"
"1711","永光","113/04/23","14:30","兆豐證券大樓(台北市忠孝東路二段95號13樓)","受邀參加兆豐證券舉辦之法人說明會，說明本公司2023年度營運狀況。","171120240422M001.pdf","171120240422E001.pdf","https://www.ecic.com/financial/shareholder/conference/",法說會影音連結資訊:https://youtu.be/dPZVgmsFK2k ,"無","查詢"
"1711","永光","113/08/23","14:30","兆豐證券大樓(台北市忠孝東路二段95號13樓)","受邀參加兆豐證券舉辦之法人說明會，說明本公司
2024年度上半年營運狀況。","171120240822M002.pdf","171120240822E002.pdf","https://www.ecic.com/financial/shareholder/conference/",法說會影音連結資訊:https://youtu.be/apc0lJWMlRU ,"無","查詢"
"1712","興農","113/11/14","14:00","台北市松山區民生東路四段54號4樓","本公司受邀參加華南永昌證券舉辦之法人說明會，說明營運狀況。
報名網址：https://forms.gle/XAwhbhy8eTNUTy9J7
活動內容詢問電話：(02) 2545-6888#8969、8258","171220241113M001.pdf","171220241113E001.pdf","https://www.sinon.com.tw","","無","查詢"
"1712","興農","113/03/14","14:30","台北市中正區忠孝西路一段6號14樓","本公司受邀參加福邦證券舉辦之法人說明會，說明營運狀況。
報名網址：https://forms.gle/XdpMTTWCfNPUnwUS6
活動內容詢問電話：(02) 2371-1917","171220240313M001.pdf","171220240313E001.pdf","https://www.sinon.com.tw/",中文影音檔網址:1712_21_20240314_ch.mp4 ,"無","查詢"
"1712","興農","113/05/16","14:00","台北市松山區民生東路三段156號7樓","本公司受邀參加群益金鼎證券舉辦之法人說明會，說明營運狀況。
報名網址：https://forms.gle/dg1QhC5vNCccLRj28
活動內容詢問電話：(02)8700-8888 #306, #365","171220240515M001.pdf","171220240515E001.pdf","https://www.sinon.com.tw/",中文影音檔網址:1712_22_20240516_ch.MP4 ,"無","查詢"
"1712","興農","113/08/15","14:00","台北市中正區重慶南路一段2號12樓","本公司受邀參加凱基證券舉辦之法人說明會，說明營運狀況。
報名網址：https://forms.gle/As8JgUNeW6NieWS2A
活動內容詢問電話：(02) 2504-8339","171220240814M001.pdf","171220240814E001.pdf","https://www.sinon.com.tw/","","無","查詢"
"1713","國化","113/03/26","14:30","臺灣證券交易所一樓資訊展中心(台北市信義路五段七號)","(1)112年度營運成果報告.(2)重要轉投資概況.
(3)未來展望概要.(4)Q&amp;A.","171320240326M002.pptx","171320240326E002.pptx","http://www.ccwi.com.tw",法說會影音連結資訊:https://webpro.twse.com.tw/webportal/vod/101/E7EC82F4C811-D130DEC5-EB3C-11EE-A5C9/?categoryId=101 ,"無.","查詢"
"1714","和桐","113/11/28","14:30","福邦證券總公司7樓(台北市忠孝西路一段6號7樓)","1.營運概況;2.財務資料","171420241128M001.pdf","171420241128E001.pdf","www.htgroup.com.tw",中文影音檔網址:1714_8_20241128_ch.MP4 ,"無","查詢"
"1717","長興","113/05/17","14:00","線上法說會","受邀參加元大證券舉辦之線上法人說明會","171720240517M001.pdf","171720240517E001.pdf","https://www.eternal-group.com/Investor_Conference","","無","查詢"
"1717","長興","113/03/15","14:00","台北市松山區東興路8號（統一證券大樓）","統一證券舉辦之法人說明會","171720240315M001.pdf","171720240315E001.pdf","https://www.eternal-group.com/Investor_Conference",中文影音檔網址:1717_24_20240315_ch.mp4 ,"無","查詢"
"1717","長興","113/08/20","14:00","台北市松山區東興路8號3樓（統一證券大樓）","受邀參加統一證券舉辦之法人說明會","171720240820M001.pdf","171720240820E001.pdf","https://www.eternal-group.com/Investor_Conference",中文影音檔網址:1717_26_20240820_ch.mp4 ,"無","查詢"
"1717","長興","113/11/15","14:00","線上法說會","受邀參加富邦證券舉辦之線上法人說明會","171720241115M001.pdf","171720241115E001.pdf","https://www.eternal-group.com/Investor_Conference",中文影音檔網址:1717_27_20241115_ch.mp4 ,"無","查詢"
"1718","中纖","113/06/12","14:00","線上法說會","公司簡介與營運狀況說明","171820240611M002.pdf","171820240611E002.pdf","https://www.cmfc.com.tw/shareholder_tw_7.php",中文影音檔網址:1718_8_20240612_ch.mp4 ,"無","查詢"
"1720","生達","113/11/14","14:30","臺灣證券交易所1樓資訊展示中心(台北市信義區信義路5段7號101大樓1樓)","2024年前三季營運概況說明","172020241113M001.pdf","172020241113E001.pdf","https://www.standard.com.tw/investor-f-law.php",同步收看網址：:https://webpro.twse.com.tw/WebPortal/?liveChannelId=1 法說會影音連結資訊:https://webpro.twse.com.tw/webportal/vod/101/C1BC720579E9-B7256463-A257-11EF-9A30/?categoryId=101 ,"完整財務業務資訊請至公開資訊觀測站之法人說明會一覽表項下查閱","查詢"
"1720","生達","113/04/25","14:00","台北市敦化南路二段97號11樓
（敦南摩天大廈-元富證券11樓教育訓練室）","112年度營運概況說明","172020240424M001.pdf","172020240424E001.pdf","http://www.standard.com.tw",法說會影音連結資訊:https://www.youtube.com/watch?v=ompKA2L-VSI ,"完整財務業務資訊請至公開資訊觀測站之法人說明會一覽表項下查閱","查詢"
"1721","三晃","113/10/14","14:00","線上法說會","本公司受邀參加永豐金證券線上法人說明會","172120241014M001.pdf","172120241014E001.pdf","http://www.sunko.com.tw",中文影音檔網址:1721_10_20241014_ch.mp4 ,"活動報名網址https://www.surveycake.com/s/qg6ML","查詢"
"1721","三晃","113/06/13","14:00","線上法人說明會","本公司受邀參加永豐金證券線上法人說明會","172120240613M001.pdf","172120240613E001.pdf","http://www.sunko.com.tw",中文影音檔網址:1721_9_20240613_ch.mp4 ,"活動報名網址https://www.surveycake.com/s/YaLPb","查詢"
"1722","台肥","113/06/12","14:00","台北君悅酒店(台北市信義區松壽路2號)","本公司受統一證券邀請參加2024年產業暨企業論壇，說明公司簡介、營運狀況及未來方向。","172220240528M002.pdf","172220240528E002.pdf","http://www.taifer.com.tw",中文影音檔網址:1722_90_20240612_ch.mp4 ,"相關資訊請參考公開資訊觀測站公司治理專區及本公司網站","查詢"
"1722","台肥","113/05/31","14:00","茹曦酒店(台北市松山區敦化北路100號)","本公司受華南永昌證券邀請參加2024年第二季產業暨企業論壇，說明公司簡介、營運狀況及未來方向。","172220240528M001.pdf","172220240528E001.pdf","http://www.taifer.com.tw",中文影音檔網址:1722_89_20240531_ch.mp4 ,"相關資訊請參考公開資訊觀測站公司治理專區及本公司網站","查詢"
"1722","台肥","113/09/19","15:00","台北晶華酒店(台北市中山區中山北路二段39巷3號)","本公司受元大證券邀請參加2024年第三季投資論壇，說明公司簡介、營運狀況及未來方向。","172220240918M002.pdf","172220240918E002.pdf","https://www.taifer.com.tw",中文影音檔網址:1722_91_20240919_ch.mp4 ,"相關資訊請參考公開資訊觀測站公司治理專區及本公司網站","查詢"
"1723","中碳","113/11/21","13:30","&#29319;亞會議中心(台北市松山區復興北路99號15樓)","本公司業務及財務相關資訊 (含部分截至113年10月份之自結財務資訊)","172320241120M001.pdf","172320241120E001.pdf","https://www.cscc.com.tw/fin_brief.htm",法說會影音連結資訊:https://youtu.be/Hsl-hZ6GG3g ,"無","查詢"
"1723","中碳","113/06/21","14:00","線上法人說明會","主要向投資人說明本公司營運概況、財務及業務狀況","172320240619M001.pdf","172320240619E001.pdf","https://www.cscc.com.tw/fin_brief.htm",法說會影音連結資訊:https://youtu.be/W9vS00zRsiM中碳法說會影音連結資訊 ,"本次採Cisco Webex視訊會議，報名請洽cherry18@ibfs.com.tw","查詢"
"1723","中碳","113/03/21","14:00","線上法人說明會","主要向投資人說明本公司營運概況、財務及業務狀況","172320240319M001.pdf","172320240319E001.pdf","https://www.cscc.com.tw/fin_brief.htm","","本次採Cisco Webex視訊會議，報名請洽crane@kgi.com","查詢"
"1723","中碳","113/09/20","14:00","線上法人說明會","主要向投資人說明本公司營運概況、財務及業務狀況","172320240919M001.pdf","172320240919E001.pdf","https://www.cscc.com.tw/fin_brief.htm",法說會影音連結資訊:https://youtu.be/4kBannoPTAU ,"本次採Cisco Webex視訊會議，報名請洽wangjupei@masterlink.com.tw","查詢"
"1725","元禎","113/10/09","14:30","證交所101辦公大樓一樓資訊展示中心(台北市信義路五段七號)","公司簡介與營運狀況說明。","172520241008M001.pdf","172520241008E001.pdf","http://www.yuanjen.com/03.php?idno=19",同步收看網址：:https://webpro.twse.com.tw/webportal/vod/101/EDCE06FAA59D-EBD8F40C-860F-11EF-AFF9/?categoryId=101 法說會影音連結資訊:https://webpro.twse.com.tw/webportal/vod/101/EDCE06FAA59D-EBD8F40C-860F-11EF-AFF9/?categoryId=101 ,"無。","查詢"
"1726","永記","113/12/13","14:00","本公司會議廳(高雄市小港區沿海三路26號)","本公司營運及財務概況相關資訊","172620241213M002.pdf","172620241213E002.pdf","",法說會影音連結資訊:https://reurl.cc/eGXq2m ,"無","查詢"
"1727","中華化","113/11/28","14:30","台北市南京東路二段111號5樓(富邦南京大樓)","受邀參加富邦證券舉辦之法說會，說明本公司之營運概況","172720241128M001.pdf","172720241128E001.pdf","https://www.chciworld.com.tw/shareholder-services/corporate-briefing-session/",中文影音檔網址:1727_12_20241128_ch.mp4 ,"無","查詢"
"1730","花仙子","113/11/25","14:00","線上法說會","本公司受邀參加中國信託綜合證券舉辦之法人說明會","173020241125M001.pdf","173020241125E001.pdf","https://www.farcent.com.tw/investors03-3",中文影音檔網址:1730_9_20241125_ch.mp4 ,"無。","查詢"
"1731","美吾華","113/09/13","14:30","台北市中山區建國北路一段96號B1會議室","本公司受台新證券邀請，舉辦實體法人說明會，由經營團隊向法人及投資者說明公司研發及展業最新狀況。
(一)美吾髮&#174;事業部：美吾髮&#174;獲選為台灣百大品牌，業界唯一。經營染髮、洗髮、護髮、沐浴等系列產品，建構研發、生產到品牌行銷的完整價值鏈。
(二)醫藥事業部：行銷懷特生技新藥研發成功的新藥，以及國際大廠產品總代理。","173120240913M001.pdf","173120240913E001.pdf","http://www.maywufa.com.tw/news_center/news/detail/763",法說會影音連結資訊:https://youtu.be/yKZaRu1NHbE ,"相關資訊將依規定揭露於公開資訊觀測站。","查詢"
"1732","毛寶","113/12/13","15:00","線上法說會","公司簡介及營運報告","173220241212M001.pdf","173220241212E001.pdf","https://www.maobao.com.tw/",同步收看網址：:https://wms.gridow.com/ir/maobao/maobao_2024.html 中文影音檔網址:1732_8_20241213_ch.mp4 ,"無","查詢"
"1733","五鼎","113/07/10","14:30","台北市忠孝東路二段95號13樓(兆豐證券總公司)","本公司受邀參加兆豐證券舉辦之法人說明會，說明公司業務及營運概況。","173320240710M001.pdf","173320240710E001.pdf","https://www.apexbio.com.tw",中文影音檔網址:1733_19_20240710_ch.mp4 ,"無。","查詢"
"1733","五鼎","113/12/25","14:30","台北市新生南路一段50號3樓(德信證券)","本公司受邀參加德信證券舉辦之法人說明會，說明公司業務及營運概況。","173320241225M001.pdf","173320241225E001.pdf","https://www.apexbio.com.tw",中文影音檔網址:1733_20_20241225_ch.mp4 ,"無。","查詢"
"1734","杏輝","113/12/19","14:00","國票金控總部大樓(臺北市中山區樂群三路128號7樓會議室)","本公司受邀參加國票綜合證券舉辦之法人說明會，說明本公司之營運概況及業務相關資訊。","173420241219M001.pdf","173420241219E001.pdf","https://www.sinphar.com.tw/corporate?page=1",中文影音檔網址:1734_9_20241219_ch.mp4 ,"無","查詢"
"1735","日勝化","113/08/23","14:30","線上法人說明會","本公司受邀參加凱基證券所舉辦之線上法人說明會","173520240823M001.pdf","173520240823E001.pdf","https://www.twemc.com.tw",中文影音檔網址:1735_8_20240823_ch.mp4 ,"無","查詢"
"1735","日勝化","113/12/17","14:30","線上法人說明會","本公司受邀參加凱基證券所舉辦之線上法人說明會","173520241217M001.pdf","173520241217E001.pdf","https://www.twemc.com.tw",法說會影音連結資訊:https://drive.google.com/file/d/1SNiclT44sc-ml3EyUJRL4zcIMs_0cO4b/view ,"無","查詢"
"1736","喬山","113/06/28","14:30","線上說明會","本公司受邀參加凱基證券舉辦之法人說明會，說明公司營運概況及展望","173620240627M001.pdf","173620240627E001.pdf","",法說會影音連結資訊:https://jhtcloud.johnsonfitness.com/owncloud/index.php/s/is4jCLs3Ozvx0bQ ,"無","查詢"
"1736","喬山","113/03/08","11:15","台北君悅酒店","本公司受邀參加統一證券舉辦之「全球展望春季投資論壇」，說明本公司之營運概況、財務及業務相關資訊","173620240304M001.pdf","173620240304E001.pdf","","","無","查詢"
"1736","喬山","113/12/06","11:15","君悅酒店(台北市信義區松壽路2號3樓)","受邀參加統一證券舉辦之法人說明會，說明公司營運概況及展望","173620241205M001.pdf","173620241205E001.pdf","","","無","查詢"
"1736","喬山","113/09/26","14:00","線上說明會","本公司受邀參加康和證券舉辦之法人說明會，說明公司營運概況及展望","173620240925M001.pdf","173620240925E001.pdf","","","無","查詢"
"1736","喬山","113/12/20","14:00","線上說明會","本公司受邀參加凱基證券舉辦之法人說明會，說明公司營運概況及展望","173620241205M001.pdf","173620241205E001.pdf","",中文影音檔網址:1736_60_20241220_ch.mp4 ,"無","查詢"
"1737","臺鹽","113/12/19","14:30","臺灣證券交易所1F資訊展示中心(台北市信義路五段7號1樓)","本公司營運及財務相關概況","173720241218M001.pdf","173720241218E001.pdf","https://www.tybio.com.tw/",法說會影音連結資訊:https://webpro.twse.com.tw/WebPortal/vod/101/69694597C11B-5FFB603F-BDD8-11EF-B60A/?categoryId=101 ,"無","查詢"
"1752","南光","113/12/19","14:00","台北市南京東路二段111號5 樓","富邦證券所舉辦之法人說明會","175220241218M001.pdf","175220241218E001.pdf","http://www.nangkuang.com.tw",中文影音檔網址:1752_12_20241219_ch.mp4 ,"無","查詢"
"1760","寶齡富錦","113/11/28","14:00","台北市重慶南路1段2號19樓","本公司受邀參加永豐金證券於113年11月28日舉辦之法人說明會","176020241128M001.pdf","176020241128E001.pdf","http://www.pbf.com.tw",法說會影音連結資訊:https://drive.google.com/file/d/1Dfek1D339bednON14cHStZzGAbV8Br-2/view?usp=share_link ,"無","查詢"
"1760","寶齡富錦","113/04/11","15:10","臺灣證券交易所 (101大樓) 1樓資訊展示中心","本公司受邀參加證交所主辦之113年生技醫療主題式業績發表會","176020240411M001.pdf","176020240411E001.pdf","https://www.pbf.com.tw",同步收看網址：:https://webpro.twse.com.tw/webportal/?liveChannelId=1 法說會影音連結資訊:https://webpro.twse.com.tw/webportal/vod/101/AFA37D874E81-E68D589A-F7DD-11EE-B985/?categoryId=101 ,"無","查詢"
"1762","中化生","113/03/26","14:00","線上法人說明會","說明本公司112年度財務業務資訊及未來經營策略","176220240320M001.pdf","176220240320E001.pdf","",中文影音檔網址:1762_27_20240326_ch.mp4 ,"報名請洽富邦法人部 fion.hsieh@fubon.com","查詢"
"1762","中化生","113/08/29","14:00","線上法人說明會","說明本公司113年第二季財務業務資訊及未來經營策略","176220240823M001.pptx","176220240823E001.pptx","",中文影音檔網址:1762_28_20240829_ch.mp4 ,"報名請洽元大證券 underwriting.brk@yuanta.com","查詢"
"1773","勝一","113/11/28","14:00","台北君悅酒店3樓(台北市信義區松壽路2號)","本公司受邀參加富邦證券舉辦之法人說明會","177320241125M001.pdf","177320241125E001.pdf","",中文影音檔網址:1773_12_20241128_ch.mp4 ,"無。","查詢"
"1773","勝一","113/03/21","14:00","茹曦酒店(台北市松山區敦化北路100號)","本公司受邀參加華南永昌證券舉辦之法人說明會","177320240319M001.pdf","177320240319E001.pdf","",法說會影音連結資訊:https://reurl.cc/1357xD ,"無。","查詢"
"1776","展宇","113/12/27","15:00","新竹縣湖口鄉光復路71號二樓會議室","說明本公司113年已公開發布之財務業績、營運成果等相關資訊。","177620241227M001.pdf","177620241227E001.pdf","https://www.headway.com.tw",中文影音檔網址:1776_11_20241227_ch.mp4 ,"無","查詢"
"1783","和康生","113/11/08","14:00","線上","本公司受邀參加台新證券舉辦之線上法人說明會","178320241108M001.pdf","178320241108E001.pdf","",中文影音檔網址:1783_22_20241108_ch.mp4 ,"無","查詢"
"1783","和康生","113/04/17","14:00","線上","本公司受邀參加台新證券舉辦之線上法人說明會","178320240417M002.pdf","178320240417E002.pdf","","","無","查詢"
"1783","和康生","113/08/12","14:00","線上","本公司受邀參加台新證券舉辦之線上法人說明會","178320240812M001.pdf","178320240812E001.pdf","","","無","查詢"
"1783","和康生","113/12/20","14:00","線上","本公司受邀參加台新證券舉辦之線上法人說明會","178320241220M001.pdf","178320241220E001.pdf","",中文影音檔網址:1783_23_20241220_ch.mp4 ,"無","查詢"
"1786","科妍","113/11/13","15:10","臺北市信義區信義路5段7號88樓","本公司受邀參加黑石財經舉辦之「戰略台灣投資論壇」法人說明會","178620241113M001.pdf","178620241113E001.pdf","https://www.scivision.com.tw/invest?id=171","","無","查詢"
"1786","科妍","113/04/09","14:30","台北市松山區東興路8號13樓 統一綜合證��1302會議室","本公司受統一綜合證券邀請舉辦公開法人說明會","178620240409M001.pdf","178620240409E001.pdf","https://www.scivision.com.tw/invest?id=125",中文影音檔網址:1786_10_20240409_ch.MP4 ,"無","查詢"
"1789","神隆","113/01/09","07:00","美國舊金山 Westin St. Francis Hotel","本公司受邀參加J.P. Morgan舉辦之2024 Healthcare Conference，會中就本公司已公開發佈之財務數字、營運概況等相關資訊做說明。 公司簡報時間為美西時間1月8日下午3時00分 (台灣時間1月9日上午7時00分)。","178920240108M001.pdf","178920240108E001.pdf","https://www.scinopharm.com.tw/activity.asp","","無","查詢"
"1789","神隆","113/03/15","14:30","臺灣證券交易所1樓資訊展示中心（台北市信義區信義路五段7號1樓）","本公司舉行2023全年法人說明會，會中就本公司已公開發佈之財務數字與營運概況等相關資訊做說明","178920240315M001.pdf","178920240315E001.pdf","https://www.scinopharm.com.tw/activity.asp",法說會影音連結資訊:https://webpro.twse.com.tw/WebPortal/vod/101/E7EC82F4C811-34A8F708-E29F-11EE-A5C9/?categoryId=101 ,"無","查詢"
"1789","神隆","113/06/11","14:30","線上會議","本公司受邀參加永豐金證券舉辦之線上法人說明會，會中就本公司已公開發佈之113年第一季財務數字與營運概況等相關資訊做說明","178920240611M001.pdf","178920240611E001.pdf","https://www.scinopharm.com.tw/activity.asp",中文影音檔網址:1789_143_20240611_ch.mp4 ,"無","查詢"
"1789","神隆","113/08/13","14:30","線上會議","本公司舉行113年上半年線上法人說明會，會中就113年上半年財務數字與營運概況等相關資訊做說明","178920240813M001.pdf","178920240813E001.pdf","https://www.scinopharm.com.tw/activity.asp",中文影音檔網址:1789_144_20240813_ch.mp4 ,"無","查詢"
"1789","神隆","113/12/12","14:30","線上會議","本公司受邀參加元富證券舉辦之線上法人說明會，會中就本公司已公開發佈之113年第三季財務數字與營運概況等相關資訊做說明","178920241212M001.pdf","178920241212E001.pdf","https://www.scinopharm.com.tw/activity.asp","","無","查詢"
"1795","美時","113/11/18","09:00","台北君悅酒店","本公司受邀參加麥格理證券舉辦之Macquarie Asia Conference 2024","179520241115M001.pdf","179520241115E001.pdf","","","無","查詢"
"1795","美時","113/11/12","14:00","線上法人說明會","將就本公司113年第三季財務及營運狀況向投資法人說明(中文簡報)","179520241112M002.pdf","179520241112E002.pdf","https://www.lotuspharm.com.tw/newsroom",同步收看網址：:http://www.zucast.com/webcast/3VSNZP09 法說會影音連結資訊:http://www.zucast.com/webcast/3VSNZP09 ,"無","查詢"
"1795","美時","113/05/16","14:00","線上法人說明會","將就本公司113年第一季財務及營運狀況向投資法人說明。","179520240516M001.pdf","179520240516E001.pdf","https://www.lotuspharm.com.tw/newsroom",同步收看網址：:http://www.zucast.com/webcast/enbEbaDq 法說會影音連結資訊:http://www.zucast.com/webcast/enbEbaDq ,"無","查詢"
"1795","美時","113/05/16","15:30","線上法人說明會","本公司受邀參加國泰證券舉辦之英文線上法
人說明會，將就本公司113年度第一季財務
及營運狀況向投資法人說明。","179520240516M002.pdf","179520240516E002.pdf","https://www.lotuspharm.com.tw/newsroom","","無","查詢"
"1795","美時","113/06/25","10:00","英文線上法說會","本公司受邀參加由寬量國際主辦之「Taiwan Healthcare Corporate Day」，說明本公司之營運概況、財務及業務相關資訊。","179520240624M001.pdf","179520240624E001.pdf","","","無","查詢"
"1795","美時","113/03/19","14:00","線上法人說明會","將就本公司112年第四季財務及營運狀況向投資法人說明
會議連結：http://www.zucast.com/webcast/LPb4gFKc","179520240319M001.pdf","179520240319E001.pdf","https://www.lotuspharm.com.tw/newsroom",同步收看網址：:會議連結：http://www.zucast.com/webcast/LPb4gFKc 法說會影音連結資訊:http://www.zucast.com/webcast/LPb4gFKc ,"無","查詢"
"1795","美時","113/03/19","15:30","英文線上法人說明會","本公司受邀參加瑞銀證券舉辦之英文線上法人說明會","179520240319M002.pdf","179520240319E002.pdf","https://www.lotuspharm.com.tw/newsroom","","無","查詢"
"1795","美時","113/06/07","15:40","喜來登大飯店 台北市忠孝東路一段12號","本公司受邀參加【國泰證券】舉辦之2024年第二季上市櫃企業座談","179520240607M001.pdf","179520240607E001.pdf","","","無","查詢"
"1795","美時","113/06/12","15:00","喜來登大飯店 台北市忠孝東路一段12號","本公司受邀參加【第一金證券】舉辦之2024年第二季投資論壇","179520240612M001.pdf","179520240612E001.pdf","","","無","查詢"
"1795","美時","113/03/28","15:30","台北市中正區忠孝東路二段95號4樓","本公司受邀參加兆豐證券舉辦之法人說明會，將就本公司財務及營運狀況向投資法人說明。","179520240328M001.pdf","179520240328E001.pdf","","","無","查詢"
"1795","美時","113/04/09","14:00","臺灣證券交易所-資訊展示中心(台北市信義區信義路五段7號1樓,101大樓)","本公司受邀參加臺灣證券交易所舉辦之113年「生技醫療產業」主題式業績發表會，將說明本公司之財務及營運概況。","179520240409M001.pdf","179520240409E001.pdf","",同步收看網址：:https://webpro.twse.com.tw/WebPortal/vod/101/AFA37D874E81-4EE62DA1-F648-11EE-B985/?categoryId=101 法說會影音連結資訊:https://webpro.twse.com.tw/WebPortal/vod/101/AFA37D874E81-4EE62DA1-F648-11EE-B985/?categoryId=101 ,"無","查詢"
"1795","美時","113/08/15","14:00","線上法人說明會","將就本公司113年第二季財務及營運狀況向投資法人說明","179520240815M003.pdf","179520240815E003.pdf","https://www.lotuspharm.com.tw/newsroom",同步收看網址：:http://www.zucast.com/webcast/W0DgvZPF 法說會影音連結資訊:http://www.zucast.com/webcast/W0DgvZPF ,"無","查詢"
"1795","美時","113/08/15","15:30","線上法人說明會","本公司受邀參加凱基證券舉辦之英文線上法人說明會
https://ib.kgi.com/IBWebSite/Views/Registration/RegistPage.aspx?ActNbr=6gh06-SoWyv7JRY8Jb-Vcg==","179520240815M004.pdf","179520240815E004.pdf","https://www.lotuspharm.com.tw/newsroom",同步收看網址：:https://ib.kgi.com/IBWebSite/Views/Registration/RegistPage.aspx?ActNbr=6gh06-SoWyv7JRY8Jb-Vcg== 法說會影音連結資訊:未輸 ,"無","查詢"
"1795","美時","113/11/12","15:30","線上法人說明會","將就本公司113年第三季財務及營運狀況向投資法人說明 (英文簡報)","179520241112M003.pdf","179520241112E003.pdf","https://www.lotuspharm.com.tw/newsroom",同步收看網址：:http://www.zucast.com/webcast/guyRtYyF 法說會影音連結資訊:http://www.zucast.com/webcast/guyRtYyF ,"無","查詢"
"1795","美時","113/11/20 至 113/11/21","09:00","新加坡","本公司受邀參加摩根士丹利舉辦之海外投資人會議","179520241118M001.pdf","179520241118E001.pdf","","","無","查詢"
"1802","台玻","113/12/05","14:30","台北市大安區仁愛路四段169號15樓(富邦金融大樓)","本公司受邀參加富邦證券舉辦之法人說明會，會中說明本公司之營運概況。","180220241205M001.pptx","180220241205E001.pptx","",中文影音檔網址:1802_9_20241205_ch.mp4 ,"無","查詢"
"1805","寶徠","113/12/30","14:30","群益金鼎證券（台北市松山區民生東路三段156號）14樓會議室","本公司受邀參加群益金鼎證券之法人說明會，說明本公司財務暨營運概況。","180520241230M001.pptx","180520241230E001.pptx","",中文影音檔網址:1805_8_20241230_ch.MP4 ,"完整財務業務資訊請至公開資訊觀測站之法人說明會一覽表或法說會項目下查閱。","查詢"
"1806","冠軍","113/12/06","14:00","線上法人說明會","本公司受邀參加凱基證券舉辦之線上法人說明會","180620241206M001.pdf","180620241206E001.pdf","http://group.champion.com.tw/events",中文影音檔網址:1806_9_20241206_ch.mp4 ,"無","查詢"
"1808","潤隆","113/11/21","14:00","統一證券總公司15樓會議室(台北市松山區東興路8號)","本公司受邀參加統一證券舉辦之法人說明會，說明本公司之營運概況。","180820241121M001.pdf","180820241121E001.pdf","https://www.runlong.com.tw/",法說會影音連結資訊:https://www.youtube.com/watch?v=89ncaBmMe5I ,"無","查詢"
"1809","中釉","113/05/24","14:30","線上法說會","公司簡介及營運報告","180920240522M001.pptx","180920240522E001.pptx","http://www.china-glaze.com.tw",中文影音檔網址:1809_8_20240524_ch.mp4 ,"報名網址: https://forms.gle/fvqyK6PjXTy8qCWC9","查詢"
"1809","中釉","113/09/26","14:30","線上法說會","公司簡介及營運報告","180920240924M001.pptx","180920240924E001.pptx","http://www.china-glaze.com.tw",中文影音檔網址:1809_9_20240926_ch.mp4 英文影音檔網址:1809_9_20240926_en.mp4 ,"報名網址: https://forms.gle/vx5oVtHCgt3Sf7QY8","查詢"
"1810","和成","113/11/20","10:00","線上法人說明會","本公司受邀參加群益證�麥|辦之線上法人說明會,說明營運狀況","181020241118M001.pdf","181020241118E001.pdf","https://www.hcg.com.tw/About/Corporate",中文影音檔網址:1810_9_20241120_ch.mp4 ,"無","查詢"
"1817","凱撒衛","113/12/19","14:30","福邦證券總公司(台北市忠孝西路一段6號14樓)","本公司受邀參加福邦證券舉辦之法人說明會，就本公司已公開之財務業務資訊作說明。","181720241219M001.pdf","181720241219E001.pdf","https://www.caesar.com.tw/page/Institutionalinvestorconference",法說會影音連結資訊:https://youtu.be/l-5xw-Ylb7c ,"報名連結: https://forms.gle/S2Nkf6sMijxzSKDk7當日將於14:00開放報到","查詢"
"1817","凱撒衛","113/08/30","14:30","福邦證券總公司(台北市忠孝西路一段6號7樓)","本公司受邀參加福邦證券舉辦之法人說明會，就本公司已公開之財務業務資訊作說明。","181720240829M001.pdf","181720240829E001.pdf","https://www.caesar.com.tw/page/Institutionalinvestorconference",法說會影音連結資訊:https://www.youtube.com/watch?v=4JBGGLHhPks ,"報名連結: https://forms.gle/xzh44iVXjnbVBLMV8當日將於14:00開放報到","查詢"
"1903","士紙","113/12/27","14:30","臺灣證券交易所1樓資訊展示中心(台北市信義路五段7號)","公司簡介及營運報告","190320241225M001.pdf","190320241225E001.pdf","https://www.shihlin.com.tw/stock_information.html",法說會影音連結資訊:https://webpro.twse.com.tw/WebPortal/vod/101/73E3C8BF6C1A-E6FDAF74-C41F-11EF-9BC2/?categoryId=101 ,"無。","查詢"
"1904","正隆","113/03/28","14:00","線上視訊會議","公司概況及未來發展","190420240328M001.pdf","190420240328E001.pdf","https://www.clc.com.tw/",中文影音檔網址:1904_31_20240328_ch.mp4 ,"線上視訊會議網址:https://reurl.cc/N4Mmax","查詢"
"1904","正隆","113/08/16","14:00","線上視訊會議","公司概況及未來發展","190420240816M001.pdf","190420240816E001.pdf","https://www.clc.com.tw/",中文影音檔網址:1904_32_20240816_ch.mp4 ,"線上視訊會議網址:https://reurl.cc/g6zljQ","查詢"
"1905","華紙","113/03/15","14:00","永豐餘信誼大樓B1 (台北市重慶南路二段51號)","本公司舉辦法人說明會，說明2023年第四季營運結果","190520240315M001.pdf","190520240315E001.pdf","www.chp.com.tw",法說會影音連結資訊:https://irconference.twse.com.tw/1905_55_20240315_ch.mp4 中華紙漿官網:https://www.chp.com.tw/tw/investors/conference 交易所影音傳播網:https://webpro.twse.com.tw/WebPortal/vod/101/5F21CBBB3D86-75EFBA32-E29A-11EE-816E/?categoryId=101 ,"無","查詢"
"1905","華紙","113/05/14","14:00","永豐餘信誼大樓B1 (台北市重慶南路二段51號)","本公司舉辦法人說明會，說明2024年第一季營運結果","190520240514M001.pdf","190520240514E001.pdf","www.chp.com.tw",法說會影音連結資訊:https://irconference.twse.com.tw/1905_56_20240514_ch.mp4 交易所影音傳播網:https://webpro.twse.com.tw/webportal/vod/101/8FE8A3B3C55F-935F0B5A-11BF-11EF-B789/?categoryId=101 中華紙漿網站:https://www.chp.com.tw/tw/investors/conference ,"無","查詢"
"1905","華紙","113/08/14","14:00","永豐餘信誼大樓B1 (台北市重慶南路二段51號)","本公司舉辦法人說明會，說明2024年第二季營運結果","190520240814M001.pdf","190520240814E001.pdf","www.chp.com.tw",法說會影音連結資訊:https://irconference.twse.com.tw/1905_57_20240814_ch.mp4 華紙官網:https://www.chp.com.tw/investors/conference ,"無","查詢"
"1905","華紙","113/11/14","14:00","永豐餘信誼大樓B1 (台北市重慶南路二段51號)","本公司舉辦法人說明會，說明2024年第三季營運結果","190520241114M001.pdf","190520241114E001.pdf","www.chp.com.tw",法說會影音連結資訊:https://irconference.twse.com.tw/1905_58_20241114_ch.mp4 華紙官網:https://www.chp.com.tw/investors/conference ,"無","查詢"
"1906","寶隆","113/12/20","14:30","線上法說會","本公司受邀參加元大證券舉辦之法說會","190620241220M001.pdf","190620241220E001.pdf","https://www.baolongintl.com/B3005.asp",法說會影音連結資訊:https://www.baolongintl.com/UploadFile/IC/PL1131220.mp4 ,"無","查詢"
"1906","寶隆","113/09/13","14:30","線上法說會","本公司受邀參加元大證券舉辦之法說會","190620240913M001.pdf","190620240913E001.pdf","https://www.baolongintl.com/B3005.asp",法說會影音連結資訊:https://www.baolongintl.com/UploadFile/IC/PL-20240913.mp4 ,"無","查詢"
"1907","永豐餘","113/11/14","15:00","本公司B1（台北市重慶南路二段51號永豐信誼大樓）","本公司舉辦法人說明會，說明2024年度第三季營運結果","190720241114M001.pdf","190720241114E001.pdf","http://www.yfy.com",:未輸 法說會影音連結資訊:https://www.yfy.com/tw/investor_conference.html (請輸入網址名稱(註)):https://irconference.twse.com.tw/1907_78_20241114_ch.mp4 ,"無","查詢"
"1907","永豐餘","113/05/14","15:00","本公司B1（台北市重慶南路二段51號永豐信誼大樓）","本公司舉辦法人說明會，說明2024年度第一季營運結果","190720240514M001.pdf","190720240514E001.pdf","http://www.yfy.com",法說會影音連結資訊:https://www.yfy.com:1443/tw/investor_conference.html#video (請輸入網址名稱(註)):https://irconference.twse.com.tw/1907_76_20240514_ch.mp4 ,"無","查詢"
"1907","永豐餘","113/03/15","15:00","本公司B1（台北市重慶南路二段51號永豐信誼大棲）","本公司舉辦法人說明會，說明2023年度第四季營運結果","190720240315M001.pdf","190720240315E001.pdf","http://www.yfy.com",法說會影音連結資訊:https://www.yfy.com/tw/investor_conference.html#video ,"無","查詢"
"1907","永豐餘","113/08/14","15:00","本公司B1（台北市重慶南路二段51號永豐信誼大樓）","本公司舉辦法人說明會，說明2024年度第二季營運結果","190720240814M001.pdf","190720240814E001.pdf","http://www.yfy.com",法說會影音連結資訊:https://www.yfy.com/tw/investor_conference.html#video (請輸入網址名稱(註)):https://irconference.twse.com.tw/1907_77_20240814_ch.mp4 ,"無","查詢"
"1909","榮成","113/09/13","14:00","線上法說會","本公司受邀參加元大證券舉辦之線上法說會","190920240913M001.pdf","190920240913E001.pdf","http://longchenpaper.com/B6001.asp",法說會影音連結資訊:https://www.longchenpaper.com/file/UploadFile/IC/LC-20240913.mp4 ,"無","查詢"
"1909","榮成","113/12/20","14:00","線上法說會","本公司受邀參加元大證券舉辦之線上法說會","190920241220M002.pdf","190920241220E002.pdf","http://longchenpaper.com/B6001.asp",法說會影音連結資訊:https://www.longchenpaper.com/file/UploadFile/IC/LC1131220.mp4 ,"無","查詢"
"2002","中鋼","113/11/22","13:30","&#29319;亞會議中心(台北市松山區復興北路99號15樓)","本公司業務及財務相關資訊 (含部分截至113年10月份之自結財務資訊)","200220241120M001.pdf","200220241120E001.pdf","https://www.csc.com.tw/csc/ss/pst/pst_index.html",中文影音檔網址:2002_116_20241122_ch.mp4 ,"無","查詢"
"2002","中鋼","113/03/27","15:15","台北君悅酒店","本公司業務及財務相關資訊(含部分截至113年1月份之自結財務資訊)","200220240326M001.pdf","200220240326E001.pdf","https://www.csc.com.tw/csc/ss/pst/pst_index.html","","無","查詢"
"2002","中鋼","113/06/27","14:30","線上法說會","本公司業務及財務相關資訊(含部分截至113年5月份之自結財務資訊)","200220240626M001.pdf","200220240626E001.pdf","https://www.csc.com.tw/csc/ss/pst/pst_index.html",中文影音檔網址:2002_114_20240627_ch.mp4 ,"無","查詢"
"2002","中鋼","113/09/19","09:30","台北晶華酒店","本公司業務及財務相關資訊(含部分截至113年7月份之自結財務資訊)","200220240918M001.pdf","200220240918E001.pdf","https://www.csc.com.tw/csc/ss/pst/pst_index.html","","無","查詢"
"2006","東和鋼鐵","113/03/18","15:00","線上法說會","本公司受邀參加元大證券舉辦之線上法說會，報告本公司營運狀況","200620240318M001.pdf","200620240318E001.pdf","http://www.tunghosteel.com/Home/Index",中文影音檔網址:2006_16_20240318_ch.mp4 ,"無","查詢"
"2006","東和鋼鐵","113/06/17","15:00","線上法說會","本公司受邀參加康和證券舉辦之線上法說會，報告本公司營運狀況","200620240617M001.pdf","200620240617E001.pdf","https://www.tunghosteel.com/Home/Index",中文影音檔網址:2006_17_20240617_ch.mp4 ,"無","查詢"
"2006","東和鋼鐵","113/09/11","15:00","線上法說會","本公司受邀參加元大證券舉辦之線上法說會，報告本公司營運狀況","200620240911M001.pdf","200620240911E001.pdf","https://www.tunghosteel.com/Home/Index",中文影音檔網址:2006_18_20240911_ch.mp4 ,"無","查詢"
"2006","東和鋼鐵","113/12/11","15:00","線上法說會","本公司受邀參加元大證券舉辦之線上法說會，報告本公司營運狀況","200620241211M001.pdf","200620241211E001.pdf","https://www.tunghosteel.com/Home/Index",中文影音檔網址:2006_19_20241211_ch.mp4 ,"無","查詢"
"2007","燁興","113/12/18","14:00","燁興公司訓練教室(高雄市岡山區寶米路369號)","(1)公司簡介(2)營運概況(3) ESG永續發展(4)市場概況與未來展望","200720241218M001.pdf","200720241218E001.pdf","http://www.yheco.com.tw/",法說會影音連結資訊:http://www.yheco.com.tw/YH_Conference.asp ,"無","查詢"
"2007","燁興","113/09/20","14:00","燁興公司訓練教室(高雄市岡山區寶米路369號)","(1)公司簡介(2)營運概況(3)ESG永續發展(4)市場概況與未來展望","200720240920M001.pdf","200720240920E001.pdf","http://www.yheco.com.tw/index.asp",法說會影音連結資訊:http://www.yheco.com.tw/YH_Conference.asp ,"無","查詢"
"2008","高興昌","113/10/25","14:00","高雄市鼓山區中華一路318號(本公司二樓)","本公司113年1-6月業績說明","200820241024M001.pdf","200820241024E001.pdf","http://www.khc.com.tw",中文影音檔網址:2008_9_20241025_ch.mp4 英文影音檔網址:2008_9_20241025_en.mp4 ,"無","查詢"
"2009","第一銅","113/11/29","14:30","高雄市小港區沿海一路479號(本公司臨海工廠2樓會議室)","公開說明113年前三季營運狀況","200920241128M001.pdf","200920241128E001.pdf","https://www.fcht.com.tw/index.php?option=module&amp;lang=cht&amp;task=showlist&amp;id=46&amp;index=4",法說會影音連結資訊:https://www.youtube.com/watch?v=rHSHiASY4uI ,"無。","查詢"
"2009","第一銅","113/08/27","14:30","高雄市小港區沿海一路479號(本公司臨海工廠2樓會議室)","公開說明113年前二季營運狀況","200920240826M002.pdf","200920240826E002.pdf","https://www.fcht.com.tw/index.php?option=module&amp;lang=cht&amp;task=showlist&amp;id=46&amp;index=4",法說會影音連結資訊:https://www.youtube.com/watch?v=64ZFlgBHAfI ,"無。","查詢"
"2010","春源","113/03/19","14:30","臺灣證券交易所1F資訊展示中心(台北市信義區信義路五段7號1樓)","本公司業務及財務相關資訊","201020240319M001.ppt","201020240319E001.ppt","https://www.cysco.com.tw/investorzone-67-114-page117",法說會影音連結資訊:https://webpro.twse.com.tw/WebPortal/vod/101/E7EC82F4C811-1D56719B-E5C0-11EE-A5C9/?categoryId=101 ,"無","查詢"
"2012","春雨","113/09/19","16:00","線上法人說明會","本公司受邀參加元大證券舉辦之線上法人說明會，報告本公司營運狀況。","201220240916M001.pdf","201220240916E001.pdf","https://www.chunyu.com.tw/ChunyuPortalMIS/chunyu_www/1-5.htm",中文影音檔網址:2012_10_20240919_ch.mp4 ,"完整財務業務資訊請至公開資訊觀測站之法人說明會一覽表或法說會項目下查閱。","查詢"
"2012","春雨","113/12/26","14:00","線上法人說明會","本公司受邀參加康和證券舉辦之線上法人說明會，報告本公司營運狀況。","201220241223M002.pdf","201220241223E002.pdf","https://www.chunyu.com.tw/event-calendar/",中文影音檔網址:2012_11_20241226_ch.mp4 ,"完整財務業務資訊請至公開資訊觀測站之法人說明會一覽表或法說會項目下查閱。","查詢"
"2013","中鋼構","113/11/21","14:30","&#29319;亞會議中心(台北市松山區復興北路99號15樓)","本公司業務及財務相關資訊","201320241120M001.pdf","201320241120E001.pdf","https://www.cssc.com.tw/shareowner/index.htm",法說會影音連結資訊:https://youtu.be/5KBE009-6nk ,"無","查詢"
"2013","中鋼構","113/06/28","15:00","線上法說會","本公司業務及財務相關資訊","201320240627M001.pdf","201320240627E001.pdf","https://www.cssc.com.tw/shareowner/index.htm",中文影音檔網址:2013_12_20240628_ch.mp4 ,"無","查詢"
"2014","中鴻","113/11/22","15:20","&#29319;亞會議中心(台北市松山區復興北路99號15樓)","本公司業務及財務相關資訊","201420241120M001.pdf","201420241120E001.pdf","https://www.chsteel.com.tw/cg/ss_note.html",法說會影音連結資訊:https://youtu.be/n9SsJLLFLtI ,"無","查詢"
"2014","中鴻","113/03/19","14:00","線上法說會","本公司業務及財務相關資訊","201420240315M001.pdf","201420240315E001.pdf","https://www.chsteel.com.tw/cg/ss_note.html","","無","查詢"
"2014","中鴻","113/06/18","14:00","線上法說會","本公司業務及財務相關資訊","201420240614M001.pdf","201420240614E001.pdf","https://www.chsteel.com.tw/cg/ss_note.html",法說會影音連結資訊:https://www.chsteel.com.tw/cg/ss_note_2.html (請輸入網址名稱(註)):未輸 ,"無","查詢"
"2014","中鴻","113/09/25","14:00","線上法說會","本公司業務及財務相關資訊","201420240923M001.pdf","201420240923E001.pdf","https://www.chsteel.com.tw/cg/ss_note.html","","無","查詢"
"2015","豐興","113/01/30","14:00","線上法人說明會","本公司受邀參加國票綜合證券法人說明會","201520240129M001.pdf","201520240129E001.pdf","https://www.fenghsin.com.tw/",中文影音檔網址:2015_34_20240130_ch.mp4 ,"報名請洽國票綜合證券李小姐02-25288275 Email:anneli@ibfs.com.tw","查詢"
"2015","豐興","113/04/30","14:00","線上法人說明會","本公司受邀參加國票綜合證券法人說明會","201520240429M001.pdf","201520240429E001.pdf","https://www.fenghsin.com.tw/","","報名請洽國票綜合證券李小姐02-25288275 Email:anneli@ibfs.com.tw","查詢"
"2015","豐興","113/08/09","14:00","線上法人說明會","本公司受邀參加國票綜合證券法人說明會","201520240808M001.pdf","201520240808E001.pdf","https://www.fenghsin.com.tw/",中文影音檔網址:2015_36_20240809_ch.mp4 ,"報名請洽國票綜合證券李小姐02-25288275 Email:anneli@ibfs.com.tw","查詢"
"2015","豐興","113/11/08","14:00","線上法人說明會","本公司受邀參加國票綜合證券法人說明會","201520241107M001.pdf","201520241107E001.pdf","https://www.fenghsin.com.tw/","","報名請洽國票綜合證券李小姐02-25288275 Email:anneli@ibfs.com.tw","查詢"
"2017","官田鋼","113/06/06","14:30","線上會議","本公司受邀參加統一證券聯合法人說明會，會中就公司業務狀況說明。","201720240604M001.pdf","201720240604E001.pdf","",中文影音檔網址:2017_18_20240606_ch.mp4 ,"無","查詢"
"2017","官田鋼","113/03/21","14:00","線上會議","本公司受邀參加統一證券聯合法人說明會，會中就公司業務狀況說明。","201720240319M001.pdf","201720240319E001.pdf","",中文影音檔網址:2017_17_20240321_ch.mp4 ,"無","查詢"
"2017","官田鋼","113/11/28","14:30","線上會議","本公司受邀參加統一證券聯合法人說明會，會中就公司業務狀況說明。","201720241127M001.pdf","201720241127E001.pdf","",中文影音檔網址:2017_20_20241128_ch.mp4 ,"無","查詢"
"2017","官田鋼","113/09/26","14:30","線上會議","本公司受邀參加統一證券聯合法人說明會，會中就公司業務狀況說明。","201720240925M001.pdf","201720240925E001.pdf","",中文影音檔網址:2017_19_20240926_ch.mp4 ,"無","查詢"
"2020","美亞","113/06/05","14:00","線上法說會：https://youtube.com/live/2bTYzfzivsE?feature=share","自辦
本公司113年第一次財務業務相關資訊報告","202020240605M001.pdf","202020240605E001.pdf","http://www.mayer.com.tw/2014/07/blog-post_54.html",中文影音檔網址:2020_12_20240605_ch.mp4 ,"線上法說會電話:25091199網址:https://youtube.com/live/2bTYzfzivsE?feature=share","查詢"
"2020","美亞","113/12/24","14:00","線上法說會：https://youtube.com/live/B9LtlFNsqA4?feature=share","本公司113年第2次財務業務相關資訊報告","202020241224M001.pdf","202020241224E001.pdf","https://www.mayer.com.tw/zh-tw/investors_4",中文影音檔網址:2020_13_20241224_ch.mp4 ,"線上法說會電話:25091199網址:https://youtube.com/live/B9LtlFNsqA4?feature=share","查詢"
"2022","聚亨","113/11/26","14:00","高雄市岡山區新樂街79-1號聚亨公司一樓會議室","公司營運概況說明","202220241126M001.pdf","202220241126E001.pdf","https://www.tycons.com.tw",法說會影音連結資訊:https://www.tycons.com.tw/index.php?option=module&lang=cht&task=showlist&id=250&index=5 ,"無","查詢"
"2022","聚亨","113/06/18","14:00","高雄市岡山區新樂街79-1號聚亨公司一樓會議室","公司營運概況說明","202220240618M001.pdf","202220240618E001.pdf","https://www.tycons.com.tw",法說會影音連結資訊:https://www.tycons.com.tw/index.php?option=module&lang=cht&task=showlist&id=250&index=5 ,"無","查詢"
"2023","燁輝","113/08/27","14:00","燁輝公司行政大樓5樓(高雄市橋頭區芋寮路369號)","公司簡介、營運概況、永續發展、未來展望","202320240827M001.pdf","202320240827E001.pdf","https://www.yiehphui.com.tw/investor_conference/",法說會影音連結資訊:https://www.yiehphui.com.tw/investor_conference/ ,"無","查詢"
"2023","燁輝","113/12/05","14:00","燁輝公司行政大樓5樓(高雄市橋頭區芋寮路369號)","公司簡介、營運概況、永續發展、未來展望","202320241205M001.pdf","202320241205E001.pdf","https://www.yiehphui.com.tw/investor_conference/",法說會影音連結資訊:https://www.yiehphui.com.tw/investor_conference/ ,"無","查詢"
"2024","志聯","113/12/11","14:30","線上法人說明會","群益金鼎證券於113年12月11日舉辦之線上法人說明會，公司簡介與營運狀況說明。","202420241211M002.pdf","202420241211E002.pdf","http://www.chihlien.com.tw",中文影音檔網址:2024_9_20241211_ch.mp4 ,"完整財務業務資訊請至公開資訊觀測站之法人說明會一覽表","查詢"
"2025","千興","113/12/13","15:00","台南市麻豆區工業路222號(本公司)","公司簡介、營運概況、財務狀況及未來展望說明","202520241212M001.pdf","202520241212E001.pdf","http://www.csssc.com.tw/about_InvestorConference.htm",法說會影音連結資訊:http://www.csssc.com.tw/tw/about_InvestorConference.htm ,"會議資料將於法說會後揭露於公開資訊觀測站","查詢"
"2027","大成鋼","113/11/26","14:00","線上法說會","本公司受邀參加統一證券舉辦之線上法人說明會，說明公司業務
及營運概況。","202720241126M001.pdf","202720241126E001.pdf","https://www.tachen.com.tw/invest.asp",中文影音檔網址:2027_12_20241126_ch.mp4 ,"無","查詢"
"2028","威致","113/08/29","14:30","福邦證券總公司(台北市忠孝西路一段6號7樓)","本公司受邀福邦證券舉辦之法人說明會，說明本公司簡介及營運概況。","202820240827M001.pdf","202820240827E001.pdf","http://www.weichih.com.tw",中文影音檔網址:2028_8_20240829_ch.MP4 ,"完整財務業務資訊請至公開資訊觀測站之法人說明會一覽表或法說會項目下查閱。","查詢"
"2028","威致","113/12/05","15:00","線上法人說明會","本公司受邀福邦證券舉辦之線上法人說明會，說明本公司簡介及營運概況。","202820241204M001.pdf","202820241204E001.pdf","http://www.weichih.com.tw",中文影音檔網址:2028_9_20241205_ch.mp4 ,"無","查詢"
"2029","盛餘","113/06/26","14:00","線上法說會","本公司受邀參加國泰證券舉辦之線上法人說明會，說明本公司營運概況。","202920240625M001.pdf","202920240625E001.pdf","https://www.shengyusteel.com",中文影音檔網址:2029_18_20240626_ch.mp4 ,"無","查詢"
"2029","盛餘","113/03/27","14:00","線上法說會","本公司受邀參加華南永昌證�麥|辦之線上法人說明會，說明本公司營運概況。","202920240326M001.pdf","202920240326E001.pdf","https://www.shengyusteel.com",中文影音檔網址:2029_17_20240327_ch.mp4 ,"無","查詢"
"2029","盛餘","113/12/25","14:00","線上法說會","本公司受邀參加國泰證券舉辦之線上法人說明會，說明本公司營運概況。","202920241224M001.pdf","202920241224E001.pdf","https://www.shengyusteel.com","","無","查詢"
"2029","盛餘","113/09/25","14:00","線上法說會","本公司受邀參加元大證券舉辦之線上法人說明會，說明本公司營運概況。","202920240924M001.pdf","202920240924E001.pdf","https://www.shengyusteel.com",中文影音檔網址:2029_19_20240925_ch.mp4 ,"無","查詢"
"2030","彰源","113/05/30","14:30","台北市信義區信義路五段7號1樓 (臺灣證券交易所1F資訊展示中心)","公司簡介與營運狀況說明","203020240529M001.pdf","203020240529E001.pdf","http://www.froch.com.tw/TCHI/Investor_Service.php",同步收看網址：:https://webpro.twse.com.tw/webportal/?liveChannelId=1 法說會影音連結資訊:https://webpro.twse.com.tw/webportal/vod/101/572F0990CEA6-DC4055C0-1E52-11EF-A7B8/?categoryId=101 ,"無。","查詢"
"2030","彰源","113/09/26","14:30","線上法人說明會","說明公司簡介與營運狀況說明。
請於113/09/26下午14：00準時入場
當日Google Meet會議連線代碼oxk-ppce-wrx
會議連結https://meet.google.com/oxk-ppce-wrx","203020240926M001.pdf","203020240926E001.pdf","http://www.froch.com.tw/TCHI/Investor_Service.php",中文影音檔網址:2030_9_20240926_ch.mp4 ,"無。","查詢"
"2031","新光鋼","113/08/20","09:00","線上法說會(台灣)","本公司受邀參加由寬量國際主辦之線上法說會「半導體供應鏈與再生能源線上投資論壇」，說明本公司之營運概況、財務及業務相關資訊。","203120240819M001.pdf","203120240819E001.pdf","https://www.hkssteel.com.tw","","無。","查詢"
"2031","新光鋼","113/12/25","14:00","線上法人說明會","本公司受邀參加統一證券舉辦之線上法說會，說明本公司營運狀況及產業動向相關資訊","203120241225M001.pdf","203120241225E001.pdf","https://www.hkssteel.com.tw/fin_note.html",中文影音檔網址:2031_16_20241225_ch.mp4 ,"無","查詢"
"2032","新鋼","113/01/22","14:30","台灣證券交易所1樓資訊展示中心","本公司營運概況及成果說明。","203220240122M001.pdf","203220240122E001.pdf","https://www.sinkang.com.tw/investor-69",法說會影音連結資訊:https://webpro.twse.com.tw/webportal/vod/101/D5A48759DF86-F880DE78-B8F4-11EE-8BD2/?categoryId=101 ,"無","查詢"
"2033","佳大","113/12/13","15:00","線上法說會。","本公司受邀參加元大證券舉辦之線上法說會，報告本公司營運狀況。","203320241217M001.pptx","203320241217E001.pptx","http://www.ctworld.com.tw/",中文影音檔網址:2033_8_20241213_ch.mp4 ,"無。","查詢"
"2034","允強","113/12/11","13:30","台北晶華酒店4F(台北市中山北路二段39巷3號)","受邀請參加永豐金證券2024年第四季產業論壇","203420241211M001.pdf","203420241211E001.pdf","https://www.ycinox.com/tw/ir/ir-233-2024-2024",法說會影音連結資訊:https://youtu.be/QXizwExoI5o ,"無","查詢"
"2038","海光","113/11/26","14:00","https://www.youtube.com/live/YMDoH9b_XYw","本公司舉辦113年法人說明會，於會中說明營業概況。","203820241126M001.pdf","203820241126E001.pdf","https://www.haikwang.com.tw/h/index?key=986075855303",同步收看網址：:https://www.youtube.com/live/YMDoH9b_XYw 法說會影音連結資訊:https://www.youtube.com/live/YMDoH9b_XYw ,"無","查詢"
"2049","上銀","113/05/10","14:00","網址：http://www.zucast.com/webcast/mLTruhKs","1.營運狀況 2.Q&amp;A","204920240510M001.pdf","204920240510E001.pdf","http://www.hiwin.tw",同步收看網址：:http://www.zucast.com/webcast/mLTruhKs 法說會影音連結資訊:https://www.hiwin.tw/stock/stock_video.aspx ,"無","查詢"
"2049","上銀","113/11/12","14:30","台北市忠孝東路一段12號B2(台北喜來登飯店祿廳)","1.營運狀況 2.Q&amp;A","204920241112M001.pdf","204920241112E001.pdf","http://www.hiwin.tw",法說會影音連結資訊:https://www.hiwin.tw/stock/stock_video.aspx ,"無","查詢"
"2059","川湖","113/05/08","14:00","線上法說會","本公司受邀參加由元大證券舉辦之線上法說會，說明本公司之營運概況、財務及業務相關資訊。","205920240507M001.pdf","205920240507E001.pdf","https://www.kingslide.com/",中文影音檔網址:2059_61_20240508_ch.mp4 ,"無","查詢"
"2059","川湖","113/02/23","14:00","線上法說會","本公司受邀參加由元大證券舉辦之線上法說會，說明本公司之營運概況、財務及業務相關資訊。","205920240223M001.pdf","205920240223E001.pdf","https://www.kingslide.com/",中文影音檔網址:2059_59_20240223_ch.mp4 ,"無","查詢"
"2059","川湖","113/03/21","09:00","台北君悅酒店","本公司受邀參加美林證券舉辦之法人說明會「2024 APAC TMT Conference」，說明本公司之營運概況、財務及業務相關資訊。","205920240320M001.pdf","205920240320E001.pdf","https://www.kingslide.com/","","無","查詢"
"2059","川湖","113/11/19","09:00","台北君悅酒店","本公司受邀參加麥格理證券(Macquaire) 舉辦之「Taiwan Conference: Tech and Beyond 2024」，說明本公司之營運概況、財務及業務相關資訊。","205920241107M001.pdf","205920241107E001.pdf","https://www.kingslide.com/","","無","查詢"
"2059","川湖","113/11/26","09:00","台北香格里拉酒店","本公司受邀參加花旗證券(Citi) 舉辦之「Citi&#039;s 2024 Taiwan Corporate Day」，說明本公司之營運概況、財務及業務相關資訊。","205920241107M001.pdf","205920241107E001.pdf","https://www.kingslide.com/","","無","查詢"
"2059","川湖","113/11/12","09:00","台北香格里拉酒店","本公司受邀參加里昂證券(CLSA) 舉辦之「Taiwan Market Mover 2025 Access Day」，說明本公司之營運概況、財務及業務相關資訊。","205920241107M001.pdf","205920241107E001.pdf","https://www.kingslide.com/","","無","查詢"
"2059","川湖","113/11/25","11:00","台北101, 88F","本公司受邀參加摩根史丹利證券(Morgan Stanley) 舉辦之「Post AP summit Taiwan Tech trip 2024」，說明本公司之營運概況、財務及業務相關資訊。","205920241107M001.pdf","205920241107E001.pdf","https://www.kingslide.com/","","無","查詢"
"2059","川湖","113/06/07","09:00","台北W飯店","本公司受邀參加花旗環球證券(Citi) 舉辦之「2024 Taiwan Tech 
Conference」，說明本公司之營運概況、財務及業務相關資訊。","205920240606M001.pdf","205920240606E001.pdf","https://www.kingslide.com/","","無","查詢"
"2059","川湖","113/09/03","09:00","台北君悅酒店","本公司受邀參加高盛證券(Goldman Sachs) 舉辦之「Goldman Sachs Taiwan Corporate Day 2024」，說明本公司之營運概況、財務及業務相關資訊。","205920240830M002.pdf","205920240830E002.pdf","https://www.kingslide.com/","","無","查詢"
"2059","川湖","113/08/07","14:00","線上法說會","本公司受邀參加由富邦證券舉辦之線上法說會，說明本公司之營運概況、財務及業務相關資訊。","205920240807M001.pdf","205920240807E001.pdf","https://www.kingslide.com/",中文影音檔網址:2059_63_20240807_ch.mp4 ,"無","查詢"
"2059","川湖","113/11/07","14:00","線上法說會","本公司受邀參加由富邦證券舉辦之線上法說會，說明本公司之營運概況、財務及業務相關資訊。","205920241107M001.pdf","205920241107E001.pdf","https://www.kingslide.com/",中文影音檔網址:2059_66_20241107_ch.mp4 ,"無","查詢"
"2059","川湖","113/09/02","09:00","台北東方文華酒店","本公司受邀參加摩根史丹利證券(Morgan Stanely) 舉辦之「Morgan Stanley’s Taiwan AI Forum 2024」，說明本公司之營運概況、財務及業務相關資訊。","205920240830M001.pdf","205920240830E001.pdf","https://www.kingslide.com/","","無","查詢"
"2062","橋椿","113/11/12","14:00","臺中市大雅區科雅路11號","(1)公司基本介紹 (2)公司成長策略","206220241111M001.pdf","206220241111E001.pdf","http://www.sunspring.com.tw/stock.html","","本次法人說明會由統一證券主辦。","查詢"
"2062","橋椿","113/06/25","14:00","臺中市大雅區科雅路11號","(1)公司基本介紹 (2)公司成長策略","206220240624M001.pdf","206220240624E001.pdf","http://www.sunspring.com.tw/stock.html",中文影音檔網址:2062_60_20240625_ch.mp4 ,"本次法人說明會由華南永昌證券主辦。","查詢"
"2062","橋椿","113/03/18","14:00","台中市西屯區市政路386號22樓","(1)公司基本介紹
(2)公司成長策略","206220240315M001.pdf","206220240315E001.pdf","http://www.sunspring.com.tw/stock.html",中文影音檔網址:2062_59_20240318_ch.mp4 ,"本次法人說明會由統一證券主辦。","查詢"
"2069","運錩","113/11/21","14:00","高雄市前鎮區中山二路2號9樓之1(大眾財經大樓)","本公司受邀參加台新證券舉辦之法人說明會，說明營運概況。","206920241120M001.pdf","206920241120E001.pdf","http://www.yuenchang.com.tw/",中文影音檔網址:2069_10_20241121_ch.MP4 ,"無","查詢"
"2072","世紀風電","113/06/06","15:40","台北晶華酒店4F(台北市中山北路二段39巷3號)","本公司受邀參加永豐金證券2024年第二季產業論壇","207220240605M001.pdf","207220240605E001.pdf","http://www.cwptw.com/tw/report/32/","","無","查詢"
"2072","世紀風電","113/12/18","14:30","新北市八里區下罟里5鄰中山路3段388之5號(世紀風電)","本公司受邀參加永豐金證券舉辦之法人說明會，簡報本公司營運成果及未來展望","207220241217M001.pdf","207220241217E001.pdf","https://www.cwptw.com/tw/report/32/","","法說會地點位於台北港管制區，要參加者請務必事先向永豐金證券報名。","查詢"
"2101","南港","113/11/28","14:00","線上法說會","本公司受邀參加元大證券舉辦之線上法說會","210120241127M001.pdf","210120241127E001.pdf","https://www.nankang-tyre.com/investors/shareholder/legal",中文影音檔網址:2101_19_20241128_ch.mp4 ,"完整財務業務資訊請至公開資訊觀測站之法人說明會一覽表或法說會項目下查閱。","查詢"
"2102","泰豐","113/10/17","14:00","線上法說會","本公司受邀參加元大證券所舉辦之線上法說會","210220241017M001.pptx","210220241017E001.pptx","https://federalcorporation.com.tw/tc/Presentations.php",中文影音檔網址:2102_9_20241017_ch.mp4 ,"無","查詢"
"2103","台橡","113/11/13","14:00","臺灣證券交易所一樓資訊展示中心 (台北市信義區信義路五段7號1樓)","說明其2024年前三季營運表現、2025年業務展望，並更新重大專案執行進度。","210320241113M001.pdf","210320241113E001.pdf","http://www.tsrc.com.tw",法說會影音連結資訊:https://webpro.twse.com.tw/webportal/vod/101/4F9CE0A5F132-3542DA64-A194-11EF-97A4/?categoryId=101 ,"無","查詢"
"2103","台橡","113/05/23","15:00","線上法說會","本公司擬於 113 年 5 月 23 日召開線上法人說明會，回顧其營運表

現、提供 2024 年市場展望，並更新中長期計畫執行進度。欲參加者可透過網路連接下列網
址參加: https://zoom.us/j/92225842907 
建議事先下載最新版 Zoom 或以網頁瀏覽器加入會議（網路研討會 ID－922 2584 
2907）。","210320240523M001.pdf","210320240523E001.pdf","http://www.tsrc.com.tw",法說會影音連結資訊:https://www.youtube.com/watch?v=Kl0R9GtKTj0 ,"參加者若有法人說明會相關問題，敬請以「問與答」功能輸入方式提問，本公司將統一回覆","查詢"
"2104","國際中橡","113/11/22","14:30","實體(採實名報名制)法說會，實體法說會地點:台北市中山北路2段113號3樓士敏廳。","公司簡介、所屬產業概況、營運成果及未來展望說明","210420241122M002.pdf","210420241122E002.pdf","http://www.csrcgroup.com/investors2.html?lang=tw",法說會影音連結資訊:http://www.csrcgroup.com/investors2.html?lang=tw ,"法說會報名網址：https://www.tccgroupholdings.com/tw/investorsSignUp.html","查詢"
"2105","正新","113/03/20","14:00","本公司新辦公大樓B2(彰化縣大村鄉美港路215號)","公告本公司召開2023年度營運成果法人說明會","210520240319M001.pdf","210520240319E001.pdf","https://www.cst.com.tw/shareholder_8.php",法說會影音連結資訊:https://www.youtube.com/watch?v=hr4TEsCkZEU ,"欲參加者，請前往本公司網頁報名。(http://www.cst.com.tw/news.php?cID=3 )","查詢"
"2105","正新","113/08/27","14:00","台北市中正區寶慶路69號4樓","本公司受邀參加元大證券舉辦之產業座談會，說明本公司113年第2季營運狀況及財務資訊","210520240826M001.pdf","210520240826E001.pdf","https://www.cst.com.tw/shareholder_8.php",法說會影音連結資訊:https://youtu.be/iE04X_o3tlA?si=a_B_2pNqRdO8pK3u ,"無。","查詢"
"2106","建大","113/06/12","09:30","晶華酒店4F萬象廳（台北市中山北路二段39巷3號4F）","公告本公司受邀參加元大證券第二季投資論壇","210620240607M001.pdf","210620240607E001.pdf","https://www.esg.kenda.com.tw/%E6%B3%95%E4%BA%BA%E8%AA%AA%E6%98%8E%E6%9C%83",法說會影音連結資訊:https://youtu.be/60YUYcTuQNM ,"無","查詢"
"2106","建大","113/12/05","14:35","台北香格里拉遠東國際大飯店B1(台北市敦化南路二段201號)","公告本公司受邀參加國泰證券2024年第四季產業論壇","210620241204M001.pdf","210620241204E001.pdf","https://www.esg.kenda.com.tw/%E6%B3%95%E4%BA%BA%E8%AA%AA%E6%98%8E%E6%9C%83",法說會影音連結資訊:https://www.youtube.com/watch?v=O1H5LIZAoxo&list=PLdbdmAjTXIoZmEJFD7JgXHa6aYhTo0KkY&index=4 ,"無","查詢"
"2107","厚生","113/12/03","14:30","台灣證券交易所1F資訊展示中心 (台北市信義區信義路五段7號1樓)","說明本公司營運及財務相關概況。","210720241203M001.pdf","210720241203E001.pdf","http://www.frg.com.tw/m/st-cg37.html",法說會影音連結資訊:https://webpro.twse.com.tw/WebPortal/vod/101/DD82882FEA3C-0F122920-B146-11EF-9A37/?categoryId=101 ,"14:00報到，14:30會議開始。","查詢"
"2108","南帝","113/03/22","14:00","台北市重慶南路一段2號18樓","公告本公司召開法人說明會","210820240321M001.pptx","210820240321E001.pptx","http://www.nantex.com.tw",中文影音檔網址:2108_8_20240322_ch.mp4 ,"無","查詢"
"2108","南帝","113/08/23","14:00","台北市寶慶路69號4樓","本公司受邀參加元大證券公司舉辦之法人說明會","210820240822M002.pptx","210820240822E002.pptx","http://www.nantex.com.tw",中文影音檔網址:2108_9_20240823_ch.mp4 ,"無","查詢"
"2109","華豐","113/12/05","15:00","線上法說會","本公司受邀參加群益金鼎證券舉辦之法人說明會","210920241205M001.pdf","210920241205E001.pdf","https://www.duro.com.tw/tw/investor/institutional-investors-conference/",中文影音檔網址:2109_8_20241205_ch.mp4 ,"無。","查詢"
"2114","鑫永銓","113/12/20","14:30","德信綜合證券(台北市新生南路一段50號3樓)","本公司受邀參加德信綜合證券舉辦之法人說明會","211420241220M001.pdf","211420241220E001.pdf","http://www.hyc-king.com",中文影音檔網址:2114_26_20241220_ch.mp4 ,"無","查詢"
"2115","六暉-KY","113/11/07","14:30","宏遠證券總公司702會議廳(台北市大安區信義路四段236號7樓)","本公司受邀參加宏遠證券舉辦之法人說明會，會中就財務業務概況做說明","211520241106M001.pdf","211520241106E001.pdf","https://www.luhai.com.tw/ch/investor_detail.asp?id=3",法說會影音連結資訊:https://www.youtube.com/watch?v=pb7ggBOBRZ0 ,"無","查詢"
"2201","裕隆","113/04/17","13:30","線上法說會","本公司受邀參加富邦證券舉辦之線上法說會，會中介紹本公司2023年度營運成果報告","220120240417M001.pdf","220120240417E001.pdf","https://www.yulon-motor.com.tw/investors_operational.aspx",中文影音檔網址:2201_36_20240417_ch.mp4 ,"報名請洽富邦證券法人業務部 tingju.yeh@fubon.com","查詢"
"2201","裕隆","113/11/20","13:30","線上法說會","本公司受邀參加富邦證券舉辦之線上法說會，會中介紹本公司2024年度第三季營運成果報告","220120241120M001.pdf","220120241120E001.pdf","https://www.yulon-motor.com.tw/investors_operational.aspx","","報名請洽富邦證券法人業務部 tingju.yeh@fubon.com","查詢"
"2201","裕隆","113/05/22","13:30","線上法說會","本公司受邀參加富邦證券舉辦之線上法說會，會中介紹本公司2024年度第一季營運成果報告","220120240522M001.pdf","220120240522E001.pdf","https://www.yulon-motor.com.tw/investors_operational.aspx","","報名請洽富邦證券法人業務部 tingju.yeh@fubon.com","查詢"
"2201","裕隆","113/08/28","15:30","線上法說會","本公司受邀參加富邦證券舉辦之線上法說會，會中介紹本公司2024年度第二季營運成果報告","220120240828M001.pdf","220120240828E001.pdf","https://www.yulon-motor.com.tw/investors_operational.aspx",中文影音檔網址:2201_38_20240828_ch.mp4 ,"報名請洽富邦證券法人業務部 tingju.yeh@fubon.com","查詢"
"2204","中華","113/11/21","14:20","線上法人說明會","(1) CMC 2024年經營成果
(2) CMC 2024年及2025年營運展望","220420241121M001.pdf","220420241121E001.pdf","https://www.china-motor.com.tw/opetation.php",法說會影音連結資訊:https://www.youtube.com/watch?v=nztDzl3eQxs ,"報名請洽富邦法人業務部tingju.yeh@fubon.com","查詢"
"2204","中華","113/05/22","15:10","線上法人說明會","(1)中華汽車2024年Q1經營成果
(2)中華汽車2024年Q2營運展望","220420240522M001.pdf","220420240522E001.pdf","https://www.china-motor.com.tw/opetation.php",法說會影音連結資訊:https://www.youtube.com/watch?v=299ZZro6kWE ,"報名請洽富邦法人業務部tingju.yeh@fubon.com","查詢"
"2204","中華","113/04/17","14:20","線上法人說明會","1.中華汽車2023年經營成果
2.中華汽車2024年營運展望","220420240417M001.pdf","220420240417E001.pdf","https://www.china-motor.com.tw/opetation.php",法說會影音連結資訊:https://www.youtube.com/watch?v=aqgnJu4owk4 ,"報名請洽富邦法人業務部tingju.yeh@fubon.com","查詢"
"2204","中華","113/08/26","13:30","線上法人說明會","(1)中華汽車2024年上半年經營成果
(2)中華汽車品牌經營成果及營運展望","220420240826M001.pdf","220420240826E001.pdf","https://www.china-motor.com.tw/opetation.php",法說會影音連結資訊:https://www.youtube.com/watch?v=4xcoCbrcuvI ,"報名請洽富邦法人業務部tingju.yeh@fubon.com","查詢"
"2206","三陽工業","113/04/22","14:00","線上法說會(台灣)","本公司受邀參加由寬量國際主辦之線上法說會「15th Taiwan CEO Week」，說明本公司之營運概況、財務及業務相關資訊。","220620240419M001.pdf","220620240419E001.pdf","https://www.sanyang.com.tw/earningscall-page494",中文影音檔網址:2206_13_20240422_ch.mp4 ,"無。","查詢"
"2206","三陽工業","113/10/30","10:10","線上法說會(台灣)","本公司受邀參加由寬量國際主辦之線上法說會「16th QIC CEO Week」，說明本公司之營運概況、財務及業務相關資訊。","220620241029M001.pdf","220620241029E001.pdf","https://www.sanyang.com.tw/earningscall-page494",中文影音檔網址:2206_14_20241030_ch.mp4 ,"無。","查詢"
"2207","和泰車","113/11/27","14:30","台北市中山區建國北路一段96號B1會議室","說明本公司2024年Q3營運成果及未來展望","220720241127M001.pdf","220720241127E001.pdf","http://www.hotaimotor.com.tw","","報名請洽 https://reurl.cc/MjnNv3","查詢"
"2207","和泰車","113/03/29","14:30","台北市中山區建國北路一段96號B1會議室","說明本公司2023年營運成果及未來展望","220720240329M001.pdf","220720240329E001.pdf","http://www.hotaimotor.com.tw",法說會影音連結資訊:https://drive.google.com/file/d/1TjFg4ls7yVjO2yx4ZZYhvTiQeIk6p3AN/view?usp=drive_link ,"報名請洽 https://tswww.tssco.com.tw/conference/?seqno=161","查詢"
"2207","和泰車","113/06/05","14:30","台北巿中山區建國北路一段96號13樓","說明本公司2024年Q1營運成果及未來展望","220720240605M001.pdf","220720240605E001.pdf","http://www.hotaimotor.com.tw",法說會影音連結資訊:https://drive.google.com/file/d/17p1HvoCqkxZk3fIxxBqtVXnTbS_DaTdS/view?usp=sharing ,"報名請洽 https://tswww.tssco.com.tw/conference/?seqno=178","查詢"
"2207","和泰車","113/08/28","14:30","台北市中山區建國北路一段96號B1會議室","說明本公司2024年Q2營運成果及未來展望","220720240828M001.pdf","220720240828E001.pdf","http://www.hotaimotor.com.tw",法說會影音連結資訊:https://reurl.cc/XREgZ7 ,"報名請洽 https://reurl.cc/E6X6ng","查詢"
"2208","台船","113/02/21","14:30","線上法說會","業務及財務報告","220820240221M001.pdf","220820240221E001.pdf","http://www.csbcnet.com.tw/Service/Investor/StockInformation.htm",中文影音檔網址:2208_8_20240221_ch.mp4 ,"無","查詢"
"2211","長榮鋼","113/11/28","14:30","財團法人張榮發基金會國際會議中心10樓會議廳(台北市中山南路11號)","本公司受邀參加由凱基證券舉辦之法人說明會，說明公司營運之現況及未來發展。","221120241128M001.pdf","221120241128E001.pdf","https://www.evergreennet.com/customPage/法人說明會簡報資料",法說會影音連結資訊:https://youtu.be/TAJvKsJt0v0 ,"無","查詢"
"2211","長榮鋼","113/05/15","14:30","線上法人說明會","本公司受邀參加由凱基證券舉辦之線上法人說明會，說明公司營運之現況及未來發展。","221120240515M001.pdf","221120240515E001.pdf","https://www.evergreennet.com/customPage/法人說明會簡報資料",法說會影音連結資訊:https://youtu.be/_2ptjcRIQ3k ,"無","查詢"
"2227","裕日車","113/11/21","16:00","線上法說會","公司營運狀況說明","222720241121M001.pdf","222720241121E001.pdf","https://new.nissan.com.tw/nissan/brand/investors#/investorconf",中文影音檔網址:2227_24_20241121_ch.mp4 ,"報名請洽富邦證券法人業務部 tingju.yeh@fubon.com","查詢"
"2227","裕日車","113/05/22","14:20","線上法說會","公司營運狀況說明","222720240522M003.pdf","222720240522E003.pdf","http://www.nissan.com.tw",中文影音檔網址:2227_23_20240522_ch.mp4 ,"報名請洽富邦證券法人業務部 tingju.yeh@fubon.com","查詢"
"2228","劍麟","113/03/27","14:00","集思北科大會議中心(台北市大安區忠孝東路三段1號2樓)","受邀參加凱基證券與IR Trust共同舉辦「2024年探索全球景氣新投資亮點主題式論壇」，說明本公司營運狀況，報名請洽IR Trust Sandy (02)2585-5701。","222820240326M001.pdf","222820240326E001.pdf","http://www.ironforce.com.tw/",中文影音檔網址:2228_24_20240327_ch.mp4 ,"無","查詢"
"2228","劍麟","113/06/06","14:30","台北晶華酒店4樓(台北市中山北路二段39巷3號)","受邀參加永豐金證券「2024年第二季產業論壇」，說明本公司營運狀況，
報名請洽永豐金證券法人業務部 謝小姐 betty.hsieh@sinopac.com。","222820240604M001.pdf","222820240604E001.pdf","www.irf.biz",中文影音檔網址:2228_25_20240606_ch.mp4 ,"無","查詢"
"2228","劍麟","113/09/11","14:30","台北晶華酒店4樓(台北市中山北路二段39巷3號)","受邀參加永豐金證券「2024年第三季產業論壇」，說明本公司營運狀況， 報名請洽永豐金證券法人業務部 謝小姐 betty.hsieh@sinopac.com。","222820240910M001.pdf","222820240910E001.pdf","www.irf.biz",法說會影音連結資訊:未輸 ,"無","查詢"
"2228","劍麟","113/12/11","14:30","台北晶華酒店4樓(台北市中山北路二段39巷3號)","邀參加永豐金證券「2024年第四季產業論壇」，說明本公司營運狀況， 報名請洽永豐金證券法人業務部 謝小姐 betty.hsieh@sinopac.com。","222820241212M001.pdf","222820241212E001.pdf","www.irf.biz",法說會影音連結資訊:未輸 ,"無","查詢"
"2231","為升","113/06/12","09:30","台北晶華酒店4F","受邀參加元大證券辦理之第二季投資論壇","223120240611M001.pdf","223120240611E001.pdf","https://www.cubelec.com.tw/conference.php",中文影音檔網址:2231_39_20240612_ch.mp4 ,"無","查詢"
"2231","為升","113/12/17","14:30","台北市民生東路四段54號4F","受邀出席華南永昌證券舉辦之法人說明會","223120241216M001.pdf","223120241216E001.pdf","https://www.cubelec.com.tw/conference.php","","無","查詢"
"2233","宇隆","113/11/20","14:30","國票金控大樓(台北市中山區樂群三路128號7樓)","本公司受邀參加國票綜合證券舉辦之法人說明會，說明本公司營運概況以及未來展望。","223320241119M001.pdf","223320241119E001.pdf","https://www.turvo.com.tw/webls-zh-tw/index.html",中文影音檔網址:2233_42_20241120_ch.MP4 ,"報名請洽國票綜合證券陳小姐02-25288272 / E-mail: cherry18@ibfs.com.tw","查詢"
"2233","宇隆","113/02/29","14:00","第一金證券(台北市中山區長安東路一段22號7樓)","本公司受邀參加第一金證券舉辦之法人說明會，說明本公司營運概況以及未來展望。","223320240227M001.pdf","223320240227E001.pdf","https://www.turvo.com.tw/webls-zh-tw/index.html","","無","查詢"
"2233","宇隆","113/03/20","13:00","國票綜合證券股份有限公司(台北市松山區南京東路五段188號15樓)","本公司受邀參加國票證券舉辦之法人說明會，說明本公司營運概況以及未來展望。","223320240318M001.pdf","223320240318E001.pdf","https://www.turvo.com.tw/webls-zh-tw/index.html","","無","查詢"
"2236","百達-KY","113/12/31","14:30","台北市中山區建國北路一段96號B1樓","本公司受邀參加台新綜合證券股份有限公司舉辦之法人說明會，就本公司產業狀況及已公開財報、業務等相關資訊做說明。","223620241231M001.pptx","223620241231E001.pptx","http://www.patec-intl.com/big5/investorrel_news.php",中文影音檔網址:2236_19_20241231_ch.mp4 ,"無","查詢"
"2239","英利-KY","113/09/11","14:30","富邦南京大樓5樓(台北市南京東路二段111號5樓)","本公司受邀參加富邦證券舉辦之法人說明會，說明本公司之營運概況、財務及業務相關資訊。","223920240911M001.pdf","223920240911E001.pdf","https://www.engley.com.tw/downloadserr/id/66/n/43",法說會影音連結資訊:https://youtu.be/egzJ4NAL6lo ,"完整財務業務資訊請至公開資訊觀測站之法人說明會一覽表或法說會項目下查閱。","查詢"
"2241","艾姆勒","113/09/05","14:30","台北市中正區寶慶路69號4樓","本公司受邀元大證券舉辦法說會，說明本公司113年第2季營運狀況及財務資訊","224120240905M001.pdf","224120240905E001.pdf","https://www.amulaire.com/invest/stock",中文影音檔網址:2241_34_20240905_ch.mp4 ,"無","查詢"
"2243","宏旭-KY","113/11/14","14:30","台北市松山區東興路8號B2 B203會議室(統一證券大樓)","本公司受邀參加統一綜合證券舉辦之法說會，說明本公司之公司概況、行業動向及集團發展相關資訊。","224320241113M001.pptx","224320241113E001.pptx","",法說會影音連結資訊:https://drive.google.com/file/d/1VJ9OYQjSZftYWwvAuhKRF65hwgCqyBPi/view?usp=drivesdk ,"無。","查詢"
"2247","汎德永業","113/03/26","14:00","線上法人說明會","本公司受邀參加永豐金證券所舉辦之線上法人說明會","224720240325M001.pdf","224720240325E001.pdf","https://www.pgum.com.tw/investors/information/investor-conference/",法說會影音連結資訊:https://youtu.be/hr09KsUCyro?si=CrWfffDlodKDRlpT (請輸入網址名稱(註)):未輸 ,"無。","查詢"
"2247","汎德永業","113/12/19","14:00","線上法人說明會","本公司受邀參加元大證券所舉辦之線上法人說明會","224720241219M001.pdf","224720241219E001.pdf","https://www.pgum.com.tw/investors/information/investor-conference/",法說會影音連結資訊:https://youtu.be/RorsqCBTm3k?si=saTgjeHF7dCi_TWB ,"無","查詢"
"2248","華勝-KY","113/12/26","14:30","臺北市中山區樂群三路128號","本公司受邀&#21442;加國票證券舉辦之法人說明會","224820241227M001.pdf","224820241227E001.pdf","","","無","查詢"
"2250","IKKA-KY","113/09/18","15:00","KGI凱基證券總部大樓12樓
(台北市明水路700號)","本公司受邀參加凱基證券所舉辦之法說會","225020240918M001.pdf","225020240918E001.pdf","",中文影音檔網址:2250_5_20240918_ch.mp4 ,"無","查詢"
"2254","巨鎧精密-創","113/08/28","11:20","臺北文創6樓 (臺北市信義區菸廠路88號6樓)","本公司受邀參加2024台灣創投年會法人說明會，向投資人說明本公司之財務及業務相關資訊","225420240827M001.pdf","225420240827E001.pdf","https://www.coplus.com.tw/",法說會影音連結資訊:未輸 ,"無","查詢"
"2254","巨鎧精密-創","113/08/28","11:20","臺北文創6樓 (臺北市信義區菸廠路88號6樓)","本公司受邀參加2024台灣創投年會法人說明會，向投資人說明本公司之財務及業務相關資訊","225420241009M001.pdf","225420241009E001.pdf","https://www.coplus.com.tw/",法說會影音連結資訊:未輸 ,"完整財務業務資訊請至公開資訊觀測站之法人說明會一覽表或法說會項目下查閱","查詢"
"2254","巨鎧精密-創","113/08/28","11:20","臺北文創6樓 (臺北市信義區菸廠路88號6樓)","本公司受邀參加2024台灣創投年會法人說明會，向投資人說明本公司之財務及業務相關資訊","內容檔案於會前非交易時間公告於公開資訊觀測站","內容檔案於會前非交易時間公告於公開資訊觀測站","https://www.coplus.com.tw/",法說會影音連結資訊:未輸 ,"無","查詢"
"2254","巨鎧精密-創","113/08/28","11:20","臺北文創6樓 (臺北市信義區菸廠路88號6樓)","本公司受邀參加2024台灣創投年會法人說明會，向投資人說明本公司之財務及業務相關資訊","225420241009M002.pdf","225420241009E002.pdf","https://www.coplus.com.tw/",法說會影音連結資訊:https://webpro.twse.com.tw/webportal/vod/101/?categoryId=101 ,"完整財務業務資訊請至公開資訊觀測站之法人說明會一覽表或法說會項目下查閱","查詢"
"2258","鴻華先進-創","113/08/12","14:30","台北市中正區忠孝西路一段6號7樓","福邦證券舉辦之法人說明會，就本公司已公開之財務業務資訊作說明。","225820240812M001.pdf","225820240812E001.pdf","https://www.foxtronev.com/tw/investor",法說會影音連結資訊:https://youtu.be/DaHUhDR_Db4 ,"無","查詢"
"2258","鴻華先進-創","113/12/23","14:30","台北市中正區忠孝西路一段6號7樓","受邀參加福邦證券舉辦之法人說明會，就本公司已公開之財務業務資訊作說明。","225820241223M001.pdf","225820241223E001.pdf","https://www.foxtronev.com/tw/investor",法說會影音連結資訊:https://www.youtube.com/watch?v=XKxMT5Xj6X4 ,"無","查詢"
"2301","光寶科","113/03/13","10:00","台北君悅酒店","本公司受邀參加113年3&#12105;13&#12103;由元大證券舉辦之「2024年元大證券第一季投資論壇」，說明本公司之營運概況、財務
及業務相關資訊。","230120240226M001.pdf","230120240226E001.pdf","https://www.liteon.com/zh-tw","","無","查詢"
"2301","光寶科","113/05/20 至 113/05/23","09:00","美國","受邀參加大和國泰證券舉辦之「Daiwa Investment Conference 2024」","230120230427M003.pdf","230120230427E003.pdf","","","無","查詢"
"2301","光寶科","113/06/05 至 113/06/06","09:00","新加坡","受邀參加野村(Nomura)證券舉辦之「Nomura Investment Forum Asia 2024」","230120230427M003.pdf","230120230427E003.pdf","","","無","查詢"
"2301","光寶科","113/06/07","10:00","台北W飯店","受邀參加花旗證券舉辦之「Citi’s 2024 Taiwan Tech Conference」","230120230427M003.pdf","230120230427E003.pdf","","","無","查詢"
"2301","光寶科","113/06/12","11:00","台北喜來登大飯店","受邀參加第一金證券舉辦之「第一金證券2024年第二季投資論壇」","230120230427M003.pdf","230120230427E003.pdf","","","無","查詢"
"2301","光寶科","113/07/31","14:00","本公司(臺北市內湖區瑞光路392號1樓國際會議廳)","本公司113年第2季財務業務情形。","230120240731M001.pdf","230120240731E001.pdf","https://www.liteon.com/zh-tw",法說會影音連結資訊:https://www.liteon.com/zh-tw/investor/financialreports/10 ,"本次法說會為實體會議，不另外進&#12175;線上直播。","查詢"
"2301","光寶科","113/02/26","14:00","本公司(臺北市內湖區瑞光路392號1樓國際會議廳)","本公司112年第4季財務業務情形。","230120240226M001.pdf","230120240226E001.pdf","https://www.liteon.com/zh-tw",法說會影音連結資訊:https://www.liteon.com/zh-tw/investor/financialreports/10 ,"本次法說會為實體會議，不另外進&#12175;線上直 播。","查詢"
"2301","光寶科","113/03/05","10:00","W Hotel ，台北市信義區忠孝東路五段10號","本公司受邀參加113年3&#12105;5&#12103;由花旗證券舉辦之「Citi Taiwan Corporate Day」，說明本公司之營運概況、財務及業務相關資訊。","230120240226M001.pdf","230120240226E001.pdf","https://www.liteon.com/zh-tw","","無","查詢"
"2301","光寶科","113/12/04","13:30","台北晶華酒店","元大證券2024年第四季投資論壇","230120241030M001.pdf","230120241030E001.pdf","https://www.liteon.com/zh-tw","","無","查詢"
"2301","光寶科","113/12/05","11:00","台北晶華酒店","KGI凱基2024年第四季投資論壇","230120241030M001.pdf","230120241030E001.pdf","https://www.liteon.com/zh-tw","","無","查詢"
"2301","光寶科","113/04/30","14:00","本公司(臺北市內湖區瑞光路392號1樓國際會議廳)","本公司113年第1季財務業務情形。","230120240430M001.pdf","230120240430E001.pdf","https://www.liteon.com/zh-tw",法說會影音連結資訊:https://www.liteon.com/zh-tw/investor/financialreports/10 ,"本次法說會為實體會議，不另外進&#12175;線上直播。","查詢"
"2301","光寶科","113/03/18 至 113/03/20","13:00","台北君悅酒店","本公司受邀參加美林證券舉辦之法人說明會「2024 APAC TMT Conference」，報告公司簡介與營運現況。","230120240226M001.pdf","230120240226E001.pdf","https://www.liteon.com/zh-tw/investor/131","","無","查詢"
"2301","光寶科","113/03/21","09:30","香港君悅酒店","本公司受邀參加Jefferies與富邦證券舉辦之「Jefferies 5th Asia Forum」說明本公司之營運概況、財務及業務相關資訊。","230120240226M001.pdf","230120240226E001.pdf","https://www.liteon.com/zh-tw/investor/131","","無","查詢"
"2301","光寶科","113/09/03","10:00","Grand Hyatt Taipei","高盛證券舉辦之「Goldman Sachs Taiwan Corporate Day 2024」","230120240731M001.pdf","230120240731E001.pdf","","","無","查詢"
"2301","光寶科","113/09/05","15:00","Shangri-La Taipei Hotel","富邦證券舉辦之「Fubon/Jefferies Q324 Techknowledge Tech Trip」","230120240731M001.pdf","230120240731E001.pdf","","","無","查詢"
"2301","光寶科","113/09/24","10:00","W Hotel Taipei","UBS舉辦之「UBS Taiwan Summit 2024」","230120240731M001.pdf","230120240731E001.pdf","","","無","查詢"
"2301","光寶科","113/08/22","15:30","台北101","永豐金證券/台灣證交所舉辦之「2024年證交所AI主題式業績發表會」","230120240731M001.pdf","230120240731E001.pdf","",法說會影音連結資訊:https://webpro.twse.com.tw/webportal/vod/101/3DA1BDDEDEF7-95D983E7-605D-11EF-BF7B/?categoryId=101 ,"無","查詢"
"2301","光寶科","113/05/06 至 113/05/10","09:00","新加坡及香港","本公司受國泰證券邀請，參加其舉辦之海外路演(Non-deal
roadshow, NDR)，報告公司簡介與營運現況。5/6~5/8於新加坡舉&#12175;，5/9~5/10於香港舉&#12175;。","230120240430M002.pdf","230120240430E002.pdf","",法說會影音連結資訊:未輸 ,"無","查詢"
"2301","光寶科","113/10/30","14:00","本公司(臺北市內湖區瑞光路392號1樓國際會議廳)","本公司113年第3季財務業務情形。","230120241030M001.pdf","230120241030E001.pdf","https://www.liteon.com/zh-tw",法說會影音連結資訊:https://reurl.cc/eyroER ,"本次法說會為實體會議，不另外進&#12175;線上直播。","查詢"
"2301","光寶科","113/11/13","14:00","台北香格里拉遠東大酒店","受邀參加CLSA舉辦之「CLST Taiwan Market Mover 2025 Access Day」","230120241030M001.pdf","230120241030E001.pdf","https://www.liteon.com/zh-tw","","無","查詢"
"2301","光寶科","113/11/26 至 113/11/27","09:00","Shangri-la Hong Kong","受邀參加BofA舉辦之「BofA 2024 Asia Internet &amp; AI Conference」","230120241030M001.pdf","230120241030E001.pdf","https://www.liteon.com/zh-tw","","無","查詢"
"2301","光寶科","113/11/20 至 113/11/21","09:00","新加坡文華東方酒店","Morgan Stanley舉辦之「Morgan Stanley Twenty-Third Annual Asia Pacific Summit」","230120241030M001.pdf","230120241030E001.pdf","https://www.liteon.com/zh-tw","","無","查詢"
"2302","麗正","113/11/15","14:00","國票綜合證券股份有限公司 (台北市松山區南京東路五段188號15樓會議室)","本公司受邀參加國票證券舉辦之法人說明會，會中說明本公司之營運成效及未來展望。","230220241114M001.pdf","230220241114E001.pdf","",中文影音檔網址:2302_8_20241115_ch.MP4 ,"無","查詢"
"2303","聯電","113/02/19","09:00","台北君悅酒店","本公司受邀參加摩根大通證券舉辦之法人說明會「Taiwan CEO-CFO Conference 2024」。","230320240131M001.pdf","230320240131E001.pdf","http://www.umc.com",法說會影音連結資訊:https://www.umc.com/upload/media/08_Investors/Financials/Participation/GMTRecording.mp4 ,"無","查詢"
"2303","聯電","113/01/31","17:00","線上法說會","本公司2023年第四季財務暨營運報告。","230320240131M001.pdf","230320240131E001.pdf","http://www.umc.com",法說會影音連結資訊:https://www.umc.com/zh-TW/Download/quarterly_results/QuarterlyResultsDetail/2023/2023Q4 ,"無","查詢"
"2303","聯電","113/07/31","17:00","線上法說會","本公司2024年第二季財務暨營運報告。","230320240731M001.pdf","230320240731E001.pdf","http://www.umc.com",法說會影音連結資訊:https://www.umc.com/zh-TW/Download/quarterly_results/QuarterlyResultsDetail/2024/2024Q2 ,"無","查詢"
"2303","聯電","113/03/04","10:00","台北W飯店","本公司受邀參加花旗證券舉辦之法人說明會「2024 Taiwan Corporate Day」。","230320240131M001.pdf","230320240131E001.pdf","http://www.umc.com","","無","查詢"
"2303","聯電","113/11/25 至 113/11/26","09:00","台北遠東香格里拉飯店","本公司受邀參加花旗證券舉辦之法人說明會「2024 Taiwan Corporate Day」。","230320241030M001.pdf","230320241030E001.pdf","http://www.umc.com","","無","查詢"
"2303","聯電","113/05/23 至 113/05/24","09:00","電話會議","本公司受邀參加CGS-CIMB證券舉辦之法人說明會「EV and Tech Virtual Conference 2024」。","230320240424M001.pdf","230320240424E001.pdf","http://www.umc.com","","無","查詢"
"2303","聯電","113/03/19 至 113/03/20","14:00","台北君悅酒店","本公司受邀參加美銀證券舉辦之法人說明會「2024 APAC TMT Conference」。","230320240131M001.pdf","230320240131E001.pdf","http://www.umc.com","","無","查詢"
"2303","聯電","113/06/06 至 113/06/07","14:00","台北W飯店","本公司受邀參加花旗證券舉辦之法人說明會「2024 Taiwan Conference」。","230320240424M001.pdf","230320240424E001.pdf","http://www.umc.com","","無","查詢"
"2303","聯電","113/04/24","17:00","線上法說會","本公司2024年第一季財務暨營運報告。","230320240424M001.pdf","230320240424E001.pdf","http://www.umc.com",法說會影音連結資訊:https://www.umc.com/zh-TW/Download/quarterly_results/QuarterlyResultsDetail/2024/2024Q1 ,"無","查詢"
"2303","聯電","113/09/04","09:00","台北君悅酒店","本公司受邀參加高盛證券舉辦之法人說明會「Taiwan Corporate Day 2024」。","230320240731M001.pdf","230320240731E001.pdf","http://www.umc.com","","無","查詢"
"2303","聯電","113/09/23 至 113/09/24","09:00","台北W飯店","本公司受邀參加瑞銀證券舉辦之法人說明會「Taiwan Summit 2024」。","230320240731M001.pdf","230320240731E001.pdf","http://www.umc.com","","無","查詢"
"2303","聯電","113/10/30","17:00","線上法說會","本公司2024年第三季財務暨營運報告。","230320241030M001.pdf","230320241030E001.pdf","http://www.umc.com",法說會影音連結資訊:https://www.umc.com/zh-TW/Download/quarterly_results/QuarterlyResultsDetail/2024/2024Q3 ,"無","查詢"
"2305","全友","113/12/20","14:00","新竹市科學園區工業東三路6號本公司會議室","公司營運狀況及財務報告","230520241220M001.pdf","230520241220E001.pdf","https://microtek.com/tw/news/detail/26",法說會影音連結資訊:https://microtek.com/tw/news/detail/26 ,"無","查詢"
"2308","台達電","113/03/01","15:00","台達電子瑞光大樓","本公司召開法人說明會說明112年第4季財務報告相關資訊","230820240301M001.pdf","230820240301E001.pdf","https://www.deltaww.com/zh-TW/inVestors/analystMeeting",中文影音檔網址:2308_383_20240301_ch.mp4 英文影音檔網址:2308_383_20240301_en.mp4 ,"無","查詢"
"2308","台達電","113/01/15 至 113/01/16","09:00","吉隆坡","本公司受大和國泰證券邀請，將於上述時間地點，向法人投資者說明本公司112年第3季之財務報告相關資訊。","230820231101M001.pdf","230820231101E001.pdf","https://www.deltaww.com/zh-TW/investors/analystMeeting","","無","查詢"
"2308","台達電","113/05/02","15:00","台達電子瑞光大樓","本公司召開法人說明會說明113年第1季財務報告相關資訊","230820240502M001.pdf","230820240502E001.pdf","https://www.deltaww.com/zh-TW/inVestors/analystMeeting",同步收看網址：:https://www.deltaww.com/zh-TW/inVestors/analystMeeting 法說會影音連結資訊:https://www.deltaww.com/zh-TW/inVestors/analystMeeting ,"無","查詢"
"2308","台達電","113/08/01","15:00","台達電子瑞光大樓","本公司召開法人說明會說明113年第2季財務報告相關資訊","230820240801M001.pdf","230820240801E001.pdf","https://www.deltaww.com/zh-TW/inVestors/analystMeeting",同步收看網址：:https://www.deltaww.com/zh-TW/inVestors/analystMeeting 法說會影音連結資訊:https://www.deltaww.com/zh-TW/inVestors/analystMeeting ,"無","查詢"
"2308","台達電","113/05/09 至 113/05/10","13:00","首爾","本公司受三星證券邀請，將於上述時間地點，向法人投資者說明本公司113年第1季之財務報告相關資訊。","230820240502M001.pdf","230820240502E001.pdf","https://www.deltaww.com/zh-TW/inVestors/analystMeeting","","無","查詢"
"2308","台達電","113/05/13 至 113/05/14","09:00","香港","本公司受麥格理證券邀請，將於上述時間地點，向法人投資者說明本公司113年第1季之財務報告相關資訊。","230820240502M001.pdf","230820240502E001.pdf","https://www.deltaww.com/zh-TW/inVestors/analystMeeting","","無","查詢"
"2308","台達電","113/05/20 至 113/05/22","21:00","紐約","本公司受大和國泰證券邀請，將於上述時間地點，向法人投資者說明本公司113年第1季之財務報告相關資訊。","230820240502M001.pdf","230820240502E001.pdf","https://www.deltaww.com/zh-TW/inVestors/analystMeeting","","無","查詢"
"2308","台達電","113/11/18","15:00","君悅飯店","本公司受麥格理證券邀請，將於上述時間地點，向法人投資者說明本公司113年第3季之財務報告相關資訊。","230820241030M001.pdf","230820241030E001.pdf","https://www.deltaww.com/zh-TW/inVestors/analystMeeting","","無","查詢"
"2308","台達電","113/11/20 至 113/11/21","09:00","新加坡","本公司受摩根史丹利證券邀請，將於上述時間地點，向法人投資者說明本公司113年第3季之財務報告相關資訊。","230820241030M001.pdf","230820241030E001.pdf","https://www.deltaww.com/zh-TW/inVestors/analystMeeting","","無","查詢"
"2308","台達電","113/12/02","11:00","遠企飯店","本公司受Jefferies/富邦證券邀請，將於上述時間地點，向法人投資者說明本公司113年第3季之財務報告相關資訊。","230820241030M001.pdf","230820241030E001.pdf","https://www.deltaww.com/zh-TW/inVestors/analystMeeting","","無","查詢"
"2308","台達電","113/11/12","13:00","遠企飯店","本公司受里昂證券邀請，將於上述時間地點，向法人投資者說明本公司113年第3季之財務報告相關資訊。","230820241030M001.pdf","230820241030E001.pdf","https://www.deltaww.com/zh-TW/inVestors/analystMeeting","","無","查詢"
"2308","台達電","113/12/06","09:30","台北W飯店","本公司受中國信託證券邀請，將於上述時間地點，向法人投資者說明本公司113年第3季之財務報告相關資訊。","230820241030M001.pdf","230820241030E001.pdf","https://www.deltaww.com/zh-TW/inVestors/analystMeeting","","無","查詢"
"2308","台達電","113/12/06","14:30","遠企飯店","本公司受國泰證券邀請，將於上述時間地點，向法人投資者說明本公司113年第3季之財務報告相關資訊。","230820241030M001.pdf","230820241030E001.pdf","https://www.deltaww.com/zh-TW/inVestors/analystMeeting","","無","查詢"
"2308","台達電","113/12/09 至 113/12/10","13:00","香港","本公司受野村證券邀請，將於上述時間地點，向法人投資者說明本公司113年第3季之財務報告相關資訊。","230820241030M001.pdf","230820241030E001.pdf","https://www.deltaww.com/zh-TW/inVestors/analystMeeting","","無","查詢"
"2308","台達電","113/12/12","14:30","喜來登飯店","本公司受第一金證券邀請，將於上述時間地點，向法人投資者說明本公司113年第3季之財務報告相關資訊。","230820241030M001.pdf","230820241030E001.pdf","https://www.deltaww.com/zh-TW/inVestors/analystMeeting",中文影音檔網址:2308_416_20241212_ch.MP4 ,"無","查詢"
"2308","台達電","113/03/06 至 113/03/08","08:00","東京","本公司受大和國泰證券邀請，將於上述時間地點，向法人投資者說明本公司112年第4季之財務報告相關資訊。","230820240301M001.pdf","230820240301E001.pdf","https://www.deltaww.com/zh-TW/investors/analystMeeting","","無","查詢"
"2308","台達電","113/03/15","09:30","台北茹曦","本公司受國泰證券邀請，將於上述時間地點，向法人投資者說明本公司112年第4季之財務報告相關資訊。","230820240301M001.pdf","230820240301E001.pdf","https://www.deltaww.com/zh-TW/investors/analystMeeting","","無","查詢"
"2308","台達電","113/03/19 至 113/03/20","09:00","台北君悅","本公司受美銀證券邀請，將於上述時間地點，向法人投資者說明本公司112年第4季之財務報告相關資訊。","230820240301M001.pdf","230820240301E001.pdf","https://www.deltaww.com/zh-TW/inVestors/analystMeeting","","無","查詢"
"2308","台達電","113/04/09 至 113/04/10","13:00","香港","本公司受匯豐證券邀請，將於上述時間地點，向法人投資者說明本公司112年第4季之財務報告相關資訊。","230820240301M001.pdf","230820240301E001.pdf","https://www.deltaww.com/zh-TW/inVestors/analystMeeting","","無","查詢"
"2308","台達電","113/06/12","15:00","台北遠東飯店","本公司受富邦與Jefferies證券邀請，將於上述時間地點，向法人投資者說明本公司113年第1季之財務報告相關資訊。","230820240502M001.pdf","230820240502E001.pdf","https://www.deltaww.com/zh-TW/inVestors/analystMeeting","","無","查詢"
"2308","台達電","113/06/14","15:00","國票證券辦公室","本公司受國票證券邀請，將於上述時間地點，向法人投資者說明本公司113年第1季之財務報告相關資訊。","230820240502M001.pdf","230820240502E001.pdf","https://www.deltaww.com/zh-TW/inVestors/analystMeeting","","無","查詢"
"2308","台達電","113/05/31","10:00","台北茹曦酒店","本公司受華南永昌證券邀請，將於上述時間地點，向法人投資者說明本公司113年第1季之財務報告相關資訊。","230820240502M001.pdf","230820240502E001.pdf","https://www.deltaww.com/zh-TW/inVestors/analystMeeting","","無","查詢"
"2308","台達電","113/06/03","10:00","台北101","本公司受摩根史丹利證券邀請，將於上述時間地點，向法人投資者說明本公司113年第1季之財務報告相關資訊。","230820240502M001.pdf","230820240502E001.pdf","https://www.deltaww.com/zh-TW/inVestors/analystMeeting","","無","查詢"
"2308","台達電","113/06/04","09:00","台北君悅","本公司受匯豐證券邀請，將於上述時間地點，向法人投資者說明本公司113年第1季之財務報告相關資訊。","230820240502M001.pdf","230820240502E001.pdf","https://www.deltaww.com/zh-TW/inVestors/analystMeeting","","無","查詢"
"2308","台達電","113/06/07","09:00","台北W Hotel","本公司受花旗證券邀請，將於上述時間地點，向法人投資者說明本公司113年第1季之財務報告相關資訊。","230820240502M001.pdf","230820240502E001.pdf","https://www.deltaww.com/zh-TW/inVestors/analystMeeting","","無","查詢"
"2308","台達電","113/08/20","09:00","台北W飯店","本公司受野村證券邀請，將於上述時間地點，向法人投資者說明本公司113年第2季之財務報告相關資訊。","230820240801M001.pdf","230820240801E001.pdf","https://www.deltaww.com/zh-TW/inVestors/analystMeeting","","無","查詢"
"2308","台達電","113/08/20","10:30","台北101","本公司受美林證券邀請，將於上述時間地點，向法人投資者說明本公司113年第2季之財務報告相關資訊。","230820240801M001.pdf","230820240801E001.pdf","https://www.deltaww.com/zh-TW/inVestors/analystMeeting","","無","查詢"
"2308","台達電","113/09/25","14:00","台北101","本公司受美林證券邀請，將於上述時間地點，向法人投資者說明本公司113年第2季之財務報告相關資訊。","230820240801M001.pdf","230820240801E001.pdf","https://www.deltaww.com/zh-TW/inVestors/analystMeeting","","無","查詢"
"2308","台達電","113/10/15","15:00","國票證券辦公室","本公司受國票證券邀請，將於上述時間地點，向法人投資者說明本公司113年第2季之財務報告相關資訊。","230820240801M001.pdf","230820240801E001.pdf","https://www.deltaww.com/zh-TW/inVestors/analystMeeting","","無","查詢"
"2308","台達電","113/10/30","15:00","台達電子瑞光大樓","本公司召開法人說明會說明113年第3季財務報告相關資訊","230820241030M001.pdf","230820241030E001.pdf","https://www.deltaww.com/zh-TW/inVestors/analystMeeting",同步收看網址：:https://www.deltaww.com/zh-TW/inVestors/analystMeeting 法說會影音連結資訊:https://www.deltaww.com/zh-TW/inVestors/analystMeeting ,"無","查詢"
"2308","台達電","113/08/26","09:00","寒舍艾美","本公司受摩根大通證券邀請，將於上述時間地點，向法人投資者說明本公司113年第2季之財務報告相關資訊。","230820240801M001.pdf","230820240801E001.pdf","https://www.deltaww.com/zh-TW/inVestors/analystMeeting","","無","查詢"
"2308","台達電","113/09/04 至 113/09/06","21:00","紐約","本公司受花旗證券邀請，將於上述時間地點，向法人投資者說明本公司113年第2季之財務報告相關資訊。","230820240801M001.pdf","230820240801E001.pdf","https://www.deltaww.com/zh-TW/inVestors/analystMeeting","","無","查詢"
"2308","台達電","113/09/24","09:00","台北W飯店","本公司受瑞銀證券邀請，將於上述時間地點，向法人投資者說明本公司113年第2季之財務報告相關資訊。","230820240801M001.pdf","230820240801E001.pdf","https://www.deltaww.com/zh-TW/inVestors/analystMeeting","","無","查詢"
"2312","金寶","113/03/15","14:00","Webex線上會議","本公司受邀參加群益金鼎證券舉辦之法人說明會，說明公司營運展望。","231220240315M001.pdf","231220240315E001.pdf","https://www.kinpo.com.tw/zh-TW/investor/financials/",中文影音檔網址:2312_10_20240315_ch.mp4 ,"無","查詢"
"2312","金寶","113/11/29","15:00","金寶營運總部一樓101會議室（新北市深坑區北深路三段147號）","本公司第三季財務、永續成果報告及營運展望說明。","231220241129M001.pdf","231220241129E001.pdf","https://www.kinpo.com.tw/zh-TW/investor/financials/",中文影音檔網址:2312_13_20241129_ch.mp4 ,"無","查詢"
"2312","金寶","113/07/05","14:00","Webex線上會議","受邀參加華南永昌證券舉辦之法人說明會，說明公司營運展望。","231220240705M001.pdf","231220240705E001.pdf","https://www.kinpo.com.tw/zh-TW/investor/financials/","","無","查詢"
"2312","金寶","113/09/27","14:00","Webex線上會議","受邀參加中國信託證券舉辦之法人座談會，說明公司營運展望。","231220240927M001.pdf","231220240927E001.pdf","https://www.kinpo.com.tw/zh-TW/investor/financials/",中文影音檔網址:2312_12_20240927_ch.mp4 ,"無","查詢"
"2313","華通","113/05/23","14:30","台北君悅酒店3樓(台北市信義區松壽路2號3樓)","富邦證券舉辦之法人說明會","231320240523M001.pdf","231320240523E001.pdf","https://www.compeq.com.tw/accomplishments01_4_2.php",中文影音檔網址:2313_26_20240523_ch.mp4 英文影音檔網址:2313_26_20240523_en.mp4 ,"無","查詢"
"2313","華通","113/03/08","14:00","台北市君悅酒店(台北市信義區松壽路2號)","統一證券舉辦之法人說明會","231320240308M001.pdf","231320240308E001.pdf","https://www.compeq.com.tw/accomplishments01_4_2.php",中文影音檔網址:2313_25_20240308_ch.mp4 英文影音檔網址:2313_25_20240308_en.mp4 ,"無","查詢"
"2313","華通","113/12/06","14:00","台北市君悅酒店(台北市信義區松壽路2號)","統一證券舉辦之法人說明會","231320241206M001.pdf","231320241206E001.pdf","https://www.compeq.com.tw/accomplishments01_4_2.php","","無","查詢"
"2313","華通","113/08/30","13:30","台北寒舍艾麗酒店（台北市信義區松高路18號5樓）","中國信託證券舉辦之第三季前瞻論壇","231320240830M001.pdf","231320240830E001.pdf","https://www.compeq.com.tw/accomplishments01_4_2.php","","無","查詢"
"2314","台揚","113/08/27","14:30","華南永昌總公司(台北市民生東路四段54號)","本公司受邀參加華南永昌證券舉辦之法人說明會，就本公司已公開發布之財務數據、業務狀況等相關資訊說明","231420240827M001.pdf","231420240827E001.pdf","https://www.mtigroup.com/zh-tw/investor/conference",中文影音檔網址:2314_36_20240827_ch.mp4 ,"無","查詢"
"2314","台揚","113/12/27","14:00","台北市中山區南京東路三段219號4樓(408教室)","本公司受邀參加元大證券舉辦之法人說明會，就本公司已公開發布之財務數據、業務狀況等相關資訊說明。","231420241227M001.pdf","231420241227E001.pdf","https://www.mtigroup.com/zh-tw/investor/conference",中文影音檔網址:2314_37_20241227_ch.mp3 英文影音檔網址:2314_37_20241227_en.mp3 ,"無","查詢"
"2316","楠梓電","113/12/12","14:00","統一綜合證券股份有限公司(線上法說會)","本公司受邀參加統一綜合證券所舉辦之線上法說會","231620241212M001.pdf","231620241212E001.pdf","https://www.wus.com.tw/index.php/zh-tw/2017-10-17-07-23-12#%E6%B4%BB%E5%8B%95%E8%B3%87%E8%A8%8A",法說會影音連結資訊:https://webpro.twse.com.tw/WebPortal/vod/101/C14A972E7450-9EA1474D-B862-11EF-AABC/?categoryId=101 ,"報名請洽統一證券 郭小姐 (02)2747-8266#3784","查詢"
"2317","鴻海","113/02/19","10:00","台北君悅酒店 (110 台北市信義區松壽路2號)","本公司受邀參加J.P. Morgan 舉辦之Taiwan CEO-CFO Conference 2024，說明本公司營運概況","231720231114M001.pdf","231720231114E001.pdf","","","無","查詢"
"2317","鴻海","113/02/21","15:00","電話會議","本公司受邀參加第一金證券舉辦之線上座談會，說明本公司營運概況","231720231114M001.pdf","231720231114E001.pdf","","","無","查詢"
"2317","鴻海","113/01/09","09:00","電話會議","本公司受邀參加Silver Point Advisors 舉辦之線上座談會，說明本公司營運概況。","231720231114M001.pdf","231720231114E001.pdf","","","無","查詢"
"2317","鴻海","113/01/29","16:00","電話會議","本公司受邀參加美國銀行舉辦之線上座談會，說明本公司營運概況","231720231114M001.pdf","231720231114E001.pdf","","","無","查詢"
"2317","鴻海","113/01/24","14:00","電話會議","本公司受邀參加台新證券舉辦之線上座談會，說明本公司營運概況。","231720231114M001.pdf","231720231114E001.pdf","","","無","查詢"
"2317","鴻海","113/04/30","15:00","電話會議","本公司受邀參加國泰證券舉辦之線上座談會，說明本公司營運概況。","231720240314M001.pdf","231720240314E001.pdf","","","無","查詢"
"2317","鴻海","113/07/16","15:00","電話會議","本公司受邀參加三星證券舉辦之線上座談會，說明本公司營運概況。","231720240514M001.pdf","231720240514E001.pdf","","","無","查詢"
"2317","鴻海","113/07/19","09:30","114 台北市內湖區基湖路32號","本公司受邀參加富邦/Jefferies證券舉辦之法人交流會，說明本公司營運概況。","231720240514M001.pdf","231720240514E001.pdf","","","無","查詢"
"2317","鴻海","113/04/23","09:00","電話會議","本公司受邀參加J.P. Morgan 舉辦之線上座談會，說明本公司營運概況。","231720240314M001.pdf","231720240314E001.pdf","","","無","查詢"
"2317","鴻海","113/10/02","16:00","電話會議","受凱基證券邀請參加投資人會議，說明本公司營運概況","231720240814M001.pdf","231720240814E001.pdf","","","無","查詢"
"2317","鴻海","113/05/14","15:00","電話會議","本公司下午3 點00 分召開中文線上法人說明會。
線上加入： 
https://fxn-event.webex.com/fxn-event-tc/j.php?MTID=m39cf398edd5a7b3281196320420d94ff
活動號：2512 645 7428
活動密碼：0514","231720240514M001.pdf","231720240514E001.pdf","https://www.honhai.com/zh-tw/investor-relations/investor-relations-activities/investor-conference",法說會影音連結資訊:https://www.youtube.com/watch?v=pdZRzJ-6waY ,"相關資訊請洽黃奕誠先生，電話02-2268-3466#510-10004","查詢"
"2317","鴻海","113/04/16","09:00","電話會議","本公司受邀參加瑞銀證券舉辦之線上座談會，說明本公司 ESG 進展與展望","231720240314M001.pdf","231720240314E001.pdf","","","無","查詢"
"2317","鴻海","113/04/17 至 113/04/18","14:30","新加坡","本公司受凱基證券邀請參加海外投資人會議，說明本公司營運概況","231720240314M001.pdf","231720240314E001.pdf","","","無","查詢"
"2317","鴻海","113/04/19","09:00","新加坡","本公司受臺灣證券交易所邀請參加臺星AI 與科技論壇，說明本公司營運概況","231720240314M001.pdf","231720240314E001.pdf","","","無","查詢"
"2317","鴻海","113/01/18","09:00","電話會議","本公司受邀參加Macquarie Securities 舉辦之線上座談會，說明本公司營運概況。","231720231114M001.pdf","231720231114E001.pdf","","","無","查詢"
"2317","鴻海","113/11/15","09:00","電話會議","受凱基證券邀請參加投資人會議，說明本公司營運概況","231720241114M001.pdf","231720241114E001.pdf","",英文影音檔網址:2317_327_20241115_en.mp4 ,"無","查詢"
"2317","鴻海","113/03/14","15:00","線上法人說明會","本公司下午3 點00 分召開中文線上法人說明會。
線上加入：
https://fxn-event.webex.com/fxn-eventtc/
j.php?MTID=m5d2f4a00c72df0e3ad9570a03b85a8bf
活動號：2519 535 5248
活動密碼：0314","231720240314M001.pdf","231720240314E001.pdf","https://www.honhai.com/zh-tw/investor-relations/investor-relations-activities/investorconference",法說會影音連結資訊:https://youtu.be/cNsQ_3Yu86Q ,"相關資訊請洽黃奕誠先生，電話02-2268-3466#510-10004","查詢"
"2317","鴻海","113/03/06 至 113/03/08","11:30","The Prince Park Tower Tokyo (4-8-1 Shibakoen
Minato, Tokyo 105-8563 Japan)","本公司受邀參加Daiwa 舉辦之Daiwa Investment Conference Tokyo 2024，說明本公司營運概況。","231720231114M001.pdf","231720231114E001.pdf","","","無","查詢"
"2317","鴻海","113/11/18 至 113/11/21","14:00","香港、新加坡","113年11月18-19日受J.P. Morgan邀請參加12th Global TMT Conference in Asia，說明本公司營運概況。
113年11月20-21日受Morgan Stanley 邀請參加Twenty-Third Annual Asia Pacific Summit，說明本公司營運概況","231720241114M001.pdf","231720241114E001.pdf","","","無","查詢"
"2317","鴻海","113/06/12","16:30","台北遠企飯店(106 台北市敦化南路二段201
號)","本公司受邀參加富邦與Jefferies證券舉辦之Q2 Tech Trip，說明本公司營運概況。","231720240514M001.pdf","231720240514E001.pdf","","","無","查詢"
"2317","鴻海","113/06/14","10:00","國立政治大學公共行政及企業管理教育中心
(台北市大安區金華街187 號)","本公司受邀參加福邦證券舉辦之鴻海暨轉投資企業主題系列座談，說明本公司營運概況。","231720240514M001.pdf","231720240514E001.pdf","","","無","查詢"
"2317","鴻海","113/05/15","16:00","電話會議","受邀參加永豐證券與台灣證券交易所合辦之SinoPac x TWSE TW Corporate Day 2024 英文線上引資論壇，說明本公司營運概況。","231720240514M001.pdf","231720240514E001.pdf","","","無","查詢"
"2317","鴻海","113/03/15","09:00","電話會議","本公司受邀參加花旗證券舉辦之4Q23 Post-Results Conference Call，說明本公司營運概況。","231720240314M001.pdf","231720240314E001.pdf","","","無","查詢"
"2317","鴻海","113/03/15","17:00","電話會議","本公司受邀參加UBS 證券舉辦之4Q23 Post-Results Conference Call，說明本公司 營運概況。","231720240314M001.pdf","231720240314E001.pdf","","","無","查詢"
"2317","鴻海","113/05/15","09:00","電話會議","本公司受邀參加野村證券舉辦之1Q24 Post-Results Conference Call，說明本公司營運概況。","231720240514M001.pdf","231720240514E001.pdf","","","無","查詢"
"2317","鴻海","113/06/03","09:00","台北君悅酒店(110 台北市信義區松壽路2號)","本公司受邀參加匯豐證券與台灣證券交易所合辦之 Taiwan Conference 2024，說明本公司營運概況。","231720240514M001.pdf","231720240514E001.pdf","","","無","查詢"
"2317","鴻海","113/06/03","11:00","UBS台北辦公室(台北市信義區松仁路7號5樓)","本公司受邀參加瑞銀證券舉辦之法人交流會，說明本公司營運概況。","231720240514M001.pdf","231720240514E001.pdf","","","無","查詢"
"2317","鴻海","113/11/25 至 113/12/06","15:00","台北遠東香格里拉、台北市內湖區基湖路32號、 W Hotel、台北市重慶南路一段2號","113年11月25日受Citi邀請參加於台北遠東香格里拉舉辦之Citi Taiwan Corporate Day、113年12月2日受富邦邀請參加於台北遠東香格里拉舉辦之投資人會議、113年12月3日受Mizuho邀請參加於台北市內湖區基湖路32號舉辦之投資人會議、113年12月3日受永豐投顧邀請參加於台北市重慶南路一段2號舉辦之ESG議合會議、113年12月6日受中國信託邀請參加於 W Hotel舉辦之投資人會議，說明本公司營運概況。","231720241114M001.pdf","231720241114E001.pdf","","","無","查詢"
"2317","鴻海","113/12/26","14:00","電話會議","113年12月26日受華南永昌證券邀請參加投資人會議，說明本公司營運概況。","231720241114M001.pdf","231720241114E001.pdf","","","無","查詢"
"2317","鴻海","113/11/26 至 113/12/02","10:00","電話會議","113年11月26日受Goldman Sachs邀請參加投資人會議，說明本公司營運概況
113年11月26日受群益邀請參加投資人會議，說明本公司營運概況
113年12月2日受國泰邀請參加投資人會議，說明本公司營運概況","231720241114M001.pdf","231720241114E001.pdf","","","無","查詢"
"2317","鴻海","113/03/15","14:35","台北茹曦酒店2樓
（105020 台北市松山區敦化北路100號）","本公司受邀參加國泰證券舉辦之論壇，說明本公司營運概況。","231720240314M001.pdf","231720240314E001.pdf","","","無","查詢"
"2317","鴻海","113/03/20 至 113/03/21","15:00","香港君悅酒店（香港灣仔港灣道 1 號）","本公司受邀參加富邦證券舉辦之Jefferies 5th Asia Forum，說明本公司營運概況。","231720240314M001.pdf","231720240314E001.pdf","","","無","查詢"
"2317","鴻海","113/03/18","10:00","電話會議","本公司受邀參加高盛證券舉辦之線上座談會，說明本公司營運概況。","231720240314M001.pdf","231720240314E001.pdf","","","無","查詢"
"2317","鴻海","113/03/19","09:00","台北君悅酒店（松壽路2號,信義區,110,TW）","公司受邀參加美銀證券舉辦之2024 APAC TMT Conference，說明本公司營運概況。","231720240314M001.pdf","231720240314E001.pdf","","","無","查詢"
"2317","鴻海","113/04/12","10:00","電話會議","本公司受邀參加Silver Points 舉辦之線上座談會，說明本公司營運概況。","231720240314M001.pdf","231720240314E001.pdf","","","無","查詢"
"2317","鴻海","113/03/26","09:00","電話會議","本公司受邀參加Auerbach Grayson舉辦之線上座談會，說明本公司營運概況。","231720240314M001.pdf","231720240314E001.pdf","","","無","查詢"
"2317","鴻海","113/03/27","15:00","電話會議","本公司受邀參加富邦證券舉辦之線上座談會，說明本公司營運概況。","231720240314M001.pdf","231720240314E001.pdf","","","無","查詢"
"2317","鴻海","113/03/26","16:00","114 台北市內湖區基湖路32 號","本公司受邀參加Fubon/Jefferies Securities 舉辦之法人交流會，說明本公司營運
概況。","231720240314M001.pdf","231720240314E001.pdf","","","無","查詢"
"2317","鴻海","113/04/10","14:00","電話會議","本公司受邀參加凱基證券舉辦之線上座談會，說明本公司營運概況。","231720240314M001.pdf","231720240314E001.pdf","","","無","查詢"
"2317","鴻海","113/08/15","09:00","電話會議","本公司受邀參加Morgan Stanley舉辦之2Q24 Post-Results Conference Call，說明本公司營運概況。","231720240814M001.pdf","231720240814E001.pdf","","","無","查詢"
"2317","鴻海","113/08/20","15:00","Taipei 101 Tower","本公司受邀參加Bank of America舉辦之2024 BofA Taiwan Tech Tour，說明本公司營運概況。","231720240814M001.pdf","231720240814E001.pdf","","","無","查詢"
"2317","鴻海","113/08/21","10:00","電話會議","本公司受邀參加Goldman Sachs舉辦之線上座談會議，說明本公司營運概況。","231720240814M001.pdf","231720240814E001.pdf","","","無","查詢"
"2317","鴻海","113/08/21","15:15","晶華酒店(台北市中山北路二段39巷3號)","本公司受邀參加台新舉辦之2024年第三季全球投資論壇，說明本公司營運概況。","231720240814M001.pdf","231720240814E001.pdf","","","無","查詢"
"2317","鴻海","113/08/22","10:00","台北如曦(台北市松山區敦化北路100號)","本公司受邀參加華南永昌法人部舉辦之企業Q3投資論壇，說明本公司營運概況。","231720240814M001.pdf","231720240814E001.pdf","","","無","查詢"
"2317","鴻海","113/09/02","09:30","台北市內湖區基湖路32號","受Goldman Sachs邀請參加投資人會議，說明本公司營運概況。","231720240814M001.pdf","231720240814E001.pdf","","","無","查詢"
"2317","鴻海","113/09/02","15:00","台北文華東方酒店","受Morgan Stanley邀請參加Taiwan AI Forum 2024，說明本公司營運概況。","231720240814M001.pdf","231720240814E001.pdf","","","無","查詢"
"2317","鴻海","113/09/03","16:00","台北W酒店","受Citi邀請參加AI Tech Tour，說明本公司營運概況。","231720240814M001.pdf","231720240814E001.pdf","","","無","查詢"
"2317","鴻海","113/09/06","16:30","遠企中心","受Fubon/Jefferies邀請參加Q324 Techknowledge Tech Trip，說明本公司營運概況。","231720240814M001.pdf","231720240814E001.pdf","","","無","查詢"
"2317","鴻海","113/09/04","14:00","台北君悅酒店","受Goldman Sachs 邀請參加Taiwan Corporate Day，說明本公司營運概況。","231720240814M001.pdf","231720240814E001.pdf","","","無","查詢"
"2317","鴻海","113/06/06","09:00","台北市內湖區基湖路32號","本公司受邀參加天風證券舉辦之法人交流會，說明本公司營運概況。","231720240514M001.pdf","231720240514E001.pdf","","","無","查詢"
"2317","鴻海","113/06/06","15:40","台北晶華酒店(台北市中山北路二段39巷3號)","本公司受邀參加永豐金證券舉辦之2024年第二季產業投資論壇，說明本公司營運概況。","231720240514M001.pdf","231720240514E001.pdf","","","無","查詢"
"2317","鴻海","113/06/07","15:00","台北W飯店(台北市信義區忠孝東路五段10號)","受邀參加花旗證券舉辦之2024 Taiwan Tech Conference，說明本公司營運概況。","231720240514M001.pdf","231720240514E001.pdf","","","無","查詢"
"2317","鴻海","113/05/27","17:00","台北市內湖區基湖路32號","本公司受邀參加中信建投證券舉辦之法人交流會，說明本公司營運概況。","231720240514M001.pdf","231720240514E001.pdf","","","無","查詢"
"2317","鴻海","113/05/21 至 113/05/22","14:00","香港君悅酒店（香港灣仔港灣道1號）","本公司受邀參加高盛證券舉辦之 Goldman Sachs TechNet Conference Asia Pacific 2024，說明本公司營運概況。","231720240514M001.pdf","231720240514E001.pdf","","","無","查詢"
"2317","鴻海","113/05/24","16:00","電話會議","受邀參加群益證券舉辦之CGS-CIMB EV &amp; TECH VIRTUAL CONFERENCE 2024，說明本公司營運概況。","231720240514M001.pdf","231720240514E001.pdf","","","無","查詢"
"2317","鴻海","113/06/17 至 113/06/21","20:30","美國","本公司受花旗證券邀請參加海外投資人會議，說明本公司營運概況。","231720240514M001.pdf","231720240514E001.pdf","","","無","查詢"
"2317","鴻海","113/07/24","15:00","114 台北市中山區明水路700號","本公司受邀參加凱基證券舉辦之法人交流會，說明本公司營運概況。","231720240514M001.pdf","231720240514E001.pdf","","","無","查詢"
"2317","鴻海","113/07/03","09:00","電話會議","本公司受邀參加Silver Points 舉辦之線上座談會，說明本公司營運概況。","231720240514M001.pdf","231720240514E001.pdf","","","無","查詢"
"2317","鴻海","113/07/04","09:00","電話會議","本公司受邀參加高盛證券舉辦之線上座談會，說明本公司營運概況。","231720240514M001.pdf","231720240514E001.pdf","","","無","查詢"
"2317","鴻海","113/06/26","15:00","電話會議","本公司受邀參加元大證券舉辦之線上座談會，說明本公司營運概況。","231720240514M001.pdf","231720240514E001.pdf","","","無","查詢"
"2317","鴻海","113/06/24","10:30","114 台北市內湖區基湖路32號","本公司受邀參加Mizuho證券舉辦之法人交流會，說明本公司營運概況。","231720240514M001.pdf","231720240514E001.pdf","","","無","查詢"
"2317","鴻海","113/08/14","15:00","電話會議","本公司下午3 點00 分召開中文線上法人說明會。
線上加入：https://fxn-event.webex.com/fxn-eventtc/
j.php?MTID=m01a1d833f31551f644c2b3dd1aa918b0
活動號：2517 220 8367
活動密碼：0814","231720240814M001.pdf","231720240814E001.pdf","https://www.honhai.com/zh-tw/investor-relations/investor-relations-activities/investor-conference",法說會影音連結資訊:https://youtu.be/GAgbs3XIdkE ,"相關資訊請洽黃奕誠先生，電話02-2268-3466#510-10004","查詢"
"2317","鴻海","113/08/26","10:30","114台北市內湖區基湖路32號","受CLSA邀請參加投資人會議，說明本公司營運概況。","231720240814M001.pdf","231720240814E001.pdf","","","無","查詢"
"2317","鴻海","113/08/26","17:00","台北寒舍艾美酒店-2F軒轅廳","受JPMorgan邀請參加9th Annual Asia Tech Tour，說明本公司營運概況。","231720240814M001.pdf","231720240814E001.pdf","","","無","查詢"
"2317","鴻海","113/08/28 至 113/08/30","09:00","馬來西亞、新加坡","本公司受國泰證券邀請參加海外投資人會議，說明本公司營運概況。","231720240814M001.pdf","231720240814E001.pdf","","","無","查詢"
"2317","鴻海","113/12/09 至 113/12/10","10:00","國立政治大學公共行政及企業管理教育中心、台北市內湖區基湖路32號","113年12月9日受福邦證券邀請參加於國立政治大學公共行政及企業管理教育中心舉辦之鴻海暨轉投資企業主題系列座談，說明本公司營運概況、
113年12月10日受Goldman Sachs邀請參加於台北市內湖區基湖路32號舉辦之投資人會議，說明本公司營運概況。","231720241114M001.pdf","231720241114E001.pdf","","","無","查詢"
"2317","鴻海","113/12/10 至 113/12/13","16:30","電話會議","113年12月10日受Enquries Securities邀請參加投資人會議、113年12月12日受Mizuho邀請參加投資人會議、113年12月13日受SIG邀請參加投資人會議、113年12月13日受Nomura邀請參加投資人會議，說明本公司營運概況。","231720241114M001.pdf","231720241114E001.pdf","","","無","查詢"
"2317","鴻海","113/10/29","09:00","電話會議","受Auerbach Grayson邀請參加投資人會議，說明本公司營運概況、受國泰證券邀請參加投資人會議，說明本公司營運概況","231720240814M001.pdf","231720240814E001.pdf","","","無","查詢"
"2317","鴻海","113/10/23","10:00","電話會議","受JP Morgan邀請參加投資人會議，說明本公司營運概況","231720240814M001.pdf","231720240814E001.pdf","","","無","查詢"
"2317","鴻海","113/10/08 至 113/10/09","10:00","台北南港展覽館1館","本公司舉辦2024年鴻海科技日，說明營運概況及展示最新科技","231720240814M001.pdf","231720240814E001.pdf","https://hhtd.honhai.com/zh-tw",同步收看網址：:https://www.youtube.com/live/juzC4lqLcUg 法說會影音連結資訊:https://www.youtube.com/live/juzC4lqLcUg ,"無","查詢"
"2317","鴻海","113/11/14","15:00","電話會議","本公司下午3點00分召開中文線上法人說明會。
線上加入：https://fxn-event.webex.com/fxn-event-tc/j.php?MTID=m879c0ae669da0669e46a89099482faaf
活動號：2513 289 8545
活動密碼：1114","231720241114M001.pdf","231720241114E001.pdf","https://www.honhai.com/zh-tw/investor-relations/investor-relations-activities/investor-conference",法說會影音連結資訊:https://youtu.be/e0OlfRyRFNA ,"相關資訊請洽黃奕誠先生，電話02-2268-3466#510-10004","查詢"
"2317","鴻海","113/10/14 至 113/10/21","15:00","歐洲、中東","受CLSA邀請參加投資人會議，說明本公司營運概況。","231720240814M001.pdf","231720240814E001.pdf","","","無","查詢"
"2317","鴻海","113/09/16","10:40","114 台北市內湖區基湖路32號","受NewStreet Research邀請參加投資人會議，說明本公司營運概況","231720240814M001.pdf","231720240814E001.pdf","","","無","查詢"
"2317","鴻海","113/10/11","09:00","電話會議","受Silver Points邀請參加投資人會議，說明本公司營運概況","231720240814M001.pdf","231720240814E001.pdf","","","無","查詢"
"2317","鴻海","113/09/23","14:00","台北W酒店 (忠孝東路5段10號)","受UBS邀請參加Taiwan Summit 2024，說明本公司營運概況","231720240814M001.pdf","231720240814E001.pdf","","","無","查詢"
"2317","鴻海","113/09/24","09:00","114台北市內湖區基湖路32號","受Raymond James 邀請參加投資人會議，說明本公司營運概況","231720240814M001.pdf","231720240814E001.pdf","","","無","查詢"
"2317","鴻海","113/09/27","09:00","114台北市內湖區基湖路32號","受SIG邀請參加投資人會議，說明本公司營運概況","231720240814M001.pdf","231720240814E001.pdf","","","無","查詢"
"2317","鴻海","113/09/27","15:00","電話會議","受第一金證券邀請參加投資人會議，說明本公司營運概況","231720240814M001.pdf","231720240814E001.pdf","","","無","查詢"
"2317","鴻海","113/09/18","15:00","104 臺北市中山區明水路700號","受凱基證券邀請參加投資人會議，說明本公司營運概況","231720240814M001.pdf","231720240814E001.pdf","","","無","查詢"
"2317","鴻海","113/09/10","16:00","電話會議","受Federated Hermes邀請參加投資人會議，說明本公司營運概況。","231720240814M001.pdf","231720240814E001.pdf","","","無","查詢"
"2317","鴻海","113/09/11 至 113/09/12","15:00","香港","受CITIC CLSA邀請參加投資人會議，說明本公司營運概況。","231720240814M001.pdf","231720240814E001.pdf","","","無","查詢"
"2321","東訊","113/12/18","16:15","線上法說會","公司簡介及營運概況說明","232120241218M001.pdf","232120241218E001.pdf","https://www.tecom.com.tw/tw/",中文影音檔網址:2321_8_20241218_ch.mp4 ,"無","查詢"
"2323","中環","113/12/06","15:00","線上法說會","公司財務業務及營運概況","232320241206M001.pdf","232320241206E001.pdf","",中文影音檔網址:2323_9_20241206_ch.mp4 ,"本公司受邀參加凱基證券舉辦之線上法人說明會","查詢"
"2324","仁寶","113/03/01","14:00","線上會議","UBS舉辦之仁寶電腦112年第四季財報線上法人說明會","232420240301M001.pdf","232420240301E001.pdf","www.compal.com",法說會影音連結資訊:https://www.compal.com/investor-relations/financial-release/#investor-conference-presentations ,"無","查詢"
"2324","仁寶","113/03/20 至 113/03/21","09:00","台北君悅飯店","美銀證券舉辦之2024 APAC TMT Conference，說明本公司業務及現況","232420240318M001.pdf","232420240318E001.pdf","www.compal.com","","無","查詢"
"2324","仁寶","113/04/09 至 113/04/10","14:30","香港港麗酒店","匯豐證券HSBC Global Investment Summit 2024，說明本公司業務現況。","232420240403M001.pdf","232420240403E001.pdf","www.compal.com","","無","查詢"
"2324","仁寶","113/11/26","10:00","台北遠東香格里拉飯店","花旗證券舉辦之2024 Taiwan Corporate Day，向投資人說明本公司業務概況","232420241122M001.pdf","232420241122E001.pdf","www.compal.com","","無","查詢"
"2324","仁寶","113/06/07","13:00","台北W飯店","花旗證券2024 Taiwan Tech Conference，說明本公司業務現況。","232420240606M001.pdf","232420240606E001.pdf","www.compal.com","","無","查詢"
"2324","仁寶","113/03/08","14:00","君悅酒店","統一證券春季投資論壇，說明本公司業務及現況","232420240307M001.pdf","232420240307E001.pdf","www.compal.com","","無","查詢"
"2324","仁寶","113/03/05","10:00","台北W飯店","花旗環球證券舉辦之法人說明會，說明本公司業務及現況","232420240304M001.pdf","232420240304E001.pdf","www.compal.com","","無","查詢"
"2324","仁寶","113/08/13","14:30","線上電話會議","UBS邀請參加113年第二季營運成果線上電話說明會","232420240813M001.pdf","232420240813E001.pdf","www.compal.com",法說會影音連結資訊:https://www.compal.com/investor-relations/financial-release/#investor-conference-presentations 法說會影音連結資訊:https://view.knowledgevision.com/presentation/8b3c80836911401f9266e1880dd1abda ,"無","查詢"
"2324","仁寶","113/09/03","09:00","台北君悅酒店","高盛證券舉辦之「GS Taiwan Corporate Day」論壇，說明本公司業務及現況","232420240830M001.pdf","232420240830E001.pdf","www.compal.com","","無","查詢"
"2324","仁寶","113/06/24 至 113/06/26","14:30","新加坡","國泰證券舉辦之海外路演，說明本公司業務現況。","232420240620M001.pdf","232420240620E001.pdf","www.compal.com","","無","查詢"
"2324","仁寶","113/09/23","13:00","台北W飯店","UBS Taiwan Summit 2024，說明本公司業務及現況","232420240920M001.pdf","232420240920E001.pdf","www.compal.com","","無","查詢"
"2324","仁寶","113/09/11","15:30","台北喜來登飯店","投資論壇，說明本公司業務及現況","232420240909M001.pdf","232420240909E001.pdf","www.compal.com","","無","查詢"
"2327","國巨*","113/02/29","16:00","線上電話會議","本公司於113/02/29受邀參加由摩根士丹利證券舉辦之線上法說會，說明112年第四季營運成果，並就公司營運展望及產業概況向投資機構做說明。","232720240229M001.pdf","232720240229E001.pdf","www.yageo.com/zh-TW/Download/Index/investor_conference#bottom_link_title",中文影音檔網址:2327_188_20240229_ch.mp3 英文影音檔網址:2327_188_20240229_en.mp3 ,"公司網站www.yageo.com/zh-TW/Download/Index/investor_conference#bottom_link_title","查詢"
"2327","國巨*","113/04/18","16:00","線上電話會議","本公司於113/04/18受邀參加由摩根士丹利證券舉辦之線上法說會，說明113年第一季營運成果，並就公司營運展望及產業概況向投資機構做說明。","232720240418M001.pdf","232720240418E001.pdf","www.yageo.com/zh-TW/Download/Index/investor_conference#bottom_link_title",中文影音檔網址:2327_191_20240418_ch.mp3 英文影音檔網址:2327_191_20240418_en.mp3 ,"公司網站www.yageo.com/zh-TW/Download/Index/investor_conference#bottom_link_title","查詢"
"2327","國巨*","113/09/26","15:00","華南銀行總行國際會議中心","本公司於113/09/26舉辦&quot;2024國巨集團高峰論壇&quot;，邀請產業界先進、學術專家，
共同探討人工智慧的未來與挑戰，以及推動產業發展的創新解決方案。","232720241004M001.pdf","232720241004E001.pdf","https://www.yageo.com/zh-TW/Download/Index/investor_conference#bottom_link_title",英文影音檔網址:2327_198_20240926_en.mp3 ,"公司網站www.yageo.com/zh-TW/Download/Index/investor_conference#bottom_link_title","查詢"
"2327","國巨*","113/03/06","14:00","台北晶華酒店","本公司於113/03/06受邀參加由永豐金證券舉辦之&quot;2024年第一季產業論壇&quot;，就公司營運及產業概況向投資機構做說明。","232720240304M002.pdf","232720240304E002.pdf","www.yageo.com/zh-TW/Download/Index/investor_conference#bottom_link_title","","公司網站www.yageo.com/zh-TW/Download/Index/investor_conference#bottom_link_title","查詢"
"2327","國巨*","113/03/05","14:00","台北W飯店","本公司於113/03/05受邀參加由花旗證券舉辦之&quot;Taiwan Corporate Day 2024&quot;，就公司營運及產業概況向投資機構說明。","232720240304M003.pdf","232720240304E003.pdf","www.yageo.com/zh-TW/Download/Index/investor_conference#bottom_link_title","","公司網站www.yageo.com/zh-TW/Download/Index/investor_conference#bottom_link_title","查詢"
"2327","國巨*","113/06/12","15:15","台北君悅酒店","本公司於113/06/12受邀參加由統一證券舉辦之&quot;2024Q2 夏季投
資論壇&quot;，
就公司營運及產業概況向投資機構做說明。","232720240611M001.pdf","232720240611E001.pdf","https://www.yageo.com/zh-TW/Download/Index/investor_conference#bottom_link_title","","公司網站www.yageo.com/zh-TW/Download/Index/investor_conference#bottom_link_title","查詢"
"2327","國巨*","113/05/14","16:00","線上電話會議","本公司於113/05/14受邀參加由永豐金證券與台灣證券交易所共同舉辦之&quot;2024年線上引資論壇，
就公司營運及產業概況向投資機構做說明。","232720240513M001.pdf","232720240513E001.pdf","https://www.yageo.com/zh-TW/Download/Index/investor_conference#bottom_link_title","","公司網站www.yageo.com/zh-TW/Download/Index/investor_conference#bottom_link_title","查詢"
"2327","國巨*","113/07/30","16:00","線上電話會議","本公司於113/07/30受邀參加由摩根士丹利證券舉辦之線上法說會，
說明113年第二季營運成果，並就公司營運展望及產業概況向投資機構做說明。","232720240730M001.pdf","232720240730E001.pdf","https://www.yageo.com/zh-TW/Download/Index/investor_conference#bottom_link_title",中文影音檔網址:2327_194_20240730_ch.mp3 英文影音檔網址:2327_194_20240730_en.mp3 ,"公司網站www.yageo.com/zh-TW/Download/Index/investor_conference#bottom_link_title","查詢"
"2327","國巨*","113/09/03","14:00","台北君悅酒店","本公司於113/09/03受邀參加由高盛證券舉辦之&quot;Taiwan Corporate Day 2024&quot;，
就公司營運及產業概況向投資機構做說明。","232720240902M001.pdf","232720240902E001.pdf","www.yageo.com/zh-TW/Download/Index/investor_conference#bottom_link_title","","公司網站www.yageo.com/zh-TW/Download/Index/investor_conference#bottom_link_title","查詢"
"2327","國巨*","113/09/11","15:20","集思北科大會議中心","本公司於113/09/11受邀參加由凱基證券舉辦之&quot;2024Q3凱基投資論壇&quot;，
就公司營運及產業概況向投資機構做說明。","232720240910M001.pdf","232720240910E001.pdf","https://www.yageo.com/zh-TW/Download/Index/investor_conference#bottom_link_title","","公司網站www.yageo.com/zh-TW/Download/Index/investor_conference#bottom_link_title","查詢"
"2327","國巨*","113/09/24","15:00","台北W飯店","本公司於113/09/24受邀參加由瑞銀證券舉辦的&quot;2024台灣企業論壇&quot;，
就公司營運及產業概況向投資機構做說明。","232720240923M001.pdf","232720240923E001.pdf","https://www.yageo.com/zh-TW/Download/Index/investor_conference#bottom_link_title",英文影音檔網址:2327_197_20240924_en.mp3 ,"公司網站www.yageo.com/zh-TW/Download/Index/investor_conference#bottom_link_title","查詢"
"2327","國巨*","113/10/29","16:00","線上電話會議","本公司於113/10/29受邀參加由摩根士丹利證券舉辦之線上法說會，
說明113年第三季營運成果，並就公司營運展望及產業概況向投資機構做說明。","232720241029M001.pdf","232720241029E001.pdf","https://www.yageo.com/zh-TW/Download/Index/investor_conference#bottom_link_title",英文影音檔網址:2327_199_20241029_en.mp3 ,"公司網站www.yageo.com/zh-TW/Download/Index/investor_conference#bottom_link_title","查詢"
"2328","廣宇","113/11/20","15:10","臺北市信義區信義路5段7號 1樓信息展覽中心","本公司受邀參加台灣證券交易所與永豐金證券共同舉辦之113年「車用電子暨零組件產業」主題式業績發表會及產業講座，說明本公司營運概況。","232820241120M001.pdf","232820241120E001.pdf","https://www.panpi.com.tw/tw/investor_service/corporate_governance/investor_meeting",法說會影音連結資訊:https://webpro.twse.com.tw/webportal/vod/101/?categoryId=101 (請輸入網址名稱(註)):未輸 ,"無","查詢"
"2328","廣宇","113/05/28","14:00","臺北文創-台北市信義區菸廠路88號6F","本公司受邀參加元富證券所舉辦之「2024夏季產業投資論壇」，說明本公司營運概況。","232820240528M002.pdf","232820240528E002.pdf","http://www.panpi.com.tw/tw/investor_service/corporate_governance/investor_meeting",中文影音檔網址:2328_12_20240528_ch.mp4 ,"無","查詢"
"2328","廣宇","113/12/09","11:40","國立政治大學公共行政及企業管理教育中心
(台北市大安區金華街187號)","本公司受邀參加福邦證券舉辦之鴻海暨轉投資企業主題系列座談，說明本公司營運概況。","232820241209M001.pdf","232820241209E001.pdf","https://www.panpi.com.tw/tw/investor_service/corporate_governance/investor_meeting","","無","查詢"
"2329","華泰","113/11/15","14:00","線上法說會","受邀參加元大證券舉辦之線上法說會，報告本公司營運狀況。","232920241115M001.pdf","232920241115E001.pdf","https://www.ose.com.tw/about/investment/shareholder#company-intro-meeting",中文影音檔網址:2329_10_20241115_ch.mp4 ,"無","查詢"
"2329","華泰","113/06/14","14:30","台北市寶慶路69號4樓會議室","受邀參加元大證券舉辦之法說會，報告本公司營運狀況。","232920240617M001.pdf","232920240617E001.pdf","https://www.ose.com.tw/about/investment/shareholder#company-intro-meeting",中文影音檔網址:2329_9_20240614_ch.mp4 ,"無","查詢"
"2330","台積電","113/03/05 至 113/03/07","00:00","Palace Hotel, San Francisco","本公司受邀參加摩根士丹利證券所舉辦之『Technology, Media &amp; Telecom Conference』，會中就本公司1/18法說會已公開之財務數字、經營績效等相關資訊進行說明。","233020240118M001.pdf","233020240118E001.pdf","https://investor.tsmc.com/chinese/quarterly-results/2023/q4","","無。","查詢"
"2330","台積電","113/07/18","14:00","台北遠東香格里拉3F 遠東宴會廳 (臺北市大安區敦化南路二段201號)","(1)公布本公司2024年第2季財務報告及2024年第3季業績展望。
(2)參加方式：請參見https://investor.tsmc.com/chinese/quarterly-results/2024/q2","233020240718M001.pdf","233020240718E001.pdf","https://investor.tsmc.com/chinese/quarterly-results/2024/q2",同步收看網址：:https://investor.tsmc.com/chinese/quarterly-results/2024/q2 法說會影音連結資訊:https://investor.tsmc.com/chinese/quarterly-results/2024/q2 ,"無。","查詢"
"2330","台積電","113/02/19","09:00","台北君悅酒店","本公司受邀參加摩根大通證券所舉辦之『J.P. Morgan Taiwan CEO-CFO Conference』，會中就本公司1/18法說會已公開之財務數字、經營績效等相關資訊進行說明。","233020240118M001.pdf","233020240118E001.pdf","https://investor.tsmc.com/chinese/quarterly-results/","","無。","查詢"
"2330","台積電","113/01/18","14:00","台北君悅酒店三樓 凱悅廳一區 (台北市信義區松壽路2號)","(1) 公布本公司2023年第4季財務報告及2024年第1季業績展望。(2) 參加方式：請參見https://investor.tsmc.com/chinese/quarterly-results/2023/q4","233020240118M001.pdf","233020240118E001.pdf","https://investor.tsmc.com/chinese/quarterly-results/2023/q4",同步收看網址：:https://investor.tsmc.com/chinese/quarterly-results/2023/q4 法說會影音連結資訊:https://investor.tsmc.com/chinese/quarterly-results/2023/q4 ,"無。","查詢"
"2330","台積電","113/11/20 至 113/11/21","08:30","Mandarin Oriental, Singapore","本公司受邀參加摩根士丹利證券所舉辦之『Twenty-Third Annual Asia Pacific Summit』，會中就本公司10/17法說會已公開之財務數字、經營績效等相關資訊進行說明。","233020241017M001.pdf","233020241017E001.pdf","https://investor.tsmc.com/chinese/quarterly-results/","","無。","查詢"
"2330","台積電","113/05/27 至 113/05/29","09:00","香港四季酒店","本公司受邀參加瑞銀證券所舉辦之『UBS Asian Investment Conference 2024』，會中就本公司4/18法說會已公開之財務數字、經營績效等相關資訊進行說明。","233020240418M001.pdf","233020240418E001.pdf","https://investor.tsmc.com/chinese/quarterly-results/2024/q1",法說會影音連結資訊:https://investor.tsmc.com/sites/ir/2024-05/TSMC_Group_Meeting_Audio_File_20240527.mp3 ,"無。","查詢"
"2330","台積電","113/03/19","09:00","台北君悅酒店","本公司受邀參加美銀證券所舉辦之『2024 APAC TMT Conference』，會中就本公司1/18法說會已公開之財務數字、經營績效等相關資訊進行說明。","233020240118M001.pdf","233020240118E001.pdf","https://investor.tsmc.com/chinese/quarterly-results/2023/q4","","無。","查詢"
"2330","台積電","113/12/03 至 113/12/06","02:35","The Phoenician","本公司受邀參加瑞銀證券所舉辦之『2024 UBS Global Technology Conference』，會中就本公司10/17法說會已公開之財務數字、經營績效等相關資訊進行說明。","233020241017M001.pdf","233020241017E001.pdf","https://investor.tsmc.com/chinese/quarterly-results/","","無。","查詢"
"2330","台積電","113/04/18","14:00","線上法說會","(1)公布本公司2024年第1季財務報告及2024年第2季業績展望。(2)參加方式：請參見https://investor.tsmc.com/chinese/quarterly-results/2024/q1","233020240418M001.pdf","233020240418E001.pdf","https://investor.tsmc.com/chinese/quarterly-results/2024/q1",同步收看網址：:https://investor.tsmc.com/chinese/quarterly-results/2024/q1 法說會影音連結資訊:https://investor.tsmc.com/chinese/quarterly-results/2024/q1 ,"無。","查詢"
"2330","台積電","113/09/09 至 113/09/13","23:10","Palace Hotel, San Francisco","本公司受邀參加美商高盛證券所舉辦之『Goldman Sachs Communacopia + Technology Conference』，會中就本公司7/18法說會已公開之財務數字、經營績效等相關資訊進行說明。","233020240718M001.pdf","233020240718E001.pdf","https://investor.tsmc.com/chinese/quarterly-results/","","無。","查詢"
"2330","台積電","113/10/17","14:00","線上法說會","(1)公布本公司2024年第3季財務報告及2024年第4季業績展望。(2)參加方式：請參見https://investor.tsmc.com/chinese/quarterly-results/2024/q3","233020241017M001.pdf","233020241017E001.pdf","https://investor.tsmc.com/chinese/quarterly-results/2024/q3",同步收看網址：:https://investor.tsmc.com/chinese/quarterly-results/2024/q3 法說會影音連結資訊:https://investor.tsmc.com/chinese/quarterly-results/2024/q3 ,"無。","查詢"
"2330","台積電","113/09/23","09:00","台北W hotel","本公司受邀參加瑞銀證券所舉辦之『UBS Taiwan Summit 2024』，會中就本公司7/18法說會已公開之財務數字、經營績效等相關資訊進行說明。","233020240718M001.pdf","233020240718E001.pdf","https://investor.tsmc.com/chinese/quarterly-results/","","無。","查詢"
"2331","精英","113/12/17","14:30","線上法說會","本公司受邀參加福邦證券舉辦之線上法人說明會，就本公司已公佈之經營績效等相關資訊說明","233120241217M001.pdf","233120241217E001.pdf","https://www.ecs.com.tw/tw/investor/investor-conference",法說會影音連結資訊:https://youtu.be/2zuEHOCygnM?si=ZCzDdhz8RqcrgRkg ,"無","查詢"
"2332","友訊","113/03/05","14:30","華南永昌證券4樓會議室(台北市民生東路四段54號4樓)","本公司受邀參加華南永昌證券舉辦之法人說明會，說明本公司營運展望與經營績效。","233220240305M001.pdf","233220240305E001.pdf","https://www.ir-cloud.com/taiwan/2332/irwebsite_c/index.php?mod=event",法說會影音連結資訊:https://wordpress-media-jp.s3.ap-northeast-1.amazonaws.com/company/20240305142900.MP4 ,"無","查詢"
"2332","友訊","113/05/21","14:30","群益金鼎證券（台北市松山區民生東路三段156號）11樓會議室","本公司受邀參加群益金鼎證券舉辦之法人說明會，說明本公司營運展望與經營績效。","233220240521M001.pdf","233220240521E001.pdf","https://www.ir-cloud.com/taiwan/2332/irwebsite_c/index.php?mod=event",法說會影音連結資訊:https://wordpress-media-jp.s3.ap-northeast-1.amazonaws.com/company/20240521.MP4 ,"無","查詢"
"2337","旺宏","113/03/05","11:00","台北","本公司受邀參加第一金證券舉辦之「2024年第一季投資論壇」，會中就本公司已公開資訊做說明。","233720240130M001.pdf","233720240130E001.pdf","https://www.macronix.com/zh-tw/about/investor-relations/Pages/quarterly-results.aspx","","無","查詢"
"2337","旺宏","113/01/30","16:00","線上法人說明會","旺宏電子2023年第四季營運成果報告","233720240130M001.pdf","233720240130E001.pdf","https://www.macronix.com/zh-tw/about/investor-relations/Pages/quarterly-results.aspx",法說會影音連結資訊:https://www.macronix.com/zh-tw/about/investor-relations/Pages/quarterly-results.aspx ,"無","查詢"
"2337","旺宏","113/03/06 至 113/03/07","10:10","線上會議","本公司受邀參加寬量國際舉辦之「QIC Semiconductor Corporate Day」，會中就本公司已公開資訊做說明。","233720240130M001.pdf","233720240130E001.pdf","https://www.macronix.com/zh-tw/about/investor-relations/Pages/quarterly-results.aspx","","無","查詢"
"2337","旺宏","113/02/19","09:00","台北","本公司受邀參加摩根大通證券舉辦之「Taiwan CEO-CFO Conference 2024」，會中就本公司已公開資訊做說明。","233720240130M001.pdf","233720240130E001.pdf","https://www.macronix.com/zh-tw/about/investor-relations/Pages/quarterly-results.aspx","","無","查詢"
"2337","旺宏","113/10/29","16:00","線上法人說明會","旺宏電子2024年第三季營運成果報告","233720241029M001.pdf","233720241029E001.pdf","https://www.macronix.com/zh-tw/about/investor-relations/Pages/quarterly-results.aspx",法說會影音連結資訊:https://www.macronix.com/zh-tw/about/investor-relations/Pages/quarterly-results.aspx ,"無","查詢"
"2337","旺宏","113/04/30","16:00","線上法人說明會","旺宏電子2024年第一季營運成果報告","233720240430M001.pdf","233720240430E001.pdf","https://www.macronix.com/zh-tw/about/investor-relations/Pages/quarterly-results.aspx",法說會影音連結資訊:https://www.macronix.com/zh-tw/about/investor-relations/Pages/quarterly-results.aspx ,"無","查詢"
"2337","旺宏","113/04/15 至 113/04/16","14:00","新加坡","本公司受邀參加寬量國際舉辦之「15th Taiwan CEO Week」，會中就本公司已公開資訊做說明。","233720240130M001.pdf","233720240130E001.pdf","https://www.macronix.com/zh-tw/about/investor-relations/Pages/quarterly-results.aspx","","無","查詢"
"2337","旺宏","113/03/21","11:00","台北","本公司受邀參加美銀證券舉辦之「2024 APAC TMT Conference」，會中就本公司已公開資訊做說明。","233720240130M001.pdf","233720240130E001.pdf","https://www.macronix.com/zh-tw/about/investor-relations/Pages/quarterly-results.aspx","","無","查詢"
"2337","旺宏","113/11/25 至 113/11/26","10:00","台北","本公司受邀參加花旗證券舉辦之「2024 Taiwan Corporate Day」，會中就本公司已公開資訊做說明。","233720241029M001.pdf","233720241029E001.pdf","https://www.macronix.com/zh-tw/about/investor-relations/Pages/quarterly-results.aspx","","無","查詢"
"2337","旺宏","113/06/03 至 113/06/04","14:30","新加坡及台北","本公司受邀參加以下法人說明會，會中就本公司已公開資訊做說明：(1) 113/06/03至113/06/04 受邀參加野村證券舉辦之「NIFA Nomura Investment Forum Asia」；(2) 113/06/04 受邀參加匯豐證券與證交所舉辦之「Taiwan Conference 2024」。","233720240430M001.pdf","233720240430E001.pdf","https://www.macronix.com/zh-tw/about/investor-relations/Pages/quarterly-results.aspx","","無","查詢"
"2337","旺宏","113/06/07","12:00","台北","本公司受邀參加花旗證券舉辦之「2024 Taiwan Tech Conference」，會中就本公司已公開資訊做說明。","233720240430M001.pdf","233720240430E001.pdf","https://www.macronix.com/zh-tw/about/investor-relations/Pages/quarterly-results.aspx","","無","查詢"
"2337","旺宏","113/07/30","16:00","線上法人說明會","旺宏電子2024年第二季營運成果報告","233720240730M001.pdf","233720240730E001.pdf","https://www.macronix.com/zh-tw/about/investor-relations/Pages/quarterly-results.aspx",法說會影音連結資訊:https://www.macronix.com/zh-tw/about/investor-relations/Pages/quarterly-results.aspx ,"無","查詢"
"2337","旺宏","113/09/24","13:30","台北","本公司受邀參加群益金鼎證券舉辦之「3Q24 Investment Forum」，會中就本公司已公開資訊做說明。","233720240730M001.pdf","233720240730E001.pdf","https://www.macronix.com/zh-tw/about/investor-relations/Pages/quarterly-results.aspx",中文影音檔網址:2337_202_20240924_ch.MP4 ,"無","查詢"
"2337","旺宏","113/08/30","15:00","台北","本公司受邀參加中國信託證券舉辦之「CTBC Securities – 2024 3Q Forum」，會中就本公司已公開資訊做說明。","233720240730M001.pdf","233720240730E001.pdf","https://www.macronix.com/zh-tw/about/investor-relations/Pages/quarterly-results.aspx","","無","查詢"
"2338","光罩","113/05/27","14:30","新竹國賓大飯店13樓會議AB室(新竹市東區中華路二段188號13樓)","本公司受邀參加國泰綜合證券舉辦之「台灣光罩股份有限公司法人說明會」","233820240528M001.pdf","233820240528E001.pdf","https://www.tmcnet.com.tw/tw/Investors/Conference",中文影音檔網址:2338_12_20240527_ch.mp4 ,"無。","查詢"
"2340","台亞","113/08/27","15:00","新竹豐邑喜來登大飯店3樓東館宴會廳III廳","本公司舉辦財務業務概況座談會","234020240826M001.pdf","234020240826E001.pdf","https://www.tascsemi.com/investor-relations/shareholder-column/law-meeting/",同步收看網址：:https://youtube.com/live/Py7cLbezGPg?feature=share 法說會影音連結資訊:https://www.tascsemi.com/investor-relations/shareholder-column/law-meeting/ ,"無","查詢"
"2342","茂矽","113/03/13","14:30","台灣證券交易所一樓資訊展示中心 (台北市信義路五段7號1樓)","說明公司112年營運狀況及未來展望","234220240313M001.pdf","234220240313E001.pdf","https://www.mosel.com.tw/investor_1.aspx",同步收看網址：:https://webpro.twse.com.tw/WebPortal/vod/101/D96C5F23B425-11EE89BC-E107-11EE-AB62/?categoryId=101 法說會影音連結資訊:https://webpro.twse.com.tw/WebPortal/vod/101/D96C5F23B425-11EE89BC-E107-11EE-AB62/?categoryId=101 ,"無","查詢"
"2342","茂矽","113/09/19","14:30","線上法說會","本公司受邀參加台新證券舉辦之線上法說會，說明本公司營運狀況","234220240919M001.pdf","234220240919E001.pdf","https://www.mosel.com.tw/investor_1.aspx",法說會影音連結資訊:https://reurl.cc/Re24Ox ,"無","查詢"
"2344","華邦電","113/08/02","15:00","線上法說會","本公司舉行113年上半年度法人說明會，將於會中就公司113年上半年度財務數字與營運概況做說明","234420240802M001.pdf","234420240802E001.pdf","http://www.winbond.com/",同步收看網址：:https://wms.gridow.com/ir/winbond/winbond_1H24.html 法說會影音連結資訊:https://wms.gridow.com/ir/winbond/winbond_1H24.html ,"無","查詢"
"2344","華邦電","113/02/06","16:30","線上法說會","本公司舉行112年下半年度法人說明會，將於會中就公司112年下半年度財務數字與營運概況做說明","234420240206M001.pdf","234420240206E001.pdf","http://www.winbond.com/",同步收看網址：:https://wms.gridow.com/ir/winbond/winbond_2H23.html 法說會影音連結資訊:https://wms.gridow.com/ir/winbond/winbond_2H23.html ,"無","查詢"
"2345","智邦","113/11/08","15:00","線上會議","說明本公司之營運概況及財務相關資訊。","234520241108M002.pdf","234520241108E002.pdf","https://www.accton.com.tw/investor-conference/",法說會影音連結資訊:https://www.accton.com.tw/investor-conference/ (英)影音連結網址:https://www.accton.com/investor-conference/ ,"無","查詢"
"2347","聯強","113/11/07","14:00","臺北市南港區市民大道八段205號23樓，同步視訊","說明公司業務狀況","234720241107M001.pdf","234720241107E001.pdf","http://www.synnex-grp.com/tw",中文影音檔網址:2347_55_20241107_ch.mp4 ,"無","查詢"
"2347","聯強","113/03/18","14:00","台北市民生東路3段75號11樓，同步視訊","說明公司業務狀況","234720240318M001.pdf","234720240318E001.pdf","http://www.synnex-grp.com/tw",中文影音檔網址:2347_49_20240318_ch.mp4 ,"無","查詢"
"2347","聯強","113/05/14","14:00","台北市民生東路3段75號11樓，同步視訊","說明公司業務狀況","234720240514M001.pdf","234720240514E001.pdf","http://www.synnex-grp.com/tw",中文影音檔網址:2347_50_20240514_ch.mp4 ,"無","查詢"
"2347","聯強","113/06/25","15:00","台北茹曦酒店，台北市松山區敦化北路100號","說明公司業務狀況","234720240606M001.pdf","234720240606E001.pdf","http://www.synnex-grp.com/tw","","無","查詢"
"2347","聯強","113/06/03","14:00","台北君悅酒店，台北市松壽路2號","說明公司業務狀況","234720240606M002.pdf","234720240606E002.pdf","http://www.synnex-grp.com/tw","","無","查詢"
"2347","聯強","113/06/05","14:00","台北W飯店，台北市忠孝東路五段10號","說明公司業務狀況","234720240606M001.pdf","234720240606E001.pdf","http://www.synnex-grp.com/tw","","無","查詢"
"2347","聯強","113/08/14","14:30","台北市寶慶路69號4樓，同步視訊","說明公司業務狀況","234720240814M001.pdf","234720240814E001.pdf","http://www.synnex-grp.com/tw",中文影音檔網址:2347_54_20240814_ch.mp4 ,"無","查詢"
"2348","海悅","113/11/18","14:30","台北市忠孝東路二段95號13樓（1301會議室）","113年第三季營運成果及未來展望","234820241118M001.pdf","234820241118E001.pdf","",法說會影音連結資訊:https://www.hiyes-group.com.tw/homeInvestor_news01.aspx?#top_1 ,"無","查詢"
"2349","錸德","113/09/23","14:00","線上法說會","本公司受邀參加國票綜合證券舉辦之線上法說會，說明本公司營運概況。","234920240923M001.pdf","234920240923E001.pdf","http://www.ritek.com.tw",中文影音檔網址:2349_11_20240923_ch.mp4 ,"無","查詢"
"2349","錸德","113/12/24","14:00","台北市樂群三路128號(國票金控大樓)","本公司受邀參加國票綜合證券舉辦之法人說明會，說明本公司營運概況。","234920241224M001.pdf","234920241224E001.pdf","https://www.ritek.com",中文影音檔網址:2349_12_20241224_ch.MP4 ,"無","查詢"
"2351","順德","113/11/12 至 113/11/13","10:00","香港","受邀參加大和國泰證券舉辦之法說會，說明本公司營運概況","235120241111M001.pdf","235120241111E001.pdf","http://www.sdi.com.tw","","無","查詢"
"2351","順德","113/03/05 至 113/03/21","12:00","3/5台北W飯店、3/21台北君悅酒店","1.受邀參加花旗證券舉辦之「Citi&#039;s 2024 Taiwan Corporate Day」
2.受邀參加美銀證券BofA Securities舉辦之「BofA Securities 2024 APAC TMT Conference」
3.說明本公司營運概況","235120240304M001.pdf","235120240304E001.pdf","http://www.sdi.com.tw",法說會影音連結資訊:https://www.youtube.com/watch?v=ezkRLDj0cFk ,"無","查詢"
"2351","順德","113/06/07","11:00","台北W飯店","受邀參加花旗證券舉辦之「 Citi&#039;s 2024 Taiwan Tech Conference」，說明本公司營運概況","235120240606M002.pdf","235120240606E002.pdf","http://www.sdi.com.tw","","無","查詢"
"2351","順德","113/08/20","15:00","台北W飯店","受邀參加野村證券舉辦之法說會，說明本公司營運概況","235120240819M001.pdf","235120240819E001.pdf","http://www.sdi.com.tw","","無","查詢"
"2351","順德","113/09/19","10:50","台北晶華酒店","受邀參加元大證券舉辦之法說會，說明本公司營運概況","235120240819M001.pdf","235120240819E001.pdf","http://www.sdi.com.tw",法說會影音連結資訊:https://youtu.be/yCwdS8R3Ves ,"無","查詢"
"2352","佳世達","113/05/08","14:00","線上法說會","本公司2024年第一季財務結果及業務摘要","235220240508M001.pdf","235220240508E001.pdf","https://www.qisda.com/tw/investor/ir-activities",法說會影音連結資訊:https://www.youtube.com/watch?v=vn6jI7ze9ew&t=859s&ab_channel=%E4%BD%B3%E4%B8%96%E9%81%94QisdaCorp 中文影音網址:https://www.youtube.com/watch?v=sFCpcAHcftg&ab_channel=%E4%BD%B3%E4%B8%96%E9%81%94QisdaCorp ,"會議簡報檔及影音連結將於法人說明會後揭露於公開資訊觀測站","查詢"
"2352","佳世達","113/03/06","15:00","線上法說會","本公司2023年第四季財務結果及業務摘要","235220240306M002.pdf","235220240306E002.pdf","https://www.qisda.com/tw/investor/ir-activities",中文影音檔網址:2352_53_20240306_ch.mp4 ,"會議簡報檔及影音連結將於法人說明會後揭露於公開資訊觀測站","查詢"
"2352","佳世達","113/03/13","13:30","君悅酒店 （台北市信義區松壽路2號）","本公司受邀參加元大證券舉辦之2024年第一季投資論壇，說明本公司營運成果。","235220240306M002.pdf","235220240306E002.pdf","https://www.qisda.com/tw/investor/ir-activities",法說會影音連結資訊:https://youtu.be/ElmYTsTzjwU ,"完整財務業務資訊請至公開資訊觀測站之法人說明會一覽表或法說會項目下查閱。","查詢"
"2352","佳世達","113/03/14","16:20","宏遠證券 （台北市信義路四段236號）","本公司受邀參加宏遠證券舉辦之2024未來趨勢產業投資論壇，說明本公司營運成果。","235220240306M002.pdf","235220240306E002.pdf","https://www.qisda.com/tw/investor/ir-activities","","完整財務業務資訊請至公開資訊觀測站之法人說明會一覽表或法說會項目下查閱。","查詢"
"2352","佳世達","113/06/13","15:20","台北茹曦酒店 (台北市松山區敦化北路100號)","本公司受邀參加凱基證券舉辦之第二季投資論壇，說明本公司營運成果。","235220240508M001.pdf","235220240508E001.pdf","https://www.qisda.com/tw/investor/ir-activities","","完整財務業務資訊請至公開資訊觀測站之法人說明會一覽表或法說會項目下查閱。","查詢"
"2352","佳世達","113/06/12","11:00","台北喜來登大飯店 (台北市中正區忠孝東路一段 12號)","本公司受邀參加第一金證券舉辦之第二季投資論壇，說明本公司營運成果。","235220240508M001.pdf","235220240508E001.pdf","https://www.qisda.com/tw/investor/ir-activities","","完整財務業務資訊請至公開資訊觀測站之法人說明會一覽表或法說會項目下查閱。","查詢"
"2352","佳世達","113/08/22","10:00","台北茹曦酒店 (台北市松山區敦化北路100號)","本公司受邀參加華南永昌證券舉辦之2024年第3季產業暨企業論壇，說明本公司營運成果。","235220240807M001.pdf","235220240807E001.pdf","https://www.qisda.com/tw/investor/ir-activities","","完整財務業務資訊請至公開資訊觀測站之法人說明會一覽表或法說會項目下查閱。","查詢"
"2352","佳世達","113/05/28","11:20","台北文創 (台北市信義區菸廠路88號)","本公司受邀參加元富證券舉辦之2024年夏季投資論壇，說明本公司營運成果。","235220240508M001.pdf","235220240508E001.pdf","https://www.qisda.com/tw/investor/ir-activities","","完整財務業務資訊請至公開資訊觀測站之法人說明會一覽表或法說會項目下查閱。","查詢"
"2352","佳世達","113/06/25","13:30","台北茹曦酒店 (台北市松山區敦化北路100號)","本公司受邀參加群益金鼎證券舉辦之第二季投資論壇，說明本公司營運成果。","235220240508M001.pdf","235220240508E001.pdf","https://www.qisda.com/tw/investor/ir-activities","","完整財務業務資訊請至公開資訊觀測站之法人說明會一覽表或法說會項目下查閱。","查詢"
"2352","佳世達","113/08/07","14:00","線上法說會","本公司2024年第二季財務結果及業務摘要","235220240807M001.pdf","235220240807E001.pdf","https://www.qisda.com/tw/investor/ir-activities",法說會影音連結資訊:https://youtu.be/ZHhQGW7dlvY 英文影音連結網址:https://youtu.be/X9aNJafGtPk ,"會議簡報檔及影音連結將於法人說明會後揭露於公開資訊觀測站","查詢"
"2352","佳世達","113/09/11","14:30","台北晶華酒店(台北市中山北路二段39巷3號)","本公司受邀參加永豐金證券舉辦之2024年第三季產業論壇，說明本公司營運成果。","235220240807M001.pdf","235220240807E001.pdf","https://www.qisda.com/tw/investor/ir-activities","","完整財務業務資訊請至公開資訊觀測站之法人說明會一覽表或法說會項目下查閱。","查詢"
"2352","佳世達","113/11/06","14:00","本公司基湖大樓(台北市內湖區基湖路16號)","本公司2024年第三季財務結果及業務摘要","235220241106M001.pdf","235220241106E001.pdf","https://www.qisda.com/tw/investor/ir-activities",法說會影音連結資訊:https://youtu.be/x3j-oNEX3h8 ,"會議簡報檔及影音連結將於法人說明會後揭露於公開資訊觀測站","查詢"
"2353","宏碁","113/02/20","09:00","W Hotel Taipei","本公司受邀參加野村證券舉辦之Nomura Asia Tech Tour，將於上述時間地點，向法人投資者就已公開發佈之財務數字、經營績效等相關資訊做說明。","235320231103M003.pdf","235320231103E003.pdf","http://www.acer-group.com","","無","查詢"
"2353","宏碁","113/02/22","15:00","W Hotel Taipei","本公司受邀參加大和證券舉辦之Daiwa Taipei Corporate Day，將於上述時間地點，向法人投資者就已公開發佈之財務數字、經營績效等相關資訊做說明。","235320231103M003.pdf","235320231103E003.pdf","http://www.acer-group.com","","無","查詢"
"2353","宏碁","113/05/24","09:00","日本東京","本公司受邀參加摩根史坦利證券舉辦之Asia Tech Corporate Day，將於上述時間地點，向法人投資者就已公開發佈之財務數字、經營績效等相關資訊做說明。","235320240509M001.pdf","235320240509E001.pdf","","","無","查詢"
"2353","宏碁","113/06/12","15:00","台北喜來登大飯店","本公司受邀參加第一金證券舉辦之投資論壇，將於上述時間地點，向法人投資者就已公開發佈之財務數字、經營績效等相關資訊做說明。","235320240509M002.pdf","235320240509E002.pdf","http://www.acer-group.com","","無","查詢"
"2353","宏碁","113/04/18","09:00","Goldman Sachs 新加坡辦公室","本公司受邀參加高盛證券與臺灣證交所聯合舉辦之台星AI與科技引資活動，將於上述時間地點，向法人投資者就已公開發佈之財務數字、經營績效等相關資訊做說明。","235320240314M003.pdf","235320240314E003.pdf","http://www.acer-group.com","","無","查詢"
"2353","宏碁","113/11/12 至 113/11/13","09:00","紐約","本公司受邀參加匯豐證券舉辦13th Annual Asia Investor Forum，將於上述時間地點，向法人投資者就已公開發佈之財務數字、經營績效等相關資訊做說明。","235320241108M001.pdf","235320241108E001.pdf","http://www.acer-group.com","","無","查詢"
"2353","宏碁","113/11/25 至 113/11/26","09:00","台北遠東香格里拉飯店","本公司受邀參加花旗證券舉辦之Citi 2024 Taiwan Conference ，將於上述時間地點，向法人投資者就已公開發佈之財務數字、經營績效等相關資訊做說明。","235320241108M002.pdf","235320241108E002.pdf","http://www.acer-group.com","","無","查詢"
"2353","宏碁","113/05/29","15:00","台北晶華酒店","本公司受邀參加台新2024年第二季全球投資論壇，將於上述時間地點，向法人投資者就已公開發佈之財務數字、經營績效等相關資訊做說明。","235320240509M001.pdf","235320240509E001.pdf","http://www.acer-group.com","","無","查詢"
"2353","宏碁","113/06/06","09:00","W hotel","本公司受邀參加花旗證券舉辦之Citi 2024 Taiwan Conference，將於上述時間地點，向法人投資者就已公開發佈之財務數字、經營績效等相關資訊做說明。","235320240509M001.pdf","235320240509E001.pdf","http://www.acer-group.com","","無","查詢"
"2353","宏碁","113/06/25","15:00","茹曦酒店","本公司受邀參加群益第二季投資論壇，將於上述時間地點，向法人投資者就已公開發佈之財務數字、經營績效等相關資訊做說明。","235320240509M001.pdf","235320240509E001.pdf","http://www.acer-group.com","","無","查詢"
"2353","宏碁","113/03/15","13:30","茹曦酒店","本公司受邀參加國泰證券舉辦之國泰2024年1Q論壇，將於上述時間地點，向法人投資者就已公開發佈之財務數字、經營績效等相關資訊做說明。","235320240314M001.pdf","235320240314E001.pdf","http://www.acer-group.com","","無","查詢"
"2353","宏碁","113/03/21","11:00","茹曦酒店","本公司受邀參加華南永昌證券舉辦之華南永昌法人部第一季企業論壇，將於上述時間地點，向法人投資者就已公開發佈之財務數字、經營績效等相關資訊做說明。","235320240314M003.pdf","235320240314E003.pdf","http://www.acer-group.com","","無","查詢"
"2353","宏碁","113/03/26","11:00","兆豐證券","本公司受邀參加兆豐證券舉辦之兆豐證券第一季產業論壇，將於上述時間地點，向法人投資者就已公開發佈之財務數字、經營績效等相關資訊做說明。","235320240314M004.pdf","235320240314E004.pdf","http://www.acer-group.com","","無","查詢"
"2353","宏碁","113/03/19 至 113/03/21","14:00","君悅飯店","本公司受邀參加美林證券舉辦之BofA Securities 2024 APAC TMT Conference，將於上述時間地點，向法人投資者就已公開發佈之財務數字、經營績效等相關資訊做說明。","235320240314M002.pdf","235320240314E002.pdf","http://www.acer-group.com","","無","查詢"
"2353","宏碁","113/07/19","14:00","宏碁大樓體驗中心(新北市汐止區新台五路一段88號1樓)","本公司受邀參加元富證券法人說明會，將於上述時間地點，向法人投資者就已公開發佈之財務數字、經營績效等相關資訊做說明。","235320240719M001.pdf","235320240719E001.pdf","http://www.acer-group.com",法說會影音連結資訊:https://www.youtube.com/playlist?list=PLFrRw4VL9l15BDKOy8mmyWARhZX5sARVD ,"無","查詢"
"2353","宏碁","113/09/03","14:00","台北君悅酒店","公司受邀參加高盛證券舉辦 Taiwan Corporate Day in Taipei 2024，將於上述時間地點，向法人投資者就已公開發佈之財務數字、經營績效等相關資訊做說明。","235320240808M001.pdf","235320240808E001.pdf","http://www.acer-group.com","","無","查詢"
"2353","宏碁","113/09/06","15:00","台北文華東方酒店","本公司受邀參加國泰證券舉辦國泰證券第三季論壇，將於上述時間地點，向法人投資者就已公開發佈之財務數字、經營績效等相關資訊做說明。","235320240808M002.pdf","235320240808E002.pdf","http://www.acer-group.com","","無","查詢"
"2353","宏碁","113/09/23 至 113/09/24","09:00","W酒店","本公司受邀參加瑞銀證券舉辦 Taiwan Summit 2024，將於上述時間地點，向法人投資者就已公開發佈之財務數字、經營績效等相關資訊做說明。","235320240808M003.pdf","235320240808E003.pdf","http://www.acer-group.com","","無","查詢"
"2353","宏碁","113/12/19","13:30","兆豐證券(台北市中正區忠孝東路二段95號13F)","本公司受邀參加兆豐證券舉辦兆豐證券2024 Q4產業論壇，將於上述時間地點，向法人投資者就已公開發佈之財務數字、經營績效等相關資訊做說明。","235320241108M001.pdf","235320241108E001.pdf","http://www.acer-group.com",中文影音檔網址:2353_141_20241219_ch.mp4 ,"無","查詢"
"2354","鴻準","113/06/04","09:00","台北君悅酒店(110 台北市信義區松壽路2號)","本公司受邀參加匯豐證券與台灣證券交易所合辦之 Taiwan Conference 2024，說明本公司營運概況。","235420240603M001.pdf","235420240603E001.pdf","https://www.foxconntech.com.tw/investor-relations/investor-relations-activities/investor-conference/","","無","查詢"
"2354","鴻準","113/06/05","11:00","台北W飯店(台北市信義區忠孝東路五段10號)","受邀參加花旗證券舉辦之2024 Taiwan Tech Conference，說明本公司營運概況。","235420240603M002.pdf","235420240603E002.pdf","https://www.foxconntech.com.tw/investor-relations/investor-relations-activities/investor-conference/",法說會影音連結資訊:未輸 ,"無","查詢"
"2354","鴻準","113/11/19","14:00","國票金控大樓(台北市樂群三路128號7樓)","受邀參加國票證券舉辦之法人說明會，說明本公司營運概況。","235420241119M001.pdf","235420241119E001.pdf","https://www.foxconntech.com.tw/investor-relations/investor-relations-activities/investor-conference/",中文影音檔網址:2354_18_20241119_ch.MP4 ,"無","查詢"
"2354","鴻準","113/06/13","14:00","台北茹曦酒店(台北市松山區敦化北路100號)","受邀參加凱基證券舉辦之2024第二季KGI投資論壇，說明本公司營運概況。","235420240612M001.pdf","235420240612E001.pdf","https://www.foxconntech.com.tw/investor-relations/investor-relations-activities/investor-conference/",中文影音檔網址:2354_17_20240613_ch.mp3 ,"無","查詢"
"2355","敬鵬","113/06/06","14:30","台北市信義區信義路5段7號1樓(臺灣證券交易所資訊展示中心)","公司營運介紹及說明","235520240606M002.pdf","235520240606E002.pdf","https://www.chinpoon.com/investor/13",法說會影音連結資訊:https://webpro.twse.com.tw/WebPortal/vod/101/B192A9F766C2-3BB0B81C-23D8-11EF-A0B0/?categoryId=101 ,"無","查詢"
"2355","敬鵬","113/12/18","14:30","台北市信義區信義路5段7號1樓(臺灣證券交易所資訊展示中心)","公司營運介紹及說明","235520241218M002.pdf","235520241218E002.pdf","https://www.chinpoon.com/investor/13",法說會影音連結資訊:https://webpro.twse.com.tw/webportal/vod/101/395B3EFB8E76-44A2CCCD-BD14-11EF-BD5E/?categoryId=101 ,"無","查詢"
"2356","英業達","113/11/14","10:00","台北香格里拉遠東大酒店(台北市大安區敦化南路二段201號)","本公司受邀參加CLST Taiwan Market Mover 2025 Access Day，說明本公司營運概況","235620241111M002.pdf","235620241111E002.pdf","https://www.inventec.com","","無","查詢"
"2356","英業達","113/11/26","10:00","台北香格里拉遠東大酒店(台北市大安區敦化南路二段201號)","本公司受邀參加 Citi Taiwan Corporate Day at Far Eastern Hotel，說明本公司營運概況","235620241111M006.pdf","235620241111E006.pdf","https://www.inventec.com","","無","查詢"
"2356","英業達","113/11/20","10:20","晶華酒店(台北市中山區中山北路二段39巷3號)","本公司受邀參加康和證券2025投資趨勢論壇，說明本公司營運概況","235620241111M004.pdf","235620241111E004.pdf","https://www.inventec.com","","無","查詢"
"2356","英業達","113/11/20","09:00","新加坡","本公司受邀參加Morgan Stanley Twenty-Third Annual Asia Pacific Summit，說明本公司營運概況","235620241111M003.pdf","235620241111E003.pdf","https://www.inventec.com","","無","查詢"
"2356","英業達","113/11/26 至 113/11/27","09:00","倫敦","本公司受邀參加Goldman Sachs London NDR，說明本公司營運概況","235620241111M005.pdf","235620241111E005.pdf","https://www.inventec.com","","無","查詢"
"2356","英業達","113/11/11","14:00","線上說明會","本公司受邀參加UBS第三季營運實績說明會，說明本公司營運概況","235620241111M001.pdf","235620241111E001.pdf","https://www.inventec.com","","無","查詢"
"2356","英業達","113/02/20","10:00","台北君悅酒店(台北市信義區松壽路2號)","本公司受邀參加 JP Morgan Taiwan CEO-CFO Conference 2024，說明本公司營運概況","235620231110M003.pdf","235620231110E003.pdf","https://www.inventec.com","","無","查詢"
"2356","英業達","113/05/14","14:00","線上說明會","本公司受邀參加富邦證券2024第一季營運實績說明會，說明本公司營運概況","235620240514M001.pdf","235620240514E001.pdf","https://www.inventec.com",中文影音檔網址:2356_177_20240514_ch.mp4 ,"無","查詢"
"2356","英業達","113/04/18","09:00","新加坡","本公司受邀參加 Goldman Sachs TechNet Conference Asia Pacific 2024，說明本公司營運概況","235620240315M002.pdf","235620240315E002.pdf","https://www.inventec.com","","無","查詢"
"2356","英業達","113/02/22","10:00","線上會議","本公司受邀參加JP Morgan線上座談，說明本公司營運概況","235620231110M003.pdf","235620231110E003.pdf","https://www.inventec.com",中文影音檔網址:2356_173_20240222_ch.mp4 ,"無","查詢"
"2356","英業達","113/01/02","14:00","線上會議","本公司受邀參加康和證券線上論壇，說明本公司營運概況","235620231110M003.pdf","235620231110E003.pdf","https://www.inventec.com","","無","查詢"
"2356","英業達","113/01/03","14:00","凱基證券(台北市中山區明水路700號)","本公司受邀參加凱基證券座談會，說明本公司營運概況","235620231110M003.pdf","235620231110E003.pdf","https://www.inventec.com","","無","查詢"
"2356","英業達","113/06/07","10:00","台北W飯店(台北市信義區忠孝東路五段10號)","本公司受邀參加花旗證券Taiwan Conference，說明本公司營運概況","235620240531M001.pdf","235620240531E001.pdf","https://www.inventec.com","","無","查詢"
"2356","英業達","113/06/13","13:00","台北遠東香格里拉 (台北市敦化南路二段201號)","本公司受邀參加富邦證券Asia Tech Conference，說明本公司營運概況","235620240531M001.pdf","235620240531E001.pdf","https://www.inventec.com","","無","查詢"
"2356","英業達","113/03/15","14:00","台北市南港區經貿二路188號14樓","本公司受邀參加中信證券論壇，說明本公司營運概況","235620240315M001.pdf","235620240315E001.pdf","https://www.inventec.com","","無","查詢"
"2356","英業達","113/03/19 至 113/03/20","10:00","Grand Hyatt Taipei (台北市信義區松壽路2號)","本公司受邀參加BofA 2024 APAC TMT Conference，說明本公司營運概況","235620240315M002.pdf","235620240315E002.pdf","https://www.inventec.com","","無","查詢"
"2356","英業達","113/05/24","10:00","東京","本公司受邀參加 Morgan Stanley Asia Tech Corporate Day，說明本公司營運概況","235620240514M002.pdf","235620240514E002.pdf","https://www.inventec.com","","無","查詢"
"2356","英業達","113/05/30","09:00","香港","本公司受邀參加 UBS Asian Investment Conference 2024，說明本公司營運概況","235620240514M003.pdf","235620240514E003.pdf","https://www.inventec.com","","無","查詢"
"2356","英業達","113/07/16","14:00","線上會議","本公司受邀參加合庫證券線上座談會，說明本公司營運概況","235620240531M001.pdf","235620240531E001.pdf","https://www.inventec.com","","無","查詢"
"2356","英業達","113/07/09","10:00","線上會議","本公司受邀參加Silver Point Virtual Meeting，說明本公司營運概況","235620240531M001.pdf","235620240531E001.pdf","https://www.inventec.com","","無","查詢"
"2356","英業達","113/07/15","14:00","線上會議","本公司受邀參加凱基證券線上座談會，說明本公司營運概況","235620240531M001.pdf","235620240531E001.pdf","https://www.inventec.com","","無","查詢"
"2356","英業達","113/07/11","14:00","線上會議","本公司受邀參加元富證券線上座談會，說明本公司營運概況","235620240531M001.pdf","235620240531E001.pdf","https://www.inventec.com","","無","查詢"
"2356","英業達","113/08/21","11:00","線上會議","本公司受邀參加 Gomansac Tech Conference，說明本公司營運概況","235620240819M001.pdf","235620240819E001.pdf","https://www.inventec.com","","無","查詢"
"2356","英業達","113/08/26","14:00","台北寒舍艾美酒店(台北市信義區松仁路38號)","本公司受邀參加JP Morgan 9th Annual Asia Tech Tour，說明本公司營運概況","235620240819M002.pdf","235620240819E002.pdf","https://www.inventec.com","","無","查詢"
"2356","英業達","113/09/19","09:30","台北晶華飯店-台北市中山區中山北路二段39巷3號","本公司受邀參加2024元大證券第三季投資論壇，說明本公司營運概況","235620240819M002.pdf","235620240819E002.pdf","https://www.inventec.com","","無","查詢"
"2356","英業達","113/09/25","10:00","W Hotel-台北市信義區忠孝東路五段10號","本公司受邀參加 UBS Taiwan Summit 2024，說明本公司營運概況","235620240819M002.pdf","235620240819E002.pdf","https://www.inventec.com","","無","查詢"
"2357","華碩","113/05/13","16:00","本次為線上會議","1.說明113年第1季營運結果。 
2.報告品牌業務近況及公司願景。","235720240513M001.pdf","235720240513E001.pdf","https://www.asus.com/tw/Pages/Investor/",同步收看網址：:https://asia.webcast-eqs.com/asus24q1/tc 法說會影音連結資訊:https://asia.webcast-eqs.com/asus24q1/tc ,"無","查詢"
"2357","華碩","113/02/19","15:00","台北君悅飯店（台北市信義區松壽路2號）","向法人說明產業狀況與本公司經營績效","235720231113M001.pdf","235720231113E001.pdf","https://www.asus.com/tw/pages/investor/",法說會影音連結資訊:未輸 ,"無","查詢"
"2357","華碩","113/03/15","16:00","本次為線上會議","1.說明112年第4季營運結果。 
2.報告品牌業務近況及公司願景。","235720240321M001.pdf","235720240321E001.pdf","https://www.asus.com/tw/Pages/Investor/",同步收看網址：:https://asia.webcast-eqs.com/asus23q4/tc 法說會影音連結資訊:https://asia.webcast-eqs.com/asus23q4/tc ,"無","查詢"
"2357","華碩","113/03/20","09:00","台北君悅飯店（台北市信義區松壽路2號）","向法人說明產業狀況與本公司經營績效","235720240315M001.pdf","235720240315E001.pdf","https://www.asus.com/tw/Pages/Investor/",同步收看網址：:https://asia.webcast-eqs.com/asus23q4/tc 法說會影音連結資訊:https://asia.webcast-eqs.com/asus23q4/tc ,"無","查詢"
"2357","華碩","113/11/27","15:00","本次為線上會議","向法人說明產業狀況與本公司經營績效","235720241108M001.pdf","235720241108E001.pdf","https://www.asus.com/tw/Pages/Investor/",法說會影音連結資訊:https://drive.google.com/file/d/1WkawaCIrb26HlWW0dH9TnRdM5GOOj_st/view?usp=drivesdk (請輸入網址名稱(註)):未輸 ,"無","查詢"
"2357","華碩","113/08/07","16:00","本次為線上會議","1.說明113年第2季營運結果。 
2.報告品牌業務近況及公司願景。","235720240807M001.pdf","235720240807E001.pdf","https://www.asus.com/tw/Pages/Investor/",同步收看網址：:https://www.webcast-eqs.com/asus24q2/tc 法說會影音連結資訊:https://www.webcast-eqs.com/asus24q2/tc ,"無","查詢"
"2357","華碩","113/09/24","09:00","台北W飯店（台北市信義區忠孝東路五段10號）","向法人說明產業狀況與本公司經營績效","235720240807M001.pdf","235720240807E001.pdf","https://www.asus.com/tw/Pages/Investor/",同步收看網址：:https://www.webcast-eqs.com/asus24q2/tc 法說會影音連結資訊:未輸 ,"無","查詢"
"2357","華碩","113/11/08","16:00","本次為線上會議","1.說明113年第3季營運結果。 
2.報告品牌業務近況及公司願景。","235720241108M001.pdf","235720241108E001.pdf","https://www.asus.com/tw/Pages/Investor/",同步收看網址：:https://www.webcast-eqs.com/asus24q3/tc 法說會影音連結資訊:https://www.webcast-eqs.com/asus24q3/tc ,"無","查詢"
"2359","所羅門","113/08/30","09:30","台北寒舍艾麗酒店(地址：台北巿信義區松高路18號5樓)","中國信託證券2024年第三季前瞻論壇，
說明本公司之營運概況、財務及業務相關資訊。","235920240829M001.pdf","235920240829E001.pdf","https://www.solomon.com.tw/%e8%82%a1%e6%9d%b1%e5%b0%88%e5%8d%80/#tab-id-5",中文影音檔網址:2359_11_20240830_ch.mp4 ,"無","查詢"
"2359","所羅門","113/09/03","14:00","台北文華東方酒店(地址：台北巿松山區敦化北路158號B2樓)","受邀參加 Morgan Stanley(摩根士丹利證券股份有限公司)舉辦之「Taiwan AI Forum 2024」，說明本公司營運概況。","235920240903M001.pdf","235920240903E001.pdf","https://www.solomon.com.tw/%e8%82%a1%e6%9d%b1%e5%b0%88%e5%8d%80/#tab-id-5",中文影音檔網址:2359_12_20240903_ch.mp4 ,"無","查詢"
"2360","致茂","113/11/07 至 113/11/22","09:00","(1)Macau: 11/7 
(2)Hong Kong: 11/18-11/19 
(3)Singapore: 11/21-11/22","本公司受邀參加花旗證券於11/7舉辦之Citi&#039;s 2024 China Investor Conference、摩根大通證券於11/18-11/19舉辦之J.P. Morgan Global TMT Conference 2024及摩根士丹利證券於11/21-11/22舉辦之Morgan Stanley Twenty-Third Annual Asia Pacific Summit，向投資人說明本公司2024年第3季之營運概況。","236020241031M001.pdf","236020241031E001.pdf","http://www.chromaate.com","","無","查詢"
"2360","致茂","113/02/26","14:30","桃園市龜山區文茂路88號(本公司會議室)","2023年第四季營運結果","236020240226M001.pdf","236020240226E001.pdf","http://www.chromaate.com",法說會影音連結資訊:https://www.chromaate.com/tw/investors/quarterly_results ,"無","查詢"
"2360","致茂","113/02/29 至 113/03/01","09:00","日本東京","本公司受邀參加瑞穗證券舉辦之Mizuho Securities NDR Non-deal Roadshow，向投資人說明本公司2023年第4季之營運概況。","236020240227M001.pdf","236020240227E001.pdf","http://www.chromaate.com","","無","查詢"
"2360","致茂","113/04/30","15:30","電話會議","(1)2024年第一季營運結果 (2)參加方式:請撥打電話並輸入密碼 電話:Taiwan: +886-2-2162-6306 密碼:1919030#","236020240430M001.pdf","236020240430E001.pdf","http://www.chromaate.com",法說會影音連結資訊:https://www.chromaate.com/tw/investors/quarterly_results ,"無","查詢"
"2360","致茂","113/03/20 至 113/03/21","09:00","台北君悅酒店","本公司受邀參加美林證券舉辦之BofA 2024 APAC TMT Conference，向投資人說明本公司2023年第4季之營運概況。","236020240227M001.pdf","236020240227E001.pdf","http://www.chromaate.com","","無","查詢"
"2360","致茂","113/05/13 至 113/05/24","09:00","(1)香港:113/5/13~113/5/14(2)東京:113/5/24","本公司受邀參加麥格理證券舉辦之Macquarie Asia Conference及摩根士丹利證券舉辦之Morgan Stanley Flagship Asia Tech Corporate Day，向投資人說明本公司2024年第1季之營運概況。","236020240509M001.pdf","236020240509E001.pdf","http://www.chromaate.com","","無","查詢"
"2360","致茂","113/03/05","09:00","W Hotel Taipei","本公司受邀參加花旗證券舉辦之Citi Taiwan Corporate Day，向投資人說明本公司2023年第4季之營運概況。","236020240227M001.pdf","236020240227E001.pdf","http://www.chromaate.com","","無","查詢"
"2360","致茂","113/07/31","14:30","桃園市龜山區文茂路88號(本公司會議室)","2024年第二季營運結果","236020240731M001.pdf","236020240731E001.pdf","http://www.chromaate.com",法說會影音連結資訊:https://www.chromaate.com/tw/investors/quarterly_results ,"無","查詢"
"2360","致茂","113/09/03","09:00","台北君悅酒店","本公司受邀參加高盛證券舉辦之GS Taiwan Corporate Day 2024，向投資人說明本公司2024年第2季之營運概況。","236020240731M001.pdf","236020240731E001.pdf","http://www.chromaate.com","","無","查詢"
"2360","致茂","113/12/05","13:30","晶華酒店","本公司受邀參加凱基證券舉辦之第四季投資論壇，向投資人說明本公司2024年第3季之營運概況。","236020241205M001.pdf","236020241205E001.pdf","http://www.chromaate.com",法說會影音連結資訊:https://www.chromaate.com/tw/investors/quarterly_results ,"無","查詢"
"2360","致茂","113/06/03 至 113/06/07","09:00","(1)Taipei Grand Hyatt:6/3
(2)W Hotel:6/6-6/7","本公司受邀參加匯豐證券與證交所共同舉辦之Taiwan Conference 2024及花旗證券舉辦之2024 Taiwan Conference，向投資人說明本公司2024年第1季之營運概況。","236020240527M001.pdf","236020240527E001.pdf","http://www.chromaate.com","","無","查詢"
"2360","致茂","113/10/31","14:30","電話會議","(1)2024年第三季營運結果 (2)參加方式:請撥打電話並輸入密碼 電話:Taiwan: +886-2-3396-1191 密碼:1463031#","236020241031M001.pdf","236020241031E001.pdf","http://www.chromaate.com",法說會影音連結資訊:https://www.chromaate.com/tw/investors/quarterly_results ,"無","查詢"
"2360","致茂","113/09/19 至 113/09/20","09:00","香港","本公司受邀參加麥格理證券舉辦之MACQUARIE ASIA TMT CONFERENCE 2024，向投資人說明本公司2024年第2季之營運概況。","236020240731M001.pdf","236020240731E001.pdf","http://www.chromaate.com","","無","查詢"
"2360","致茂","113/09/23","09:00","W Hotel","本公司受邀參加瑞銀證券舉辦之UBS Taiwan Summit 2024，向投資人說明本公司2024年第2季之營運概況。","236020240731M001.pdf","236020240731E001.pdf","http://www.chromaate.com","","無","查詢"
"2360","致茂","113/12/09 至 113/12/13","22:00","U.S.A","本公司受邀參加麥格理證券舉辦之Macquarie NY Conference &amp; NDR，向投資人說明本公司2024年第3季之營運概況。","236020241031M001.pdf","236020241031E001.pdf","http://www.chromaate.com","","無","查詢"
"2362","藍天","113/03/22","14:30","統一證券總公司B204會議室(台北市松山區東興路8號B2)","統一證券舉辦法人說明會 說明本公司財務及營運概況","236220240322M001.pdf","236220240322E001.pdf","https://www.clevo.com.tw/",中文影音檔網址:2362_39_20240322_ch.mp4 ,"本法說會於下午2:00即可開始進場","查詢"
"2362","藍天","113/12/06","14:30","統一證券總公司B203會議室(台北市松山區東興路8號)","統一證券舉辦法人說明會 說明本公司財務及營運概況","236220241206M001.pdf","236220241206E001.pdf","https://www.clevo.com.tw/","","本法說會於下午2:00即可開始進場","查詢"
"2362","藍天","113/09/12","14:30","統一證券總公司B203會議室(台北市松山區東興路8號)","統一證券舉辦法人說明會 說明本公司財務及營運概況","236220240912M001.pdf","236220240912E001.pdf","https://www.clevo.com.tw/","","本法說會於下午2:00即可開始進場","查詢"
"2362","藍天","113/06/26","14:30","統一證券總公司301會議室(台北市松山區東興路8號13樓)","統一證券舉辦法人說明會 說明本公司財務及營運概況","236220240626M001.pdf","236220240626E001.pdf","https://www.clevo.com.tw/",中文影音檔網址:2362_40_20240626_ch.MP4 ,"本法說會於下午2:00即可開始進場","查詢"
"2363","矽統","113/12/13","14:30","宏遠證券總公司","本公司受邀參加由宏遠證券所舉辦之法人說明會","236320241213M001.pdf","236320241213E001.pdf","https://www.sis.com/zh-tw/Investory/InvestorConference",法說會影音連結資訊:https://www.sis.com.tw/zh-tw/Investory/InvestorConference ,"無","查詢"
"2364","倫飛","113/11/22","14:30","線上法人說明會","1.公司簡介 2.營運概況 3.財務報告 4.Ｑ＆Ａ","236420241121M001.pdf","236420241121E001.pdf","",同步收看網址：:http://www.zucast.com/webcast/lgyemWUM 法說會影音連結資訊:http://www.zucast.com/webcast/lgyemWUM ,"無","查詢"
"2364","倫飛","113/05/24","14:30","線上法人說明會","1.公司簡介 
2.營運概況 
3.財務報告 
4.Ｑ＆Ａ","236420240522M001.pdf","236420240522E001.pdf","",同步收看網址：:http://www.zucast.com/webcast/rtGN3qaF 法說會影音連結資訊:http://www.zucast.com/webcast/rtGN3qaF ,"無","查詢"
"2365","昆盈","113/11/14","14:30","新北市三重區重新路五段492號(本公司一樓會議室)","公司營運概況報告","236520241114M001.pdf","236520241114E001.pdf","https://www.geniusnet.com/tw/investors/財務業務資訊",法說會影音連結資訊:https://youtu.be/zmsCFRPhUJM ,"無","查詢"
"2365","昆盈","113/05/15","14:30","新北市三重區重新路五段492號(本公司一樓會議室)","公司營運概況報告","236520240515M001.pdf","236520240515E001.pdf","http://tw.geniusnet.com/investor",法說會影音連結資訊:https://youtu.be/HtTN5_020Eg ,"無","查詢"
"2367","燿華","113/06/28","14:00","Webex線上會議","本公司受邀參加第一金證券所舉辦之線上法人說明會，說明本公司之營運、財務及業務概況。
報名請洽第一金證券，電話：02-25636262分機213王小姐","236720240628M001.pdf","236720240628E001.pdf","https://www.pcbut.com.tw/portal/inner-page.html?P=5&amp;SP=2",中文影音檔網址:2367_8_20240628_ch.mp4 ,"無","查詢"
"2367","燿華","113/12/11","13:30","台北晶華酒店","本公司受邀參加永豐金證券所舉辦之「2024年第四季產業論壇」，說明本公司之營運、財務及業務概況。
報名請洽永豐金證券法人業務部，Email:betty.hsieh@sinopac.com","236720241211M001.pdf","236720241211E001.pdf","https://www.pcbut.com.tw/portal/inner-page.html?P=5&amp;SP=2",中文影音檔網址:2367_9_20241211_ch.mp4 ,"無","查詢"
"2368","金像電","113/11/21","14:00","南京東路五段188號15樓","本公司受邀參加國票綜合證券股份有限公司舉辦之法人說明會","236820241121M001.pdf","236820241121E001.pdf","https://www.gce.com.tw/legal.html",中文影音檔網址:2368_27_20241121_ch.MP4 ,"無","查詢"
"2368","金像電","113/03/28","14:00","線上會議","本公司受邀參加元大證券舉辦之線上說明會","236820240328M001.pdf","236820240328E001.pdf","https://www.gce.com.tw/legal.html","","無","查詢"
"2368","金像電","113/05/15","15:30","線上會議","本公司受邀參加美商高盛亞洲證券有限公司舉辦之線上說明會","236820240515M001.pdf","236820240515E001.pdf","https://www.gce.com.tw/legal.html","","無","查詢"
"2368","金像電","113/08/16","14:00","元大證券(台北市南京東路三段219號)","本公司受邀參加元大證券舉辦之法人說明會","236820240816M001.pdf","236820240816E001.pdf","https://www.gce.com.tw/legal.html",中文影音檔網址:2368_26_20240816_ch.mp4 ,"無","查詢"
"2369","菱生","113/11/25","14:30","線上法人說明會","本公司受邀參加中國信託綜合證券舉辦之線上法人說明會","236920241125M001.pdf","236920241125E001.pdf","",中文影音檔網址:2369_8_20241125_ch.mp4 ,"無","查詢"
"2371","大同","113/05/22","15:00","台北市松山區復興北路99號2樓
(PCBC &#29319;亞會議中心 201會議廳)","本公司受邀參加富邦證券之法人說明會，
說明本公司財務暨營運報告","237120240522M001.pdf","237120240522E001.pdf","https://www.tatung.com/tw/info/corporate-report",中文影音檔網址:2371_22_20240522_ch.mp4 ,"報名資訊:tingju.yeh@fubon.com；財務業務資訊請至公開資訊觀測站及本公司網站查閱。","查詢"
"2371","大同","113/12/12","14:30","台北市松山區民生東路三段156號11樓","本公司受邀參加群益金鼎證券之法人說明會，
說明本公司財務暨營運報告","237120241212M001.pdf","237120241212E001.pdf","https://www.tatung.com/tw/info/corporate-report",中文影音檔網址:2371_23_20241212_ch.MP4 ,"相關財務業務資訊請至公開資訊觀測站及本公司網站查閱","查詢"
"2373","震旦行","113/11/18","15:00","線上法說會","說明本公司2024年第三季營運概況","237320241115M001.pdf","237320241115E001.pdf","https://www.aurora.com.tw/event-information",同步收看網址：:https://www.youtube.com/watch?v=7Wvsh0hWGp0 法說會影音連結資訊:https://www.youtube.com/watch?v=7Wvsh0hWGp0 ,"無","查詢"
"2373","震旦行","113/08/15","15:00","線上法說會","說明2024年上半年營運概況","237320240814M002.pdf","237320240814E002.pdf","https://www.aurora.com.tw/event-information",同步收看網址：:https://www.youtube.com/watch?v=h-rl1hM6K74 法說會影音連結資訊:https://www.youtube.com/watch?v=h-rl1hM6K74 ,"無","查詢"
"2374","佳能","113/11/13","14:30","線上法人說明會","113年第三季財報說明","237420241113M001.pdf","237420241113E001.pdf","http://www.abilitycorp.com.tw",同步收看網址：:http://www.zucast.com/webcast/PIlckQvk 法說會影音連結資訊:http://www.zucast.com/webcast/PIlckQvk ,"無。","查詢"
"2374","佳能","113/05/13","16:00","線上法人說明會","113年第一季財報說明","237420240513M001.pdf","237420240513E001.pdf","http://www.abilitycorp.com.tw",同步收看網址：:http://www.zucast.com/webcast/ZaieD7g3 法說會影音連結資訊:http://www.zucast.com/webcast/ZaieD7g3 ,"無。","查詢"
"2375","凱美","113/11/27","14:30","線上法人說明會-Webex","本公司受邀參加凱基證券舉辦之線上法&#12040;說明會,說明本公司營運概況.","237520241127M001.pdf","237520241127E001.pdf","",中文影音檔網址:2375_8_20241127_ch.mp4 ,"無","查詢"
"2376","技嘉","113/11/15","14:00","線上法說會","本公司受邀參加國泰證券舉辦之線上法人說明會","237620241114M001.pdf","237620241114E001.pdf","",中文影音檔網址:2376_24_20241115_ch.mp4 ,"無，完整財務業務資訊請至公開資訊觀測站之法人說明會一覽表或法說會項目下查閱。","查詢"
"2376","技嘉","113/05/16","14:00","線上法說會","本公司受邀參加元大證券舉辦之線上法人說明會，就公司營運概況等說明。","237620240517M001.pdf","237620240517E001.pdf","",中文影音檔網址:2376_23_20240516_ch.mp4 ,"無，完整財務業務資訊請至公開資訊觀測站之法人說明會一覽表或法說會項目下查閱。","查詢"
"2377","微星","113/03/15","14:00","本公司3102會議室(新北市中和區立德街69號)","說明112年第4季營運結果。 
實體法說會(採實名報名制)報名網址：  https://www.msi.com/investor/conference/zh-tw","237720240315M001.pdf","237720240315E001.pdf","https://tw.msi.com",法說會影音連結資訊:https://youtu.be/EMupFHQEgrA ,"完整財務業務資訊請至公開資訊觀測站之法人說明會一覽表或法說會項目下查閱。","查詢"
"2379","瑞昱","113/01/09 至 113/01/15","09:00","113/1/9 Pudong Shangri-La,East Shanghai
113/1/15 Ritz-Carlton,Kuala Lumpur","公告本公司113年1月9日參加UBS舉辦之Greater China Conference 2024及113年1月15日參加Daiwa舉辦之Daiwa-Affin Hwang Taiwan Corporate day，會中就公司營運及產業概況向投資機構做說明。","237920231120M001.pdf","237920231120E001.pdf","","","無","查詢"
"2379","瑞昱","113/02/01","15:00","網路直播","瑞昱半導體將於113年2月1日(四)舉行2023年第4季線上法人說明會，下午3:00pm - 3:45pm為中文時段、3:45pm - 4:30pm為英文時段。請連結至以下直播網址：http://www.zucast.com/webcast/bx4hQ1O5建議參與者於法說會前安裝或升級所需播放軟體，或至http://www.zucast.com/help 尋求技術支援。","237920240131M001.pdf","237920240131E001.pdf","https://www.realtek.com",同步收看網址：:http://www.zucast.com/webcast/bx4hQ1O5 法說會影音連結資訊:https://www.realtek.com/zh-tw/investor-relations/ir-analysts-meeting/quarterly-earning-release 英文:https://www.realtek.com/en/investor-relations/analysts-meeting/quarterly-earning-release ,"無","查詢"
"2379","瑞昱","113/11/12 至 113/11/19","20:00","11/12 Lotte New York Palace, New York;
11/18 Island Shangri-La Hotel, Hong Kong","公告本公司113年11月12日~113年11月13日參加HSBC 13th Annual Asia Investor Forum，以及113年11月18日~113年11月19日參加J.P. Morgan Global TMT Conference，會中就公司營運及產業概況向投資機構做說明。","237920241029M001.pdf","237920241029E001.pdf","","","無","查詢"
"2379","瑞昱","113/11/12","09:00","Shangri-La Far Eastern","公告本公司113年11月12日參加CLST Taiwan Market Mover 2025 Access Day，會中就公司營運及產業概況向投資機構做說明。","237920241029M001.pdf","237920241029E001.pdf","","","無","查詢"
"2379","瑞昱","113/11/26","10:00","Shangri-La Far Eastern","公告本公司113年11月26日參加Citi Taiwan Corporate Day，會中就公司營運及產業概況向投資機構做說明。","237920241120M001.pdf","237920241120E001.pdf","","","無","查詢"
"2379","瑞昱","113/02/19","09:00","Grand Hyatt, Taipei","公告本公司113年2月19日參加J.P. Morgan舉辦之Taiwan CEO-CFO Conference，會中就公司營運及產業概況向投資機構做說明。","237920240131M001.pdf","237920240131E001.pdf","",法說會影音連結資訊:https://youtu.be/01Gcg1dQgYg ,"無","查詢"
"2379","瑞昱","113/03/05 至 113/03/19","09:00","3/5 W Hotel,Taipei
3/19 Grand Hyatt,Taipei","公告本公司113年3月5日參加Citi Securities舉辦之Taiwan Corporate Day及113年3月19日參加BofA Securities舉辦之2024 APAC TMT Conference，會中就公司營運及產業概況向投資機構做說明。","237920240131M001.pdf","237920240131E001.pdf","","","無","查詢"
"2379","瑞昱","113/07/30","15:00","網路直播","瑞昱半導體將於113年7月30日(二)舉行2024年第2季線上法人說明會。
時間：3:00 - 4:00 pm
語言：英文
請連結至以下直播網址：http://www.zucast.com/webcast/MZugQk6M 建議參與者於法說會前安裝或升級所需播放軟體，或至http://www.zucast.com/help 尋求技術支援。","237920240729M001.pdf","237920240729E001.pdf","https://www.realtek.com",同步收看網址：:http://www.zucast.com/webcast/MZugQk6M 法說會影音連結資訊:https://www.realtek.com/InvestorRelations/QuarterlyEarningRelease?menu_id=473&lang=zh-TW 英文網址:https://www.realtek.com/InvestorRelations/QuarterlyEarningRelease?menu_id=709&lang=en-GB ,"無","查詢"
"2379","瑞昱","113/05/20 至 113/05/28","21:00","Daiwa: New York / San Francisco
; UBS: Hong Kong","公告本公司113年5月20日~113年5月23參加Daiwa Investment Conference，以及113年5月28日參加UBS Asian Investment Conference，會中就公司營運及產業概況向投資機構做說明。","237920240517M001.pdf","237920240517E001.pdf","","","無","查詢"
"2379","瑞昱","113/04/19","15:00","網路直播","瑞昱半導體將於113年4月19日(五)舉行2024年第1季線上法人說明會。
時間：3:00-4:00 pm
語言: 英文
請連結至以下直播網址：http://www.zucast.com/webcast/CG8G80iK建議參與者於法說會前安裝或升級所需播放軟體，或至http://www.zucast.com/help 尋求技術支援。","237920240418M001.pdf","237920240418E001.pdf","https://www.realtek.com",同步收看網址：:http://www.zucast.com/webcast/CG8G80iK 法說會影音連結資訊:https://www.realtek.com/InvestorRelations/QuarterlyEarningRelease?lang=zh-TW&menu_id=473 英文:https://www.realtek.com/InvestorRelations/QuarterlyEarningRelease?lang=en-GB&menu_id=709 ,"無","查詢"
"2379","瑞昱","113/09/09 至 113/09/24","14:00","09月09日Grand Hyatt, Hong Kong，
09月24日Affin Hwang office, Kuala Lumpur","公告本公司113年09月09日~113年09月10日參加
CITIC CLSA Investors&#039; Forum，以及113年09月
24日參加 Daiwa-Affin Hwang Taiwan Corporate
day，會中就公司營運及產業概況向投資機構做說明。","237920240830M005.pdf","237920240830E005.pdf","","","無","查詢"
"2379","瑞昱","113/09/03 至 113/09/04","09:00","台北君悅飯店","公告本公司113年09月03日~113年09月04日參加Goldman Sachs Taiwan Corporate Day，會中就公司營運及產業概況向投資機構做說明。","237920240830M001.pdf","237920240830E001.pdf","","","無","查詢"
"2379","瑞昱","113/09/25","09:00","W Hotel Taipei","公告本公司113年09月25日參加UBS Taiwan Summit，會中就公司營運及產業概況向投資機構做說明。","237920240830M001.pdf","237920240830E001.pdf","","","無","查詢"
"2379","瑞昱","113/10/30","15:00","網路直播","瑞昱半導體將於113年10月30日(三)舉行2024年第3季線上法人說
明會。

時間：3:00-4:00 pm

語言: 英文

請連結至以下直播網址：
http://www.zucast.com/webcast/VFVIv8a8
建議參與者於法說會前安裝或升級所需播放軟體，或至
http://www.zucast.com/help 尋求技術支援。","237920241029M001.pdf","237920241029E001.pdf","https://www.realtek.com",同步收看網址：:http://www.zucast.com/webcast/VFVIv8a8 法說會影音連結資訊:https://www.realtek.com/InvestorRelations/QuarterlyEarningRelease?menu_id=473&lang=zh-TW 英文網址:https://www.realtek.com/InvestorRelations/QuarterlyEarningRelease?menu_id=709&lang=en-GB ,"無","查詢"
"2380","虹光","113/12/11","14:00","新竹縣新竹科學園區研新一路二十號","公司業務狀況說明","238020241211M001.pptx","238020241211E001.pptx","https://www.avision.com/tw/investor-relations/shareholder-services/",法說會影音連結資訊:https://www.avision.com/tw/investor-relations/shareholder-services/ ,"無","查詢"
"2382","廣達","113/07/02","09:00","新加坡路演","本公司受邀參加美林證券於新加坡所舉辦之海外路演 (NDR)就本公司目前之營運概況，作回顧及展望說明","238220240515M001.pdf","238220240515E001.pdf","http://www.quantatw.com","","詳細資料請詳公開資訊觀測站及本公司網站。","查詢"
"2382","廣達","113/07/19","09:00","NDR in Taipei","本公司受國票證券邀請參加NDR就本公司目前之營運概況，作回顧及展望說明","238220240515M001.pdf","238220240515E001.pdf","http://www.quantatw.com","","詳細資料請詳公開資訊觀測站及本公司網站。","查詢"
"2382","廣達","113/12/05","09:00","晶華酒店","本公司受邀參加凱基證券所舉辦之2024年第四季投資論壇就本公司目前之營運概況，作回顧及展望說明","238220241113M001.pdf","238220241113E001.pdf","http://www.quantatw.com","","詳細資料請詳公開資訊觀測站及本公司網站。","查詢"
"2382","廣達","113/12/06","13:00","W酒店","本公司受邀參加2024年中信證券第四季前瞻論壇，就本公司目前之營運概況，作回顧及展望說明","238220241113M001.pdf","238220241113E001.pdf","http://www.quantatw.com","","詳細資料請詳公開資訊觀測站及本公司網站。","查詢"
"2382","廣達","113/12/04","09:00","晶華酒店","本公司受邀參加2024年元大證券第四季投資論壇，就本公司目前之營運概況作回顧及展望說明。","238220241113M001.pdf","238220241113E001.pdf","http://www.quantatw.com","","詳細資料請詳公開資訊觀測站及本公司網站。","查詢"
"2382","廣達","113/02/20","09:00","台北君悅酒店","本公司受邀參加J.P. Morgan所舉辦之&quot;Taiwan CEO-CFO Conference 2024 &quot; 投資論壇就本公司目前之營運概況，作回顧及展望說明","238220231110M002.pdf","238220231110E002.pdf","http://www.quantatw.com","","詳細資料請詳公開資訊觀測站及本公司網站。","查詢"
"2382","廣達","113/11/20 至 113/11/21","09:00","新加坡文華東方酒店","本公司受邀參加Morgan Stanley所舉辦之Annual Asia Pacific Summit就本公司目前之營運概況，作回顧及展望說明。","238220241113M001.pdf","238220241113E001.pdf","http://www.quantatw.com","","詳細資料請詳公開資訊觀測站及本公司網站。","查詢"
"2382","廣達","113/11/26 至 113/11/27","09:00","香港香格里拉酒店","本公司受邀參加BofA所舉辦之2024 Asia Internet &amp; AI Conference就本公司目前之營運概況，作回顧及展望說明。","238220241113M001.pdf","238220241113E001.pdf","http://www.quantatw.com","","詳細資料請詳當日公開資訊觀測站及本公司網站。","查詢"
"2382","廣達","113/11/20 至 113/11/21","09:00","新加坡文華東方酒店","本公司受邀參加Morgan Stanley證券所舉辦之Annual Asia Pacific Summit就本公司目前之營運概況，作回顧及展望說明。","238220241113M001.pdf","238220241113E001.pdf","http://www.quantatw.com","","詳細資料請詳公開資訊觀測站及本公司網站。","查詢"
"2382","廣達","113/11/26 至 113/11/27","09:00","香港香格里拉酒店","本公司受邀參加BofA證券所舉辦之2024 Asia Internet &amp; AI Conference就本公司目前之營運概況，作回顧及展望說明。","238220241113M001.pdf","238220241113E001.pdf","http://www.quantatw.com","","詳細資料請詳當日公開資訊觀測站及本公司網站。","查詢"
"2382","廣達","113/11/19","09:00","台北君悅飯店","本公司受邀參加麥格理證券所舉辦之Macquarie Taiwan Conference就本公司目前之營運概況，作回顧及展望說明","238220241113M001.pdf","238220241113E001.pdf","http://www.quantatw.com","","詳細資料請詳公開資訊觀測站及本公司網站。","查詢"
"2382","廣達","113/05/15","15:00","線上電話會議","本公司受UBS邀請參加&quot;113年第一季營運成果線上電話說明會”","238220240515M001.pdf","238220240515E001.pdf","http://www.quantatw.com",中文影音檔網址:2382_194_20240515_ch.mp4 英文影音檔網址:2382_194_20240515_en.mp4 ,"詳細資料請詳當日公開資訊觀測站及本公司網站。","查詢"
"2382","廣達","113/06/06","09:00","台北遠東香格里拉飯店","本公司受邀參加富邦證券與Jefferies合辦之“Fubon-Jefferies Computex x Tech Tour”就本公司目前之營運概況，作回顧及展望說明","238220240515M001.pdf","238220240515E001.pdf","http://www.quantatw.com","","詳細資料請詳公開資訊觀測站及本公司網站。","查詢"
"2382","廣達","113/06/06","13:00","台北喜來登大飯店","本公司受邀參加國泰證券所舉辦之&quot;2024年第二季產業論壇”就本公司目前之營運概況，作回顧及展望說明","238220240515M001.pdf","238220240515E001.pdf","http://www.quantatw.com","","詳細資料請詳公開資訊觀測站及本公司網站。","查詢"
"2382","廣達","113/06/04","09:00","台北君悅酒店","本公司受邀參加HSBC與臺灣證券交易所共同舉辦之&quot;2024 Taiwan Conference &quot;投資論壇就本公司目前之營運概況，作回顧及展望說明","238220240515M001.pdf","238220240515E001.pdf","http://www.quantatw.com","","詳細資料請詳公開資訊觀測站及本公司網站。","查詢"
"2382","廣達","113/03/21","09:00","台北君悅酒店","BofA Securities所舉辦之&quot;2024 APAC TMT Conference &quot;投資論壇就本公司目前之營運概況，作回顧及展望說明","238220240315M001.pdf","238220240315E001.pdf","http://www.quantatw.com","","詳細資料請詳公開資訊觀測站及本公司網站","查詢"
"2382","廣達","113/08/09","15:00","線上電話會議","本公司受UBS邀請參加&quot;113年第二季營運成果線上電話說明會”","238220240905M001.pdf","238220240905E001.pdf","http://www.quantatw.com","","詳細資料請詳當日公開資訊觀測站及本公司網站。","查詢"
"2382","廣達","113/11/14","14:00","本公司受UBS邀請參加&quot;113年第三季營運成果線上電話說明會”","本公司受UBS邀請參加&quot;113年第三季營運成果線上電話說明會”","238220241113M001.pdf","238220241113E001.pdf","http://www.quantatw.com",法說會影音連結資訊:https://view.knowledgevision.com/presentation/3a2adc8d9759499399aac0aa9b33f7d2 ,"詳細資料請詳當日公開資訊觀測站及本公司網站","查詢"
"2383","台光電","113/11/26","10:00","台北","本公司受邀參加花旗證券舉辦之「Citi&#039;s 2024 Taiwan Corporate Day」","238320241030M001.pdf","238320241030E001.pdf","http://www.emctw.com","","無","查詢"
"2383","台光電","113/05/02","14:30","電話會議","本公司受邀參加凱基證券舉辦之法人線上會議","238320240502M001.pdf","238320240502E001.pdf","http://www.emctw.com","","無","查詢"
"2383","台光電","113/11/14","10:00","台北","本公司受邀參加里昂證券舉辦之「Taiwan Market Mover 2025 Access Day」","238320241030M001.pdf","238320241030E001.pdf","http://www.emctw.com","","無","查詢"
"2383","台光電","113/03/19","10:00","台北","本公司受邀參加美林證券舉辦之「2024 APAC TMT Conference」","238320240304M001.pdf","238320240304E001.pdf","http://www.emctw.com","","無","查詢"
"2383","台光電","113/03/27","14:00","台北","本公司受邀參加台新證券舉辦之「台新2024年第一季全球投資論壇」","238320240304M001.pdf","238320240304E001.pdf","http://www.emctw.com","","無","查詢"
"2383","台光電","113/06/12","11:15","台北","本公司受邀參加統一證券舉辦之「2024 Q2 夏季投資論壇」","238320240502M001.pdf","238320240502E001.pdf","http://www.emctw.com","","無","查詢"
"2383","台光電","113/03/01","15:00","電話會議","本公司受邀參加國泰證券舉辦之「1Q24線上投資座談會」","238320240229M001.pdf","238320240229E001.pdf","http://www.emctw.com","","無","查詢"
"2383","台光電","113/03/05","10:00","台北","本公司受邀參加花旗證券舉辦之「Citi&#039;s 2024 Taiwan Corporate Day」","238320240304M001.pdf","238320240304E001.pdf","http://www.emctw.com","","無","查詢"
"2383","台光電","113/11/18 至 113/11/19","09:00","香港","本公司受邀參加摩根大通證券舉辦之「2024 Global TMT Conference in Asia」","238320241030M001.pdf","238320241030E001.pdf","http://www.emctw.com","","無","查詢"
"2383","台光電","113/05/16","15:00","電話會議","本公司受邀參加大和國泰證券舉辦之法人線上會議","238320240502M001.pdf","238320240502E001.pdf","http://www.emctw.com","","無","查詢"
"2383","台光電","113/06/04","10:00","台北","本公司受邀參加匯豐證券與台灣證券交易所共同舉辦之「Taiwan Conference 2024」","238320240502M001.pdf","238320240502E001.pdf","http://www.emctw.com","","無","查詢"
"2383","台光電","113/03/07","13:30","台北","本公司受邀參加富邦證券舉辦之「2024Q1富邦企業日」","238320240304M001.pdf","238320240304E001.pdf","http://www.emctw.com","","無","查詢"
"2383","台光電","113/03/08","11:15","台北","本公司受邀參加統一證券舉辦之「2024 Q1 春季投資論壇」","238320240304M001.pdf","238320240304E001.pdf","http://www.emctw.com","","無","查詢"
"2383","台光電","113/08/01","14:00","線上會議","本公司受邀參加富邦證券舉辦之線上法人座談會","238320240731M001.pdf","238320240731E001.pdf","http://www.emctw.com",中文影音檔網址:2383_181_20240801_ch.mp4 ,"無","查詢"
"2383","台光電","113/10/31","14:00","線上會議","本公司受邀參加富邦證券舉辦之線上法人座談會","238320241030M001.pdf","238320241030E001.pdf","http://www.emctw.com",中文影音檔網址:2383_182_20241031_ch.mp4 ,"無","查詢"
"2383","台光電","113/12/06","10:00","台北","本公司受邀參加統一證券舉辦之「2024 Q4 冬季投資論壇」","238320241030M001.pdf","238320241030E001.pdf","http://www.emctw.com","","無","查詢"
"2385","群光","113/05/06","15:00","台北市大安區仁愛路四段169號15樓","公告本公司參加富邦證券舉辦之會議，會中向投資人說明本公司1Q24業務概況及未來前景","238520240506M001.pdf","238520240506E001.pdf","http://www.chicony.com","","無","查詢"
"2385","群光","113/01/09","03:00","Bellagio Las Vegas","公告本公司參加由Nomura證券主辦舉辦之Nomura@CES 2024，會中向投資人說明本公司業務概況及未來前景","238520231103M001.pdf","238520231103E001.pdf","http://www.chicony.com/","","當地時間113/01/08 11:00換算台灣時間113/01/09 03:00","查詢"
"2385","群光","113/03/13","15:00","台北市中山區明水路700號","公告本公司參加由凱基證券主辦舉辦之會議，會中向投資人說明本公司4Q23業務概況及未來前景","238520240313M001.pdf","238520240313E001.pdf","http://www.chicony.com",法說會影音連結資訊:https://www.chicony.com/chicony/tw/investors/investors/QuarterlyPresentations ,"會後提供影音資訊連結網址","查詢"
"2385","群光","113/06/07","09:00","W Hotel","公告本公司參加花旗證券舉辦之2024 Taiwan Tech Conference，會中向投資人說明本公司業務概況及未來前景","238520240506M001.pdf","238520240506E001.pdf","http://www.chicony.com","","無","查詢"
"2385","群光","113/11/26","13:00","台北遠東香格里拉飯店","公告本公司參加花旗證券舉辦之Citi&#039;s 2024 Taiwan Corporate Day，會中向投資人說明本公司業務概況及未來前景","238520241106M001.pdf","238520241106E001.pdf","http://www.chicony.com.tw/","","無","查詢"
"2385","群光","113/04/15 至 113/04/17","14:00","The Fullerton Hotel Singapore","公告本公司參加由寬量國際主辦舉辦之15th Taiwan CEO Week，會中向投資人說明本公司業務概況及未來前景","238520240313M001.pdf","238520240313E001.pdf","http://www.chicony.com","","無","查詢"
"2385","群光","113/03/28","15:30","集思北科大會議中心","公告本公司參加由凱基證券主辦舉辦之2024年探索全球景氣新投資亮點主題式論壇，會中向投資人說明本公司業務概況及未來前景","238520240313M001.pdf","238520240313E001.pdf","http://www.chicony.com","","無","查詢"
"2385","群光","113/03/20 至 113/03/21","09:00","台北君悅酒店","公告本公司參加由美銀證券主辦舉辦之2024 APAC TMT Conference，會中向投資人說明本公司業務概況及未來前景","238520240313M001.pdf","238520240313E001.pdf","http://www.chicony.com","","無","查詢"
"2385","群光","113/08/07","15:00","台北市寶慶路69號4樓","公告本公司參加元大證券舉辦之會議，會中向投資人說明本公司2Q24業務概況及未來前景","238520240808M002.pdf","238520240808E002.pdf","http://www.chicony.com","","無","查詢"
"2385","群光","113/05/29","14:00","台北文創","公告本公司參加元富證券舉辦之2024夏季投資論壇，會中向投資人說明本公司業務概況及未來前景","238520240506M001.pdf","238520240506E001.pdf","http://www.chicony.com","","無","查詢"
"2385","群光","113/12/05","15:40","台北遠東飯店","公告本公司參加國泰證券舉辦之第四季論壇，會中向投資人說明本公司業務概況及未來前景","238520241106M001.pdf","238520241106E001.pdf","http://www.chicony.com.tw/","","無","查詢"
"2385","群光","113/08/27","14:00","台北文創","公告本公司參加元富證券舉辦之2024秋季投資論壇，會中向投資人說明本公司業務概況及未來前景","238520240808M002.pdf","238520240808E002.pdf","http://www.chicony.com","","無","查詢"
"2385","群光","113/09/06","15:15","君悅酒店","公告本公司參加統一證券舉辦之3Q24秋季投資論壇，會中向投資人說明本公司業務概況及未來前景","238520240808M002.pdf","238520240808E002.pdf","http://www.chicony.com","","無","查詢"
"2385","群光","113/09/04","09:00","君悅酒店","公告本公司參加高盛證券舉辦之Taiwan Corporate Day，會中向投資人說明本公司業務概況及未來前景","238520240808M002.pdf","238520240808E002.pdf","http://www.chicony.com","","無","查詢"
"2385","群光","113/11/06","15:00","台北市仁愛路四段169號15樓","公告本公司參加富邦證券舉辦之會議，會中向投資人說明本公司3Q24業務概況及未來前景","238520241106M001.pdf","238520241106E001.pdf","http://www.chicony.com.tw/",法說會影音連結資訊:https://www.youtube.com/watch?v=rmguE4kSdsU ,"無","查詢"
"2385","群光","113/09/24","15:00","茹曦酒店","公告本公司參加群益金鼎證券舉辦之2024年第三季投資論壇，會中向投資人說明本公司業務概況及未來前景","238520240808M002.pdf","238520240808E002.pdf","http://www.chicony.com.tw/","","無","查詢"
"2387","精元","113/09/10","14:00","線上法說會","說明本公司113年度第2季營運與財務概況","238720240906M001.pptx","238720240906E001.pptx","https://www.sunrex.com.tw/conference.php",中文影音檔網址:2387_10_20240910_ch.mp4 ,"無","查詢"
"2387","精元","113/12/17","14:00","線上法說會","精元電腦2024年第三季線上法人說明會","238720241212M001.pdf","238720241212E001.pdf","https://www.sunrex.com.tw/conference.php",中文影音檔網址:2387_11_20241217_ch.mp4 ,"無","查詢"
"2388","威盛","113/10/29","14:30","線上法說報名網址：https://forms.gle/xTBSgJwr752it8i8A","受邀參加群益金鼎證券舉辦之線上法人說明會，說明本公司營運成果及未來展望。","238820241029M001.pdf","238820241029E001.pdf","https://www.viatech.com/tw/company-overview-tw/investor-relations/corporate-governance/",中文影音檔網址:2388_10_20241029_ch.mp4 ,"法說會資料將依規定於會後上傳。","查詢"
"2390","云辰","113/12/20","14:30","線上法說會","本公司受邀參加群益金鼎證券舉辦之線上法說會，說明本公司之財務業務概況。","239020241220M001.pdf","239020241220E001.pdf","",中文影音檔網址:2390_8_20241220_ch.mp4 ,"無","查詢"
"2392","正崴","113/11/21","14:00","福邦證券（台北市忠孝西路一段6號14樓)","本公司營運狀況及未來展望說明","239220241121M001.pdf","239220241121E001.pdf","https://www.foxlink.com/web/",中文影音檔網址:2392_13_20241121_ch.mp4 ,"無","查詢"
"2392","正崴","113/06/20","14:00","福邦證券(台北市忠孝西路一段6號14樓)","本公司營運狀況及未來展望說明","239220240620M001.pdf","239220240620E001.pdf","https://www.foxlink.com/",中文影音檔網址:2392_12_20240620_ch.mp4 ,"無","查詢"
"2393","億光","113/05/17","14:30","線上法說會","本公司將參加凱基證券所舉辦之線上法說會。","239320240517M001.pdf","239320240517E001.pdf","",中文影音檔網址:2393_37_20240517_ch.mp4 ,"無","查詢"
"2393","億光","113/12/26","14:30","線上法說會","本公司將參加凱基證券所舉辦之線上法說會","239320241226M001.pdf","239320241226E001.pdf","",中文影音檔網址:2393_38_20241226_ch.mp4 ,"無","查詢"
"2395","研華","113/05/16","15:00","線上會議","本公司將受邀參加臺灣證券交易所與永豐金證券共同舉辦之「Taiwan Corporate Day 2024」，會中就本公司113年第一季之財務數字、經營績效等資訊做相關說明。","239520240430M001.pdf","239520240430E001.pdf","","","無","查詢"
"2395","研華","113/07/31","14:00","研華內湖辦公室(台北市內湖區瑞光路26巷20弄1號)","(1) 公布本公司2024年第二季財務報告及2024年第三季業績展望。(2) 參加方式：請參見 https://advt.ch/2Q24-Investor-Conference","239520240731M001.pdf","239520240731E001.pdf","https://www.advantech.com/zh-tw/investor/investor-events",同步收看網址：:https://zoom.us/j/2192781822?pwd=Z0w4ckxtT09ndVVFZ3g3YW00MVlsdz09 法說會影音連結資訊:https://www.advantech.com/zh-tw/resources/video/研華科技2024年第二季法人說明會 英文版影音連結網址:https://www.advantech.com/en/resources/video/advantech-2q-2024-investors-meeting ,"無","查詢"
"2395","研華","113/03/06","14:00","研華AIoT林口智能共創園區（桃園市龜山區文德路27號）","(1) 公布本公司2023年第4季財務報告及2024年第1季業績展望。(2) 參加方式：請參見https://advt.ch/4Q23-InvestorConference","239520240306M001.pdf","239520240306E001.pdf","https://www.advantech.com/zh-tw/investor/investor-events",同步收看網址：:https://zoom.us/j/2792781830?pwd=ZkdMOFBpS1F1cVZNTjRFcFlLYUFWZz09 法說會影音連結資訊:https://www.advantech.com/zh-tw/resources/video/研華科技2023年第四季法人說明會 英文版影音連結網址:https://www.advantech.com/en/resources/video/advantech-4q-2023-investors-meeting ,"無","查詢"
"2395","研華","113/03/07","13:30","台北君悅酒店","本公司將受邀參加“富邦證券舉辦之2024年第一季富邦企業日”，會中就本公司112年第四季之財務數字、經營績效等資訊做相關說明。","239520240306M002.pdf","239520240306E002.pdf","","","無","查詢"
"2395","研華","113/12/06","14:35","台北香格里拉遠東國際大飯店","本公司將受邀參加國泰證券舉辦之「2024年第四季論壇」，會中就本公司113年第三季之財務數字、經營績效等資訊做相關說明。","239520241106M001.pdf","239520241106E001.pdf","",法說會影音連結資訊:未輸 ,"無","查詢"
"2395","研華","113/04/30","15:30","線上會議","本公司受邀參加大和國泰證券主辦之線上會議，就本公司113年第一季之財務數字、經營績效等資訊做相關說明。","239520240430M001.pdf","239520240430E001.pdf","https://www.advantech.com/zh-tw/investor/investor-events",同步收看網址：:https://zoom.us/j/2192781821?pwd=eWdQemVjN0lSSkZCUC9wZjFONWtLZz09 法說會影音連結資訊:https://www.advantech.com/zh-tw/resources/video/研華科技2024年第一季法人說明會 :https://www.advantech.com/en/resources/video/advantech-1q-2024-investors-meeting ,"無","查詢"
"2395","研華","113/03/21","11:00","台北君悅酒店","本公司將受邀參加”BofA Securities 2024 APAC TMT Conference”美銀證券科技論壇，會中就本公司112年第四季之財務數字、經營績效等資訊做相關說明。","239520240306M001.pdf","239520240306E001.pdf","","","無","查詢"
"2395","研華","113/06/06","14:00","W Hotel Taipei","本公司將受邀參加花旗證券舉辦之「2024 Taiwan Tech Conference」，會中就本公司113年第一季之財務數字、經營績效等資訊做相關說明。","239520240430M001.pdf","239520240430E001.pdf","","","無","查詢"
"2395","研華","113/06/07","14:35","台北喜來登大飯店","本公司將受邀參加國泰證券舉辦之「2024年第二季上市櫃企業座談」，會中就本公司113年第一季之財務數字、經營績效等資訊做相關說明。","239520240430M001.pdf","239520240430E001.pdf","","","無","查詢"
"2395","研華","113/11/06","15:30","線上會議","本公司受邀參加Morgan Stanley主辦之線上會議，就本公司113年第三季之財務數字、經營績效等資訊做相關說明。","239520241106M001.pdf","239520241106E001.pdf","https://www.advantech.com/zh-tw/investor/investor-events",同步收看網址：:https://zoom.us/j/2792781823?pwd=ZVgyWjFUNXZHQy9UVk1jTWsrbmU3UT09 法說會影音連結資訊:https://www.advantech.com/en/investor/investor-events (請輸入網址名稱(註)):未輸 ,"無","查詢"
"2397","友通","113/03/11","14:00","線上法人說明會","說明本公司112年第四季之財務營運概況","239720240311M001.pdf","239720240311E001.pdf","https://www.dfi.com/tw/investorconference",中文影音檔網址:2397_17_20240311_ch.mp4 ,"無","查詢"
"2397","友通","113/05/10","14:00","線上法人說明會","說明本公司113年第一季之財務營運狀況","239720240510M001.pdf","239720240510E001.pdf","https://www.dfi.com/tw/investorconference",中文影音檔網址:2397_18_20240510_ch.mp4 ,"會議簡報檔及影音連結將於法人說明會後揭露於公開資訊觀測站","查詢"
"2397","友通","113/11/29","14:00","線上法人說明會","說明本公司113年第三季之財務營運概況","239720241129M001.pdf","239720241129E001.pdf","https://www.dfi.com/tw/investorconference",中文影音檔網址:2397_20_20241129_ch.mp4 ,"會議簡報檔及影音連結將於法人說明會後揭露於公開資訊觀測站","查詢"
"2397","友通","113/08/12","14:00","線上法人說明會","說明本公司113年第二季之財務營運概況","239720240812M001.pdf","239720240812E001.pdf","https://www.dfi.com/tw/investorconference",中文影音檔網址:2397_19_20240812_ch.mp4 ,"會議簡報檔及影音連結將於法人說明會後揭露於公開資訊觀測站","查詢"
"2399","映泰","113/10/25","14:30","福邦證券總公司(台北市忠孝西路一段6號7樓)","受邀參加福邦證券舉辦之法人說明會，就本公司已公開之財務業務資訊作說明。","239920241023M001.pdf","239920241023E001.pdf","",中文影音檔網址:2399_8_20241025_ch.MP4 ,"無","查詢"
"2401","凌陽","113/12/04","09:30","台北晶華酒店(台北市中山北路二段39巷3號) 4F","本公司受邀參加元大證券第四季投資論壇，說明本公司營運概況。","240120241204M001.pdf","240120241204E001.pdf","http://www.sunplus.com",中文影音檔網址:2401_51_20241204_ch.mp4 ,"無","查詢"
"2401","凌陽","113/08/19","14:00","福邦證券總公司(台北市忠孝西路一段6號7樓)","福邦證券邀請凌陽集團聯合法人說明會，說明2024年第二季之財務及營運狀況","240120240819M001.pdf","240120240819E001.pdf","http://www.sunplus.com",中文影音檔網址:2401_49_20240819_ch.mp4 ,"無","查詢"
"2401","凌陽","113/09/24","13:30","台北茹曦酒店2F會議廳(台北市松山區敦化北路100號)","本公司受邀參群益金鼎證券2024第三季投資論壇，說明本公司營運概況。","240120240819M001.pdf","240120240819E001.pdf","http://www.sunplus.com",中文影音檔網址:2401_50_20240924_ch.MP4 ,"無","查詢"
"2402","毅嘉","113/10/17","14:30","兆豐證券大樓（台北市忠孝東路二段95號13樓1301會議室）","本公司受邀參加兆豐證券舉辦之法人說明會，說明本公司之財務、營運及業務相關資訊。","240220241017M001.pdf","240220241017E001.pdf","www.ichia.com",法說會影音連結資訊:https://pse.is/6knkva (請輸入網址名稱(註)):未輸 ,"無。","查詢"
"2404","漢唐","113/08/20","14:30","地點:台灣科技廣場頂樓會議室(新北市中和區橋和路11-29號R樓)","說明公司財務及業務相關資訊","240420240820M001.pdf","240420240820E001.pdf","http://www.uisco.com.tw/",法說會影音連結資訊:https://www.uisco.com.tw/113introduction.htm ,"相關資訊將依規定揭露於公開資訊觀測站","查詢"
"2405","輔信","113/12/16","14:00","線上法人說明會","本公司受邀參加富邦證券舉辦之線上法人說明會","240520241216M001.pdf","240520241216E001.pdf","https://tw1.shuttle.com/Investors/StockConference",中文影音檔網址:2405_8_20241216_ch.mp4 ,"無","查詢"
"2406","國碩","113/11/20","14:30","線上法人說明會","本公司受邀參加統一證券舉辦之線上法人說明會","240620241120M001.pdf","240620241120E001.pdf","http://www.gigastorage.com.tw/investors_investor.aspx",中文影音檔網址:2406_10_20241120_ch.mp4 ,"無","查詢"
"2408","南亞科","113/01/10","15:00","線上法說會","2023年第4季營運狀況說明","240820240110M001.pdf","240820240110E001.pdf","https://www.nanya.com/tw/",法說會影音連結資訊:https://www.nanya.com/tw/IR/13/Investor Calendar?Year=2024 ,"無","查詢"
"2408","南亞科","113/02/20","08:00","台北君悅酒店","本公司財務業務相關資訊說明","240820240219M001.pdf","240820240219E001.pdf","https://www.nanya.com/tw/","","本公司受邀參加J.P. Morgan Taiwan CEO-CFO Conference","查詢"
"2408","南亞科","113/02/20","13:00","台北W飯店","本公司財務業務相關資訊說明","240820240219M001.pdf","240820240219E001.pdf","https://www.nanya.com/tw/","","本公司受邀參加Nomura Asia Tech Tour","查詢"
"2408","南亞科","113/03/05","15:00","台北茹曦酒店","本公司財務業務相關資訊說明","240820240301M001.pdf","240820240301E001.pdf","https://www.nanya.com/tw/","","本公司受邀參加群益金鼎證券投資論壇","查詢"
"2408","南亞科","113/03/04","09:00","台北W飯店","本公司財務業務相關資訊說明","240820240301M001.pdf","240820240301E001.pdf","https://www.nanya.com/tw/","","本公司受邀參加Citi Taiwan Corporate Day","查詢"
"2408","南亞科","113/06/12","10:00","台北君悅酒店","本公司財務業務相關資訊說明","240820240531M002.pdf","240820240531E002.pdf","https://www.nanya.com/tw/","","本公司受邀參加統一證券投資論壇","查詢"
"2408","南亞科","113/07/10","15:00","線上法說會","2024年第2季營運狀況說明","240820240710M001.pdf","240820240710E001.pdf","https://www.nanya.com/tw/",法說會影音連結資訊:https://www.nanya.com/tw/IR/13/Investor Calendar?Year=2024 ,"無","查詢"
"2408","南亞科","113/06/03","09:00","台北君悅酒店","本公司財務業務相關資訊說明","240820240531M002.pdf","240820240531E002.pdf","https://www.nanya.com/tw/","","本公司受邀參加HSBC x TWSE Taiwan Conference 2024","查詢"
"2408","南亞科","113/06/06","08:00","台北W飯店","本公司財務業務相關資訊說明","240820240531M002.pdf","240820240531E002.pdf","https://www.nanya.com/tw/","","本公司受邀參加Citi 2024 Taiwan Tech Conference","查詢"
"2408","南亞科","113/06/06","13:30","台北晶華酒店","本公司財務業務相關資訊說明","240820240531M002.pdf","240820240531E002.pdf","https://www.nanya.com/tw/","","本公司受邀參加永豐金證券投資論壇","查詢"
"2408","南亞科","113/06/06","15:40","台北喜來登飯店","本公司財務業務相關資訊說明","240820240531M002.pdf","240820240531E002.pdf","https://www.nanya.com/tw/","","本公司受邀參加國泰證券投資論壇","查詢"
"2408","南亞科","113/03/20","14:00","台北君悅酒店","本公司財務業務相關資訊說明","240820240301M001.pdf","240820240301E001.pdf","https://www.nanya.com/tw/","","本公司受邀參加BofA 2024 APAC TMT Conference","查詢"
"2408","南亞科","113/04/10","15:00","線上法說會","2024年第1季營運狀況說明","240820240410M001.pdf","240820240410E001.pdf","https://www.nanya.com/tw/",法說會影音連結資訊:https://www.nanya.com/tw/IR/13/Investor Calendar?Year=2024 ,"無","查詢"
"2408","南亞科","113/08/28","15:00","諾富特華航桃園機場飯店","本公司財務業務相關資訊說明","240820240827M001.pdf","240820240827E001.pdf","https://www.nanya.com/tw/","","本公司受邀參加J.P. Morgan 9th Annual Asia Tech Tour","查詢"
"2408","南亞科","113/12/06","15:15","台北君悅酒店","本公司財務業務相關資訊說明","240820241205M002.pdf","240820241205E002.pdf","https://www.nanya.com/tw/",法說會影音連結資訊:https://www.nanya.com/tw/IR/13/Investor Calendar?Year=2024 ,"本公司受邀參加統一證券2024 Q4冬季投資論壇","查詢"
"2408","南亞科","113/10/09","15:00","線上法說會","2024年第3季營運狀況說明","240820241009M001.pdf","240820241009E001.pdf","https://www.nanya.com/tw/",法說會影音連結資訊:https://www.nanya.com/tw/IR/13/Investor Calendar?Year=2024 ,"無","查詢"
"2408","南亞科","113/09/24","09:00","台北W飯店","本公司財務業務相關資訊說明","240820240827M001.pdf","240820240827E001.pdf","https://www.nanya.com/tw/","","本公司受邀參加UBS Taiwan Summit 2024","查詢"
"2409","友達","113/11/18 至 113/11/21","08:00","(1)11/18台北君悅酒店
(2)11/19香港港島香格里拉
(3)11/20-11/21新加坡文華東方酒店","本公司將於11/18參加Macquarie舉辦之「MACQUARIE TAIWAN CONFERENCE」、11/19參加J.P. Morgan舉辦之「J.P. Morgan 12th Global TMT Conference in Asia」，及11/20-11/21參加Morgan Stanley舉辦之「Twenty-Third Annual Asia Pacific Summit」，就113年第三季法說會之內容說明公司營運與財務概況。","240920241031M001.pdf","240920241031E001.pdf","https://auo.com/zh-TW/Investor_Conference/index","","無","查詢"
"2409","友達","113/11/07 至 113/11/08","09:00","澳門君悅酒店","本公司將參加Citi舉辦之「Citi&#039;s 2024 China Investor Conference」，就113年第三季法說會之內容說明公司營運與財務概況。","240920241031M001.pdf","240920241031E001.pdf","https://auo.com/zh-TW/Investor_Conference/index","","無","查詢"
"2409","友達","113/02/05 至 113/02/06","12:00","雪梨和墨爾本","公告本公司將舉辦「Non-Deal Roadshow」，說明公司營運策略與ESG概況。","240920240202M002.pdf","240920240202E002.pdf","https://auo.com/zh-TW/Investor_Conference/index",法說會影音連結資訊:為受邀參加，故不適用 ,"無","查詢"
"2409","友達","113/01/31","14:00","線上法說會","112年第四季線上法人說明會。","240920240202M001.pdf","240920240202E001.pdf","https://auo.com/zh-TW/Investor_Conference/index",中文影音檔網址:2409_165_20240131_ch.mp4 英文影音檔網址:2409_165_20240131_en.mp4 ,"影音資訊於當日會後上傳","查詢"
"2409","友達","113/10/31","14:00","線上法說會","113年第三季線上法人說明會","240920241031M001.pdf","240920241031E001.pdf","https://auo.com/zh-TW/Investor_Conference/index",中文影音檔網址:2409_184_20241031_ch.mp4 英文影音檔網址:2409_184_20241031_en.mp4 ,"影音資訊於當日會後上傳","查詢"
"2409","友達","113/02/28 至 113/03/01","14:30","香港","公告本公司將舉辦「Non-Deal Roadshow」，說明公司營運策略與ESG概況。","240920240202M001.pdf","240920240202E001.pdf","https://auo.com/zh-TW/Investor_Conference/index",法說會影音連結資訊:為受邀參加，故不適用。 ,"無","查詢"
"2409","友達","113/04/30","14:00","線上法說會","113年第一季線上法人說明會","240920240430M001.pdf","240920240430E001.pdf","https://auo.com/zh-TW/Investor_Conference/index",中文影音檔網址:2409_170_20240430_ch.mp4 英文影音檔網址:2409_170_20240430_en.mp4 ,"影音資訊於當日會後上傳","查詢"
"2409","友達","113/06/10 至 113/06/14","15:00","法蘭克福、愛丁堡及倫敦","本公司將參加BofA Securities舉辦之「Non-Deal Roadshow」，就113年第一季法說會之內容說明公司營運與財務概況。","240920240430M001.pdf","240920240430E001.pdf","https://auo.com/zh-TW/Investor_Conference/index","","無","查詢"
"2409","友達","113/03/19 至 113/03/20","09:00","台北君悅酒店(台北市信義區松壽路2號)","公告本公司將參加BofA Securities舉辦之「2024 APAC TMT Conference」，就112年第四季法說會之內容說明公司營運與財務概況。","240920240202M001.pdf","240920240202E001.pdf","https://auo.com/zh-TW/Investor_Conference/index","","無","查詢"
"2409","友達","113/03/22","09:00","吉隆坡","公告本公司將參加UBS舉辦之「Non-Deal Roadshow」，就112年第四季法說會之內容說明公司營運與財務概況。","240920240202M001.pdf","240920240202E001.pdf","https://auo.com/zh-TW/Investor_Conference/index","","無","查詢"
"2409","友達","113/06/25 至 113/06/26","09:00","新加坡","本公司將參加Morgan Stanley舉辦之「Non-Deal Roadshow」，就113年第一季法說會之內容說明公司營運與財務概況。","240920240430M001.pdf","240920240430E001.pdf","https://auo.com/zh-TW/Investor_Conference/index","","無","查詢"
"2409","友達","113/09/03","10:00","台北君悅酒店","本公司將參加Goldman Sachs舉辦之「Taiwan Corporate Day 2024」，就113年第二季法說會之內容說明公司營運與財務概況。","240920240731M002.pdf","240920240731E002.pdf","https://auo.com/zh-TW/Investor_Conference/index","","無","查詢"
"2409","友達","113/07/31","14:00","台北六福萬怡酒店七樓超新星宴會廳 (台北市南港區
忠孝東路七段359號)","113年第二季法人說明會","240920240731M002.pdf","240920240731E002.pdf","https://auo.com/zh-TW/Investor_Conference/index",中文影音檔網址:2409_177_20240731_ch.mp4 英文影音檔網址:2409_177_20240731_en.mp4 ,"影音資訊於當日會後上傳","查詢"
"2409","友達","113/12/03 至 113/12/13","00:30","舊金山、鳳凰城、多倫多、波士頓、紐約、雪梨、墨爾本、新加坡","本公司將參加UBS舉辦之「Global Technology and AI Conference」，以及UBS和Macquarie舉辦之「Non-Deal Roadshow」，並就113年第三季法說會之內容說明公司營運與財務概況。","240920241031M001.pdf","240920241031E001.pdf","https://auo.com/zh-TW/Investor_Conference/index","","無","查詢"
"2409","友達","113/06/05 至 113/06/06","10:00","W Hotel Taipei","公告本公司將參加Citi舉辦之「2024 Taiwan Tech Conference」，就113年第一季法說會之內容說明公司營運與財務概況。","240920240430M001.pdf","240920240430E001.pdf","https://auo.com/zh-TW/Investor_Conference/index","","無","查詢"
"2409","友達","113/06/04","10:00","臺北君悅酒店","公告本公司將參加證交所與HSBC舉辦之「Taiwan Conference 2024」，就113年第一季法說會之內容說明公司營運與財務概況。","240920240430M001.pdf","240920240430E001.pdf","https://auo.com/zh-TW/Investor_Conference/index","","無","查詢"
"2409","友達","113/05/27 至 113/05/28","09:00","香港四季酒店","公告本公司將參加UBS舉辦之「Asian Investment Conference」，就113年第一季法說會之內容說明公司營運與財務概況。","240920240430M001.pdf","240920240430E001.pdf","https://auo.com/zh-TW/Investor_Conference/index","","無","查詢"
"2409","友達","113/09/23","09:00","台北W飯店","本公司將參加UBS舉辦之「UBS Taiwan Summit 2024」，就113年第二季法說會之內容說明公司營運與財務概況。","240920240731M002.pdf","240920240731E002.pdf","https://auo.com/zh-TW/Investor_Conference/index","","無","查詢"
"2409","友達","113/09/20","14:30","線上法說會","本公司將參加群益金鼎證券舉辦之線上法人說明會，就113年第二季法說會之內容說明公司營運與財務概況。","240920240731M002.pdf","240920240731E002.pdf","https://auo.com/zh-TW/Investor_Conference/index",中文影音檔網址:2409_182_20240920_ch.mp4 ,"無","查詢"
"2409","友達","113/09/11 至 113/09/12","09:00","香港JW萬豪酒店","本公司將參加Goldman Sachs舉辦之「China+ Conference」，就113年第二季法說會之內容說明公司營運與財務概況。","240920240731M002.pdf","240920240731E002.pdf","https://auo.com/zh-TW/Investor_Conference/index","","無","查詢"
"2412","中華電","113/06/28 至 113/07/03","09:00","新加坡、美國紐約、加拿大蒙特婁","會議由摩根大通(JPMorgan)主辦","241220240626M001.pdf","241220240626E001.pdf","https://www.cht.com.tw/chtir","","無","查詢"
"2412","中華電","113/05/13","08:00","東京","會議由野村證券(Nomura)主辦","241220240509M001.pdf","241220240509E001.pdf","http://www.cht.com.tw/chtir","","無","查詢"
"2412","中華電","113/01/30","15:00","電話會議","112年第4季營運成果資料於法人說明會當日14:30後至https://www.cht.com.tw/chtir下載","241220240130M001.pdf","241220240130E001.pdf","https://www.cht.com.tw/chtir",同步收看網址：:https://www.cht.com.tw/chtir 法說會影音連結資訊:https://www.cht.com.tw/chtir ,"電話會議時間15:00~16:00","查詢"
"2412","中華電","113/02/19","14:00","台北","會議由摩根大通(JPMorgan)主辦","241220240216M001.pdf","241220240216E001.pdf","http://www.cht.com.tw/chtir","","無","查詢"
"2412","中華電","113/11/11 至 113/11/12","11:00","新加坡","會議由美國銀行(Bank of America)主辦","241220241108M001.pptx","241220241108E001.pptx","https://www.cht.com.tw/chtir","","無","查詢"
"2412","中華電","113/03/20","10:00","台北君悅酒店","會議由美國銀行(Bank of America)主辦","241220240314M001.pdf","241220240314E001.pdf","http://www.cht.com.tw/chtir","","無","查詢"
"2412","中華電","113/05/02","15:00","電話會議","113年第1季營運成果資料於法人說明會當日14:30後至https://www.cht.com.tw/chtir下載","241220240502M001.pdf","241220240502E001.pdf","https://www.cht.com.tw/chtir",同步收看網址：:https://www.cht.com.tw/chtir 法說會影音連結資訊:https://www.cht.com.tw/chtir ,"電話會議時間15:00~16:00","查詢"
"2412","中華電","113/08/06","15:00","電話會議","113年第2季營運成果資料於法人說明會當日14:30後至https://www.cht.com.tw/chtir下載","241220240806M001.pdf","241220240806E001.pdf","https://www.cht.com.tw/chtir",同步收看網址：:https://www.cht.com.tw/chtir 法說會影音連結資訊:https://www.cht.com.tw/chtir ,"電話會議時間15:00~16:00","查詢"
"2412","中華電","113/11/06","16:00","電話會議","113年第3季營運成果資料於法人說明會當日15:30後至https://www.cht.com.tw/chtir下載","241220241106M001.pdf","241220241106E001.pdf","https://www.cht.com.tw/chtir",同步收看網址：:https://www.cht.com.tw/chtir 法說會影音連結資訊:https://www.cht.com.tw/chtir ,"電話會議時間16:00~17:00","查詢"
"2412","中華電","113/08/27","11:20","臺北文創(台北市信義區菸廠路88號6F)","會議由元富證券主辦","241220240823M001.pdf","241220240823E001.pdf","https://www.cht.com.tw/chtir",中文影音檔網址:2412_211_20240827_ch.mp4 ,"無","查詢"
"2413","環科","113/11/26","15:00","台中市工業區27路2號(5F會議廳)","本公司受邀參加凱基證券於113年11月26日舉辦之法人說明會，為促進機構投資法人對本公司產業之瞭解，將予以說明。","241320241126M001.pdf","241320241126E001.pdf","https://www.umec.com.tw/Investor/InvestorConference",中文影音檔網址:2413_10_20241126_ch.mp4 ,"無","查詢"
"2414","精技","113/08/08","14:30","線上法說會","受邀參加凱基證券舉辦之線上法人說明會，報名網址：
https://ib.kgi.com/IBWebSite/Views/Registration/RegistPage.aspx?ActNbr=W2hAqAJvx3nfyKUHwliNXg==","241420240808M001.pdf","241420240808E001.pdf","https://www.unitech.com.tw",法說會影音連結資訊:https://webpro.twse.com.tw/WebPortal/vod/101/715E9666B84D-83B6AB1B-5561-11EF-8C4F/?categoryId=101 ,"無","查詢"
"2415","錩新","113/08/21","14:00","線上法說會","統一證券舉辦之線上法人說明會,說明113年第二季營運概況","241520240816M001.pdf","241520240816E001.pdf","",中文影音檔網址:2415_11_20240821_ch.mp4 ,"無","查詢"
"2417","圓剛","113/08/28","14:30","國泰綜合證券(台北市敦化南路二段218號5樓)","本公司受邀參加國泰綜合證券舉辦之法人說明會，說明公司營運概況。","241720240828M001.pdf","241720240828E001.pdf","http://ir.avermedia.com/irwebsite_c/#events_presentations",法說會影音連結資訊:https://reurl.cc/7dkQN1 ,"無","查詢"
"2417","圓剛","113/12/24","14:30","宏遠證券總公司(台北市大安區信義路四段236號7樓)","本公司受邀參加宏遠證券舉辦之法人說明會，說明公司營運概況。","241720241224M001.pdf","241720241224E001.pdf","http://ir.avermedia.com/irwebsite_c/#events_presentations",法說會影音連結資訊:http://ir.avermedia.com/irwebsite_c/#events_presentations ,"無","查詢"
"2419","仲琦","113/11/22","14:00","茹曦酒店(台北市松山區敦化北路100號)","本公司受邀參加華南永昌證券舉辦2024年第四季產業暨企業論壇，說明本公司營運成果。","241920241122M001.pdf","241920241122E001.pdf","https://www.hitrontech.com/zh-tw/investors/events-investor-conference/",法說會影音連結資訊:https://drive.google.com/file/d/18JKdeMGNiuyTF7qLbnK_IIB6HWr1b4V5/view?usp=sharing ,"無","查詢"
"2419","仲琦","113/02/29","14:00","台北市重慶南路一段2號22樓 (台開大樓22樓會議廳)","本公司受邀參加永豐金證券舉辦之法人說明會， 說明本公司2023年度營運成果暨未來展望。","241920240229M001.pdf","241920240229E001.pdf","https://www.hitrontech.com/zh-tw/investors/events-investor-conference/",中文影音檔網址:2419_11_20240229_ch.MP4 ,"無","查詢"
"2420","新巨","113/05/10","14:30","線上法說會","本公司受邀參加凱基證券舉辦之線上法人說明會，說明本公司業務及營運概況。","242020240509M001.pptx","242020240509E001.pptx","http://www.zippy.com.tw/zh-tw/newslists.aspx",中文影音檔網址:2420_13_20240510_ch.mp4 ,"無","查詢"
"2420","新巨","113/09/12","14:00","線上法說會","本公司受邀參加凱基證券舉辦之線上法人說明會，說明本公司業務及營運概況。","242020240911M001.pptx","242020240911E001.pptx","https://www.zippy.com/tw/02_news_list.aspx",中文影音檔網址:2420_14_20240912_ch.mp4 ,"無","查詢"
"2421","建準","113/11/13 至 113/11/14","09:00","港島香格里拉","本公司受邀參加大和證券所舉辦之「Daiwa Investment Conference Hong Kong 2024」，說明本公司113年第3季營運狀況。","242120241111M001.pdf","242120241111E001.pdf","https://www.sunon.com/inv1133.aspx","","無","查詢"
"2421","建準","113/03/19 至 113/03/20","11:00","113/03/19-113/03/20 台北君悅酒店(臺北市信義區松壽路二號)","本公司受邀參加BofA 2024 APAC TMT Conference，說明本公司營運概況。","242120240308M001.pdf","242120240308E001.pdf","https://www.sunon.com/inv1133.aspx","","無","查詢"
"2421","建準","113/03/15","13:30","茹曦酒店 (台北市松山區敦化北路100號2樓)","本公司受邀參加國泰證券2024年第一季投資論壇，說明本公司營運概況。","242120240308M001.pdf","242120240308E001.pdf","https://www.sunon.com/inv1133.aspx","","無","查詢"
"2421","建準","113/08/20","16:00","101大樓台灣證券交易所一樓資訊展示中心(台北市信義路五段7號)","永豐金證券/台灣證交所舉辦之「2024年證交所AI主題式業績發表會」","242120240815M001.pdf","242120240815E001.pdf","https://www.sunon.com/inv1133.aspx",同步收看網址：:https://webpro.twse.com.tw/webportal/?liveChannelId=1 法說會影音連結資訊:https://webpro.twse.com.tw/webportal/vod/101/3DA1BDDEDEF7-C2A9DE5D-5ED2-11EF-BF7B/?categoryId=101 ,"無","查詢"
"2421","建準","113/09/04","10:00","台北君悅酒店(台北市信義區松壽路2號)","本公司受邀參加高盛證券所舉辦之「 Taiwan Corporate Day」，說明營運現況及前景。","242120240815M001.pdf","242120240815E001.pdf","https://www.sunon.com/inv1133.aspx","","無","查詢"
"2421","建準","113/06/05","10:00","台北W飯店 (台北市信義區忠孝東路五段10號)","本公司應邀參加花旗證券舉辦之Citi 2024 Taiwan  Conference，說明本公司營運概況。","242120240528M001.pdf","242120240528E001.pdf","https://www.sunon.com/inv1133.aspx","","無","查詢"
"2421","建準","113/06/04","11:00","台北君悅酒店(台北市松壽路2號)","本公司受邀參加匯豐證券與證交所舉辦之HSBC x TWSE Taiwan Conference 2024，說明本公司營運概況。","242120240528M001.pdf","242120240528E001.pdf","https://www.sunon.com/inv1133.aspx","","無","查詢"
"2421","建準","113/12/04","15:00","台北茹曦酒店(台北市松山區敦化北路100號2F)","本公司受邀參加群益證券2024年第四季投資論壇，說明本公司營運狀況。","242120241111M001.pdf","242120241111E001.pdf","https://www.sunon.com/inv1133.aspx",中文影音檔網址:2421_52_20241204_ch.MP4 ,"無","查詢"
"2423","固緯","113/07/30","14:00","線上法說會","固緯電子受邀參加台新證券舉辦之線上法說會，說明本公司營運概況及未來展望並回答投資人提問。 網址：https://tssco.webex.com/join/jbak","242320240730M001.pptx","242320240730E001.pptx","",中文影音檔網址:2423_13_20240730_ch.mp4 ,"無","查詢"
"2423","固緯","113/12/30","14:00","線上法說會","受邀參加
固緯電子受邀參加台新證券舉辦之線上法說會，說明本公司營運概況及未來展望並回答投資人提問。 網址：https://tssco.webex.com/join/jbak","242320241230M001.pdf","242320241230E001.pdf","",中文影音檔網址:2423_14_20241230_ch.mp4 ,"無","查詢"
"2424","隴華","113/11/26","16:00","線上法說會","本公司受邀參加元大證券舉辦之線上法說會，報告本公司營運狀況。","242420241126M001.pdf","242420241126E001.pdf","",中文影音檔網址:2424_8_20241126_ch.mp4 ,"無","查詢"
"2425","承啟","113/12/16","14:00","福邦證券總公司(台北市忠孝西路一段6號7樓)","受邀參加福邦證券舉辦之法人說明會，就本公司已公開之財務業務資訊作說明","242520250203M001.pdf","242520250203E001.pdf","http://www.chaintech.com.tw/Investors.aspx?cid=3351&amp;type=1",中文影音檔網址:2425_9_20241216_ch.MP4 ,"無","查詢"
"2426","鼎元","113/11/29","14:30","苗栗縣竹南鎮科中路15號","公司簡報與營運概況說明","242620241127M001.pdf","242620241127E001.pdf","https://www.tyntek.com.tw/investor.php?cs=1&amp;sn=13",中文影音檔網址:2426_8_20241129_ch.mp4 ,"無","查詢"
"2427","三商電","113/04/11","14:30","線上法說會，
網址:http://www.zucast.com/webcast/9ZXgPRRz","報告2023年度營運成果及公司營運現況暨未來展望。","242720240411M001.pdf","242720240411E001.pdf","https://www.mds.com.tw/tc/investment_detail.php?PKey=22&amp;Page=0",同步收看網址：:http://www.zucast.com/webcast/9ZXgPRRz 法說會影音連結資訊:http://www.zucast.com/webcast/9ZXgPRRz ,"無。","查詢"
"2428","興勤","113/03/22","14:00","線上法說會","本公司受邀參加康和綜合證券舉辦之線上法說會，說明本公司112年第4季營運狀況及未來展望。","242820240322M001.pdf","242820240322E001.pdf","https://www.thinking.com.tw/tw/investor.php?id=25",中文影音檔網址:2428_17_20240322_ch.mp4 ,"無","查詢"
"2428","興勤","113/06/14","14:00","線上法說會","本公司受邀參加元大證券舉辦之線上法說會，說明本公司113年第1季營運狀況及未來展望。","242820240614M001.pdf","242820240614E001.pdf","https://www.thinking.com.tw/tw/investor.php?id=25",中文影音檔網址:2428_18_20240614_ch.mp4 ,"無","查詢"
"2428","興勤","113/09/25","14:00","台北市松山區復興北路99號2樓","本公司受邀參加&#29319;亞證券舉辦之法說會，說明本公司113年第2季營運狀況及未來展望。","242820240925M001.pdf","242820240925E001.pdf","https://www.thinking.com.tw/tw/investor.php?id=25","","無","查詢"
"2428","興勤","113/12/11","14:00","線上法說會","本公司受邀參加凱基證券舉辦之線上法說會，說明本公司113年第3季營運狀況及未來展望。","242820241211M001.pdf","242820241211E001.pdf","https://www.thinking.com.tw/tw/investor.php?id=25","","無","查詢"
"2429","銘旺科","113/09/05","14:30","台北市樂群三路128號七樓","本公司受邀參加國票綜合證券舉辦之法說會，說明本公司營運概況相關資訊","242920240903M001.pdf","242920240903E001.pdf","https://www.abonmax.com.tw/index.php?route=investor/information&amp;information_id=20",中文影音檔網址:2429_8_20240905_ch.mp4 ,"無","查詢"
"2430","燦坤","113/03/14","14:00","線上法說會","本公司受邀參加元大證券舉辦之線上法說會，說明本公司營運狀況。","243020240312M001.pdf","243020240312E001.pdf","https://www.tk3c.com.tw/#investorconference&amp;4",中文影音檔網址:2430_20_20240314_ch.mp4 ,"無","查詢"
"2430","燦坤","113/05/15","14:00","線上法說會","本公司受邀參加元大證券舉辦之線上法說會，說明本公司營運狀況。","243020240514M001.pdf","243020240514E001.pdf","https://www.tk3c.com.tw/#investorconference&amp;4",中文影音檔網址:2430_21_20240515_ch.mp4 ,"無","查詢"
"2430","燦坤","113/12/12","14:00","線上法說會","本公司受邀參加元大證券舉辦之線上法說會，說明本公司營運狀況。","243020241211M001.pdf","243020241211E001.pdf","https://www.tk3c.com.tw/#investorconference&amp;4",中文影音檔網址:2430_23_20241212_ch.mp4 ,"無","查詢"
"2430","燦坤","113/08/21","14:00","線上法說會","本公司受邀參加元大證券舉辦之線上法說會，說明本公司營運狀況。","243020240820M001.pdf","243020240820E001.pdf","https://www.tk3c.com.tw/#investorconference&amp;4",中文影音檔網址:2430_22_20240821_ch.mp4 ,"無","查詢"
"2431","聯昌","113/12/04","14:00","台新證券線上法人說明會","本公司受邀參加台新證券所舉辦之線上法人說明會","243120241204M001.pptx","243120241204E001.pptx","https://www.lienchang.com.tw/",中文影音檔網址:2431_11_20241204_ch.mp4 ,"無","查詢"
"2432","倚天酷碁-創","113/01/17","15:40","臺灣證券交易所1樓資訊展示中心 (台北市信義區信義路5段7號 (101大樓))","本公司受邀參加證交所舉辦之創新板上市公司主題式業績發表會，說明本公司業務及財務相關資訊。
參加方式及相關資料請詳證交所首頁: (https://www.twse.com.tw/zh/page/focus/events.html)","243220240116M001.pdf","243220240116E001.pdf","https://www.acergadget.com/zh-TW/pages/investorrelation-20221115155038",同步收看網址：:https://webpro.twse.com.tw/webportal/?liveChannelId=1 ,"無","查詢"
"2432","倚天酷碁-創","113/05/15","15:30","臺灣證券交易所1樓資訊展示中心 (台北市信義區信義路5段7號 (101大樓))","本公司受邀參加臺灣證券交易所舉辦之「113年第二季第一上市公司及創新板公司法人說明會」，說明本公司業務及財務相關資訊。
參加方式及相關資料請詳證交所首頁: (https://www.twse.com.tw/zh/page/focus/events.html)","243220240515M001.pdf","243220240515E001.pdf","https://www.acergadget.com/zh-TW/pages/investorrelation-20221115155038",同步收看網址：:https://webpro.twse.com.tw/webportal/?liveChannelId=1 ,"無","查詢"
"2432","倚天酷碁-創","113/08/28","10:00","台北文創6樓 (台北市信義區菸廠路88號6F)","本公司受邀參加2024台灣創投年會法人說明會，說明本公司業務及財務相關資訊。
參加方式及相關資料請詳台灣創投年會首頁: 
(https://tvca-summit.tvca.org.tw/event)","243220240826M001.pdf","243220240826E001.pdf","https://www.acergadget.com/investor/",法說會影音連結資訊:https://webpro.twse.com.tw/webportal/vod/101/?categoryId=101 ,"無","查詢"
"2433","互盛電","113/11/18","16:00","線上法說會","說明2024年第三季營運概況及未來展望","243320241115M001.pdf","243320241115E001.pdf","https://www.eosasc.com.tw/event-information",法說會影音連結資訊:https://www.youtube.com/watch?v=PHall-qWdI0 ,"無","查詢"
"2433","互盛電","113/08/15","16:00","線上法說會","說明2024年上半年營運概況","243320240814M001.pdf","243320240814E001.pdf","https://www.eosasc.com.tw/event-information",法說會影音連結資訊:https://www.youtube.com/watch?v=1N-HEvr3MWE ,"無","查詢"
"2434","統懋","113/12/19","14:00","台南市新市區中山路76號","公司簡介及相關財務業務資訊","243420241219M001.pdf","243420241219E001.pdf","http://www.mospec.com.tw",中文影音檔網址:2434_8_20241219_ch.mp4 ,"無","查詢"
"2436","偉詮電","113/03/20","14:30","台北市信義路4段236號7樓","報告112年財報與業務營運相關資訊報告。簡報資料請參閱公開資訊觀測站。","243620240320M001.pdf","243620240320E001.pdf","http://www.weltrend.com",法說會影音連結資訊:https://drive.google.com/file/d/1TUqK6E4Dkg03wS8oTWt1nWAPZSzIBUps/view?usp=drive_link ,"無","查詢"
"2436","偉詮電","113/11/11","14:00","台北市忠孝西路一段6號7樓","報告113年第三季財報與業務營運相關資訊報告。簡報資料請參閱公開資訊觀測站。","243620241111M001.pdf","243620241111E001.pdf","http://www.weltrend.com",法說會影音連結資訊:https://drive.google.com/file/d/1D2J3b7O9i3k0IXu_ZVX5E3Gjf0O_OjXD/view?usp=sharing (請輸入網址名稱(註)):未輸 ,"無","查詢"
"2436","偉詮電","113/08/16","14:30","台北市中山區建國北路一段96號13樓","報告113年第二季財報與業務營運相關資訊報告。簡報資料請參閱公開資訊觀測站。","243620240816M001.pdf","243620240816E001.pdf","http://www.weltrend.com",法說會影音連結資訊:https://drive.google.com/file/d/1FhkJ_eql9NXlUjiAbwMR_gaEbDypYYnt/view?usp=sharing ,"無","查詢"
"2438","翔耀","113/12/24","16:00","線上法說會","本公司受邀參加元大證券舉辦之線上法說會，報告本公司營運狀況。","243820241224M001.pptx","243820241224E001.pptx","",中文影音檔網址:2438_8_20241224_ch.mp4 ,"無","查詢"
"2439","美律","113/02/23","16:00","Webex線上會議","(1)本公司受邀參加富邦證券舉辦之法人說明會，公布本公司
  2023年第4季營運成果。 
(2)簡報內容於會議開始前15分鐘置於公開資訊觀測站，請自行下載。
(3)報名窗口:富邦證券 法人業務部：tingju.yeh@fubon.com","243920240223M001.PDF","243920240223E001.PDF","https://fubonseca.webex.com/fubonseca-tc/j.php?MTID=mcd2efa74feb376a46f3c117e498cd461",中文影音檔網址:2439_253_20240223_ch.mp4 ,"無","查詢"
"2439","美律","113/07/26","15:00","Webex線上會議","(1)本公司受邀參加元大證券舉辦之法人說明會，公布本公司 2024年第2季營運成果。(2)簡報內容於會議開始前15分鐘置於公開資訊觀測站，請自行下載。 (3)活動諮詢:元大證券李小姐，E-mail:underwriting.brk@yuanta.com","243920240726M001.pdf","243920240726E001.pdf","https://www.merry.com.tw/page/investor/seminar.aspx",中文影音檔網址:2439_257_20240726_ch.mp4 ,"無","查詢"
"2439","美律","113/11/20","10:00","Grand Hyatt Taipei台北君悅酒店","本公司受邀參加麥格理證券(Macquarie)舉辦之「Taiwan Conference：Tech and Beyond 2024」","243920241028M001.PDF","243920241028E001.pdf","https://www.merry.com.tw/page/investor/seminar.aspx",法說會影音連結資訊:未輸 ,"無","查詢"
"2439","美律","113/03/21","10:00","台北君悅酒店","本公司受邀參加美國銀行證券舉辦之
「2024 APAC TMT Conference」。","243920240223M001.PDF","243920240223E001.PDF","https://www.merry.com.tw/page/investor/seminar.aspx","","無","查詢"
"2439","美律","113/04/26","15:00","Webex線上會議","(1)本公司受邀參加永豐金證券舉辦之法人說明會，公布本公司 2024年第1季營運成果。(2)簡報內容於會議開始前15分鐘置於公開資訊觀測站，請自行下載。 (3)活動諮詢:永豐金證券鄒小姐，電話:02-23828166，
E-mail:joyce.tsou@sinopac.com","243920240426M001.pdf","243920240426E001.pdf","https://www.merry.com.tw/page/investor/seminar.aspx",中文影音檔網址:2439_255_20240426_ch.mp4 ,"無","查詢"
"2439","美律","113/06/06","14:00","W Hotel","本公司受邀參加花旗證券舉辦之&quot;Citi&#039;s 2024 Taiwan Tech Conference&quot;","243920240426M001.pdf","243920240426E001.pdf","https://www.merry.com.tw/page/investor/seminar.aspx",法說會影音連結資訊:未輸 ,"無","查詢"
"2439","美律","113/10/28","15:00","Webex線上會議","(1)本公司受邀參加元大證券舉辦之法人說明會，公布本公司 2024年第3季營運成果。(2)簡報內容於會議開始前15分鐘置於公開資訊觀測站，請自行下載。 (3)活動諮詢:元大證券黃先生，E-mail:eugene.huang@yuanta.com","243920241028M001.PDF","243920241028E001.pdf","https://www.merry.com.tw/page/investor/seminar.aspx",中文影音檔網址:2439_258_20241028_ch.mp4 ,"無","查詢"
"2440","太空梭","113/11/20","14:00","線上法說會","公司簡介及營運概況","244020241120M001.pdf","244020241120E001.pdf","http://www.spaces.com.tw/zh-tw/a2-8701/%E6%B3%95%E8%AA%AA%E6%9C%83%E5%A0%B1%E5%91%8A.html",中文影音檔網址:2440_8_20241120_ch.mp3 ,"無。","查詢"
"2441","超豐","113/01/30","14:30","新竹縣湖口鄉新竹工業區大同路15號6樓(力成科技公司訓練教室)","報告2023年度營運成果及未來之營運展望","244120240130M001.pdf","244120240130E001.pdf","https://www.greatek.com.tw/investor4.html",中文影音檔網址:2441_20_20240130_ch.mp4 ,"無","查詢"
"2441","超豐","113/07/30","14:30","新竹縣湖口鄉新竹工業區大同路15號6樓 (力成科技公司訓練教室)","報告2024年上半度營運成果及未來之營運展望","244120240730M001.pdf","244120240730E001.pdf","https://www.greatek.com.tw/investor4.html",中文影音檔網址:2441_21_20240730_ch.mp4 ,"直播連結https://wms.gridow.com/ir/pti/pti_gtk_2024Q2.html","查詢"
"2442","新美齊","113/03/27","14:30","台灣證券交易所1樓資訊展示中心(台北市信義區信義路五段7號1樓)","本公司近期營運概況說明","244220240327M001.pdf","244220240327E001.pdf","http://www.jean.com.tw/tw/invest-shareholders-report",法說會影音連結資訊:https://www.youtube.com/watch?v=HWbvlpdRdCI ,"無","查詢"
"2442","新美齊","113/09/18","14:30","臺灣證券交易所1樓資訊展示中心(台北市信義區信義路五段7號1樓)","本公司近期營運概況說明","244220240918M001.pdf","244220240918E001.pdf","https://www.jean.com.tw/tw/invest-shareholders-report",法說會影音連結資訊:https://webpro.twse.com.tw/WebPortal/vod/101/31BE19AB59AB-47F6C31F-758C-11EF-A3CC/?categoryId=101 ,"無","查詢"
"2444","兆勁","113/12/20","14:00","統一證券B203會議室（台北市松山區東興路8號B2樓）","本公司年度營運概況說明","244420241218M001.pdf","244420241218E001.pdf","https://www.abocom.com.tw/",法說會影音連結資訊:https://youtu.be/-uItZTAq3pM ,"無","查詢"
"2449","京元電子","113/11/20 至 113/11/21","09:30","Mandarin Oriental Singapore (新加坡文華東方酒店)","本公司受邀參加摩根士丹利證券 ( Morgan Stanley）舉辦的 Twenty-Third Annual Asia Pacific Summit，簡報資料請參閱公開資訊觀測站。","244920241111M001.pdf","244920241111E001.pdf","","","無","查詢"
"2449","京元電子","113/11/28","15:00","台北君悅酒店 (Grand Hyatt Taipei)","本公司113年11月28日受邀參加2024年第4季富邦投資論壇，簡報資料請參閱公開資訊觀測站。","244920241119M001.pdf","244920241119E001.pdf","https://www.kyec.com.tw/zh-tw/Ir/EarningsCall",中文影音檔網址:2449_109_20241128_ch.mp4 ,"無","查詢"
"2449","京元電子","113/11/26","09:00","台北遠東香格里拉 (Far Eastern Hotel)","本公司受邀參加花旗證券舉辦的 Citi Taiwan Corporate Day，簡報資料請參閱公開資訊觀測站。","244920241111M001.pdf","244920241111E001.pdf","","","無","查詢"
"2449","京元電子","113/04/08 至 113/04/09","09:00","International Commerce Centre, Hong Kong (香港環球貿易廣場)","本公司113年04月08日至113年04月09日受邀參加摩根士丹利證券 ( Morgan Stanley）舉辦的 North Asia Growth Corporate Day 2024，簡報資料請參閱公開資訊觀測站。","244920240308M001.pdf","244920240308E001.pdf","","","　無","查詢"
"2449","京元電子","113/12/04","10:50","台北晶華酒店 (Regent Taipei.)","本公司113年12月4日受邀參加2024元大證券第四季投資論壇，簡報資料請參閱公開資訊觀測站。","244920241119M001.pdf","244920241119E001.pdf","https://www.kyec.com.tw/zh-tw/Ir/EarningsCall",中文影音檔網址:2449_110_20241204_ch.mp4 ,"無","查詢"
"2449","京元電子","113/05/28 至 113/05/29","09:00","Four Seasons, Hong Kong (香港四季酒店)","本公司受邀參加（UBS）舉辦的Asian Investment Conference 2024，簡報資料請參閱公開資訊觀測站。","244920240516M001.pdf","244920240516E001.pdf","","","無","查詢"
"2449","京元電子","113/06/06 至 113/06/07","09:00","W hotel (台北W飯店)","本公司受邀參加花旗證券舉辦的 Citi 2024 Taiwan Conference，簡報資料請參閱公開資訊觀測站。","244920240516M001.pdf","244920240516E001.pdf","","","無","查詢"
"2449","京元電子","113/03/19 至 113/03/21","09:00","台北君悅酒店","本公司受邀參加美銀證券（BofA Securities）舉辦的2024 APAC TMT Conference，簡報資料請參閱公開資訊觀測站。","244920240308M001.pdf","244920240308E001.pdf","","","無","查詢"
"2449","京元電子","113/09/04","09:00","東方文華酒店 (Mandarin Oriental Taipei)","本公司受邀參加摩根士丹利證券 ( Morgan Stanley）舉辦的Taiwan AI Forum，簡報資料請參閱公開資訊觀測站。","244920240819M001.pdf","244920240819E001.pdf","","","無","查詢"
"2450","神腦","113/06/05","14:00","線上法說會","本公司受邀參加台新證券舉辦之線上法人說明會，就本公司經營實績向投資機構說明","245020240605M001.pdf","245020240605E001.pdf","https://www.senao.com.tw/invest06.php",中文影音檔網址:2450_31_20240605_ch.mp4 ,"無","查詢"
"2450","神腦","113/03/20","14:00","線上法說會","本公司受邀參加元大證券舉辦之線上法人說明會，就本公司經營實績向投資機構說明","245020240320M001.pdf","245020240320E001.pdf","https://www.senao.com.tw/invest06.php",法說會影音連結資訊:未輸 ,"無","查詢"
"2450","神腦","113/12/25","14:00","線上法說會","本公司受邀參加台新證券舉辦之線上法人說明會，就本公司經營實績向投資機構說明","245020241225M001.pdf","245020241225E001.pdf","https://www.senao.com.tw/pages/investors_infor",中文影音檔網址:2450_33_20241225_ch.mp4 ,"無","查詢"
"2450","神腦","113/09/18","14:00","線上法說會","本公司受邀參加台新證券舉辦之線上法人說明會，就本公司經營實績向投資機構說明","245020240918M001.pdf","245020240918E001.pdf","https://www.senao.com.tw/pages/investors_infor",法說會影音連結資訊:未輸 ,"無","查詢"
"2451","創見","113/11/06","15:00","創見資訊視聽教室(台北市內湖區行忠路70號)","說明本公司財務業務相關資訊","245120241106M002.pptx","245120241106E002.pptx","https://tw.transcend-info.com/about/conference",法說會影音連結資訊:https://youtu.be/Px57BJobqJ4 ,"無","查詢"
"2453","凌群","113/03/27","14:00","本公司簡報室(台北市萬華區峨眉街115號B1)","說明本公司一一二年度營運概況","245320240327M001.pdf","245320240327E001.pdf","http://www.syscom.com.tw/investor/It_Corporation.aspx",中文影音檔網址:2453_8_20240327_ch.mp4 ,"無。","查詢"
"2454","聯發科","113/01/31","15:00","線上法說會","(1) 公布本公司2023年第4季財務報告及2024年第1季業績展望。 (2) 參加方式：請參見https://corp.mediatek.tw/investor-relations/financial-information/quarterly-earnings","245420240131M001.pdf","245420240131E001.pdf","https://www.mediatek.com",同步收看網址：:https://webpage-ott2b.cdn.hinet.net/webpage/watch?contentProvider=mediatek&v=74104 法說會影音連結資訊:https://webpage-ott2b.cdn.hinet.net/webpage/watch?contentProvider=mediatek&v=74104 ,"無","查詢"
"2454","聯發科","113/01/08","08:00","拉斯維加斯","公告本公司113年1月8日受邀參加野村證券於拉斯維加斯舉辦之Nomura @CES 2024，簡報資料請參閱公開資訊觀測站。","245420231027M001.pdf","245420231027E001.pdf","","","無","查詢"
"2454","聯發科","113/03/04 至 113/03/21","09:00","台北、香港","公告本公司113年3月4日受邀參加花旗證券於台北舉辦之Taiwan Corporate Day 2024、113年3月19日至3月20日受邀參加美林證券於台北舉辦之2024 APAC TMT Conference及113年3月20日至3月21日受邀參加Jefferies證券於香港舉辦之Jefferies 5th Asia Forum，簡報資料請參閱公開資訊觀測站。","245420240131M001.pdf","245420240131E001.pdf","","","無","查詢"
"2454","聯發科","113/02/20","13:00","台北","公告本公司113年2月20日受邀參加摩根大通證券於台北舉辦之Taiwan CEO-CFO Conference，簡報資料請參閱公開資訊觀測站。","245420240131M001.pdf","245420240131E001.pdf","",英文影音檔網址:2454_249_20240220_en.mp4 ,"無","查詢"
"2454","聯發科","113/11/12 至 113/11/25","09:00","台北、香港、新加坡","公告本公司113年11月12日受邀參加台灣匯立證券於台北舉辦之Taiwan Market Mover 2025 Access Day、113年11月18日至11月19日受邀參加摩根大通證券於香港舉辦之Global TMT Conference in Asia、113年11月20日受邀參加麥格里證券於台北舉辦之Taiwan Conference、113年11月20日至11月21日受邀參加摩根史丹利證券於新加坡舉辦之Twenty-Third Annual Asia Pacific Summit及113年11月25日受邀參加花旗證券於台北舉辦之Taiwan Corporate Day，簡報資料請參閱公開資訊觀測站。","245420241030M001.pdf","245420241030E001.pdf","","","無","查詢"
"2454","聯發科","113/07/31","15:00","線上法說會","(1) 公布本公司2024年第2季財務報告及2024年第3季業績展望。 (2) 參加方式：請參見https://corp.mediatek.tw/investor-relations/financial-information/quarterly-earnings","245420240731M001.pdf","245420240731E001.pdf","https://www.mediatek.com",同步收看網址：:https://webpage-ott2b.cdn.hinet.net/webpage/watch?contentProvider=mediatek&v=74487 法說會影音連結資訊:https://webpage-ott2b.cdn.hinet.net/webpage/watch?contentProvider=mediatek&v=74487 ,"無","查詢"
"2454","聯發科","113/04/26","15:00","線上法說會","(1) 公布本公司2024年第1季財務報告及2024年第2季業績展望。 (2) 參加方式：請參見https://corp.mediatek.tw/investor-relations/financial-information/quarterly-earnings","245420240426M001.pdf","245420240426E001.pdf","https://www.mediatek.com",同步收看網址：:https://webpage-ott2b.cdn.hinet.net/webpage/watch?contentProvider=mediatek&v=74278 法說會影音連結資訊:https://webpage-ott2b.cdn.hinet.net/webpage/watch?contentProvider=mediatek&v=74278 ,"無","查詢"
"2454","聯發科","113/05/28 至 113/06/07","15:00","香港、台北","公告本公司113年5月28日至5月29日受邀參加瑞銀證券於香港舉辦之Asian Investment Conference 2024、113年6月4日受邀參加匯豐證券於台北舉辦之HSBC x TWSE Taiwan Conference 2024 及113年6月7日受邀參加花旗證券於台北舉辦之2024 Taiwan Tech Conference，簡報資料請參閱公開資訊觀測站。","245420240426M001.pdf","245420240426E001.pdf","","","無","查詢"
"2454","聯發科","113/09/02 至 113/09/20","09:00","台北、香港","公告本公司113年9月2日受邀參加摩根史丹利證券於台北舉辦之Taiwan AI Forum 2024、113年9月3日受邀參加高盛證券於台北舉辦之 Taiwan Corporate Day、113年9月9日至9月11日受邀參加里昂證券於香港舉辦之 Investors’ Forum 2024及113年9月19日至9月20日受邀參加麥格里證券於香港舉辦之Asia TMT Conference ，簡報資料請參閱公開資訊觀測站。","245420240731M001.pdf","245420240731E001.pdf","","","無","查詢"
"2454","聯發科","113/09/23","09:00","台北","公告本公司113年9月23日受邀參加瑞銀證券於台北舉辦之Taiwan Summit 2024 ，簡報資料請參閱公開資訊觀測站。","245420240731M001.pdf","245420240731E001.pdf","","","無","查詢"
"2454","聯發科","113/10/30","15:00","線上法說會","(1) 公布本公司2024年第3季財務報告及2024年第4季業績展望。 
(2) 參加方式：請參見https://corp.mediatek.tw/investor-relations/financial-information/quarterly-earnings","245420241030M001.pdf","245420241030E001.pdf","https://www.mediatek.com",同步收看網址：:https://webpage-ott2b.cdn.hinet.net/webpage/watch?contentProvider=mediatek&v=114735 法說會影音連結資訊:https://webpage-ott2b.cdn.hinet.net/webpage/watch?contentProvider=mediatek&v=114735 ,"無","查詢"
"2455","全新","113/11/20","14:20","台北晶華酒店","本公司受邀參加康和綜合證券舉辦「2025投資趨勢論壇」，會中就公司業務狀況等說明。","245520241105M001.pdf","245520241105E001.pdf","http://www.vpec.com.tw","","無","查詢"
"2455","全新","113/11/22","15:10","茹曦酒店","本公司受邀參加華南永昌證券舉辦「2024年第四季產業暨企業論壇」，會中就公司業務狀況等說明。","245520241105M001.pdf","245520241105E001.pdf","http://www.vpec.com.tw","","無","查詢"
"2455","全新","113/02/19 至 113/02/20","14:00","台北君悅酒店 台北市信義區松壽路2號","本公司受邀參加J.P. Morgan舉辦J.P. Morgan Taiwan CEO-CFO Conference 2024，會中就公司業務狀況等說明。","245520240216M001.pdf","245520240216E001.pdf","http://www.vpec.com.tw","","無","查詢"
"2455","全新","113/11/13","10:00","香港港島香格里拉酒店","本公司受邀參加DAIWA舉辦「Daiwa Investment Conference Hong Kong 2024」，會中就公司業務狀況等說明。","245520241105M001.pdf","245520241105E001.pdf","http://www.vpec.com.tw","","無","查詢"
"2455","全新","113/01/15","09:00","Affin Hwang office in Kuala Lumpur","本公司受邀參加DAIWA舉辦Daiwa-Affin Hwang Taiwan Corporate day，會中就公司業務狀況等說明。","245520231107M002.pdf","245520231107E002.pdf","http://www.vpec.com.tw","","無","查詢"
"2455","全新","113/03/20","09:00","台北君悅酒店(台北市信義區松壽路2號)","本公司受邀參加BofA Securities舉辦2024 APAC TMT Conference，會中就公司業務狀況等說明。","245520240304M001.pdf","245520240304E001.pdf","http://www.vpec.com.tw","","無","查詢"
"2455","全新","113/06/03","10:00","台北君悅酒店","本公司受邀參加臺灣證券交易所與香港上海匯豐證券共同舉辦「HSBC x TWSE Taiwan Conference 2024」，會中就公司業務狀況等說明。","245520240530M001.pdf","245520240530E001.pdf","http://www.vpec.com.tw","","無","查詢"
"2455","全新","113/03/05","14:00","喜來登飯店(台北市中正區忠孝東路一段12號)","本公司受邀參加第一金證券舉辦2024年第一季投資論壇，會中就公司業務狀況等說明。","245520240304M001.pdf","245520240304E001.pdf","http://www.vpec.com.tw","","無","查詢"
"2455","全新","113/06/06","10:00","台北W飯店
台北市信義區忠孝東路五段10號","本公司受邀參加Citi舉辦2024 Taiwan Tech Conference，會中就公司業務狀況等說明。","245520240530M001.pdf","245520240530E001.pdf","http://www.vpec.com.tw","","無","查詢"
"2455","全新","113/09/19","13:30","台北晶華酒店4F","本公司受邀參加元大證券舉辦「2024元大證券第三季投資論壇」，會中就公司業務狀況等說明。","245520240918M001.pdf","245520240918E001.pdf","http://www.vpec.com.tw",中文影音檔網址:2455_160_20240919_ch.mp4 ,"無","查詢"
"2455","全新","113/09/23","10:00","台北W飯店","本公司受邀參加UBS舉辦「UBS Taiwan Summit 2024」，會中就公司業務狀況等說明。","245520240918M001.pdf","245520240918E001.pdf","http://www.vpec.com.tw","","無","查詢"
"2455","全新","113/12/12","13:30","喜來登飯店","本公司受邀參加第一金證券舉辦2024第四季投資論壇，會中就公司業務狀況等說明。","245520241105M001.pdf","245520241105E001.pdf","http://www.vpec.com.tw",中文影音檔網址:2455_165_20241212_ch.mp4 ,"無","查詢"
"2457","飛宏","113/08/13","14:00","線上法說會","(1)公布本公司2024年第二季營運及財務概況。
(2)參加方式：請參見https://events.teams.microsoft.com/event/82b99885-aba6-4526-95e5-47345689fce2@65a97312-0e38-4ac7-b923-4e3737fb402e","245720240813M001.pdf","245720240813E001.pdf","https://www.phihong.com.tw/index.php?route=investors/investors&amp;internal_type_id=37&amp;zong=7",中文影音檔網址:2457_14_20240813_ch.mp4 ,"無","查詢"
"2457","飛宏","113/12/05","14:00","線上法說會","(1)公布本公司2024年第三季營運及財務概況。(2)參加方式：請參見https://events.teams.microsoft.com/event/51e99265-4de7-4d07-a33b-2b1b91f11ad7@65a97312-0e38-4ac7-b923-4e3737fb402e","245720241205M001.pdf","245720241205E001.pdf","https://www.phihongtech.com/institutional-investors/",法說會影音連結資訊:https://youtu.be/WKLm5XiZmxk ,"無","查詢"
"2458","義隆","113/05/02","14:30","線上法說會 (報名後提供會議連結資訊)","公布本公司2024年第1季財務報告及第2季業績展望。","245820240502M001.pdf","245820240502E001.pdf","http://www.emc.com.tw/emc/tw/Investor/seminar",中文影音檔網址:2458_133_20240502_ch.mp4 ,"無","查詢"
"2458","義隆","113/02/22","14:30","線上法說會 (報名後提供會議連結資訊)","公布本公司2023年第4季財務報告及2024年第1季業績展望。","245820240222M001.pdf","245820240222E001.pdf","http://www.emc.com.tw/emc/tw/Investor/seminar",中文影音檔網址:2458_129_20240222_ch.mp4 ,"無","查詢"
"2458","義隆","113/01/04","14:00","宏遠證券七樓會議室(台北市信義路四段236號7樓)","本公司參加由宏遠證券所舉辦的&quot;IC設計產業座談會&quot;，將於會中說明本公司近期營運概況。","245820240103M001.pdf","245820240103E001.pdf","","","無","查詢"
"2458","義隆","113/03/05","11:00","台北喜來登大飯店","本公司受邀參加第一金證券所舉辦之「2024年第一季投資論壇」，將於會中說明本公司近期營運概況。","245820240304M001.pdf","245820240304E001.pdf","","","無","查詢"
"2458","義隆","113/03/05","14:00","臺北文創-台北市信義區菸廠路88號6F","本公司受邀參加元富證券所舉辦之「2024春季投資論壇」，
將於會中說明本公司近期營運概況。","245820240304M002.pdf","245820240304E002.pdf","","","無","查詢"
"2458","義隆","113/06/07","10:00","台北W飯店","會中說明本公司近期營運概況。","245820240606M001.pdf","245820240606E001.pdf","","","無","查詢"
"2458","義隆","113/03/21","10:00","台北君悅酒店","本公司受邀參加美林證券所舉辦之「2024 APAC TMT Conference」，將於會中說明本公司近期營運概況。","245820240320M001.pdf","245820240320E001.pdf","","","無","查詢"
"2458","義隆","113/05/31","13:30","瑞銀證券台北辦公室 (台北市信義區松仁路7號5F)","說明本公司近期營運概況。","245820240530M001.pdf","245820240530E001.pdf","","","無","查詢"
"2458","義隆","113/08/27","15:20","臺北文創-台北市信義區菸廠路88號6F","本公司受邀參加元富證券所舉辦之「2024秋季投資論壇」，
將於會中說明本公司近期營運概況。","245820240827M001.pdf","245820240827E001.pdf","",中文影音檔網址:2458_137_20240827_ch.mp4 ,"無","查詢"
"2458","義隆","113/08/12","14:30","線上法說會 (報名後提供會議連結資訊)","公布本公司2024年第2季財務報告及第3季業績展望。","245820240812M001.pptx","245820240812E001.pptx","http://www.emc.com.tw/emc/tw/Investor/seminar",中文影音檔網址:2458_136_20240812_ch.mp4 ,"無","查詢"
"2458","義隆","113/09/04","15:30","宏遠證券7F會議室-台北市信義路四段236號7F","本公司受邀參加宏遠證券所舉辦之「2024未來趨勢產業投資論壇」，將於會中說明本公司近期營運概況。","245820240904M001.pdf","245820240904E001.pdf","","","無","查詢"
"2458","義隆","113/09/11","15:30","台北喜來登大飯店","將於會中說明本公司近期營運概況。","245820240911M001.pdf","245820240911E001.pdf","","","無","查詢"
"2458","義隆","113/09/23","10:00","台北W飯店","說明本公司近期營運概況。","245820240919M001.pdf","245820240919E001.pdf","","","無","查詢"
"2458","義隆","113/11/05","14:30","線上法說會 (報名後提供會議連結資訊)","公布本公司2024年第3季財務報告及第4季業績展望。","245820241105M001.pdf","245820241105E001.pdf","http://www.emc.com.tw/emc/tw/Investor/seminar",中文影音檔網址:2458_141_20241105_ch.mp4 ,"無","查詢"
"2459","敦吉","113/11/12","14:30","兆豐證券總公司13樓會議廳（台北市忠孝東路二段95號13樓）","本公司受邀參加兆豐證券舉辦之法人說明會，說明本公司財務暨營運概況","245920241112M001.pdf","245920241112E001.pdf","http://www.audix.com/_tw/01_audix/03_ir/05_shareholder2.aspx?SID=8&amp;ID=9",法說會影音連結資訊:https://www.youtube.com/watch?v=weNlFJsEAso ,"報名網址：https://reurl.cc/2jeenr","查詢"
"2460","建通","113/11/25","14:00","臺灣證券交易所1樓資訊展示中心(台北市信義區信義路五段7號1樓)","營運概況、發展策略與佈局、亮點總結。","246020241122M001.pdf","246020241122E001.pdf","https://www.gem.com.tw/investor-shareholder-legal",法說會影音連結資訊:https://webpro.twse.com.tw/WebPortal/vod/101/71F2CCD6EFB4-C25203EE-AAFC-11EF-A913/?categoryId=101 ,"無。","查詢"
"2461","光群雷","113/11/14","14:00","線上法說會","受邀參加福邦證券舉辦之法人說明會，就本公司已公開之財務業務資訊作說明。","246120241114M001.pdf","246120241114E001.pdf","http://www.klasergroup.com",中文影音檔網址:2461_22_20241114_ch.mp4 ,"無","查詢"
"2462","良得電","113/08/20","14:30","台北市中山區樂群三路128號7樓(國票金控大樓)","國票證券舉辦法人說明會，說明本公司財務及營運概況","246220240820M001.pdf","246220240820E001.pdf","http://www.linetek.com.tw/#/",中文影音檔網址:2462_9_20240820_ch.MP4 ,"無。","查詢"
"2462","良得電","113/12/18","14:30","台北市中山區樂群三路128號7樓(國票金控大樓)","國票證券舉辦法人說明會，說明本公司財務及營運概況","246220241218M001.pdf","246220241218E001.pdf","http://www.linetek.com.tw/#/",中文影音檔網址:2462_10_20241218_ch.MP4 ,"無。","查詢"
"2464","盟立","113/12/12","14:30","線上法人說明會","公告本公司受邀參加中信證券舉辦之線上法人說明會","246420241212M001.pdf","246420241212E001.pdf","https://www.mirle.com.tw",中文影音檔網址:2464_9_20241212_ch.mp4 ,"無","查詢"
"2465","麗臺","113/12/31","15:30","101大樓一樓資訊展示中心(台北市信義路5段7號)","公司簡介與營運狀況說明。","246520241231M001.pdf","246520241231E001.pdf","https://www.leadtek.com.tw",法說會影音連結資訊:https://webpro.twse.com.tw ,"無","查詢"
"2466","冠西電","113/12/09","14:00","新北市中和區連城路258號11樓(本公司會議室)","本公司自辦法人說明會,說明本公司之營運成果及未來展望報告","246620241209M001.pdf","246620241209E001.pdf","https://www.cosmo-inc.com",法說會影音連結資訊:https://drive.google.com/file/d/1iRRB5pLpzPD571GP-5km0v1iFiMmqtvy/view ,"無","查詢"
"2467","志聖","113/03/06 至 113/03/07","09:00","線上法說會(台灣)","本公司受邀參加由寬量國際主辦之線上法說會「QIC Semiconductor Day」，說明本公司之營運概況、財務及業務相關資訊。","246720240306M001.pdf","246720240306E001.pdf","https://www.csun.com.tw/","","無","查詢"
"2467","志聖","113/06/12","10:50","台北晶華酒店4樓","本公司受邀參加元大證券舉辦之2024第二季投資論壇，說明公司營運概況及展望。","246720240611M001.pdf","246720240611E001.pdf","https://www.csun.com.tw/",中文影音檔網址:2467_29_20240612_ch.mp4 ,"無","查詢"
"2467","志聖","113/12/04","10:50","台北晶華酒店4樓","本公司受邀參加元大證券舉辦之2024第四季投資論壇，說明公司營運概況及展望。","246720241203M001.pdf","246720241203E001.pdf","https://www.csun.com.tw/",法說會影音連結資訊:https://www.youtube.com/watch?v=zQ_57TIh6bc ,"無","查詢"
"2467","志聖","113/09/11","11:00","台北集思北科大會議中心3樓會議室","本公司受邀參加凱基證券舉辦之2024第三季投資論壇，說明本公司之營運概況及展望。","246720240910M001.pdf","246720240910E001.pdf","https://www.csun.com.tw/",法說會影音連結資訊:https://www.youtube.com/watch?v=u0iSULvQgYc ,"無","查詢"
"2468","華經","113/05/29","15:00","線上法說會","公司簡介及營運概況說明","246820240529M001.pdf","246820240529E001.pdf","https://fis.com.tw/finance/stake/investor/corporate-information/",中文影音檔網址:2468_10_20240529_ch.mp4 ,"無","查詢"
"2471","資通","113/11/20","14:00","線上法說會","113年第3季營運與財務概況","247120241120M002.pptx","247120241120E002.pptx","",中文影音檔網址:2471_15_20241120_ch.mp4 ,"無","查詢"
"2471","資通","113/05/17","14:00","線上法說會","113年第1季營運與財務概況","247120240517M001.pptx","247120240517E001.pptx","",中文影音檔網址:2471_14_20240517_ch.mp4 ,"無","查詢"
"2472","立隆電","113/11/21","15:40","臺灣證券交易所(101 大樓)1樓資訊展示中心","本公司受邀參加於113年11月21日證交所與永豐金證券合作舉辦之「車用電子暨零組件產業」主題式業績發表會，說明本公司之營運概況、財務及業務狀況相關事宜。","247220241120M001.pdf","247220241120E001.pdf","http://www.lelon.com.tw",法說會影音連結資訊:https://webpro.twse.com.tw/webportal/vod/101/?categoryId=101 ,"無","查詢"
"2472","立隆電","113/06/06","14:30","第一金證券總公司7樓會議室(台北市長安東路一段22號7樓)","本公司受邀參加第一金證券舉辦之法說會，說明本公司之營運、財務及業務概況","247220240605M001.pdf","247220240605E001.pdf","http://www.lelon.com.tw",法說會影音連結資訊:https://www.youtube.com/watch?v=Ra-9Fv4fwJI ,"無","查詢"
"2474","可成","112/11/16 至 113/02/16","09:00","線上法說會","本公司將接受美林證券、群益證券、國泰證券、花旗證券、里昂證券、中信證券、大和國泰證券、富邦證券、匯豐證券、華南永昌證券、摩根大通證券、凱基證券、麥格理證券、元富證券、摩根史坦利證券、統一證券、永豐金證券、台新證券、瑞銀證券、元大證券、國票證券、第一金證券、玉山證券，以及其他券商邀請參加投資人會議。會中就本公司已公開發佈之財務數字、經營績效等相關資訊做說明，詳情請參閱公開資訊觀測站。","247420231110M001.pdf","247420231110E001.pdf","","","無","查詢"
"2474","可成","113/11/07 至 114/02/11","09:00","線上法說會","本公司將接受美林證券、群益證券、國泰證券、花旗證券、里昂證券、中信證券、大和國泰證券、富邦證券、匯豐證券、華南永昌證券、摩根大通證券、凱基證券、麥格理證券、元富證券、摩根史坦利證券、統一證券、永豐金證券、台新證券、瑞銀證券、元大證券、國票證券、第一金證券、玉山證券，以及其他券商邀請參加投資人會議。會中就本公司已公開發佈之財務數字、經營績效等相關資訊做說明，詳情請參閱公開資訊觀測站。","247420241106M001.pdf","247420241106E001.pdf","","","無","查詢"
"2474","可成","113/02/23 至 113/04/30","09:00","線上法說會","本公司將接受美林證券、群益證券、國泰證券、花旗證券、里昂證券、中信證券、大和國泰證券、富邦證券、匯豐證券、華南永昌證券、摩根大通證券、凱基證券、麥格理證券、元富證券、摩根史坦利證券、統一證券、永豐金證券、台新證券、瑞銀證券、元大證券、國票證券、第一金證券、玉山證券，以及其他券商邀請參加投資人會議。會中就本公司已公開發佈之財務數字、經營績效等相關資訊做說明，詳情請參閱公開資訊觀測站。","247420240222M001.pdf","247420240222E001.pdf","","","無","查詢"
"2474","可成","113/05/13 至 113/07/31","09:00","線上法說會","本公司將接受美林證券、群益證券、國泰證券、花旗證券、里昂證券、中信證券、大和國泰證券、富邦證券、匯豐證券、華南永昌證券、摩根大通證券、凱基證券、麥格理證券、元富證券、摩根史坦利證券、統一證券、永豐金證券、台新證券、瑞銀證券、元大證券、國票證券、第一金證券、玉山證券，以及其他券商邀請參加投資人會議。會中就本公司已公開發佈之財務數字、經營績效等相關資訊做說明，詳情請參閱公開資訊觀測站。","247420240510M001.pdf","247420240510E001.pdf","","","無","查詢"
"2474","可成","113/03/06","15:20","台北文創(台北市信義區菸廠路88號)","本公司受邀參加元富證券舉辦之「2024春季投資論壇」","247420240222M001.pdf","247420240222E001.pdf","",中文影音檔網址:2474_192_20240306_ch.mp4 ,"無","查詢"
"2474","可成","113/08/09 至 113/10/31","09:00","線上法說會","本公司將接受美林證券、群益證券、國泰證券、花旗證券、里昂證券、中信證券、大和國泰證券、富邦證券、匯豐證券、華南永昌證券、摩根大通證券、凱基證券、麥格理證券、元富證券、摩根史坦利證券、統一證券、永豐金證券、台新證券、瑞銀證券、元大證券、國票證券、第一金證券、玉山證券，以及其他券商邀請參加投資人會議。會中就本公司已公開發佈之財務數字、經營績效等相關資訊做說明，詳情請參閱公開資訊觀測站。","247420240808M001.pdf","247420240808E001.pdf","","","無","查詢"
"2474","可成","113/09/06","13:30","台北文華東方酒店","本公司受邀參加國泰證券第三季論壇","247420240808M001.pdf","247420240808E001.pdf","","","無","查詢"
"2474","可成","113/11/06","16:00","線上法說會","本公司受邀參加凱基證券舉辦之線上法人說明會","247420241106M001.pdf","247420241106E001.pdf","",中文影音檔網址:2474_196_20241106_ch.mp4 ,"無","查詢"
"2476","鉅祥","113/11/08","14:30","中國信託證券(台北市南港區經貿二路188號13樓1302會議室)","本公司將參加中信證券舉辦之法人說明會，公布營運成果","247620241108M001.pdf","247620241108E001.pdf","https://www.gshank.info/tw/ir/shareholder",法說會影音連結資訊:https://www.youtube.com/watch?v=5dwImZQMbCE ,"請線上報名，報名連結：https://forms.gle/UxEpb1w8ztBWXptF7","查詢"
"2477","美隆電","113/11/18","16:00","臺灣證券交易所1樓資訊展示中心(台北市信義路五段7號1樓)","公司營運報告","247720241118M001.pdf","247720241118E001.pdf","http://www.meiloon.com/tw/investors/stockholder_p06.php?da=n4",法說會影音連結資訊:https://webpro.twse.com.tw/webportal/vod/101/C1BC720579E9-F4EA2021-A591-11EF-9A30/?categoryId=101 ,"無","查詢"
"2478","大毅","113/11/13","15:00","線上法說會","公司營運概況報告","247820241113M001.pdf","247820241113E001.pdf","www.tai.com.tw",同步收看網址：:https://wms.gridow.com/ir/tai/tai_2024.html 法說會影音連結資訊:https://wms.gridow.com/ir/tai/tai_2024.html ,"無","查詢"
"2480","敦陽科","113/05/07","14:00","採Webex線上會議方式","本公司受邀參加凱基證券113年5月7日14點00分線上法說會議，向投資人說明本公司113年第一季營運成果。","248020240506M001.pdf","248020240506E001.pdf","https://www.sti.com.tw/web/official/earnings-call",中文影音檔網址:2480_26_20240507_ch.mp4 ,"報名相關資訊請洽凱基證券倪小姐，電話: (02)2181-8014。","查詢"
"2480","敦陽科","113/03/06","14:00","採Webex線上會議方式","本公司受邀參加凱基證券113年3月6日14點00分線上法說會議，向投資人說明本公司112年第四季營運成果。","248020240305M001.pdf","248020240305E001.pdf","https://www.sti.com.tw/web/official/earnings-call",中文影音檔網址:2480_25_20240306_ch.mp4 ,"報名相關資訊請洽凱基證券倪小姐，電話: (02)2181-8014。","查詢"
"2480","敦陽科","113/08/06","14:00","採Webex線上會議方式","本公司受邀參加凱基證券113年8月6日14點00分線上法說會議，向投資人說明本公司113年第二季營運成果。","248020240805M001.pdf","248020240805E001.pdf","https://www.sti.com.tw/web/official/earnings-call",中文影音檔網址:2480_27_20240806_ch.mp4 ,"報名相關資訊請洽凱基證券倪小姐，電話: (02)2181-8014。","查詢"
"2480","敦陽科","113/11/05","14:00","採Webex線上會議方式","本公司受邀參加凱基證券113年11月5日14點00分線上法說會議，向投資人說明本公司113年第三季營運成果。","248020241104M001.pdf","248020241104E001.pdf","https://www.sti.com.tw/web/official/earnings-call","","報名相關資訊請洽凱基證券倪小姐，電話: (02)2181-8014。","查詢"
"2481","強茂","113/03/14","14:00","台北集思北科大會議中心","本公司受邀參加凱基證券舉辦之法人說明會","248120240314M001.pdf","248120240314E001.pdf","https://www.panjit.com.tw/tw/Investors/Financial_information/Investors_conference",法說會影音連結資訊:https://youtu.be/iHB1dVY19sc ,"無","查詢"
"2481","強茂","113/09/06","10:00","台北君悅酒店","本公司受邀參加統一證券舉辦之2024Q3投資論壇","248120240905M001.pdf","248120240905E001.pdf","https://www.panjit.com.tw/tw/Investors/Financial_information/Investors_conference",法說會影音連結資訊:未輸 ,"無","查詢"
"2481","強茂","113/12/11","15:40","台北晶華酒店","本公司受邀參加永豐金證券舉辦之2024年第四季產業投資論壇","248120241211M001.pdf","248120241211E001.pdf","https://www.panjit.com.tw/tw/Investors/Financial_information/Investors_conference",法說會影音連結資訊:https://www.youtube.com/watch?v=8IuLaIhAMmw ,"無","查詢"
"2482","連宇","113/11/05","15:00","線上法說會","本公司受邀參加元大證券舉辦之線上法人說明會，說明本公司之營運概況及財務業務相關資訊。","248220241025M001.pdf","248220241025E001.pdf","https://uicpayworld.com/investor-relations/",中文影音檔網址:2482_8_20241105_ch.mp4 ,"無","查詢"
"2483","百容","113/05/07","14:30","台北市信義區信義路五段7號1樓證券交易所資訊展示中心","2024年第一季營運說明","248320240507M001.pdf","248320240507E001.pdf","http://www.ece.com.tw/zh-tw/investor-conference",法說會影音連結資訊:https://webpro.twse.com.tw/webportal/vod/101/2D557C1D5374-D49C0E64-0C3D-11EF-9CB9/?categoryId=101 ,"無","查詢"
"2483","百容","113/11/07","14:00","採Microsoft Teams Meeting線上會議方式進行","(1)2024年第三季營運說明
(2)會議識別碼:498 108 910 590 密碼: bVTWQz","248320241107M001.pdf","248320241107E001.pdf","http://www.ece.com.tw/zh-tw/investor-conference",中文影音檔網址:2483_17_20241107_ch.mp4 ,"無","查詢"
"2484","希華","113/12/24","15:00","線上會議","本公司受邀參加統一證券舉辦之線上法人說明會","248420241224M001.pdf","248420241224E001.pdf","https://www.siward.com/tw/investors/conference-call",中文影音檔網址:2484_8_20241224_ch.mp4 ,"無","查詢"
"2485","兆赫","113/12/25","14:30","台北市忠孝東路二段95號13樓(兆豐證券13樓會議室)","本公司受邀參加兆豐證券所舉辦之法人說明會","248520241225M001.pdf","248520241225E001.pdf","",中文影音檔網址:2485_8_20241225_ch.mp4 ,"無","查詢"
"2486","一詮","113/08/07","14:30","福邦證券總公司(台北市忠孝西路一段6號7樓)","福邦證券舉辦之法人說明會，就本公司已公開之財務業務資訊作說明。","248620240807M001.pptx","248620240807E001.pptx","",中文影音檔網址:2486_10_20240807_ch.MP4 ,"無","查詢"
"2486","一詮","113/09/06","15:15","台北君悅酒店( 台北市信義區松壽路2號3樓 )","參加統一證券舉辦之全球展望秋季投資論壇","248620240807M001.pptx","248620240807E001.pptx","","","無","查詢"
"2488","漢平","113/02/23","14:00","本公司生產大樓六樓(台南市仁德區中正路三段256號)","本公司2023年第四季財務暨營運報告","248820240223M001.pdf","248820240223E001.pdf","http://www.hanpin.com.tw",法說會影音連結資訊:http://www.hanpin.com.tw ,"無。","查詢"
"2489","瑞軒","113/12/19","14:30","福邦證券總公司7樓(台北市忠孝西路一段6號7樓)","受邀參加福邦證券舉辦之法人說明會，就本公司已公開之財務業務資訊作說明。","248920241219M002.pdf","248920241219E002.pdf","https://www.amtran.com.tw/file.php?id=8",中文影音檔網址:2489_17_20241219_ch.MP4 ,"完整財務業務資訊請至公開資訊觀測站之法人說明會一覽表或法說會項目下查閱。","查詢"
"2491","吉祥全","113/09/26","14:00","桃園市桃園區大仁路50巷51弄19號","公司簡介與營運狀況說明","249120240925M001.pdf","249120240925E001.pdf","https://www.focl.com.tw/investor.php",中文影音檔網址:2491_8_20240926_ch.mp4 ,"無","查詢"
"2492","華新科","113/03/20","09:00","Grand Hyatt Taipei (台北市信義區松壽路2號)","本公司受邀參加BofA 2024 APAC TMT Conference，說明本公司營運概況","249220240320M001.pdf","249220240320E001.pdf","https://www.passivecomponent.com/","","無","查詢"
"2492","華新科","113/06/03","14:00","Grand Hyatt Taipei(台北市信義區松壽路2號)","本公司受邀參加證交所與HSBC共同舉辦之Taiwan Conference 2024，主要內容為說明本公司營運概況。","249220240603M001.pdf","249220240603E001.pdf","https://www.passivecomponent.com/","","無","查詢"
"2492","華新科","113/09/24","14:30","宏遠證券總公司
台北市大安區信義路四段236號7F","本公司受邀參加宏遠證券總公司舉辦之法人
說明會,主要內容為本公司營運概況說明等","249220240924M001.pdf","249220240924E001.pdf","http://www.passivecomponent.com",中文影音檔網址:2492_48_20240924_ch.mp4 ,"無","查詢"
"2493","揚博","113/09/12","14:30","台北市信義區信義路5段7號1樓(證券交易所資訊展示中心)","本公司業務及財務相關資訊","249320240910M001.pptx","249320240910E001.pptx","http://www.ampoc.com.tw",法說會影音連結資訊:https://webpro.twse.com.tw/WebPortal/vod/101/AB9C3FE727C8-D4B8042B-70DC-11EF-B683/?categoryId=101 ,"無","查詢"
"2495","普安","113/11/27","14:00","線上法說會","本公司受邀參加元大證券舉辦之線上法人說明會，報告本公司營運狀況。","249520241120M001.pdf","249520241120E001.pdf","https://www.infortrend.com/tw/about/investors?tab=Conference",中文影音檔網址:2495_9_20241127_ch.mp4 ,"無。","查詢"
"2496","卓越","113/12/18","14:30","台北市中正區許昌街17號15樓","說明公司營運現況及未來展望","249620241218M001.pdf","249620241218E001.pdf","https://reurl.cc/6jLr86",法說會影音連結資訊:https://youtu.be/NH25rDy8UXA ,"無","查詢"
"2497","怡利電","113/11/22","10:00","茹曦酒店 (台北市松山區敦化北路100號)","本公司受邀參加華南永昌證券舉辦之2024年第四季企業論壇。","249720241121M002.pdf","249720241121E002.pdf","https://www.e-lead.com.tw/",法說會影音連結資訊:未輸 ,"無","查詢"
"2497","怡利電","113/09/10","14:00","兆豐證券總公司 (台北市中正區忠孝東路二段95號13樓)","本公司受邀參加兆豐證券舉辦之2024年第3季產業論壇","249720240909M001.pdf","249720240909E001.pdf","https://www.e-lead.com.tw/",中文影音檔網址:2497_21_20240910_ch.mp4 ,"無","查詢"
"2497","怡利電","113/05/31","11:10","茹曦酒店2樓VIP B (台北市松山區敦化北路100號2樓)","本公司受邀參加華南永昌證券舉辦之2024年第2季產業暨企業論壇","249720240530M001.pdf","249720240530E001.pdf","https://www.e-lead.com.tw/",中文影音檔網址:2497_20_20240531_ch.mp4 ,"無","查詢"
"2498","宏達電","113/03/20","09:00","臺北君悅飯店","本公司受邀參加BofA Securities舉辦之2024 APAC TMT Conference，會中就本公司已公開之資訊進行說明。","249820240319M001.pdf","249820240319E001.pdf","https://investors.htc.com/tw/","","無","查詢"
"2498","宏達電","113/06/06","14:00","台北W飯店","本公司受邀參加花旗證券舉辦之Citi’s 2024 Taiwan Tech Conference，會中就本公司已公開之資訊進行說明。","249820240605M001.pdf","249820240605E001.pdf","https://investors.htc.com/tw/","","無","查詢"
"2498","宏達電","113/11/27","10:00","台北W飯店","本公司受邀參加大和國泰證券舉辦之Daiwa Taiwan Corporate Day 2024，會中就本公司已公開之資訊進行說明。","249820241126M001.pdf","249820241126E001.pdf","https://investors.htc.com/tw/","","無","查詢"
"2498","宏達電","113/08/16","14:00","線上會議","本公司受邀參加凱基證券舉辦之法人說明會，會中就本公司已公開之資訊進行說明。","249820240816M001.pdf","249820240816E001.pdf","https://investors.htc.com/tw/",中文影音檔網址:2498_170_20240816_ch.mp4 ,"無","查詢"
"2498","宏達電","113/12/17","14:00","線上會議","本公司受邀參加凱基證券舉辦之法人說明會，會中就本公司已公開之資訊進行說明。","249820241126M001.pdf","249820241126E001.pdf","https://investors.htc.com/tw/",中文影音檔網址:2498_173_20241217_ch.mp4 ,"無","查詢"
"2498","宏達電","113/09/24","10:30","台北茹曦酒店","本公司受邀參加群益證券舉辦之2024第三季投資論壇，會中就本公司已公開之資訊進行說明。","249820240816M001.pdf","249820240816E001.pdf","https://investors.htc.com/tw/","","無","查詢"
"2501","國建","113/04/19","14:00","台北市大安區敦化南路2段333號18樓","本公司受邀請參加國泰證券舉辦之法人說明會，簡介本公司營運績效及策略。","250120240419M001.pdf","250120240419E001.pdf","",中文影音檔網址:2501_8_20240419_ch.mp4 ,"無","查詢"
"2501","國建","113/11/22","14:00","台北市大安區敦化南路2段333號18樓","本公司受邀請參加國泰證券舉辦之法人說明會，簡介本公司營運績效及策略。","250120241122M001.pdf","250120241122E001.pdf","https://www.cathay-red.com.tw/tw/Investor/Others",中文影音檔網址:2501_9_20241122_ch.mp4 ,"無","查詢"
"2504","國產","113/02/23","14:00","線上法說會","受邀參加群益金鼎證券舉辦法人說明會，會中就本公司已公開發布之營運及財務業務狀況做說明。","250420240223M001.pptx","250420240223E001.pptx","",中文影音檔網址:2504_36_20240223_ch.mp3 ,"無","查詢"
"2504","國產","113/05/24","09:30","W Hotel,台北市信義區忠孝東路五段10號11樓","受邀參加中信證券2024第二季前瞻論壇，就公司營運狀況等說明。","250420240523M001.pptx","250420240523E001.pptx","",中文影音檔網址:2504_37_20240524_ch.MP4 ,"無","查詢"
"2504","國產","113/09/20","14:00","線上法說會","受邀參加凱基證券舉辦法人說明會，會中就本公司已公開發布之營運及財務業務狀況做說明。","250420240920M001.pptx","250420240920E001.pptx","https://www.gdc.com.tw/zh-TW/investor.php?id=25",中文影音檔網址:2504_38_20240920_ch.mp4 ,"無","查詢"
"2504","國產","113/12/10","14:00","線上法說會","受邀參加元大證券舉辦法人說明會，會中就本公司已公開發布之營運及財務業務狀況做說明。","250420241210M001.pptx","250420241210E001.pptx","https://www.gdc.com.tw/zh-TW/investor.php?id=25",中文影音檔網址:2504_39_20241210_ch.mp4 ,"無","查詢"
"2505","國揚","113/12/06","15:30","福邦證券總公司(台北市忠孝西路一段6號14樓)","本公司受邀參加福邦證券舉辦之法人說明會,說明本公司簡介及營運概況","250520241206M001.pptx","250520241206E001.pptx","",中文影音檔網址:2505_8_20241206_ch.MP3 ,"無","查詢"
"2506","太設","113/12/26","16:00","臺灣證券交易所資訊展示中心(臺北市信義路5段7號1樓)","(1)公司概況(2)產業概況(3)營運概況(4)財務概況(5)永續發展 等說明。","250620241224M001.pdf","250620241224E001.pdf","https://www.pacific-group.com.tw/",同步收看網址：:https://webpro.twse.com.tw/webportal/?liveChannelId=1 法說會影音連結資訊:https://webpro.twse.com.tw/webportal/vod/101/69694597C11B-4FC984C4-C363-11EF-B60A/?categoryId=101 ,"無。","查詢"
"2509","全坤建","113/06/12","14:30","台灣證券交易所一樓資訊展示中心","公司簡介及營運報告","250920240611M001.pdf","250920240611E001.pdf","http://www.gtg.com.tw/page/investment/doc.aspx?kind=4&amp;da=n5",法說會影音連結資訊:https://webpro.twse.com.tw/WebPortal/vod/101/B192A9F766C2-A9264C03-2887-11EF-A0B0/?categoryId=101 ,"無","查詢"
"2511","太子","113/03/27","14:00","採線上與實體現場模式舉辦(台北市信義區松高路11號21樓)","受邀參加兆豐證券舉辦之法人說明會，說明本公司財務及營運展望。","251120240327M001.pdf","251120240327E001.pdf","https://www.prince.com.tw/fr_legal_brief.php",法說會影音連結資訊:https://www.prince.com.tw/fr_legal_brief_d.php?idnum=459 ,"無","查詢"
"2511","太子","113/10/01","14:00","採線上與實體現場模式舉辦(台北市信義區松高路11號21樓)","受邀參加兆豐證券舉辦之法人說明會，說明本公司財務及營運展望。","251120240927M001.pdf","251120240927E001.pdf","https://www.prince.com.tw/fr_legal_brief.php",法說會影音連結資訊:https://www.prince.com.tw/fr_legal_brief_d.php?idnum=475 ,"原訂113年10月1日法說會日期如受颱風停班影響，將延期至113年10月8日舉辦。","查詢"
"2514","龍邦","113/10/24","15:00","線上法說會","本公司受邀參加元大證舉辦之線上法說會，就本公司已公開發布之財務數字、經營績效等相關資訊做說明。","251420241024M001.pdf","251420241024E001.pdf","http://www.longbon.com.tw",中文影音檔網址:2514_10_20241024_ch.mp4 ,"無","查詢"
"2515","中工","113/12/16","14:00","線上法說會","本公司受邀參加統一綜合證券企業法人部舉辦之線上法人說明會，說明本公司營運概況。","251520241216M001.pdf","251520241216E001.pdf","http://www.bes.com.tw",中文影音檔網址:2515_8_20241216_ch.mp4 ,"相關資訊依規定揭露於「公開資訊觀測站」及公司網站。","查詢"
"2516","新建","113/12/16","16:00","臺灣證券交易所1樓資訊展示中心(台北市信義區信義路五段7號1樓)","公司財務營運概況及未來展望","251620241213M001.pdf","251620241213E001.pdf","http://www.newasia.com.tw/investorEvent/index/2024",法說會影音連結資訊:https://webpro.twse.com.tw/WebPortal/vod/101/75E2F8ECF7EB-3C48CB71-BB86-11EF-AD04/?categoryId=101 ,"無","查詢"
"2520","冠德","113/04/26","14:00","台北市大安區和平東路三段131號(冠德大樓地下一樓會議室)","本公司受邀參加國泰證券舉辦之法說會，說明本公司112年第4季營運成果","252020240426M001.pdf","252020240426E001.pdf","http://www.kindom.com.tw",法說會影音連結資訊:https://youtu.be/Qh8z6z-b_WI ,"無","查詢"
"2520","冠德","113/10/15","14:00","台北市大安區和平東路三段131號(冠德大樓地下一樓會議室)","本公司受邀參加國泰證券舉辦之法說會，說明本公司113年第2季營運成果","252020241015M001.pdf","252020241015E001.pdf","http://www.kindom.com.tw",法說會影音連結資訊:https://www.youtube.com/watch?v=VL8y9V_qoXA ,"無","查詢"
"2524","京城","113/11/15","14:00","統一證券總公司13樓會議室
台北市松山區東興路8號13樓","本公司接受統一證券國際法人部邀請舉辦法人說明會，
說明本公司113年第三季公司營運狀況及產業前景。","252420241115M001.pptx","252420241115E001.pptx","http://www.kingtown.com.tw/06.php",法說會影音連結資訊:https://youtu.be/mmAMV2ANk-o ,"無。","查詢"
"2527","宏璟","113/12/12","14:00","線上法人說明會","本公司受邀參加富邦證券舉辦之線上法人說明會，說明本公司營運概況。","252720241212M001.pdf","252720241212E001.pdf","http://www.asehcc.com.tw/",中文影音檔網址:2527_8_20241212_ch.mp4 ,"無","查詢"
"2528","皇普","113/07/18","14:30","福邦證券總公司(台北市忠孝西路一段6號14樓)","受邀參加福邦證券舉辦之法人說明會，就本公司已公開之財務業務資訊作說明。","252820240717M001.pdf","252820240717E001.pdf","https://crowell.com.tw/Investors4.php?MT_id=site2017121511293216",中文影音檔網址:2528_9_20240718_ch.mp4 ,"無","查詢"
"2528","皇普","113/11/22","14:30","福邦證券總公司(台北市忠孝西路一段6號7樓)","受邀參加福邦證券舉辦之法人說明會，就本公司已公開之財務業務資訊作說明。","252820241121M001.pdf","252820241121E001.pdf","https://crowell.com.tw/Investors4.php?MT_id=site2017121511293216",中文影音檔網址:2528_10_20241122_ch.mp4 ,"無。","查詢"
"2530","華建","113/12/20","15:00","線上法說會","公司簡介及營運狀況等說明","253020241220M001.pdf","253020241220E001.pdf","",同步收看網址：:http://www.zucast.com/webcast/LdFCC0cj 法說會影音連結資訊:http://www.zucast.com/webcast/LdFCC0cj ,"無","查詢"
"2534","宏盛","113/12/04","14:30","線上法說會","本公司受邀參加群益金鼎證券舉辦之法說會，說明本公司營運現況及展望。","253420241204M001.pdf","253420241204E001.pdf","https://www.hsc.com.tw/area2_3.php",中文影音檔網址:2534_8_20241204_ch.mp4 ,"無","查詢"
"2535","達欣工","113/12/04","14:30","線上法人說明會","本公司受邀參加凱基證券舉辦之線上法人說明會","253520241204M001.pdf","253520241204E001.pdf","http://www.dacin.com.tw/investors/calendar.php",中文影音檔網址:2535_11_20241204_ch.mp4 ,"無","查詢"
"2535","達欣工","113/08/13","14:30","線上法人說明會","本公司受邀參加凱基證券舉辦之線上法人說明會","253520240813M001.pdf","253520240813E001.pdf","http://www.dacin.com.tw/investors/calendar.php",中文影音檔網址:2535_10_20240813_ch.mp4 ,"無","查詢"
"2536","宏普","113/09/18","14:00","線上法說會。","本公司受邀參加元大證券舉辦之線上法說會，報告本公司營運狀況。","253620240913M001.pdf","253620240913E001.pdf","http://www.hong-pu.com.tw/index.php/milestone20/milestone26",中文影音檔網址:2536_18_20240918_ch.mp4 ,"無。 完整財務業務資訊請至公開資訊觀測站之法人說明會一覽表或法說會項目下查閱。","查詢"
"2537","聯上發","113/09/19","14:00","線上法說會","本公司受邀參加元大證券舉辦之線上產業座談會","253720240919M001.pdf","253720240919E001.pdf","www.5v.com.tw",中文影音檔網址:2537_8_20240919_ch.mp4 ,"無","查詢"
"2538","基泰","113/12/18","14:00","線上法人說明會","說明本公司營運概況及未來展望","253820241217M001.pdf","253820241217E001.pdf","http://www.keetai.com.tw/investment/investment001c_001.html",同步收看網址：:http://www.zucast.com/webcast/2De1WAH2 法說會影音連結資訊:http://www.zucast.com/webcast/2De1WAH2 ,"無","查詢"
"2539","櫻花建","113/12/13","14:30","線上法說會","本公司受邀參加凱基證券舉辦之線上法說會，說明本公司營運現況及展望。","253920241213M001.pdf","253920241213E001.pdf","https://www.sakurad.com.tw",中文影音檔網址:2539_8_20241213_ch.mp4 ,"無","查詢"
"2540","愛山林","113/11/29","14:30","台北市中山區龍江路128號2樓","本公司受邀參加國泰證券舉辦之法人說明會","254020241129M001.pdf","254020241129E001.pdf","https://www.isanlin.com/stock",法說會影音連結資訊:https://360.jsl.com.tw/isanlin/video/20241129_investor_conference.mp4 ,"無","查詢"
"2542","興富發","113/11/21","14:00","統一證券集團大樓15F會議室(台北市松山區東興路8號15F)","本公司受邀參加統一綜合證券舉辦之法人說明會，會中說明本公司之財務及營運概況。","254220241121M001.pdf","254220241121E001.pdf","https://www.highwealth.com.tw/stakeholder.php?data_type=stock&amp;page_type=law",法說會影音連結資訊:https://www.youtube.com/watch?v=89ncaBmMe5I ,"無","查詢"
"2543","皇昌","113/11/18","14:00","統一證券集團大樓13樓會議室(台北市松山區東興路8號13樓)","本公司受邀參加統一證券舉辦之法人說明會，會議中說明本公司財務及營運概況","254320241118M001.pdf","254320241118E001.pdf","https://www.hcgc.com.tw/",法說會影音連結資訊:https://www.hcgc.com.tw/shareHolder/investor ,"無","查詢"
"2545","皇翔","113/11/12","14:00","線上法說會","本公司受邀參加元大證券舉辦之線上法說會，報告本公司營運狀況。","254520241112M001.pdf","254520241112E001.pdf","",中文影音檔網址:2545_8_20241112_ch.mp4 ,"無","查詢"
"2546","根基","113/04/26","14:30","台北市大安區和平東路三段131號(冠德大樓地下一樓會議室)","本公司受邀參加國泰證券舉辦之法說會，說明本公司112年第4季營運成果","254620240426M001.pdf","254620240426E001.pdf","http://www.kedge.com.tw",法說會影音連結資訊:https://youtu.be/kmnPsAYQNxc ,"無","查詢"
"2546","根基","113/10/15","14:30","台北市大安區和平東路三段131號(冠德大樓地下一樓會議室)","本公司受邀參加國泰證券舉辦之法說會，說明本公司113年上半年營運成果。","254620241015M001.pdf","254620241015E001.pdf","http://www.kedge.com.tw",:未輸 法說會影音連結資訊:https://www.youtube.com/watch?v=FZuomwwnXyg ,"無","查詢"
"2547","日勝生","113/05/15","14:00","線上法說會","本公司受邀參加華南永昌證券舉辦之線上法人說明會，說明本公司營運概況。","254720240515M001.pdf","254720240515E001.pdf","https://www.radium.com.tw/",法說會影音連結資訊:https://youtu.be/7XvHGTdtslY ,"無。","查詢"
"2547","日勝生","113/11/21","14:00","線上法說會","本公司受邀參加凱基證券舉辦之線上法人說明會，說明本公司營運概況。","254720241121M001.pdf","254720241121E001.pdf","http://www.radium.com.tw",法說會影音連結資訊:https://youtu.be/pMjMC6evlLY ,"無。","查詢"
"2548","華固","113/06/13","14:00","元富證券(台北市復興南路一段209號)","本公司受邀參加元富證券舉辦之實體法說會，說明本公司營運現況及展望。","254820240612M001.pptx","254820240612E001.pptx","",中文影音檔網址:2548_90_20240613_ch.mp4 ,"完整財務業務資訊請至公開資訊觀測站之法人說明會一覽表或法說會項目下查閱。","查詢"
"2548","華固","113/03/20","14:00","永豐金證券(台北市重慶南路一段2號18樓)","本公司受邀參加永豐金證券舉辦之實體法說會，說明本公司營運現況及展望。","254820240301M001.pptx","254820240301E001.pptx","",中文影音檔網址:2548_89_20240320_ch.mp4 ,"完整財務業務資訊請至公開資訊觀測站之法人說明會一覽表或法說會項目下查閱。","查詢"
"2548","華固","113/08/22","14:00","台北茹曦酒店","本公司受邀參加華南永昌證券舉辦之實體法說會，說明本公司營運現況及展望","254820240821M001.pptx","254820240821E001.pptx","",法說會影音連結資訊:未輸 ,"完整財務業務資訊請至公開資訊觀測站之法人說明會一覽表或法說會項目下查閱","查詢"
"2548","華固","113/12/04","13:30","台北茹曦酒店","本公司受邀參加群益金鼎證券舉辦之實體法說會，說明本公司營運現況及展望","254820241203M001.pdf","254820241203E001.pdf","","","完整財務業務資訊請至公開資訊觀測站之法人說明會一覽表或法說會項目下查閱","查詢"
"2597","潤弘","113/11/29","16:00","臺灣證券交易所1樓資訊展示中心(台北市信義路五段7號)","本公司營運概況說明","259720241129M001.pdf","259720241129E001.pdf","https://www.rtc.com.tw",法說會影音連結資訊:https://webpro.twse.com.tw/WebPortal/vod/101/DD82882FEA3C-352612DB-AE32-11EF-9A37/?categoryId=101 ,"無","查詢"
"2597","潤弘","113/06/28","14:30","臺灣證券交易所1樓資訊展示中心(台北市信義路五段7號)","本公司營運概況說明","259720240628M001.pdf","259720240628E001.pdf","https://www.rtc.com.tw",法說會影音連結資訊:https://webpro.twse.com.tw/WebPortal/vod/101/A1254962C130-38BD7D7A-3521-11EF-8145/?categoryId=101 ,"無","查詢"
"2601","益航","113/12/12","16:00","證券交易所資訊展示中心(台北市信義區信義路五段7號1樓)","公司簡報與營運概況說明","260120241211M001.pdf","260120241211E001.pdf","https://www.firsteam.com.tw/index.html",同步收看網址：:https://webpro.twse.com.tw/WebPortal/schedule/ 法說會影音連結資訊:https://webpro.twse.com.tw/WebPortal/vod/101/75E2F8ECF7EB-24FEB511-B863-11EF-AD04/?categoryId=101 ,"無","查詢"
"2603","長榮","113/04/18","15:00","張榮發基金會國際會議中心11樓(台北市中正區中山南路11號11樓)","受邀參加永豐金證券舉辦之法說會，說明本公司之營運概況。","260320240418M001.pdf","260320240418E001.pdf","https://www.evergreen-marine.com/emc/financial/jsp/EMC_InvestorConference.jsp?lang=zh-tw",法說會影音連結資訊:https://www.evergreen-marine.com/emc/financial/jsp/EMC_InvestorConference.jsp?lang=zh-tw ,"欲參加者需事先報名，請洽永豐金鄒小姐(02)23828166或E-MAIL:joyce.tsou@sinopac.com","查詢"
"2603","長榮","113/09/20","15:00","張榮發基金會國際會議中心11樓(台北市中正區中山南路11號11樓)","受邀參加永豐金證券舉辦之法說會，說明本公司之營運概況。","260320240920M001.pdf","260320240920E001.pdf","https://www.evergreen-marine.com/emc/financial/jsp/EMC_InvestorConference.jsp?lang=zh-tw",法說會影音連結資訊:https://www.evergreen-marine.com/emc/financial/jsp/EMC_InvestorConference.jsp?lang=zh-tw ,"欲參加者需事先報名，請洽永豐金鄒小姐 (02)23828166或E-MAIL:joyce.tsou@sinopac.com","查詢"
"2605","新興","113/11/21","14:30","台北市大安區復興南路一段368號14樓","市場概況及業績展望","260520241120M001.pdf","260520241120E001.pdf","https://www.snc.com.tw",中文影音檔網址:2605_26_20241121_ch.mp4 ,"無","查詢"
"2605","新興","113/03/22","15:30","台北市大安區復興南路一段368號14樓","市場概況及業績展望。","260520240321M001.pdf","260520240321E001.pdf","https://www.snc.com.tw",中文影音檔網址:2605_23_20240322_ch.mp4 ,"無","查詢"
"2605","新興","113/08/23","14:30","台北市大安區復興南路一段368號14樓","市場概況及業績展望","260520240822M001.pdf","260520240822E001.pdf","https://www.snc.com.tw",中文影音檔網址:2605_25_20240823_ch.mp4 ,"無","查詢"
"2605","新興","113/05/23","14:30","台北市大安區復興南路一段368號14樓","市場概況及業績展望","260520240523M001.pdf","260520240523E001.pdf","https://www.snc.com.tw",中文影音檔網址:2605_24_20240523_ch.mp4 ,"無","查詢"
"2606","裕民","113/03/15","14:30","茹曦酒店二樓玉蘭軒(台北市松山區敦化北路100號)","本公司受邀參加國泰證券所舉辦之「國泰證券2024年第一季投資論壇」","260620240314M001.pdf","260620240314E001.pdf","http://www.uming.com.tw/investors/Financial.aspx?ID=INC0001","","法說會資料揭露於公開資訊觀測站之法說會專區","查詢"
"2606","裕民","113/06/04","14:00","台北君悅酒店(台北市信義區松壽路2號)","本公司受邀參加HSBC與證交所共同舉辦之「HSBC x TWSE Taiwan Conference 2024」","260620240603M001.pdf","260620240603E001.pdf","http://www.uming.com.tw/investors/Financial.aspx?ID=INC0001",法說會影音連結資訊:https://youtu.be/7n379UXxXZU?feature=shared ,"法說會資料揭露於公開資訊觀測站之法說會專區","查詢"
"2606","裕民","113/12/06","15:40","台北遠東香格里拉飯店B1會議室
(台北市敦化南路二段201號)","本公司受邀參加國泰證券舉辦之第四季論壇","260620241205M001.pdf","260620241205E001.pdf","http://www.uming.com.tw/investors/Financial.aspx?ID=INC0001","","法說會資料揭露於公開資訊觀測站之法說會專區","查詢"
"2606","裕民","113/08/22","13:30","群益金鼎證券-台北市松山區民生東路3段156號11樓會議室","本公司受邀參加群益金鼎證券所舉辦之「群益金鼎證券航運產業論壇」","260620240821M001.pdf","260620240821E001.pdf","http://www.uming.com.tw/investors/Financial.aspx?ID=INC0001",法說會影音連結資訊:https://youtu.be/nLKNPPTB4uc ,"法說會資料揭露於公開資訊觀測站之法說會專區","查詢"
"2607","榮運","113/04/18","16:00","張榮發基金會國際會議中心11樓(台北市中正區中山南路11號)","受邀參加永豐金證券舉辦之法人說明會，說明本公司之營運概況。","260720240418M001.pdf","260720240418E001.pdf","https://www.evergreen-eitc.com.tw/eitchtdocs/jsp/c_7/c_7_2_5.jsp",法說會影音連結資訊:https://www.evergreen-eitc.com.tw/eitchtdocs/jsp/c_7/c_7_2_5.jsp ,"參加者需事先報名，請洽永豐金鄒小姐(02)23823207或E-MAIL:joyce.tsou@sinopac.com","查詢"
"2607","榮運","113/09/20","16:00","張榮發基金會國際會議中心11樓(台北市中正區中山南路11號)","受邀參加永豐金證券舉辦之法人說明會，說明本公司之營運概況。","260720240920M001.pdf","260720240920E001.pdf","https://www.evergreen-eitc.com.tw/eitchtdocs/jsp/c_7/c_7_2_5.jsp",法說會影音連結資訊:https://www.evergreen-eitc.com.tw/eitchtdocs/jsp/c_7/c_7_2_5.jsp ,"參加者需事先報名，請洽永豐金鄒小姐(02)23828166或E-MAIL:joyce.tsou@sinopac.com","查詢"
"2608","嘉里大榮","113/08/29","14:30","台北市信義區信義路五段7號1樓(台灣證券交易所資訊展示中心)","113年上半年業績發表會","260820240829M001.pdf","260820240829E001.pdf","https://www.kerrytj.com",同步收看網址：:https://webpro.twse.com.tw 法說會影音連結資訊:https://webpro.twse.com.tw/WebPortal/vod/101/F305E4EF4A67-6907D690-65D7-11EF-93AD/?categoryId=101 ,"無","查詢"
"2608","嘉里大榮","113/12/18","14:30","台北遠東香格里拉2樓宴會廳（台北市大安區敦化南路二段201號）","113年前三季業績發表會","260820241218M001.pdf","260820241218E001.pdf","https://www.kerrytj.com",法說會影音連結資訊:https://youtu.be/JdbuaGGawSU (請輸入網址名稱(註)):未輸 ,"無","查詢"
"2609","陽明","113/03/25","14:00","線上法說會","本公司受邀參加由元大證券股份有限公司舉辦之線上法人說明會，說明本公司之營運概況、財務及業務相關資訊。","260920240325M001.pdf","260920240325E001.pdf","https://www.yangming.com/investor_relations/TwShareholder_Services/investor_conference.aspx",中文影音檔網址:2609_21_20240325_ch.mp4 ,"無","查詢"
"2609","陽明","113/06/24","14:00","線上法說會","本公司受邀參加由統一綜合證券股份有限公司舉辦之線上法人說明會，說明本公司之營運概況、財務及業務相關資訊。","260920240624M001.pdf","260920240624E001.pdf","https://www.yangming.com/investor_relations/TwShareholder_Services/investor_conference.aspx",中文影音檔網址:2609_22_20240624_ch.mp4 ,"無","查詢"
"2609","陽明","113/09/25","14:00","線上法說會","本公司受邀參加由群益金鼎證券股份有限公司舉辦之線上法人說明會，說明本公司之營運概況、財務及業務相關資訊。","260920240925M001.pdf","260920240925E001.pdf","https://www.yangming.com/investor_relations/TwShareholder_Services/investor_conference.aspx",中文影音檔網址:2609_23_20240925_ch.mp4 ,"無","查詢"
"2609","陽明","113/12/24","14:00","線上法說會","本公司受邀參加由群益金鼎證券股份有限公司舉辦之線上法人說明會，說明本公司之營運概況、財務及業務相關資訊。","260920241224M001.pdf","260920241224E001.pdf","https://www.yangming.com/investor_relations/TwShareholder_Services/investor_conference.aspx",中文影音檔網址:2609_24_20241224_ch.mp4 ,"無","查詢"
"2610","華航","113/11/21","14:30","台開大樓22樓（台北市重慶南路一段2號22樓）","本公司受邀參加永豐金證券舉辦之法人說明會，會中說明
本公司營運概況。","261020241121M001.pdf","261020241121E001.pdf","https://www.china-airlines.com/tw/zh/investor-relations/index",中文影音檔網址:2610_23_20241121_ch.MP4 ,"無。","查詢"
"2610","華航","113/06/06","15:40","台北市中山北路二段39巷3號。(台北晶華酒店)","本公司受邀參加永豐金證券舉辦之【2024 年第二季產業論壇】，
會中說明本公司營運概況。","261020240606M001.pdf","261020240606E001.pdf","https://www.china-airlines.com/tw/zh/investor-relations/index",中文影音檔網址:2610_22_20240606_ch.mp4 ,"無。","查詢"
"2611","志信","113/09/13","14:00","線上法說會","112年度及113年上半年度營運及財務業務相關資訊報告","261120240913M003.pdf","261120240913E003.pdf","https://www.tsgroup.com.tw/menu/19.htm",中文影音檔網址:2611_10_20240913_ch.mp4 ,"網路會議網址：https://youtu.be/A1cWEcjeHBQ","查詢"
"2611","志信","113/12/18","15:00","線上法說會","112年度及113年度前三季營運及財務業務相關資訊報告","261120241218M002.pdf","261120241218E002.pdf","https://www.tsgroup.com.tw/menu/19.htm",中文影音檔網址:2611_12_20241218_ch.mp4 ,"網路會議網址：https://www.youtube.com/live/wdqYQnIj0MI","查詢"
"2612","中航","113/06/27","13:30","線上法說會","說明產業現況及本公司經營績效等","261220240626M001.pdf","261220240626E001.pdf","https://cmt.tw",同步收看網址：:https://youtube.com/live/AonymJ_ZVmE?feature=share 法說會影音連結資訊:https://youtube.com/live/AonymJ_ZVmE?feature=share ,"無","查詢"
"2612","中航","113/03/29","14:00","線上法說會","說明產業現況及本公司經營績效等","261220240327M001.pdf","261220240327E001.pdf","https://cmt.tw",同步收看網址：:https://youtube.com/live/UNFK0vaXS_w?feature=share 法說會影音連結資訊:https://youtube.com/live/UNFK0vaXS_w?feature=share ,"無","查詢"
"2612","中航","113/09/27","13:30","線上法說會","說明產業現況及本公司經營績效等","261220240925M001.pdf","261220240925E001.pdf","https://cmt.tw",同步收看網址：:https://youtube.com/live/EdDZ93WGw14?feature=share 法說會影音連結資訊:https://youtube.com/live/EdDZ93WGw14?feature=share ,"無","查詢"
"2612","中航","113/12/25","13:30","線上法說會","說明產業現況及本公司經營績效等","261220241225M003.pdf","261220241225E003.pdf","https://cmt.tw",同步收看網址：:https://youtube.com/live/he-TuyEbKIs?feature=share 法說會影音連結資訊:https://youtube.com/live/he-TuyEbKIs?feature=share ,"無","查詢"
"2613","中櫃","113/11/14","15:00","線上法人說明會","本公司受邀參加富邦證券舉辦之線上法人說明會，說明113年第三季的營運概況。","261320241114M001.pdf","261320241114E001.pdf","https://www.cctcorp.com.tw/investor.php",中文影音檔網址:2613_13_20241114_ch.mp4 ,"無","查詢"
"2613","中櫃","113/05/17","15:00","線上法人說明會","本公司受邀參加富邦證券舉辦之線上法人說明會，說明113年第一季的營運概況。","261320240517M001.pdf","261320240517E001.pdf","https://www.cctcorp.com.tw/investor.php",中文影音檔網址:2613_12_20240517_ch.mp4 ,"無","查詢"
"2614","東森","113/12/31","14:00","台灣證券交易所1F(資訊展示中心)","113年營運成果暨近期發展概況","261420241231M001.pdf","261420241231E001.pdf","",法說會影音連結資訊:https://webpro.twse.com.tw/WebPortal/vod/101/73E3C8BF6C1A-75FB788D-C745-11EF-9BC2/?categoryId=101 ,"14:00報到，14:30會議開始","查詢"
"2615","萬海","113/08/29","14:30","線上法說會","本公司受邀參加群益金鼎證券舉辦之線上法人說明會，會中以本公司113年度第二季財報內容為主，並做航運業之營運簡介。","261520240828M001.pdf","261520240828E001.pdf","https://tw.wanhai.com",法說會影音連結資訊:https://tw.wanhai.com ,"無","查詢"
"2615","萬海","113/05/23","14:30","線上法說會","本公司受邀參加群益金鼎證券舉辦之線上法人說明會，會中以本公司113年度第一季財報內容為主，並做航運業之營運簡介。","261520240522M001.pdf","261520240522E001.pdf","https://tw.wanhai.com",法說會影音連結資訊:https://tw.wanhai.com ,"無","查詢"
"2616","山隆","113/08/16","16:00","線上視訊會議","113年Q2公司概況","261620240815M001.pdf","261620240815E001.pdf","http://w3.slc.com.tw",中文影音檔網址:2616_9_20240816_ch.mp4 ,"線上視訊會議網址:https://reurl.cc/QEj7bo","查詢"
"2617","台航","113/11/11","15:30","臺灣證券交易所一樓資訊展示中心(台北市信義區信義路五段7號1樓)","業務簡介、產業現況、展望與策略","261720241111M001.pdf","261720241111E001.pdf","http://www.taiwanline.com.tw",法說會影音連結資訊:https://webpro.twse.com.tw/WebPortal/vod/101/4F9CE0A5F132-80E840B7-A010-11EF-97A4/?categoryId=101 ,"因颱風影響，原訂113/11/1法說會改為113/11/11。","查詢"
"2618","長榮航","113/11/25","14:30","張榮發基金會國際會議中心會議廳
(台北市中正區中山南路11號10樓)","受邀參加由凱基證券舉辦之法人說明會，說明本公司之營運概況。","261820241125M001.pdf","261820241125E001.pdf","https://www.evaair.com/zh-tw/about-eva-air/investor-relations/presentations/",法說會影音連結資訊:https://www.evaair.com/zh-tw/about-eva-air/investor-relations/presentations/ ,"無","查詢"
"2618","長榮航","113/05/17","14:30","張榮發基金會國際會議中心會議廳
(台北市中正區中山南路11號10樓)","受邀參加由凱基證券舉辦之法人說明會，說明本公司之營運概況。","261820240517M001.pdf","261820240517E001.pdf","https://www.evaair.com/zh-tw/about-eva-air/investor-relations/presentations/",法說會影音連結資訊:https://www.evaair.com/zh-tw/about-eva-air/investor-relations/presentations/ ,"無","查詢"
"2630","亞航","113/09/27","14:30","高雄市前鎮區中山二路2號九樓之一(大眾財經大樓)","本公司受邀參加台新證券舉辦之法人說明會，說明財務業務概況。","263020240927M001.pdf","263020240927E001.pdf","http://www.airasia.com.tw/index.php?option=module&amp;lang=cht&amp;task=showlist&amp;id=385&amp;index=3",法說會影音連結資訊:https://www.youtube.com/@AACLAIRASIA/featured ,"無","查詢"
"2633","台灣高鐵","113/06/17","14:30","線上法人說明會","公司營運狀況說明","263320240614M001.pdf","263320240614E001.pdf","http://www.thsrc.com.tw",中文影音檔網址:2633_34_20240617_ch.mp4 ,"無","查詢"
"2633","台灣高鐵","113/03/25","15:30","線上法人說明會","公司營運狀況說明","263320240322M001.pdf","263320240322E001.pdf","http://www.thsrc.com.tw",中文影音檔網址:2633_33_20240325_ch.mp4 ,"無","查詢"
"2633","台灣高鐵","113/12/19","14:00","線上法人說明會","公司營運狀況說明","263320241220M001.pdf","263320241220E001.pdf","http://www.thsrc.com.tw",中文影音檔網址:2633_36_20241219_ch.mp4 ,"無","查詢"
"2633","台灣高鐵","113/09/23","14:30","線上法人說明會","公司營運狀況說明","263320240920M002.pdf","263320240920E002.pdf","http://www.thsrc.com.tw",中文影音檔網址:2633_35_20240923_ch.mp4 ,"無","查詢"
"2634","漢翔","113/11/14","14:30","線上法人說明會","漢翔公司受邀參加凱基證券舉辦之線上法人說明會，將由公司經營團隊說明113年第三季經營實績與近期市場概況。","263420241114M001.pdf","263420241114E001.pdf","http://www.aidc.com.tw/tw/investor/conference","","無","查詢"
"2634","漢翔","113/04/23","14:30","台北國際會議中心102會議室(台北市信義區信義路五段1號)","漢翔公司自辦法說會，由公司經營團隊說明112年第四季經營實績與近期市場概況。","263420240423M001.pdf","263420240423E001.pdf","http://www.aidc.com.tw/tw/investor/conference",中文影音檔網址:2634_29_20240423_ch.mp4 ,"法人說明會14點00分入場， 14點30分會議開始","查詢"
"2634","漢翔","113/06/19","14:30","線上法人說明會","漢翔公司受邀參加統一證券舉辦之線上法人說明會，將由公司經營團隊說明113年第一季經營實績與近期市場概況。","263420240619M001.pdf","263420240619E001.pdf","http://www.aidc.com.tw/tw/investor/conference",中文影音檔網址:2634_30_20240619_ch.mp4 ,"無","查詢"
"2634","漢翔","113/08/13","14:30","線上法人說明會","漢翔公司受邀參加元大證券舉辦之線上法人說明會，將由公司經營團隊說明113年第二季經營實績與近期市場概況。","263420240813M001.pdf","263420240813E001.pdf","http://www.aidc.com.tw/tw/investor/conference","","無","查詢"
"2636","台驊控股","113/11/08","14:30","台驊國際控股(股)公司總公司12樓大會議室
(台北市信義區忠孝東路四段563號12樓)","本公司受邀參加國票證券舉辦之法人說明會，說明公司2024年第三季營運狀況、產業發展及未來展望。","263620241108M001.pdf","263620241108E001.pdf","https://www.t3ex-group.com/Finance/1/9",法說會影音連結資訊:未輸 ,"無","查詢"
"2636","台驊控股","113/05/09","14:00","台驊投控總公司12樓大會議室(台北市忠孝東路四段563號12樓)","本公司受邀參加凱基證券舉辦之法人說明會，說明公司2024年第一季營運狀況，產業發展及未來展望。","263620240509M001.pdf","263620240509E001.pdf","https://www.t3ex-group.com/Finance/1/9",中文影音檔網址:2636_36_20240509_ch.mp4 ,"無","查詢"
"2636","台驊控股","113/03/08","14:00","台驊投控-台北市信義區忠孝東路四段563號12樓","本公司112年度經營成果報告及營運展望","263620240308M001.pdf","263620240308E001.pdf","https://www.t3ex-group.com/Finance/1/9",中文影音檔網址:2636_35_20240308_ch.mp4 ,"無","查詢"
"2636","台驊控股","113/08/09","14:00","台驊控股總公司12樓大會議室(台北市忠孝東路四段563號12樓)","本公司受邀參加凱基證券舉辦之法人說明會，說明公司2024年第二季營運狀況，產業發展及未來展望。","263620240809M001.pdf","263620240809E001.pdf","https://www.t3ex-group.com/Finance/1/9",中文影音檔網址:2636_37_20240809_ch.mp4 ,"無","查詢"
"2637","慧洋-KY","113/03/07","15:30","台北君悅酒店3樓(台北市信義區松壽路2號3樓)","本公司受邀參加富邦證券所舉辦之「2024年第一季富邦企業日」，就本公司財務及業務狀況做說明。","263720240307M001.pdf","263720240307E001.pdf","https://www.wisdomlines.com.tw/ir/main?pg=financial_r_download",法說會影音連結資訊:https://www.youtube.com/watch?v=B9zfHnOOwoo ,"無","查詢"
"2637","慧洋-KY","113/06/03","15:00","台北君悅酒店(台北市信義區松壽路2號)","本公司受邀參加香港上海匯豐證券與證交所共同舉辦之「HSBC 
x TWSE Taiwan Conference 2024」，就本公司財務及業務
狀況做說明。","263720240531M002.pdf","263720240531E002.pdf","","","本次會議以一對一方式進行。","查詢"
"2637","慧洋-KY","113/06/12","10:50","台北晶華酒店4樓(台北市中山北路二段39巷3號4樓)","本公司受邀參加元大證券所舉辦之2024年第二季投資論壇，就本公司財務及業務狀況做說明。","263720240611M001.pdf","263720240611E001.pdf","https://www.wisdomlines.com.tw/ir/main?pg=financial_r_download",法說會影音連結資訊:https://www.youtube.com/watch?v=EhlIu3QLznk ,"無","查詢"
"2637","慧洋-KY","113/08/22","14:45","群益金鼎證券11F會議室(台北巿民生東路三段156號11F)","本公司受邀參加群益金鼎證券所舉辦之航運產業論壇，就本公司
財務及業務狀況做說明。","263720240821M001.pdf","263720240821E001.pdf","https://www.wisdomlines.com.tw/ir/main?pg=financial_r_download",法說會影音連結資訊:https://www.youtube.com/watch?v=QPgiExJxdCU ,"無","查詢"
"2637","慧洋-KY","113/12/10","16:30","臺灣證券交易所1樓資訊展示中心(台北市信義路五段7號)","本公司受邀參加臺灣證券交易所舉辦之113年第4季第一上市公司
法人說明會，就本公司財務及業務狀況做說明。","263720241209M001.pdf","263720241209E001.pdf","https://www.wisdomlines.com.tw/ir/main?pg=financial_r_download",同步收看網址：:https://webpro.twse.com.tw/webportal/?liveChannelId=1 法說會影音連結資訊:https://webpro.twse.com.tw/webportal/vod/101/DD82882FEA3C-90E95AD9-B6DB-11EF-9A37/?categoryId=101 ,"無","查詢"
"2642","宅配通","113/08/27","15:30","以線上方式於統一綜合證券召開","(1)公司概況
(2)2024年上半年營運表現
(3)未來展望","264220240827M002.pdf","264220240827E002.pdf","https://www.e-can.com.tw/Invest14.aspx",同步收看網址：:https://www.e-can.com.tw/Invest14.aspx 法說會影音連結資訊:https://www.e-can.com.tw/Invest14.aspx ,"無","查詢"
"2642","宅配通","113/12/30","14:30","以線上方式於統一綜合證券召開","(1)公司概況
(2)2024年到Q3營運獲利表現
(3)2025年策略方向及未來展望","264220241225M002.pdf","264220241225E002.pdf","https://www.e-can.com.tw/Invest14.aspx",中文影音檔網址:2642_18_20241230_ch.mp4 ,"無","查詢"
"2645","長榮航太","113/11/25","15:45","張榮發基金會國際會議中心會議廳(台北市中正區中山南路11號10樓)","本公司受邀參加由凱基證券舉辦之法人說明會","264520241125M001.pdf","264520241125E001.pdf","https://www.egat.com.tw/zh-hant/investor-services/presentation-information/",法說會影音連結資訊:https://www.youtube.com/watch?v=LNVf59I5ZOI ,"無","查詢"
"2645","長榮航太","113/05/17","15:45","張榮發基金會國際會議中心會議廳 (台北市中正區中山南路11號10樓)","受邀參加由凱基證券舉辦之法人說明會，說明本公司之營運概況。","264520240517M001.pdf","264520240517E001.pdf","https://www.egat.com.tw/zh-hant/investor-services/presentation-information/",法說會影音連結資訊:https://www.youtube.com/watch?v=3Q1h4LkpGs8 ,"無。","查詢"
"2646","星宇航空","113/08/29","14:30","台北市中山區樂群三路128號","本公司受邀參加國票證券舉辦之法人說明會","264620240829M001.pdf","264620240829E001.pdf","","","無","查詢"
"2646","星宇航空","113/09/02","14:30","台北市松山區敦化南路1段108號","本公司受邀參加富邦證券舉辦之法人說明會","264620240829M001.pdf","264620240829E001.pdf","","","無","查詢"
"2646","星宇航空","113/09/05 至 113/09/06","14:30","台北市松山區敦化南路1段66號","本公司受邀參加元大證券舉辦之法人說明會","264620240905M001.pdf","264620240905E001.pdf","","","9/5及9/6各舉辦乙場法人說明會，參加人員以元大證券邀約對象為主。","查詢"
"2646","星宇航空","113/09/30","14:30","台中市西屯區朝富路99號","本公司受邀參加第一金證券舉辦之法人說明會","264620240930M001.pdf","264620240930E001.pdf","","","參加人員以第一金證券邀約對象為主。","查詢"
"2646","星宇航空","113/09/20","14:30","台北市中山區中山北路二段39巷3號","本公司受邀參加第一金證券舉辦之法人說明會","264620240920M001.pdf","264620240920E001.pdf","","","參加人員以第一金證券邀約對象為主。","查詢"
"2646","星宇航空","113/09/25","14:30","台北市中山區樂群二路199號8樓","(1)本公司依「有價證券初次上市前業績發表會實施要點規定」，於上市前辦理股票初次上市前業績發表會。
(2)本次業績發表會將說明產業發展、財務業務狀況、未來風險、公司治理及企業社會責任、臺灣證券交易所股份有限公司董事會暨上市審議委員會要求補充揭露事項。","264620240925M001.pdf","264620240925E001.pdf","https://www.starlux-airlines.com","","相關資訊請至公開資訊觀測站之法人說明會一覽表或法說會項目下查閱。","查詢"
"2646","星宇航空","113/09/12","15:30","台北市中山區樂群三路128號","本公司受邀參加國票證券舉辦之法人說明會","264620240912M001.pdf","264620240912E001.pdf","","","無","查詢"
"2646","星宇航空","113/09/16","14:30","台北市大安區敦化南路二段333號","本公司受邀參加國泰證券舉辦之法人說明會","264620240916M001.pdf","264620240916E001.pdf","","","參加人員以國泰證券邀約對象為主。","查詢"
"2701","萬企","113/12/09","14:30","台北市萬華區峨眉街52號6樓","簡報本公司營運及財務狀況","270120241206M001.ppt","270120241206E001.ppt","http://www.wanhwa.com.tw/",法說會影音連結資訊:http://www.wanhwa.com.tw/textFiles/investor/investor7/investorConference2024vedio.html ,"無","查詢"
"2702","華園","113/12/12","14:00","線上法說會","公司營運狀況與經營結果說明","270220241212M001.pdf","270220241212E001.pdf","https://www.hotelhg.com.tw/investors/finance/",同步收看網址：:https://meet.google.com/kby-hygq-zxb 法說會影音連結資訊:https://www.hotelhg.com.tw/investors/40/ ,"無","查詢"
"2704","國賓","113/12/24","16:00","臺灣證券交易所1樓資訊展示中心(台北市信義路五段7號)","說明本公司之營運概況、財務及業務相關資訊。","270420241223M001.pdf","270420241223E001.pdf","https://investor.ambassador-hotels.com/LegalConference.htm",同步收看網址：:https://webpro.twse.com.tw/WebPortal/vod/101/69694597C11B-74261AF4-C1CF-11EF-B60A/?categoryId=101 法說會影音連結資訊:https://webpro.twse.com.tw/WebPortal/vod/101/69694597C11B-74261AF4-C1CF-11EF-B60A/?categoryId=101 ,"無","查詢"
"2705","六福","113/06/21","14:30","台北市忠孝東路二段95號13樓(兆豐證券)","本公司受邀參加兆豐證券舉辦之法人說明會，說明公司經營實績及未來展望。","270520240621M001.pdf","270520240621E001.pdf","http://www.leofoo.com.tw/zh-TW/?Nsn=380&amp;Ssn=3182",中文影音檔網址:2705_10_20240621_ch.mp4 ,"無","查詢"
"2705","六福","113/12/30","14:30","台北市忠孝東路二段95號13樓(兆豐證券)","本公司受邀參加兆豐證券舉辦之法人說明會，說明公司經營實績及未來展望。","270520241230M001.pdf","270520241230E001.pdf","http://www.leofoo.com.tw/zh-TW/?Nsn=380&amp;Ssn=3182",中文影音檔網址:2705_11_20241230_ch.mp4 ,"無","查詢"
"2706","第一店","113/12/06","14:30","臺北市南京東路二段六十三號","依規定自辦法人說明會","270620241205M001.pdf","270620241205E001.pdf","http://twfirsthotel.com.tw/",法說會影音連結資訊:https://twfirsthotel.com.tw/textFiles/investor/investor8/investorConference2024vedio.html ,"無","查詢"
"2707","晶華","113/07/17","15:00","Webex線上會議","本公司受邀參加第一金證券舉辦之線上法人說明會","270720240717M001.pdf","270720240717E001.pdf","https://digital.silkshotelgroup.com/Investment",中文影音檔網址:2707_54_20240717_ch.mp4 ,"無","查詢"
"2707","晶華","113/11/20","14:00","Webex線上會議","本公司受邀參加第一金證券舉辦之線上法人說明會","270720241120M001.pdf","270720241120E001.pdf","https://digital.silkshotelgroup.com/Investment",中文影音檔網址:2707_55_20241120_ch.mp4 ,"無","查詢"
"2707","晶華","113/05/28","14:00","台北晶華酒店4樓(台北市中山北路二段39巷3號)","本公司受邀參加台新證券舉辦之「台新2024年第二季全球投資論壇」","270720240528M001.pdf","270720240528E001.pdf","https://digital.silkshotelgroup.com/Investment",法說會影音連結資訊:未輸 ,"無","查詢"
"2712","遠雄來","113/11/20","16:00","線上法說會","本公司受邀參加元大證券舉辦之線上法說會，報告本公司營運狀況","271220241119M001.pdf","271220241119E001.pdf","https://www.farglory-hotel.com.tw/investors/reports/investor-conference/",中文影音檔網址:2712_12_20241120_ch.mp4 ,"無","查詢"
"2722","夏都","113/06/06","14:00","線上會議","本公司受邀參加統一證券國際法人部舉辦之線上法人說明會。","272220240605M001.pdf","272220240605E001.pdf","https://www.chateau-hotels.com.tw/investors/calendar.php",法說會影音連結資訊:https://www.youtube.com/watch?v=puqCyVvtV58 ,"無","查詢"
"2722","夏都","113/03/21","14:00","線上會議","本公司受邀參加統一證券國際法人部舉辦之線上法人說明會。","272220240321M001.pdf","272220240321E001.pdf","https://www.chateau-hotels.com.tw/investors/calendar.php",法說會影音連結資訊:https://youtu.be/24LK62W_MIM ,"無。","查詢"
"2722","夏都","113/11/28","14:00","線上會議","本公司受邀參加統一證券國際法人部舉辦之線上法人說明會。","272220241125M001.pdf","272220241125E001.pdf","https://www.chateau-hotels.com.tw/investors/calendar.php",法說會影音連結資訊:https://www.youtube.com/watch?v=v-OpEDukP0Q ,"無","查詢"
"2722","夏都","113/09/26","14:00","線上會議","本公司受邀參加統一證券國際法人部舉辦之線上法人說明會。","272220240925M001.pdf","272220240925E001.pdf","https://www.chateau-hotels.com.tw/investors/calendar.php",法說會影音連結資訊:https://www.youtube.com/watch?v=JqbNJq49Xp0 ,"無","查詢"
"2723","美食-KY","113/11/15","14:00","台北市復興南路一段209號1樓","本公司受邀參加元富證券舉辦之法人說明會","272320241114M001.pdf","272320241114E001.pdf","https://www.85cafe.com/InvestorRelations02_04.php","","無","查詢"
"2723","美食-KY","113/03/15","14:00","台北市松山區東興路8號","本公司受邀參加統一證券舉辦之法人說明會","272320240314M001.pdf","272320240314E001.pdf","","","無","查詢"
"2723","美食-KY","113/05/17","14:00","台北市松山區南京東路五段188號","本公司受邀參加國票證券舉辦之法人說明會","272320240516M001.pdf","272320240516E001.pdf","",法說會影音連結資訊:https://drive.google.com/file/d/1XDDe5QDdOR1xtfoVloPjVC6sOEylFknA/view ,"無","查詢"
"2723","美食-KY","113/08/30","14:00","台北市信義路四段236號7樓","本公司受邀參加宏遠證券舉辦之法人說明會","272320240829M001.pdf","272320240829E001.pdf","https://www.85cafe.com/InvestorRelations02_04.php","","無","查詢"
"2727","王品","113/04/18","14:30","統一證券總公司15F會議室(台北市松山區東興路8號15F)","本公司受邀參加統一證券舉辦之法人說明會","272720240417M001.pdf","272720240417E001.pdf","https://www.wowprime.com/zh-tw/investors-sub-menu/stockholder/earnings-call",中文影音檔網址:2727_37_20240418_ch.mp4 ,"無","查詢"
"2727","王品","113/11/22","14:00","茹曦酒店(台北市松山區敦化北路100號2樓)","本公司受邀參加華南永昌證券舉辦之法人說明會","272720241121M001.pdf","272720241121E001.pdf","https://www.wowprime.com/zh-tw/investors-sub-menu/stockholder/earnings-call",法說會影音連結資訊:https://www.youtube.com/watch?v=4x36XqSp3sw ,"無","查詢"
"2731","雄獅","113/05/29","15:15","台北市中山區中山北路二段39巷3號4樓(台北晶華酒店會議室)","本公司受邀參加台新證券舉辦之法人說明會，會中就本公司已公開發佈之財務數字、經營績效等相關資訊做說明。","273120240529M001.pdf","273120240529E001.pdf","https://www.liontravel.com/info/investors/",法說會影音連結資訊:https://youtu.be/19wHG3Vtm8U ,"無","查詢"
"2739","寒舍","113/08/26","14:30","台北喜來登大飯店B1玉薈廳(台北市忠孝東路一段12號B1）","本公司受邀參加元富證券舉辦之法人說明會，說明本公司之營運概況及經營策略等相關資訊。","273920240826M002.pdf","273920240826E002.pdf","https://www.mhh-group.com/",同步收看網址：:https://www.youtube.com/watch?v=-ziHpprujOc 法說會影音連結資訊:https://www.youtube.com/watch?v=-ziHpprujOc ,"報名請洽元富法人部 andrea@masterlink.com.tw","查詢"
"2748","雲品","113/11/15","14:00","凱基證券/台北市松山區南京東路二段137號4樓","本公司受邀參加凱基證券舉辦之觀光餐旅法人說明會議，說明本公司營運概況、財務及業務相關資訊。","274820241115M001.pdf","274820241115E001.pdf","https://www.fdc-i.com/investor/shareholders/",中文影音檔網址:2748_20_20241115_ch.mp4 ,"無","查詢"
"2748","雲品","113/06/12","14:00","君悅酒店/台北市信義區松壽路2號3樓","本公司受邀參加統一證券舉辦之2024 Q2全球展望夏季投資論壇，說明本公司營運概況、財務及業務相關資訊。","274820240612M001.pdf","274820240612E001.pdf","https://www.fdc-i.com/investor/shareholders/",中文影音檔網址:2748_19_20240612_ch.mp4 ,"無","查詢"
"2753","八方雲集","113/05/15","15:00","台北市大安區敦化南路二段333號18樓","本公司受邀參加國泰證券舉辦之法人說明會，會中說明本公司營運概況","275320240514M001.pdf","275320240514E001.pdf","https://www.8way.com.tw/investor/0702",法說會影音連結資訊:https://youtu.be/bNB7BmRX15Q ,"無","查詢"
"2753","八方雲集","113/12/06","14:00","台北君悅酒店(台北市信義區松壽路2號)","本公司受邀參加統一證券舉辦之2024Q4全球展望冬季投資論壇，會中說明本公司營運概況","275320241206M001.pdf","275320241206E001.pdf","https://www.8way.com.tw/investor/0702",法說會影音連結資訊:https://youtu.be/1Cp71mWSZ4w ,"無","查詢"
"2762","世界健身-KY","113/04/16 至 113/04/17","14:00","新加坡Fullerton Hotel","本公司受邀參加由寬量國際主辦之「15th Taiwan CEO Week」，說明本公司之營運概況、財務及業務相關資訊。","276220240402M001.pdf","276220240402E001.pdf","https://investor.worldgymtaiwan.com/","","無。","查詢"
"2762","世界健身-KY","113/11/14","14:30","台北市重慶南路一段2號20樓","本公司受邀請參加永豐金證券舉辦之法人說明會，簡介本公司營運績效及策略。","276220241114M001.pdf","276220241114E001.pdf","https://investor.worldgymtaiwan.com/shareholders","","無","查詢"
"2762","世界健身-KY","113/04/25","14:00","台北市南京東路三段219號11樓","本公司受邀請參加元大證券舉辦之法人說明會","276220240402M001.pdf","276220240402E001.pdf","https://investor.worldgymtaiwan.com/","","無。","查詢"
"2762","世界健身-KY","113/04/02","14:30","KGI凱基證券總部大樓(台北市明水路700號12樓)","本公司受邀請參加凱基證券舉辦之法人說明會，簡介本公司營運績效及策略。","276220240402M001.pdf","276220240402E001.pdf","https://investor.worldgymtaiwan.com/shareholders",法說會影音連結資訊:https://youtu.be/FYm16wvsEdQ ,"無。","查詢"
"2762","世界健身-KY","113/09/02","14:00","群益金鼎證券(台北市松山區民生東路三段156號11樓會議室)","本公司受群益金鼎證券邀請參加法人說明會，簡介本公司營運績效及策略。","276220240902M001.pdf","276220240902E001.pdf","https://investor.worldgymtaiwan.com/shareholders","","無。","查詢"
"2762","世界健身-KY","113/08/30","11:00","台北艾麗酒店(台北市信義區松高路18號5樓)","應中信證券邀請參加前瞻論壇，簡介本公司營運績效及策略。","276220240829M001.pdf","276220240829E001.pdf","https://investor.worldgymtaiwan.com/shareholders","","無。","查詢"
"2801","彰銀","113/11/25","14:30","本次為中文線上法說會，連結網址請至本公司網頁或至公開資訊觀測站查詢。","報告本行2024年第3季財務資訊及經營成果","280120241125M001.pdf","280120241125E001.pdf","https://www.bankchb.com/frontend/earningsCall.jsp",同步收看網址：:https://www.zucast.com/event/EkC5ToC5/subscribe/create 法說會影音連結資訊:https://reurl.cc/86yNxR ,"無","查詢"
"2801","彰銀","113/05/29","14:30","本次為中文線上法說會，連結網址請至本公司網頁或至公開資訊觀測站查詢。","報告本行2024年第1季財務資訊及經營成果","280120240529M001.pdf","280120240529E001.pdf","https://www.bankchb.com/frontend/earningsCall.jsp",同步收看網址：:https://www.zucast.com/event/bwM2e9u1/subscribe/create 法說會影音連結資訊:https://reurl.cc/5v3pNV ,"無","查詢"
"2801","彰銀","113/03/26","14:30","本次為中文線上法說會，連結網址請至本公司網頁或至公開資訊觀測站查詢。","報告本行2023年第4季財務資訊及經營成果","280120240326M001.pdf","280120240326E001.pdf","https://www.bankchb.com/frontend/earningsCall.jsp",同步收看網址：:https://www.zucast.com/event/DaTEdD0h/subscribe/create 法說會影音連結資訊:https://reurl.cc/yYdWNa ,"無","查詢"
"2801","彰銀","113/08/27","14:30","本次為中文線上法說會，連結網址請至本公司網頁或至公開資訊觀測站查詢。","報告本行2024年第2季財務資訊及經營成果","280120240827M001.pdf","280120240827E001.pdf","https://www.bankchb.com/frontend/earningsCall.jsp",同步收看網址：:https://www.zucast.com/event/V7BW6wQ7/subscribe/create 法說會影音連結資訊:https://reurl.cc/g6DZWR ,"無","查詢"
"2812","台中銀","113/11/18","14:00","線上法說會","2024年第三季法人說明會","281220241114M001.pdf","281220241114E001.pdf","https://www.tcbbank.com.tw/Intro/B_10.html",中文影音檔網址:2812_23_20241118_ch.mp4 ,"無","查詢"
"2812","台中銀","113/03/18","14:00","線上法說會","2023全年度營運概況法人說明會","281220240314M001.pdf","281220240314E001.pdf","https://www.tcbbank.com.tw/Intro/B_10.html",中文影音檔網址:2812_20_20240318_ch.mp4 ,"無","查詢"
"2812","台中銀","113/05/20","14:00","線上法說會","2024年第一季法人說明會","281220240516M001.pdf","281220240516E001.pdf","https://www.tcbbank.com.tw/Intro/B_10.html",中文影音檔網址:2812_21_20240520_ch.mp4 ,"無","查詢"
"2812","台中銀","113/08/19","14:00","線上法說會","2024年上半年度營運概況法人說明會","281220240815M001.pdf","281220240815E001.pdf","https://www.tcbbank.com.tw/Intro/B_10.html",中文影音檔網址:2812_22_20240819_ch.mp4 ,"無","查詢"
"2816","旺旺保","113/09/25","14:30","台北市大安區忠孝東路四段219號4樓會議室","本公司自辦法人說明會，會中就本公司已公開發布之營運及財務業務狀況作說明。","281620240925M001.pdf","281620240925E001.pdf","https://www.wwunion.com/?page_id=5584",中文影音檔網址:2816_9_20240925_ch.mp4 ,"無","查詢"
"2820","華票","113/11/12","14:00","台北市信義區信義路五段7號台灣證券交易所1樓資訊展示中心(101辦公大樓)","2024年第三季法人說明會","282020241111M001.pdf","282020241111E001.pdf","http://www.cbf.com.tw/lp.asp?ctNode=391&amp;CtUnit=149&amp;BaseDSD=7&amp;mp=1",法說會影音連結資訊:https://webpro.twse.com.tw/webportal/vod/101/4F9CE0A5F132-2E6B3E3A-A0CB-11EF-97A4/?categoryId=101 ,"無","查詢"
"2820","華票","113/06/26","14:00","台北市信義路五段7號台灣證券交易所1樓資訊展示中心(101辦公大樓)","2024年第一季營運概況","282020240625M001.pdf","282020240625E001.pdf","http://www.cbf.com.tw/lp.asp?ctNode=391&amp;CtUnit=149&amp;BaseDSD=7&amp;mp=1",法說會影音連結資訊:https://webpro.twse.com.tw/WebPortal/vod/101/A1254962C130-80765A97-338D-11EF-8145/?categoryId=101 ,"無","查詢"
"2832","台產","113/04/11","14:30","兆豐證券/
台北市忠孝東路二段95號4樓","本公司受邀參加兆豐證券舉辦之法人說明會，會中就本公司已
公開發布之營運及財務業務狀況作說明。","283220240412M001.pdf","283220240412E001.pdf","https://www.tfmi.com.tw/invenstors-Ii-conference",中文影音檔網址:2832_17_20240411_ch.mp4 ,"無","查詢"
"2832","台產","113/08/30","14:30","國票證券/
台北市松山區南京東路五段188號15樓","本公司受邀參加國票證券舉辦之法人說明會，會中就
本公司已公開發布之營運及財務業務狀況作說明。","283220240830M001.pdf","283220240830E001.pdf","https://www.tfmi.com.tw/invenstors-Ii-conference",中文影音檔網址:2832_18_20240830_ch.MP4 ,"無","查詢"
"2834","臺企銀","113/11/29","14:00","線上直播","公告本公司召開2024年第三季中文法人說明會，
公佈2024年第三季營運概況。","283420241129M001.pdf","283420241129E001.pdf","https://ir.tbb.com.tw/events/investors-conference",同步收看網址：:http://www.zucast.com/webcast/sPsCWxsE 法說會影音連結資訊:http://www.zucast.com/webcast/sPsCWxsE ,"無","查詢"
"2834","臺企銀","113/05/29","14:00","線上直播","公告本公司召開2024年第一季中文法人說明會，
公佈2024年第一季營運概況。","283420240529M001.pdf","283420240529E001.pdf","https://ir.tbb.com.tw/events/investors-conference",同步收看網址：:http://www.zucast.com/webcast/JF6EN1S0 法說會影音連結資訊:http://www.zucast.com/webcast/JF6EN1S0 ,"無","查詢"
"2834","臺企銀","113/03/20","14:00","線上直播","公告本公司召開2023年第四季中文法人說明會，
公佈2023年第四季營運概況。","283420240320M001.pdf","283420240320E001.pdf","https://ir.tbb.com.tw/events/investors-conference",同步收看網址：:http://www.zucast.com/webcast/BKMUB1wc 法說會影音連結資訊:http://www.zucast.com/webcast/BKMUB1wc ,"無","查詢"
"2834","臺企銀","113/09/04","14:00","線上直播","公告本公司召開2024年第二季中文法人說明會，
公佈2024年第二季營運概況。","283420240904M001.pdf","283420240904E001.pdf","https://ir.tbb.com.tw/events/investors-conference",同步收看網址：:http://www.zucast.com/webcast/1OVGiNt5 法說會影音連結資訊:http://www.zucast.com/webcast/1OVGiNt5 ,"無","查詢"
"2836","高雄銀","113/11/25","14:30","高雄銀行總行7樓會議室(高雄市左營區博愛二路168號7樓)","2024年第3季法人說明會","283620241125M001.pdf","283620241125E001.pdf","https://www.bok.com.tw/-116",中文影音檔網址:2836_22_20241125_ch.mp4 ,"無","查詢"
"2836","高雄銀","113/03/13","14:30","高雄銀行總行7樓會議室(高雄市左營區博愛二路168號7樓)","2023年第4季法人說明會","283620240313M001.pdf","283620240313E001.pdf","https://www.bok.com.tw/-116",中文影音檔網址:2836_19_20240313_ch.mp4 ,"無","查詢"
"2836","高雄銀","113/05/29","14:30","高雄銀行總行7樓會議室(高雄市左營區博愛二路168號7樓)","2024年第1季法人說明會","283620240529M001.pdf","283620240529E001.pdf","https://www.bok.com.tw/-116",中文影音檔網址:2836_20_20240529_ch.mp4 ,"無","查詢"
"2836","高雄銀","113/09/04","14:30","高雄銀行總行7樓會議室(高雄市左營區博愛二路168號7樓)","2024年第2季法人說明會","283620240904M001.pdf","283620240904E001.pdf","https://www.bok.com.tw/-116",中文影音檔網址:2836_21_20240904_ch.mp4 ,"無","查詢"
"2838","聯邦銀","113/11/07","15:00","直播網址：http://www.zucast.com/webcast/8ii4KoCd","2024年第三季財業務資訊","283820241106M001.pdf","283820241106E001.pdf","https://www.ubot.com.tw/investors",法說會影音連結資訊:http://www.zucast.com/webcast/8ii4KoCd ,"無","查詢"
"2838","聯邦銀","113/08/06","14:00","直播網址：http://www.zucast.com/webcast/qHHhYtCW","2024年上半年度財業務資訊","283820240806M001.pdf","283820240806E001.pdf","https://www.ubot.com.tw/investorservice",法說會影音連結資訊:http://www.zucast.com/webcast/qHHhYtCW ,"無","查詢"
"2845","遠東銀","113/05/15","15:00","線上會議","遠銀2024年第一季經營績效及未來營運策略","284520240515M001.pdf","284520240515E001.pdf","https://www.feib.com.tw/detail?id=470",法說會影音連結資訊:https://www.feib.com.tw/detail?id=470 ,"報名請洽遠銀策略發展處:janeshu@feib.com.tw","查詢"
"2845","遠東銀","113/03/08","15:00","線上會議","遠銀2023年經營績效及2024年營運策略","284520240308M001.pdf","284520240308E001.pdf","https://www.feib.com.tw/detail?id=470",法說會影音連結資訊:https://www.feib.com.tw/detail?id=470 ,"報名請洽遠銀策略發展處:janeshu@feib.com.tw","查詢"
"2845","遠東銀","113/11/22","15:00","線上會議","遠銀2024年第三季經營績效及未來營運策略","284520241122M001.pdf","284520241122E001.pdf","https://www.feib.com.tw/detail?id=470",法說會影音連結資訊:https://www.feib.com.tw/detail?id=470 ,"報名請洽遠銀策略發展處:janeshu@feib.com.tw","查詢"
"2845","遠東銀","113/08/15","15:00","線上會議","遠銀2024年第二季經營績效及未來營運策略","284520240815M001.pdf","284520240815E001.pdf","https://www.feib.com.tw/detail?id=470",法說會影音連結資訊:https://www.feib.com.tw/detail?id=470 ,"報名請洽遠銀策略發展處:janeshu@feib.com.tw","查詢"
"2849","安泰銀","113/03/29","14:30","線上法說會","公布112年營運概況","284920240329M001.pdf","284920240329E001.pdf","https://www.entiebank.com.tw/entie/0.2.5",同步收看網址：:http://www.zucast.com/webcast/KCCNFULK 法說會影音連結資訊:http://www.zucast.com/webcast/KCCNFULK ,"無","查詢"
"2850","新產","113/06/07","14:00","永豐金證券線上法人說明會","永豐金證券線上法人說明會","285020240607M001.pdf","285020240607E001.pdf","https://www.skinsurance.com.tw/SKI/Doc.aspx?uID=12&amp;sID=1326&amp;ST=",中文影音檔網址:2850_11_20240607_ch.mp4 ,"內容檔案於當日會後公告於公開資訊觀測站。","查詢"
"2850","新產","113/12/27","14:00","永豐金證券線上法人說明會","受邀參加","285020241227M001.pdf","285020241227E001.pdf","https://www.skinsurance.com.tw/SKI/Doc.aspx?uID=12&amp;sID=1326&amp;ST=",中文影音檔網址:2850_12_20241227_ch.mp4 ,"內容檔案於當日會後公告於公開資訊觀測站","查詢"
"2851","中再保","113/05/31","16:00","證券交易所101大樓一樓資訊展示中心(台北市信義路五段7號)","說明公司營運狀況","285120240531M001.pdf","285120240531E001.pdf","",法說會影音連結資訊:https://webpro.twse.com.tw/webportal/vod/101/6101C65508F2-EF6B5244-1F2A-11EF-A11B/?categoryId=101 ,"無","查詢"
"2851","中再保","113/11/15","16:00","證券交易所101大樓一樓資訊展示中心(台北市信義路五段7號)","說明公司營運狀況","285120241115M001.pdf","285120241115E001.pdf","",法說會影音連結資訊:https://webpro.twse.com.tw/webportal/vod/101/C1BC720579E9-B2389AB9-A32B-11EF-9A30/?categoryId=101 ,"無","查詢"
"2851","中再保","113/03/15","16:00","證券交易所101大樓一樓資訊展示中心(台北市信義路五段7號)","說明公司營運狀況","285120240315M001.pdf","285120240315E001.pdf","",法說會影音連結資訊:https://webpro.twse.com.tw/WebPortal/vod/101/E7EC82F4C811-CD8F4B19-E2A7-11EE-A5C9/?categoryId=101 ,"無","查詢"
"2851","中再保","113/08/30","16:00","證券交易所101大樓一樓資訊展示中心(台北市信義路五段7號)","說明公司營運狀況","285120240830M001.pdf","285120240830E001.pdf","",法說會影音連結資訊:https://webpro.twse.com.tw/webportal/vod/101/F305E4EF4A67-829200B0-66A8-11EF-93AD/?categoryId=101 ,"無","查詢"
"2852","第一保","113/12/02","16:00","台北市信義區信義路五段7號1樓(證券交易所資訊展示中心)","本公司業務及財務狀況","285220241202M002.pdf","285220241202E002.pdf","",法說會影音連結資訊:https://webpro.twse.com.tw/webportal/vod/101/DD82882FEA3C-194DCD57-B086-11EF-9A37/?categoryId=101 ,"無","查詢"
"2855","統一證","113/11/08","14:00","本次為中文線上法說會","說明本公司113Q3財務暨營運報告","285520241108M001.pdf","285520241108E001.pdf","https://www.pscnet.com.tw/",同步收看網址：:https://pse.is/6mrwnw 法說會影音連結資訊:https://promote.pscnet.com.tw/html/test/2855-1131108.mp4 ,"會議號：2516-304-6715，會議室密碼為本公司股票代碼。","查詢"
"2855","統一證","113/03/05","14:00","本次為中文線上法說會","說明本公司112年度財務暨營運報告","285520240305M001.pdf","285520240305E001.pdf","http://www.pscnet.com.tw/",同步收看網址：:https://pse.is/5mqejx 法說會影音連結資訊:https://promote.pscnet.com.tw/html/test/2855-1130305.mp4 ,"會議號：2515-583-4194，會議室密碼為本公司股票代碼。","查詢"
"2855","統一證","113/08/29","14:00","本次為中文線上法說會","說明本公司113年度Q2財務暨營運報告","285520240829M001.pdf","285520240829E001.pdf","http://www.pscnet.com.tw/",同步收看網址：:https://pse.is/6d6hrr 法說會影音連結資訊:https://promote.pscnet.com.tw/html/test/2855-1130829.mp4 ,"會議號：2515-057-9630，會議室密碼為本公司股票代碼。","查詢"
"2855","統一證","113/06/28","14:00","本次為中文線上法說會","說明本公司113年度Q1財務暨營運報告","285520240628M001.pdf","285520240628E001.pdf","http://www.pscnet.com.tw/",同步收看網址：:https://pse.is/647jr6 法說會影音連結資訊:https://promote.pscnet.com.tw/html/test/2855-1130628.mp4 ,"會議號：2515-026-0742，會議室密碼為本公司股票代碼。","查詢"
"2867","三商壽","113/05/28","14:30","線上法說會","三商美邦保險股份有限公司2023年隱含價值暨2024年第一季財務業務資訊報告","286720240528M001.pdf","286720240528E001.pdf","https://www.mli.com.tw/sites/mliportal/investors/index",同步收看網址：:http://www.zucast.com/webcast/cWrohqeI 法說會影音連結資訊:http://www.zucast.com/webcast/cWrohqeI ,"無","查詢"
"2867","三商壽","113/12/10","14:30","線上法說會","三商美邦人壽保險股份有限公司2024年第三季財務業務資訊報告。","286720241210M001.pdf","286720241210E001.pdf","https://www.mli.com.tw/sites/mliportal/investors/index",同步收看網址：:http://www.zucast.com/webcast/VoMSSM1S 法說會影音連結資訊:http://www.zucast.com/webcast/VoMSSM1S ,"無","查詢"
"2880","華南金","113/05/24","15:00","本次為中文線上法說會，連結網址詳如本公司投資人關係專區或如後說明","公告本公司召開2024年第1季中文法人說明會，公布2024年第1季營運概況。","288020240524M001.pdf","288020240524E001.pdf","https://www.hnfhc.com.tw/HNFHC/ir/p.do",同步收看網址：:http://www.zucast.com/webcast/Ut7TTftv 法說會影音連結資訊:http://www.zucast.com/webcast/Ut7TTftv ,"無","查詢"
"2880","華南金","113/03/20","15:00","華南銀行總行大樓2樓國際會議廳
(台北市信義區松仁路123號2樓)","公告本公司召開2023年第4季中文法人說明會，公布2023年度營運概況。","288020240320M001.pdf","288020240320E001.pdf","https://www.hnfhc.com.tw/HNFHC/ir/p.do",同步收看網址：:http://www.zucast.com/webcast/GAlUuude 法說會影音連結資訊:http://www.zucast.com/webcast/GAlUuude ,"無","查詢"
"2880","華南金","113/08/23","15:00","華南銀行總行大樓2樓國際會議廳
(台北市信義區松仁路123號2樓)","公告本公司召開2024年第2季中文法人說明會，公布2024年上半年營運概況。","288020240823M001.pdf","288020240823E001.pdf","https://www.hnfhc.com.tw/HNFHC/ir/p.do",同步收看網址：:http://www.zucast.com/webcast/rQ23GS9d 法說會影音連結資訊:http://www.zucast.com/webcast/rQ23GS9d ,"無","查詢"
"2880","華南金","113/11/20","15:00","本次為中文線上法說會，連結網址詳如本公司投資人關係專區或如後說明","公告本公司召開2024年第3季中文法人說明會，公布2024年第3季營運概況。","288020241120M001.pdf","288020241120E001.pdf","https://www.hnfhc.com.tw/HNFHC/ir/p.do",同步收看網址：:http://www.zucast.com/webcast/KgjhOOmz 法說會影音連結資訊:http://www.zucast.com/webcast/KgjhOOmz ,"無","查詢"
"2881","富邦金","113/01/11 至 113/01/12","09:00","電話會議","討論富邦金控財務及業務相關資訊","288120231117M001.pdf","288120231117E001.pdf","https://fubon.irpro.co/tw/event.php","","無","查詢"
"2881","富邦金","113/04/22 至 113/04/23","09:00","新加坡","討論富邦金控財務及業務相關資訊","288120240419M001.pdf","288120240419E001.pdf","https://fubon.irpro.co/tw/event.php","","無","查詢"
"2881","富邦金","113/05/23","14:30","中文場(14:30-15:30)採網路直播方式；英文場(16:30-17:15)採電話會議暨網路直播方式","說明富邦金控113年第一季營運概況以及富邦人壽112年隱含價值","288120240523M001.pdf","288120240523E001.pdf","https://fubon.irpro.co/tw/event.php",同步收看網址：:https://fubon.irpro.co/tw/event.php 法說會影音連結資訊:https://fubon.irpro.co/tw/event.php ,"無","查詢"
"2881","富邦金","113/04/24 至 113/05/03","09:00","電話會議","討論富邦金控財務及業務相關資訊","288120240419M001.pdf","288120240419E001.pdf","https://fubon.irpro.co/tw/event.php","","無","查詢"
"2881","富邦金","113/04/17","14:00","台北","討論富邦金控財務及業務相關資訊","288120240322M001.pdf","288120240322E001.pdf","https://fubon.irpro.co/tw/event.php","","無","查詢"
"2881","富邦金","113/05/08","09:00","電話會議","討論富邦金控財務及業務相關資訊","288120240419M001.pdf","288120240419E001.pdf","https://fubon.irpro.co/tw/event.php","","無","查詢"
"2881","富邦金","113/08/29","14:00","富邦國際會議中心B2-台北市敦化南路一段108號(14:00-15:00)；電話法說(16:30-17:30)","說明富邦金控113年上半年營運概況","288120240829M001.pdf","288120240829E001.pdf","https://fubon.irpro.co/tw/event.php",同步收看網址：:https://fubon.irpro.co/tw/event.php 法說會影音連結資訊:https://fubon.irpro.co/tw/event.php ,"中文場法說會將實體與線上直播併行","查詢"
"2881","富邦金","113/11/20 至 113/11/21","08:00","新加坡","討論富邦金控財務及業務相關資訊","288120240829M001.pdf","288120240829E001.pdf","https://fubon.irpro.co/tw/event.php","","無","查詢"
"2881","富邦金","113/03/22","14:00","富邦國際會議中心B2-台北市敦化南路一段108號(14:00-15:15)；電話法說(16:30-17:30)","說明富邦金控112年全年營運概況","288120240322M001.pdf","288120240322E001.pdf","https://fubon.irpro.co/tw/event.php",同步收看網址：:https://fubon.irpro.co/tw/event.php 法說會影音連結資訊:https://fubon.irpro.co/tw/event.php ,"中文場法說會將實體與線上直播併行","查詢"
"2881","富邦金","113/02/19 至 113/02/20","09:00","台北","討論富邦金控財務及業務相關資訊","288120231117M001.pdf","288120231117E001.pdf","https://fubon.irpro.co/tw/event.php",法說會影音連結資訊:https://fubon.irpro.co/tw/event.php ,"否","查詢"
"2881","富邦金","113/03/19 至 113/03/20","09:00","台北","討論富邦金控財務及業務相關資訊","288120231117M001.pdf","288120231117E001.pdf","https://fubon.irpro.co/tw/event.php","","無","查詢"
"2881","富邦金","113/06/11 至 113/06/14","09:00","電話會議","討論富邦金控財務及業務相關資訊","288120240607M001.pdf","288120240607E001.pdf","https://fubon.irpro.co/tw/event.php","","無","查詢"
"2881","富邦金","113/04/08 至 113/04/09","09:00","香港","討論富邦金控財務及業務相關資訊","288120240403M001.pdf","288120240403E001.pdf","https://fubon.irpro.co/tw/event.php","","無","查詢"
"2881","富邦金","113/12/02","09:00","電話會議","討論富邦金控財務及業務相關資訊","288120241129M001.pdf","288120241129E001.pdf","https://fubon.irpro.co/tw/event.php","","無","查詢"
"2881","富邦金","113/12/03","09:00","電話會議","討論富邦金控財務及業務相關資訊","288120241202M001.pdf","288120241202E001.pdf","https://fubon.irpro.co/tw/event.php","","無","查詢"
"2881","富邦金","113/06/28 至 113/07/02","13:00","歐洲","討論富邦金控財務及業務相關資訊","288120240607M001.pdf","288120240607E001.pdf","https://fubon.irpro.co/tw/event.php","","無","查詢"
"2881","富邦金","113/06/19","09:00","電話會議","討論富邦金控財務及業務相關資訊","288120240607M001.pdf","288120240607E001.pdf","https://fubon.irpro.co/tw/event.php","","無","查詢"
"2881","富邦金","113/06/28","13:00","歐洲","討論富邦金控財務及業務相關資訊","288120240607M001.pdf","288120240607E001.pdf","https://fubon.irpro.co/tw/event.php","","無","查詢"
"2881","富邦金","113/06/06 至 113/06/07","09:00","台北","討論富邦金控財務及業務相關資訊","288120240605M001.pdf","288120240605E001.pdf","https://fubon.irpro.co/tw/event.php","","無","查詢"
"2881","富邦金","113/05/29","09:00","香港","討論富邦金控財務及業務相關資訊","288120240528M001.pdf","288120240528E001.pdf","https://fubon.irpro.co/tw/event.php","","無","查詢"
"2881","富邦金","113/11/26","14:30","中文場(14:30~15:30)採網路直播方式；英文場(16:30~17:30)採網路暨電話會議方式","說明富邦金控113年第三季營運狀況","288120241126M001.pdf","288120241126E001.pdf","https://fubon.irpro.co/tw/event.php",同步收看網址：:https://fubon.irpro.co/tw/event.php 法說會影音連結資訊:https://fubon.irpro.co/tw/event.php ,"無","查詢"
"2881","富邦金","113/09/27","09:00","香港","討論富邦金控財務及業務相關資訊","288120240926M001.pdf","288120240926E001.pdf","https://fubon.irpro.co/tw/event.php","","無","查詢"
"2881","富邦金","113/09/23","09:00","台北","討論富邦金控財務及業務相關資訊","288120240829M001.pdf","288120240829E001.pdf","https://fubon.irpro.co/tw/event.php","","無","查詢"
"2882","國泰金","113/01/11","09:00","採線上投資人會議形式進行","本公司受邀參加高盛證券舉辦之線上投資人會議，說明112年第三季財務業務相關資訊。","288220231206M001.pdf","288220231206E001.pdf","https://www.cathayholdings.com/holdings/ir/events_and_announcements/events","","無","查詢"
"2882","國泰金","113/02/19 至 113/02/20","09:00","台北","本公司受邀參加摩根大通證券舉辦之投資人會議，說明112年第三季財務業務相關資訊。","288220240216M001.pdf","288220240216E001.pdf","https://www.cathayholdings.com/holdings/ir/events_and_announcements/events",法說會影音連結資訊:https://www.cathayholdings.com/holdings/ir/events_and_announcements/events ,"無","查詢"
"2882","國泰金","113/05/02 至 113/05/03","14:00","線上","本公司受邀參加寬量國際主辦之「15th Taiwan CEO Week」投資人會議，說明112 年第四季財務業務相關資訊。","288220240430M001.pdf","288220240430E001.pdf","https://www.cathayholdings.com/holdings/ir/events_and_announcements/events","","無","查詢"
"2882","國泰金","113/06/25","15:00","台北","本公司受邀參加群益金鼎證券舉辦之投資論壇，說明113年第一季財務業務相關資訊。","288220240605M001.pdf","288220240605E001.pdf","https://www.cathayholdings.com/holdings/ir/events_and_announcements/events","","無","查詢"
"2882","國泰金","113/05/08","09:00","線上","本公司受邀參加摩根大通證券舉辦之投資人會議，說明112年第四季財務業務相關資訊。","288220240506M001.pdf","288220240506E001.pdf","https://www.cathayholdings.com/holdings/ir/events_and_announcements/events","","無","查詢"
"2882","國泰金","113/05/24","14:00","中文場會議地點為國泰金融會議廳A廳(台北市松仁路9號1樓)；英文場採電話會議。","公佈113年度第一季營運概況。中文場14:00-15:00；英文場17:00-18:00。","288220240524M001.pdf","288220240524E001.pdf","https://www.cathayholdings.com/holdings/ir/events_and_announcements/events",同步收看網址：:http://www.zucast.com/webcast/DuxxZAUs 法說會影音連結資訊:http://www.zucast.com/webcast/DuxxZAUs ,"中文場採實體暨線上會議方式舉辦，英文場採電話會議暨網路直播方式進行。","查詢"
"2882","國泰金","113/03/15","14:00","中文場會議地點為國泰金融會議廳A廳(台北市松仁路9號1樓)；英文場採線上會議。","公佈112年度第四季營運概況。中文場14:00-15:00；英文場17:00-18:00。","288220240315M001.pdf","288220240315E001.pdf","https://www.cathayholdings.com/holdings/ir/events_and_announcements/events",同步收看網址：:http://www.zucast.com/webcast/sCO8Gwzl 法說會影音連結資訊:http://www.zucast.com/webcast/sCO8Gwzl ,"中文場採實體暨線上會議方式舉辦，英文場採線上會議舉辦。","查詢"
"2882","國泰金","113/03/21","09:00","台北","本公司受邀參加美銀證券舉辦之投資人會議，說明112年第四季財務業務相關資訊。","288220240320M001.pdf","288220240320E001.pdf","https://www.cathayholdings.com/holdings/ir/events_and_announcements/events","","無","查詢"
"2882","國泰金","113/06/07","14:35","台北","本公司受邀參加國泰綜合證券舉辦之投資論壇，說明113年第一季財務業務相關資訊。","288220240605M001.pdf","288220240605E001.pdf","https://www.cathayholdings.com/holdings/ir/events_and_announcements/events","","無","查詢"
"2882","國泰金","113/06/07","10:00","台北","本公司受邀參加花旗證券舉辦之投資人會議，說明113年第一季財務業務相關資訊。","288220240605M001.pdf","288220240605E001.pdf","https://www.cathayholdings.com/holdings/ir/events_and_announcements/events","","無","查詢"
"2882","國泰金","113/06/12","15:00","線上","本公司受邀參加高盛證券舉辦之線上投資人會議，說明113年第一季財務業務相關資訊。","288220240605M001.pdf","288220240605E001.pdf","https://www.cathayholdings.com/holdings/ir/events_and_announcements/events","","無","查詢"
"2882","國泰金","113/06/12","14:00","地點：香港","子公司國泰人壽受邀參加摩根大通證券舉辦之投資人會議。","288220240611M001.pdf","288220240611E001.pdf","","","無","查詢"
"2882","國泰金","113/11/20 至 113/11/21","16:30","新加坡","本公司受邀參加 Morgan Stanley 舉辦之投資人會議，說明113年第二季財務業務相關資訊。","288220241025M001.pdf","288220241025E001.pdf","https://www.cathayholdings.com/holdings/ir/events_and_announcements/events","","無","查詢"
"2882","國泰金","113/04/08","11:00","香港","本公司受邀參加HSBC舉辦之投資人會議，說明112年第四季財務業務相關資訊。","288220240403M001.pdf","288220240403E001.pdf","https://www.cathayholdings.com/holdings/ir/events_and_announcements/events","","無","查詢"
"2882","國泰金","113/12/02","09:00","線上","本公司受邀參加摩根大通證券舉辦之投資人會議，說明113年第三季財務業務相關資訊。","288220241129M001.pdf","288220241129E001.pdf","https://www.cathayholdings.com/holdings/ir/events_and_announcements/events","","無","查詢"
"2882","國泰金","113/06/21","11:00","線上","本公司受邀參加美銀證券舉辦之線上投資人會議，說明113年第一季財務業務相關資訊。","288220240605M001.pdf","288220240605E001.pdf","https://www.cathayholdings.com/holdings/ir/events_and_announcements/events","","無","查詢"
"2882","國泰金","113/08/23","14:00","中文場會議地點為國泰金融會議廳A廳(台北市松仁路9號1樓)；英文場採電話會議。","公佈113年度第二季營運概況。中文場14:00-15:00；英文場17:00-18:00。","288220240823M001.pdf","288220240823E001.pdf","https://www.cathayholdings.com/holdings/ir/events_and_announcements/events",同步收看網址：:http://www.zucast.com/webcast/y6ttQwsm 法說會影音連結資訊:http://www.zucast.com/webcast/y6ttQwsm ,"中文場採實體暨線上會議方式舉辦，英文場採電話會議暨網路直播方式進行。","查詢"
"2882","國泰金","113/09/26","11:00","香港","本公司受邀參加瑞銀證券舉辦之投資論壇，說明113年第二季財務業務相關資訊。","288220240925M001.pdf","288220240925E001.pdf","https://www.cathayholdings.com/holdings/ir/events_and_announcements/events","","無","查詢"
"2882","國泰金","113/10/28 至 113/10/31","08:00","歐洲","本公司參加海外投資人說明會，說明113年第二季財務業務相關資訊。","288220241025M001.pdf","288220241025E001.pdf","https://www.cathayholdings.com/holdings/ir/events_and_announcements/events","","無","查詢"
"2882","國泰金","113/11/27","14:00","中文場會議地點為國泰金融會議廳A廳(台北市松仁路9號1樓)；英文場採電話會議。","公佈113年度第三季營運概況。中文場14:00-15:00；英文場17:00-18:00。","288220241127M001.pdf","288220241127E001.pdf","https://www.cathayholdings.com/holdings/ir/events_and_announcements/events",同步收看網址：:http://www.zucast.com/webcast/jIUHtZnv 法說會影音連結資訊:http://www.zucast.com/webcast/jIUHtZnv ,"中文場採實體暨線上會議方式舉辦，英文場採電話會議暨網路直播方式進行。","查詢"
"2882","國泰金","113/12/04","09:00","線上","本公司受邀參加CGS International Securities舉辦之投資人會議，說明113年第三季財務業務相關資訊。","288220241203M001.pdf","288220241203E001.pdf","https://www.cathayholdings.com/holdings/ir/events_and_announcements/events","","無","查詢"
"2882","國泰金","113/12/04","15:00","線上","本公司受邀參加美銀證券舉辦之投資人會議，說明113年第三季財務業務相關資訊。","288220241203M002.pdf","288220241203E002.pdf","https://www.cathayholdings.com/holdings/ir/events_and_announcements/events","","無","查詢"
"2882","國泰金","113/10/29 至 113/11/01","10:10","線上","本公司受邀參加寬量國際主辦之「16th QIC CEO Week」投資人會議，說明113年第二季財務業務相關資訊。","288220241025M001.pdf","288220241025E001.pdf","https://www.cathayholdings.com/holdings/ir/events_and_announcements/events","","無","查詢"
"2883","凱基金","113/05/08","15:00","採線上法人說明會","說明本公司之營運概要、財務及業務相關資訊","288320240327M001.pdf","288320240327E001.pdf","",法說會影音連結資訊:未輸 ,"無","查詢"
"2883","凱基金","113/11/28","16:00","中文場及英文場同時召開，採線上法人說明會","說明凱基金控113年第3季營運概況","288320241128M001.pdf","288320241128E001.pdf","https://kgi.irpro.co/tw/investor-conference.php",同步收看網址：:https://kgi.irpro.co/tw/investor-conference.php 法說會影音連結資訊:https://kgi.irpro.co/tw/investor-conference.php ,"無","查詢"
"2883","凱基金","113/03/27","14:30","中文場及英文場同時召開，採線上法人說明會","說明中華開發金控112全年營運概況","288320240327M001.pdf","288320240327E001.pdf","https://cdf.irpro.co/tw/investor-conference.php",同步收看網址：:https://cdf.irpro.co/tw/investor-conference.php 法說會影音連結資訊:https://cdf.irpro.co/tw/investor-conference.php ,"無","查詢"
"2883","凱基金","113/05/28","14:30","中文場及英文場同時召開，採線上法人說明會","說明中華開發金控113年第1季營運概況","288320240528M001.pdf","288320240528E001.pdf","https://cdf.irpro.co/tw/investor-conference.php",同步收看網址：:https://cdf.irpro.co/tw/investor-conference.php 法說會影音連結資訊:https://cdf.irpro.co/tw/investor-conference.php ,"無","查詢"
"2883","凱基金","113/09/02","14:30","中文實體(總部大樓)，英文場採同步線上進行","說明凱基金控113年第2季營運概況","288320240902M001.pdf","288320240902E001.pdf","https://cdf.irpro.co/tw/investor-conference.php",同步收看網址：:https://cdf.irpro.co/tw/investor-conference.php 法說會影音連結資訊:https://cdf.irpro.co/tw/investor-conference.php ,"無","查詢"
"2883","凱基金","113/09/27","09:00","會議地點:香港","說明本公司之營運概要、財務及業務相關資訊","288320240902M001.pdf","288320240902E001.pdf","",法說會影音連結資訊:未輸 ,"無","查詢"
"2883","凱基金","113/12/13","14:00","台北","說明本公司之營運概要、財務及業務相關資訊","288320241128M001.pdf","288320241128E001.pdf","https://kgi.irpro.co/tw/investor-conference.php",法說會影音連結資訊:https://www.youtube.com/watch?v=Gk-Lt0iEXbg ,"無","查詢"
"2884","玉山金","113/05/07","14:00","玉山金控總行大樓","2024年第1季財業務資訊","288420240507M001.pdf","288420240507E001.pdf","https://www.esunfhc.com/zh-tw/investor-relations/ir-events/investor-conference",法說會影音連結資訊:https://www.esunfhc.com/zh-tw/investor-relations/ir-events/investor-conference ,"無","查詢"
"2884","玉山金","113/02/19","09:00","台北","2023年第3季財業務資訊","288420231121M001.pdf","288420231121E001.pdf","https://www.esunfhc.com/zh-tw/investor-relations/ir-events/investor-conference","","無","查詢"
"2884","玉山金","113/02/26","15:30","玉山金控總行大樓","2023年第4季財業務資訊","288420240226M001.pdf","288420240226E001.pdf","https://www.esunfhc.com/zh-tw/investor-relations/ir-events/investor-conference",法說會影音連結資訊:https://www.esunfhc.com/zh-tw/investor-relations/ir-events/investor-conference ,"無","查詢"
"2884","玉山金","113/11/20 至 113/11/21","12:30","新加坡","2024年第3季財業務資訊","288420241106M001.pdf","288420241106E001.pdf","https://www.esunfhc.com/zh-tw/investor-relations/ir-events/investor-conference","","無","查詢"
"2884","玉山金","113/03/20","09:00","台北","2023年第4季財業務資訊","288420240304M002.pdf","288420240304E002.pdf","https://www.esunfhc.com/zh-tw/investor-relations/ir-events/investor-conference",法說會影音連結資訊:未輸 ,"無","查詢"
"2884","玉山金","113/03/06 至 113/03/08","09:30","新加坡、香港","2023年第4季財業務資訊","288420240304M002.pdf","288420240304E002.pdf","https://www.esunfhc.com/zh-tw/investor-relations/ir-events/investor-conference",法說會影音連結資訊:未輸 ,"無","查詢"
"2884","玉山金","113/06/11","11:00","線上","2024年第1季財業務資訊","288420240304M002.pdf","288420240304E002.pdf","https://www.esunfhc.com/zh-tw/investor-relations/ir-events/investor-conference",法說會影音連結資訊:未輸 ,"無","查詢"
"2884","玉山金","113/06/06","09:00","台北","2024年第1季財業務資訊","288420240304M002.pdf","288420240304E002.pdf","https://www.esunfhc.com/zh-tw/investor-relations/ir-events/investor-conference",法說會影音連結資訊:未輸 ,"無","查詢"
"2884","玉山金","113/04/08 至 113/04/11","16:00","英國","2023年第4季財業務資訊","288420240304M002.pdf","288420240304E002.pdf","https://www.esunfhc.com/zh-tw/investor-relations/ir-events/investor-conference",法說會影音連結資訊:未輸 ,"無","查詢"
"2884","玉山金","113/12/02","13:30","線上","2024年第3季財業務資訊","288420241106M001.pdf","288420241106E001.pdf","https://www.esunfhc.com/zh-tw/investor-relations/ir-events/investor-conference","","無","查詢"
"2884","玉山金","113/08/08","15:00","玉山金控第一總行大樓","2024年第2季財業務資訊","288420240808M001.pdf","288420240808E001.pdf","https://www.esunfhc.com/zh-tw/investor-relations/ir-events/investor-conference",法說會影音連結資訊:https://www.esunfhc.com/zh-tw/investor-relations/ir-events/investor-conference ,"無","查詢"
"2884","玉山金","113/06/20","12:00","線上","2024年第1季財業務資訊","288420240304M002.pdf","288420240304E002.pdf","https://www.esunfhc.com/zh-tw/investor-relations/ir-events/investor-conference",法說會影音連結資訊:未輸 ,"無","查詢"
"2884","玉山金","113/12/13","15:00","線上","2024年第3季財業務資訊","288420241106M001.pdf","288420241106E001.pdf","https://www.esunfhc.com/zh-tw/investor-relations/ir-events/investor-conference",法說會影音連結資訊:https://www.esunfhc.com/zh-tw/investor-relations/ir-events/investor-conference#2 ,"無","查詢"
"2884","玉山金","113/09/26","11:00","香港","2024年第2季財業務資訊","288420240808M001.pdf","288420240808E001.pdf","https://www.esunfhc.com/zh-tw/investor-relations/ir-events/investor-conference","","無","查詢"
"2884","玉山金","113/11/06","14:00","玉山金控總部大樓","2024年第3季財業務資訊","288420241106M001.pdf","288420241106E001.pdf","https://www.esunfhc.com/zh-tw/investor-relations/ir-events/investor-conference",法說會影音連結資訊:https://www.esunfhc.com/zh-tw/investor-relations/ir-events/investor-conference ,"無","查詢"
"2885","元大金","113/06/12","09:00","台北","公告本公司擬於民國113年6月12日受邀參加高盛證券舉行之
線上投資人會議—Goldman Sachs Asia Financials Corporate Day。","288520240524M001.pdf","288520240524E001.pdf","https://www.yuanta.com/TW/IR/Financials/Presentations-and-Events","","無","查詢"
"2885","元大金","113/06/19","14:00","台北","公告本公司擬於民國113年6月19日受邀參加美銀證券舉行之線上投資人會議—
2024 APAC Financial Real Estate Equity and Credit Conference","288520240524M001.pdf","288520240524E001.pdf","https://www.yuanta.com/TW/IR/Financials/Presentations-and-Events","","無","查詢"
"2885","元大金","113/12/03","14:00","台北","公告本公司擬於民國113年12月3日(二)受邀參加第一金證券
舉行之線上投資人會議。","288520241129M001.pdf","288520241129E001.pdf","https://www.yuanta.com/TW/IR/Financials/Presentations-and-Events",中文影音檔網址:2885_155_20241203_ch.mp4 ,"無","查詢"
"2885","元大金","113/03/20","14:00","台北","本公司擬於民國113年3月20日(三)受邀參加第一金證券舉行之線上投資人會議。","288520240315M001.pdf","288520240315E001.pdf","https://www.yuanta.com/TW/IR/Financials/Presentations-and-Events","","無","查詢"
"2885","元大金","113/03/19","09:00","台北","本公司擬於民國113年3月19日(二)受邀參加美銀證券舉行之投資人會議 – 
2024 APAC TMT Conference。","288520240315M001.pdf","288520240315E001.pdf","https://www.yuanta.com/TW/IR/Financials/Presentations-and-Events","","無","查詢"
"2885","元大金","113/05/28","14:00","台北","公告本公司擬於民國113年5月28日(二)受邀參加第一金證券舉行
之線上投資人會議。","288520240524M001.pdf","288520240524E001.pdf","https://www.yuanta.com/TW/IR/Financials/Presentations-and-Events","","無","查詢"
"2885","元大金","113/09/03","14:00","台北","公告本公司擬於民國113年9月3日(二)受邀參加第一金證券舉行
之線上投資人會議。","288520240830M001.pdf","288520240830E001.pdf","https://www.yuanta.com/TW/IR/Financials/Presentations-and-Events","","無","查詢"
"2885","元大金","113/09/18","14:00","台北","公告本公司擬於民國113年9月18日(三)受邀參加凱基證券舉行之
線上投資人會議。","288520240830M001.pdf","288520240830E001.pdf","https://www.yuanta.com/TW/IR/Financials/Presentations-and-Events",中文影音檔網址:2885_154_20240918_ch.mp4 ,"無","查詢"
"2886","兆豐金","113/01/11 至 113/01/12","09:00","線上","揭露本公司2023年第3季營運概況","288620231129M001.pdf","288620231129E001.pdf","http://www.megaholdings.com.tw","","本公司受邀參與高盛證券舉辦之線上外資法人投資說明會","查詢"
"2886","兆豐金","113/07/11","14:00","線上","揭露本公司2024年第1季營運概況","288620240529M001.pdf","288620240529E001.pdf","http://www.megaholdings.com.tw",法說會影音連結資訊:https://youtu.be/_4z5AXC-Tfw ,"本公司受邀參與凱基證券舉辦之線上法人投資說明會","查詢"
"2886","兆豐金","113/05/29","14:30","線上","揭露本公司2024年第1季營運概況","288620240529M001.pdf","288620240529E001.pdf","http://www.megaholdings.com.tw",同步收看網址：:http://www.zucast.com/webcast/dvvE9RHB 法說會影音連結資訊:http://www.zucast.com/webcast/dvvE9RHB ,"無","查詢"
"2886","兆豐金","113/03/20 至 113/03/21","09:00","君悅酒店","揭露本公司2023年第4季營運概況","288620240319M002.pdf","288620240319E002.pdf","http://www.megaholdings.com.tw","","本公司受邀參與美銀證券舉辦之外資法人投資說明會","查詢"
"2886","兆豐金","113/03/19","14:30","線上","揭露本公司2023年第4季營運概況","288620240319M001.pdf","288620240319E001.pdf","http://www.megaholdings.com.tw",同步收看網址：:http://www.zucast.com/webcast/Q9b6D6Db 法說會影音連結資訊:http://www.zucast.com/webcast/Q9b6D6Db ,"無","查詢"
"2886","兆豐金","113/08/29 至 113/08/30","16:00","英國倫敦","揭露本公司2024年第2季營運概況","288620240826M001.pdf","288620240826E001.pdf","http://www.megaholdings.com.tw",法說會影音連結資訊:未輸 ,"本公司受邀參與摩根士坦利證券於英國倫敦舉辦之外資法人投資說明會","查詢"
"2886","兆豐金","113/06/11 至 113/06/14","09:00","線上","揭露本公司2024年第1季營運概況","288620240529M002.pdf","288620240529E002.pdf","http://www.megaholdings.com.tw","","本公司受邀參與高盛證券舉辦之外資法人投資說明會","查詢"
"2886","兆豐金","113/06/19 至 113/06/21","09:00","線上","揭露本公司2024年第1季營運概況","288620240529M003.pdf","288620240529E003.pdf","http://www.megaholdings.com.tw","","本公司受邀參與美銀證券舉辦之外資法人投資說明會","查詢"
"2886","兆豐金","113/08/26","14:30","線上","揭露本公司2024年第2季營運概況","288620240826M002.pdf","288620240826E002.pdf","http://www.megaholdings.com.tw",同步收看網址：:http://www.zucast.com/webcast/8vFbrPrG 法說會影音連結資訊:http://www.zucast.com/webcast/8vFbrPrG ,"無","查詢"
"2886","兆豐金","113/11/28","14:30","線上","揭露本公司2024年第3季營運概況","288620241128M001.pdf","288620241128E001.pdf","http://www.megaholdings.com.tw",同步收看網址：:http://www.zucast.com/webcast/oojyL6SL 法說會影音連結資訊:http://www.zucast.com/webcast/oojyL6SL ,"無","查詢"
"2887","台新新光金","113/03/05","13:30","台新金控大樓2F元廳(台北市大安區仁愛路四段118號)","公告本公司將於113年03月05日召開112年第四季法人說明會。","288720240305M002.pdf","288720240305E002.pdf","https://www.taishinholdings.com.tw/tsh/",同步收看網址：:http://www.zucast.com/webcast/lFylFbMs 法說會影音連結資訊:http://www.zucast.com/webcast/lFylFbMs ,"112年第四季法說會將以實體與網路直播併行。","查詢"
"2887","台新新光金","113/03/13","08:00","日本","台新金控受邀赴日本於113年3月13日會晤當地投資機構，說明112年第四季營運概況。","288720240307M001.pdf","288720240307E001.pdf","https://www.taishinholdings.com.tw/tsh/","","本次簡報資料將以112年第四季法說會內容為主。","查詢"
"2887","台新新光金","113/05/15 至 113/05/18","03:00","美國","台新金控受邀赴美國於113年5月15日至5月18日會晤當地投資機構說明113年第一季營運概況。","288720240513M001.pdf","288720240513E001.pdf","https://www.taishinholdings.com.tw/tsh/","","本次簡報資料將以113年第一季法說會內容為主。","查詢"
"2887","台新新光金","113/03/12","14:30","日本","台新金控將於113/03/12赴日本會晤當地投資機構，說明112年第四季營運概況。","288720240307M002.pdf","288720240307E002.pdf","https://www.taishinholdings.com.tw/tsh/","","本次簡報資料將以112年第四季法說會內容為主。","查詢"
"2887","台新新光金","113/05/03","13:45","線上法說會","公告本公司將於113年05月03日受邀參加由台新證券主辦113年第一季線上法人說明會。網路直播網址: http://www.zucast.com/webcast/hbtBFuhG","288720240503M001.pdf","288720240503E001.pdf","https://www.taishinholdings.com.tw/tsh/",同步收看網址：:http://www.zucast.com/webcast/hbtBFuhG 法說會影音連結資訊:http://www.zucast.com/webcast/hbtBFuhG ,"無","查詢"
"2887","台新新光金","113/06/11","17:00","香港","台新金控將於113年06月11日受邀參加高盛證券Asia Financials Corporate Day會晤投資機構，說明113年第一季營運概況。","288720240528M001.pdf","288720240528E001.pdf","https://www.taishinholdings.com.tw/tsh/","","本次簡報資料將以113年第一季法說會內容為主。","查詢"
"2887","台新新光金","113/08/27","14:00","線上法說會","公告本公司將於113年08月27日召開113年第二季法人說明會。網路直播網址:http://www.zucast.com/webcast/QUiPk5qm","288720240827M001.pdf","288720240827E001.pdf","https://www.taishinholdings.com.tw/tsh/",同步收看網址：:http://www.zucast.com/webcast/QUiPk5qm 法說會影音連結資訊:http://www.zucast.com/webcast/QUiPk5qm ,"無","查詢"
"2887","台新新光金","113/09/16 至 113/09/17","10:30","新加坡、香港","台新金控受邀赴新加坡、香港於113/09/16–113/09/17會晤當地投資機構。","288720240912M001.pdf","288720240912E001.pdf","https://www.taishinholdings.com.tw/tsh/","","無。","查詢"
"2887","台新新光金","113/09/23 至 113/09/27","16:00","歐洲","台新金控受邀赴歐洲於113/09/23–113/09/27會晤當地投資機構。","288720240918M001.pdf","288720240918E001.pdf","https://www.taishinholdings.com.tw/tsh/","","無","查詢"
"2887","台新新光金","113/11/15","14:00","線上法說會","公告本公司將於113年11月15日召開113年第三季法人說明會。網路直播網址: http://www.zucast.com/webcast/Fd6pOikh","288720241115M001.pdf","288720241115E001.pdf","https://www.taishinholdings.com.tw/tsh/",同步收看網址：:http://www.zucast.com/webcast/Fd6pOikh 法說會影音連結資訊:http://www.zucast.com/webcast/Fd6pOikh ,"無","查詢"
"2889","國票金","113/06/28","14:00","本次法人說明會為線上說明會","本公司自&#36775;說明會，說明公司營運概況。","288920240628M001.pdf","288920240628E001.pdf","https://www.ibf.com.tw/analyst_meeting/2024",中文影音檔網址:2889_20_20240628_ch.mp4 ,"當日webex連線號碼為：1849465878/連結 https：//mibf.webex.com/meet/ibf.1703","查詢"
"2889","國票金","113/03/22","14:00","本次為實體法說明會","本公司自辦法人說明會，說明公司營運概況。","288920240322M001.pdf","288920240322E001.pdf","https://www.ibf.com.tw/analyst_meeting.html",中文影音檔網址:2889_19_20240322_ch.mp4 ,"法說會舉辦地點為台北市中山區樂群三路128號7樓(國票金大樓-7樓會議中心)","查詢"
"2889","國票金","113/12/23","14:30","本次法說會為線上說明會。","本公司自辦說明會，說明公司營運概況。","288920241223M001.ppt","288920241223E001.ppt","http://www.ibf.com.tw/analyst_meeting/2024",中文影音檔網址:2889_22_20241223_ch.mp4 ,"當日webex連線號碼為:1849465878/連結https://mibf.webex.com","查詢"
"2889","國票金","113/09/19","14:00","本次法說會為線上說明會","本公司自辦說明會，說明公司營運狀況。","288920240919M001.ppt","288920240919E001.ppt","https://www.ibf.com.tw/analyst_meeting/2024",中文影音檔網址:2889_21_20240919_ch.mp4 ,"當日webex連線號碼為:1849465878/連結https://mibf.webex.com/meet/ibf.1703","查詢"
"2890","永豐金","113/05/06 至 113/05/07","10:00","香港","永豐金控將於113/05/06至113/05/07赴香港會晤當地投資機構，
說明112年營運概況。","289020240430M001.pdf","289020240430E001.pdf","https://www.sinopac.com/irCalendar/list.html","","無","查詢"
"2890","永豐金","113/05/23","15:30","線上","說明113年第一季營運概況","289020240523M001.pdf","289020240523E001.pdf","https://www.sinopac.com/irCalendar/list.html",同步收看網址：:https://sinotrade.webex.com/sinotrade/j.php?MTID=m15fccc788638a1331131c83f4e3fb2db 法說會影音連結資訊:https://www.sinopac.com/upload/sinopac/media/2024Q1_AnalystMeetings_vdo.zip ,"無","查詢"
"2890","永豐金","113/03/25","14:30","永豐金控總部大樓(台北市八德路二段306號3F)","說明112年第四季營運概況","289020240325M001.pdf","289020240325E001.pdf","https://www.sinopac.com/irCalendar/list.html",:未輸 法說會影音連結資訊:https://www.sinopac.com/upload/sinopac/media/2023Q4_AnalystMeetings_vdo.zip ,"無","查詢"
"2890","永豐金","113/06/18","14:00","線上","本公司受邀參加第一金證券舉辦之投資人會議，
說明113年第一季財務業務相關資訊","289020240607M001.pdf","289020240607E001.pdf","https://www.sinopac.com/irCalendar/list.html","","無","查詢"
"2890","永豐金","113/04/17 至 113/04/19","16:30","新加坡","永豐金控將於113/04/17至113/04/19赴新加坡會晤當地投資機構，
說明112年營運概況。","289020240409M001.pdf","289020240409E001.pdf","https://www.sinopac.com/irCalendar/list.html","","無","查詢"
"2890","永豐金","113/08/21","14:30","線上","說明113年第二季營運概況","289020240821M001.pdf","289020240821E001.pdf","https://www.sinopac.com/irCalendar/list.html",同步收看網址：:https://sinotrade.webex.com/sinotrade/j.php?MTID=m9574b5f6c662c760b7afe5d17ee3827d 法說會影音連結資訊:https://www.sinopac.com/upload/sinopac/media/2024Q2_AnalystMeetings_vdo.zip ,"無","查詢"
"2890","永豐金","113/09/03 至 113/09/06","16:00","英國","永豐金控將於113/09/03至113/09/06赴英國會晤當地投資機構，
說明113年第二季營運概況。","289020240823M002.pdf","289020240823E002.pdf","https://www.sinopac.com/irCalendar/list.html","","無","查詢"
"2890","永豐金","113/11/14","14:30","線上","說明113年第三季營運概況","289020241114M001.pdf","289020241114E001.pdf","https://www.sinopac.com/irCalendar/list.html",同步收看網址：:https://sinotrade.webex.com/sinotrade/j.php?MTID=mf9ceb2a08b4b82dbf067f4719090249f 法說會影音連結資訊:https://www.sinopac.com/upload/sinopac/media/2024Q3_AnalystMeetings_vdo.zip ,"無","查詢"
"2890","永豐金","113/10/24","15:00","線上","本公司受邀參加第一金證券舉辦之投資人會議，
說明113年第二季財務業務相關資訊","289020241009M001.pdf","289020241009E001.pdf","https://www.sinopac.com/irCalendar/list.html",法說會影音連結資訊:https://www.sinopac.com/upload/sinopac/media/2890_First_Securities_20241024.zip ,"無","查詢"
"2891","中信金","113/02/19","09:00","台北","本公司參加J.P. Morgan舉辦之投資人說明會(Taiwan CEO-CFO Conference 2024)","289120231113M001.pdf","289120231113E001.pdf","https://ir.ctbcholding.com/c/events.php","","無","查詢"
"2891","中信金","113/01/12","09:00","線上","本公司參加Goldman Sachs舉辦之投資人說明會(Asia Financials Corporate Day)","289120231113M001.pdf","289120231113E001.pdf","https://ir.ctbcholding.com/c/events.php","","無","查詢"
"2891","中信金","113/11/19","14:00","中文實體(總行大樓)(14:00-15:00)；
中英文線上(15:30-16:30)","公布113年度第三季營運概況","289120241119M001.pdf","289120241119E001.pdf","https://ir.ctbcholding.com/c/events",法說會影音連結資訊:https://ir.ctbcholding.com/c/events 英文影音連結:https://ir.ctbcholding.com/html/events ,"無","查詢"
"2891","中信金","113/04/11","14:00","線上","本公司參加第一金證券舉辦之投資人說明會","289120240312M002.pdf","289120240312E002.pdf","https://ir.ctbcholding.com/c/events.php",法說會影音連結資訊:https://ir.ctbcholding.com/c/events.php ,"無","查詢"
"2891","中信金","113/06/13 至 113/06/14","16:00","線上","本公司參加Goldman Sachs舉辦之投資人說明會(Asia Financials Corporate Day)","289120240531M001.pdf","289120240531E001.pdf","https://ir.ctbcholding.com/c/events","","無","查詢"
"2891","中信金","113/06/19 至 113/06/20","10:00","線上","本公司參加Bank of America舉辦之投資人說明會(2024 APAC Financial Real Estate Equity and Credit Conference)","289120240531M001.pdf","289120240531E001.pdf","https://ir.ctbcholding.com/c/events","","無","查詢"
"2891","中信金","113/06/05","09:00","台北","本公司參加 Citi舉辦之投資人說明會(Citi 2024 Taiwan Conference)","289120240531M001.pdf","289120240531E001.pdf","https://ir.ctbcholding.com/c/events","","無","查詢"
"2891","中信金","113/11/21","08:30","新加坡","本公司參加Morgan Stanley舉辦之投資人說明會(Morgan Stanley Twenty-Third Annual Asia Pacific Summit)","289120241119M001.pdf","289120241119E001.pdf","https://ir.ctbcholding.com/c/events","","無","查詢"
"2891","中信金","113/03/12","14:00","中文實體(總行大樓)(14:00-15:00)；
中英文線上(15:30-16:30)","公布112年度第四季營運概況","289120240312M002.pdf","289120240312E002.pdf","https://ir.ctbcholding.com/c/events.php",法說會影音連結資訊:https://ir.ctbcholding.com/c/events.php 英文影音連結:https://ir.ctbcholding.com/html/events.php ,"無","查詢"
"2891","中信金","113/03/21","10:00","台北","本公司參加Bank of America舉辦之投資人說明會(2024 APAC TMT Conference)","289120240312M002.pdf","289120240312E002.pdf","https://ir.ctbcholding.com/c/events.php","","無","查詢"
"2891","中信金","113/05/31","14:00","中文實體(總行大樓)(14:00-15:00)；
中英文線上(15:30-16:30)","公布113年度第一季營運概況","289120240531M001.pdf","289120240531E001.pdf","https://ir.ctbcholding.com/c/events",法說會影音連結資訊:https://ir.ctbcholding.com/c/events 英文影音連結:https://ir.ctbcholding.com/html/events ,"無","查詢"
"2891","中信金","113/08/28","16:00","中英文線上(16:00-17:00)","公布113年度第二季營運概況","289120240828M001.pdf","289120240828E001.pdf","https://ir.ctbcholding.com/c/events",法說會影音連結資訊:https://ir.ctbcholding.com/c/events 英文影音連結:https://ir.ctbcholding.com/html/events ,"無","查詢"
"2892","第一金","113/03/01","16:30","網路","第一金控召開2023年第四季法人說明會","289220240301M002.pdf","289220240301E002.pdf","https://ir.firstholding.com.tw/c/index.php",英文影音檔網址:2892_157_20240301_en.mp4 ,"無","查詢"
"2892","第一金","113/05/31","16:30","網路","第一金召開2024年第一季法人說明會","289220240531M001.pdf","289220240531E001.pdf","https://ir.firstholding.com.tw/c/index.php",中文影音檔網址:2892_158_20240531_ch.mp3 英文影音檔網址:2892_158_20240531_en.mp3 ,"無","查詢"
"2892","第一金","113/06/12","09:00","網路","高盛證券 GS Asia Financials Corporate Day","289220240611M001.pdf","289220240611E001.pdf","https://ir.firstholding.com.tw/c/index.php","","無","查詢"
"2892","第一金","113/08/30","16:30","網路","第一金控召開2024年第二季法人說明會","289220240830M001.pdf","289220240830E001.pdf","https://ir.firstholding.com.tw/c/index.php",中文影音檔網址:2892_160_20240830_ch.mp3 英文影音檔網址:2892_160_20240830_en.mp3 ,"無","查詢"
"2892","第一金","113/09/10","14:00","網路","受第一金證券邀請召開線上法人說明會","289220240910M001.pdf","289220240910E001.pdf","https://ir.firstholding.com.tw/c/index.php",中文影音檔網址:2892_161_20240910_ch.mp4 ,"無","查詢"
"2892","第一金","113/12/02","16:30","網路","第一金控召開2024年第三季法人說明會","289220241202M001.pdf","289220241202E001.pdf","https://ir.firstholding.com.tw/c/index.php",中文影音檔網址:2892_162_20241202_ch.mp4 英文影音檔網址:2892_162_20241202_en.mp4 ,"無","查詢"
"2897","王道銀行","113/11/05 至 113/11/13","10:10","線上會議","本公司受邀參加由寬量國際主辦之「16th Taiwan CEO Week」投資人會議活動，說明本公司之營運概況、財務及業務相關資訊。","289720241104M001.pdf","289720241104E001.pdf","https://www.o-bank.com/about/investor/IR-Events/Investor-Conferences","","無","查詢"
"2897","王道銀行","113/04/29 至 113/05/03","14:00","線上會議","本公司受邀參加由寬量國際主辦之「15th Taiwan CEO Week」投資人會議活動，說明本公司之營運概況、財務及業務相關資訊。","289720240426M001.pdf","289720240426E001.pdf","https://www.o-bank.com/about/investor/IR-Events/Investor-Conferences",中文影音檔網址:2897_20_20240429_ch.mp4 ,"無","查詢"
"2897","王道銀行","113/03/07","14:30","線上法說會","公佈本公司2023年度營運概況","289720240307M001.pdf","289720240307E001.pdf","https://www.o-bank.com/about/investor/IR-Events/Investor-Conferences",同步收看網址：:http://www.zucast.com/webcast/L68zh6PC 法說會影音連結資訊:http://www.zucast.com/webcast/L68zh6PC ,"線上法說會語音直播網址：http://www.zucast.com/webcast/L68zh6PC","查詢"
"2897","王道銀行","113/12/19","14:30","線上法說會","公佈本公司2024年第三季營運概況。","289720241218M001.pdf","289720241218E001.pdf","https://www.o-bank.com/about/investor/IR-Events/Investor-Conferences",同步收看網址：:http://www.zucast.com/webcast/Lz9rCJrT 法說會影音連結資訊:http://www.zucast.com/webcast/Lz9rCJrT ,"線上法說會語音直播網址：http://www.zucast.com/webcast/Lz9rCJrT","查詢"
"2901","欣欣","113/11/28","14:00","台灣證券交易所101大樓一樓資訊展示中心(台北市信義路5段7號)","公司簡介及營運概況","290120241107M001.ppt","290120241107E001.ppt","",同步收看網址：:https://webpro.twse.com.tw/WebPortal/ 法說會影音連結資訊:https://webpro.twse.com.tw/webportal/vod/101/DD82882FEA3C-579D3DAC-AD56-11EF-9A37/?categoryId=101 ,"無","查詢"
"2903","遠百","113/12/27","14:00","新北市板橋區新站路16號14樓","本公司受邀參加113年12月27日亞東證券主辦之法人座談會，說明本公司113年 Q3營運與財務概況。","290320241226M002.pdf","290320241226E002.pdf","https://www.feds.com.tw/shareholder/shareholder_tw.html",法說會影音連結資訊:https://www.feds.com.tw/online_events/SwiperAudio/Temporary/2024.html ,"無","查詢"
"2904","匯僑","113/08/30","14:30","台北市大安區敦化南路2段97號11樓(元富證券總公司11樓教育訓練室)","本公司受邀參加元富證券法人說明會，說明本公司營運及財務相關概況。","290420240830M001.pdf","290420240830E001.pdf","https://www.pocs.com.tw/msg/message-%E6%B3%95%E4%BA%BA%E8%AA%AA%E6%98%8E-13.html",中文影音檔網址:2904_8_20240830_ch.MP4 ,"無","查詢"
"2905","三商","113/09/13","14:30","線上法說會","說明本公司營運概況及未來展望","290520240913M001.pdf","290520240913E001.pdf","http://www.mercuries.com.tw",法說會影音連結資訊:https://reurl.cc/6dKp0r ,"無。","查詢"
"2906","高林","113/08/27","15:20","臺北文創(台北市信義區菸廠路88號6F)","本公司受邀參加元富證券所舉辦之「2024年秋季產業投資論壇」","290620240827M001.pdf","290620240827E001.pdf","",:未輸 法說會影音連結資訊:https://www.youtube.com/watch?v=BsiHJSKVKJk ,"無","查詢"
"2906","高林","113/12/11","14:00","線上法說會","公司業務及營運概況說明","290620241211M001.pdf","290620241211E001.pdf","http://www.collins.com.tw",同步收看網址：:https://www.youtube.com/live/tHOHPflfJLI 法說會影音連結資訊:https://www.collins.com.tw ,"無","查詢"
"2908","特力","113/11/27","16:00","線上法說會","本公司受邀參加元大證券舉辦之產業座談會，報告本公司營運狀況","290820241127M001.pdf","290820241127E001.pdf","http://www.testritegroup.com",中文影音檔網址:2908_44_20241127_ch.mp4 ,"無","查詢"
"2910","統領","113/12/04","14:30","福邦證券總公司(台北市忠孝西路一段6號7樓)","受邀參加福邦證券舉辦之法人說明會","291020241204M001.pdf","291020241204E001.pdf","https://www.tonlin.com.tw",中文影音檔網址:2910_8_20241204_ch.MP4 ,"會議資料將於法說會後揭露於公開資訊觀測站及本公司網站。","查詢"
"2911","麗嬰房","113/12/19","14:00","https://reurl.cc/oVxN6v","本公司受邀參加永豐金證券所舉辦之法人說明會，說明本公司營運概況","291120241216M001.pdf","291120241216E001.pdf","",中文影音檔網址:2911_30_20241219_ch.mp4 ,"無","查詢"
"2912","統一超","113/11/26 至 113/11/27","09:00","新加坡","113年度第三季度營運財務狀況報告及未來營運展望說明","291220241122M001.pdf","291220241122E001.pdf","https://www.7-11.com.tw/company/ir/event.html","","相關訊息請參考公開資訊觀測站公司治理專區法說會簡報資料或本公司網站","查詢"
"2912","統一超","113/03/20 至 113/03/21","09:00","台北君悅酒店","112年度營運財務狀況報告及未來營運展望說明","291220240319M001.pdf","291220240319E001.pdf","https://www.7-11.com.tw/company/ir/event.html","","相關訊息請參考公開資訊觀測站公司治理專區法說會簡報資料或本公司網站","查詢"
"2912","統一超","113/06/04","09:00","台北君悅酒店","113年第一季度營運財務狀況報告及未來營運展望說明","291220240603M001.pdf","291220240603E001.pdf","https://www.7-11.com.tw/company/ir/event.html","","相關訊息請參考公開資訊觀測站公司治理專區法說會簡報資料或本公司網站","查詢"
"2912","統一超","113/06/05","09:00","W hotel Taipei","113年第一季度營運財務狀況報告及未來營運展望說明","291220240603M001.pdf","291220240603E001.pdf","https://www.7-11.com.tw/company/ir/event.html","","相關訊息請參考公開資訊觀測站公司治理專區法說會簡報資料或本公司網站","查詢"
"2912","統一超","113/08/28 至 113/08/30","14:00","香港","113年度第二季度營運財務狀況報告及未來營運展望說明","291220240827M001.pdf","291220240827E001.pdf","https://www.7-11.com.tw/company/ir/event.html","","相關訊息請參考公開資訊觀測站公司治理專區法說會簡報資料或本公司網站","查詢"
"2912","統一超","113/09/24","17:00","線上法人說明會","113年度上半年度營運財務狀況報告及未來營運展望說明","291220240827M001.pdf","291220240827E001.pdf","https://www.7-11.com.tw/company/ir/event.html",中文影音檔網址:2912_142_20240924_ch.mp4 英文影音檔網址:2912_142_20240924_en.mp4 ,"相關訊息請參考公開資訊觀測站公司治理專區法說會簡報資料或本公司網站","查詢"
"2912","統一超","113/09/24","09:00","W Hotel","113年度第二季度營運財務狀況報告及未來營運展望說明","291220240827M001.pdf","291220240827E001.pdf","https://www.7-11.com.tw/company/ir/event.html","","相關訊息請參考公開資訊觀測站公司治理專區法說會簡報資料或本公司網站","查詢"
"2912","統一超","113/12/23","14:00","線上法人說明會","113年度第三季度營運財務狀況報告及未來營運展望說明","291220241122M001.pdf","291220241122E001.pdf","https://www.7-11.com.tw/company/ir/event.html",中文影音檔網址:2912_144_20241223_ch.mp4 英文影音檔網址:2912_144_20241223_en.mp4 ,"相關訊息請參考公開資訊觀測站公司治理專區法說會簡報資料或本公司網站","查詢"
"2913","農林","113/04/24","14:00","線上法說會(台灣)","本公司受邀參加寬量國際主辦之「15th Taiwan CEO Week」，向投資人說明本公司之營運概況、財務及業務相關資訊。","291320240423M001.pdf","291320240423E001.pdf","www.ttch.com.tw",中文影音檔網址:2913_12_20240424_ch.mp4 ,"法人說明會開會前會將相關簡報資料輸入公開資訊觀測站。","查詢"
"2913","農林","113/10/31","10:10","線上法說會(台灣)","本公司受邀參加寬量國際主辦之「16th QIC CEO Week」，向投資人說明本公司之營運概況、財務及業務相關資訊。","291320241030M001.pptx","291320241030E001.pptx","http://www.ttch.com.tw",中文影音檔網址:2913_13_20241031_ch.mp4 ,"法人說明會開會前會將相關簡報資料輸入公開資訊觀測站。","查詢"
"2915","潤泰全","113/07/23","14:30","臺灣證券交易所1樓資訊展示中心(台北市信義路五段7號)","說明本公司營運概況及未來展望","291520240723M001.pdf","291520240723E001.pdf","https://www.ruentex.com.tw/financial/Financial_cn.htm",法說會影音連結資訊:https://webpro.twse.com.tw/WebPortal/vod/101/A1254962C130-4DF6E2F3-48C4-11EF-8145/?categoryId=101 ,"無","查詢"
"2915","潤泰全","113/12/17","14:30","臺灣證券交易所1樓資訊展示中心(台北市信義路五段7號)","說明本公司營運概況及未來展望","291520241217M001.pdf","291520241217E001.pdf","https://www.ruentex.com.tw/financial/Financial_cn.htm",法說會影音連結資訊:https://webpro.twse.com.tw/webportal/vod/101/75E2F8ECF7EB-B15E09C2-BC45-11EF-AD04/?categoryId=101 ,"無","查詢"
"2923","鼎固-KY","113/12/11","14:20","線上法說會","本公司受邀參加凱基證券舉辦之線上法人說明會，說明本公司營運概況。","292320241211M001.pdf","292320241211E001.pdf","https://www.sinohorizon.tw/investors/road-show",中文影音檔網址:2923_19_20241211_ch.mp4 ,"無","查詢"
"2929","淘帝-KY","113/11/27","14:00","華南永昌證券5F 500多媒體會議室(台北市民生東路四段54號5F)","本公司受華南證券邀請舉辦法人說明會","292920241127M001.pdf","292920241127E001.pdf","http://www.topbi.com.tw/",法說會影音連結資訊:https://youtu.be/IQNdO4JOBmM ,"無","查詢"
"2939","永邑-KY","113/12/05","15:30","臺灣證券交易所(101大樓)1樓資訊展示中心
(台北市信義區信義路5段7號)","本公司受邀參加台灣證券交易所舉辦之113年第4季第一上市公司及創新板公司法人說明會","293920241204M001.pptx","293920241204E001.pptx","http://www.vitafoss.com/tc/index.php",同步收看網址：:https://webpro.twse.com.tw/webportal/?liveChannelId=1 法說會影音連結資訊:https://webpro.twse.com.tw/webportal/vod/101/DD82882FEA3C-52F88952-B2E1-11EF-9A37/?categoryId=101 ,"無","查詢"
"2945","三商家購","113/05/15","14:30","線上法說會","公司營運概況說明","294520240515M001.pdf","294520240515E001.pdf","https://www.simplemartretail.com/",中文影音檔網址:2945_11_20240515_ch.mp4 ,"線上法人說明會報名網址：https://simplemart.surveycake.biz/s/Mveqa","查詢"
"2945","三商家購","113/11/13","14:30","線上法說會","公司營運概況說明","294520241113M001.pdf","294520241113E001.pdf","https://www.simplemartretail.com/",中文影音檔網址:2945_13_20241113_ch.mp4 ,"線上法人說明會報名網址：https://simplemart.surveycake.biz/s/zw9vB","查詢"
"2945","三商家購","113/03/19","14:30","台北市大安區信義路四段236號7樓(702會議室)","本公司受邀參加宏遠證券舉辦之法人說明會，將於會中說明公司營運近況及未來展望。","294520240319M001.pdf","294520240319E001.pdf","https://www.simplemartretail.com/",法說會影音連結資訊:https://www.youtube.com/watch?v=EQJsVhOz-Xg ,"完整財務業務資訊請至公開資訊觀測站之法人說明會一覽表或法說會項目下查閱","查詢"
"2945","三商家購","113/08/14","14:30","線上法說會","公司營運概況說明","294520240814M001.pdf","294520240814E001.pdf","https://www.simplemartretail.com/",中文影音檔網址:2945_12_20240814_ch.mp4 ,"線上法人說明會報名網址：https://simplemart.surveycake.biz/s/6RGpv","查詢"
"3002","歐格","113/12/18","16:00","臺灣證券交易所資訊展示中心
(台北市信義區信義路5段7號1樓)","公司簡介與營運、財務報告","300220241218M001.pdf","300220241218E001.pdf","https://www.ahoku.com.tw/zh-TW/page/Important-Information-Announcement.html",法說會影音連結資訊:https://webpro.twse.com.tw/webportal/vod/101/395B3EFB8E76-A5C6928E-BD1D-11EF-BD5E/?categoryId=101 ,"無","查詢"
"3003","健和興","113/11/28","14:30","線上法人說明會","本公司受邀參加由凱基證券舉辦之線上法人說明會","300320241127M001.pdf","300320241127E001.pdf","https://ksterminals.com/zh-hant/",法說會影音連結資訊:https://youtu.be/-qXqvyfeczw ,"無","查詢"
"3004","豐達科","113/11/22","14:00","台北市南港區南港路一段209號B棟國際會議廳","本公司受凱基證券邀請，參加其舉辦之國內法人說明會，針對本公司市場趨勢及營運概況等相關資訊做說明。","300420241122M001.pdf","300420241122E001.pdf","https://www.nafco.com.tw/",中文影音檔網址:3004_8_20241122_ch.mp4 ,"無","查詢"
"3005","神基","113/03/01","14:30","台北市南港區南港路一段209號B棟國際會議廳","本公司受凱基證券邀請，參加其舉辦之國內法人說明會，於會中就已公開發佈之財務數字、經營績效等相關資訊做說明。","300520240229M001.pdf","300520240229E001.pdf","http://tw.getacgroup.com/investors/calendar.php",中文影音檔網址:3005_50_20240301_ch.mp4 ,"無。","查詢"
"3005","神基","113/05/17","14:30","台北市南港區南港路一段209號B棟1樓 國際會議廳","本公司受元大證券邀請，參加其舉辦之國內法人說明會，於會中就已公開發佈之財務數字、經營績效等相關資訊做說明。","300520240516M001.pdf","300520240516E001.pdf","http://tw.getacgroup.com/investors/calendar.php",中文影音檔網址:3005_51_20240517_ch.mp4 ,"無。","查詢"
"3005","神基","113/08/20","14:30","台北市中正區寶慶路69號4樓會議室(元大證券西門分公司)","本公司受元大證券邀請，參加其舉辦之國內法人說明會，於會中就已公開發佈之財務數字、經營績效等相關資訊做說明。","300520240819M001.pdf","300520240819E001.pdf","http://tw.getacgroup.com/investors/calendar.php","","無。","查詢"
"3005","神基","113/11/15","14:30","台北市南港區南港路一段209號B棟國際會議廳","本公司受凱基證券邀請，參加其舉辦之國內法人說明會，於會中就已公開發佈之財務數字、經營績效等相關資訊做說明。","300520241114M001.pdf","300520241114E001.pdf","http://tw.getacgroup.com/investors/calendar.php","","無。","查詢"
"3005","神基","113/12/04","13:30","台北晶華酒店4樓(台北市中山區中山北路二段39巷3號)","本公司受元大證券邀請，參加其舉辦之國內2024年元大證券第四季投資論壇，於會中就已公開發佈之財務數字、經營績效等相關資訊做說明。","300520241202M001.pdf","300520241202E001.pdf","http://tw.getacgroup.com/investors/calendar.php","","無。","查詢"
"3005","神基","113/09/24","10:30","台北茹曦酒店2F會議廳(台北市松山區敦化北路100號)","本公司受群益金鼎證券邀請，參加其舉辦之2024第三季投資論壇，於會中就已公開發佈之財務數字、經營績效等相關資訊做說明。","300520240819M001.pdf","300520240819E001.pdf","http://tw.getacgroup.com/investors/calendar.php","","無。","查詢"
"3006","晶豪科","113/11/18","14:30","台北市中山區明水路700號12樓（凱基證券會議室）","公司營運近況暨未來展望","300620241118M001.pdf","300620241118E001.pdf","http://www.esmt.com.tw",法說會影音連結資訊:https://youtu.be/VMZOy5-i85I ,"無","查詢"
"3006","晶豪科","113/03/14","14:00","台北市信義路四段236號7樓(宏遠證券股份有限公司)","公司營運近況暨未來展望","300620240314M001.pdf","300620240314E001.pdf","http://www.esmt.com.tw",法說會影音連結資訊:https://youtu.be/eczrXDyfseY ,"無","查詢"
"3008","大立光","113/02/20","11:00","台北君悅酒店","本公司受邀參加摩根大通證券舉辦之法人說明會","300820240111M001.pdf","300820240111E001.pdf","","","無","查詢"
"3008","大立光","113/01/11","14:30","線上法說會","112年第四季營運報告及說明113年第一季營運展望","300820240111M001.pdf","300820240111E001.pdf","http://www.largan.com.tw/html/about/invest.php",同步收看網址：:http://www.largan.com.tw/html/about/invest.php 法說會影音連結資訊:http://www.largan.com.tw/html/about/invest.php ,"無","查詢"
"3008","大立光","113/07/11","14:30","線上法說會","113年第二季營運報告及說明113年第三季營運展望","300820240711M001.pdf","300820240711E001.pdf","https://www.largan.com.tw/html/about/invest.php",法說會影音連結資訊:https://www.largan.com.tw/html/about/invest.php ,"無","查詢"
"3008","大立光","113/04/11","14:30","線上法說會","113年第一季營運報告及說明113年第二季營運展望","300820240411M001.pdf","300820240411E001.pdf","http://www.largan.com.tw/html/about/invest.php",法說會影音連結資訊:http://www.largan.com.tw/html/about/invest.php ,"無","查詢"
"3008","大立光","113/09/09 至 113/09/10","09:00","香港君悅酒店","受邀參加由里昂證券所舉辦之法人說明會","300820240711M001.pdf","300820240711E001.pdf","","","無","查詢"
"3008","大立光","113/10/17","14:30","線上法說會","113年第三季營運報告及說明113年第四季營運展望","300820241017M001.pdf","300820241017E001.pdf","https://www.largan.com.tw/html/about/invest.php",法說會影音連結資訊:https://www.largan.com.tw/html/about/invest.php ,"無","查詢"
"3010","華立","113/11/20","10:00","臺北文創6F(台北市信義區菸廠路88號)","本公司受邀參加元富證券所舉辦之「2024冬季投資論壇」，就公司已公開之財務業務資訊做說明","301020241119M001.pdf","301020241119E001.pdf","https://www.wahlee.com","","無","查詢"
"3010","華立","113/01/18","14:00","華南永昌證券會議室(台北市民生東路四段54號)","公司受邀參加華南永昌證券舉辦之法人說明會，就公司已公開之財務業務資訊做說明。","301020240118M001.pdf","301020240118E001.pdf","https://www.wahlee.com","","無","查詢"
"3010","華立","113/04/25","21:00","The Langham Hotel, New York","本公司受邀參加由外資券商LC於美國紐約主辦之法說論壇，
就公司已公開之財務業務資訊做說明。","301020240424M001.pdf","301020240424E001.pdf","https://www.wahlee.com","","無","查詢"
"3010","華立","113/03/06 至 113/03/07","16:20","線上法說會(台灣)","本公司受邀參加由寬量國際主辦之線上法說會
「QIC Semiconductor Day」，就公司已公開之財務業務資訊做說明。","301020240307M001.pdf","301020240307E001.pdf","https://www.wahlee.com","","無","查詢"
"3010","華立","113/06/12","09:30","台北晶華酒店4F","本公司受邀參加由元大證券主辦之投資論壇，
就公司已公開之財務業務資訊做說明。","301020240528M001.pdf","301020240528E001.pdf","https://www.wahlee.com",法說會影音連結資訊:https://youtu.be/7vDHCJ8RYf0 ,"無","查詢"
"3010","華立","113/07/09","12:00","台北市南京東路五段188號15樓會議室","本公司受邀參加由國票證券主辦之法人說明會，就公司已公開之財務業務資訊做說明。","301020240708M001.pdf","301020240708E001.pdf","https://www.wahlee.com","","無","查詢"
"3010","華立","113/05/29","11:20","臺北文創-台北市信義區菸廠路88號6F","本公司受邀參加由元富證券主辦之投資論壇，
就公司已公開之財務業務資訊做說明。","301020240528M001.pdf","301020240528E001.pdf","https://www.wahlee.com",法說會影音連結資訊:https://youtu.be/xu6gjHp3Jd8 ,"無","查詢"
"3011","今皓","113/12/30","14:00","線上法人說明會–Webex","本公司受邀參加福邦證券舉辦之法人說明會，為各界先進說明公司營運成果及未來展望","301120241230M001.pdf","301120241230E001.pdf","https://www.jh.com.tw/tqzirf-100-102-157-page260",法說會影音連結資訊:https://www.youtube.com/watch?v=-S2897htoy8 ,"無","查詢"
"3013","晟銘電","113/10/17","14:30","南港中信金融園區B棟17樓1704會議室(台北市南港區經貿二路188號17樓)","本公司受邀參加中國信託綜合證券舉辦之法人說明會。","301320241017M001.pdf","301320241017E001.pdf","",中文影音檔網址:3013_8_20241017_ch.MP4 ,"無","查詢"
"3014","聯陽","113/03/14","15:10","宏遠證券股份有限公司(台北市大安區信義路四段236號7樓)","本公司受邀參加宏遠證券股份有限公司所舉辦之「2024未來趨勢產業投資論壇」。","301420240307M001.ppt","301420240307E001.ppt","http://www.ite.com.tw/",法說會影音連結資訊:https://www.youtube.com/watch?v=fpCdOeAeNxc ,"無。","查詢"
"3014","聯陽","113/12/05","14:35","台北遠東香格里拉飯店 B1會議室
(台北市大安區敦化南路二段201號)","本公司受邀參加國泰證券所舉辦之「2024年第四季論壇」","301420241121M001.ppt","301420241121E001.ppt","http://www.ite.com.tw/","","無。","查詢"
"3014","聯陽","113/06/07","13:30","台北喜來登大飯店(台北市中正區忠孝東路一段12號)","本公司受邀參加國泰證券所舉辦之「2024年第二季上市櫃企業座談」。","301420240603M001.pdf","301420240603E001.pdf","http://www.ite.com.tw/","","無。","查詢"
"3014","聯陽","113/09/02","14:30","宏遠證券股份有限公司(台北市大安區信義路四段236號7樓)","本公司受邀參加宏遠證券股份有限公司所舉辦之法人說明會。","301420240826M001.ppt","301420240826E001.ppt","http://www.ite.com.tw/",法說會影音連結資訊:https://youtu.be/U1hYtCj6UcE ,"無。","查詢"
"3015","全漢","113/03/26","14:00","桃園市桃園區興隆路7號","本公司受邀參加國泰證券所舉辦之法說會，會中介紹公司之營運與展望","301520240325M001.pdf","301520240325E001.pdf","https://www.fsp-group.com/tw/ShareholderMeeting.html",中文影音檔網址:3015_17_20240326_ch.MP4 ,"無","查詢"
"3015","全漢","113/06/28","14:00","&#29319;亞會議中心6樓E會議室(台北市復興北路99號)","本公司受邀參加&#29319;亞證券所舉辦之法說會，會中介紹公司之營運與展望","301520240627M001.pdf","301520240627E001.pdf","https://www.fsp-group.com/tw/ShareholderMeeting.html","","無","查詢"
"3015","全漢","113/09/27","14:30","線上法說會","本公司受邀參加國泰證券所舉辦之法說會，會中介紹公司之營運與展望","301520240926M003.pdf","301520240926E003.pdf","https://www.fsp-group.com/tw/ShareholderMeeting.html",中文影音檔網址:3015_19_20240927_ch.mp4 ,"無","查詢"
"3015","全漢","113/12/11","14:00","&#29319;亞會議中心15樓CC會議室(台北市復興北路99號)","本公司受邀參加&#29319;亞證券所舉辦之法說會，會中介紹公司之營運與展望","301520241210M001.pdf","301520241210E001.pdf","https://www.fsp-group.com/tw/ShareholderMeeting.html","","無","查詢"
"3016","嘉晶","113/09/11","14:30","KGI凱基證券總部大樓 (台北市明水路700號)","本公司受邀參加凱基證券於113年09月11日舉辦之法人說明會，說明公司營業成果及營運展望。","301620240911M001.pdf","301620240911E001.pdf","http://www.epi.episil.com/",中文影音檔網址:3016_10_20240911_ch.mp4 ,"無","查詢"
"3017","奇鋐","113/04/18","09:00","新加坡高盛證券辦公室","受邀參加臺灣證券交易所與新加坡高盛證券共同舉辦「臺星AI與科技」引資活動","301720240313M001.pdf","301720240313E001.pdf","https://www.avc.co","","無","查詢"
"3017","奇鋐","113/06/04","14:00","台北君悅酒店","受邀參加臺灣證券交易所與香港上海匯豐證券共同舉辦之「HSBC Ⅹ TWSE Taiwan Conference 2024」引資活動。","301720240510M001.pdf","301720240510E001.pdf","https://www.avc.co","","無","查詢"
"3017","奇鋐","113/06/05","14:00","台北市信義路五段106號8F","受邀參加摩根大通舉辦「JPM Group Meeting - Computex Tour」","301720240510M001.pdf","301720240510E001.pdf","https://www.avc.co","","無","查詢"
"3017","奇鋐","113/06/06","14:30","台北晶華酒店(台北市中山北路二段39巷3號)","受邀參加參加永豐金證券舉辦「2024 Q2產業投資論壇」","301720240510M001.pdf","301720240510E001.pdf","https://www.avc.co","","無","查詢"
"3017","奇鋐","113/06/06","16:30","台北遠東香格里拉大飯店 (台北市敦化南路二段 201 號)","受邀參加富邦證券舉辦「Computex Tech Trip group meeting」","301720240510M001.pdf","301720240510E001.pdf","https://www.avc.co","","無","查詢"
"3017","奇鋐","113/06/05","10:00","台北W飯店 (台北市信義路五段10號)","受邀參加花旗證券舉辦「Citi’s 2024 Taiwan Tech Conference」","301720240510M001.pdf","301720240510E001.pdf","https://www.avc.co","","無","查詢"
"3017","奇鋐","113/03/13","14:30","富邦國際會議中心 (台北市敦化南路一段108號B2)","受邀參加富邦證券法人說明會，說明112年度營運結果。","301720240313M001.pdf","301720240313E001.pdf","https://www.avc.co",法說會影音連結資訊:https://youtu.be/7yx0f1yzq3I ,"無","查詢"
"3017","奇鋐","113/05/17","09:30","線上法人說明會","受邀參加摩根大通舉辦線上法說會","301720240510M001.pdf","301720240510E001.pdf","https://www.avc.co","","無","查詢"
"3017","奇鋐","113/05/20","16:00","線上法說會","受邀參加臺灣證券交易所與永豐金證券共同舉辦線上之SinoPac x TWSE Taiwan Corporate Day 2024。","301720240510M001.pdf","301720240510E001.pdf","https://www.avc.co","","無","查詢"
"3017","奇鋐","113/05/22","15:00","線上法說會","本公司受邀參加元大證券舉辦韓國區域投資論壇","301720240510M001.pdf","301720240510E001.pdf","https://www.avc.co","","無","查詢"
"3017","奇鋐","113/05/31","15:30","瑞銀台北辦公室
(台北市信義區松仁路7號5F)","受邀參加瑞銀台灣舉辦AI Focused Corporate Day","301720240510M001.pdf","301720240510E001.pdf","https://www.avc.co","","無","查詢"
"3017","奇鋐","113/05/10","14:30","富邦國際會議中心 (台北市敦化南路一段108號B2)","受邀參加富邦證券法人說明會，說明113年第一季營運結果。","301720240510M001.pdf","301720240510E001.pdf","https://www.avc.co",法說會影音連結資訊:https://youtu.be/fkg29fo2yzw ,"無","查詢"
"3017","奇鋐","113/05/10","16:30","線上法人說明會","受邀參加麥格理法人說明會，說明113年第一季營運結果。","301720240510M002.pdf","301720240510E002.pdf","https://www.avc.co","","無","查詢"
"3017","奇鋐","113/03/15","09:00","線上法說會","受邀參加UBS線上法人說明會，說明112年度營運結果。","301720240313M002.pdf","301720240313E002.pdf","https://www.avc.co","","無","查詢"
"3017","奇鋐","113/08/09","14:00","台北市大安區敦化南路一段108號B2(富邦國際會議中心)","受邀參加富邦證券法人說明會，說明113年第二季營運結果。","301720240809M001.pdf","301720240809E001.pdf","https://www.avc.co",法說會影音連結資訊:https://youtu.be/gmvsuES4AOY ,"無","查詢"
"3017","奇鋐","113/12/11","13:30","台北晶華酒店(台北市中山北路二段39巷3號)","受邀參加永豐金證券「2024 Q4產業投資論壇」","301720241211M001.pdf","301720241211E001.pdf","https://www.avc.co","","無","查詢"
"3018","隆銘綠能","113/12/25","14:00","線上法人說明會","本公司受邀參加統一綜合證券舉辦之線上法人說明會，報告本公司營運狀況","301820241225M001.pdf","301820241225E001.pdf","https://www.lmgte.com.tw",中文影音檔網址:3018_10_20241225_ch.mp4 ,"無","查詢"
"3019","亞光","113/05/08","14:00","線上法人說明會","歡迎投資人至https://www.asia-optical.com/投資人專區/發言人專欄，點選法人說明會","301920240508M001.pdf","301920240508E001.pdf","https://www.asia-optical.com/",中文影音檔網址:3019_20_20240508_ch.mp4 ,"簡報內容檔案於當日會後公告於公開資訊觀測站","查詢"
"3019","亞光","113/08/09","14:00","線上法人說明會","歡迎投資人至https://www.asia-optical.com/投資人專區/發言人專欄，點選法人說明會","301920240809M001.pdf","301920240809E001.pdf","https://www.asia-optical.com/",中文影音檔網址:3019_21_20240809_ch.mp4 ,"簡報內容檔案於當日會後公告於公開資訊觀測站。","查詢"
"3021","鴻名","113/11/20","14:30","福邦證券總公司14樓(台北市忠孝西路一段6號14樓)","公司簡介及營運概況說明","302120241120M001.pdf","302120241120E001.pdf","",中文影音檔網址:3021_12_20241120_ch.mp4 ,"無","查詢"
"3021","鴻名","113/04/15","14:30","福邦證券總公司7樓(台北市忠孝西路一段6號7樓)","公司簡介及營運概況說明","302120240415M001.pdf","302120240415E001.pdf","",中文影音檔網址:3021_11_20240415_ch.MP4 ,"無","查詢"
"3022","威強電","113/11/22","14:30","新北市汐止區中興路29號6樓(本公司教育訓練中心)","說明本公司2024年第三季營運成果及未來展望","302220241122M001.pdf","302220241122E001.pdf","https://www.ieiworld.com/tw/finance/con_show.php?op=showone&amp;cid=54",中文影音檔網址:3022_23_20241122_ch.MP4 ,"欲參加者請事前線上報名，報名連結：https://forms.gle/UmWDQwhH7CpVvUq27","查詢"
"3022","威強電","113/03/22","14:30","新北市汐止區中興路29號6樓(本公司教育訓練中心)","說明本公司2023年度營運成果及未來展望。","302220240322M001.pdf","302220240322E001.pdf","https://www.ieiworld.com/tw/finance/con_show.php?op=showone&amp;cid=54",中文影音檔網址:3022_21_20240322_ch.mp4 ,"欲參加者請事前線上報名，報名連結：https://forms.gle/QNj3vRLbqGGFXbTh7","查詢"
"3022","威強電","113/08/16","14:30","新北市汐止區中興路29號6樓(本公司教育訓練中心)","說明本公司2024年上半年營運成果及未來展望","302220240816M001.pdf","302220240816E001.pdf","https://www.ieiworld.com/tw/finance/con_show.php?op=showone&amp;cid=54",中文影音檔網址:3022_22_20240816_ch.MP4 ,"欲參加者請事前線上報名，報名連結：https://forms.gle/igxVexsXWgD3xeH78","查詢"
"3023","信邦","113/11/14","09:00","台北香格里拉遠東大酒店(台北市大安區敦化南路二段201號)","公告本公司受邀參加CLST Taiwan Market Mover 2025 Access Day","302320241106M001.pdf","302320241106E001.pdf","https://www.sinbon.com/tw/business-overview",中文影音檔網址:3023_59_20241114_ch.mp4 ,"無","查詢"
"3023","信邦","113/11/26","09:00","台北香格里拉遠東大酒店(台北市大安區敦化南路二段201號)","公告本公司受邀參加Citi所舉辦2024 Taiwan Corporate Day","302320241106M001.pdf","302320241106E001.pdf","https://www.sinbon.com/tw/business-overview","","無","查詢"
"3023","信邦","113/12/11","14:00","台北市大安區金華街187號-政大公企中心二樓","對外說明本公司營運狀況","302320241211M001.pdf","302320241211E001.pdf","https://www.sinbon.com/tw/business-overview",法說會影音連結資訊:https://webpro.twse.com.tw/WebPortal/vod/101/C14A972E7450-8D40351B-B795-11EF-AABC/?categoryId=101 ,"採事前預約制,報名請回填問卷https://forms.office.com/r/dmrqMjGBvt","查詢"
"3023","信邦","113/03/20","09:00","Grand Hyatt Taipei","公告本公司受邀參加BofA Securities所舉辦2024 APAC TMT Conference","302320240312M001.pdf","302320240312E001.pdf","https://www.sinbon.com/tw/business-overview","","無","查詢"
"3023","信邦","113/05/28","09:00","Four Seasons Hotel Hong Kong","公告本公司受邀參加UBS所舉辦Asian Investment Conference 2024","302320240527M001.pdf","302320240527E001.pdf","https://www.sinbon.com/tw/business-overview","","無","查詢"
"3023","信邦","113/06/05","09:00","W Hotel Taipei, 10 Zhongxiao East Rd Sec 5 Taipei, Taiwan 110, Taipei","公告本公司受邀參加Citi所舉辦2024 Taiwan Tech Conference","302320240527M001.pdf","302320240527E001.pdf","https://www.sinbon.com/tw/business-overview","","無","查詢"
"3023","信邦","113/09/25","09:00","W Hotel Taipei","公告本公司受邀參加UBS所舉辦Taiwan Summit 2024","302320240919M001.pdf","302320240919E001.pdf","https://www.sinbon.com/tw/business-overview","","無","查詢"
"3024","憶聲","113/12/23","15:00","線上法說會","本公司受邀參加元大證券舉辦線上法說會，報告本公司營運狀況。","302420241223M001.pdf","302420241223E001.pdf","",中文影音檔網址:3024_9_20241223_ch.mp4 ,"無","查詢"
"3025","星通","113/11/21","15:00","線上法說會","本公司受邀參加元大證券舉辦之線上法說會,報告本公司營運狀況","302520241121M002.pptx","302520241121E002.pptx","",法說會影音連結資訊:https://www.youtube.com/watch?v=u-m3tGgm7kQ ,"無","查詢"
"3026","禾伸堂","113/11/20","14:30","線上法人說明會","本公司受邀參加兆豐證券舉辦之線上法人說明會，說明近期營運概況。","302620241120M001.pdf","302620241120E001.pdf","http://www.holystone.com.tw",中文影音檔網址:3026_30_20241120_ch.mp4 ,"無","查詢"
"3026","禾伸堂","113/06/13","14:00","線上法人說明會","本公司受邀參加統一證券舉辦之線上法人說明會，說明近期營運概況。","302620240613M001.pdf","302620240613E001.pdf","http://www.holystone.com.tw","","無","查詢"
"3026","禾伸堂","113/03/27","14:00","線上法人說明會","本公司受邀參加兆豐證券舉辦之線上法人說明會，說明近期營運概況","302620240327M001.pdf","302620240327E001.pdf","http://www.holystone.com.tw","","無","查詢"
"3026","禾伸堂","113/08/29","16:00","線上法人說明會。","本公司受邀參加兆豐證券舉辦之線上法人說明會，說明近期營運概況。","302620240829M001.pdf","302620240829E001.pdf","http://www.holystone.com.tw",中文影音檔網址:3026_29_20240829_ch.mp4 ,"無。","查詢"
"3027","盛達","113/04/15 至 113/04/16","14:00","新加坡 Fullerton Hotel","本公司受邀參加113年4月15日至113年4月16日由寬量國際主辦之「15th Taiwan CEO Week」，說明本公司之營運概況、財務及業務相關資訊。","302720240412M001.pdf","302720240412E001.pdf","https://www.esg.billion.com/investor/news",法說會影音連結資訊:未輸 ,"無","查詢"
"3027","盛達","113/03/29","14:30","報名網址：http://tiny.cc/240329","本公司受邀參加國泰綜合證券舉辦之線上法人說明會，簡報本公司營運概況","302720240327M001.pdf","302720240327E001.pdf","https://www.esg.billion.com/investor/news",法說會影音連結資訊:https://youtu.be/NYBkKgg_Lmc ,"無","查詢"
"3027","盛達","113/08/20 至 113/08/22","14:00","報名網址: https://reurl.cc/E6r751","本公司受邀參加寬量國際主辦之線上法說會「半導體供應鏈與再生能源線上投資論壇」，向投資人說明本公司之營運概況、財務及業務相關資訊。","302720240819M002.pdf","302720240819E002.pdf","https://www.esg.billion.com/investor/news",法說會影音連結資訊:未輸 ,"無","查詢"
"3027","盛達","113/12/30","16:00","臺灣證券交易所一樓資訊展示中心(台北市信義區信義路五段7號1 樓)","簡報營運概況","302720241229M001.pdf","302720241229E001.pdf","https://www.esg.billion.com/investor/news#conference",法說會影音連結資訊:https://www.youtube.com/watch?v=sn_xOS80sn8 ,"15:50 報到 ，16:00 法說會開始。","查詢"
"3028","增你強","113/11/28","14:30","線上法說會","本公司受邀參加元大證券舉辦之線上法人說明會，說明113年第三季營運成果及未來營運展望。","302820241128M001.pdf","302820241128E001.pdf","https://reurl.cc/rvzeyE",法說會影音連結資訊:https://www.youtube.com/watch?v=72M5dDwi9eY ,"無","查詢"
"3029","零壹","113/11/26","15:00","線上法人說明會-Webex","本公司受邀參加凱基證券舉辦線上法人說明會，向投資人說明公司營運概況。","302920241126M001.pdf","302920241126E001.pdf","",中文影音檔網址:3029_12_20241126_ch.mp4 ,"無","查詢"
"3029","零壹","113/06/12","15:00","線上法人說明會-Webex","本公司受邀參加凱基證券舉辦線上法人說明會，向投資人說明公司營運概況。","302920240612M001.pdf","302920240612E001.pdf","",中文影音檔網址:3029_11_20240612_ch.mp4 ,"無","查詢"
"3030","德律","113/05/16","14:00","線上法說會","本公司受邀參加兆豐證券舉辦之線上法說會，將於會中就已公開之財務及業務等相關資訊做說明。","303020240515M001.pdf","303020240515E001.pdf","https://www.tri.com.tw/",法說會影音連結資訊:https://www.youtube.com/watch?v=ZFstRlxeVBs ,"報名網址：https://reurl.cc/jWkxam","查詢"
"3030","德律","113/11/22","14:00","線上法說會","本公司受邀參加兆豐證券舉辦之線上法說會，將於會中就已公開之財務及業務等相關資訊做說明。","303020241128M001.pdf","303020241128E001.pdf","https://www.tri.com.tw/",法說會影音連結資訊:https://www.youtube.com/watch?v=hTYeQhuLXxk ,"報名網址：https://reurl.cc/oykrZQ","查詢"
"3031","佰鴻","113/09/30","14:00","會議連結： https://ctbcsec.webex.com/meet/annie.ho
會議號碼：184 370 0817","本公司受邀參加中國信託綜合證券(股)法人說明會，說明本公司營運概況。","303120240930M001.pdf","303120240930E001.pdf","https://www.brtled.com",中文影音檔網址:3031_10_20240930_ch.mp4 ,"無","查詢"
"3032","偉訓","113/12/11","14:00","線上法人說明會","公司簡介及營運概況說明","303220241211M002.pdf","303220241211E002.pdf","https://www.hec-group.com.tw/index.php?id=100&amp;L=1",中文影音檔網址:3032_8_20241211_ch.mp4 ,"無","查詢"
"3033","威健","113/05/28","14:00","台北巿內湖路一段308號11樓(810會議室)","(1)機構投資者所指定之參加人員，請於113年5月27日12:00之前完成線上報名。報名網址: https://www.weikeng.com.tw/conference.php。 (2)本次法人說明會之邀請對象以法人投資機構為主；至於個人投資者，煩請透過台灣證券交易所網站(https://webpro.twse.com.tw/webportal/vod/101/?categoryId=101)或本公司網站(https://www.weikeng.com.tw/conference.php)收看&quot;法人說明會&quot;會後實況。 (3)基於環保政策，會議前將不發放書面資料，參加者請在113年5月27日12:00之後，從本公司網站(https://www.weikeng.com.tw/conference.php)下載書面資料參閱。","303320240527M001.pdf","303320240527E001.pdf","https://www.weikeng.com.tw/conference.php",法說會影音連結資訊:https://www.weikeng.com.tw/files/EC/2024_q1.mp4 (請輸入網址名稱(註)):未輸 ,"無","查詢"
"3033","威健","113/11/15","14:00","台北巿內湖路一段308號11樓(810會議室)","(1)機構投資者所指定之參加人員，請於113年11月14日12:00之前完成線上報名。報名網址:
https://www.weikeng.com.tw/conference.php。
(2)本次法人說明會之邀請對象以法人投資機構為主；至於個人投資者，煩請透過台灣證券交易所網站
(https://mops.twse.com.tw/mops/web/t100sb07_1或本公司網站(https://www.weikeng.com.tw/conference.php)收看&quot;法人說明會&quot;會後實況。
(3)基於環保政策，會議前將不發放書面資料，參加者請在113年11月14日12:00之後，從本公司網站(
https://www.weikeng.com.tw/conference.php)下載書面資料參閱。","303320241114M002.pdf","303320241114E002.pdf","https://www.weikeng.com.tw/conference.php",法說會影音連結資訊:https://www.weikeng.com.tw/files/EC/2024_q3.mp4 ,"無","查詢"
"3034","聯詠","113/02/20","10:00","台北君悅大飯店","受邀參加由JPMorgan所舉辦&quot;TAIWAN CEO-CFO Conference 2024&quot;，就112年第4季營運績效等相關資訊作說明。","303420240206M001.pdf","303420240206E001.pdf","www.novatek.com.tw",法說會影音連結資訊:https://www.youtube.com/watch?v=IoSP2ybpQwY ,"本次會議以一對一方式進行。","查詢"
"3034","聯詠","113/02/06","15:00","網路直播","本公司一一二年第四季自結數合併財務報告及一一三年第一季業績展望。法說會將於15:00進行網路直播，請連結至以下網址 http://www.zucast.com/webcast/tSv1Citq 建議參與者於法說會前安裝或升級所需播放軟體，或至 http://www.zucast.com/help 尋求技術支援。","303420240206M001.pdf","303420240206E001.pdf","www.novatek.com.tw",同步收看網址：:http://www.zucast.com/webcast/tSv1Citq 法說會影音連結資訊:https://www.youtube.com/watch?v=ctltL6rLX_o ,"無。","查詢"
"3034","聯詠","113/11/25","14:00","台北- Far Eastern Hotel","受邀參加由花旗證券所舉辦&quot;Citi&#039;s 2024 Taiwan Corporate Day&quot;，就113年第3季營運績效等相關資訊作說明。","303420241106M001.pdf","303420241106E001.pdf","www.novatek.com.tw","","本次會議以一對一方式進行。","查詢"
"3034","聯詠","113/11/19","09:00","Island Shangri-La Hong Kong","受邀參加由JPMorgan所舉辦&quot;J.P. Morgan 12th Global TMT Conference in Asia&quot;，就113年第3季營運績效等相關資訊作說明。","303420241106M001.pdf","303420241106E001.pdf","www.novatek.com.tw","","本次會議以一對一方式進行。","查詢"
"3034","聯詠","113/05/07","15:00","網路直播","本公司一一三年第一季合併財務報告及第二季業績展望。法說會將於15:00進行網路直播，請連結至以下網址   http://www.zucast.com/webcast/ycH2cfCX 建議參與者於法說會前安裝或升級所需播放軟體，或至 http://www.zucast.com/help 尋求技術支援。","303420240507M001.pdf","303420240507E001.pdf","www.novatek.com.tw",同步收看網址：:http://www.zucast.com/webcast/ycH2cfCX 法說會影音連結資訊:https://www.youtube.com/watch?v=f4EyoGUzTUc ,"無。","查詢"
"3034","聯詠","113/03/04","14:00","台北- W HOTEL","受邀參加由花旗證券所舉辦&quot;Citi Taiwan Corporate Day&quot;，就112年第4季營運績效等相關資訊作說明。","303420240206M001.pdf","303420240206E001.pdf","www.novatek.com.tw","","本次會議以一對一方式進行。","查詢"
"3034","聯詠","113/03/21","13:00","台北君悅大飯店","受邀參加由美銀證券所舉辦&quot;2024 APAC TMT CONFERENCE&quot;，就112年第4季營運績效等相關資訊作說明。","303420240206M001.pdf","303420240206E001.pdf","www.novatek.com.tw","","本次會議以一對一方式進行。","查詢"
"3034","聯詠","113/06/07","14:00","台北- W HOTEL","受邀參加由花旗證券所舉辦&quot;Citi&#039;s 2024 Taiwan Tech Conference&quot;，就113年第1季營運績效等相關資訊作說明。","303420240507M001.pdf","303420240507E001.pdf","www.novatek.com.tw","","本次會議以一對一方式進行。","查詢"
"3034","聯詠","113/08/06","15:00","網路直播","本公司一一三年第二季合併財務報告及第三季業績展望。法說會將於15:00進行網路直播，請連結至以下網址 https://www.zucast.com/event/XtfVWqnW/subscribe/create 建議參與者於法說會前安裝或升級所需播放軟體，或至 http://www.zucast.com/help 尋求技術支援。","303420240806M001.pdf","303420240806E001.pdf","www.novatek.com.tw",同步收看網址：:https://www.zucast.com/event/XtfVWqnW/subscribe/create 法說會影音連結資訊:https://www.youtube.com/watch?v=kALsVQmUcWs ,"無。","查詢"
"3034","聯詠","113/11/06","15:00","網路直播","本公司一一三年第三季合併財務報告及第四季業績展望。法說會將於15:00進行網路直播，請連結至以下網址 https://www.zucast.com/event/88o7aor8/subscribe/create 建議參與者於法說會前安裝或升級所需播放軟體，或至 http://www.zucast.com/help 尋求技術支援。","303420241106M001.pdf","303420241106E001.pdf","www.novatek.com.tw",同步收看網址：:https://www.zucast.com/event/88o7aor8/subscribe/create 法說會影音連結資訊:https://www.youtube.com/watch?v=lfVCdAxf9Og ,"無。","查詢"
"3034","聯詠","113/09/23","14:00","台北- W HOTEL","受邀參加由瑞銀證券所舉辦&quot;UBS Taiwan Summit&quot;，就113年第2季營運績效等相關資訊作說明。","303420240806M001.pdf","303420240806E001.pdf","www.novatek.com.tw","","本次會議以一對一方式進行。","查詢"
"3034","聯詠","113/09/10","09:00","Grand Hyatt Hong Kong","受邀參加由里昂證券所舉辦&quot;31st CITIC CLSA Investors&#039; Forum&quot;，就113年第2季營運績效等相關資訊作說明。","303420240806M001.pdf","303420240806E001.pdf","www.novatek.com.tw","","本次會議以一對一方式進行。","查詢"
"3035","智原","113/02/20","14:30","線上法說會","112年第四季線上法人說明會","303520240220M001.pdf","303520240220E001.pdf","https://www.faraday-tech.com/tw/content/IR/InvestorConference",同步收看網址：:https://www.faraday-tech.com/tw/content/IR/InvestorConference 法說會影音連結資訊:https://wms.gridow.com/ir/faraday-tech/faraday_2023Q4.html ,"無","查詢"
"3035","智原","113/11/12 至 113/11/27","09:00","The Lotte New York Palace, Island Shangri-La,Hong Kong,台北文創,台北遠東香格里拉","本公司受邀參加113/11/12~11/13「HSBC 13th Annual Asia Investor Forum」、113/11/15「Daiwa Investment Conference 2024」、113/11/20元富證券舉辦之「2024冬季投資論壇」、113/11/26「Citi Taiwan Corporate Day」、113/11/26-11/27「Bank of America 2024 Asia Internet &amp; AI Conference」","303520241029M001.pdf","303520241029E001.pdf","https://www.faraday-tech.com/tw/content/IR/InvestorConference","","無","查詢"
"3035","智原","113/03/05 至 113/03/21","09:00","台北W Hotel,台北宏遠證券,台北君悅酒店,香港君悅酒店","本公司受邀參加113/03/05「Citi&#039;s Taiwan Corporate Day 2024」、113/03/13「宏遠證券2024年未來趨勢產業投資論壇」、113/03/20「Bank of America 2024 APAC TMT Conference」、113/03/20~113/03/21「Jefferies 5th Asia Forum」","303520240220M001.pdf","303520240220E001.pdf","https://www.faraday-tech.com/tw/content/IR/InvestorConference","","無","查詢"
"3035","智原","113/06/04 至 113/06/06","09:00","台北君悅酒店,台北W飯店","本公司受邀參加113/6/4「HSBC X TWSE Taiwan Conference 2024」、113/6/6「Citi&#039;s 2024 Taiwan Tech Conference」","303520240423M001.pdf","303520240423E001.pdf","https://www.faraday-tech.com/tw/content/IR/InvestorConference","","無","查詢"
"3035","智原","113/04/23","14:30","線上法說會","113年第一季線上法人說明會","303520240423M001.pdf","303520240423E001.pdf","https://www.faraday-tech.com/tw/content/IR/InvestorConference",同步收看網址：:https://www.faraday-tech.com/tw/content/IR/InvestorConference 法說會影音連結資訊:https://wms.gridow.com/ir/faraday-tech/faraday_2024Q1.html ,"無","查詢"
"3035","智原","113/07/30","14:30","線上法說會","113年第二季線上法人說明會","303520240730M001.pdf","303520240730E001.pdf","https://www.faraday-tech.com/tw/content/IR/InvestorConference",同步收看網址：:https://www.faraday-tech.com/tw/content/IR/InvestorConference 法說會影音連結資訊:https://wms.gridow.com/ir/faraday-tech/faraday_2024Q2.html ,"無","查詢"
"3035","智原","113/09/04","09:00","Grand Hyatt Taipei, Taipei","本公司受邀參加Goldman Sachs Taiwan Corporate Day 2024","303520240730M001.pdf","303520240730E001.pdf","https://www.faraday-tech.com/tw/content/IR/InvestorConference","","無","查詢"
"3035","智原","113/06/04 至 113/06/06","09:00","台北君悅酒店,台北W飯店","本公司受邀參加113/6/4「HSBC X TWSE Taiwan Conference 2024」、113/6/6「Citi","303520240423M001.pdf","303520240423E001.pdf","https://www.faraday-tech.com/tw/content/IR/InvestorConference","","無","查詢"
"3035","智原","113/09/24","09:00","W Hotel Taipei, Taipei","本公司受邀參加 UBS Taiwan Summit 2024","303520240730M001.pdf","303520240730E001.pdf","https://www.faraday-tech.com/tw/content/IR/InvestorConference","","無","查詢"
"3035","智原","113/10/29","14:30","線上法說會","113年第三季線上法人說明會","303520241029M001.pdf","303520241029E001.pdf","https://www.faraday-tech.com/tw/content/IR/InvestorConference",同步收看網址：:https://www.faraday-tech.com/tw/content/IR/InvestorConference 法說會影音連結資訊:https://wms.gridow.com/ir/faraday-tech/faraday_2024Q3.html ,"無","查詢"
"3035","智原","113/11/12 至 113/11/27","09:00","The Lotte New York Place,Island Shangri-La, Hong Kong,台北文創,台北遠東香格里拉","本公司受邀參加機構投資人說明會","303520241029M001.pdf","303520241029E001.pdf","https://www.faraday-tech.com/tw/content/IR/InvestorConference",法說會影音連結資訊:https://webpro.twse.com.tw/WebPortal/vod/101/91803EB7B0ED-667DC5CA-A6FD-11EF-85C5/?categoryId=101 ,"無","查詢"
"3036","文曄","113/05/07","14:00","線上法說會","本公司受邀參加兆豐證券於113年5月7日舉辦之線上法人說明會，向投資人說明113年第1季營業成果及未來營運展望","303620240507M001.pdf","303620240507E001.pdf","https://www.wtmec.com/investor-relations/financials/quarterly-results/",法說會影音連結資訊:https://www.wtmec.com/sites/InvestorConference/20240507_Investor_Conference.mp4 ,"欲參加者請需事先線上報名，網址：http://www.wtmec.com/online/invite.htm","查詢"
"3036","文曄","113/01/31","14:00","線上法說會","本公司受邀參加兆豐證券於113年1月31日舉辦之線上法人說明會，向投資人說明112年第4季營業成果及未來營運展望","303620240131M001.pdf","303620240131E001.pdf","https://www.wtmec.com/investor-relations/financials/quarterly-results/",法說會影音連結資訊:https://www.wtmec.com/sites/InvestorConference/20240131_Investor_Conference.mp4 ,"欲參加者請需事先線上報名，網址：http://www.wtmec.com/online/invite.htm","查詢"
"3036","文曄","113/03/27 至 113/03/28","08:30","線上法說會","本公司受邀參加花旗證券於113年3月27日至28日舉辦之線上法人說明會","303620240327M001.pdf","303620240327E001.pdf","","","無。","查詢"
"3036","文曄","113/03/19 至 113/03/21","09:00","君悅酒店（台北市信義區松壽路2號）","本公司受邀參加美國銀行證券於113年3月19日至21日舉辦之2024 APAC TMT Conference，向投資人說明112年第4季營業成果及未來營運展望。","303620240131M001.pdf","303620240131E001.pdf","","","無。","查詢"
"3036","文曄","113/03/19 至 113/03/21","09:00","君悅酒店 (台北市信義區松壽路2號)","本公司受邀參加美國銀行證券於113年3月19日至21日舉辦之2024 APAC TMT Conference，向投資人說明112年第4季營業成果及未來營運展望","303620240131M001.pdf","303620240131E001.pdf","","","無。","查詢"
"3036","文曄","113/03/04","10:00","台北W飯店 (台北市信義區忠孝東路五段10號)","本公司受邀參加花旗證券於113年3月4日舉辦之台灣企業日，向投資人說明112年第4季營業成果及未來營運展望","303620240131M001.pdf","303620240131E001.pdf","","","無。","查詢"
"3036","文曄","113/03/08","11:15","君悅酒店 (台北市信義區松壽路2號3樓)","本公司受邀參加統一證券於113年3月8日舉辦之2024Q1春季投資論壇，向投資人說明112年第4季營業成果及未來營運展望","303620240131M001.pdf","303620240131E001.pdf","","","無。","查詢"
"3036","文曄","113/06/03 至 113/06/04","10:00","台北君悅酒店 (台北市信義區松壽路2號)","本公司受邀參加匯豐證�釧�113年6月3日至4日舉辦之HSBC x TWSE Taiwan Conference 2024，向投資人說明113年第1季營業成果及未來營運展望。","303620240507M001.pdf","303620240507E001.pdf","","","無。","查詢"
"3036","文曄","113/06/05","10:00","台北W飯店 (台北市信義區忠孝東路五段10號)","本公司受邀參加花旗證券於113年6月5日舉辦之Citi Taiwan Conference，向投資人說明113年第1季營業成果及未來營運展望","303620240507M001.pdf","303620240507E001.pdf","","","無。","查詢"
"3036","文曄","113/08/06","14:30","線上法說會","本公司受邀參加兆豐證券於113年8月6日舉辦之線上法人說明會，向投資人說明113年第2季營業成果及未來營運展望。","303620240806M001.pdf","303620240806E001.pdf","https://www.wtmec.com/investor-relations/financials/quarterly-results/",法說會影音連結資訊:https://www.wtmec.com/sites/InvestorConference/20240806_Investor_Conference.mp4 ,"欲參加者請需事先線上報名，網址：http://www.wtmec.com/online/invite.htm","查詢"
"3036","文曄","113/11/05","14:30","線上法說會","本公司受邀參加兆豐證券於113年11月5日舉辦之線上法人說明會，向投資人說明113年第3季營業成果及未來營運展望。","303620241105M001.pdf","303620241105E001.pdf","https://www.wtmec.com/investor-relations/financials/quarterly-results/",法說會影音連結資訊:https://www.wtmec.com/sites/InvestorConference/20241105_Investor_Conference.mp4 ,"欲參加者請需事先線上報名，網址：http://www.wtmec.com/online/invite.htm","查詢"
"3036","文曄","113/08/21","14:00","台北101大樓88樓","本公司受邀參加美林證券於113年8月21日舉辦之BofA Taiwan Tech Tour，向投資人說明113年第2季營業成果及未來營運展望","303620240806M001.pdf","303620240806E001.pdf","","","無","查詢"
"3036","文曄","113/09/24 至 113/09/25","16:00","台北W飯店 (台北市信義區忠孝東路五段10號)","本公司受邀參加瑞銀證�釧�113年9月24日與25日舉辦之UBS Taiwan Summit 2024，向投資人說明113年第2季營業成果及未來營運展望。","303620240806M001.pdf","303620240806E001.pdf","","","無","查詢"
"3037","欣興","113/07/31","15:00","線上法說會","將於說明會當天發布本公司113年度第2季財務
暨營運報告。","303720240731M001.pdf","303720240731E001.pdf","http://www.unimicron.com/",同步收看網址：:http://www.zucast.com/webcast/a8EU6XUy 法說會影音連結資訊:https://www.unimicron.com/money03.html ,"無。","查詢"
"3037","欣興","113/02/26","15:00","線上法說會","將於說明會當天發布本公司112年度第4季財務
暨營運報告。","303720240226M001.pdf","303720240226E001.pdf","http://www.unimicron.com/",同步收看網址：:http://www.zucast.com/webcast/FA0r5qiJ 法說會影音連結資訊:http://www.unimicron.com/ ,"無。","查詢"
"3037","欣興","113/11/12","10:00","台北遠東香格里拉","本公司受邀參加CLSA舉辦之Taiwan Market Mover 
2025 Access Day，會中就本公司已公開發布之
財務數字、經營績效等相關資訊作說明。","303720241108M001.pdf","303720241108E001.pdf","http://www.unimicron.com/","","無。","查詢"
"3037","欣興","113/11/18 至 113/11/19","08:30","港島香格里拉酒店","本公司受邀參加J.P. Morgan舉辦之2024 Global 
TMT Conference in Asia，會中就本公司已公開
發布之財務數字、經營績效等相關資訊作說明。","303720241108M001.pdf","303720241108E001.pdf","https://www.unimicron.com/","","無。","查詢"
"3037","欣興","113/03/13","15:10","台北宏遠證券辦公室","本公司受邀參加宏遠證券舉辦之2024未來趨勢產業
投資論壇，會中就本公司已公開發布之財務數字、
經營績效等相關資訊作說明。","303720240226M001.pdf","303720240226E001.pdf","https://www.unimicron.com/",法說會影音連結資訊:https://reurl.cc/L4OMN4 ,"無。","查詢"
"3037","欣興","113/03/07","14:30","台北君悅酒店","本公司受邀參加富邦證券舉辦之2024年第一季富邦企業日，會中就本公司已公開發布之財務數字、經營績效等相關資訊作說明。","303720240226M001.pdf","303720240226E001.pdf","http://www.unimicron.com/","","無。","查詢"
"3037","欣興","113/03/05","09:00","W飯店","本公司受邀參加Citi證券舉辦之Citi&#039;s 2024 Taiwan 
Corporate Day，會中就本公司已公開發布之財務數字
、經營績效等相關資訊作說明。","303720240226M001.pdf","303720240226E001.pdf","http://www.unimicron.com/","","無。","查詢"
"3037","欣興","113/06/03","15:30","UBS 台北辦公室","本公司受邀參加UBS證券舉辦之UBS Taiwan AI 
Focused Corporate Day，會中就本公司已公開發布之
財務數字、經營績效等相關資訊作說明。","303720240523M001.pdf","303720240523E001.pdf","http://www.unimicron.com/","","無。","查詢"
"3037","欣興","113/06/07","09:00","W 飯店","本公司受邀參加Citi證券舉辦之Citi&#039; s 2024 Taiwan 
Tech Conference，會中就本公司已公開發布之
財務數字、經營績效等相關資訊作說明。","303720240523M001.pdf","303720240523E001.pdf","http://www.unimicron.com/","","無。","查詢"
"3037","欣興","113/06/12","10:50","台北晶華酒店","本公司受邀參加元大證券舉辦之第二季投資論壇，
會中就本公司已公開發布之財務數字、
經營績效等相關資訊作說明。","303720240523M001.pdf","303720240523E001.pdf","http://www.unimicron.com/",法說會影音連結資訊:https://www.unimicron.com/money03.html ,"無。","查詢"
"3037","欣興","113/03/21","09:00","台北君悅酒店","本公司受邀參加美銀證券舉辦之2024 APAC TMT 
Conference，會中就本公司已公開發布之財務數字
、經營績效等相關資訊作說明。","303720240226M001.pdf","303720240226E001.pdf","http://www.unimicron.com/","","無。","查詢"
"3037","欣興","113/11/26","10:00","台北遠東香格里拉","本公司受邀參加Citi舉辦之Citi&#039;s 2024 Taiwan 
Corporate Day，會中就本公司已公開發布之
財務數字、經營績效等相關資訊作說明。","303720241108M001.pdf","303720241108E001.pdf","https://www.unimicron.com/","","無。","查詢"
"3037","欣興","113/11/26","14:00","台北晶華酒店","本公司受邀參加台新證券舉辦之2024年第四季全球
投資論壇，會中就本公司已公開發布之
財務數字、經營績效等相關資訊作說明。","303720241108M001.pdf","303720241108E001.pdf","https://www.unimicron.com/","","無。","查詢"
"3037","欣興","113/11/27","14:40","台北W飯店","本公司受邀參加Daiwa舉辦之Daiwa Taipei 
Corporate Day，會中就本公司已公開發布之
財務數字、經營績效等相關資訊作說明。","303720241108M001.pdf","303720241108E001.pdf","https://www.unimicron.com/","","無。","查詢"
"3037","欣興","113/12/06","13:30","台北香格里拉遠東國際大飯店","本公司受邀參加國泰證券舉辦之2024第四季投資論壇
，會中就本公司已公開發布之
財務數字、經營績效等相關資訊作說明。","303720241108M001.pdf","303720241108E001.pdf","http://www.unimicron.com/","","無。","查詢"
"3037","欣興","113/12/04","10:50","台北晶華酒店","本公司受邀參加元大證券舉辦之第四季投資論壇
，會中就本公司已公開發布之
財務數字、經營績效等相關資訊作說明。","303720241108M001.pdf","303720241108E001.pdf","http://www.unimicron.com/","","無。","查詢"
"3037","欣興","113/12/05","14:00","台北晶華酒店","本公司受邀參加凱基證券舉辦之2024 Q4投資論壇
，會中就本公司已公開發布之
財務數字、經營績效等相關資訊作說明。","303720241108M001.pdf","303720241108E001.pdf","http://www.unimicron.com/","","無。","查詢"
"3037","欣興","113/12/06","10:00","君悅酒店","本公司受邀參加統一證券舉辦之2024 Q4全球展望
冬季投資論壇，會中就本公司已公開發布之
財務數字、經營績效等相關資訊作說明。","303720241108M001.pdf","303720241108E001.pdf","http://www.unimicron.com/","","無。","查詢"
"3037","欣興","113/05/24","13:30","W Hotel","本公司受邀參加中國信託證券舉辦之中國信託證券2024年
第二季前瞻論壇，會中就本公司已公開發布之
財務數字、經營績效等相關資訊作說明。","303720240523M001.pdf","303720240523E001.pdf","http://www.unimicron.com/","","無。","查詢"
"3037","欣興","113/05/29","14:00","台北晶華酒店","本公司受邀參加台新證券舉辦之台新2024年
第二季全球投資論壇，會中就本公司已公開發布之
財務數字、經營績效等相關資訊作說明。","303720240523M001.pdf","303720240523E001.pdf","https://www.unimicron.com/","","無。","查詢"
"3037","欣興","113/05/31","15:10","台北茹曦酒店","本公司受邀參加華南永昌證券舉辦之2024年
第二季產業暨企業論壇，會中就本公司已公開發布之
財務數字、經營績效等相關資訊作說明。","303720240523M001.pdf","303720240523E001.pdf","https://www.unimicron.com/","","無。","查詢"
"3037","欣興","113/08/21","14:00","新竹喜來登大飯店","本公司受邀參加野村證券舉辦之Asia Tech Tour，會
中就本公司已公開發布之財務數字、經營績效等相
關資訊作說明。","303720240731M001.pdf","303720240731E001.pdf","http://www.unimicron.com/","","無。","查詢"
"3037","欣興","113/09/03","15:30","台北宏遠證券辦公室","本公司受邀參加宏遠證券舉辦之2024未來趨勢產業投資論壇，會中就本公司已公開發布之財務數字、經營績效等相關資訊作說明。","303720240731M001.pdf","303720240731E001.pdf","https://www.unimicron.com/","","無。","查詢"
"3037","欣興","113/09/04","10:00","台北君悅酒店","本公司受邀參加Goldman Sachs舉辦之Taiwan Corporate Day，會中就本公司已公開發布之財務數字、經營績效等相關資訊作說明。","303720240731M001.pdf","303720240731E001.pdf","https://www.unimicron.com/","","無。","查詢"
"3037","欣興","113/09/09 至 113/09/10","09:00","香港君悅酒店","本公司受邀參加CLSA舉辦之31st CITIC CLSA Investors&#039; Forum，會中就本公司已公開發布之財務數字、經營績效等相關資訊作說明。","303720240731M001.pdf","303720240731E001.pdf","https://www.unimicron.com/","","無。","查詢"
"3037","欣興","113/08/28","14:00","諾富特桃園機場飯店","本公司受邀參加摩根大通證券舉辦之9th Annual 
Asia Tech Tour，會中就本公司已公開發布之
財務數字、經營績效等相關資訊作說明。","303720240731M001.pdf","303720240731E001.pdf","http://www.unimicron.com/","","無。","查詢"
"3038","全台","113/09/13","15:00","線上法說會","本公司受邀參加元大證券舉辦之線上法說會，報告本公司營運狀況暨財務報告。","303820240913M001.pdf","303820240913E001.pdf","https://edtc.com/zh/investor-relations/investor-meetings/",法說會影音連結資訊:https://youtu.be/3OQqZCb4joo ,"內容檔案於當日會後公告於公開資訊觀測站。","查詢"
"3038","全台","113/12/13","14:00","線上法說會","本公司受邀參加元大證券舉辦之線上法說會，報告本公司營運狀況暨財務報告。","303820241213M001.pdf","303820241213E001.pdf","https://www.edtc.com/edtcweb/investor-relations/investor-meetings/",法說會影音連結資訊:https://youtu.be/2hD4DG0tSss ,"內容檔案於當日會後公告於公開資訊觀測站。","查詢"
"3040","遠見","113/08/14","14:00","線上法說會","本公司受邀參加元大證券舉辦之產業座談會，報告本公司營運狀況","304020240813M001.pdf","304020240813E001.pdf","http://www.gv.com.tw/invest.asp",中文影音檔網址:3040_8_20240814_ch.mp4 ,"無","查詢"
"3041","揚智","113/12/12","14:30","台北市南港區經貿二路188號13樓1302會議室","本公司受邀中信證券舉行實體法人說明會，由總經理暨發言人陳嘉修報告本公司營運成果及答覆與會者提問。","304120241212M001.pdf","304120241212E001.pdf","http://www.alitech.com/index.php/tw/investor-relations",中文影音檔網址:3041_74_20241212_ch.mp4 ,"無","查詢"
"3042","晶技","113/11/27","14:00","台北晶華酒店 4F貴賓廳(台北市中山區中山北路二段39巷3號)","本公司受邀參加台新證券舉辦之「2024第四季全球投資論壇」，說明本公司營運概況。","304220241125M001.pdf","304220241125E001.pdf","https://www.txccorp.com/investor/corporatebriefing/175/448/","","無","查詢"
"3042","晶技","113/06/12","10:50","晶華酒店4F (台北市中山區中山北路二段39巷3號)","本公司受邀參加元大證券舉辦之「2024元大證券第二季投資論壇」，說明本公司營運概況。","304220240611M003.pdf","304220240611E003.pdf","https://www.txccorp.com/investor/corporatebriefing/175/448/","","無","查詢"
"3042","晶技","113/03/05","10:30","茹曦酒店(台北市松山區敦化北路100號)","本公司受邀參加群益金鼎證券舉辦之「2024年第一季投資論壇」，說明本公司營運概況。","304220240102M001.pdf","304220240102E001.pdf","https://www.txccorp.com/investor/corporatebriefing/175/448/","","無","查詢"
"3042","晶技","113/08/14","14:00","台北遠東香格里拉 B1大都會廳","公司召開法人說明會，說明近期營運成果及未來展望。","304220240814M001.pdf","304220240814E001.pdf","https://www.txccorp.com/investor/corporatebriefing/175/448/",法說會影音連結資訊:https://www.txccorp.com/investor/corporatebriefing/175/448/ ,"無","查詢"
"3042","晶技","113/09/11","14:30","晶華酒店4F 
(台北市中山區中山北路二段39巷3號)","本公司受邀參加永豐金證券舉辦之「2024第三季產業投資論壇」，說明本公司營運概況。","304220240909M001.pdf","304220240909E001.pdf","https://www.txccorp.com/investor/corporatebriefing/175/448/",中文影音檔網址:3042_82_20240911_ch.mp4 ,"無","查詢"
"3043","科風","113/12/19","16:00","臺灣證券交易所1樓資訊展示中心(台北市信義區信義路五段7號1樓)","公司簡介及營運報告","304320241216M002.pdf","304320241216E002.pdf","https://www.upspowercom.com/TW/Us-Meet.jsp",同步收看網址：:https://webpro.twse.com.tw/WebPortal/vod/101/69694597C11B-CDF8CA70-BDE1-11EF-B60A/?categoryId=101 法說會影音連結資訊:https://webpro.twse.com.tw/WebPortal/vod/101/69694597C11B-CDF8CA70-BDE1-11EF-B60A/?categoryId=101 ,"PM15:30報到，PM16:00法說會開始。","查詢"
"3044","健鼎","113/06/05","09:00","台北W Hotel","本公司於113年06月05日受邀參加花旗證券 2024 Taiwan Conference","304420240604M001.pdf","304420240604E001.pdf","","","無","查詢"
"3044","健鼎","113/11/26","09:00","台北遠東飯店","本公司於113年11月26日受邀參加花旗證券2024 Taiwan Corporate Day","304420241125M001.pdf","304420241125E001.pdf","https://www.tripod-tech.com/second/14","","無","查詢"
"3044","健鼎","113/03/20 至 113/03/21","09:00","台北君悅飯店","健鼎於113年03月20日至03月21日參加美銀證券2024 Asia Pacific TMT Conference","304420240319M001.pdf","304420240319E001.pdf","","","無","查詢"
"3044","健鼎","113/12/12","13:30","台北喜來登大飯店","健鼎於113年12月12日參加第一金證券2024第四季投資論壇","304420241211M001.pdf","304420241211E001.pdf","https://www.tripod-tech.com/second/14",法說會影音連結資訊:https://youtu.be/MNnRU3TknTE ,"無","查詢"
"3044","健鼎","113/05/16 至 113/05/17","09:00","東京","本公司受邀參加櫃買中心與元富證券於日本共同舉辦之「櫃買中心x元富證券日本東京海外企業日」法說會","304420240515M001.pdf","304420240515E001.pdf","","","無","查詢"
"3044","健鼎","113/12/05","13:30","台北遠東香格里拉","健鼎於113年12月05日參加國泰證券2024年第四季投資論壇","304420241204M001.pdf","304420241204E001.pdf","https://www.tripod-tech.com/second/14",法說會影音連結資訊:https://www.youtube.com/watch?v=0SjSpv2Jl6o ,"無","查詢"
"3044","健鼎","113/09/24 至 113/09/25","09:00","台北W Hotel","本公司於113年09月24日至09月25日受邀參加瑞銀證券2024 Taiwan Summit","304420240923M001.pdf","304420240923E001.pdf","https://www.tripod-tech.com/second/14","","無","查詢"
"3045","台灣大","113/02/19","13:00","台北","說明112年第三季法說會簡報與其他已公開發佈之財務數字、經營績效等相關資訊。","304520231115M001.pdf","304520231115E001.pdf","https://www.taiwanmobile.com/index.html","","無","查詢"
"3045","台灣大","113/02/21","16:00","電話會議","本公司112年第4季營運情形","304520240221M001.pdf","304520240221E001.pdf","https://www.taiwanmobile.com/index.html",同步收看網址：:https://corp.taiwanmobile.com/investor-relations/investor-relations.html 法說會影音連結資訊:https://corp.taiwanmobile.com/investor-relations/investor-relations.html ,"無","查詢"
"3045","台灣大","113/08/06","16:00","電話會議","本公司113年第2季營運情形","304520240806M001.pdf","304520240806E001.pdf","https://www.taiwanmobile.com/index.html",同步收看網址：:https://corp.taiwanmobile.com/investor-relations/investor-relations.html 法說會影音連結資訊:https://corp.taiwanmobile.com/investor-relations/investor-relations.html ,"無","查詢"
"3045","台灣大","113/11/12","16:00","電話會議","本公司113年第3季營運情形","內容檔案於當日會後公告於公開資訊觀測站","內容檔案於當日會後公告於公開資訊觀測站","https://www.taiwanmobile.com/index.html",同步收看網址：:https://corp.taiwanmobile.com/investor-relations/investor-relations.html 法說會影音連結資訊:未輸 ,"無","查詢"
"3045","台灣大","113/05/14","16:00","電話會議","本公司113年第1季營運情形","304520240514M001.pdf","304520240514E001.pdf","https://www.taiwanmobile.com/index.html",同步收看網址：:https://corp.taiwanmobile.com/investor-relations/investor-relations.html 法說會影音連結資訊:https://corp.taiwanmobile.com/investor-relations/investor-relations.html ,"無","查詢"
"3045","台灣大","113/03/21","13:00","台北君悅酒店","說明112年第四季法說會簡報與其他已公開發佈之財務數字、經營績效等相關資訊。","304520240221M001.pdf","304520240221E001.pdf","https://www.taiwanmobile.com/index.html","","無","查詢"
"3045","台灣大","113/04/15 至 113/04/16","14:00","新加坡","說明112年第四季法說會簡報與其他已公開發佈之財務數字、經營績效等相關資訊。","304520240221M001.pdf","304520240221E001.pdf","https://www.taiwanmobile.com/index.html","","無","查詢"
"3045","台灣大","113/08/28","10:00","臺北文創6F (台北市信義區菸廠路88號)","說明113年第二季法說會簡報與其他已公開發佈之財務數字、經營績效等相關資訊。","304520240806M001.pdf","304520240806E001.pdf","https://www.taiwanmobile.com/index.html",中文影音檔網址:3045_296_20240828_ch.mp4 ,"無","查詢"
"3045","台灣大","113/12/16","14:00","台北市松山區敦化南路一段66號","本公司受元大證券股份有限公司邀請參加法人說明會，說明公司營運概況，參加者以受元大證券邀請者為優先。","304520241119M001.pdf","304520241119E001.pdf","https://www.taiwanmobile.com/index.html","","無","查詢"
"3045","台灣大","113/08/19","08:00","東京","說明113年第二季法說會簡報與其他已公開發佈之財務數字、經營績效等相關資訊。","304520240806M001.pdf","304520240806E001.pdf","https://www.taiwanmobile.com/index.html","","無","查詢"
"3045","台灣大","113/11/19","16:00","電話會議","本公司113年第3季營運情形","304520241119M001.pdf","304520241119E001.pdf","https://www.taiwanmobile.com/index.html",同步收看網址：:https://corp.taiwanmobile.com/investor-relations/investor-relations.html 法說會影音連結資訊:https://corp.taiwanmobile.com/investor-relations/investor-relations.html ,"無","查詢"
"3045","台灣大","113/10/14","14:00","臺北文創6F (台北市信義區菸廠路88號)","說明113年第二季法說會簡報與其他已公開發佈之財務數字、經營績效等相關資訊。","304520240806M001.pdf","304520240806E001.pdf","https://www.taiwanmobile.com/index.html","","無","查詢"
"3046","建碁","113/07/16","14:00","新北市汐止區新台五路一段88號1樓","本公司受邀參加元富證券舉辦之法人說明會，會中將就建碁公司之業務狀況說明","304620240716M001.pdf","304620240716E001.pdf","https://www.aopen.com/TW_ch/page/investor-conference",法說會影音連結資訊:https://www.aopen.com/TW_ch/page/investor-conference ,"無","查詢"
"3046","建碁","113/12/13","14:30","線上法人說明會","本公司受邀參加台新證券舉辦之線上法人法說會，會中就本公司已公開發佈之財務業務狀況進行說明","304620241213M001.pdf","304620241213E001.pdf","https://www.aopen.com/TW_ch/page/investor-conference",法說會影音連結資訊:https://www.aopen.com/TW_ch/page/investor-conference ,"無","查詢"
"3047","訊舟","113/09/24","14:30","台北市重慶南路一段2號19樓(1901會議室)","受邀參加永豐金證券舉辦之法人說明會，說明本公司之財務概況及營運狀況。","304720240918M001.pdf","304720240918E001.pdf","https://www.edimax.com",法說會影音連結資訊:https://www.youtube.com/watch?v=hDzJbVdhI1M ,"報名請洽永豐金證券鄒小姐02-23828166或E-mail:joyce.tsou@sinopac.com","查詢"
"3048","益登","113/11/20","14:30","線上法人說明會-Webex","本公司受邀參加凱基證券舉辦線上法人說明會，向投資人說明公司營運概況。","304820241120M001.pdf","304820241120E001.pdf","https://www.edomtech.com/zh-tw/investor/information/investor-conference/",中文影音檔網址:3048_9_20241120_ch.mp4 ,"無","查詢"
"3049","精金","113/11/28","15:00","線上法說會","本公司受邀參加康和證券舉辦之線上法人說明會","304920241128M001.pdf","304920241128E001.pdf","https://www.hannstouch.com/tw/investor#investor-presentations",中文影音檔網址:3049_12_20241128_ch.mp4 ,"無","查詢"
"3050","鈺德","113/12/24","14:00","國票金控大樓  台北市中山區樂群三路128號7樓","受邀參加國票綜合證券舉辦之法人說明會，介紹本公司及說明營運狀況","305020241224M001.pdf","305020241224E001.pdf","http://www.utechmedia.com.tw",中文影音檔網址:3050_8_20241224_ch.MP4 ,"無","查詢"
"3051","力特","113/12/20","14:00","力特光電科技股份有限公司(桃園市平鎮區平東路659巷37號)","力特光電2024年第3季法人說明會","305120241220M001.ppt","305120241220E001.ppt","http://www.optimax.com.tw",法說會影音連結資訊:https://youtu.be/KXRa6injv5c ,"無","查詢"
"3052","夆典","113/10/16","15:00","線上法說會","本公司受邀參加元大證券舉辦之線上法人說明會","305220241014M001.pdf","305220241014E001.pdf","https://www.apexgrp.com.tw/web/bbs/board.php?bo_table=investor&amp;wr_id=6",中文影音檔網址:3052_8_20241016_ch.mp4 ,"無","查詢"
"3054","立萬利","113/11/21","16:00","線上法說會","本公司受邀參加元大證券舉辦之線上法說會，報告本公司營運狀況。","305420241121M001.pptx","305420241121E001.pptx","",中文影音檔網址:3054_10_20241121_ch.mp4 ,"無","查詢"
"3054","立萬利","113/07/29","14:00","線上法說會","本公司受邀參加元大證券舉辦之線上法說會，報
告本公司營運狀況","305420240729M001.pptx","305420240729E001.pptx","",中文影音檔網址:3054_9_20240729_ch.mp4 ,"無","查詢"
"3055","蔚華科","113/09/05","14:00","台北市信義路四段236號7樓(宏遠證券會議室)","本公司受邀參加宏遠證券舉辦「2024年未來趨勢產業投資論壇」，說明公司簡介、產品介紹及財務資訊。","305520240905M001.pdf","305520240905E001.pdf","http://www.spirox.com.tw/investor/ir-earnings-conference",法說會影音連結資訊:https://www.spirox.com.tw/investor/ir-earnings-conference ,"無","查詢"
"3055","蔚華科","113/12/12","15:30","台北市中正區忠孝東路一段12號（喜來登飯店B1會議廳）","本公司受邀參加第一金證券法人部舉辦之第四季投資論壇，說明公司簡介、產品介紹及財務資訊。","305520241212M001.pdf","305520241212E001.pdf","https://www.spirox.com.tw/investor/ir-earnings-conference",法說會影音連結資訊:https://www.spirox.com.tw/investor/ir-earnings-conference ,"無","查詢"
"3056","富華新","113/11/18","14:30","線上法&#12040;說明會","本公司營運概況說明。 報名&#12101;式：
https://forms.gle/KkkXs5WtrDpcpjA99","305620241118M001.pdf","305620241118E001.pdf","https://www.fuhua-inno.com.tw/news/Dnr5/detail",法說會影音連結資訊:https://www.youtube.com/watch?v=Bhw_-r84bmY ,"無。","查詢"
"3057","喬鼎","113/12/30","15:00","新竹科學園區工業東四路21號1樓(本公司會議室)","113年營運說明暨未來展望","305720241230M001.pdf","305720241230E001.pdf","https://www.promise.com/tw/IR/Service/ConferenceInfo",法說會影音連結資訊:https://youtu.be/DVrek5V5ENY ,"無。","查詢"
"3058","立德","113/11/19","14:30","福邦證券總公司(台北市忠孝西路一段6號7樓)","本公司受邀參加福邦證券舉辦之法人說明會，說明本公司營運及財務狀況。","305820241119M001.pdf","305820241119E001.pdf","https://www.lei.com.tw/tw/investor/conference.aspx",中文影音檔網址:3058_8_20241119_ch.MP4 ,"無","查詢"
"3059","華晶科","113/06/25","14:00","線上法人說明會","本公司受邀參加兆豐證券舉辦之線上法人說明會","305920240625M001.pdf","305920240625E001.pdf","https://www.altek.com.tw/",中文影音檔網址:3059_45_20240625_ch.mp4 ,"無","查詢"
"3060","銘異","113/12/12","15:00","線上會議","受邀參加元大證券舉辦之線上法人說明會，報告本公司營運狀況。","306020241212M001.pdf","306020241212E001.pdf","https://www.minaik.com.tw/zh-tw/investo/shareholder",中文影音檔網址:3060_10_20241212_ch.mp4 ,"無","查詢"
"3062","建漢","113/12/06","14:30","福邦證券總公司7樓(台北市忠孝西路一段6號7樓)","說明本公司營運概況","306220241206M001.pdf","306220241206E001.pdf","",法說會影音連結資訊:https://www.cybertan.com.tw/public/tw/news_detail?id=360&page=1 ,"無","查詢"
"3090","日電貿","113/11/18","14:30","台北市中山區明水路700號12樓","本公司受邀參加凱基證券113年11月18日舉辦之法人說明會。","309020241118M001.pdf","309020241118E001.pdf","https://www.ndb.com.tw/投資人專區/法人說明會/",法說會影音連結資訊:https://www.youtube.com/watch?v=r5xoah2WBWs ,"報名請洽凱基證券鄭小姐(02)2181-8167。","查詢"
"3090","日電貿","113/05/23","14:00","國票金控大樓 (台北市中山區樂群三路128號7樓)","本公司受邀參加國票綜合證券113年5月23日舉辦之法人說明會。","309020240523M001.pdf","309020240523E001.pdf","https://www.ndb.com.tw/投資人專區/法人說明會/",法說會影音連結資訊:https://www.youtube.com/watch?v=oIgNkf81ND4 ,"報名請洽國票綜合證券汪先生(02)2778-6053。","查詢"
"3092","鴻碩","113/12/18","14:30","線上法人說明會","本公司受邀參加凱基證券舉辦之線上法人說明會","309220241216M001.pdf","309220241216E001.pdf","http://www.hotron-ind.com/cn/index.php",中文影音檔網址:3092_6_20241218_ch.mp4 ,"無。","查詢"
"3094","聯傑","113/12/13","15:00","線上法說會","聯傑國際法人說明會-公司財務業務營運情形及未來展望","309420241217M001.pdf","309420241217E001.pdf","http://www.davicom.com.tw",中文影音檔網址:3094_11_20241213_ch.mp4 ,"無","查詢"
"3130","一零四","113/11/18","09:10","新加坡","說明公司營運狀況及產品資訊。","313020241120M002.pdf","313020241120E002.pdf","https://corp.104.com.tw/zh/investors/conference/","","無","查詢"
"3130","一零四","113/06/07","14:30","元大證券線上法人座談會","說明公司營運狀況及產品資訊","313020240606M001.pdf","313020240606E001.pdf","http://corp.104.com.tw/zh/investors/conference/",中文影音檔網址:3130_38_20240607_ch.mp4 ,"無","查詢"
"3130","一零四","113/09/05","13:30","台北文華東方酒店","說明公司營運狀況及產品資訊。","313020240905M001.pdf","313020240905E001.pdf","http://corp.104.com.tw/zh/investors/conference/","","無","查詢"
"3130","一零四","113/12/23","14:00","元大證券線上法人座談會","說明公司營運狀況及產品資訊","313020241218M001.pdf","313020241218E001.pdf","https://corp.104.com.tw/zh/investors/conference/",中文影音檔網址:3130_41_20241223_ch.mp4 ,"無","查詢"
"3138","耀登","113/11/22","10:00","台北市松山區敦化北路100號","本公司受邀參加華南永昌證券舉辦之法人說明會，說明本公司之營運、財務及業務概況。","313820241121M001.pdf","313820241121E001.pdf","https://www.auden.com.tw/investor-service/shareholder-column/",中文影音檔網址:3138_11_20241122_ch.mp4 ,"無。","查詢"
"3138","耀登","113/08/21","14:30","台北市忠孝東路二段95號13樓","本公司受邀參加兆豐證券舉辦之法人說明會，說明本公司之營運、財務及業務概況。","313820240821M001.pdf","313820240821E001.pdf","https://www.auden.com.tw/investor-service/shareholder-column/",中文影音檔網址:3138_10_20240821_ch.mp4 ,"報名連結：https://forms.gle/mBYFWBcopHcLwVjQA","查詢"
"3149","正達","113/07/18","14:30","台北市松山區東興路8號15樓 (統一證券大樓)","說明營運狀況。","314920240717M001.pdf","314920240717E001.pdf","http://www.gtoc.com.tw/webc/html/investor/index.aspx?nav=6#b02",中文影音檔網址:3149_27_20240718_ch.mp4 ,"無。","查詢"
"3150","鈺寶-創","113/05/28","14:30","台北君悅酒店三樓凱悅廳I區宴會廳 (台北市信義區松壽路2號)","(1)本公司依「有價證券初次上市前業績發表會實施要點規定」，於上市前辦理股票初次上市前業績發表會。

(2)本次業績發表會將由本公司經營團隊說明產業發展、財務、業務狀況、未來風險、公司治理及企業社會責任、臺灣證券交易所股份有限公司董事會暨上市審議委員會要求補充揭露事項。","315020240527M001.pdf","315020240527E001.pdf","https://www.syncomm.com.tw/tw/investor/shareholder/conference?year=2024","","相關資訊請至公開資訊觀測站之法人說明會一覽表或法說會項目下查閱。","查詢"
"3150","鈺寶-創","113/08/28","09:30","臺北文創6F-AB廳(台北市信義區菸廠路88號6樓)","本公司受邀參加「2024台灣創投年會-證交所專場」，說明本公司業務及財務相關資訊。參加方式及相關資料請詳台灣創投年會首頁: (https://tvca-summit.tvca.org.tw/event)","315020240827M002.pdf","315020240827E002.pdf","https://www.syncomm.com.tw/tw/investor/shareholder/conference",法說會影音連結資訊:https://webpro.twse.com.tw/WebPortal/vod/101/?categoryId=101 ,"相關資訊請至公開資訊觀測站之法人說明會一覽表或法說會項目下查閱。","查詢"
"3164","景岳","113/09/20","14:00","台南市中西區民生路1段62號3樓","受邀參加國泰證券舉辦之法人說明會","316420240919M001.pdf","316420240919E001.pdf","",法說會影音連結資訊:https://www.youtube.com/watch?v=jL5xoygBi8I ,"無","查詢"
"3167","大量","113/11/25","14:30","線上法說會報名連結：https://forms.gle/CV3t1as4w19AKb226","本公司受邀參加福邦證券舉辦之法人說明會，會中就本公司已公開發布之財務數字、經營績效等相關資訊做說明。請投資人報名參加以取得法說會線上會議連結。","316720241125M001.pdf","316720241125E001.pdf","",中文影音檔網址:3167_21_20241125_ch.mp4 ,"將於法說會前一日以投資人報名時所提供之信箱寄送線上會議連結與登入密碼。","查詢"
"3167","大量","113/08/21","14:30","線上法說會報名連結：https://forms.gle/dSrVwEzS1v6FPkZZ6","本公司受邀參加福邦證券舉辦之法人說明會，會中就本公司已公開發布之財務數字、經營績效等相關資訊做說明。請投資人報名參加以取得法說會線上會議連結。","316720240821M001.pdf","316720240821E001.pdf","",中文影音檔網址:3167_20_20240821_ch.mp4 ,"將於法說會前一日以投資人報名時所提供之信箱寄送線上會議連結與登入密碼。","查詢"
"3168","眾福科","113/11/26","14:00","線上法人說明會","本公司受邀參加福邦證券舉辦之線上法人說明會，說明本公司財務及業務狀況。","316820241126M001.pdf","316820241126E001.pdf","https://www.dataimagecorp.com/tw/legal",法說會影音連結資訊:https://youtu.be/edabKjEKJQc?si=RX9xcBxpK1vZkNRG ,"會議簡報檔及影音連結將於法人說明會後揭露於公開資訊觀測站","查詢"
"3168","眾福科","113/02/26","14:30","台北遠東國際大飯店三樓宴會廳(地址：台北市敦化南路二段201號3樓)","(1)本公司依「有價證券初次上市前業績發表會實施要點規定」，於上市前辦理股票初次上市前業績發表會。
(2)本次業績發表會將說明產業發展、財務業務狀況、未來風險、公司治理及企業社會責任及臺灣證券交易所股份有限公司董事會暨上市審議委員會要求補充揭露事項。","316820240223M001.pdf","316820240223E001.pdf","https://www.dataimagecorp.com/tw/legal","","無","查詢"
"3189","景碩","113/03/04","09:00","台北市 W-Hotel","向法人說明產業狀況與本公司經營績效","318920240301M001.pdf","318920240301E001.pdf","","","無","查詢"
"3189","景碩","113/11/19","11:20","台北市台北文創","向法人說明產業狀況與本公司經營績效","318920241111M001.pdf","318920241111E001.pdf","","","無","查詢"
"3189","景碩","113/11/27","15:15","台北市晶華酒店","向法人說明產業狀況與本公司經營績效","318920241111M001.pdf","318920241111E001.pdf","","","無","查詢"
"3189","景碩","113/11/13","11:00","台北市遠東飯店","向法人說明產業狀況與本公司經營績效","318920241111M001.pdf","318920241111E001.pdf","","","無","查詢"
"3189","景碩","113/03/20","10:00","台北市君悅飯店","向法人說明產業狀況與本公司經營績效","318920240311M001.pdf","318920240311E001.pdf","",法說會影音連結資訊:https://www.kinsus.com.tw/zh-TW/Download/other-information/Index/other%20informations_tw/0/2 ,"無","查詢"
"3189","景碩","113/06/04","10:00","台北市君悅飯店","向法人說明產業狀況與本公司經營績效","318920240531M001.pdf","318920240531E001.pdf","","","無","查詢"
"3189","景碩","113/06/06","11:00","台北市 W-Hotel","向法人說明產業狀況與本公司經營績效","318920240531M002.pdf","318920240531E002.pdf","","","無","查詢"
"3189","景碩","113/06/12","10:50","台北市晶華酒店","向法人說明產業狀況與本公司經營績效","318920240531M003.pdf","318920240531E003.pdf","","","無","查詢"
"3189","景碩","113/09/03","12:00","台北市 W-Hotel","向法人說明產業狀況與本公司經營績效","318920240829M002.pdf","318920240829E002.pdf","","","無","查詢"
"3189","景碩","113/09/03","10:00","台北市君悅酒店","向法人說明產業狀況與本公司經營績效","318920240829M003.pdf","318920240829E003.pdf","",法說會影音連結資訊:https://www.kinsus.com.tw/zh-TW/Download/other-information/Index/other%20informations_tw/0/2 ,"無","查詢"
"3189","景碩","113/09/06","10:00","台北市遠東飯店","向法人說明產業狀況與本公司經營績效","318920240829M001.pdf","318920240829E001.pdf","","","無","查詢"
"3209","全科","113/05/08","14:30","線上會議","本公司受邀參加元大證券舉辦之線上法人說明會。","320920240508M001.pdf","320920240508E001.pdf","https://www.alltek.com/investors/%E6%B3%95%E4%BA%BA%E8%AA%AA%E6%98%8E%E6%9C%83/",中文影音檔網址:3209_11_20240508_ch.mp4 ,"無","查詢"
"3209","全科","113/08/07","14:30","線上會議","本公司受邀參加元大證券舉辦之線上法人說明會。","320920240807M002.pdf","320920240807E002.pdf","https://www.alltek.com/investors/%E6%B3%95%E4%BA%BA%E8%AA%AA%E6%98%8E%E6%9C%83/",中文影音檔網址:3209_12_20240807_ch.mp4 ,"無","查詢"
"3229","晟鈦","113/09/19","14:30","線上法人說明會","本公司受邀參加永豐金證券舉辦之法人說明會，說明本公司之營運概況","322920240913M001.pptx","322920240913E001.pptx","https://www.cheer-time.com.tw/index.php?view=news&amp;g=14&amp;d=43",中文影音檔網址:3229_8_20240919_ch.mp4 ,"欲參加者需事先報名，請洽永豐金謝小姐(02)23828169。資料將依規定於會後上傳","查詢"
"3229","晟鈦","113/12/23","14:30","線上法人說明會","本公司受邀參加永豐金證券舉辦之法人說明會，說明本公司之營運概況","322920241220M001.pdf","322920241220E001.pdf","https://www.cheer-time.com.tw/index.php?view=news&amp;g=14&amp;d=43",中文影音檔網址:3229_9_20241223_ch.mp4 ,"欲參加者需事先報名，請洽永豐金謝小姐(02)2382-8169。資料將依規定於會後上傳","查詢"
"3231","緯創","113/11/22","15:00","電話會議","本公司受邀參加花旗環球證券舉辦之電話說明會，說明本公司業務簡介及現況說明","323120241114M001.pdf","323120241114E001.pdf","https://www.wistron.com/ch/Investors/ShareholdersServices/Meeting",法說會影音連結資訊:https://www.wistron.com/ch/Investors/ShareholdersServices/Meeting ,"無","查詢"
"3231","緯創","113/11/26","09:00","台北遠東香格里拉飯店","本公司受邀參加花旗環球證券舉辦之法人說明會，說明本公司業務簡介及現況說明","323120241114M001.pdf","323120241114E001.pdf","https://www.wistron.com/ch/Investors/ShareholdersServices/Meeting","","無","查詢"
"3231","緯創","113/11/28","09:00","台北君悅酒店","本公司受邀參加富邦綜合證券舉辦之法人說明會，說明本公司業務簡介及現況說明","323120241114M001.pdf","323120241114E001.pdf","https://www.wistron.com/ch/Investors/ShareholdersServices/Meeting","","無","查詢"
"3231","緯創","113/09/09 至 113/09/10","09:00","香港","本公司受邀參加中信里昂證券舉辦之法人說明會，說明本公司業務簡介及現況說明","323120240905M001.pdf","323120240905E001.pdf","https://www.wistron.com/ch/Investors/ShareholdersServices/Meeting","","無。","查詢"
"3231","緯創","113/11/18","09:00","台北君悅酒店","本公司受邀參加香港商麥格理資本(股)公司台灣證�酗壑膝q舉辦之法人說明會，說明本公司業務簡介及現況說明","323120241114M001.pdf","323120241114E001.pdf","https://www.wistron.com/ch/Investors/ShareholdersServices/Meeting","","無","查詢"
"3231","緯創","113/02/20","09:00","台北君悅酒店","本公司受邀參加摩根大通證券舉辦之法人說明會，說明本公司業務簡介及現況說明","323120240219M001.pdf","323120240219E001.pdf","https://www.wistron.com/CMS/LegalPersonSeminar?pageId=78","","無","查詢"
"3231","緯創","113/03/04","09:00","台北W飯店","本公司受邀參加花旗環球證券舉辦之法人說明會，說明本公司業務簡介及現況說明","323120240219M001.pdf","323120240219E001.pdf","https://www.wistron.com/CMS/LegalPersonSeminar?pageId=78","","無","查詢"
"3231","緯創","113/03/13","16:00","電話會議","本公司將於113/3/13受邀參加瑞銀證券舉辦之電話說明會，說明本公司業務簡介及現況說明","323120240311M001.pdf","323120240311E001.pdf","https://www.wistron.com/CMS/LegalPersonSeminar?pageId=78",法說會影音連結資訊:https://www.wistron.com/CMS/LegalPersonSeminar?pageId=78 ,"無","查詢"
"3231","緯創","113/06/12","12:00","台北晶華酒店","本公司受邀參加元大證券舉辦之法人說明會，說明本公司業務簡介及現況說明","323120240530M002.pdf","323120240530E002.pdf","https://www.wistron.com/ch/Investors/ShareholdersServices/Meeting","","無","查詢"
"3231","緯創","113/03/21","09:00","台北君悅酒店","本公司受邀參加美林證券舉辦之法人說明會，說明本公司業務簡介及現況說明","323120240318M001.pdf","323120240318E001.pdf","https://www.wistron.com/CMS/LegalPersonSeminar?pageId=78","","無","查詢"
"3231","緯創","113/04/09 至 113/04/10","09:00","香港","本公司受邀參加匯豐證券舉辦之法人說明會，說明本公司業務簡介及現況說明","323120240403M001.pdf","323120240403E001.pdf","https://www.wistron.com/ch/Investors/ShareholdersServices/Meeting","","無","查詢"
"3231","緯創","113/09/03","15:00","台北東方文華酒店","本公司受邀參加台灣摩根士丹利證券舉辦之法人說明會，說明本公司業務簡介及現況說明","323120240829M001.pdf","323120240829E001.pdf","https://www.wistron.com/ch/Investors/ShareholdersServices/Meeting","","無","查詢"
"3231","緯創","113/09/03 至 113/09/04","09:00","台北君悅酒店","本公司受邀參加美商高盛亞洲證券舉辦之法人說明會，說明本公司業務簡介及現況說明","323120240829M002.pdf","323120240829E002.pdf","https://www.wistron.com/ch/Investors/ShareholdersServices/Meeting","","無","查詢"
"3231","緯創","113/06/06","09:00","台北W飯店","本公司受邀參加花旗環球證券舉辦之法人說明會，說明本公司業務簡介及現況說明","323120240530M001.pdf","323120240530E001.pdf","https://www.wistron.com/ch/Investors/ShareholdersServices/Meeting","","無","查詢"
"3231","緯創","113/05/23","14:30","台北君悅酒店","本公司受邀參加富邦證券舉辦之法人說明會，說明本公司業務簡介及現況說明","323120240521M002.pdf","323120240521E002.pdf","https://www.wistron.com/ch/Investors/ShareholdersServices/Meeting","","無","查詢"
"3231","緯創","113/06/04","09:00","台北君悅酒店","本公司受邀參加匯豐證券舉辦之法人說明會，說明本公司業務簡介及現況說明","323120240530M002.pdf","323120240530E002.pdf","https://www.wistron.com/ch/Investors/ShareholdersServices/Meeting","","無","查詢"
"3231","緯創","113/09/24 至 113/09/25","09:00","台北W飯店","本公司受邀參加瑞銀證券舉辦之法人說明會，說明本公司業務簡介及現況說明","323120240905M001.pdf","323120240905E001.pdf","https://www.wistron.com/ch/Investors/ShareholdersServices/Meeting","","無","查詢"
"3257","虹冠電","113/12/16","15:30","線上視訊會議。","本公司受邀參加福邦證券舉辦之法人說明會，就本公司已公開之財務業務資訊作說明。","325720241216M001.pdf","325720241216E001.pdf","https://www.championmicro.com.tw",中文影音檔網址:3257_12_20241216_ch.mp4 ,"無","查詢"
"3266","昇陽","113/11/22","14:00","元富證券(台北市敦化南路二段97號11樓)","本公司受邀參加元富證券舉辦之法人說明會，就公司財務及業務相關資訊做說明。","326620241122M001.pdf","326620241122E001.pdf","https://www.sunty.com.tw/suntySec/investors-04.html",中文影音檔網址:3266_9_20241122_ch.mp4 ,"無","查詢"
"3266","昇陽","113/08/23","14:00","元富證券(台北市敦化南路二段97號11樓)","本公司受邀參加元富證券舉辦之法人說明會，就公司財務及業務相關資訊做說明。","326620240823M001.pdf","326620240823E001.pdf","https://www.sunty.com.tw",中文影音檔網址:3266_8_20240823_ch.mp4 ,"無","查詢"
"3296","勝德","113/12/16","15:30","福邦證券總公司(台北市忠孝西路一段6號7樓會議室)","(1)公司簡介(2)財務報告(3)營運展望(4)Q&amp;A","329620250227M001.pdf","329620250227E001.pdf","https://www.power-tech.com.tw/aboutUs/investor/financial/law",中文影音檔網址:3296_8_20241216_ch.MP4 ,"無","查詢"
"3305","昇貿","113/12/16","14:00","台北巿南京東路五段188號15樓","本公司受邀參加國票綜合證券舉辦之法人說明會，說明本公司營運概況及未來展望。","330520241216M001.pdf","330520241216E001.pdf","",中文影音檔網址:3305_9_20241216_ch.MP4 ,"無","查詢"
"3308","聯德","113/12/30","14:00","桃園市龜山區科技一路69號6樓會議室","公佈2024年第三季財務報告及未來展望。","330820241227M001.pdf","330820241227E001.pdf","",中文影音檔網址:3308_9_20241230_ch.mp4 ,"無","查詢"
"3311","閎暉","113/12/16","15:00","閎暉淡水總部6樓會議室","113年前3季營運成果及展望","331120241216M001.pdf","331120241216E001.pdf","https://www.silitech.com/ch/investor4.aspx",:未輸 法說會影音連結資訊:https://webpro.twse.com.tw/webportal/vod/101/C14A972E7450-7E9DE2AE-BB87-11EF-AABC/?categoryId=101 ,"簡報相關資料將於法說會後上傳並公布於公司網站","查詢"
"3312","弘憶股","113/03/29","14:30","Zoom 直播會議室ID：97211756344(有意參加者，請洽郭先生02-26599838#1910)","本公司將舉辦2023年第四季線上法人說明會，請各位投資人於法說會前安裝Zoom軟體。電腦端下載網址： http://www.zoomnow.net。手機端下載：iOS-APP Store/Android-Google Play。","331220240329M001.pptx","331220240329E001.pptx","https://www.gmitec.com/investors/investor_conference/",法說會影音連結資訊:https://www.gmitec.com/investors/investor_conference/ ,"請各位投資人務必於當日3/29(五)14:20 前登入會議ID。","查詢"
"3312","弘憶股","113/09/11","14:30","Zoom直播會議室ID：97281383219(有意參加者，請洽郭先生02-26599838#1910)","本公司將舉辦2024年第二季法人說明會，請各位投資人於法說會前安裝Zoom軟體。電腦端下載網址：http://www.zoomnow.net。手機端下載：iOS-APP Store/Android-Google Play","331220240911M001.pptx","331220240911E001.pptx","https://www.gmitec.com/investors/investor_conference/",法說會影音連結資訊:https://www.gmitec.com/investors/investor_conference/ ,"請各位投資人務必於當日下午14:20 前登入會議室ID。","查詢"
"3321","同泰","113/12/27","14:30","康和證券總公司 
台北市信義區基隆路一段176號B2","本公司營運概況說明","332120241227M001.pdf","332120241227E001.pdf","",法說會影音連結資訊:https://drive.google.com/file/d/1IeCS_3O4uXKq3wULaAHncc8MWm_BcYEA/view?usp=sharing ,"無","查詢"
"3338","泰碩","113/06/28","14:30","台北市中正區寶慶路69號4樓(元大證券)","本公司受元大證券邀請，將於上述時間地點，向法人投資者說明本公司營運成果與未來展望。","333820240628M001.pdf","333820240628E001.pdf","https://www.taisol.com",法說會影音連結資訊:https://youtu.be/TrWh6qHA_oo ,"無","查詢"
"3346","麗清","113/03/06","13:30","台北晶華酒店 4F (台北市中山北路二段39巷3號)","本公司受邀參加永豐金證券2024年第一季產業論壇，說明本公司之營運概況、財務及業務相關資訊","334620240306M001.pdf","334620240306E001.pdf","https://www.lastertech.com/zh-tw/a4-838-2928","","無","查詢"
"3346","麗清","113/11/28","14:00","第一金證券2樓會議室(台北市長安東路一段35號2樓)","本公司受邀參加第一金證券「2024汽車零組件產業研討會」","334620241127M001.pdf","334620241127E001.pdf","https://www.lastertech.com/zh-tw/a4-838-2928",中文影音檔網址:3346_29_20241128_ch.MP4 ,"無","查詢"
"3356","奇偶","113/03/08","14:00","台北君悅酒店（台北市信義區松壽路2號）","受邀參加統一證券2024Q1全球展望春季投資論壇","335620240308M002.pdf","335620240308E002.pdf","",中文影音檔網址:3356_23_20240308_ch.MP4 ,"無。","查詢"
"3376","新日興","113/11/12","15:00","台北遠東香格里拉大酒店(台北市大安區敦化南路二段201號)","本公司受邀參加台灣匯立證券舉辦之「CLST Taiwan Market Mover 2025 Access Day」，就公司營運概況等說明。","337620241108M001.pdf","337620241108E001.pdf","https://www.szs-group.com/investor/conference",法說會影音連結資訊:未輸 ,"無","查詢"
"3376","新日興","113/03/04","15:00","台北W飯店(台北市信義區忠孝東路五段10號)","本公司受邀參加花旗證券舉辦之「2024 Taiwan Corporate Day」，就公司營運概況等說明。","337620240301M002.pdf","337620240301E002.pdf","https://www.szs-group.com/investor/conference","","無","查詢"
"3376","新日興","113/03/05","15:20","台北文創(台北市菸廠路88號6樓)","本公司受邀參加元富證券舉辦之「2024年春季投資論壇」，就公司營運概況等說明。","337620240301M002.pdf","337620240301E002.pdf","https://www.szs-group.com/investor/conference",中文影音檔網址:3376_146_20240305_ch.mp4 ,"無","查詢"
"3376","新日興","113/05/31","15:10","茹曦酒店(台北市松山區敦化北路100號)","本公司受邀參加華南永昌證券舉辦之「第二季產業暨企業論壇」，就公司營運概況等說明。","337620240529M001.pdf","337620240529E001.pdf","https://www.szs-group.com/investor/conference","","無","查詢"
"3376","新日興","113/06/06","15:00","台北W飯店(台北市信義區忠孝東路五段10號)","本公司受邀參加花旗證券舉辦之「2024 Taiwan Tech Conference」，就公司營運概況等說明。","337620240529M001.pdf","337620240529E001.pdf","https://www.szs-group.com/investor/conference","","無","查詢"
"3376","新日興","113/06/04","14:00","台北君悅酒店 (台北市信義區松壽路2號)","本公司受邀參加HSBC x TWSE Taiwan Conference 2024，就公司營運概況等說明。","337620240529M001.pdf","337620240529E001.pdf","https://www.szs-group.com/investor/conference","","無","查詢"
"3376","新日興","113/03/29","15:30","集思北科大會議中心(台北市大安區忠孝東路三段1號2、3樓)","本公司受邀參加凱基證券舉辦之「2024全球景氣衰退新投資亮點論壇」，就公司營運概況等說明。","337620240328M001.pdf","337620240328E001.pdf","https://www.szs-group.com/investor/conference","","無","查詢"
"3376","新日興","113/04/08 至 113/04/09","14:30","香港港麗酒店(香港特別行政區金鐘道88號太古廣場)","本公司受邀參加匯豐證券舉辦之「HSBC Global Investment Summit 2024」，就公司營運概況等說明。","337620240328M001.pdf","337620240328E001.pdf","https://www.szs-group.com/investor/conference","","無","查詢"
"3376","新日興","113/12/05","15:20","台北晶華酒店(台北市中山北路二段39巷3號)","本公司受邀參加凱基證券舉辦之「2024年第四季投資論壇」，就公司營運概況等說明。","337620241128M001.pdf","337620241128E001.pdf","https://www.szs-group.com/investor/conference",中文影音檔網址:3376_156_20241205_ch.mp4 ,"無","查詢"
"3376","新日興","113/09/03","14:00","台北君悅飯店(台北市信義區松壽路2號)","本公司受邀參加Goldman Sachs舉辦之「Taiwan Corporate Day 2024」，就公司營運概況等說明。","337620240816M001.pdf","337620240816E001.pdf","https://www.szs-group.com/investor/conference","","無","查詢"
"3376","新日興","113/08/19","10:00","台北W飯店(台北市信義區忠孝東路五段10號)","本公司受邀參加Nomura舉辦之「Asia Tech Tour」，就公司營運概況等說明。","337620240816M001.pdf","337620240816E001.pdf","https://www.szs-group.com/investor/conference","","無","查詢"
"3376","新日興","113/10/28 至 113/10/29","09:00","香港","國泰證券舉辦之海外路演，說明本公司業務現況。","337620241024M003.pdf","337620241024E003.pdf","https://www.szs-group.com/investor/conference",法說會影音連結資訊:未輸 ,"無","查詢"
"3380","明泰","113/11/22","14:00","茹曦酒店(台北市松山區敦化北路100號)","本公司受邀參加華南永昌證券舉辦之第四季產業暨企業論壇，將於上述時間地點，向法人投資者就已公開發佈之財務數字、經營績效等相關資訊做說明。","338020241122M001.pdf","338020241122E001.pdf","https://www.alphanetworks.com/index.php/irnews",法說會影音連結資訊:https://youtu.be/VA-EkwXF47Y ,"無","查詢"
"3380","明泰","113/02/29","14:00","永豐金證券/台開大樓22樓會議廳 (台北市重慶南路一段2號22樓)","本公司受邀參加永豐金證券舉辦之法人說明會，說明本公司2023年度營運成果暨未來展望","338020240229M001.pdf","338020240229E001.pdf","https://www.alphanetworks.com/index.php/irnews",中文影音檔網址:3380_35_20240229_ch.MP4 ,"無","查詢"
"3406","玉晶光","113/11/18","14:30","線上法說會","113年前三季營運報告及說明","340620241115M001.pdf","340620241115E001.pdf","https://www.gseo.com/uploads/files/67344f6314705.pdf",中文影音檔網址:3406_8_20241118_ch.mp3 ,"完整財務業務資訊請至公開資訊觀測站之法人說明會一覽表或法說會項下查閱","查詢"
"3413","京鼎","113/06/12","15:15","台北君悅酒店(台北市信義區松壽路2號)","本公司受邀參加統一證券舉辦之法人說明會，會中說明本公司2024年第一季營運成果","341320240529M001.pdf","341320240529E001.pdf","http://www.foxsemicon.com.tw",法說會影音連結資訊:未輸 ,"無","查詢"
"3413","京鼎","113/03/13","13:30","台北君悅酒店(台北市信義區松壽路2號)","本公司受邀參加元大證券舉辦之「第一季投資論壇」,會中公布本公司2023年第四季營運成果","341320240313M001.pdf","341320240313E001.pdf","http://www.foxsemicon.com.tw",法說會影音連結資訊:未輸 ,"無","查詢"
"3413","京鼎","113/06/14","13:00","國立政治大學公共行政及企業管理教育中心 (台北市大安區金華街187 號)","本公司受邀參加福邦證券舉辦之鴻海暨轉投資企業主題系列座談，說明本公司營運概況。","341320240614M001.pdf","341320240614E001.pdf","http://www.foxsemicon.com.tw",法說會影音連結資訊:未輸 ,"無","查詢"
"3413","京鼎","113/09/05","14:35","台北文華東方酒店","本公司受邀參加國泰證券主辦之第三季論壇 ,會中公布本公司2024年第二季營運成果","341320240906M001.pdf","341320240906E001.pdf","http://www.foxsemicon.com.tw",中文影音檔網址:3413_42_20240905_ch.mp4 ,"無","查詢"
"3413","京鼎","113/05/29","14:00","台北市忠孝東路二段95號13號(兆豐證券總公司)","本公司受邀參加兆豐證券舉辦之法人說明會，會中公布本公司2024年第一季營運成果","341320240529M001.pdf","341320240529E001.pdf","http://www.foxsemicon.com.tw",法說會影音連結資訊:未輸 ,"無","查詢"
"3413","京鼎","113/12/10","11:00","國立政治大學公共行政及企業管理教育中心 (台北市大安區金華街187 號)","本公司受邀參加福邦證券舉辦之鴻海暨轉投資企業主題系列座談，會中公布本公司2024年第三季營運成果。","341320241209M001.pdf","341320241209E001.pdf","http://www.foxsemicon.com.tw/",中文影音檔網址:3413_43_20241210_ch.MP4 ,"內容檔案於會前非交易時間公告於公開資訊觀測站","查詢"
"3416","融程電","113/04/15 至 113/04/17","09:00","新加坡Fullerton Hotel","本公司受邀參加寬量國際主辦之「15th Taiwan CEO Week」，說明本公司之營運概況、財務及業務相關資訊。","341620240412M001.pptx","341620240412E001.pptx","https://www.winmate.com/Corporate/MaterialInformation","","完整財務業務資訊請至公開資訊觀測站之法人說明會一覽表或法說會項目下查閱。","查詢"
"3416","融程電","113/03/27","14:00","&#29319;亞會議中心2樓會議室 (台北市復興北路99號2樓)","本公司受邀參加富邦證券舉辦之法說會，說明本公司之營運概況、財務及業務相關資訊。","341620240327M001.pptx","341620240327E001.pptx","https://www.winmate.com/Corporate/MaterialInformation",中文影音檔網址:3416_22_20240327_ch.mp4 ,"完整財務業務資訊請至公開資訊觀測站之法人說明會一覽表或法說會項目下查閱。","查詢"
"3416","融程電","113/09/12","14:00","新北市三重區中興南街18號","說明本公司之營運概況、財務及業務相關資訊。","341620240912M001.pptx","341620240912E001.pptx","https://www.winmate.com/upload/Shareholder/20240912_Conference.pdf",法說會影音連結資訊:https://dc.winmate.com.tw/InvestorConference/Winmate1130912InvestorConference_1.mp4 影音連結網址_續1:https://dc.winmate.com.tw/InvestorConference/Winmate1130912InvestorConference_2.mp4 影音連結網址_續2:https://dc.winmate.com.tw/InvestorConference/Winmate1130912InvestorConference_3.mp4 影音連結網址_續3:https://dc.winmate.com.tw/InvestorConference/Winmate1130912InvestorConference_4.mp4 影音連結網址_續4:https://dc.winmate.com.tw/InvestorConference/Winmate1130912InvestorConference_5.mp4 ,"完整財務業務資訊請至公開資訊觀測站之法人說明會一覽表或法說會項目下查閱。","查詢"
"3419","譁裕","113/11/22","14:00","線上法說會(Webex線上會議)","本公司受邀參加統一證券舉辦之線上法人說明會","341920241121M001.pdf","341920241121E001.pdf","https://www.whayu.com/",中文影音檔網址:3419_13_20241122_ch.mp4 ,"無","查詢"
"3432","台端","113/12/24","14:00","新北市中和區中正路880號13樓","本公司113年營運簡報","343220241223M001.pdf","343220241223E001.pdf","",中文影音檔網址:3432_9_20241224_ch.mp4 ,"無","查詢"
"3437","榮創","113/11/28","14:30","福邦證券總公司(台北市忠孝西路一段6號14樓)","本公司受邀參加福邦證券舉辦之法人說明會，說明本公司之營運、財務及業務概況。","343720241128M002.pdf","343720241128E002.pdf","https://www.aot.com.tw/events/",法說會影音連結資訊:https://www.aot.com.tw/wp-content/AOT_%E6%B3%95%E8%AA%AA%E6%9C%83_20241128.mp4 ,"相關資訊將依規定揭露於公開資訊觀測站。","查詢"
"3443","創意","113/03/04","14:00","W Hotel","本公司受邀參加Citi 2024 Taiwan Corporate Day，說明本公司營運概況。","344320240131M001.pdf","344320240131E001.pdf","https://www.guc-asic.com/tw/investor-financials-quarterly.php","","無","查詢"
"3443","創意","113/03/06","15:20","台北文創(台北市信義區菸廠路88號)","本公司受邀參加元富證券2024年春季投資論壇，說明本公司營運概況。","344320240131M001.pdf","344320240131E001.pdf","https://www.guc-asic.com/tw/investor-financials-quarterly.php","","無","查詢"
"3443","創意","113/02/02","14:00","兆豐證券總公司(台北市忠孝東路二段95號13樓)","公布2023年第四季財務報告與營運績效","344320240131M001.pdf","344320240131E001.pdf","https://www.guc-asic.com/tw/investor-financials-quarterly.php",同步收看網址：:https://webpage-ott2b.cdn.hinet.net/webpage/live?contentProvider=guc 法說會影音連結資訊:https://www.guc-asic.com/tw/investor-financials-quarterly.php ,"無","查詢"
"3443","創意","113/02/20","11:00","台北君悅酒店","本公司受邀參加JP Morgan舉辦之Taiwan CEO-CFO Conference ，說明本公司營運概況。","344320240131M001.pdf","344320240131E001.pdf","https://www.guc-asic.com/tw/investor-financials-quarterly.php","","無","查詢"
"3443","創意","113/11/25","15:00","台北101大樓 SPACE 88會議廳","本公司受邀參加Morgan Stanley -Post-AP Summit Taiwan Tech Trip 2024，說明本公司營運概況","344320241106M001.pdf","344320241106E001.pdf","https://www.guc-asic.com/tw/investor-financials-quarterly.php","","無","查詢"
"3443","創意","113/11/13","10:00","台北遠東香格里拉飯店","本公司受邀參加CLST Taiwan Market Mover 2025 Access Day，說明本公司營運概況","344320241106M001.pdf","344320241106E001.pdf","https://www.guc-asic.com/tw/investor-financials-quarterly.php","","無","查詢"
"3443","創意","113/11/18","10:00","台北君悅酒店","本公司受邀參加 Taiwan Conference: Tech and Beyond 2024，說明本公司營運概況","344320241106M001.pdf","344320241106E001.pdf","https://www.guc-asic.com/tw/investor-financials-quarterly.php","","無","查詢"
"3443","創意","113/02/22","10:00","W Hotel Taipei","本公司受邀參加Daiwa Taipei Corporate Day，說明本公司營運概況。","344320240131M001.pdf","344320240131E001.pdf","https://www.guc-asic.com/tw/investor-financials-quarterly.php","","無","查詢"
"3443","創意","113/07/26","14:00","台北市忠孝東路二段95號13樓(兆豐證券總公司十三樓)","公布2024年第二季財務報告與營運績效","344320240725M001.pdf","344320240725E001.pdf","https://www.guc-asic.com/tw/investor-financials-quarterly.php",法說會影音連結資訊:https://www.guc-asic.com/tw/investor-financials-quarterly.php ,"本次法說會不提供直播,將於會後提供全程錄影回放","查詢"
"3443","創意","113/11/27","15:15","台北晶華酒店4樓","本公司受邀參加台新2024年第四季全球投資論壇，說明本公司營運概況","344320241106M001.pdf","344320241106E001.pdf","https://www.guc-asic.com/tw/investor-financials-quarterly.php","","無","查詢"
"3443","創意","113/11/27","11:00","W Hotel Taipei","本公司受邀參加 Daiwa Taiwan Corporate Day，說明本公司營運概況","344320241106M001.pdf","344320241106E001.pdf","https://www.guc-asic.com/tw/investor-financials-quarterly.php","","無","查詢"
"3443","創意","113/03/15","13:30","茹曦酒店 (台北市松山區敦化北路100號2樓)","本公司受邀參加國泰證券2024年第一季投資論壇，說明本公司營運概況。","344320240131M001.pdf","344320240131E001.pdf","https://www.guc-asic.com/tw/investor-financials-quarterly.php","","無","查詢"
"3443","創意","113/03/19","10:00","Grand Hyatt Taipei","本公司受邀參加美林證券(BofA)2024 APAC TMT Conference，說明本公司營運概況。","344320240131M001.pdf","344320240131E001.pdf","https://www.guc-asic.com/tw/investor-financials-quarterly.php","","無","查詢"
"3443","創意","113/05/17","16:00","線上法說會","本公司受邀參加台灣證券交易所及永豐金證券合辦之SinoPac x TWSE Taiwan Corporate Day 2024","344320240510M001.pdf","344320240510E001.pdf","https://www.guc-asic.com/tw/investor-financials-quarterly.php","","無","查詢"
"3443","創意","113/05/22","14:00","線上說明會","本公司受邀參加元大證券舉辦韓國區域投資論壇，說明本公司營運概況。","344320240510M001.pdf","344320240510E001.pdf","https://www.guc-asic.com/tw/investor-financials-quarterly.php","","無","查詢"
"3443","創意","113/05/31 至 113/05/31","14:00","台北市松山區敦化北路100號(茹曦酒店)","本公司受邀參加華南永昌證券舉辦產暨企業論壇，說明本公司營運概況","344320240510M001.pdf","344320240510E001.pdf","https://www.guc-asic.com/tw/investor-financials-quarterly.php","","無","查詢"
"3443","創意","113/06/03 至 113/06/03","10:00","台北市信義區松仁路7號5F","本公司受邀參加UBS Taiwan AI Focused Corporate Day，說明本公司營運概況","344320240510M001.pdf","344320240510E001.pdf","https://www.guc-asic.com/tw/investor-financials-quarterly.php","","無","查詢"
"3443","創意","113/06/06 至 113/06/06","09:00","W hotel (台北W飯店)","本公司受邀參加花旗證券舉辦的 Citi 2024 Taiwan Conference","344320240510M001.pdf","344320240510E001.pdf","https://www.guc-asic.com/tw/investor-financials-quarterly.php","","無","查詢"
"3443","創意","113/09/02","15:00","台北東方文華酒店","受邀參加 Morgan Stanley&#039;s Taiwan AI Forum 2024 ,說明本公司營運及業務狀況。","344320240725M001.pdf","344320240725E001.pdf","https://www.guc-asic.com/tw/investor-financials-quarterly.php","","無","查詢"
"3443","創意","113/09/03 至 113/09/04","14:00","台北君悅酒店","受邀參加GS Taiwan Corporate Day 2024,說明本公司營運及業務狀況。","344320240725M001.pdf","344320240725E001.pdf","https://www.guc-asic.com/tw/investor-financials-quarterly.php","","無","查詢"
"3443","創意","113/09/06","15:40","台北文華東方酒店","受邀參加國泰證券第三季論壇 ,說明本公司營運及業務狀況。","344320240725M001.pdf","344320240725E001.pdf","https://www.guc-asic.com/tw/investor-financials-quarterly.php","","無","查詢"
"3443","創意","113/09/11","14:00","集思北科大會議中心","本公司受邀參加KGI凱基2024年第三季投資論壇,說明本公司營運及業務狀況。","344320240725M001.pdf","344320240725E001.pdf","https://www.guc-asic.com/tw/investor-financials-quarterly.php","","無","查詢"
"3443","創意","113/08/28","15:20","台北文創(台北市信義區菸廠路88號)","受邀參加元富證券2024年秋季投資論壇，說明本公司營運及業務狀況。","344320240725M001.pdf","344320240725E001.pdf","https://www.guc-asic.com/tw/investor-financials-quarterly.php","","無","查詢"
"3443","創意","113/08/21","15:15","台北晶華酒店4樓(台北市中山北路二段39巷3號)","受邀參加台新2024年第三季全球投資論壇，會中說明本公司營運及業務狀況。","344320240725M001.pdf","344320240725E001.pdf","https://www.guc-asic.com/tw/investor-financials-quarterly.php","","無","查詢"
"3443","創意","113/09/24","09:00","W Hotel Taipei","本公司受邀參加UBS Taiwan Summit 2024，說明本公司營運概況。","344320240725M001.pdf","344320240725E001.pdf","https://www.guc-asic.com/tw/investor-financials-quarterly.php","","無","查詢"
"3447","展達","113/09/11","14:30","元大證券(台北市寶慶路69號4樓會議室)","本公司受邀參加元大證券舉辦之法人說明會，說明公司業務及營運概況。","344720240911M001.pdf","344720240911E001.pdf","http://www.xavi.com.tw",中文影音檔網址:3447_3_20240911_ch.mp4 ,"無","查詢"
"3450","聯鈞","113/05/22","14:30","台灣證�野璈鰫�1樓資訊展示中心(台北市信義路五段7號)","本公司召開法人說明會","345020240522M001.pptx","345020240522E001.pptx","http://www.elaser.com.tw/sp1-6.htm",同步收看網址：:http://webpro.twse.com.tw/ 法說會影音連結資訊:http://webpro.twse.com.tw/ ,"14點開放進場","查詢"
"3481","群創","113/08/05","14:00","線上法說會","本公司將舉辦2024年下半年線上法說會，報告113年第二季公司營運成果及未來營運展望。","348120240805M001.pdf","348120240805E001.pdf","https://www.innolux.com/tw/ir/investor-conference_list.html",同步收看網址：:https://wms.gridow.com/ir/innolux/innolux_2H24_en.html 法說會影音連結資訊:https://wms.gridow.com/ir/innolux/innolux_2H24_en.html ,"無","查詢"
"3481","群創","113/11/20 至 113/11/21","09:30","新加坡","本公司受邀參加Morgan Stanley舉辦之「Twenty-Third Annual Asia Pacific Summit」，說明營運現況及前景。","348120241119M001.pdf","348120241119E001.pdf","","","無","查詢"
"3481","群創","113/03/05","10:00","台北 W HOTEL","公司受邀參加花旗証券所舉辦之「 Citi Taiwan Corporate Day」，說明營運現況及前景。","348120240305M001.pdf","348120240305E001.pdf","https://www.innolux.com/tw/ir/investor-conference_list.html","","無","查詢"
"3481","群創","113/03/04","14:30","台北君悅酒店3F凱悅二區宴會廳 (台北市信義區松壽路2號)","(1)報告112年第四季公司營運成果及未來營運展望。
(2)參加方式：請參見https://www.innolux.com/tw/ir/investor-conference_list.html","348120240304M001.pdf","348120240304E001.pdf","https://www.innolux.com/tw/ir/investor-conference_list.html",同步收看網址：:https://wms.gridow.com/ir/innolux/innolux_1H24_en.html 法說會影音連結資訊:https://wms.gridow.com/ir/innolux/innolux_1H24_en.html ,"無","查詢"
"3481","群創","113/03/20","10:00","台北君悅酒店","公司受邀參加美林証券所舉辦之「2024 APAC TMT Conference」，說明營運現況及前景。","348120240304M001.pdf","348120240304E001.pdf","","","無","查詢"
"3481","群創","113/12/09 至 113/12/10","09:00","香港","本公司受邀參加野村證券舉辦之「PHYSICAL Taiwan Corporate Day 2024」，說明營運現況及前景。","348120241119M001.pdf","348120241119E001.pdf","","","無","查詢"
"3481","群創","113/06/04","11:00","台北君悅酒店","公司受邀參加匯豐證券所舉辦之「HSBC x TWSE Taiwan Conference 2024」，說明營運現況及前景。","348120240304M001.pdf","348120240304E001.pdf","","","無","查詢"
"3481","群創","113/06/05","10:00","W Hotel","公司受邀參加花旗證券所舉辦之「Citi 2024 Taiwan Conference」，說明營運現況及前景。","348120240304M001.pdf","348120240304E001.pdf","","","無","查詢"
"3481","群創","113/09/27","14:00","線上法人說明會","本公司受邀參加康和證券所舉辦之線上法人說明會，說明營運現況及前景。","348120240805M001.pdf","348120240805E001.pdf","https://www.innolux.com/tw/ir/investor-conference_list.html",同步收看網址：:https://youtu.be/KDNGQOsa9gw0 法說會影音連結資訊:https://youtu.be/KDNGQOsa9gw0 ,"無","查詢"
"3481","群創","113/09/03","13:00","W Hotel","公司受邀參加花旗證券所舉辦之「 Citi AI Tech Tour」，說明營運現況及前景。","348120240805M001.pdf","348120240805E001.pdf","","","無","查詢"
"3481","群創","113/09/04","10:00","台北君悅酒店","公司受邀參加高盛證券所舉辦之「 Taiwan Corporate Day」，說明營運現況及前景。","348120240805M001.pdf","348120240805E001.pdf","","","無","查詢"
"3494","誠研","113/12/19","14:00","台北市東興路8號13樓","本公司受邀參加統一證券舉辦法說會，說明113年前三季營運成果及公司未來營運展望","349420241218M001.pdf","349420241218E001.pdf","",中文影音檔網址:3494_11_20241219_ch.MP4 ,"無","查詢"
"3501","維熹","113/12/05","15:30","福邦證券總公司(台北市忠孝西路一段6號7樓 B會議室)","本公司受邀參加福邦證券舉辦之法人說明會，說明本公司之營運概況及財務業務相關資訊","350120241205M002.pdf","350120241205E002.pdf","http://www.wellshin.com.tw",中文影音檔網址:3501_10_20241205_ch.MP4 ,"無","查詢"
"3504","揚明光","113/07/25","15:00","線上法說會網路直播","113年上半年度財務業務報告","內容檔案於當日會後公告於公開資訊觀測站","內容檔案於當日會後公告於公開資訊觀測站","https://www.youngoptics.com/investors-13-16-115",同步收看網址：:http://www.zucast.com/webcast/qELBZsCR 法說會影音連結資訊:未輸 ,"無","查詢"
"3504","揚明光","113/02/23","15:00","線上法說會網路直播","112年度財務業務報告","350420240223M001.pdf","350420240223E001.pdf","https://www.youngoptics.com/investors-13-16-110",同步收看網址：:http://www.zucast.com/webcast/iGGSqDtv 法說會影音連結資訊:http://www.zucast.com/webcast/iGGSqDtv ,"無","查詢"
"3504","揚明光","113/07/26","15:00","線上法說會網路直播","113年上半年度財務業務報告","350420240726M001.pdf","350420240726E001.pdf","https://www.youngoptics.com/investors-13-16-115",同步收看網址：:http://www.zucast.com/webcast/qELBZsCR 法說會影音連結資訊:http://www.zucast.com/webcast/qELBZsCR ,"無","查詢"
"3515","華擎","113/03/07","15:30","君悅酒店(台北市信義區松壽路二號)","本公司受邀參加富邦證券舉辦之2024 Q1富邦企業日","351520240307M001.pdf","351520240307E001.pdf","https://www.asrock.com/general/investor.tw.asp?cat=Finance",中文影音檔網址:3515_26_20240307_ch.mp4 ,"無","查詢"
"3515","華擎","113/06/13","15:00","台北市中山區長安東路一段35號2樓","本公司受邀參加第一金證券舉辦之法人說明會","351520240613M001.pdf","351520240613E001.pdf","https://www.asrock.com/general/investor.tw.asp?cat=Finance",中文影音檔網址:3515_27_20240613_ch.MP4 ,"無","查詢"
"3515","華擎","113/12/11","15:00","台北市中山區樂群三路128號7樓","本公司受邀參加國票綜合證券舉辦之法人說明會","351520241211M001.pdf","351520241211E001.pdf","https://www.asrock.com/general/investor.tw.asp?cat=Finance","","無","查詢"
"3515","華擎","113/09/19","15:00","台北晶華酒店(台北市中山北路二段39巷3號4F)","本公司受邀參加元大證券舉辦之2024年第三季投資論壇","351520240919M001.pdf","351520240919E001.pdf","https://www.asrock.com/general/investor.tw.asp?cat=Finance","","無","查詢"
"3518","柏騰","113/12/02","14:30","臺灣證券交易所1樓資訊展示中心
(台北市信義區信義路5段7號1樓)","公司簡介及營運概況說明","351820241129M001.pdf","351820241129E001.pdf","http://www.pttech.com.tw/investor-conference/",法說會影音連結資訊:https://webpro.twse.com.tw/WebPortal/vod/101/DD82882FEA3C-823D4356-B080-11EF-9A37/?categoryId=101 ,"會議資料依規定於法說會後揭露於公開資訊觀測站及公司網站","查詢"
"3518","柏騰","113/08/26","14:30","臺灣證券交易所1樓資訊展示中心
(台北市信義區信義路5段7號1樓)","公司簡介及營運概況說明","351820240823M001.pdf","351820240823E001.pdf","http://www.pttech.com.tw/investor-conference/",法說會影音連結資訊:https://webpro.twse.com.tw/WebPortal/vod/101/3DA1BDDEDEF7-EE71B363-637F-11EF-BF7B/?categoryId=101 ,"會議資料依規定於法說會後揭露於公開資訊觀測站及公司網站","查詢"
"3528","安馳","113/08/27","14:30","台北市忠孝東路二段95號13樓(兆豐證券會議室)","兆豐證券舉辦之法人說明會，說明本公司營運成果及未來展望","352820240827M001.pdf","352820240827E001.pdf","https://www.macnica.com/apac/anstek/zh_tw/investors/stake-holders/investor-relations/",中文影音檔網址:3528_12_20240827_ch.mp4 ,"無","查詢"
"3530","晶相光","113/09/19","14:30","線上法說會","本公司受邀參加永豐金證券舉辦之線上法人說明會，說明本公司之營運概況。","353020240919M001.pdf","353020240919E001.pdf","https://www.soinc.com.tw/investors/finance/legal","","報名請洽永豐金鄒小姐(02)23828166或E-MAIL:joyce.tsou@sinopac.com","查詢"
"3530","晶相光","113/12/24","14:30","線上法說會","本公司受邀參加永豐金證券舉辦之線上法人說明會，說明本公司之營運概況。","353020241223M001.pdf","353020241223E001.pdf","https://www.soinc.com.tw/investors/finance/legal",中文影音檔網址:3530_14_20241224_ch.mp4 ,"報名請洽永豐金鄒小姐(02)23828166或E-MAIL:joyce.tsou@sinopac.com","查詢"
"3532","台勝科","113/06/06","14:00","線上法說會","本公司受邀參加由華南永昌證券舉辦之線上法說會，將於會中說明本公司近期營運概況。","353220240605M001.pdf","353220240605E001.pdf","https://www.fstech.com.tw/",法說會影音連結資訊:未輸 ,"華南永昌聯絡資訊 電話02-2545-6888 ext 8261 E-mail:10015@entrust.com.tw","查詢"
"3532","台勝科","113/11/06","14:00","線上法說會(原10/31法說會受康芮颱風影響延至11/6舉辦)","本公司10/31原受邀參加華南永昌證券舉辦之線上法說會，受康芮颱風影響，延至11/6舉辦。","353220241105M001.pdf","353220241105E001.pdf","https://www.fstech.com.tw/",中文影音檔網址:3532_18_20241106_ch.mp4 ,"華南永昌聯絡資訊 電話02-2545-6888 E-mail:10512@entrust.com.tw","查詢"
"3533","嘉澤","113/11/18","10:00","線上會議","本公司受邀參加KGI Group call，說明本公司之營運概況、財務及業務相關訊息。","353320241115M002.pdf","353320241115E002.pdf","",法說會影音連結資訊:https://www.youtube.com/watch?v=FIZsBfskgqo ,"無","查詢"
"3533","嘉澤","113/11/18","14:00","線上會議","本公司受邀參加HSBC Group conference call，說明本公司之營運概況、財務及業務相關訊息。","353320241115M001.pdf","353320241115E001.pdf","","","無","查詢"
"3533","嘉澤","113/11/20","14:00","台北君悅酒店","本公司受邀參加Macquarie Taiwan Conference，說明本公司之營運概況、財務及業務相關訊息。","353320241115M003.pdf","353320241115E003.pdf","","","無","查詢"
"3533","嘉澤","113/11/25","16:00","88F of Taipei 101","本公司受邀參加Morgan Stanley Post AP-Summit Taiwan Tech Trip，說明本公司之營運概況、財務及業務相關訊息。","353320241115M004.pdf","353320241115E004.pdf","","","無","查詢"
"3533","嘉澤","113/03/19 至 113/03/21","13:00","台北君悅酒店","本公司受邀參加美銀證券BofA Securities舉辦之2024 APAC TMT Conference，說明本公司之營運概況、財務及業務相關訊息。","353320240314M001.pdf","353320240314E001.pdf","","","無","查詢"
"3533","嘉澤","113/03/14","15:10","宏遠證券7樓會議室(台北市信義路4段236號7樓)","本公司受邀參加宏遠證券2024年未來趨勢產業投資論壇，說明本公司之營運概況、財務及業務相關訊息","353320231120M001.pdf","353320231120E001.pdf","",法說會影音連結資訊:https://www.youtube.com/watch?v=rPBO_gKyLVw ,"無","查詢"
"3533","嘉澤","113/06/03","13:30","UBS台北辦公室","本公司受邀參加UBS AI Focused Corporate Day，說明本公司之營運概況、財務及業務相關訊息。","353320240528M003.pdf","353320240528E003.pdf","","","無","查詢"
"3533","嘉澤","113/06/03","17:00","Morgan Stanley Taipei Office(Taipei 101 83F)","本公司受邀參加Morgan Stanley Spotlight on Computex，說明本公司之營運概況、財務及業務相關訊息。","353320240528M004.pdf","353320240528E004.pdf","","","無","查詢"
"3533","嘉澤","113/06/13","14:00","台北茹曦酒店","本公司受邀參加凱基2024年第二季投資論壇，說明本公司之營運概況、財務及業務相關訊息。","353320240528M005.pdf","353320240528E005.pdf","","","無","查詢"
"3533","嘉澤","113/06/05","15:00","台北市信義路五段106號8F","本公司受邀參加JP Morgan Computex Tech Tour，說明本公司之營運概況、財務及業務相關訊息。","353320240528M002.pdf","353320240528E002.pdf","","","無","查詢"
"3533","嘉澤","113/06/07","15:00","W Hotel Taipei","本公司受邀參加Citi 2024 Taiwan Conference in Taipei，說明本公司之營運概況、財務及業務相關訊息。","353320240528M001.pdf","353320240528E001.pdf","","","無","查詢"
"3533","嘉澤","113/09/03","12:00","W Hotel Taipei","本公司受邀參加Citi AI Tech Tour，說明本公司之營運概況、財務及業務相關訊息","353320240902M002.pdf","353320240902E002.pdf","","","無","查詢"
"3533","嘉澤","113/09/03","14:00","台北君悅酒店","本公司受邀參加高盛證券Taiwan Corporate Day，說明本公司之營運概況、財務及業務相關訊息。","353320240902M001.pdf","353320240902E001.pdf","","","無","查詢"
"3533","嘉澤","113/09/05","15:00","線上法說會","本公司受邀參加KGI線上法說會，說明本公司之營運概況、財務及業務相關訊息","353320240902M003.pdf","353320240902E003.pdf","","","無","查詢"
"3535","晶彩科","113/11/29","13:30","新竹縣竹北市環北路二段197號3樓","介紹公司概況，說明營運成果以及未來展望","353520241129M001.pdf","353520241129E001.pdf","https://www.favite.com/shareholder/",法說會影音連結資訊:https://www.youtube.com/watch?v=_dyfQR8KrIU ,"無","查詢"
"3535","晶彩科","113/08/28","13:30","新竹縣竹北市環北路二段197號3樓","介紹公司概況，說明營運成果以及未來展望","353520240828M001.pdf","353520240828E001.pdf","https://www.favite.com/shareholder/",法說會影音連結資訊:https://www.youtube.com/watch?v=r8_HbY_rFFQ ,"無","查詢"
"3543","州巧","113/12/30","14:30","福邦證券總公司(台北市忠孝西路一段6號7樓)","受邀參加福邦證券舉辦之法人說明會，就本
公司已公開之財務業務資訊做說明。","354320241227M001.pdf","354320241227E001.pdf","https://www.jochu.com/StockServices.html",法說會影音連結資訊:https://youtu.be/yUqW-K4XbZE ,"無","查詢"
"3545","敦泰","113/02/23","14:30","線上法說會","受邀參加富邦證券舉辦之線上法人說明會","354520240223M001.pdf","354520240223E001.pdf","https://www.focaltech-electronics.com",中文影音檔網址:3545_147_20240223_ch.mp4 ,"報名請洽富邦法人部: tingju.yeh@fubon.com","查詢"
"3545","敦泰","113/05/10","14:30","線上法說會","受邀參加富邦證券舉辦之線上法人說明會","354520240510M001.pdf","354520240510E001.pdf","https://www.focaltech-electronics.com",中文影音檔網址:3545_148_20240510_ch.mp4 ,"報名請洽富邦法人部: tingju.yeh@fubon.com","查詢"
"3545","敦泰","113/08/09","14:30","線上法說會","受邀參加富邦證券舉辦之線上法人說明會","354520240809M001.pdf","354520240809E001.pdf","https://www.focaltech-electronics.com",中文影音檔網址:3545_149_20240809_ch.mp4 ,"報名請洽富邦法人部: tingju.yeh@fubon.com","查詢"
"3545","敦泰","113/11/13","14:30","線上法說會","受邀參加富邦證券舉辦之線上法人說明會","354520241113M001.pdf","354520241113E001.pdf","https://www.focaltech-electronics.com",中文影音檔網址:3545_150_20241113_ch.mp4 ,"報名請洽富邦法人部: tingju.yeh@fubon.com","查詢"
"3550","聯穎","113/11/21","14:30","台北市中正區忠孝東路二段95號13F(兆豐證券大樓13樓)","本公司受兆豐證券邀請，參加其舉辦的法人座談會，說明本公司營運及財務概況。","355020241115M001.pptx","355020241115E001.pptx","http://www.copartner.com.tw/front/bin/ptdetail.phtml?Part=info20221014&amp;Category=101749",法說會影音連結資訊:https://www.youtube.com/watch?v=n3TWJOWejlU ,"無","查詢"
"3557","嘉威","113/11/27","14:30","台北市松山區東興路8號13樓1302會議室","本公司受邀參加統一證券舉辦之法人說明會，說明本公司產業及營運狀況。","355720241127M001.pdf","355720241127E001.pdf","https://www.jiaweils.com/ActivityInfo/C000010",中文影音檔網址:3557_9_20241127_ch.mp4 ,"無","查詢"
"3563","牧德","113/06/07","14:35","台北喜來登大飯店(台北市中正區忠孝東路一段12號)","本公司受邀參加國泰證券2024年第二季論壇，針對公司營運狀況說明。","356320240606M002.pdf","356320240606E002.pdf","https://www.machvision.com.tw",法說會影音連結資訊:未輸 ,"無","查詢"
"3563","牧德","113/05/28","15:00","台北晶華酒店（台北市中山區中山北路二段39巷3號）","本公司受邀參加台新2024年第二季全球投資論壇，針對公司營運狀況說明。","356320240528M001.pdf","356320240528E001.pdf","https://www.machvision.com.tw",法說會影音連結資訊:https://youtu.be/Cq57j6sXRBE ,"無","查詢"
"3576","聯合再生","113/06/26","14:00","線上法人說明會","本公司受邀參加元大證券舉辦線上法人說明會","357620240625M001.pdf","357620240625E001.pdf","",中文影音檔網址:3576_41_20240626_ch.mp4 ,"無","查詢"
"3576","聯合再生","113/03/07","14:00","台北市南港區經貿二路168號3樓
(中信金控總部A棟3樓會議室)","說明公司營運狀況及未來展望","357620240305M001.pdf","357620240305E001.pdf","",法說會影音連結資訊:未輸 ,"無","查詢"
"3576","聯合再生","113/09/10","14:00","台北市南港區經貿二路168號3樓","說明公司營運狀況及未來展望","357620240909M001.pdf","357620240909E001.pdf","",法說會影音連結資訊:未輸 ,"無","查詢"
"3576","聯合再生","113/12/25","14:00","線上法人說明會","本公司受邀參加凱基證券舉辦線上法人說明會。","357620241224M001.pdf","357620241224E001.pdf","",中文影音檔網址:3576_43_20241225_ch.mp4 ,"無","查詢"
"3583","辛耘","113/03/14","11:00","台北集思北科大會議中心","本公司受邀參加凱基證券舉辦之第一季投資論壇，向法人投資者說明本公司112年第4季之財務報告相關資訊。","358320240313M001.pdf","358320240313E001.pdf","https://www.scientech.com.tw/zh-hant/pages/%E6%B3%95%E8%AA%AA%E6%9C%83.aspx",中文影音檔網址:3583_31_20240314_ch.mp4 ,"無","查詢"
"3583","辛耘","113/06/27","14:00","&#29319;亞商務中心","本公司受邀參加富邦證券舉辦之法人說明會，向法人投資者說明本公司113年第1季之財務報告相關資訊。","358320240626M001.pdf","358320240626E001.pdf","https://www.scientech.com.tw/zh-hant/pages/%E6%B3%95%E8%AA%AA%E6%9C%83.aspx","","無","查詢"
"3583","辛耘","113/08/20","14:00","台北101","本公司受邀參加美銀證券所舉辦之投資論壇，說明營運概況。","358320240626M001.pdf","358320240626E001.pdf","https://www.scientech.com.tw/zh-hant/pages/%E6%B3%95%E8%AA%AA%E6%9C%83.aspx","","無","查詢"
"3583","辛耘","113/11/27","09:00","港島香格里拉，香港。","本公司受邀參加BofA所舉辦之投資論壇，向法人投資者說明本公司113年第3季之財務報告相關資訊。","358320241107M002.pdf","358320241107E002.pdf","https://www.scientech.com.tw/zh-hant/pages/%E6%B3%95%E8%AA%AA%E6%9C%83.aspx","","無","查詢"
"3583","辛耘","113/11/13","14:00","臺北市信義區信義路5段7號88樓","本公司受邀參加黑石財經舉辦之「戰略台灣投資論壇」","358320241107M001.pdf","358320241107E001.pdf","https://www.scientech.com.tw/zh-hant/pages/%E6%B3%95%E8%AA%AA%E6%9C%83.aspx","","無","查詢"
"3583","辛耘","113/09/24","10:30","茹曦酒店","本公司受邀參加群益證券舉辦之第三季投資論壇，向法人投資者說明本公司113年第2季之財務報告相關資訊。","358320240626M001.pdf","358320240626E001.pdf","https://www.scientech.com.tw/zh-hant/pages/%E6%B3%95%E8%AA%AA%E6%9C%83.aspx",中文影音檔網址:3583_34_20240924_ch.MP4 ,"無","查詢"
"3588","通嘉","113/12/10","14:30","康和證券總公司B2會議室
(台北市信義區基隆路一段176號B2)","本公司受邀參加康和綜合證券所舉辦之法人說明會，就本公司已公開發佈之財務數字及經營績效等相關資訊做說明。","358820241210M001.pdf","358820241210E001.pdf","https://www.leadtrend.com.tw/tw/investor/shareholder-services/conference-information",中文影音檔網址:3588_12_20241210_ch.MP4 ,"無","查詢"
"3591","艾笛森","113/05/09","14:00","線上法人說明會","本公司受邀參加富邦證券所舉辦之法人說明會，說明本公司113年第一季營運成果及近期營運展望","359120240506M001.pdf","359120240506E001.pdf","https://www.edison-opto.com/investor-conference_tw_1.php",中文影音檔網址:3591_23_20240509_ch.mp4 ,"無","查詢"
"3591","艾笛森","113/03/08","14:00","台北市大安區仁愛路四段169號2樓會議室【富邦金融中心】","本公司受邀參加富邦證券所舉辦之法人說明會，說明本公司112年第四季營運成果及近期營運展望","359120240306M001.pdf","359120240306E001.pdf","https://www.edison-opto.com/investor-conference_tw_1.php",中文影音檔網址:3591_22_20240308_ch.mp4 ,"無","查詢"
"3591","艾笛森","113/11/27","14:00","線上法人說明會","本公司受邀參加富邦證券所舉辦之法人說明會，說明本公司113年第三季營運成果及近期營運展望","359120241205M001.pdf","359120241205E001.pdf","https://www.edison-opto.com/investor-conference_tw_1.php",中文影音檔網址:3591_25_20241127_ch.mp4 ,"無","查詢"
"3591","艾笛森","113/08/15","14:00","線上法人說明會","本公司受邀參加富邦證券所舉辦之法人說明會，說明本公司113年第二季營運成果及近期營運展望","359120240812M001.pdf","359120240812E001.pdf","https://www.edison-opto.com/investor-conference_tw_1.php",中文影音檔網址:3591_24_20240815_ch.mp4 ,"無","查詢"
"3591","艾笛森","113/12/13","14:00","台北市大安區忠孝東路四段219號5樓","本公司受邀參加國泰證券所舉辦之法人說明會，說明本公司113年第三季營運成果及近期營運展望","359120241205M002.pdf","359120241205E002.pdf","https://www.edison-opto.com/investor-conference_tw_1.php","","無","查詢"
"3592","瑞鼎","113/05/09","14:00","線上法說會","本公司受邀參加永豐證券舉辦之線上法人說明會，報告公司營運現況與未來展望。","359220240509M001.pdf","359220240509E001.pdf","https://esg.rad-ic.com/investors/information/investor-conference/investor-calendar/",法說會影音連結資訊:https://youtu.be/SE8GU3y-pMs ,"報名請洽永豐證券法人部 謝小姐(email:Betty.hsieh@sinopac.com)","查詢"
"3592","瑞鼎","113/02/29","14:00","線上法說會","本公司受邀參加富邦證券舉辦之線上法人說明會，報告公司營運現況與未來展望。","359220240229M001.pdf","359220240229E001.pdf","https://esg.rad-ic.com/investors/information/investor-conference/investor-calendar/",法說會影音連結資訊:https://www.youtube.com/watch?v=dYoIdHsbWUs ,"報名請洽富邦證券法人部Ivy (email:tingju.yeh@fubon.com)","查詢"
"3592","瑞鼎","113/08/08","14:00","線上法說會","本公司受邀參加國泰證券舉辦之線上法人說明會，報告公司營運現況與未來展望。","359220240808M001.pdf","359220240808E001.pdf","https://esg.rad-ic.com/investors/information/investor-conference/investor-calendar",法說會影音連結資訊:https://www.youtube.com/watch?v=0PiAS8Zuxvs ,"報名請洽國泰證券法人部vani.chen@cathaysec.com.tw","查詢"
"3592","瑞鼎","113/11/07","14:00","線上法說會","本公司受邀參加凱基證券舉辦之線上法人說明會，報告公司營運現況與未來展望。","359220241107M001.pdf","359220241107E001.pdf","https://esg.rad-ic.com/investors/information/investor-conference/investor-calendar",法說會影音連結資訊:https://youtu.be/EsFvQNHtF8g ,"報名請洽凱基證券法人部janice.cheng@kgi.com","查詢"
"3593","力銘","113/10/04","14:30","台北市信義區信義路五段7號1樓 (臺灣證券交易所101辦公大樓)","本公司簡介及營運概況說明","359320241002M001.pdf","359320241002E001.pdf","http://www.logah.com/",法說會影音連結資訊:https://webpro.twse.com.tw/WebPortal/vod/101/ED4F0D4DA505-822E6B20-821C-11EF-9746/?categoryId=101 ,"無","查詢"
"3596","智易","113/02/26","15:00","線上機構投資人說明會","本公司受邀參加由永豐證券所舉辦之「智易(3596)2023 Q4線上法人說明會」，說明本公司營運及財務概況。","359620240222M001.pdf","359620240222E001.pdf","https://www.arcadyan.com/",中文影音檔網址:3596_46_20240226_ch.mp4 ,"無","查詢"
"3596","智易","113/04/22 至 113/04/26","09:00","馬來西亞(113/04/22)，新加坡(113/04/23~111/04/24)及香港(113/04/25~113/04/26)","本公司受邀參加由國泰證券主辦之「智易(3596.TT)海外路演」，說明本公司營運及財務概況。","359620240222M001.pdf","359620240222E001.pdf","https://www.arcadyan.com/","","無","查詢"
"3596","智易","113/03/19 至 113/03/21","09:00","台北君悅酒店(台北市信義區松壽路2號)","本公司受邀參加由美國銀行證券所舉辦之「2024 APAC TMT Conference」，說明本公司營運及財務概況。","359620240222M001.pdf","359620240222E001.pdf","https://www.arcadyan.com/","","無","查詢"
"3596","智易","113/09/03 至 113/09/04","09:00","台北君悅酒店(台北市信義區松壽路2號)","本公司受邀參加由高盛所舉辦之「Taiwan Corporate Day 2024」，說明本公司營運及財務概況。","359620240829M001.pdf","359620240829E001.pdf","https://www.arcadyan.com/","","無","查詢"
"3596","智易","113/11/06","15:00","線上機構投資人說明會","本公司受邀參加由永豐證券所舉辦之「智易(3596)2024 Q3線上法人說明會」，說明本公司營運及財務概況。","359620241104M001.pdf","359620241104E001.pdf","https://www.arcadyan.com/",中文影音檔網址:3596_50_20241106_ch.mp4 ,"無","查詢"
"3605","宏致","113/11/27","15:15","台北晶華酒店（台北市中山區中山北路二段39巷3號）","本公司受邀參加台新證券2024年第四季投資論壇，說明公司營運概況。","360520241127M001.pdf","360520241127E001.pdf","https://www.acesconn.com/tw/investors6","","無","查詢"
"3605","宏致","113/09/23","14:30","KGI凱基證券總部大樓(台北市明水路700號12樓)","本公司受邀參加凱基證券舉辦之法人說明會，說明公司未來經營策略及願景。","360520240923M001.pdf","360520240923E001.pdf","https://www.acesconn.com/tw/investors6",中文影音檔網址:3605_24_20240923_ch.mp4 ,"無","查詢"
"3607","谷崧","113/12/04","14:30","台北市信義區信義路5段7號1樓(證券交易所資訊展示中心)","本公司近期營運狀況說明","360720241204M001.ppt","360720241204E001.ppt","http://www.coxongroup.com",法說會影音連結資訊:https://webpro.twse.com.tw/WebPortal/vod/101/DD82882FEA3C-50A1C5DD-B20E-11EF-9A37/?categoryId=101 ,"報到時間: 14:00~14:30","查詢"
"3617","碩天","113/11/12","14:30","台新綜合證券(台北市中山區建國北路一段96號B1會議室)","本公司受邀參加台新綜合證券舉辦之法人說明會，說明本公司之營運概況、財務及業務相關資訊。","361720241112M001.pdf","361720241112E001.pdf","https://www.cyberpower.com/tw/zh/investor/shareholder",中文影音檔網址:3617_18_20241112_ch.mp4 ,"無","查詢"
"3617","碩天","113/05/15","14:30","宏遠證券703會議室(台北市信義路四段236號7樓)","本公司受邀參加宏遠證券舉辦之法人說明會，說明本公司之營運概況、財務及業務相關資訊。","361720240515M001.pdf","361720240515E001.pdf","https://www.cyberpower.com/tw/zh/investor/shareholder","","無","查詢"
"3617","碩天","113/09/05","13:30","台北市松山區敦化北路158號B2(台北文華東方酒店B2)","本公司受邀參加國泰證券舉辦之第三季論壇，說明本公司之營運概況、財務及業務相關資訊。","361720240905M001.pdf","361720240905E001.pdf","https://www.cyberpower.com/tw/zh/investor/shareholder",法說會影音連結資訊:https://reurl.cc/ZVeKDa ,"無","查詢"
"3622","洋華","113/04/11","14:30","線上法說會","2023年營運成果及2024年營運展望","362220240411M001.pdf","362220240411E001.pdf","http://www.yfo.com.tw/index.php?option=com_content&amp;task=view&amp;id=104&amp;Itemid=77",中文影音檔網址:3622_41_20240411_ch.mp3 ,"法說會書面資料請於2024/4/10(三)17:30後至公開資訊觀測站或本公司網站下載","查詢"
"3622","洋華","113/09/20","14:00","線上法說會","2024年H1營運狀況及營運展望","362220240918M001.pdf","362220240918E001.pdf","http://www.yfo.com.tw/index.php?option=com_content&amp;task=view&amp;id=105&amp;Itemid=77",中文影音檔網址:3622_42_20240920_ch.mp3 ,"法說會資料請於2024/9/19(四)17:30後至公開資訊觀測站或本公司網站下載。","查詢"
"3645","達邁","113/11/07","16:00","臺灣證券交易所1樓資訊展示中心(台北市信義路五段7號)","本公司2024年第三季財務暨營運報告","364520241107M001.pdf","364520241107E001.pdf","https://www.taimide.com.tw",法說會影音連結資訊:https://webpro.twse.com.tw/webportal/vod/101/4F9CE0A5F132-52C5E370-9CEC-11EF-97A4/?categoryId=101 ,"無","查詢"
"3652","精聯","113/12/12","14:30","線上法說會","受邀參加 凱基證券舉辦之線上法人說明會，報名請洽 凱基證券 鄭小姐，電話：02-2181-8167。E-mail：janice.cheng@kgi.com","365220241212M001.pdf","365220241212E001.pdf","https://www.ute.com/tw/ir/information/legal",中文影音檔網址:3652_4_20241212_ch.mp4 ,"無。","查詢"
"3653","健策","113/12/04","15:00","台北晶華酒店(台北市中山北路二段39巷3號4樓)","本公司受邀參加元大證券第四季投資論壇，說明本公司營運概況及展望。","365320241204M002.pdf","365320241204E002.pdf","https://www.jentech.com.tw/zh/%E6%B3%95%E8%AA%AA%E6%9C%83",中文影音檔網址:3653_12_20241204_ch.mp4 ,"無","查詢"
"3661","世芯-KY","113/11/18","11:00","台北君悅酒店","本公司受邀參加麥格理證券(Macquarie)舉辦之「Taiwan Conference: Tech and Beyond 2024」，說明本公司之營運概況、財務及業務相關資訊。","366120241101M001.pdf","366120241101E001.pdf","https://www.alchip.com/tw/Investors/financials/seminar",法說會影音連結資訊:https://www.alchip.com/tw/Investors/financials/seminar ,"無","查詢"
"3661","世芯-KY","113/05/03","14:30","線上法說會","說明2024年第一季營運與財務概況暨未來展望","366120240503M001.pdf","366120240503E001.pdf","https://www.alchip.com/tw/Investors/financials/seminar",法說會影音連結資訊:https://www.alchip.com/tw/Investors/financials/seminar ,"簡報內容及影音連結於當日會後公告於公開資訊觀測站","查詢"
"3661","世芯-KY","113/03/21","16:00","Grand Hyatt Taipei","本公司受邀參加美林證券(BofA)2024 APAC TMT Conference，說明本公司營運概況。","366120240301M001.pdf","366120240301E001.pdf","https://www.alchip.com/tw/Investors/financials/seminar","","無","查詢"
"3661","世芯-KY","113/03/01","14:30","線上法說會","說明2023年營運成果及2024年營運概況暨未來展望","366120240301M001.pdf","366120240301E001.pdf","https://www.alchip.com/tw/Investors/financials/seminar",法說會影音連結資訊:https://www.alchip.com/tw/Investors/financials/seminar ,"簡報內容及影音連結於當日會後公告於公開資訊觀測站","查詢"
"3661","世芯-KY","113/08/23","14:30","線上法說會","說明2024年第二季營運與財務概況暨未來展望","366120240823M001.pdf","366120240823E001.pdf","https://www.alchip.com/tw/Investors/financials/seminar",法說會影音連結資訊:https://www.alchip.com/tw/Investors/financials/seminar ,"簡報內容及影音連結於當日會後公告於公開資訊觀測站","查詢"
"3661","世芯-KY","113/11/01","14:30","線上法說會","說明2024年第三季營運與財務概況暨未來展望","366120241101M001.pdf","366120241101E001.pdf","https://www.alchip.com/tw/Investors/financials/seminar",法說會影音連結資訊:https://www.alchip.com/tw/Investors/financials/seminar ,"簡報內容及影音連結於當日會後公告於公開資訊觀測站","查詢"
"3665","貿聯-KY","113/05/14","15:00","線上會議","本公司受邀參加富邦證券舉辦的2024年第一季財報英語之線上法人說明會，說明營運概況。","366520240514M001.pdf","366520240514E001.pdf","http://www.bizlinktech.com","","無","查詢"
"3665","貿聯-KY","113/05/27","09:00","香港四季酒店","本公司受邀參加瑞銀證券所舉辦之投資論壇，說明營運概況。","366520240514M005.pdf","366520240514E005.pdf","http://www.bizlinktech.com","","無","查詢"
"3665","貿聯-KY","113/06/06 至 113/06/07","09:00","W酒店","本公司受邀參加花旗證券所舉辦之投資論壇，說明營運概況。","366520240514M003.pdf","366520240514E003.pdf","http://www.bizlinktech.com","","無","查詢"
"3665","貿聯-KY","113/06/12","15:00","台北晶華酒店","本公司受邀參加元大證券所舉辦之2024年第二季投資論壇，說明營運概況。","366520240514M004.pdf","366520240514E004.pdf","http://www.bizlinktech.com","","無","查詢"
"3665","貿聯-KY","113/06/25","10:30","台北茹曦酒店","本公司受邀參加群益金鼎證券所舉辦之2024年第二季投資論壇，說明營運概況。","366520240514M002.pdf","366520240514E002.pdf","http://www.bizlinktech.com","","無","查詢"
"3665","貿聯-KY","113/05/28","15:20","台北文創6F","本公司受邀參加元富證券所舉辦之2024年夏季投資論壇，說明營運概況。","366520240514M001.pdf","366520240514E001.pdf","http://www.bizlinktech.com","","無","查詢"
"3665","貿聯-KY","113/02/19 至 113/02/20","09:00","台北君悅酒店","本公司受邀參加摩根大通證券所舉辦之投資論壇，說明營運概況。","366520231110M004.pdf","366520231110E004.pdf","http://www.bizlinktech.com","","無","查詢"
"3665","貿聯-KY","113/03/19 至 113/03/21","09:00","台北君悅酒店","本公司受邀參加美林證券所舉辦之投資論壇，說明營運概況。","366520240308M002.pdf","366520240308E002.pdf","http://www.bizlinktech.com","","無","查詢"
"3665","貿聯-KY","113/03/08","15:00","線上法說會","本公司受邀參加凱基證券舉辦的2023年第四季財報英語之線上法人說明會","366520240308M001.pdf","366520240308E001.pdf","http://www.bizlinktech.com","","無","查詢"
"3665","貿聯-KY","113/08/26","14:30","線上會議","(1) 本公司受邀參加元大證券舉辦的2024年第二季財報英語之線上法人說明會，說明營運概況。
(2) 參加方式：請參見https://yuanta-cbd.webex.com/meet/IISD","366520240826M004.pdf","366520240826E004.pdf","http://www.bizlinktech.com",同步收看網址：:https://yuanta-cbd.webex.com/meet/IISD 法說會影音連結資訊:https://drive.google.com/file/d/1Zfg9zCRSdplKC9NoY0niHG_dCzpe72ba/view ,"無","查詢"
"3665","貿聯-KY","113/09/03","15:00","台北文華東方酒店","本公司受邀參加摩根士丹利證券所舉辦之台灣AI投資論壇，說明營運概況。","366520240826M003.pdf","366520240826E003.pdf","http://www.bizlinktech.com","","無","查詢"
"3665","貿聯-KY","113/09/24 至 113/09/25","09:00","W酒店","本公司受邀參加新加坡商瑞銀證券所舉辦之2024年台灣峰會投資論壇，說明營運概況。","366520240826M001.pdf","366520240826E001.pdf","http://www.bizlinktech.com","","無","查詢"
"3665","貿聯-KY","113/09/09 至 113/09/12","09:00","新加坡和馬來西亞","本公司受邀參加摩根大通所舉辦之海外投資人會議，說明營運概況。","366520240826M004.pdf","366520240826E004.pdf","http://www.bizlinktech.com","","無","查詢"
"3665","貿聯-KY","113/11/08","14:30","線上會議","(1) 本公司受邀參加永豐證券舉辦的2024年第三季財報英語之線上法人說明會，說明營運概況。
(2) 參加方式：請參見https://reurl.cc/Ll26V3","366520241108M001.pdf","366520241108E001.pdf","http://www.bizlinktech.com",同步收看網址：:https://reurl.cc/Ll26V3 法說會影音連結資訊:https://drive.google.com/file/d/1MhjOuogavptcUD4S-jdrqvhtXds1Q3f4/view ,"無","查詢"
"3665","貿聯-KY","113/11/25","09:00","台北Space 88","本公司受邀參加摩根士丹利證券所舉辦之投資論壇，說明營運概況。","366520241108M005.pdf","366520241108E005.pdf","http://www.bizlinktech.com","","無","查詢"
"3665","貿聯-KY","113/11/15 至 113/11/19","09:00","美國","本公司受邀參加港商野村所舉辦之海外投資人會議，說明營運概況。","366520241108M002.pdf","366520241108E002.pdf","http://www.bizlinktech.com","","無","查詢"
"3665","貿聯-KY","113/11/26","09:00","香港","本公司受邀參加美林證券所舉辦之海外投資論壇，說明營運概況。","366520241108M006.pdf","366520241108E006.pdf","http://www.bizlinktech.com","","無","查詢"
"3665","貿聯-KY","113/11/27","09:00","香港","本公司受邀參加瑞銀證券所舉辦之海外投資人會議，說明營運概況。","366520241108M007.pdf","366520241108E007.pdf","http://www.bizlinktech.com","","無","查詢"
"3665","貿聯-KY","113/11/19","15:20","台北文創6F","本公司受邀參加元富證券所舉辦之2024年冬季投資論壇，說明營運概況。","366520241108M003.pdf","366520241108E003.pdf","http://www.bizlinktech.com","","無","查詢"
"3665","貿聯-KY","113/11/20","10:20","台北晶華酒店","本公司受邀參加康和證券所舉辦之2025年投資論壇，說明營運概況。","366520241108M004.pdf","366520241108E004.pdf","http://www.bizlinktech.com","","無","查詢"
"3665","貿聯-KY","113/12/06","11:00","台北W飯店","本公司受邀參加中信證券所舉辦之2024年第4季前瞻論壇，說明營運概況。","366520241108M008.pdf","366520241108E008.pdf","http://www.bizlinktech.com","","無","查詢"
"3665","貿聯-KY","113/09/19","09:30","台北晶華酒店","本公司受邀參加元大證券所舉辦之2024年第三季投資論壇，說明營運概況","366520240826M002.pdf","366520240826E002.pdf","http://www.bizlinktech.com","","無","查詢"
"3665","貿聯-KY","113/12/11","13:30","台北晶華酒店","本公司受邀參加永豐金證券所舉辦之2024年第四季投資論壇，說明營運概況。","366520241205M002.pdf","366520241205E002.pdf","http://www.bizlinktech.com","","無","查詢"
"3669","圓展","113/12/30","14:00","線上法說會","說明公司營運概況。","366920241230M001.pdf","366920241230E001.pdf","http://tw.aver.com",法說會影音連結資訊:https://tw.aver.com/investor-relations#events-presentations ,"法說會報名網址：https://forms.gle/KoS3EgEBh7kW3CdJ9","查詢"
"3669","圓展","113/08/28","14:30","國泰證券(台北市大安區敦化南路二段218號5樓)","本公司受邀參加國泰證券舉辦之法人說明會，說明公司營運概況。","366920240828M001.pdf","366920240828E001.pdf","http://tw.aver.com",:未輸 法說會影音連結資訊:https://tw.aver.com/investor-relations#shareholder-service ,"無。","查詢"
"3673","TPK-KY","113/03/05","14:30","線上法說會","TPK舉辦2023年第四季營運結果線上法人說明會","367320240305M001.pdf","367320240305E001.pdf","https://www.tpk.com/ir/",法說會影音連結資訊:https://www.tpk.com/ir/ ,"相關資料內容請至本公司網頁查詢 https://www.tpk.com/ir/","查詢"
"3673","TPK-KY","113/08/14","14:30","線上法說會","TPK舉辦2024年第二季營運結果線上法人說明會","367320240814M001.pdf","367320240814E001.pdf","https://www.tpk.com/ir/",法說會影音連結資訊:https://www.tpk.com/ir/ ,"相關資料內容請至本公司網頁查詢 https://www.tpk.com/ir/","查詢"
"3679","新至陞","113/08/14","14:30","線上法說會","本公司受邀參加永豐金證券舉辦之法人說明會。","367920240813M002.pdf","367920240813E002.pdf","https://www.nishoku.com.tw/zh-TW/Investor/Catalog?guid=18110215404026",中文影音檔網址:3679_15_20240814_ch.mp4 ,"無","查詢"
"3686","達能","113/11/21","14:00","新竹市東區慈雲路118號3樓會議室(雲智匯大樓)","綠能產業鏈之發展概況及未來營運展望","368620241121M001.pdf","368620241121E001.pdf","https://www.danentech.com/investor_overview.aspx",中文影音檔網址:3686_16_20241121_ch.mp4 ,"無","查詢"
"3694","海華","113/12/24","14:00","Webex 線上會議","本公司受元大證券股份有限公司邀請召開法人說明會，說明公司營運概況與未來展望。","369420241224M001.pdf","369420241224E001.pdf","https://www.azurewave.com/shareholder-service.html",中文影音檔網址:3694_10_20241224_ch.mp4 ,"無","查詢"
"3701","大眾控","113/12/11","14:00","福邦證券股份有限公司(臺北市中正區忠孝西路一段6號7樓)","本公司受邀參加福邦證券所舉辦之法人說明會，說明公司未來經營策略及願景。","370120241211M001.pdf","370120241211E001.pdf","https://www.ficg.com.tw/",中文影音檔網址:3701_11_20241211_ch.MP4 ,"無","查詢"
"3702","大聯大","113/11/19","14:30","線上法人說明會","本公司受邀參加凱基證券於113年11月19日舉辦之線上法人說明會，說明113年第三季營業報告。","370220241119M001.pdf","370220241119E001.pdf","https://www.wpgholdings.com/",法說會影音連結資訊:https://youtu.be/vqxXWsOSwtc ,"無","查詢"
"3702","大聯大","113/11/20","14:00","台北君悅酒店(台北市信義區松壽路2號)","本公司受邀參加麥格理證券所舉辦之「Macquarie Taiwan Conference: Tech and Beyond 2024」，會中就本公司11/19法說會已公開發佈之財務數字、經營績效等相關資訊做說明。","370220241119M001.pdf","370220241119E001.pdf","https://www.wpgholdings.com/","","無","查詢"
"3702","大聯大","113/06/04","14:00","台北君悅酒店(台北市信義區松壽路2號)","本公司將參加「HSBC x TWSE Taiwan Conference 2024」，會中就本公司5/15法說會已公開發佈之財務數字、經營績效等相關資訊做說明。","370220240515M001.pdf","370220240515E001.pdf","https://www.wpgholdings.com/",法說會影音連結資訊:未輸 ,"無","查詢"
"3702","大聯大","113/05/15","14:30","線上法人說明會","本公司受邀參加凱基證券於113年5月15日舉辦之線上法人說明會，說明113年第一季營業報告及第二季營運展望。","370220240515M001.pdf","370220240515E001.pdf","https://www.wpgholdings.com/",法說會影音連結資訊:未輸 ,"無","查詢"
"3702","大聯大","113/03/12","14:30","線上法人說明會","本公司受邀參加凱基證券於113年3月12日舉辦之線上法人說明會，說明112年第四季營業報告及113年第一季營運展望。","370220240312M001.pdf","370220240312E001.pdf","https://www.wpgholdings.com/",法說會影音連結資訊:https://youtu.be/CIe5J2smmq8 ,"無","查詢"
"3702","大聯大","113/08/20","14:30","線上法人說明會","本公司受邀參加凱基證券於113年8月20日舉辦之線上法人說明會，說明113年第二季營業報告及第三季營運展望。","370220240820M001.pdf","370220240820E001.pdf","https://www.wpgholdings.com/",法說會影音連結資訊:未輸 ,"無","查詢"
"3702","大聯大","113/12/05","15:40","台北遠東香格里拉飯店(台北市敦化南路二段201號B1)","本公司將參加國泰證券所舉辦之「國泰證券2024年第四季產業論壇」，會中就本公司11/19法說會已公開發佈之財務數字、經營績效等相關資訊做說明。","370220241119M001.pdf","370220241119E001.pdf","https://www.wpgholdings.com/","","無","查詢"
"3703","欣陸","113/05/13","14:30","投資人可透過電腦觀看直播或以電話參與，
會議電話:(02)3396-1191，密碼:1405513#","本公司將於5月13日召開線上法人說明會，會中報告2024年第一季經營成果。","370320240513M001.pdf","370320240513E001.pdf","https://www.continental-holdings.com/zh/investor-relations/shareholder/events-presentations/",中文影音檔網址:3703_31_20240513_ch.mp3 ,"無","查詢"
"3703","欣陸","113/03/11","14:30","投資人可透過電腦觀看直播或以電話參與，
會議電話:(02)3396-1191，密碼:1122511#","本公司將於3月11日召開線上法人說明會，會中報告2023年第四季經營成果。","370320240311M001.pdf","370320240311E001.pdf","https://www.continental-holdings.com/zh/investor-relations/shareholder/events-presentations/",中文影音檔網址:3703_30_20240311_ch.mp3 ,"無","查詢"
"3703","欣陸","113/08/01","14:30","投資人可透過電腦觀看直播或以電話參與，
會議電話:(02)3396-1191，密碼:1014001#","本公司將於8月1日召開線上法人說明會，會中報告2024年第二季經營成果。","370320240801M001.pdf","370320240801E001.pdf","https://www.continental-holdings.com/zh/investor-relations/shareholder/events-presentations/",中文影音檔網址:3703_32_20240801_ch.mp3 ,"無","查詢"
"3703","欣陸","113/11/04","14:30","線上法人說明會請造訪以下網址：http://www.zucast.com/webcast/SxchlEw4","本公司將於11月4日召開線上法人說明會，會中報告2024年第三季經營成果。","370320241104M001.pdf","370320241104E001.pdf","https://www.continental-holdings.com/zh/investor-relations/shareholder/events-presentations/",中文影音檔網址:3703_33_20241104_ch.mp3 ,"無","查詢"
"3704","合勤控","113/03/15","14:00","線上法說會","本公司受邀參加合庫證券於113年03月15日舉辦之線上法人說明會，向投資人說明112年第4季營業成果及未來營運展望。","370420240315M001.pdf","370420240315E001.pdf","https://zyxelgroup.irpro.co/tw/event.php",中文影音檔網址:3704_12_20240315_ch.mp4 ,"無","查詢"
"3705","永信","113/09/20","14:00","線上法說會","本公司受邀參加元大證券舉辦之線上法說會，報告本公司營運狀況。","370520240920M001.pptx","370520240920E001.pptx","http://www.yungshingroup.com/article/articles.aspx?r=103",中文影音檔網址:3705_15_20240920_ch.mp4 ,"無","查詢"
"3705","永信","113/12/26","14:00","線上法說會","本公司受邀參加元大證券舉辦之線上法說會，報告本公司營運狀況。","370520241226M001.pptx","370520241226E001.pptx","http://www.yungshingroup.com/article/articles.aspx?r=103",中文影音檔網址:3705_16_20241226_ch.mp4 ,"無","查詢"
"3706","神達","113/05/21","14:00","Webex","本公司受邀參加凱基證券舉辦之法人說明會，說明本公司今年第一季營運成果以及展望。","370620240521M001.pdf","370620240521E001.pdf","https://www.mitac.com/zh-TW/ir_information/index",中文影音檔網址:3706_13_20240521_ch.mp4 ,"無","查詢"
"3706","神達","113/11/28","14:00","線上法人說明會 - Webex","本公司受邀參加凱基證券舉辦之法人說明會，說明本公司今年前三季營運成果以及展望。","370620241128M001.pdf","370620241128E001.pdf","https://www.mitac.com/zh-TW/ir_information/index",中文影音檔網址:3706_14_20241128_ch.mp4 ,"無","查詢"
"3708","上緯投控","113/03/21","10:00","台北市松山區敦化北路100號(茹曦酒店)","主要向投資人說明本公司營運概況、財務及業務狀況","370820240320M001.pdf","370820240320E001.pdf","https://www.swancor.com/tw/video","","無","查詢"
"3708","上緯投控","113/06/04","14:00","台北市樂群三路128號7樓(國票金控大樓)","主要向投資人說明本公司營運概況、財務及業務狀況。","370820240604M001.pdf","370820240604E001.pdf","https://www.swancor.com/tw/ir/shareholder/legal",中文影音檔網址:3708_26_20240604_ch.MP4 ,"無","查詢"
"3708","上緯投控","113/11/14","14:00","台北市敦化南路一段108號B2(富邦國際會議中心)","本公司受邀參加富邦證券舉辦之法說會，說明本公司之財務及營運相關資訊。","370820241114M001.pdf","370820241114E001.pdf","https://www.swancor.com/tw/ir/shareholder/legal",中文影音檔網址:3708_27_20241114_ch.mp4 ,"無","查詢"
"3711","日月光投控","113/02/01","15:00","電話會議及網路廣播。","詳113年02月01日公開資訊觀測站之重大訊息與公告-法說會專區。","371120240201M001.pdf","371120240201E001.pdf","https://ir.aseglobal.com/c/index.php",法說會影音連結資訊:https://shorturl.at/ixDKZ ,"無","查詢"
"3711","日月光投控","113/02/19 至 113/02/20","10:00","台北君悅酒店","無。","371120240201M001.pdf","371120240201E001.pdf","https://ir.aseglobal.com/c/index.php","","簡報檔內容與113年02月01日召開之法人說明會相同。","查詢"
"3711","日月光投控","113/04/25","15:00","電話會議及網路廣播。","詳113年04月25日公開資訊觀測站之重大訊息與公告-法說會專區。","371120240425M001.pdf","371120240425E001.pdf","https://ir.aseglobal.com/c/index.php",法說會影音連結資訊:https://tinyurl.com/ycx6pz2v ,"無","查詢"
"3711","日月光投控","113/03/06 至 113/03/07","09:15","東京皇家王子大飯店花園塔","無。","371120240201M001.pdf","371120240201E001.pdf","https://ir.aseglobal.com/c/index.php","","簡報檔內容與113年02月01日召開之法人說明會相同。","查詢"
"3711","日月光投控","113/03/04","10:00","台北W飯店","無。","371120240201M001.pdf","371120240201E001.pdf","https://ir.aseglobal.com/c/index.php","","簡報檔內容與113年02月01日召開之法人說明會相同。","查詢"
"3711","日月光投控","113/06/03 至 113/06/04","17:00","J.P. Morgan 倫敦辦公室","無。","371120240425M001.pdf","371120240425E001.pdf","https://ir.aseglobal.com/c/index.php","","簡報檔內容與113年04月25日召開之法人說明會相同。","查詢"
"3711","日月光投控","113/06/11","22:00","Bank of America Tower, 紐約","無。","371120240425M001.pdf","371120240425E001.pdf","https://ir.aseglobal.com/c/index.php","","簡報檔內容與113年04月25日召開之法人說明會相同。","查詢"
"3711","日月光投控","113/03/19","10:00","台北君悅酒店","無。","371120240201M001.pdf","371120240201E001.pdf","https://ir.aseglobal.com/c/index.php","","簡報檔內容與113年02月01日召開之法人說明會相同。","查詢"
"3711","日月光投控","113/05/27","09:00","香港四季酒店","無。","371120240425M001.pdf","371120240425E001.pdf","https://ir.aseglobal.com/c/index.php","","簡報檔內容與113年04月25日召開之法人說明會相同。","查詢"
"3711","日月光投控","113/05/24","09:00","Morgan Stanley東京辦公室","無。","371120240425M001.pdf","371120240425E001.pdf","https://ir.aseglobal.com/c/index.php","","簡報檔內容與113年04月25日召開之法人說明會相同。","查詢"
"3711","日月光投控","113/07/25","15:00","電話會議及網路廣播。","詳113年07月25日公開資訊觀測站之重大訊息與公告-法說會專區。","371120240725M001.pdf","371120240725E001.pdf","https://ir.aseglobal.com/c/index.php",法說會影音連結資訊:https://tinyurl.com/bdhuxj4p ,"無。","查詢"
"3711","日月光投控","113/09/03","10:00","台北W飯店","無。","371120240725M001.pdf","371120240725E001.pdf","https://ir.aseglobal.com/c/index.php","","簡報檔內容與113年07月25日召開之法人說明會相同。","查詢"
"3711","日月光投控","113/10/31","15:00","線上會議","詳113年10月31日公開資訊觀測站之重大訊息與公告-法說會專區。","371120241031M001.pdf","371120241031E001.pdf","https://ir.aseglobal.com/c/index.php",法說會影音連結資訊:https://tinyurl.com/34ak9x7f ,"無。","查詢"
"3711","日月光投控","113/09/19 至 113/09/20","15:00","香港港島香格里拉","無。","371120240725M001.pdf","371120240725E001.pdf","https://ir.aseglobal.com/c/index.php","","簡報檔內容與113年07月25日召開之法人說明會相同。","查詢"
"3711","日月光投控","113/09/12","00:30","舊金山Palace Hotel","無。","371120240725M001.pdf","371120240725E001.pdf","https://ir.aseglobal.com/c/index.php","","簡報檔內容與113年07月25日召開之法人說明會相同。","查詢"
"3711","日月光投控","113/09/25","10:00","網路線上會議","無。","371120240924M001.pdf","371120240924E001.pdf","https://ir.aseglobal.com/c/index.php",法說會影音連結資訊:https://tinyurl.com/4c74w6nt ,"無。","查詢"
"3711","日月光投控","113/09/23 至 113/09/24","10:00","台北W飯店","無。","371120240725M001.pdf","371120240725E001.pdf","https://ir.aseglobal.com/c/index.php","","簡報檔內容與113年07月25日召開之法人說明會相同。","查詢"
"3712","永崴投控","113/11/21","15:00","福邦證券股份有限公司(台北市忠孝西路一段6號14樓)","本公司營運狀況及未來展望說明","371220241121M001.pdf","371220241121E001.pdf","http://www.fit-holding.com/","","無","查詢"
"3712","永崴投控","113/03/27","14:00","福邦證券股份有限公司(台北市忠孝西路一段6號14樓)","本公司營運狀況及未來展望說明","371220240327M002.pdf","371220240327E002.pdf","http://www.fit-holding.com/",中文影音檔網址:3712_12_20240327_ch.mp4 ,"無","查詢"
"3712","永崴投控","113/06/20","15:00","福邦證券股份有限公司(台北市忠孝西路一段6號14樓)","本公司營運狀況及未來展望說明","371220240620M001.pdf","371220240620E001.pdf","http://www.fit-holding.com/",中文影音檔網址:3712_13_20240620_ch.MP4 ,"無","查詢"
"3712","永崴投控","113/09/20","14:00","福邦證券股份有限公司(台北市忠孝西路一段6號7樓)","本公司營運狀況及未來展望說明","371220240920M001.pdf","371220240920E001.pdf","http://www.fit-holding.com/","","無","查詢"
"3714","富采","113/08/09","14:00","線上法說會","本公司2024年第二季財務結果及業務摘要。","371420240809M002.pdf","371420240809E002.pdf","https://www.ennostar.com/financial",同步收看網址：:https://www.ennostar.com/financial 法說會影音連結資訊:https://www.ennostar.com/financial ,"無。","查詢"
"3714","富采","113/02/23","14:00","線上法說會","公司簡介及就已公開財務、業務等相關資訊作說明。","371420240223M001.pdf","371420240223E001.pdf","https://www.ennostar.com/financial",同步收看網址：:https://www.ennostar.com/financial 法說會影音連結資訊:https://www.ennostar.com/financial ,"無。","查詢"
"3714","富采","113/05/03","14:00","線上法說會","公司簡介及就已公開財務、業務等相關資訊作說明。","371420240503M001.pdf","371420240503E001.pdf","https://www.ennostar.com/financial",同步收看網址：:https://www.ennostar.com/financial 法說會影音連結資訊:https://www.ennostar.com/financial ,"無。","查詢"
"3714","富采","113/11/07","14:00","線上法說會","本公司2024年第三季財務結果及業務摘要。","371420241107M001.pdf","371420241107E001.pdf","https://www.ennostar.com/financial",同步收看網址：:https://www.ennostar.com/financial 法說會影音連結資訊:https://www.ennostar.com/financial ,"無。","查詢"
"3715","定穎投控","113/05/08","14:30","Webex線上會議","本公司受邀參加永豐金證券舉辦之線上法人說明會，說明2024年第一季營運概況。","371520240508M001.pdf","371520240508E001.pdf","https://www.dynaholding.com/investment/index.html#s2",中文影音檔網址:3715_11_20240508_ch.mp4 ,"會議連結請報名索取：https://www.surveycake.com/s/eqYkV","查詢"
"3715","定穎投控","113/06/07","14:35","台北喜來登大飯店(台北市中正區忠孝東路一段12號)","本公司受邀參加國泰證券舉辦之「2024第二季論壇」，說明本公司營運概況。","371520240508M001.pdf","371520240508E001.pdf","https://www.dynaholding.com/investment/index.html#s2","","無","查詢"
"3715","定穎投控","113/03/13","14:30","Webex線上會議","本公司受邀參加永豐金證券舉辦之線上法人說明會，說明2023年第四季及整年的營運概況。","371520240313M001.pdf","371520240313E001.pdf","https://www.dynaholding.com/investment/index.html#s2",中文影音檔網址:3715_10_20240313_ch.mp4 ,"會議連結請報名索取：https://www.surveycake.com/s/VWKRR","查詢"
"3715","定穎投控","113/08/08","14:30","Webex線上會議","本公司受邀參加永豐金證券舉辦之線上法人說明會，說明2024年第二季營運概況。","371520240808M001.pdf","371520240808E001.pdf","https://www.dynaholding.com/investment/index.html#s2",中文影音檔網址:3715_13_20240808_ch.mp4 ,"會議連結請報名索取：https://www.surveycake.com/s/39dK9","查詢"
"3715","定穎投控","113/10/28","15:00","台北文創大樓(台北市信義區菸廠路88號6樓)","本公司受邀參加富邦證券舉辦之法人說明會，說明2024年第三季營運概況。","371520241028M001.pdf","371520241028E001.pdf","https://www.dynaholding.com/investment/index.html#s2",法說會影音連結資訊:未輸 ,"會議報名窗口：富邦證券法人業務部 tingju.yeh@fubon.com","查詢"
"3716","中化控股","113/09/13","14:00","線上法人說明會","公司營運現況及未來展望","371620240913M001.pdf","371620240913E001.pdf","",中文影音檔網址:3716_1_20240913_ch.mp4 ,"報名請洽富邦證券    tingju.yeh@fubon.com","查詢"
"4104","佳醫","113/03/27","16:20","線上法人說明會","本公司受統一證券邀請舉辦公開法人說明會","410420240327M002.pdf","410420240327E002.pdf","https://www.excelsiormedical.com.tw/投資人專區/法說會/",中文影音檔網址:4104_24_20240327_ch.mp4 ,"無","查詢"
"4104","佳醫","113/11/26","16:00","線上法人說明會","本公司受統一證券邀請舉辦公開法人說明會","410420241126M001.pdf","410420241126E001.pdf","https://www.excelsiormedical.com.tw/投資人專區/法說會/",中文影音檔網址:4104_27_20241126_ch.mp4 ,"無","查詢"
"4104","佳醫","113/08/30","16:20","線上法人說明會","本公司受統一證券邀請舉辦公開法人說明會","410420240830M001.pdf","410420240830E001.pdf","https://www.excelsiormedical.com.tw/投資人專區/法說會/",中文影音檔網址:4104_26_20240830_ch.mp4 ,"無","查詢"
"4104","佳醫","113/05/27","15:30","線上法人說明會","本公司受統一證券邀請舉辦公開法人說明會","410420240527M001.pdf","410420240527E001.pdf","www.excelsiormedical.com.tw/投資人專區/法說會/",中文影音檔網址:4104_25_20240527_ch.mp4 ,"無","查詢"
"4106","雃博","113/05/07","15:00","新北市土城區民生街9號","112年營運結果與營運近況說明","410620240507M001.pdf","410620240507E001.pdf","https://tw.wellell.com/zh-tw",法說會影音連結資訊:https://youtu.be/hYlBLMKlqqk ,"完整財務業務資訊請至公開資訊觀測站之法人說明會一覽表或法說會項目下查閱。","查詢"
"4106","雃博","113/11/29","15:00","新北市土城區民生街9號","113年前三季營運結果與營運近況說明","410620241129M001.pdf","410620241129E001.pdf","https://tw.wellell.com/zh-tw/investor-area/Investor_Conference/2ad1926351424b7c946dab7e705e2f09",法說會影音連結資訊:https://www.youtube.com/watch?v=qTwQGSoOIH0&feature=youtu.be ,"無","查詢"
"4108","懷特","113/09/13","14:30","台新證券:台北市中山區建國北路一段96號B1會議室","本公司受台新證券邀請，舉辦實體法說會，由經營團隊向法人及投資者說明公司研發及展業最新狀況。
懷特為台灣第一家新藥研發型上市公司，研發成功的「懷特血寶&#174;凍晶注射劑」是台灣衛福TFDA第一個核准上市、全球唯一治療「癌因性疲憊症」的處方新藥，於110年3月1日正式獲得健保給付。懷特痛寶&#174;亦取得TFDA藥證，為全球第一個解除中重度疼痛、低成癮性的納布啡口服新藥，目前已陸續進入國內各大醫療通路並與國際藥廠洽談授權中。","410820240913M001.pdf","410820240913E001.pdf","https://www.phytohealth.com.tw/tw/news/category",中文影音檔網址:4108_23_20240913_ch.mp4 ,"相關資訊將依規定揭露於公開資訊觀測站。","查詢"
"4119","旭富","113/01/31","15:00","線上會議","說明本公司營運概況","411920240131M001.pdf","411920240131E001.pdf","http://www.sci-pharmtech.com.tw",法說會影音連結資訊:https://webpro.twse.com.tw/WebPortal/vod/101/AFFB31871F55-89A58287-C031-11EE-BEC5/?categoryId=101 ,"無","查詢"
"4133","亞諾法","113/11/21","14:00","線上法說會","本公司受凱基證券邀請，舉辦線上法人說明會，說明本公司財務業務概況及未來展望。 
本次法說會使用webex系統，會議網址：
https://kgitw.webex.com/kgitw-tc/j.php?MTID=mccd6f475c8f953373cb75f9922fce1bd
會議號碼：2519 649 1019
進入會議密碼：4133","413320241119M001.pdf","413320241119E001.pdf","https://www.abnova.com/zh-tw/download/investor-conference#tab-anchor",同步收看網址：:https://kgitw.webex.com/kgitw-tc/j.php?MTID=mccd6f475c8f953373cb75f9922fce1bd 法說會影音連結資訊:https://www.abnova.com/zh-tw/download/investor-conference#tab-anchor ,"無","查詢"
"4133","亞諾法","113/05/30","14:00","線上法說會","本公司受凱基證券邀請，舉辦線上法人說明會，說明本公司財務業務概況及未來展望。
本次會議使用webex系統 :
報名網址：https://ib.kgi.com/IBWebSite/Views/Registration/RegistPage.aspx?ActNbr=1354
凱基證券將於法說會前一日，提供報名者線上法說會網址及登入密碼資訊。","413320240529M001.pdf","413320240529E001.pdf","https://www.abnova.com/zh-tw/download/investor-conference#tab-anchor",同步收看網址：:https://www.abnova.com/zh-tw/download/investor-conference#tab-anchor 法說會影音連結資訊:https://www.abnova.com/zh-tw/download/investor-conference#tab-anchor ,"無","查詢"
"4137","麗豐-KY","113/04/09","15:10","台北市信義區信義路五段7號(101台灣證券交易所1樓資訊展示中心)","本公司受邀參加永豐金證券與台灣證交所舉辦之「證交所2024生技產業主題式業績發表會」，說明112年第四季之財務、營運成本及公司未來展望。","413720240409M001.pdf","413720240409E001.pdf","http://www.chlitinaholding.com/",同步收看網址：:https://webpro.twse.com.tw/webportal/vod/101/AFA37D874E81-896F87A2-F648-11EE-B985/?categoryId=101 法說會影音連結資訊:未輸 ,"完整財務業務資訊請至公開資訊觀測站之法人說明會一覽表或法說會項目下查閱。","查詢"
"4137","麗豐-KY","113/05/31","14:00","台北茹曦酒店 會議室VIP6(台北市松山區敦化北路100號會議室VIP6)","本公司受邀參加華南永昌證券主辦之2024年第二季產業暨企業論壇，說明2024年第一季之財務、營運成本及公司未來展望。","413720240531M001.pdf","413720240531E001.pdf","http://www.chlitinaholding.com/","","無。","查詢"
"4137","麗豐-KY","113/09/09","14:30","臺灣證券交易所1樓資訊展示中心(台北市信義路五段7號)","本公司受邀參加臺灣證券交易所舉辦第一上市公司財務業務說明會，說明2024年第二季之財務、營運成本及公司未來展望。","413720240909M001.pdf","413720240909E001.pdf","http://www.chlitinaholding.com/index.php?apps=investor&amp;mod=welcome&amp;action=index",同步收看網址：:https://webpro.twse.com.tw/WebPortal/vod/101/F305E4EF4A67-B346B473-6E7C-11EF-93AD/?categoryId=101 法說會影音連結資訊:https://webpro.twse.com.tw/WebPortal/vod/101/F305E4EF4A67-B346B473-6E7C-11EF-93AD/?categoryId=101 ,"無","查詢"
"4137","麗豐-KY","113/12/05","16:30","臺灣證券交易所1樓資訊展示中心(台北市信義路五段7號)","本公司受邀參加臺灣證券交易所舉辦第一上市公司財務業務說明會，說明2024年第四季之財務、營運成本及公司未來展望。","413720241205M001.pdf","413720241205E001.pdf","http://www.chlitinaholding.com/index.php?apps=investor&amp;mod=welcome&amp;action=index",同步收看網址：:https://webpro.twse.com.tw/WebPortal/vod/101/F305E4EF4A67-B346B473-6E7C-11EF-93AD/?categoryId=101 法說會影音連結資訊:https://webpro.twse.com.tw/webportal/?liveChannelId=1 ,"無","查詢"
"4137","麗豐-KY","113/10/24","14:00","台北市大安區仁愛路四段169號15樓(富邦金融中心)","本公司受邀參加富邦證券舉辦法人說明會，說明113年第二季之財務、營運成果及公司未來展望。","413720240909M001.pdf","413720240909E001.pdf","http://www.chlitinaholding.com/","","無","查詢"
"4142","國光生","113/12/03","14:30","台北市大安區敦化南路二段201號
遠東飯店5F八方廳Platinum Suite","本公司受邀參加台新證券舉辦之「台新證券法人說明會」","414220241202M002.pdf","414220241202E002.pdf","",中文影音檔網址:4142_42_20241203_ch.mp4 ,"無","查詢"
"4148","全宇生技-KY","113/12/10","15:30","臺灣證券交易所(101大樓)1樓資訊展示中心
(台北市信義路五段七號)","臺灣證券交易所舉辦之第一上市公司及創新板公司法人說明會，
說明本公司財務業務狀況及經營績效。","414820241209M001.pdf","414820241209E001.pdf","",同步收看網址：:https://webpro.twse.com.tw/webportal/?liveChannelId=1 法說會影音連結資訊:https://webpro.twse.com.tw/WebPortal/vod/101/DD82882FEA3C-E9DE4C16-B6CF-11EF-9A37/?categoryId=101 ,"無","查詢"
"4155","訊映","113/11/27","14:30","線上法說會","受邀參加富邦綜合證券舉辦之線上法說會","415520241126M001.pptx","415520241126E001.pptx","https://www.okbiotech.com/zh-tw/news.html",法說會影音連結資訊:https://www.youtube.com/watch?v=yeDOyyAOrvQ&feature=youtu.be ,"相關資訊將依規定揭露於公開資訊觀測站","查詢"
"4164","承業醫","113/11/26","14:30","台北市內湖區行愛路88號","公司概況、營運成果、近況更新及未來展望","416420241125M001.pdf","416420241125E001.pdf","https://www.chcg.com/investor-events/?_sft_investor_events_year=2024",法說會影音連結資訊:https://www.chcg.com/investor-events/?_sft_investor_events_year=2024 ,"無","查詢"
"4164","承業醫","113/05/28","14:30","台北市內湖區行愛路88號(100會議室)","公司概況、營運成果及近況更新","416420240527M001.pdf","416420240527E001.pdf","https://www.chcg.com/investor-events/?_sft_investor_events_year=2024",法說會影音連結資訊:https://www.chcg.com/investor-events/?_sft_investor_events_year=2024 ,"無","查詢"
"4169","泰宗","113/04/24","14:00","福邦證券7B+C會議室（台北市忠孝西路一段6號7樓）","本公司受邀參加福邦證券及環球生技月刊舉辦之生醫投資論壇「2024股躍新程 製藥發展關鍵布局」","416920240423M002.pdf","416920240423E002.pdf","","","無","查詢"
"4178","永笙-KY","113/12/02","14:30","君悅飯店3樓凱悅廳(台北市信義區松壽路2號)","本公司召開興櫃前法人說明會，說明本公司營運概況與未來展望。","417820241202M001.pdf","417820241202E001.pdf","","","無。","查詢"
"4190","佐登-KY","113/04/08","15:10","臺灣證券交易所(101大樓)1樓資訊展示中心(台北市信義路五段7號1樓)","本公司受邀參加永豐金證券與臺灣證交所合作舉辦之「生技醫療產業」主題式業績發表會，說明本公司之營運概況。","419020240408M001.pdf","419020240408E001.pdf","",同步收看網址：:https://webpro.twse.com.tw/webportal/?liveChannelId=1 法說會影音連結資訊:https://webpro.twse.com.tw/webportal/vod/101/AFA37D874E81-051942DF-F57E-11EE-B985/?categoryId=101 ,"無","查詢"
"4306","炎洲","113/08/28","15:00","線上法說會","本公司受邀參加國泰證券舉辦之法人說明會， 說明本公司營運狀況","430620240828M001.pdf","430620240828E001.pdf","",中文影音檔網址:4306_12_20240828_ch.mp4 ,"無","查詢"
"4306","炎洲","113/12/19","15:00","線上法說會","本公司受邀參加永豐金證券舉辦之法人說明會，說明本公司營運狀況","430620241219M001.pdf","430620241219E001.pdf","",中文影音檔網址:4306_13_20241219_ch.mp4 ,"無","查詢"
"4414","如興","113/12/24","14:00","Webex線上會議","受邀參加福邦證券舉辦之法人說明會，就本公司已公開之財務業務資訊作說明。","441420241224M001.pdf","441420241224E001.pdf","https://www.roohsing.com.tw/zh-tw/shareholder_legal_person.php",中文影音檔網址:4414_12_20241224_ch.mp4 ,"無","查詢"
"4426","利勤","113/12/27","14:30","雲林縣斗六市斗工十二路5號","說明本公司之營運與財務概況","442620241227M001.pptx","442620241227E001.pptx","",法說會影音連結資訊:https://webpro.twse.com.tw/WebPortal/vod/101/2164ABB76FD1-8B7051F1-C426-11EF-833D/?categoryId=101 ,"無","查詢"
"4438","廣越","113/11/14","14:30","凱基證券(股)公司 (台北市中山區明水路700號)","本公司受邀參加KGI凱基證券所舉辦之法人說明會，向投資人說明本公司之營運及財務概況。","443820241114M001.pdf","443820241114E001.pdf","https://www.qve.com.tw/investor/informationJuristic/Default.aspx",法說會影音連結資訊:https://www.youtube.com/watch?v=bYRkEywc81o&feature=youtu.be ,"無","查詢"
"4439","冠星-KY","113/05/10","14:30","台北市寶慶路69號4樓會議室 (近捷運西門站3/4號出口)","本公司受邀參加元大證券舉辦之法人說明會，會中說明本公司113年第1季營運成果及營運展望。","443920240510M001.pdf","443920240510E001.pdf","",中文影音檔網址:4439_12_20240510_ch.mp4 ,"無","查詢"
"4440","宜新實業","113/10/23","14:00","台北市忠孝西路一段6號7樓","本公司受邀參加福邦證券舉辦之法人說明會","444020241022M001.pptx","444020241022E001.pptx","",中文影音檔網址:4440_6_20241023_ch.MP4 ,"無","查詢"
"4441","振大環球","113/08/22","15:00","福邦證券總公司(台北市忠孝西路一段6號7樓)","介紹本公司之營運概況及經營策略等財務業務相關資料","444120240822M001.pdf","444120240822E001.pdf","https://www.greatg.com.tw/investment.php","","無","查詢"
"4526","東台","113/08/21","14:00","台北市信義區信義路5段7號 (臺灣證交所101大樓1樓資訊展示中心)","本公司受邀參加永豐金證券舉辦AI產業鏈主題式業績發表會，
報告公司營運現況與未來展望。","452620240821M001.pdf","452620240821E001.pdf","https://www.tongtai.com.tw/tw/7.1.3.php",法說會影音連結資訊:https://webpro.twse.com.tw/webportal/vod/101/3DA1BDDEDEF7-EC824399-5F8A-11EF-BF7B/?categoryId=101 ,"無","查詢"
"4532","瑞智","113/09/26","14:30","台北市寶慶路69號 4樓會議室","本公司將於113/09/26受元大證券邀請參加法人說明會，說明本公司財務業務相關資訊。","453220240925M001.pdf","453220240925E001.pdf","https://www.rechi.com/IR/displayinvestment_4",中文影音檔網址:4532_13_20240926_ch.mp4 ,"無。","查詢"
"4536","拓凱","113/11/20","13:20","台北市中山北路二段39巷3號4樓(晶華酒店)","本公司受邀參加康和綜合證券舉辦之法人說明會","453620241119M001.pdf","453620241119E001.pdf","http://www.topkey.com.tw/www/_chinese/04_ir/01_detail_03_conference.php","","無","查詢"
"4536","拓凱","113/03/13","15:00","台北君悅酒店3樓(台北市信義區松壽路2號)","本公司受邀參加元大證券舉辦之法人說明會，將於會中說明本公司財務業務現況及產業發展。","453620240313M001.pdf","453620240313E001.pdf","http://www.topkey.com.tw/www/_chinese/04_ir/01_detail_03_conference.php",法說會影音連結資訊:http://www.topkey.com.tw/www/_chinese/04_ir/01_detail_03.php?sid=7 ,"無","查詢"
"4536","拓凱","113/08/22","14:00","台北市松山區敦化北路100號2樓(茹曦酒店)","本公司受邀參加華南永昌證券舉辦之法人說明會，將於會中說明本公司財務業務現況及產業發展。","453620240821M001.pdf","453620240821E001.pdf","http://www.topkey.com.tw/www/_chinese/04_ir/01_detail_03_conference.php",法說會影音連結資訊:http://www.topkey.com.tw/www/_chinese/04_ir/01_detail_03.php?sid=7 ,"無","查詢"
"4536","拓凱","113/12/11","14:30","台北市中山北路二段39巷3號4樓(晶華酒店)","本公司受邀參加永豐金證券舉辦之法人說明會，將於會中說明本公司財務業務現況及產業發展。","453620241210M001.pdf","453620241210E001.pdf","http://www.topkey.com.tw/www/_chinese/04_ir/01_detail_03_conference.php","","無","查詢"
"4540","全球傳動","113/08/27","14:00","凱基證券 (台北市中山區明水路700號)","本公司受邀參加凱基證券之法人說明會，說明本公司營運狀況及展望說明。","454020240826M001.pdf","454020240826E001.pdf","https://www.tbimotion.com.tw/investors/investors-01",中文影音檔網址:4540_20_20240827_ch.mp4 ,"報名請洽凱基證券 顏意樺小姐(電話：02-2181-8431；Email :eva.yan@kgi.com)","查詢"
"4540","全球傳動","113/12/30","14:30","第一金證券7樓會議室 (台北市中山區長安東路一段22號7樓)","本公司受邀參加第一金證券舉辦之法人說明會，說明本公司營運狀況及展望說明。","454020241230M001.pdf","454020241230E001.pdf","https://www.tbimotion.com.tw/investors/investors-01",中文影音檔網址:4540_21_20241230_ch.MP4 ,"完整財務業務資訊請至公開資訊觀測站之法人說明會一覽表或法說會項目下查閱。","查詢"
"4545","銘鈺","113/11/15","14:30","台北市中山區建國北路一段96號12樓會議室","說明營運現況及未來展望","454520241115M001.pdf","454520241115E001.pdf","https://www.mapi.com.tw//zh-Hant/investor/info/conference#anchor-1",法說會影音連結資訊:https://youtu.be/pgR6qMblWNo ,"無","查詢"
"4551","智伸科","113/11/11","14:30","群益金鼎證券（台北市松山區民生東路三段156號）11樓會議室","本公司受邀參加群益金鼎證券所舉辦之法人說明會，說明本公司
營運概況。","455120241111M001.pdf","455120241111E001.pdf","",中文影音檔網址:4551_82_20241111_ch.MP4 ,"無","查詢"
"4551","智伸科","113/03/12","14:30","台北市大安區忠孝東路四段219號5樓","本公司受邀參加國泰證券所舉辦之法人說明會，說明本公司營運概況。","455120240312M001.pdf","455120240312E001.pdf","","","無","查詢"
"4551","智伸科","113/06/06","13:30","台北晶華酒店四樓(台北市中山北路二段39巷3號4樓)","本公司受邀參加永豐金證券舉辦之「2024年第二季產業論壇」，
說明本公司營運概況。","455120240510M001.pdf","455120240510E001.pdf","","","無","查詢"
"4551","智伸科","113/05/10","14:30","富邦金融中心(台北市大安仁愛路四段169號15樓)","本公司受邀參加富邦證券舉辦之法人說明會，說明本公司營運概況。","455120240510M001.pdf","455120240510E001.pdf","",中文影音檔網址:4551_78_20240510_ch.mp4 ,"無","查詢"
"4551","智伸科","113/06/05","11:00","W Hotel (台北市信義區忠孝東路五段10號)","本公司受邀參加花旗證券舉辦之「2024 Taiwan Tech 
Conference論壇」，說明本公司營運概況。","455120240510M001.pdf","455120240510E001.pdf","","","無","查詢"
"4551","智伸科","113/03/21","09:00","台北君悅酒店","本公司受邀參加 BofA Securities 舉辦之「2024 APAC TMT 
Conference」，說明本公司營運概況。","455120240312M001.pdf","455120240312E001.pdf","","","無","查詢"
"4551","智伸科","113/08/12","14:00","&#29319;亞會議中心2樓-206會議室 (台北市復興北路99號2樓)","本公司受邀參加國泰證券所舉辦之法人說明會「新能源車產業
日」，說明本公司營運概況。","455120240812M001.pdf","455120240812E001.pdf","","","無","查詢"
"4552","力達-KY","113/12/09","16:30","臺灣證券交易所(101大樓)1樓資訊展示中心
(台北市信義路五段七號)","臺灣證券交易所舉辦之第一上市公司及創新板公司法人說明會，
說明本公司財務業務狀況及經營績效。","455220241209M001.pdf","455220241209E001.pdf","http://www.lidaholdings.com/lidatw/item_25803351_0.html",法說會影音連結資訊:https://webpro.twse.com.tw/webportal/vod/101/DD82882FEA3C-D1999C83-B60D-11EF-9A37/?categoryId=101 ,"無","查詢"
"4555","氣立","113/08/15","14:30","線上法說會","本公司受邀參加富邦證券主辦之線上法說會，說明本公司之營運概況、財務及業務相關資訊。","455520240815M001.pdf","455520240815E001.pdf","https://www.chelic.com/zh-TW/Investors/Meeting",法說會影音連結資訊:https://youtu.be/m2BqKZXpnZY ,"法人說明會開會當日會將相關簡報資料輸入公開資訊觀測站。","查詢"
"4555","氣立","113/12/20","14:30","線上法說會","本公司受邀參加永豐金證券主辦之線上法說會，說明本公司之營運概況等相關資訊","455520241219M001.pdf","455520241219E001.pdf","https://www.chelic.com/zh-TW/Investors/Meeting",法說會影音連結資訊:https://www.youtube.com/watch?v=fYa2xxUgwuE ,"法人說明會開會當日會將相關簡報資料輸入公開資訊觀測站。","查詢"
"4557","永新-KY","113/09/03","14:30","臺灣證券交易所1樓資訊展示中心(台北市信義路五段7號)","本公司受臺灣證券交易所邀請參加第一上市公司財務業務說明會","455720240902M001.pdf","455720240902E001.pdf","https://www.yusin.com/",同步收看網址：:https://webpro.twse.com.tw/webportal/?liveChannelId=1 法說會影音連結資訊:https://webpro.twse.com.tw/webportal/vod/101/F305E4EF4A67-4BD79595-69C8-11EF-93AD/?categoryId=101 ,"無","查詢"
"4560","強信-KY","113/10/30","14:00","線上法人說明會","本公司受邀參加富邦證券舉辦之線上法人說明會，說明本公司之業務及營運概況。","456020241030M001.pdf","456020241030E001.pdf","",中文影音檔網址:4560_13_20241030_ch.mp4 ,"無。","查詢"
"4562","穎漢","113/11/27","14:00","高雄市前鎮區中山二路2號九樓之一","台新證券聯合法人說明會","456220241126M001.pdf","456220241126E001.pdf","",中文影音檔網址:4562_9_20241127_ch.MP4 ,"無","查詢"
"4564","元翎","113/07/16","14:00","線上法說會","本公司受邀參加永豐金證券舉辦之線上法人說明會，說明本公司之營運概況。","456420240712M001.pdf","456420240712E001.pdf","http://www.twmosa.com",中文影音檔網址:4564_8_20240716_ch.mp4 ,"無","查詢"
"4564","元翎","113/12/11","14:30","台北晶華酒店(台北市中山北路二段39巷3號)","本公司受邀參加永豐金證券舉辦之&#65378;2024年第四季產業論壇&#65379;，說明本公司營運成果。","456420241209M001.pdf","456420241209E001.pdf","http://www.twmosa.com/",中文影音檔網址:4564_9_20241211_ch.MP4 ,"無","查詢"
"4566","時碩工業","113/01/26","14:00","富邦敦南大樓
(台北市敦化南路一段111號9樓)","本公司受邀參加富邦證券舉辦之法人說明會，說明本公司之營運與財務概況。","456620240124M001.pdf","456620240124E001.pdf","http://www.globaltek.com.tw",法說會影音連結資訊:https://youtu.be/JPWe3sWs4tk ,"無。","查詢"
"4566","時碩工業","113/06/17","14:00","&#29319;亞會議中心(台北市復興北路 99 號 2 樓)","本公司受邀參加富邦證券舉辦之法人說明會，說明本公司之營運與財務概況。","456620240613M001.pdf","456620240613E001.pdf","http://www.globaltek.com.tw",法說會影音連結資訊:https://youtu.be/B-R8w47zjR4 ,"無。","查詢"
"4566","時碩工業","113/04/17","14:30","凱基證券股份有限公司 12F (台北市明水路 700 號)","本公司受邀參加凱基證券舉辦之法人說明會，說明本公司之營運與財務概況。","456620240411M001.pdf","456620240411E001.pdf","http://www.globaltek.com.tw","","無。","查詢"
"4566","時碩工業","113/08/22","11:10","台北市松山區敦化北路100號2樓(茹曦酒店)","本公司受邀參加華南永昌證券舉辦之產業暨企業論壇，說明本公司之營運與財務概況。","456620240820M001.pdf","456620240820E001.pdf","http://www.globaltek.com.tw","","無。","查詢"
"4566","時碩工業","113/12/17","14:30","台北市重慶南路一段2號 19樓 (台開大樓19樓1901會議室)","本公司受邀參加永豐金證券舉辦之法人說明會，說明本公司之營運與財務概況。","456620241216M001.pdf","456620241216E001.pdf","https://www.globaltekww.com","","無。","查詢"
"4566","時碩工業","113/09/06","13:30","台北遠東香格里拉飯店","受Fubon/Jefferies邀請參加Q324 Techknowledge Tech
Trip，說明本公司營運概況","456620240820M001.pdf","456620240820E001.pdf","http://www.globaltek.com.tw","","無。","查詢"
"4569","六方科-KY","113/11/13","14:30","&#29319;亞會議中心201會議室(臺北市復興北路99號2樓)","本公司受邀參加元大證券舉辦之法人說明會，報名網址如下：
https://reurl.cc/ad6Xyl","456920241113M001.pdf","456920241113E001.pdf","https://sixxontech.com/zh-hant/",法說會影音連結資訊:https://www.youtube.com/watch?v=vq0cEzh19VI ,"無。","查詢"
"4569","六方科-KY","113/08/29","14:30","宏遠證券703會議室(臺北市信義區四段236號7樓)","本公司受邀參加宏遠證券舉辦之法人說明會。","456920240829M001.pdf","456920240829E001.pdf","",法說會影音連結資訊:https://youtu.be/P_0Aqi_AZlw ,"無。","查詢"
"4571","鈞興-KY","113/11/13","14:30","台北市重慶南路一段2號19樓會議室(永豐金證券)","本公司受邀參加永豐金證券舉辦之法人座談會，說明
公司營運回顧及業務展望","457120241113M001.pptx","457120241113E001.pptx","http://www.khgears.com/ft/gudong.php?id=25","","活動詳情請洽永豐金證券鄒小姐 (02)23828166 或 mail: joyce.tsou@sinopac.com","查詢"
"4571","鈞興-KY","113/11/21","14:00","線上法人說明會","本公司受邀參加凱基證券舉辦之線上法人說明會，說明公司營運回顧及業務展望","457120241113M001.pptx","457120241113E001.pptx","http://www.khgears.com/ft/gudong.php?id=25","","無","查詢"
"4571","鈞興-KY","113/11/22","14:00","台北市松山區東興路8號13樓會議室(統一證券大樓)","本公司受邀參加統一證券舉辦之法人座談會，說明
公司營運回顧及業務展望","457120241113M001.pptx","457120241113E001.pptx","http://www.khgears.com/ft/gudong.php?id=25","","無","查詢"
"4571","鈞興-KY","113/06/13","14:00","線上法說會","本公司受邀參加中國信託證券舉辦之線上法人座談會，說明公司營運回顧及業務展望","457120240521M001.pdf","457120240521E001.pdf","http://www.khgears.com/ft/gudong.php?id=25","","線上法說會連結https://ctbcsec.webex.com/meet/annie.ho","查詢"
"4571","鈞興-KY","113/03/21","14:30","台北市重慶南路一段2號19樓會議室(永豐金證券)","本公司受邀參加永豐金證券舉辦之法人座談會，說明
公司營運回顧及業務展望","457120240321M001.pdf","457120240321E001.pdf","http://www.khgears.com/ft/gudong.php?id=25","","活動詳情請洽永豐金證券鄒小姐 (02)23823207 或 mail: joyce.tsou@sinopac.com","查詢"
"4571","鈞興-KY","113/05/21","14:30","台北市重慶南路一段2號19樓會議室(永豐金證券)","本公司受邀參加永豐金證券舉辦之法人座談會，說明
公司營運回顧及業務展望","457120240521M001.pdf","457120240521E001.pdf","http://www.khgears.com/ft/gudong.php?id=25",中文影音檔網址:4571_16_20240521_ch.MP4 ,"活動詳情請洽永豐金證券鄒小姐 (02)23828166 或 mail: joyce.tsou@sinopac.com","查詢"
"4571","鈞興-KY","113/09/13","14:30","台北市重慶南路一段2號19樓會議室(永豐金證券)","本公司受邀參加永豐金證券舉辦之法人座談會，說明
公司營運回顧及業務展望","457120240905M001.pdf","457120240905E001.pdf","http://www.khgears.com/ft/gudong.php?id=25","","活動詳情請洽永豐金證券鄒小姐 (02)23828166 或 mail: joyce.tsou@sinopac.com","查詢"
"4571","鈞興-KY","113/09/05","15:10","台北市松山區敦化北路158號(台北文華東方酒店B2東方廳)","公告本公司受邀國泰綜合證券舉辦之2024年第三季論壇，說明公司營運回顧及業務展望","457120240905M001.pdf","457120240905E001.pdf","http://www.khgears.com/ft/gudong.php?id=25","","無","查詢"
"4572","駐龍","113/11/27","14:00","高雄市前鎮區中山二路2號9樓之1(大眾財經大樓)","本公司受邀參加台新證券舉辦之法人說明會，說明營運概況。","457220241127M001.pdf","457220241127E001.pdf","https://www.drewloong.com.tw/?p=2060",法說會影音連結資訊:https://youtu.be/WzwEPSsIfq8 ,"無","查詢"
"4576","大銀微系統","113/05/10","16:00","網址：http://www.zucast.com/webcast/Ya19P2ao","(1)營運狀況 (2)Q&amp;A","457620240510M001.pdf","457620240510E001.pdf","https://www.hiwinmikro.tw/zh/investor/shareholder",同步收看網址：:http://www.zucast.com/webcast/Ya19P2ao 法說會影音連結資訊:https://www.youtube.com/watch?v=SIZ5WsaTfpM ,"無","查詢"
"4576","大銀微系統","113/11/22","14:00","http://www.zucast.com/webcast/pqxxHOt5","(1)營運狀況 (2)Q&amp;A","457620241121M001.pdf","457620241121E001.pdf","https://www.hiwinmikro.tw/zh/investor/shareholder",同步收看網址：:http://www.zucast.com/webcast/pqxxHOt5 法說會影音連結資訊:https://www.youtube.com/watch?v=VAzUAOBKksc ,"無","查詢"
"4581","光隆精密-KY","113/08/27","14:30","台北市中山區長安東路一段22號7樓","本公司受邀參加第一金證券舉辦之法人說明會","458120240827M001.pdf","458120240827E001.pdf","https://www.wkgroup.com/tw/investor-conference-presentation",中文影音檔網址:4581_7_20240827_ch.MP4 ,"無","查詢"
"4581","光隆精密-KY","113/12/18","14:30","台北市民生東路4段54號4樓大會議室","本公司受邀參加華南永昌綜合證券舉辦之法人說明會","458120241218M002.pdf","458120241218E002.pdf","https://www.wkgroup.com/tw/investor-conference-presentation",中文影音檔網址:4581_8_20241218_ch.mp4 ,"無","查詢"
"4583","台灣精銳","113/03/19","14:30","實體及線上法說會。實體地點：台中市西屯區科園三路10號(本公司2樓國際會議廳)","本公司受邀參加兆豐證券舉辦之法人說明會，會中說明本公司營運概況。","458320240319M001.pdf","458320240319E001.pdf","https://www.apexdyna.com/zh/sup_investors.aspx?link=2",法說會影音連結資訊:https://www.apexdyna.com/zh/sup_investors.aspx?link=2 ,"欲報名參加者，請以E-mail回覆 兆豐法人組葉小姐(E-mail: yvonne_yeh@megasec.com.tw)","查詢"
"4583","台灣精銳","113/08/13","14:30","實體及線上法說會。實體地點：台中市西屯區科園三路10號(本公司2樓國際會議廳)","本公司受邀參加兆豐證券舉辦之法人說明會，會中說明本公司營運概況。","458320240813M001.pdf","458320240813E001.pdf","https://www.apexdyna.com/zh/sup_investors.aspx?link=2",法說會影音連結資訊:https://www.apexdyna.com/zh/sup_investors.aspx?link=2 ,"欲參加者，請透過以下網址報名參加 https://forms.gle/CmkPUSp4vMA5URQw7","查詢"
"4585","達明","113/09/24","14:30","遠東香格里拉飯店B1怡東園（台北市大安區敦化南路二段201號B1）","本公司受元大證券股份有限公司邀請參加興櫃前法人說明會，說明公司營運概況及未來展望，參加者以受元大證券邀請者為優先。","458520240924M001.pdf","458520240924E001.pdf","","","無","查詢"
"4588","玖鼎電力","113/12/11","14:30","台北市中山區南京東路二段111號5樓","說明營運現況及未來展望","458820241210M001.pdf","458820241210E001.pdf","https://www.archmeter.com/zh-tw/download-c17929/法人說明會資訊.html",中文影音檔網址:4588_4_20241211_ch.mp4 ,"無","查詢"
"4590","富田-創","113/11/04","14:30","台北君悅酒店君寓一
(台北市信義區松壽路2號1樓)","本公司受邀參加中國信託證券舉辦之法人說明會，
說明本公司營運概況及未來展望。","459020241101M001.pdf","459020241101E001.pdf","https://www.fukuta-motor.com.tw/tw/investor/K06.html","","無。","查詢"
"4720","德淵","113/07/30","14:00","台北市松山區民生東路三段156號11樓","本公司受邀參加群益金鼎證券舉辦之法人說明會，說明本公司經營績效及營運展望。","472020240730M001.pdf","472020240730E001.pdf","https://www.texyear.com/zh-tw/investor_news_4.php",中文影音檔網址:4720_15_20240730_ch.MP4 ,"無。","查詢"
"4720","德淵","113/12/06","14:00","線上法說會","說明本公司營運概況及未來展望。","472020241206M002.pdf","472020241206E002.pdf","https://www.texyear.com/zh-tw/investor_news_4.php",中文影音檔網址:4720_17_20241206_ch.mp4 ,"無。","查詢"
"4722","國精化","113/11/08","14:00","線上法說會","說明本公司之營運概況、財務及業務相關資訊","472220241108M001.pdf","472220241108E001.pdf","https://www.qualipoly.com/zh-tw/a3-2826/%E6%B3%95%E4%BA%BA%E8%AA%AA%E6%98%8E%E6%9C%83.html",中文影音檔網址:4722_11_20241108_ch.mp4 ,"無","查詢"
"4722","國精化","113/03/08","14:00","線上法說會","說明本公司之營運概況、財務及業務相關資訊","472220240308M001.pdf","472220240308E001.pdf","https://www.qualipoly.com/zh-tw/a3-2826/%E6%B3%95%E4%BA%BA%E8%AA%AA%E6%98%8E%E6%9C%83.html",中文影音檔網址:4722_10_20240308_ch.mp4 ,"無","查詢"
"4736","泰博","113/11/19","14:30","線上法人說明會","本公司受邀參加凱基證券舉辦之法人說明會，說明公司營運概況。","473620241119M001.pdf","473620241119E001.pdf","",中文影音檔網址:4736_20_20241119_ch.mp4 ,"無。","查詢"
"4737","華廣","113/12/06","14:00","台北君悅酒店(台北市信義區松壽路2號)","本公司受邀參加統一證券舉辦之法人說明會，說明產業及營運概況","473720241206M001.pdf","473720241206E001.pdf","",法說會影音連結資訊:https://www.bionime.com/zh-tw/tw-financial-information/ ,"無","查詢"
"4739","康普","113/05/16","14:30","福邦證券總公司(台北市忠孝西路一段6號14樓)","受邀參加福邦證券舉辦之法人說明會，就本公司已公開之財務業務資訊作說明。","473920240515M001.pdf","473920240515E001.pdf","https://www.coremaxcorp.com/zh-tw/investor-conference",中文影音檔網址:4739_18_20240516_ch.mp4 ,"完整財務業務資訊請至公開資訊觀測站之法人說明會一覽表或法說會項目下查閱。","查詢"
"4739","康普","113/12/25","14:30","康和綜合證券總公司(台北市信義區基隆路一段176號B2)","受邀參加康和綜合證券舉辦之法人說明會，就本公司已公開之財務業務資訊作說明。","473920241224M001.pdf","473920241224E001.pdf","https://www.coremaxcorp.com/zh-tw/investor-conference",中文影音檔網址:4739_19_20241225_ch.mp4 ,"完整財務業務資訊請至公開資訊觀測站之法人說明會一覽表或法說會項目下查閱。","查詢"
"4746","台耀","113/11/25","14:30","張榮發基金會國際會議中心 802室
(台北市中山南路11號8樓)","受邀參加凱基證券舉辦之法人說明會，說明本公司之營運概況、財務及業務相關資訊。","474620241125M001.pdf","474620241125E001.pdf","https://www.formosalab.com/tw/activities","","無","查詢"
"4746","台耀","113/04/12","14:00","臺灣證券交易所(101大樓)1樓資訊展示中心(台北市信義路五段7號1樓)","本公司受邀參加臺灣證交所與永豐金證券合作舉辦之113年「生技醫療產業」主題式業績發表會，說明112年度公司營運概況。","474620240412M001.pdf","474620240412E001.pdf","https://www.formosalab.com/tw/activities",同步收看網址：:https://webpro.twse.com.tw/webportal/?liveChannelId=1 法說會影音連結資訊:https://webpro.twse.com.tw/WebPortal/vod/101/AFA37D874E81-DE8E621F-F896-11EE-B985/?categoryId=101 ,"無","查詢"
"4746","台耀","113/06/12 至 113/06/13","14:00","線上法說會","本公司受邀參加寬量國際主辦之「QIC Healthcare Corporate Day」，說明本公司之營運概況、財務及業務相關資訊。","474620240612M001.pdf","474620240612E001.pdf","https://www.formosalab.com/tw/activities","","無","查詢"
"4746","台耀","113/09/19","15:00","晶華酒店4F萬象廳(台北市中山北路二段39巷3號4F)","受邀參加元大證券辦理之第三季投資論壇，說明本公司之營運概況、財務及業務相關資訊。","474620240919M001.pdf","474620240919E001.pdf","https://www.formosalab.com/tw/activities",中文影音檔網址:4746_50_20240919_ch.mp4 ,"無","查詢"
"4755","三福化","113/12/17","14:30","線上法人說明會","受邀參加","475520241216M001.pdf","475520241216E001.pdf","http://www.sfchem.com.tw/",中文影音檔網址:4755_10_20241217_ch.mp4 ,"無","查詢"
"4763","材料*-KY","113/11/13","15:30","WEBEX會議連結
https://yuanta-cbd.webex.com/meet/isabelliao
會議號2515 805 3571","本公司受邀參加元大證券舉辦之線上法說會，說明本公司之營運概況、財務及業務相關資訊。","476320241113M001.pdf","476320241113E001.pdf","https://www.acetekgroup.com/",法說會影音連結資訊:未輸 ,"相關資訊請參考公開資訊觀測站。","查詢"
"4763","材料*-KY","113/03/21","15:00","統一證券總公司13樓會議室
(台北市松山區東興路8號13樓)","本公司受邀參加統一綜合證券股份有限公司舉辦之法說
會，說明本公司之營運概況、財務及業務相關資訊。","476320240321M003.pdf","476320240321E003.pdf","www.acetek.com.cn",中文影音檔網址:4763_40_20240321_ch.mp4 ,"相關資訊請參考公開資訊觀測站。","查詢"
"4763","材料*-KY","113/03/22","15:00","國票金控大樓301會議室
(台北市中山區樂群三路128號3樓)","本公司受邀參加國票綜合證券股份有限公司舉辦之法說會，說明本公司之營運概況、財務及業務相關資訊。","476320240321M003.pdf","476320240321E003.pdf","www.acetek.com.cn",法說會影音連結資訊:未輸 ,"相關資訊請參考公開資訊觀測站。","查詢"
"4763","材料*-KY","113/09/10","16:30","臺灣證券交易所1樓資訊展示中心 (台北市信義區信義路5段7號 (101大樓))","本公司受邀參加臺灣證券交易所舉辦之「113年第三季第一上市公司及創新板公司法人說明會」，說明本公司業務及財務相關資訊","476320240910M001.pdf","476320240910E001.pdf","http://www.acetekgroup.com",同步收看網址：:https://webpro.twse.com.tw/webportal/?liveChannelId=1 ,"無","查詢"
"4763","材料*-KY","113/05/17","16:30","臺灣證券交易所1樓資訊展示中心 (台北市信義區信義路5段7號 (101大樓))","本公司受邀參加臺灣證券交易所舉辦之「113年第二季第一上市公司及創新板公司法人說明會」，說明本公司業務及財務相關資訊","476320240517M001.pdf","476320240517E001.pdf","http://acetek.com.cn/finance/fashuoh/",同步收看網址：:https://webpro.twse.com.tw ,"無","查詢"
"4764","雙鍵","113/12/13","16:00","線上法人說明會-Webex","本公司受邀參加元大證券舉辦之線上法人說明會，會中將報告公司簡介及營運概況。","476420241211M001.pdf","476420241211E001.pdf","https://www.dbc.com.tw/tw/press_detal.php?id=210&amp;sid=15",中文影音檔網址:4764_11_20241213_ch.mp4 ,"會議連線方式請詳公司網站說明","查詢"
"4766","南寶","113/11/18","14:30","線上法說會","本公司受邀參加由凱基證券舉辦之線上法說會，說明本公司之營運概況、財務及業務相關資訊。","476620241118M001.pdf","476620241118E001.pdf","","","無","查詢"
"4766","南寶","113/04/26 至 113/04/29","09:00","線上法說會","本公司受邀參加由寬量國際舉辦之線上法說會「15th Taiwan CEO Week」，說明本公司之營運概況、財務及業務相關資訊。","476620240425M001.pdf","476620240425E001.pdf","","","無","查詢"
"4766","南寶","113/03/21","14:30","線上法說會","本公司受邀參加由元大證券舉辦之線上法說會，說明本公司之營運概況、財務及業務相關資訊。","476620240321M001.pdf","476620240321E001.pdf","",中文影音檔網址:4766_49_20240321_ch.mp4 ,"無","查詢"
"4766","南寶","113/05/15","14:30","線上法說會","本公司受邀參加由凱基證券舉辦之線上法說會，說明本公司之營運概況、財務及業務相關資訊。","476620240515M001.pdf","476620240515E001.pdf","",中文影音檔網址:4766_51_20240515_ch.mp4 ,"無","查詢"
"4766","南寶","113/11/21 至 113/11/22","09:00","線上法說會","本公司受邀參加由寬量國際舉辦之線上法說會「16th QIC CEO Week」，說明本公司之營運概況、財務及業務相關資訊。","476620241118M001.pdf","476620241118E001.pdf","","","無","查詢"
"4766","南寶","113/08/16","14:30","線上法說會","本公司受邀參加由元大證券舉辦之線上法說會，說明本公司之營運概況、財務及業務相關資訊。","476620240816M001.pdf","476620240816E001.pdf","","","無","查詢"
"4770","上品","113/02/20","10:00","台北君悅酒店(台北市信義區松壽路2號)","本公司受邀參加 JP Morgan Taiwan CEO-CFO Conference 2024，說明本公司營運概況。","477020240219M001.pdf","477020240219E001.pdf","https://www.alliedsupreme.com/tw/investor-9","","無","查詢"
"4770","上品","113/02/22","13:40","W Hotel Taipei(台北市忠孝東路五段10號)","本公司受邀參加大和證券舉辦之Daiwa Taipei Corporate Day","477020240221M001.pdf","477020240221E001.pdf","https://www.alliedsupreme.com/tw/investor-9","","無","查詢"
"4770","上品","113/06/12","14:00","君悅酒店 （台北市信義區松壽路2號3樓）","本公司受邀參加統一證券舉辦2024Q2全球展望夏季投資論壇，說明本公司營運成果。","477020240612M001.pdf","477020240612E001.pdf","https://www.alliedsupreme.com/tw/investor/investor-2/investor-9","","無","查詢"
"4770","上品","113/03/13","10:50","君悅酒店 （台北市信義區松壽路2號）","本公司受邀參加元大證券舉辦之2024年第一季投資論壇，說明本公司營運成果。","477020240312M001.pdf","477020240312E001.pdf","https://www.alliedsupreme.com/tw/investor-9","","無","查詢"
"4770","上品","113/06/06","14:00","W Hotel Taipei (台北市信義區忠孝東路五段10號)","本公司受邀參加花旗證券舉辦之投資論壇，說明本公司營運成果。","477020240606M001.pdf","477020240606E001.pdf","https://www.alliedsupreme.com/tw/investor/investor-2/investor-9","","無","查詢"
"4770","上品","113/03/19","13:00","君悅酒店 （台北市信義區松壽路2號）","本公司受邀參加美林證券舉辦之法人說明會「2024 APAC TMT Conference」，說明本公司營運成果。","477020240318M001.pdf","477020240318E001.pdf","https://www.alliedsupreme.com/tw/investor-9","","無","查詢"
"4770","上品","113/12/04","10:50","台北晶華酒店 (台北市中山北路二段39巷3號)","本公司受邀參加元大證券2024年第四季投資論壇，說明本公司財務及業務相關資訊。","477020241203M001.pdf","477020241203E001.pdf","https://www.alliedsupreme.com/tw/investor/investor-2/investor-9",中文影音檔網址:4770_22_20241204_ch.mp4 ,"無","查詢"
"4770","上品","113/09/16","14:30","元大證券寶慶大樓4樓會議室(台北市寶慶路69號4樓)","本公司受邀參加元大證券舉辦之法人座談會議，說明本公司財務及業務相關資訊。","477020240916M001.pdf","477020240916E001.pdf","https://www.alliedsupreme.com/tw/investor/investor-2/investor-9","","無","查詢"
"4771","望隼","113/02/20","14:30","台北君悅酒店3F凱悅一廳(地點：台北市信義區松壽路2號)","(1)本公司依「有價證券初次上市前業績發表會實施要點規定」，於上市前辦理股票初次上市前業績發表會。 (2)本次業績發表會將說明產業發展、財務業務狀況、未來風險、公司治理及企業社會責任、臺灣證券交易所股份有限公司董事會暨上市審議委員會要求補充揭露事項。","477120240220M001.pdf","477120240220E001.pdf","https://www.vizionfocus.com/investor-shareholders4_page.html","","相關資訊請至公開資訊觀測站之法人說明會一覽表或法說會項目下查閱","查詢"
"4771","望隼","113/11/25","14:00","台北市松山區復興北路99號201會議室(&#29319;亞會議中心)","本公司受邀參加元大證券舉辦之法人說明會，說明公司營運概況。","477120241122M001.pdf","477120241122E001.pdf","https://www.vizionfocus.com/investor-shareholders4_page.html","","完整財務業務資訊請至公開資訊觀測站之法人說明會一覽表或法說會項目下查閱。","查詢"
"4771","望隼","113/05/16","14:00","凱基證券大直大樓(台北市中山區明水路700號)","本公司受邀參加凱基證券舉辦之法人說明會，說明公司營運概況。","477120240515M001.pdf","477120240515E001.pdf","https://www.vizionfocus.com/investor-shareholders4_page.html",中文影音檔網址:4771_6_20240516_ch.mp4 ,"無","查詢"
"4771","望隼","113/08/21","14:00","台北市中山區明水路700號(凱基證券大樓)","本公司受邀參加凱基證券舉辦之法人說明會，說明公司營運概況。","477120240821M001.pdf","477120240821E001.pdf","https://www.vizionfocus.com/investor-shareholders4_page.html",中文影音檔網址:4771_7_20240821_ch.mp4 ,"無","查詢"
"4771","望隼","113/08/22","14:30","台北市松山區東興路8號(統一綜合證券總公司)","本公司受邀參加統一證券舉辦之座談會，說明公司營運概況。","477120240821M002.pdf","477120240821E002.pdf","https://www.vizionfocus.com/investor-shareholders4_page.html","","無","查詢"
"4771","望隼","113/09/05","14:35","台北市東方文華酒店（台北市松山區敦化北路158號）","本公司受邀參加國泰證券舉辦之投資論壇，說明公司營運概況。","477120240905M001.pdf","477120240905E001.pdf","https://www.vizionfocus.com/investor-shareholders4_page.html","","無","查詢"
"4807","日成-KY","113/06/04","14:30","台北市中山區樂群三路128號3樓 (國票金控大樓301會議室)","本公司受邀參加國票綜合證券股份有限公司舉辦法人說明會。為加強與投資法人的互動，為各界投資先進說明產業及營運狀況，歡迎蒞臨指教！","480720240604M001.pdf","480720240604E001.pdf","http://www.regaljewelrygroup.com/TW/NewsGallery/ugC_NewsGallery_Detail.asp?hidNewsGalleryID=55",法說會影音連結資訊:http://www.regaljewelrygroup.com/TW/NewsGallery/ugC_NewsGallery_Detail.asp?hidNewsGalleryID=55 ,"會議正式開始:14:30 (開放入場:14:00)通勤資訊:劍南路捷運站(2號出口)步行約3分鐘。","查詢"
"4807","日成-KY","113/10/17","14:30","台北市大安區信義路四段236號7樓(宏遠證券總公司702會議廳)","本公司受邀參加宏遠證券舉辦法人說明會。為加強與投資法人的互動，為各界投資先進說明產業及營運狀況，歡迎蒞臨指教！","480720241017M001.pdf","480720241017E001.pdf","http://www.regaljewelrygroup.com/TW/NewsGallery/ugC_NewsGallery_Detail.asp?hidNewsGalleryID=56",法說會影音連結資訊:http://www.regaljewelrygroup.com/TW/NewsGallery/ugC_NewsGallery_Detail.asp?hidNewsGalleryID=56 ,"會議正式開始:14:30 (開放入場:14:00)通勤資訊:捷運淡水信義線(信義安和站3號出口)","查詢"
"4904","遠傳","113/02/22","16:00","本公司","說明本公司112年度第4季營運與財務概況","490420240222M001.pdf","490420240222E001.pdf","https://corporate.fetnet.net",同步收看網址：:http://www.zucast.com/webcast/Rx7psD7p 法說會影音連結資訊:http://www.zucast.com/webcast/Rx7psD7p ,"無","查詢"
"4904","遠傳","113/12/04","09:30","晶華酒店4樓(台北市中山北路二段39巷3號4樓)","說明本公司2024年度第3季營運與財務概況","490420241107M001.pdf","490420241107E001.pdf","https://corporate.fetnet.net","","無","查詢"
"4904","遠傳","113/07/11 至 113/07/12","08:00","日本東京","說明本公司113年度第一季營運與財務概況","490420240503M001.pdf","490420240503E001.pdf","https://corporate.fetnet.net","","無","查詢"
"4904","遠傳","113/03/05","14:00","臺北文創六樓會議室 (台北市信義區菸廠路88號)","說明本公司112年度第4季營運與財務概況","490420240222M001.pdf","490420240222E001.pdf","https://corporate.fetnet.net",中文影音檔網址:4904_279_20240305_ch.mp4 ,"無","查詢"
"4904","遠傳","113/03/19","09:00","台北君悅酒店","說明本公司112年度第4季營運與財務概況","490420240222M001.pdf","490420240222E001.pdf","https://corporate.fetnet.net","","無","查詢"
"4904","遠傳","113/06/07","09:00","台北W飯店","說明本公司113年度第1季營運與財務概況","490420240503M001.pdf","490420240503E001.pdf","https://corporate.fetnet.net","","無","查詢"
"4904","遠傳","113/05/03","13:30","本公司","說明本公司113年度第1季營運與財務概況","490420240503M001.pdf","490420240503E001.pdf","https://corporate.fetnet.net",同步收看網址：:http://www.zucast.com/webcast/Yk8P3Vje 法說會影音連結資訊:http://www.zucast.com/webcast/Yk8P3Vje ,"無","查詢"
"4904","遠傳","113/08/08","13:30","本公司","說明本公司113年度第2季營運與財務概況","490420240808M001.pdf","490420240808E001.pdf","https://corporate.fetnet.net",同步收看網址：:http://www.zucast.com/webcast/wtRPSqS2 法說會影音連結資訊:http://www.zucast.com/webcast/wtRPSqS2 ,"無","查詢"
"4904","遠傳","113/11/07","16:00","本公司","說明本公司113年度第3季營運與財務概況","490420241107M001.pdf","490420241107E001.pdf","https://corporate.fetnet.net",同步收看網址：:http://www.zucast.com/webcast/FoU6DWk6 法說會影音連結資訊:http://www.zucast.com/webcast/FoU6DWk6 ,"無","查詢"
"4904","遠傳","113/10/16","14:30","台北市內湖區瑞光路468號","說明本公司113年度第2季營運與財務概況","490420240808M001.pdf","490420240808E001.pdf","https://corporate.fetnet.net","","無","查詢"
"4904","遠傳","113/11/19","14:00","台北文創(台北市信義區菸廠路88號)","說明本公司2024年度第3季營運與財務概況","490420241107M001.pdf","490420241107E001.pdf","https://corporate.fetnet.net","","無","查詢"
"4906","正文","113/03/13","10:50","台北君悅酒店3F","受邀參加元大證券辦理之第一季投資論壇","490620240111M002.pdf","490620240111E002.pdf","https://www.gemteks.com/ir/seminar",法說會影音連結資訊:未輸 ,"無","查詢"
"4906","正文","113/01/10","14:00","台北市中山區長安東路一段22號6F","受邀參加第一金證券辦理的法人論壇","490620240111M002.pdf","490620240111E002.pdf","https://www.gemteks.com/ir/seminar",法說會影音連結資訊:https://youtu.be/DH5eQ4PVleE ,"無","查詢"
"4906","正文","113/03/20","14:00","台北市長安東路一段22號7F","本公司受邀參加第一金證辦理之法人論壇","490620240111M002.pdf","490620240111E002.pdf","https://www.gemteks.com/ir/seminar",法說會影音連結資訊:未輸 ,"無","查詢"
"4906","正文","113/09/11","13:30","台北市中正區忠孝東路一段12號B1(喜來登飯店)","公告本公司受邀參加第一金證券辦理之第三季投資論壇","490620240813M001.pdf","490620240813E001.pdf","https://www.gemteks.com/ir/seminar",法說會影音連結資訊:未輸 ,"無","查詢"
"4906","正文","113/12/11","14:30","台北市信義區信義路五段1號會議室(TICC台北國際會議中心一樓201DE會議室)","本公司將舉辦法人說明會,將對2024年做總結,並說明2025年產業趨勢與展望","490620241223M001.pdf","490620241223E001.pdf","https://www.gemteks.com/ir/seminar",:未輸 法說會影音連結資訊:https://youtu.be/-82imi6yGa4 ,"無","查詢"
"4912","聯德控股-KY","113/11/27","14:30","線上法人說明會","本公司受邀參加由元大證券舉辦之線上法人說明會","491220241126M001.pdf","491220241126E001.pdf","http://www.lemtech.com",中文影音檔網址:4912_34_20241127_ch.mp4 ,"無","查詢"
"4915","致伸","113/02/21","14:30","KGI凱基證券總部大樓 (台北市明水路700號)","本公司受邀參加凱基證券所舉辦之2023年第四季法人說明會，說明第四季營運成果及未來展望","491520240221M001.pdf","491520240221E001.pdf","https://www.primax.com.tw/investors/ir-activity/investor-meetings","","無","查詢"
"4915","致伸","113/11/13","14:00","臺北市信義區信義路5段7號88樓","本公司受邀參加黑石財經舉辦之「戰略台灣投資論壇」法人說明會，說明營運成果及未來展望","491520241029M001.pdf","491520241029E001.pdf","https://www.primax.com.tw/investors/ir-activity/investor-meetings","","無","查詢"
"4915","致伸","113/07/29","14:30","KGI凱基證券總部大樓 (台北市明水路700號)","本公司受邀參加凱基證券所舉辦之2024年第二季法人說明會，說明第二季營運成果及未來展望","491520240729M001.pdf","491520240729E001.pdf","https://www.primax.com.tw/investors/ir-activity/investor-meetings","","無","查詢"
"4915","致伸","113/04/29","14:30","國票金控大樓 (台北市樂群三路128號7樓)","本公司受邀參加國票證券所舉辦之2024年第一季法人說明會，說明營運成果及未來展望","491520240429M001.pdf","491520240429E001.pdf","https://www.primax.com.tw/investors/ir-activity/investor-meetings",法說會影音連結資訊:https://www.primax.com.tw/investors/ir-activity/investor-meetings ,"無","查詢"
"4915","致伸","113/03/28","15:15","台北君悅酒店","本公司受邀參加台新證券所舉辦之2024年第一季全球投資論壇，說明營運成果及未來展望","491520240314M001.pdf","491520240314E001.pdf","https://www.primax.com.tw/investors/ir-activity/investor-meetings","","無","查詢"
"4915","致伸","113/05/15","15:00","線上會議","本公司受邀參加臺灣證券交易所與永豐金證券共同舉辦之「Taiwan Corporate Day 2024」，說明營運成果及未來展望","491520240429M001.pdf","491520240429E001.pdf","https://www.primax.com.tw/investors/ir-activity/investor-meetings","","無","查詢"
"4915","致伸","113/03/19","09:00","台北君悅酒店","本公司受邀參加美林證券所舉辦之 2024 APAC TMT Conference，說明營運成果及未來展望","491520240314M001.pdf","491520240314E001.pdf","https://www.primax.com.tw/investors/ir-activity/investor-meetings","","無","查詢"
"4915","致伸","113/09/04","11:00","台北君悅酒店","本公司受邀參加高盛證券舉辦之Taiwan Corporate Day，說明營運成果及未來展望","491520240729M001.pdf","491520240729E001.pdf","https://www.primax.com.tw/investors/ir-activity/investor-meetings","","無","查詢"
"4915","致伸","113/06/04 至 113/06/05","09:00","台北君悅酒店及W Hotel","本公司受邀參加臺灣證券交易所與匯豐證券共同舉辦之「Taiwan Conference 2024 」及花旗證券舉辦之「2024 Taiwan Tech Conference」，說明營運成果及未來展望","491520240429M001.pdf","491520240429E001.pdf","https://www.primax.com.tw/investors/ir-activity/investor-meetings","","無","查詢"
"4915","致伸","113/10/29","14:30","台北市中山區南京東路三段219號4樓","本公司受邀參加元大證券所舉辦之2024年第三季法人說明會，說明營運成果及未來展望","491520241029M001.pdf","491520241029E001.pdf","https://www.primax.com.tw/investors/ir-activity/investor-meetings",法說會影音連結資訊:https://www.primax.com.tw/investors/ir-activity/investor-meetings ,"無","查詢"
"4916","事欣科","113/12/10","14:00","線上法人說明會","本公司受邀參加統一綜合證券舉辦之線上法說會，說明本公司之營運概況、財務及業務相關資訊。","491620241210M001.pdf","491620241210E001.pdf","",中文影音檔網址:4916_12_20241210_ch.mp4 ,"無","查詢"
"4919","新唐","113/08/02","13:30","線上法說會","本公司舉行113年第二季法人說明會，將於會中就公司113年第二季財務數字與營運概況做說明","491920240802M001.pdf","491920240802E001.pdf","https://www.nuvoton.com/about-nuvoton/investors/investor-conference/investor-conference-detail/",同步收看網址：:https://wms.gridow.com/ir/nuvoton/nuvoton_24Q2.html 法說會影音連結資訊:https://wms.gridow.com/ir/nuvoton/nuvoton_24Q2.html ,"無","查詢"
"4919","新唐","113/02/06","14:00","線上法說會","本公司舉行112年第四季法人說明會，將於會中就公司112年第四季財務數字與營運概況做說明","491920240206M001.pdf","491920240206E001.pdf","https://www.nuvoton.com/about-nuvoton/investors/investor-conference/investor-conference-detail/",同步收看網址：:http://wms.gridow.com/ir/nuvoton/nuvoton_23Q4.html 法說會影音連結資訊:https://wms.gridow.com/ir/nuvoton/nuvoton_23Q4.html ,"無","查詢"
"4919","新唐","113/05/03","15:00","線上法說會","本公司舉行113年第一季法人說明會，將於會中就公司113年第一季財務數字與營運概況做說明","491920240503M001.pdf","491920240503E001.pdf","https://www.nuvoton.com/about-nuvoton/investors/investor-conference/investor-conference-detail/",同步收看網址：:https://wms.gridow.com/ir/nuvoton/nuvoton_24Q1.html 法說會影音連結資訊:https://wms.gridow.com/ir/nuvoton/nuvoton_24Q1.html ,"無","查詢"
"4919","新唐","113/11/05","15:00","線上法說會","本公司舉行113年第三季法人說明會，將於會中就公司113年第三季財務數字與營運概況做說明","491920241105M001.pdf","491920241105E001.pdf","https://www.nuvoton.com/about-nuvoton/investors/investor-conference/investor-conference-detail/",同步收看網址：:https://wms.gridow.com/ir/nuvoton/nuvoton_24Q3.html 法說會影音連結資訊:https://wms.gridow.com/ir/nuvoton/nuvoton_24Q3.html ,"無","查詢"
"4927","泰鼎-KY","113/03/06","14:00","臺北文創-台北市信義區菸廠路88號6F","本公司受邀參加元富證券所舉辦之「2024春季投資論壇」","492720240306M001.pdf","492720240306E001.pdf","https://www.apex-intl.com.tw/investor/financial/investor-conference","","無","查詢"
"4927","泰鼎-KY","113/05/31","15:00","台北市復興南路一段209號1樓","本公司受邀參加元富證券所舉辦之「2024夏季投資論壇」","492720240531M001.pdf","492720240531E001.pdf","https://www.apex-intl.com.tw/investor/financial/investor-conference",中文影音檔網址:4927_49_20240531_ch.mp4 ,"無","查詢"
"4927","泰鼎-KY","113/08/16","15:00","台北市大安區復興南路一段209號1樓","本公司受邀參加由元富證券舉辦之法人說明會，說明公司營運現況與未來展望。","492720240816M001.pdf","492720240816E001.pdf","https://www.apex-intl.com.tw/investor/financial/investor-conference","","無","查詢"
"4927","泰鼎-KY","113/12/30","15:00","台北市大安區復興南路一段209號1樓","本公司受邀參加由元富證券舉辦之法人說明會","492720241230M001.pdf","492720241230E001.pdf","https://www.apex-intl.com.tw/investor/financial/investor-conference",中文影音檔網址:4927_51_20241230_ch.mp4 ,"無","查詢"
"4930","燦星網","113/08/20","14:00","線上法說會","本公司受邀參加元大證券舉辦之線上法說會，說明本公司財務及營運展望。","493020240820M001.pdf","493020240820E001.pdf","http://www.starcomgistic.com/Web/Investors/SM_Vue.aspx",中文影音檔網址:4930_11_20240820_ch.mp4 ,"無","查詢"
"4930","燦星網","113/12/20","16:00","線上法說會","本公司受邀參加元大證券舉辦之線上法說會，說明本公司財務及營運展望。","493020241220M001.pptx","493020241220E001.pptx","http://www.starcomgistic.com/Web/Investors/SM_Vue.aspx",中文影音檔網址:4930_12_20241220_ch.mp4 ,"無","查詢"
"4934","太極","113/12/27","14:00","太極集團台北公司-台北市南港路二段97號5樓","公司簡介及營運概況等說明","493420241227M001.pdf","493420241227E001.pdf","http://www.tainergy.com.tw",中文影音檔網址:4934_15_20241227_ch.mp4 ,"會議資料將於法說會後揭露於公開資訊觀測站及公司網站","查詢"
"4935","茂林-KY","113/03/28","16:30","臺灣證券交易所1樓資訊展示中心(台北市信義路五段7號)","本公司受邀參加臺灣證券交易所舉辦之「113Q1第一上市公司及創新板公司法人說明會」","493520240328M001.pdf","493520240328E001.pdf","https://www.glthome.com.tw/",同步收看網址：:https://webpro.twse.com.tw/WebPortal/ 法說會影音連結資訊:https://webpro.twse.com.tw/webportal/vod/101/?categoryId=101 ,"無","查詢"
"4935","茂林-KY","113/09/10","14:30","臺灣證券交易所1樓資訊展示中心(台北市信義路五段7號)","本公司受邀參加臺灣證券交易所舉辦之「113Q3第一上市公司及創新板公司法人說明會」","493520240909M002.pdf","493520240909E002.pdf","https://www.glthome.com.tw/",同步收看網址：:https://webpro.twse.com.tw/WebPortal/ 法說會影音連結資訊:https://webpro.twse.com.tw/webportal/vod/101/? categoryId=101 ,"無","查詢"
"4938","和碩","113/02/20","10:00","台北君悅酒店","本公司受邀參加J.P. Morgan舉辦之Taiwan CEO-CFO Conference","493820231114M001.pdf","493820231114E001.pdf","https://www.pegatroncorp.com/","","無","查詢"
"4938","和碩","113/03/27","15:00","電話會議","本公司受邀參加BofA Securities舉辦之線上座談會，說明本公司營運概況。","493820240314M001.pdf","493820240314E001.pdf","https://www.pegatroncorp.com/","","無","查詢"
"4938","和碩","113/03/20","14:00","電話會議","本公司受邀參加高盛證券舉辦之線上座談會，說明本公司營運概況。","493820240314M001.pdf","493820240314E001.pdf","https://www.pegatroncorp.com/","","無","查詢"
"4938","和碩","113/11/28","09:00","台北君悅酒店","本公司受邀參加富邦證券舉辦之2024第四季富邦投資論壇，說明本公司營運概況。","493820241113M001.pdf","493820241113E001.pdf","https://www.pegatroncorp.com/","","無","查詢"
"4938","和碩","113/03/14","14:30","電話會議","本公司應瑞銀證券之邀參加電話會議說明本公司4Q23營運概況","493820240314M001.pdf","493820240314E001.pdf","https://www.pegatroncorp.com/",中文影音檔網址:4938_107_20240314_ch.mp4 ,"本公司將於法人說明會當日公布營運說明會資料於公開資訊觀測站及公司網站","查詢"
"4938","和碩","113/06/06","10:00","台北市北投區立功街96號","本公司受邀參加Bank of America Merrill Lynch舉辦之法人座談會，說明本公司營運概況。","493820240522M003.pdf","493820240522E003.pdf","https://www.pegatroncorp.com/","","無","查詢"
"4938","和碩","113/06/05","10:00","台北W飯店","本公司應邀參加花旗證券舉辦之Citi 2024 Taiwan Tech Conference，說明本公司營運概況","493820240522M002.pdf","493820240522E002.pdf","https://www.pegatroncorp.com/","","無","查詢"
"4938","和碩","113/05/27","09:00","香港四季酒店","本公司應邀參加瑞銀證券舉辦之UBS Asian Investment Conference 2024，說明本公司營運概況","493820240522M001.pdf","493820240522E001.pdf","https://www.pegatroncorp.com/","","無","查詢"
"4938","和碩","113/11/13","14:30","電話會議","本公司應富邦證券之邀參加電話會議說明本公司3Q24營運概況","493820241113M001.pdf","493820241113E001.pdf","https://www.pegatroncorp.com/",中文影音檔網址:4938_117_20241113_ch.mp4 ,"本公司將於法人說明會當日公布營運說明會資料於公開資訊觀測站及公司網站","查詢"
"4938","和碩","113/08/26","14:00","電話會議","本公司受邀參加高盛證券舉辦之線上座談會，說明本公司營運概況。","493820240822M001.pdf","493820240822E001.pdf","https://www.pegatroncorp.com/","","無","查詢"
"4938","和碩","113/08/28","14:00","臺北文創","本公司受邀參加元富證券所舉辦之「2024秋季投資論壇」，說明本公司營運概況。","493820240822M002.pdf","493820240822E002.pdf","https://www.pegatroncorp.com/","","無","查詢"
"4938","和碩","113/09/05","10:30","電話會議","本公司受邀參加Bank of America Merrill Lynch舉辦之線上座談會，說明本公司營運概況。","493820240822M003.pdf","493820240822E003.pdf","https://www.pegatroncorp.com/","","無","查詢"
"4938","和碩","113/09/06","13:30","台北文華東方酒店","本公司受邀參加國泰證券舉辦之第三季論壇，說明本公司營運概況。","493820240822M004.pdf","493820240822E004.pdf","https://www.pegatroncorp.com/","","無","查詢"
"4942","嘉彰","113/10/18","14:00","線上法人說明會","本公司受邀參加國票綜合證券舉辦之法人說明會","494220241016M001.pdf","494220241016E001.pdf","http://www.chiachang.com/ChiaGroup/investment_2in.aspx?itemID=20140407111505",法說會影音連結資訊:http://www.chiachang.com/ChiaGroup/investment_2in.aspx?itemID=20140407111505 ,"報名請洽國票綜合證券李小姐02-25288275、Email:anneli@ibfs.com.tw","查詢"
"4943","康控-KY","113/09/09","15:30","臺灣證券交易所1樓資訊展示中心(台北市信義路五段7號)","本公司受邀參加臺灣證券交易所舉辦之113Q3第一上市公司財務業務說明會。","494320240906M001.pdf","494320240906E001.pdf","",法說會影音連結資訊:https://webpro.twse.com.tw/webportal/vod/101/F305E4EF4A67-A24D8DF5-6E82-11EF-93AD/?categoryId=101 ,"無。","查詢"
"4949","有成精密","113/04/11","14:30","台北君悅酒店三樓凱悅一廳
(地址：台北市信義區松壽路2號3樓)","(1)本公司依「有價證券初次上市前業績發表會實施要點規定」，於上市前辦理股票初次上市前業績發表會。
(2)本次業績發表會將說明產業發展、財務業務狀況、未來風險、公司治理及企業社會責任及臺灣證券交易所股份有限公司董事會暨上市審議委員會要求補充揭露事項。","494920240410M001.pdf","494920240410E001.pdf","https://wwpt.com.tw/company-explanation-meeting/","","無","查詢"
"4952","凌通","113/08/19","14:00","台北市忠孝西路一段6號7樓 福邦證券股份有限公司","本公司受邀參加福邦證券舉辦之法人說明會，說明113年上半年之財務及營運狀況。","495220240819M002.pdf","495220240819E002.pdf","https://www.generalplus.com/2LVlangLNa0SVo6SNinvest_r",中文影音檔網址:4952_9_20240819_ch.MP4 ,"無","查詢"
"4956","光鋐","113/10/17","14:00","凱基證券(台北市中山區明水路700號2m3會議室)","本公司受邀參加凱基證券舉辦之法人說明會。","495620241017M001.pdf","495620241017E001.pdf","https://www.epileds.com.tw",中文影音檔網址:4956_9_20241017_ch.mp4 ,"無。","查詢"
"4958","臻鼎-KY","113/11/14 至 113/11/15","13:30","港島香格里拉酒店(地址:香港中區法院道太古廣場)","本公司之營運概況、財務及業務相關資訊","495820241113M001.pdf","495820241113E001.pdf","https://www.zdtco.com/tw/investor/events","","113/11/14(13:30-16:20)、113/11/15(09:00-16:20)","查詢"
"4958","臻鼎-KY","113/11/18 至 113/11/19","13:00","港島香格里拉酒店(地址:香港中區法院道太古廣場)","本公司之營運概況、財務及業務相關資訊","495820241113M002.pdf","495820241113E002.pdf","https://www.zdtco.com/tw/investor/events","","113/11/18(13:00-16:50)、113/11/19(11:00-15:50)","查詢"
"4958","臻鼎-KY","113/05/10 至 113/05/10","15:00","報名連結：https://www.zdtco.com/tw/investor/events","(1)2024年第1季營運概況說明
(2)Key Messages
(3)提問時間","495820240510M001.pdf","495820240510E001.pdf","https://www.zdtco.com/tw/investor/events",法說會影音連結資訊:https://youtu.be/inbB4SI62PE?si=U84z1dajQIK86XTD ,"請預先完成線上報名，會議全程以中文進行，也歡迎英文提問","查詢"
"4958","臻鼎-KY","113/03/12","15:00","報名連結:https://www.zdtco.com/tw/investor/events","(1)2023年第4季營運概況說明
(2)Key Messages
(3)提問時間","495820240312M001.pdf","495820240312E001.pdf","https://www.zdtco.com/tw/investor/events",法說會影音連結資訊:https://youtu.be/IGZMzcaWQcc ,"請預先完成線上報名，會議以中文進行，也歡迎英文提問","查詢"
"4958","臻鼎-KY","113/03/13","09:00","線上座談會","PCB產業展望、公司營運績效及Q&amp;A","495820240312M002.pdf","495820240312E002.pdf","https://www.zdtco.com/tw/investor/events",法說會影音連結資訊:未輸 ,"無","查詢"
"4958","臻鼎-KY","113/06/07","13:30","台北喜來登飯店 (地址: 台北市忠孝東路一段12號)","PCB產業展望、公司營運績效及Q&amp;A","495820240531M003.pdf","495820240531E003.pdf","https://www.zdtco.com/tw/investor/events","","無","查詢"
"4958","臻鼎-KY","113/06/04","10:00","台北君悅飯店(地址:台北市信義區松壽路2號)","PCB產業展望、公司營運績效及Q&amp;A","495820240531M001.pdf","495820240531E001.pdf","https://www.zdtco.com/tw/investor/events","","無","查詢"
"4958","臻鼎-KY","113/06/06","13:00","台北W飯店(地址:台北市忠孝東路五段10號)","PCB產業展望、公司營運績效及Q&amp;A","495820240531M002.pdf","495820240531E002.pdf","https://www.zdtco.com/tw/investor/events","","無","查詢"
"4958","臻鼎-KY","113/06/13","15:20","台北茹曦酒店2樓會議室
(地址: 台北市松山區敦化北路100號)","PCB產業展望、公司營運績效及Q&amp;A","495820240531M003.pdf","495820240531E003.pdf","https://www.zdtco.com/tw/investor/events","","無","查詢"
"4958","臻鼎-KY","113/06/12","14:00","台北喜來登飯店 
(地址: 台北市忠孝東路一段12號B1宴會廳)","PCB產業展望、公司營運績效及Q&amp;A","495820240531M003.pdf","495820240531E003.pdf","https://www.zdtco.com/tw/investor/events","","無","查詢"
"4958","臻鼎-KY","113/03/13 至 113/03/15","22:30","美國舊金山(加州)、美國鹽湖城(猶他州)","PCB產業展望、公司營運績效及Q&amp;A","495820240312M005.pdf","495820240312E005.pdf","https://www.zdtco.com/tw/investor/events","","113/03/13(舊金山時間07:30~18:00)，113/03/15(鹽湖城時間08:00~14:00)","查詢"
"4958","臻鼎-KY","113/03/14","16:20","宏遠證券 (地址:台北市信義路四段236號7樓)","PCB產業展望、公司營運績效及Q&amp;A","495820240312M003.pdf","495820240312E003.pdf","https://www.zdtco.com/tw/investor/events",法說會影音連結資訊:未輸 ,"無","查詢"
"4958","臻鼎-KY","113/03/19 至 113/03/20","10:00","台北君悅酒店 (地址: 台北市松壽路2號)","PCB產業展望、公司營運績效及Q&amp;A","495820240312M004.pdf","495820240312E004.pdf","https://www.zdtco.com/tw/investor/events",法說會影音連結資訊:未輸 ,"03/19(10:00~12:50)， 03/20(10:00~15:50)","查詢"
"4958","臻鼎-KY","113/08/21","09:00","線上論壇","本公司之營運概況、財務及業務相關資訊","495820240819M001.pdf","495820240819E001.pdf","https://www.zdtco.com/tw/investor/events",法說會影音連結資訊:https://youtu.be/SbHemcv-SSs ,"無","查詢"
"4958","臻鼎-KY","113/08/23","09:00","深圳鵬鼎園區 (廣東省深圳市寶安區燕羅街道燕川社區松羅路鵬鼎園區)","本公司之營運概況、財務及業務相關資訊","495820240819M001.pdf","495820240819E001.pdf","https://www.zdtco.com/tw/investor/events","","無","查詢"
"4958","臻鼎-KY","113/09/05","15:30","宏遠證券(地址: 台北市信義路四段236號7樓)","PCB產業展望、公司營運績效及Q&amp;A","495820240904M001.pdf","495820240904E001.pdf","https://www.zdtco.com/tw/investor/events","","無","查詢"
"4958","臻鼎-KY","113/09/11","15:40","台北晶華酒店 
(地址: 台北市中山北路二段39巷3號)","PCB產業展望、公司營運績效及Q&amp;A","495820240904M002.pdf","495820240904E002.pdf","https://www.zdtco.com/tw/investor/events","","無","查詢"
"4958","臻鼎-KY","113/09/19","09:30","台北晶華酒店
(地址: 台北市中山北路二段39巷3號)","PCB產業展望、公司營運概況及Q&amp;A","495820240904M003.pdf","495820240904E003.pdf","https://www.zdtco.com/tw/investor/events","","無","查詢"
"4958","臻鼎-KY","113/08/30","11:00","台北艾麗酒店 (地址: 台北市信義區松高路18號5樓)","PCB產業展望、公司營運績效及Q&amp;A","495820240819M001.pdf","495820240819E001.pdf","https://www.zdtco.com/tw/investor/events","","無","查詢"
"4958","臻鼎-KY","113/09/03","09:00","台北W飯店(地址:台北市忠孝東路五段10號)","PCB產業展望、公司營運績效及Q&amp;A","495820240902M002.pdf","495820240902E002.pdf","https://www.zdtco.com/tw/investor/events","","無","查詢"
"4958","臻鼎-KY","113/04/16 至 113/04/17","09:00","新加坡Fullerton Hotel
(地址: 1 Fullerton Square, Singapore)","本公司之營運概況、財務及業務相關資訊","495820240410M001.pdf","495820240410E001.pdf","https://www.zdtco.com/tw/investor/events","","04/16(09:00~17:20)，04/17(09:00~12:20)","查詢"
"4958","臻鼎-KY","113/05/28","14:00","台北晶華酒店(地址: 台北市中山北路二段39巷3號)","PCB產業展望、公司營運績效及Q&amp;A","495820240524M001.pdf","495820240524E001.pdf","https://www.zdtco.com/tw/investor/events","","無","查詢"
"4958","臻鼎-KY","113/08/13","15:00","報名連結：https://www.zdtco.com/tw/investor/events","(1)2024年第2季營運概況說明
(2)Key Messages 
(3)提問時間","495820240813M001.pdf","495820240813E001.pdf","https://www.zdtco.com/tw/investor/events",法說會影音連結資訊:https://youtu.be/Z6N8cHzd9lA?si=_r3EjefUMRVYmD_w ,"請預先完成線上報名，會議全程以中文進行，也歡迎英文提問","查詢"
"4958","臻鼎-KY","113/10/23","09:00","香港文華東方酒店(地址:香港中環干諾道中5號)","本公司之營運概況、財務及業務相關資訊","495820241018M001.pdf","495820241018E001.pdf","https://www.zdtco.com/tw/investor/events","","113/10/23(09:00-17:20)","查詢"
"4958","臻鼎-KY","113/11/08","15:00","報名連結：https://www.zdtco.com/tw/investor/events","(1)2024年第3季營運概況說明(2)重點訊息(3)提問時間","495820241108M001.pdf","495820241108E001.pdf","https://www.zdtco.com/tw/investor/events",法說會影音連結資訊:https://youtu.be/o2xdglmT6ow ,"請預先完成線上報名，會議以中文進行，也歡迎英文提問","查詢"
"4958","臻鼎-KY","113/09/23 至 113/09/24","14:00","台北W飯店(地址:台北市忠孝東路五段10號)","PCB產業展望、公司營運績效及Q&amp;A","495820240904M003.pdf","495820240904E003.pdf","https://www.zdtco.com/tw/investor/events","","09/23(14:00~17:50)，09/24(10:00~15:50)","查詢"
"4960","誠美材","113/03/11","14:00","線上法說會","本公司受邀參加群益金鼎證券舉辦之線上法人說明會，會中將說明本公司營運成果及未來展望。","496020240311M001.pdf","496020240311E001.pdf","https://www.cmmt.com.tw",中文影音檔網址:4960_17_20240311_ch.mp4 ,"無","查詢"
"4960","誠美材","113/05/20","14:00","台北萬豪酒店(台北市中山區樂群二路199號- 3F 春廳)","本公司受邀參加中國信託綜合證券舉辦之法人說明會，會中將說明本公司營運成果及未來展望。","496020240520M001.pdf","496020240520E001.pdf","https://www.cmmt.com.tw/","","無","查詢"
"4960","誠美材","113/11/05","14:00","線上法說會","本公司受邀參加中國信託綜合證券舉辦之線上法人說明會，會中將說明本公司營運成果及未來展望。","496020241105M001.pdf","496020241105E001.pdf","https://www.cmmt.com.tw/","","無","查詢"
"4960","誠美材","113/08/21","14:00","線上法說會","本公司受邀參加群益金鼎證券舉辦之線上法人說明會，會中將說明本公司營運成果及未來展望。","496020240821M001.pdf","496020240821E001.pdf","https://www.cmmt.com.tw",中文影音檔網址:4960_19_20240821_ch.mp4 ,"無","查詢"
"4961","天鈺","113/03/04 至 113/03/05","09:00","台北W飯店","本公司113/3/4受邀參加Citi Securities舉辦之「Citi&#039;s 2024 Taiwan Corporate Day」，會中就本公司2/21法說會已公開之財務數字、經營績效等相關資訊進行說明。","496120240221M001.pdf","496120240221E001.pdf","https://www.fitipower.com/investor/quarterly-reports","","無","查詢"
"4961","天鈺","113/02/21","14:00","線上法說會","(1)公布本公司2023年第4季自結合併財務報表。(2)參加方式：請至https://www.fitipower.com/investor/events 報名。(報名後提供會議連結資訊)","496120240221M001.pdf","496120240221E001.pdf","https://www.fitipower.com/investor/quarterly-reports",法說會影音連結資訊:https://www.fitipower.com/investor/quarterly-reports English:https://www.fitipower.com/en/investor/quarterly-reports ,"無","查詢"
"4961","天鈺","113/05/10","14:00","線上法說會","(1)公布本公司2024年第1季合併財務報表。(2)參加方式：請至https://www.fitipower.com/investor/events 報名。(報名後提供會議連結資訊)","496120240510M001.pdf","496120240510E001.pdf","https://www.fitipower.com/investor/quarterly-reports",法說會影音連結資訊:https://www.fitipower.com/investor/quarterly-reports (請輸入網址名稱(註)):https://www.fitipower.com/en/investor/quarterly-reports ,"無","查詢"
"4961","天鈺","113/11/25 至 113/11/26","09:00","台北遠東香格里拉飯店","本公司113/11/25受邀參加Citi Securities舉辦之「Citi&#039;s 2024 Taiwan Corporate Day」，會中就本公司11/8法說會已公開之財務數字、經營績效等相關資訊進行說明。","496120241108M001.pdf","496120241108E001.pdf","https://www.fitipower.com/investor/quarterly-reports","","無","查詢"
"4961","天鈺","113/03/19 至 113/03/21","09:00","台北君悅酒店","本公司113/3/19-113/3/21受邀參加BOFA Securities舉辦之「APAC TMT Conference 2024」，會中就本公司2/21法說會已公開之財務數字、經營績效等相關資訊進行說明。","496120240221M001.pdf","496120240221E001.pdf","https://www.fitipower.com/investor/quarterly-reports","","無","查詢"
"4961","天鈺","113/06/12","09:30","台北晶華酒店","本公司113/06/12受邀參加元大證券舉辦之「第二季投資論壇」，會中就本公司5/10法說會已公開之財務數字、經營績效等相關資訊進行說明。","496120240510M001.pdf","496120240510E001.pdf","https://www.fitipower.com/investor/quarterly-reports","","無","查詢"
"4961","天鈺","113/06/13","14:00","茹曦酒店","本公司113/06/13受邀參加凱基證券舉辦之「第二季投資論壇」，會中就本公司5/10法說會已公開之財務數字、經營績效等相關資訊進行說明。","496120240510M001.pdf","496120240510E001.pdf","https://www.fitipower.com/investor/quarterly-reports","","無","查詢"
"4961","天鈺","113/03/08","14:00","台北君悅酒店","本公司113/3/8受邀參加統一證券舉辦之「全球展望春季投資論壇」，會中就本公司2/21法說會已公開之財務數字、經營績效等相關資訊進行說明。","496120240221M001.pdf","496120240221E001.pdf","https://www.fitipower.com/investor/quarterly-reports","","無","查詢"
"4961","天鈺","113/08/09","14:00","線上法說會","(1)公布本公司2024年第2季合併財務報表。(2)參加方式：請至https://www.fitipower.com/investor/events 報名。(報名後提供會議連結資訊)","496120240809M001.pdf","496120240809E001.pdf","https://www.fitipower.com/investor/quarterly-reports",法說會影音連結資訊:https://www.fitipower.com/investor/quarterly-reports English:https://www.fitipower.com/en/investor/quarterly-reports ,"無","查詢"
"4961","天鈺","113/09/06","14:00","台北君悅酒店","本公司113/9/6受邀參加統一證券舉辦之「統一證券2024Q3全球展望秋季投資論壇」，會中就本公司8/9法說會已公開之財務數字、經營績效等相關資訊進行說明。","496120240809M001.pdf","496120240809E001.pdf","https://www.fitipower.com/investor/quarterly-reports",法說會影音連結資訊:https://www.fitipower.com/investor/events/p/gR43kuByhq0hU8tR ,"無","查詢"
"4961","天鈺","113/06/05 至 113/06/07","09:00","台北W飯店","本公司113/6/5受邀參加Citi Securities舉辦之「Citi 2024 Taiwan Tech Conference」，會中就本公司5/10法說會已公開之財務數字、經營績效等相關資訊進行說明。","496120240510M001.pdf","496120240510E001.pdf","https://www.fitipower.com/investor/quarterly-reports","","無","查詢"
"4961","天鈺","113/12/04","09:30","台北晶華酒店","本公司113/12/04受邀參加元大證券舉辦之「第四季投資論壇」，會中就本公司11/8法說會已公開之財務數字、經營績效等相關資訊進行說明。","496120241108M001.pdf","496120241108E001.pdf","https://www.fitipower.com/investor/quarterly-reports","","無","查詢"
"4961","天鈺","113/06/03","11:00","台北君悅酒店","本公司113/6/3受邀參加HSBC 及 TWSE舉辦之「Taiwan Conference 2024」，會中就本公司5/10法說會已公開之財務數字、經營績效等相關資訊進行說明。","496120240510M001.pdf","496120240510E001.pdf","https://www.fitipower.com/investor/quarterly-reports","","無","查詢"
"4961","天鈺","113/09/03 至 113/09/04","09:00","台北君悅酒店","本公司113/9/3-113/9/4受邀參加Goldman Sachs舉辦之「GS Taiwan Corporate Day」，會中就本公司8/9法說會已公開之財務數字、經營績效等相關資訊進行說明。","496120240809M001.pdf","496120240809E001.pdf","https://www.fitipower.com/investor/quarterly-reports","","無","查詢"
"4961","天鈺","113/09/23 至 113/09/25","09:00","台北W飯店","本公司113/9/23-113/9/25受邀參加UBS舉辦之「UBS Taiwan Summit 2024」，會中就本公司8/9法說會已公開之財務數字、經營績效等相關資訊進行說明。","496120240809M001.pdf","496120240809E001.pdf","https://www.fitipower.com/investor/quarterly-reports","","無","查詢"
"4961","天鈺","113/11/08","15:00","線上法說會","(1)公布本公司2024年第3季合併財務報表。(2)參加方式：請至https://www.fitipower.com/investor/events 報名。(報名後提供會議連結資訊)","496120241108M001.pdf","496120241108E001.pdf","https://www.fitipower.com/investor/quarterly-reports",法說會影音連結資訊:https://www.fitipower.com/investor/quarterly-reports 英文網址:https://www.fitipower.com/en/investor/events/p/o7orYTBHgvWli8L1 ,"無","查詢"
"4967","十銓","113/11/22","14:30","Webex 線上會議","受邀參加永豐金證券舉辦之法說會，說明本公司之營運概況。","496720241122M001.pdf","496720241122E001.pdf","https://www.teamgroupinc.com/tw/investors/meeting/",中文影音檔網址:4967_9_20241122_ch.mp4 ,"會議連結請報名索取：https://reurl.cc/g6dxVX","查詢"
"4967","十銓","113/05/06","14:30","Webex線上會議","受邀參加永豐金證券舉辦之法說會，說明本公司之營運概況。","496720240506M001.pdf","496720240506E001.pdf","https://www.teamgroupinc.com/tw/investors/meeting/",中文影音檔網址:4967_8_20240506_ch.mp4 ,"會議連結請報名索取：https://www.surveycake.com/s/Rvwwm","查詢"
"4968","立積","113/04/26","15:30","網路直播","立積電子(4968) 2024年第一季線上法人說明會","496820240426M001.pdf","496820240426E001.pdf","https://www.richwave.com.tw/zh/invest_sharholder_conference.aspx",同步收看網址：:http://www.zucast.com/webcast/j5kTS55S 法說會影音連結資訊:http://www.zucast.com/webcast/j5kTS55S ,"無。","查詢"
"4968","立積","113/11/14","16:00","台北","本公司113年11月14日受邀參加里昂證券於台北舉辦之CLST Taiwan Market Mover 2025 Access Day","496820241101M001.pdf","496820241101E001.pdf","https://www.richwave.com.tw/zh/invest_sharholder_conference.aspx",中文影音檔網址:4968_79_20241114_ch.mp4 ,"無。","查詢"
"4968","立積","113/03/01","15:30","網路直播","立積電子(4968) 2023年第四季線上法人說明會","496820240301M001.pdf","496820240301E001.pdf","https://www.richwave.com.tw/zh/invest_sharholder_conference.aspx",同步收看網址：:http://www.zucast.com/webcast/DUfHpjQm 法說會影音連結資訊:http://www.zucast.com/webcast/DUfHpjQm ,"無。","查詢"
"4968","立積","113/07/26","15:30","網路直播","立積電子(4968) 2024年第二季線上法人說明會","496820240726M001.pdf","496820240726E001.pdf","https://www.richwave.com.tw/zh/invest_sharholder_conference.aspx",同步收看網址：:http://www.zucast.com/webcast/rf0fXQGI 法說會影音連結資訊:http://www.zucast.com/webcast/rf0fXQGI ,"無。","查詢"
"4968","立積","113/04/08 至 113/04/09","09:00","香港","本公司受邀參加摩根士丹利於香港舉辦之North Asia Growth Corporate Day 2024","496820240301M001.pdf","496820240301E001.pdf","https://www.richwave.com.tw/zh/invest_sharholder_conference.aspx","","無。","查詢"
"4968","立積","113/03/21","15:00","台北君悅酒店","本公司受邀參加美林證券舉辦之2024 APAC TMT Conference","496820240301M001.pdf","496820240301E001.pdf","https://www.richwave.com.tw/zh/invest_sharholder_conference.aspx","","無。","查詢"
"4968","立積","113/11/01","15:30","網路直播","立積電子(4968) 2024年第三季線上法人說明會","496820241101M001.pdf","496820241101E001.pdf","https://www.richwave.com.tw/zh/invest_sharholder_conference.aspx",同步收看網址：:http://www.zucast.com/webcast/hWVeAW7P 法說會影音連結資訊:http://www.zucast.com/webcast/hWVeAW7P ,"無。","查詢"
"4976","佳凌","113/09/05","13:30","台北文華東方酒店B2東方廳
(台北市松山區敦化北路158號)","本公司受邀參加國泰證券2024年第三季產業論壇","497620240905M001.pdf","497620240905E001.pdf","",中文影音檔網址:4976_11_20240905_ch.mp4 ,"無","查詢"
"4977","眾達-KY","113/12/03","14:30","電話會議","本公司受邀參加凱基證券舉辦之法人說明會","497720241202M001.pdf","497720241202E001.pdf","",中文影音檔網址:4977_32_20241203_ch.mp4 ,"無。","查詢"
"4989","榮科","113/10/30","14:30","線上法人說明會","本公司受邀參加元大證券舉辦之線上法人說明會","498920241030M001.pdf","498920241030E001.pdf","https://lcyt.lcycic.com/zh/investors/investor-conference/corporate-briefing-session",法說會影音連結資訊:https://www.youtube.com/watch?v=2AEW9bV8tzQ ,"無","查詢"
"4994","傳奇","113/11/13","16:00","台灣證券交易所1F資訊展示中心(台北市信義路五段7號)","簡報營運概況","499420241112M001.pdf","499420241112E001.pdf","https://www.x-legend.tw/03financials/financials_16.php",法說會影音連結資訊:https://webpro.twse.com.tw/WebPortal/vod/101/C1BC720579E9-DB86A90A-A19C-11EF-9A30/?categoryId=101 ,"無","查詢"
"4994","傳奇","113/05/31","14:30","台灣證券交易所1F資訊展示中心(台北市信義路五段7號)","簡報營運概況","499420240530M001.pdf","499420240530E001.pdf","https://www.x-legend.tw/03financials/financials_16.php",法說會影音連結資訊:https://webpro.twse.com.tw/webportal/vod/101/572F0990CEA6-CAD30618-1F1B-11EF-A7B8/?categoryId=101 ,"無","查詢"
"4999","鑫禾","113/11/20","14:30","臺北兆豐證券大樓(臺北市忠孝東路二段95號13樓)","本公司受邀參加兆豐證券舉辦之法人說明會","499920241118M001.pdf","499920241118E001.pdf","https://www.sinher.com.tw/tw/8?nid=27",中文影音檔網址:4999_9_20241120_ch.mp4 ,"無","查詢"
"5007","三星","113/11/28","14:30","線上法說會","本公司受邀參加元富證券舉辦之線上法人說明會，說明產業發展及公司經營現況。","500720241127M001.pdf","500720241127E001.pdf","https://www.sanshing.com.tw/investor5.html",中文影音檔網址:5007_13_20241128_ch.mp4 ,"無","查詢"
"5203","訊連","113/07/29","14:30","線上法說會","訊連科技(5203)宣佈將於7月25日舉行線上法人說明會，屆時
將於會中報告113年第二季度經營成果，敬邀各界蒞臨參加， 
詳細活動流程如下： 
時間             活動流程 
2:30PM ~ 3:15PM  說明會簡報 
3:15PM ~ 3:30PM   Q &amp; A 
本次法人說明會將使用整合線上簡報、螢幕分享、 支援強大直播及預錄功能的「U簡報」進行同步直播。投資人可透過電腦、平板及手機參與「U簡報」，PC使用者可使用Chrome 瀏覽器開啟下列連結參與本場直播；手機或平板使用者請先下載並安裝「U」App即可加入該直播。 
線上直播網址: 
https://u.cyberlink.com/live/1298710518940305120","520320240729M001.pdf","520320240729E001.pdf","https://tw.cyberlink.com/prog/company/ir-index.do",同步收看網址：:https://u.cyberlink.com/live/1298710518940305120 法說會影音連結資訊:https://youtu.be/Shipqbn0Ij0 ,"無","查詢"
"5203","訊連","113/02/29","14:30","線上法說會","訊連科技(5203)宣佈將於2月29日(四)舉行線上法人說明會，屆時將於會中報告112年第四季度經營成果，敬邀各界蒞臨參加， 詳細活動流程如下： 時間 活動流程 2:30PM ~ 3:15PM 說明會簡報 3:15PM ~ 3:30PM Q &amp; A 本次法人說明會將使用整合線上簡報、螢幕分享、支援強大直播及預錄功能的「U簡報」進行同步直播。投資人可透過電腦、平板及手機參與「U簡報」，PC使用者可使用Chrome 瀏覽器開啟下列連結參與本場直播；手機或平板使用者請先下載並安裝「U」App即可加入該直播。 線上直播網址: https://u.cyberlink.com/live/1298707889015229321","520320240229M001.pdf","520320240229E001.pdf","https://tw.cyberlink.com/prog/company/ir-index.do",同步收看網址：:https://u.cyberlink.com/live/1298707889015229321 法說會影音連結資訊:https://u.cyberlink.com/live/1298707889015229321 ,"無","查詢"
"5203","訊連","113/04/25","14:30","線上法說會","訊連科技(5203)宣佈將於4月25日舉行線上法人說明會，屆時將於會中報告113年第一季度經營成果，敬邀各界蒞臨參加，
詳細活動流程如下： 
時間               活動流程 
2:30PM ~ 3:15PM    說明會簡報 
3:15PM ~ 3:30PM    Q &amp; A   
本次法人說明會將使用整合線上簡報、螢幕分享、
支援強大直播及預錄功能的「U簡報」進行同步直播。投資人可透過電腦、平板及手機參與「U簡報」，PC使用者可使用Chrome 瀏覽器開啟下列連結參與本場直播；手機或平板使用者請先下載並安裝「U」App即可加入該直播。 
線上直播網址: https://u.cyberlink.com/live/1298709300838927264","520320240425M001.pdf","520320240425E001.pdf","https://tw.cyberlink.com/prog/company/ir-index.do",同步收看網址：:https://u.cyberlink.com/live/1298709300838927264 法說會影音連結資訊:https://u.cyberlink.com/live/1298709300838927264 ,"無","查詢"
"5203","訊連","113/10/30","14:30","線上法說會","訊連科技(5203)宣佈將於10月30日舉行線上法人說明會，
屆時將於會中報告113年第三季度經營成果，敬邀各界蒞臨參加， 
詳細活動流程如下：
 
時間              活動流程 
2:30PM ~ 3:15PM   說明會簡報 
3:15PM ~ 3:30PM   Q &amp; A 

本次法人說明會將使用整合線上簡報、螢幕分享、支援強大直播及預
錄功能的「U簡報」進行同步直播。投資人可透過電腦、平板及手機
參與「U簡報」，PC使用者可使用Chrome瀏覽器開啟下列連結參與本
場直播；手機或平板使用者請先下載並安裝「U」App即可加入該直播。
線上直播網址:
https://u.cyberlink.com/live/1298711023867399098","520320241030M001.pdf","520320241030E001.pdf","https://tw.cyberlink.com/prog/company/ir-index.do",同步收看網址：:https://u.cyberlink.com/live/1298711023867399098 法說會影音連結資訊:https://youtu.be/c3L2G0wOow8 ,"無","查詢"
"5215","科嘉-KY","113/09/10","15:30","臺灣證券交易所1樓資訊展示中心(台北市信義路五段7號)","本公司受臺灣證券交易所邀請參加113年第3季第一上市公司財務業務說明會","521520240909M001.pdf","521520240909E001.pdf","https://www.koja.com.tw",同步收看網址：:https://webpro.twse.com.tw/webportal/vod/101/F305E4EF4A67-368C4FBA-6F4B-11EF-93AD/?categoryId=101 法說會影音連結資訊:https://webpro.twse.com.tw/webportal/vod/101/F305E4EF4A67-368C4FBA-6F4B-11EF-93AD/?categoryId=101 ,"無","查詢"
"5222","全訊","113/03/13","13:30","台北君悅飯店3樓(台北市信義區松壽路2號3樓)","本公司受邀參加元大證券舉辦之第一季投資論壇，會中說明本公司簡介與營運現況。","522220240313M001.pdf","522220240313E001.pdf","https://www.transcominc.com.tw/Chinese/investorRelations2.php?arg=DMV4yhMvitEhTins4g",法說會影音連結資訊:https://drive.google.com/file/d/13MbJg5QjBJzLMgZ2Es6h8LbqiQ1Nn85M/view ,"無","查詢"
"5222","全訊","113/09/05","13:30","台北文華東方酒店B2會議室(台北市松山區敦化北路158號B2)","本公司受邀參加國泰證券舉辦之第三季論壇，會中說明本公司簡介與營運現況。","522220240905M001.pdf","522220240905E001.pdf","https://www.transcominc.com.tw/Chinese/investorRelations2.php?arg=DMV4yhMvitEhTins4g",法說會影音連結資訊:https://drive.google.com/file/d/1k5yvM6fojftTRyrvm3Y5CovYOUi6ssKG/view ,"無","查詢"
"5222","全訊","113/12/24","14:00","大眾財經大樓(高雄市前鎮區中山二路2號9樓之1)","本公司受邀台新證券舉辦之法人說明會，會中說明本公司簡介與營運現況。","522220241224M001.pdf","522220241224E001.pdf","https://www.transcominc.com.tw/Chinese/investorRelations2.php?arg=DMV4yhMvitEhTins4g",法說會影音連結資訊:https://drive.google.com/file/d/1qK4EiGyd-W0wULbpxBRFErPMi9A0Sdq1/view ,"無","查詢"
"5225","東科-KY","113/08/27","14:30","KGI凱基證券總部大樓 (台北市明水路700號12樓)","本公司受邀參加由凱基證券舉辦之法人說明會，說明本公司之營運概況。","522520240827M002.pdf","522520240827E002.pdf","https://eastech.com",中文影音檔網址:5225_21_20240827_ch.MP4 ,"無","查詢"
"5225","東科-KY","113/11/11","14:30","KGI凱基證券總部大樓 (台北市明水路700號12樓)","本公司受邀參加由凱基證券舉辦之法人說明會，說明本公司之營運概況。","522520241111M001.pdf","522520241111E001.pdf","https://eastech.com",中文影音檔網址:5225_22_20241111_ch.MP4 ,"無","查詢"
"5234","達興材料","113/08/15","14:00","線上法說會","本公司受邀參加凱基證券舉辦之法人說明會，說明公司營運概況及展望。","523420240814M001.pdf","523420240814E001.pdf","https://www.daxinmat.com/?sn=825&amp;lang=zh-TW",法說會影音連結資訊:https://irconference.twse.com.tw/5234_23_20240815_ch.mp4 ,"報名請洽凱基證券 Email: eva.yan@kgi.com","查詢"
"5243","乙盛-KY","113/06/14","15:30","政大公企中心（台北市大安區金華街187號10樓－A1034階梯型會議教室)","AI人工智慧、半導體與智慧電動車EV","524320240614M001.pdf","524320240614E001.pdf","https://www.eson.tw/index.php?c=category&amp;id=37",法說會影音連結資訊:https://1drv.ms/v/s!AqaA0u1UOA-ygcFkamN5xKVy_ffClg?e=HPGSzj ,"無","查詢"
"5243","乙盛-KY","113/12/10","10:00","政大公企中心（台北市大安區金華街187號－A1034階梯型會議教室)","AI 半導體 EV 機器人 低軌衛星","524320241209M001.pdf","524320241209E001.pdf","https://www.eson.tw/index.php?c=category&amp;id=37",法說會影音連結資訊:https://reurl.cc/oVZm8q ,"無","查詢"
"5244","弘凱","113/11/26","14:30","宏遠證券總公司會議室(台北市大安區信義路四段236號7樓)","本公司受邀參加宏遠證券舉辦之法人說明會，會中將說明公司財務及業務相關資訊。","524420241126M001.pdf","524420241126E001.pdf","https://www.brightek.com/TW/investor/performance/lists2.html#crumb",法說會影音連結資訊:未輸 ,"報名網址:https://www.honsec.com.tw/eDIgitalDir/conference/regist.asp?id=1162","查詢"
"5244","弘凱","113/03/26","14:30","永豐金證券會議室(台北市重慶南路一段2號20樓)","本公司受邀參加永豐金證券舉辦之法人說明會，會中將分享2023全年度營運成果及未來展望。","524420240326M001.pdf","524420240326E001.pdf","https://www.brightek.com/TW/investor/performance/lists2.html#crumb",法說會影音連結資訊:https://www.youtube.com/watch?v=EWbsdrBAQXk ,"報名網址:https://www.surveycake.com/s/7lYOA","查詢"
"5258","虹堡","113/11/15","14:30","台北市中山區建國北路一段96號B1會議室","本公司受邀參加台新證券舉辦之法人說明會，說明本公司近期營運成果與未來展望。","525820241115M001.pdf","525820241115E001.pdf","https://reurl.cc/NQj6ZQ",法說會影音連結資訊:https://www.youtube.com/watch?v=h27ed0DoFGg ,"無","查詢"
"5258","虹堡","113/04/30","14:30","台北市中山區建國北路一段96號B1會議室","本公司受邀參加台新證券舉辦之法人說明會，說明本公司近期營運成果與未來展望。","525820240430M001.pdf","525820240430E001.pdf","https://reurl.cc/NQj6ZQ",法說會影音連結資訊:https://www.youtube.com/watch?v=2o6oPYjM-ng ,"無","查詢"
"5269","祥碩","113/05/09","15:00","線上法說會","本公司營運概況之相關資訊說明","526920240509M001.pdf","526920240509E001.pdf","https://www.asmedia.com.tw",中文影音檔網址:5269_23_20240509_ch.mp3 ,"無。","查詢"
"5269","祥碩","113/11/18","14:00","線上會議","公告本公司113年11月18日受邀參加永豐金證券舉辦之法人座談會，簡報資料請參閱公開資訊觀測站。","526920241118M001.pdf","526920241118E001.pdf","https://www.asmedia.com.tw",中文影音檔網址:5269_24_20241118_ch.mp4 ,"無。","查詢"
"5283","禾聯碩","113/09/27","14:30","凱基證券12F-A廳(台北市中山區明水路700號12樓)","公告本公司受邀參加凱基證券舉辦之法人說明會，進行公司簡介及營運狀況說明。","528320240927M001.pdf","528320240927E001.pdf","https://www.heran.com.tw/%e6%8a%95%e8%b3%87%e4%ba%ba%e5%b0%88%e5%8d%80/sample-page/",中文影音檔網址:5283_6_20240927_ch.mp4 ,"無","查詢"
"5284","jpp-KY","113/05/10","14:30","凱基證券台北市明水路700號","第二季營運展望說明會","528420240509M001.pptx","528420240509E001.pptx","http://www.jppholding.com/5-2-5.html","","無","查詢"
"5284","jpp-KY","113/03/08","10:00","台北君悅酒店(台北市信義區松壽路2號)","受邀參加統一證券2024Q1全球展望春季投資論壇","528420240307M001.pptx","528420240307E001.pptx","http://www.jppholding.com/5-2-5.html","","無","查詢"
"5284","jpp-KY","113/03/14","15:20","台北集思北科大會議中心3樓會議室
(台北市忠孝東路三段1號3樓)","受邀參加凱基證券投資論壇2024Q1","528420240307M001.pptx","528420240307E001.pptx","http://www.jppholding.com/5-2-5.html","","無","查詢"
"5284","jpp-KY","113/03/21","10:00","茹曦酒店(台北市松山區敦化北路100號)","受邀參加華南永昌證券2024年第一季產業暨企業論壇","528420240307M001.pptx","528420240307E001.pptx","http://www.jppholding.com/5-2-5.html","","無","查詢"
"5284","jpp-KY","113/09/06","10:00","台北君悅酒店(台北市信義區松壽路2號)","受邀參加統一證券2024Q3全球展望秋季投資論壇","528420240905M001.pdf","528420240905E001.pdf","http://www.jppholding.com/5-2-5.html","","無","查詢"
"5284","jpp-KY","113/12/12","15:30","台北市中正區忠孝東路一段12號（喜來登飯店B1)","第一金證券第四季投資論壇","528420241212M001.pptx","528420241212E001.pptx","http://www.jppholding.com/5-2-5.html",中文影音檔網址:5284_42_20241212_ch.MP4 ,"無","查詢"
"5285","界霖","113/11/21","14:50","臺灣證券交易所(101大樓)1樓資訊展示中心(台北市信義區信義路五段7號1樓)","本公司受邀參加台灣證券交易所與永豐金證券共同舉辦之113年「車用電子暨零組件產業」主題式業績發表會及產業講座","528520241118M001.pdf","528520241118E001.pdf","http://www.jihlin.com.tw/investor.php?cid=30",同步收看網址：:https://webpro.twse.com.tw/webportal/?liveChannelId=1 法說會影音連結資訊:https://webpro.twse.com.tw/WebPortal/vod/101/71F2CCD6EFB4-FF609C8E-A7DC-11EF-A913/?categoryId=101 ,"無","查詢"
"5285","界霖","113/05/28","14:30","統一證券總公司13樓會議室(台北市松山區東興路8號13樓)","本公司受邀參加統一證券舉辦之法人說明會","528520240524M001.pdf","528520240524E001.pdf","http://www.jihlin.com.tw/investor.php?cid=30",法說會影音連結資訊:https://www.youtube.com/watch?v=hiv3iH5HwXQ ,"無","查詢"
"5288","豐祥-KY","113/06/25","14:00","台北市南京東路五段188號15樓會議室","本公司受邀參加國票證券舉辦之法人說明會","528820240625M001.pdf","528820240625E001.pdf","https://www.eurocharm.com.tw/","","無","查詢"
"5288","豐祥-KY","113/03/15","14:30","台北市重慶南路一段2號20樓 會議室","本公司受邀參加永豐金證券舉辦之法人說明會","528820240313M001.pdf","528820240313E001.pdf","https://www.eurocharm.com.tw/",法說會影音連結資訊:https://youtu.be/2n7Ki7xaB8Q ,"無","查詢"
"5288","豐祥-KY","113/12/30","14:30","台北市新生南路一段50號3樓","本公司受邀參加德信綜合證券舉辦之法人說明會","528820241230M001.pdf","528820241230E001.pdf","https://www.eurocharm.com.tw/",法說會影音連結資訊:https://youtu.be/I0uTrFjc_Vw ,"無","查詢"
"5288","豐祥-KY","113/09/30","14:00","兆豐證券大樓(台北市忠孝東路二段95號13樓1302會議室)","本公司受邀參加兆豐證券舉辦之法人說明會","528820240930M001.pdf","528820240930E001.pdf","https://www.eurocharm.com.tw/","","無","查詢"
"5292","華懋","113/12/06","14:30","證交所(城中大樓3F)台北市中正區延平南路85號","說明本公司之營運與財務概況","529220241206M001.pdf","529220241206E001.pdf","http://www.dtech-group.com/inves.php?class=29",法說會影音連結資訊:https://youtu.be/y3NZZCY3Y8w ,"無","查詢"
"5306","桂盟","113/11/21","15:00","線上會議","本公司受邀參加永豐金證券舉辦法人線上會議","530620241120M001.pdf","530620241120E001.pdf","http://www.kmc-international.com/",法說會影音連結資訊:https://www.youtube.com/watch?v=slW7aDtew0A ,"無","查詢"
"5306","桂盟","113/01/26","13:30","康和證券總公司(台北市信義區基隆路一段176號)","本公司受邀參加康和證券舉辦法人座談會","530620231126M001.pdf","530620231126E001.pdf","http://www.kmc-international.com/","","無","查詢"
"5306","桂盟","113/03/11","15:00","線上法說會","本公司受邀參加國泰證券舉辦法人線上說明會","530620240308M001.pdf","530620240308E001.pdf","http://www.kmc-international.com/","","無","查詢"
"5306","桂盟","113/06/06","10:00","台北W飯店
(台北市信義區忠孝東路五段10號)","本公司受邀參加花旗證券所舉辦之「Citi 2024 Taiwan Conference」","530620240603M001.pdf","530620240603E001.pdf","http://www.kmc-international.com/","","無","查詢"
"5306","桂盟","113/03/21","11:00","台北君悅飯店","本公司受邀參加美銀證券舉辦之「2024 APAC TMT Conference」","530620240308M001.pdf","530620240308E001.pdf","http://www.kmc-international.com/","","無","查詢"
"5306","桂盟","113/08/28","10:30","線上會議","本公司受邀參加永豐金證券舉辦法人線上說明會","530620240823M001.pdf","530620240823E001.pdf","http://www.kmc-international.com/",法說會影音連結資訊:https://www.youtube.com/watch?v=kP1HktovSMI&t=452s ,"無","查詢"
"5306","桂盟","113/12/04","10:50","台北市晶華酒店","本公司受邀參加「2024元大證券第四季投資論壇」","530620241120M001.pdf","530620241120E001.pdf","http://www.kmc-international.com/","","無","查詢"
"5388","中磊","113/03/05","14:30","台北君悅酒店1F君寓一宴會廳（台北市信義區松壽路2號）","公佈本公司2023年第四季營運成果及市場展望","538820240305M001.pdf","538820240305E001.pdf","https://www.sercomm.com/",法說會影音連結資訊:https://webpro.twse.com.tw/WebPortal/vod/101/B9C887FD7313-40F8B33B-DACF-11EE-9AFC/?categoryId=101 ,"無","查詢"
"5388","中磊","113/12/06","14:00","台北市大安區仁愛路四段169號富邦金融大樓","本公司受邀參加富邦證券舉辦之法人說明會","538820241205M001.pdf","538820241205E001.pdf","http://www.sercomm.com",中文影音檔網址:5388_117_20241206_ch.mp4 ,"無","查詢"
"5388","中磊","113/07/30","14:30","台北遠東香格里拉/2F香格里拉宴會廳
(台北市敦化南路二段201號)","公佈本公司2024年第二季營運成果及市場展望","538820240730M001.pdf","538820240730E001.pdf","http://www.sercomm.com",法說會影音連結資訊:https://webpro.twse.com.tw/WebPortal/vod/101/A1254962C130-122FA829-4E5E-11EF-8145/?categoryId=101 ,"無","查詢"
"5388","中磊","113/06/03","09:00","台北君悅酒店","本公司受邀參加證交所與香港上海�擢袓狳擐@同於臺北舉辦之「HSBC x TWSE Taiwan Conference 2024」論壇","538820240531M001.pdf","538820240531E001.pdf","http://www.sercomm.com","","無","查詢"
"5388","中磊","113/06/05","09:00","W Hotel Taipei","本公司受邀參加花旗證券舉辦之「Citi’s 2024 Taiwan Tech Conference」論壇","538820240531M002.pdf","538820240531E002.pdf","http://www.sercomm.com","","無","查詢"
"5388","中磊","113/03/19","09:00","台北君悅酒店","本公司受邀參加美銀證券舉辦之「2024 APAC TMT Conference」投資論壇","538820240312M002.pdf","538820240312E002.pdf","http://www.sercomm.com","","無","查詢"
"5388","中磊","113/03/21","08:30","Grand Hyatt Hong Kong","本公司受邀參加Jefferies舉辦之Jefferies 5th Asia Forum","538820240312M001.pdf","538820240312E001.pdf","http://www.sercomm.com","","無","查詢"
"5388","中磊","113/09/03","09:00","台北君悅酒店 / Grand Hyatt Taipei","本公司受邀參加高盛證券舉辦之「GS Taiwan Corporate Day」論壇","538820240829M001.pdf","538820240829E001.pdf","http://www.sercomm.com","","無","查詢"
"5434","崇越","113/11/14","14:30","福邦證券總公司(台北市忠孝西路一段6號7樓)","受邀參加福邦證券舉辦之法人說明會，就本公司已公開之財務業務資訊作說明。","543420241114M001.pdf","543420241114E001.pdf","https://www.topco-global.com/investor-conference/",中文影音檔網址:5434_21_20241114_ch.MP4 ,"無","查詢"
"5434","崇越","113/03/13","14:30","福邦證券總公司(台北市忠孝西路一段6號7樓)","受邀參加福邦證券舉辦之法人說明會，就本公司已公開之財務業務資訊作說明。","543420240312M001.pdf","543420240312E001.pdf","https://www.topco-global.com/investor-conference/",中文影音檔網址:5434_18_20240313_ch.MP4 ,"無","查詢"
"5434","崇越","113/08/15","14:30","福邦證券總公司(台北市忠孝西路一段6號7樓)","受邀參加福邦證券舉辦之法人說明會，就本公司已公開之財務業務資訊作說明。","543420240814M001.pdf","543420240814E001.pdf","https://www.topco-global.com/investor-conference/","","無","查詢"
"5434","崇越","113/05/16","14:30","福邦證券總公司(台北市忠孝西路一段6號7樓)","受邀參加福邦證券舉辦之法人說明會，就本公司已公開之財務業務資訊作說明。","543420240515M001.pdf","543420240515E001.pdf","https://www.topco-global.com/investor-conference/","","無","查詢"
"5469","瀚宇博","113/09/19","14:30","宏遠證券總公司(台北市大安區信義路四段236號7樓)","公司營運狀況與經營結果說明","546920240919M001.pdf","546920240919E001.pdf","https://tw.hannstarboard.com/corporate-briefing/",法說會影音連結資訊:https://tw.hannstarboard.com/corporate-briefing/ ,"本次法人說明會將與精成科技(股)公司及台灣精星科技(股)公司聯合召開","查詢"
"5471","松翰","113/11/14","14:00","線上法說會","本公司受邀參加元大證券舉辦之線上法人座談會，報告本公司營運狀況。","547120241111M001.pdf","547120241111E001.pdf","https://www.sonix.com.tw/article-tw-181-6645",中文影音檔網址:5471_82_20241114_ch.mp4 ,"無","查詢"
"5471","松翰","113/05/16","14:30","宏遠證券(台北市信義路四段236號7樓)","本公司受邀參加宏遠證券舉辦之法人座談會，報告本公司營運狀況。","547120240515M001.pdf","547120240515E001.pdf","https://www.sonix.com.tw/article-tw-181-6645","","無","查詢"
"5471","松翰","113/03/20","14:30","國票證券(台北市松山區南京東路五段188號15樓)","本公司受邀參加國票證券舉辦之法人座談會，報告本公司營運狀況。","547120240319M001.pdf","547120240319E001.pdf","https://www.sonix.com.tw/article-tw-181-6645",中文影音檔網址:5471_79_20240320_ch.MP4 ,"無","查詢"
"5471","松翰","113/08/22","14:30","國泰證券(台北市大安區仁愛路四段296號15樓)","本公司受邀參加國泰證券舉辦之法人座談會，報告本公司營運狀況。","547120240820M001.pdf","547120240820E001.pdf","https://www.sonix.com.tw/article-tw-181-6645","","無","查詢"
"5484","慧友","113/12/20","14:00","福邦證券股份有限公司(台北市忠孝西路一段6號7樓 )","本公司受邀參加福邦證券公司舉辦法人說明會，說明本公司營運與財務概況","548420241220M001.pptx","548420241220E001.pptx","https://www.everfocus.com",中文影音檔網址:5484_9_20241220_ch.MP4 ,"無","查詢"
"5515","建國","113/05/16","14:00","線上法說會","公司簡介及營運成果","551520240515M001.pdf","551520240515E001.pdf","http://www.ckgroup.com.tw/about/news",中文影音檔網址:5515_12_20240516_ch.mp4 ,"法說會報名網址:https://reurl.cc/RqvlKD","查詢"
"5515","建國","113/09/12","14:00","線上法說會","公司簡介及營運成果","551520240911M001.pdf","551520240911E001.PDF","http://www.ckgroup.com.tw/about/news",中文影音檔網址:5515_13_20240912_ch.mp4 ,"法說會報名網址:https://reurl.cc/XREDq3","查詢"
"5519","隆大","113/06/26","14:00","高雄市前鎮區民權二路380號19樓之1會議室","公司簡介及營運狀況說明","551920240625M001.pdf","551920240625E001.pdf","https://www.longda.com.tw/ir-list.php?id=690",法說會影音連結資訊:https://youtu.be/TMC5W2jP1B8 ,"無","查詢"
"5519","隆大","113/03/27","14:00","高雄市前鎮區民權二路380號19F之1會議室","公司簡介及營運狀況說明","551920240326M001.pdf","551920240326E001.pdf","https://www.longda.com.tw/ir-list.php?id=690",法說會影音連結資訊:https://youtu.be/cY5s8ZPnr64 ,"無","查詢"
"5519","隆大","113/12/25","14:00","高雄市前鎮區民權二路380號19樓之1會議室","公司簡介及營運狀況說明","551920241224M001.pdf","551920241224E001.pdf","https://www.longda.com.tw/ir-list.php?id=690",法說會影音連結資訊:https://youtu.be/y8f8biMlPSI ,"無","查詢"
"5519","隆大","113/09/26","14:00","高雄市前鎮區民權二路380號19樓之1會議室","公司簡介及營運狀況說明","551920240925M001.pdf","551920240925E001.pdf","https://www.longda.com.tw/ir-list.php?id=690",法說會影音連結資訊:https://youtu.be/sisISqpzjY4 ,"無","查詢"
"5521","工信","113/10/24","14:00","線上法說會","本公司受邀參加台新證券舉辦之線上法說會，報告本公司營運狀況。","552120241022M001.pdf","552120241022E001.pdf","https://www.kseco.com.tw/tc/legal.aspx",法說會影音連結資訊:https://www.youtube.com/watch?v=mslmMnNXiFI ,"無","查詢"
"5522","遠雄","113/07/04","14:30","台北市大安區復興南路一段209號1樓會議室","本公司受邀參加元富證券舉辦之法說會。","552220240702M001.pdf","552220240702E001.pdf","https://www.farglory-land.com.tw/investors/#Shareholders-Meeting",中文影音檔網址:5522_76_20240704_ch.mp4 ,"無","查詢"
"5522","遠雄","113/11/20","14:00","不適用","本公司受邀參加元大證券舉辦之線上法說會，報告本公司營運狀況","552220241119M001.pdf","552220241119E001.pdf","https://www.farglory-land.com.tw/investors/#Shareholders-Meeting",中文影音檔網址:5522_77_20241120_ch.mp4 ,"無","查詢"
"5525","順天","113/09/20","14:30","線上法說會","本公司受邀參加由群益金鼎證券所舉辦之線上法說會，報告本公司營運概況","552520240920M001.pdf","552520240920E001.pdf","",法說會影音連結資訊:https://drive.google.com/file/d/1M3zn-1B3i9luJ1C9b-UtXCludIMQdci6/view?usp=sharing ,"無","查詢"
"5525","順天","113/12/13","14:30","線上法說會","本公司受邀參加由群益金鼎證券所舉辦之線上法說會，報告本公司營運概況","552520241213M001.pdf","552520241213E001.pdf","",法說會影音連結資訊:https://drive.google.com/file/d/1QUwvn56zg_hY7tQt5lakisGidqoWA-8m/view ,"無","查詢"
"5531","鄉林","113/12/18","14:00","線上法說會","說明本公司營運及財務狀況","553120241217M001.pdf","553120241217E001.pdf","https://shininggroup.com/company_information/investor_conference",中文影音檔網址:5531_25_20241218_ch.mp4 ,"無","查詢"
"5533","皇鼎","113/11/21","13:30","新北市汐止區大同路一段一五二號一樓(富信大飯店)","公司簡介與營運狀況說明","553320241120M001.pdf","553320241120E001.pdf","https://www.founding.com.tw/investor04.php?id=1675",法說會影音連結資訊:https://www.founding.com.tw/investor04.php ,"無","查詢"
"5534","長虹","113/12/18","14:30","台北市仁愛路四段169號15樓(富邦金融大樓)","說明本公司財務及業務狀況。","553420241219M001.pdf","553420241219E001.pdf","https://chonghong.com.tw/news-Category/announcement-of-dharma-conference",中文影音檔網址:5534_41_20241218_ch.mp4 ,"本說明會係由富邦證券主辦，本公司係受邀參加。","查詢"
"5534","長虹","113/08/22","15:30","台北市君悅酒店","說明本公司財務及業務概況","553420240822M001.pdf","553420240822E001.pdf","https://chonghong.com.tw/important-news",中文影音檔網址:5534_40_20240822_ch.mp4 ,"本說明會係由富邦證券主辦，本公司係受邀參加。","查詢"
"5538","東明-KY","113/08/27","14:30","線上法人說明會","本公司受邀參加凱基證券所舉辦之線上法人說明會，會中就本公司營運概況及未來展望等做說明","553820240827M001.pdf","553820240827E001.pdf","http://tonggroup.com.tw",中文影音檔網址:5538_19_20240827_ch.mp4 ,"無","查詢"
"5546","永固-KY","113/12/06","16:30","臺灣證券交易所1樓資訊展示中心(台北市信義路五段7號)","本公司受邀參加臺灣證券交易所舉辦之法人說明會，就本公司產業狀況及已公開財報、業務等相關資訊做說明","554620241205M002.pptx","554620241205E002.pptx","",同步收看網址：:https://webpro.twse.com.tw/webportal/schedule/ 法說會影音連結資訊:https://webpro.twse.com.tw/webportal/schedule/ ,"無","查詢"
"5607","遠雄港","113/12/18","14:00","線上法說會","本公司受邀參加元大證券舉辦之線上法說會，報告本公司營運狀況。","560720241216M001.pdf","560720241216E001.pdf","https://www.ftz.com.tw/",中文影音檔網址:5607_11_20241218_ch.mp4 ,"無","查詢"
"5608","四維航","113/03/29","14:00","本次為線上會議","(1)公司財務及營運狀況說明。
(2)活動諮詢:永豐金證券 鄒小姐 電話:02-23828166
   E-mail:joyce.tsou@sinopac.com","560820240329M002.pdf","560820240329E002.pdf","https://www.swnav.com.tw/investors/law-meeting",法說會影音連結資訊:https://www.youtube.com/watch?v=seA4Slk6S3s ,"無。","查詢"
"5608","四維航","113/09/06","14:00","本次為線上會議","(1)公司財務及營運狀況說明。(2)活動諮詢:永豐金證券 鄒小姐 電話:02-23828166 E-mail:joyce.tsou@sinopac.com","560820240906M002.pdf","560820240906E002.pdf","https://www.swnav.com.tw/investors/law-meeting",法說會影音連結資訊:https://www.youtube.com/watch?v=VhVP4p-yi3w ,"無。","查詢"
"5608","四維航","113/05/24","14:30","台北","公司財務及營運狀況說明。","560820240524M001.pdf","560820240524E001.pdf","https://www.swnav.com.tw/investors/law-meeting","","無。","查詢"
"5608","四維航","113/11/29","15:00","台北","公司財務及營運狀況說明。","560820241129M001.pdf","560820241129E001.pdf","https://www.swnav.com.tw/investors/law-meeting","","無。","查詢"
"5706","鳳凰","113/06/11","14:30","台灣證券交易所","本公司自辦法人說明會，就本公司已公開發佈之近期財務數字及營運成果等相關資訊做說明","570620240611M001.pdf","570620240611E001.pdf","https://holder.travel.com.tw/holder_2-6.html",同步收看網址：:https://webpro.twse.com.tw/webportal/?liveChannelId=1 法說會影音連結資訊:https://webpro.twse.com.tw/WebPortal/vod/101/B192A9F766C2-B892AC7D-27C7-11EF-A0B0/?categoryId=101 ,"完整財務業務資訊請至公開資訊觀測站之法人說明會一覽表或法說會項目下查閱。","查詢"
"5706","鳳凰","113/09/03","15:00","線上法說會","本公司受邀參元富證券所舉辦之線上法說會，就本公司已公開發布之財務數字、經營績效等相關資訊做說明。","570620240903M001.pptx","570620240903E001.pptx","https://holder.travel.com.tw/holder_2-6.html",同步收看網址：:https://mast-institution.webex.com/mast-institution/j.php?MTID=m60ee96fdc4bcd4a66a3d190abae92c3e 法說會影音連結資訊:https://www.youtube.com/watch?v=mxdpB6fx9zs ,"完整財務業務資訊請至公開資訊觀測站之法人說明會一覽表或法說會項目下查閱。","查詢"
"5706","鳳凰","113/12/13","14:30","台灣證券交易所","本公司自辦法人說明會，就本公司已公開發佈之近期財務數字及營運成果等相關資訊做說明","570620241213M001.pdf","570620241213E001.pdf","https://holder.travel.com.tw/holder_2-6.html",同步收看網址：:https://webpro.twse.com.tw/webportal/?liveChannelId=1 法說會影音連結資訊:https://webpro.twse.com.tw/WebPortal/vod/101/75E2F8ECF7EB-6CF21406-B924-11EF-AD04/?categoryId=101 ,"完整財務業務資訊請至公開資訊觀測站之法人說明會一覽表或法說會項目下查閱。","查詢"
"5871","中租-KY","113/05/13","14:30","台北","報告公司財務業務狀況及經營績效","587120240513M001.pdf","587120240513E001.pdf","https://www.chaileaseholding.com/en/InvestorRelations/InvestorArea#secondTab",同步收看網址：:http://www.zucast.com/webcast/ciK6vXNU 法說會影音連結資訊:http://www.zucast.com/webcast/ciK6vXNU ,"無","查詢"
"5871","中租-KY","113/05/13","17:30","線上","報告公司財務業務狀況及經營績效","587120240513M002.pdf","587120240513E002.pdf","https://www.chaileaseholding.com/en/InvestorRelations/InvestorArea#secondTab",同步收看網址：:http://www.zucast.com/webcast/3nNjTyT9 法說會影音連結資訊:http://www.zucast.com/webcast/3nNjTyT9 ,"無","查詢"
"5871","中租-KY","113/01/11","09:00","香港","報告公司財務業務狀況及經營績效","587120231109M002.pdf","587120231109E002.pdf","https://www.chaileaseholding.com/en/InvestorRelations/InvestorArea#secondTab","","無","查詢"
"5871","中租-KY","113/11/12","16:00","線上","報告公司財務業務狀況及經營績效","587120241111M002.pdf","587120241111E002.pdf","https://www.chaileaseholding.com/en/InvestorRelations/InvestorArea#secondTab",法說會影音連結資訊:https://drive.google.com/file/d/1UPn4l89vL8Iww5NvjNQ4I2V7A2K90dDs/view?usp=sharing ,"無","查詢"
"5871","中租-KY","113/02/26","14:00","台北","報告公司財務業務狀況及經營績效","587120240226M001.pdf","587120240226E001.pdf","https://www.chaileaseholding.com/en/InvestorRelations/InvestorArea#secondTab",同步收看網址：:http://www.zucast.com/webcast/BEqjLqm4 法說會影音連結資訊:http://www.zucast.com/webcast/BEqjLqm4 ,"無","查詢"
"5871","中租-KY","113/02/26","16:00","線上","報告公司財務業務狀況及經營績效","587120240226M002.pdf","587120240226E002.pdf","https://www.chaileaseholding.com/en/InvestorRelations/InvestorArea#secondTab",同步收看網址：:http://www.zucast.com/webcast/N5qNccxS 法說會影音連結資訊:http://www.zucast.com/webcast/N5qNccxS ,"無","查詢"
"5871","中租-KY","113/02/19","13:00","台北","報告公司財務業務狀況及經營績效","587120231109M001.pdf","587120231109E001.pdf","https://www.chaileaseholding.com/en/InvestorRelations/InvestorArea#secondTab","","無","查詢"
"5871","中租-KY","113/06/19 至 113/06/20","14:00","線上","報告公司財務業務狀況及經營績效","587120240513M001.pdf","587120240513E001.pdf","https://www.chaileaseholding.com/InvestorRelations/InvestorArea#secondTab","","無","查詢"
"5871","中租-KY","113/06/13","09:00","線上","報告公司財務業務狀況及經營績效","587120240513M001.pdf","587120240513E001.pdf","https://www.chaileaseholding.com/InvestorRelations/InvestorArea#secondTab","","無","查詢"
"5871","中租-KY","113/06/06","09:00","台北W Hotel","報告公司財務業務狀況及經營績效","587120240513M002.pdf","587120240513E002.pdf","https://www.chaileaseholding.com/InvestorRelations/InvestorArea#secondTab","","無","查詢"
"5871","中租-KY","113/11/20 至 113/11/21","09:30","新加坡","報告公司財務業務狀況及經營績效","587120241111M003.pdf","587120241111E003.pdf","https://www.chaileaseholding.com/en/InvestorRelations/InvestorArea#secondTab","","無","查詢"
"5871","中租-KY","113/03/04 至 113/03/08","16:00","歐洲","報告公司財務業務狀況及經營績效","587120240226M001.pdf","587120240226E001.pdf","https://www.chaileaseholding.com/en/InvestorRelations/InvestorArea#secondTab","","無","查詢"
"5871","中租-KY","113/03/19 至 113/03/20","09:00","台灣","報告公司財務業務狀況及經營績效","587120240226M001.pdf","587120240226E001.pdf","https://www.chaileaseholding.com/en/InvestorRelations/InvestorArea#secondTab","","無","查詢"
"5871","中租-KY","113/11/26","09:30","台北","報告公司財務業務狀況及經營績效","587120241111M002.pdf","587120241111E002.pdf","https://www.chaileaseholding.com/en/InvestorRelations/InvestorArea#secondTab","","無","查詢"
"5871","中租-KY","113/12/03","16:00","線上","報告公司財務業務狀況及經營績效","587120241111M002.pdf","587120241111E002.pdf","https://www.chaileaseholding.com/en/InvestorRelations/InvestorArea#secondTab","","無","查詢"
"5871","中租-KY","113/11/28","10:00","台北","報告公司財務業務狀況及經營績效","587120241111M002.pdf","587120241111E002.pdf","https://www.chaileaseholding.com/en/InvestorRelations/InvestorArea#secondTab","","無","查詢"
"5871","中租-KY","113/12/02","10:30","線上","報告公司財務業務狀況及經營績效","587120241111M003.pdf","587120241111E003.pdf","https://www.chaileaseholding.com/InvestorRelations/InvestorArea","","無","查詢"
"5871","中租-KY","113/09/03 至 113/09/06","20:00","美國及加拿大","報告公司財務業務狀況及經營績效","587120240827M001.pdf","587120240827E001.pdf","https://www.chaileaseholding.com/en/InvestorRelations/InvestorArea#secondTab","","無","查詢"
"5871","中租-KY","113/08/27","17:30","線上","報告公司財務業務狀況及經營績效","587120240827M002.pdf","587120240827E002.pdf","https://www.chaileaseholding.com/en/InvestorRelations/InvestorArea#secondTab",同步收看網址：:http://www.zucast.com/webcast/5MUSCHMF 法說會影音連結資訊:http://www.zucast.com/webcast/5MUSCHMF ,"無","查詢"
"5871","中租-KY","113/08/27","14:30","台北","報告公司財務業務狀況及經營績效","587120240827M001.pdf","587120240827E001.pdf","https://www.chaileaseholding.com/en/InvestorRelations/InvestorArea#secondTab",同步收看網址：:http://www.zucast.com/webcast/jFBwoa4o 法說會影音連結資訊:http://www.zucast.com/webcast/jFBwoa4o ,"無","查詢"
"5871","中租-KY","113/11/11","17:30","線上","報告公司財務業務狀況及經營績效","587120241111M003.pdf","587120241111E003.pdf","https://www.chaileaseholding.com/en/InvestorRelations/InvestorArea#secondTab",同步收看網址：:http://www.zucast.com/webcast/PGfb473E 法說會影音連結資訊:http://www.zucast.com/webcast/PGfb473E ,"無","查詢"
"5871","中租-KY","113/11/11","14:30","台北","報告公司財務業務狀況及經營績效","587120241111M002.pdf","587120241111E002.pdf","https://www.chaileaseholding.com/en/InvestorRelations/InvestorArea#secondTab",同步收看網址：:http://www.zucast.com/webcast/cZf6zc6I 法說會影音連結資訊:http://www.zucast.com/webcast/cZf6zc6I ,"無","查詢"
"5871","中租-KY","113/09/10 至 113/09/12","09:00","香港","報告公司財務業務狀況及經營績效","587120240827M002.pdf","587120240827E002.pdf","https://www.chaileaseholding.com/en/InvestorRelations/InvestorArea#secondTab","","無","查詢"
"5871","中租-KY","113/09/26","10:00","香港","報告公司財務業務狀況及經營績效","587120240827M001.pdf","587120240827E001.pdf","https://www.chaileaseholding.com/en/InvestorRelations/InvestorArea#secondTab","","無","查詢"
"5876","上海商銀","113/05/13","14:30","線上法說會","本公司受邀參加華南永昌證券舉辦之線上法人說明會，說明2024年第一季營運概況。","587620240510M001.pdf","587620240510E001.pdf","https://www.scsb.com.tw/content/about/about13.html",法說會影音連結資訊:https://youtu.be/vPQEhTd6sK0 ,"報名請洽華南永昌證券吳小姐(02)2545-6888分機8733，Email：10050@entrust.com.tw","查詢"
"5876","上海商銀","113/11/22","14:30","線上法說會","本公司受邀參加華南永昌證券舉辦之線上法人說明會，說明2024年第三季營運概況。","587620241121M001.pdf","587620241121E001.pdf","https://www.scsb.com.tw/content/about/about13.html",法說會影音連結資訊:https://youtu.be/ZvjI83Ha6Ac ,"報名請洽華南永昌證券吳小姐(02)2545-6888分機8733，Email：10050@entrust.com.tw","查詢"
"5880","合庫金","113/03/29","14:30","網路，連結網址詳如本公司投資人關係專區項下活動訊息。","公佈本公司2023年第4季營運及財務概況","588020240328M001.pdf","588020240328E001.pdf","https://www.tcfhc.com.tw/investors-relations/event/2023year",中文影音檔網址:5880_26_20240329_ch.mp3 ,"無","查詢"
"5880","合庫金","113/11/21","14:30","網路，連結網址詳如本公司投資人關係專區項下活動訊息。","公佈本公司2024年第3季營運及財務概況。","588020241119M001.pdf","588020241119E001.pdf","https://www.tcfhc.com.tw/investors-relations/event/2024year",法說會影音連結資訊:https://production-mp3-full.s3.amazonaws.com/7woTyDqO/ch01-zjgPE1.mp3 ,"無","查詢"
"5880","合庫金","113/05/21","14:30","網路，連結網址詳如本公司投資人關係專區項下活動訊息。","公佈本公司2024年第1季營運及財務概況","588020240517M001.pdf","588020240517E001.pdf","https://www.tcfhc.com.tw/investors-relations/event/2024",中文影音檔網址:5880_27_20240521_ch.mp3 ,"無","查詢"
"5880","合庫金","113/08/30","14:30","網路，連結網址詳如本公司投資人關係專區項下活動訊息","公佈本公司2024年第2季營運及財務概況","588020240828M001.pdf","588020240828E001.pdf","https://www.tcfhc.com.tw/investors-relations/event/2024year",中文影音檔網址:5880_28_20240830_ch.mp3 ,"無","查詢"
"5906","台南-KY","113/12/09","15:30","台北市信義路五段7號1樓(台灣證券交易所1F資訊展示中心)","公司簡介、所屬產業概況，營運成果及未來展望說明","590620241206M001.pdf","590620241206E001.pdf","https://pse.is/5exzy2",法說會影音連結資訊:https://webpro.twse.com.tw/webportal/vod/101/DD82882FEA3C-643B9C12-B603-11EF-9A37/?categoryId=101 ,"無","查詢"
"5907","大洋-KY","113/12/12","15:30","臺灣證券交易所1樓資訊展示中心(台北市信義區信義路五段7號)","說明公司財務業務及經營績效","590720241212M001.pdf","590720241212E001.pdf","http://www.grandocean.com.tw/",同步收看網址：:https://webpro.twse.com.tw/webportal/vod/101/75E2F8ECF7EB-05A29690-B85F-11EF-AD04/?categoryId=101 法說會影音連結資訊:https://webpro.twse.com.tw/webportal/vod/101/75E2F8ECF7EB-05A29690-B85F-11EF-AD04/?categoryId=101 ,"內容檔案於當日會後公告於公開資訊觀測站","查詢"
"6005","群益證","113/11/26","14:00","線上法人說明會","本公司113年第三季財務業務相關資訊說明","600520241126M001.pdf","600520241126E001.pdf","https://www.capital.com.tw/web/#/about/shareholders-meeting",中文影音檔網址:6005_36_20241126_ch.mp4 ,"欲參加者請洽侯小姐(02)8789-8888 分機7058","查詢"
"6005","群益證","113/03/26","14:00","線上法人說明會","本公司112年第四季財務業務相關資訊說明","600520240326M001.pdf","600520240326E001.pdf","https://www.capital.com.tw/web/#/about/shareholders-meeting",中文影音檔網址:6005_33_20240326_ch.mp4 ,"欲參加者請洽李小姐(02)8789-8888 分機7065","查詢"
"6005","群益證","113/05/27","14:00","線上法人說明會","本公司113年第一季財務業務相關資訊說明","600520240527M001.pdf","600520240527E001.pdf","https://www.capital.com.tw/web/#/about/shareholders-meeting",中文影音檔網址:6005_34_20240527_ch.mp4 ,"欲參加者請洽李小姐(02)8789-8888 分機7065","查詢"
"6005","群益證","113/08/28","14:00","線上法人說明會","本公司113年第二季財務業務相關資訊說明","600520240828M001.pdf","600520240828E001.pdf","https://www.capital.com.tw/web/#/about/shareholders-meeting",中文影音檔網址:6005_35_20240828_ch.mp4 ,"欲參加者請洽郭小姐(02)8789-8888 分機7056","查詢"
"6024","群益期","113/11/26","14:00","線上法人說明會","本公司營運概況及財務相關資訊說明","602420241125M001.pdf","602420241125E001.pdf","https://www.capitalfutures.com.tw/Capitalgroup/stockholder/default.asp?xy=13&amp;xt=1",同步收看網址：:https://youtube.com/live/hcR7aYNKcUs?feature=share 法說會影音連結資訊:https://youtube.com/live/hcR7aYNKcUs?feature=share ,"無","查詢"
"6024","群益期","113/06/20","14:00","線上法人說明會","本公司營運概況及財務相關資訊說明","602420240619M001.pdf","602420240619E001.pdf","https://www.capitalfutures.com.tw/Capitalgroup/stockholder/default.asp?xy=13&amp;xt=1",同步收看網址：:https://youtube.com/live/GAFi2ZKgRKU 法說會影音連結資訊:https://youtube.com/live/GAFi2ZKgRKU ,"無","查詢"
"6108","競國","113/08/27","16:00","臺灣證券交易所一樓資訊展示中心(台北市信義路5段7號)","本公司近期營運概況之說明","610820240827M001.pdf","610820240827E001.pdf","",法說會影音連結資訊:https://webpro.twse.com.tw/webportal/vod/101/ ,"無。","查詢"
"6112","邁達特","113/03/12","14:00","線上法人說明會","本公司2023年第四季財務結果及業務摘要","611220240312M002.pdf","611220240312E002.pdf","https://metaage.webex.com/metaage/j.php?MTID=me3bcb882e02d3126a41e11205be9ba82",中文影音檔網址:6112_18_20240312_ch.mp4 ,"無","查詢"
"6112","邁達特","113/08/09","14:00","線上法人說明會","本公司113年第二季財務結果及業務摘要","611220240809M001.pdf","611220240809E001.pdf","https://metaage.webex.com/metaage/j.php?MTID=m857e49ec4e7a5d27876fd275f9820e59",中文影音檔網址:6112_20_20240809_ch.mp4 ,"無。","查詢"
"6112","邁達特","113/11/07","14:00","線上法人說明會","本公司113年第三季財務結果及業務摘要","611220241107M001.pdf","611220241107E001.pdf","https://www.metaage.com.tw/investor_relations/investors_conference",中文影音檔網址:6112_21_20241107_ch.mp4 ,"無。","查詢"
"6115","鎰勝","113/12/13","14:30","桃園市龜山區大華里頂湖路50號(本公司大會議室)","報告本公司前三季財務業務狀況","611520241213M001.pdf","611520241213E001.pdf","https://www.isheng.com.tw/investor/fa-ren-shuo-ming-hui.71",中文影音檔網址:6115_8_20241213_ch.mp4 ,"無","查詢"
"6116","彩晶","113/11/28","14:00","台北市敦化南路二段333號18樓","本公司受邀參加國泰證券舉辦之法人說明會","611620241126M002.pdf","611620241126E002.pdf","https://www.hannstar.com/investors/conference",中文影音檔網址:6116_57_20241128_ch.mp4 ,"無","查詢"
"6117","迎廣","113/11/26","14:00","台北市信義區信義路五段7號1樓 證券交易所資訊展示中心","本公司財務業務相關資訊說明","611720241125M001.pdf","611720241125E001.pdf","https://www.in-win.com/",法說會影音連結資訊:https://webpro.twse.com.tw/WebPortal/vod/101/71F2CCD6EFB4-E1EBB5BC-ABC6-11EF-A913/?categoryId=101 ,"無","查詢"
"6117","迎廣","113/05/28","14:00","台北市信義區信義路五段7號1樓 證券交易所資訊展示中心","本公司財務業務相關資訊說明","611720240527M002.pdf","611720240527E002.pdf","https://www.in-win.com/",法說會影音連結資訊:https://webpro.twse.com.tw/webportal/vod/101/F796D99F71F0-58A0901D-1CC4-11EF-B523/?categoryId=101 ,"無","查詢"
"6120","達運","113/09/26","14:30","線上法說會","本公司受邀參加統一證券舉辦之線上法人說明會，說明本公司之財務與營運概況。","612020240926M001.pdf","612020240926E001.pdf","https://www.darwinprecisions.com/zh-tw/investors-4.php",中文影音檔網址:6120_8_20240926_ch.mp4 ,"無","查詢"
"6128","上福","113/11/26","14:00","線上法說會","本公司召開線上法人說明會，會中介紹本公司財務營運概況。
會議連結：https://reurl.cc/d1rVl8","612820241126M001.pdf","612820241126E001.pdf","https://www.gpi.com.tw",中文影音檔網址:6128_9_20241126_ch.mp4 ,"無","查詢"
"6133","金橋","113/12/20","15:00","新北市深坑區北深路三段270巷6號3樓301會議室","公司營運概況說明","613320241219M001.pdf","613320241219E001.pdf","http://www.gbe.com.tw/index.php/zh/investor_relations/report/",中文影音檔網址:6133_8_20241220_ch.MP4 ,"無","查詢"
"6136","富爾特","113/09/12","16:00","臺灣證券交易所1樓資訊展示中心(台北市信義區信義路五段7號1F)","公司簡介及公司營運狀況說明","613620240912M001.pdf","613620240912E001.pdf","https://ir.fullerton.com.tw/financial/3",同步收看網址：:https://webpro.twse.com.tw/webportal/vod/101/AB9C3FE727C8-ED0D2A5C-70E1-11EF-B683/?categoryId=101 法說會影音連結資訊:https://webpro.twse.com.tw/webportal/vod/101/AB9C3FE727C8-ED0D2A5C-70E1-11EF-B683/?categoryId=101 ,"無","查詢"
"6139","亞翔","113/06/14","16:00","臺灣證券交易所1樓資訊展示中心(台北市信義區信義路五段7號1樓)","說明亞翔工程營運策略與未來展望等相關資訊。","613920251202M006.pdf","613920251202E006.pdf","https://www.lkeng.com.tw/investors6.php",法說會影音連結資訊:https://webpro.twse.com.tw/WebPortal/vod/101/13EAA09BFA3B-FD567761-2A2A-11EF-8D1F/?categoryId=101 ,"15:30報到，16:00法說會開始","查詢"
"6139","亞翔","113/12/27","16:00","臺灣證券交易所1樓資訊展示中心(台北市信義區信義路五段7號1樓)","說明亞翔工程營運策略與未來展望等相關資訊。","613920251202M007.pdf","613920251202E007.pdf","https://www.lkeng.com.tw/investors6.php",法說會影音連結資訊:https://webpro.twse.com.tw/WebPortal/vod/101/73E3C8BF6C1A-AD65E6C5-C432-11EF-9BC2/?categoryId=101 ,"15:30報到，16:00法說會開始","查詢"
"6141","柏承","113/12/26","14:30","升級會議中心-松江館(台北市中山區松江路101號4F)","本公司受邀參加合庫證券舉辦之法人說明會，說明營運成果及營運展望","614120241226M001.pdf","614120241226E001.pdf","https://www.plotech.com/",中文影音檔網址:6141_10_20241226_ch.mp4 ,"無","查詢"
"6142","友勁","113/11/20","15:00","Webex線上視訊會議","本公司受邀參加元大證券舉辦之線上產業座談會。","614220241120M001.pdf","614220241120E001.pdf","",中文影音檔網址:6142_18_20241120_ch.mp4 ,"無","查詢"
"6152","百一","113/06/26","14:00","線上法人說明會","本公司受邀參加永豐金證券舉辦之線上法人說明會","615220240625M001.pdf","615220240625E001.pdf","https://www.pesi.com.tw/legal_person_briefing",中文影音檔網址:6152_9_20240626_ch.mp4 ,"無","查詢"
"6152","百一","113/12/27","14:00","線上法人說明會","本公司受邀參加永豐金證券舉辦之線上法人說明會","615220241226M001.pdf","615220241226E001.pdf","https://www.pesi.com.tw/legal_person_briefing",中文影音檔網址:6152_10_20241227_ch.mp4 ,"無","查詢"
"6153","嘉聯益","113/11/08","14:00","線上法說會","本公司受邀參加宏遠證券舉辦之線上法人說明會，說明本公司113年第三季財務數字及營業概況。","615320241108M001.pdf","615320241108E001.pdf","",中文影音檔網址:6153_58_20241108_ch.mp4 ,"無","查詢"
"6155","鈞寶","113/11/15","14:00","線上法說會","本公司受邀參加台新證券舉辦之線上法人說明會，說明本公司營運概況。","615520241114M001.pdf","615520241114E001.pdf","https://www.kingcore.com/tw/investorarea-65-76-page76",同步收看網址：:https://tssco.webex.com/meet/TaishinSecurities 法說會影音連結資訊:https://www.youtube.com/watch?v=LBc7JAKXACQ ,"採Webex線上視訊軟體會議召開，會議室：176 670 1769","查詢"
"6164","華興","113/11/14","14:30","華興電子工業股份有限公司(新北市新店區中正路542-5號5樓)","本公司將於113年11月14日下午 14 點 30 舉行2024年法人說明會，報告本公司營運概況及公司未來展望並回答投資人提問。","616420241114M003.pdf","616420241114E003.pdf","http://www.ledtech.com.tw/",中文影音檔網址:6164_8_20241114_ch.mp4 ,"無","查詢"
"6165","浪凡","113/03/19","14:30","台北市重慶南路一段2號19樓(1901會議)","本公司受邀參加永豐金證券舉辦之法說會","616520240319M001.pdf","616520240319E001.pdf","",中文影音檔網址:6165_8_20240319_ch.mp4 ,"無","查詢"
"6165","浪凡","113/08/29","14:30","康和證券總公司B2會議室
(台北市信義區基隆路1段176號B2)","本公司受邀參加康和證券舉辦之法說會","616520240829M001.pdf","616520240829E001.pdf","",中文影音檔網址:6165_9_20240829_ch.MP4 ,"無","查詢"
"6166","凌華","113/08/21","14:50","臺灣證券交易所101大樓1F 資訊展示中心(台北市信義路五段7號1樓)","參加方式及相關資料請詳證交所首頁: (https://www.twse.com.tw/zh/page/focus/events.html)","616620240821M001.pdf","616620240821E001.pdf","",同步收看網址：:https://webpro.twse.com.tw/webportal/?liveChannelId=1 法說會影音連結資訊:https://webpro.twse.com.tw/webportal/vod/101/3DA1BDDEDEF7-F7DD6C1A-5F8F-11EF-BF7B/?categoryId=101 ,"無","查詢"
"6166","凌華","113/12/10","15:00","實體及線上法說會。本公司9樓902會議室（桃園市龜山區華亞一路66號）","本公司受邀參加國泰證券舉辦之法人說明會，說明113年第三季公司營運狀況。","616620241210M001.pdf","616620241210E001.pdf","",中文影音檔網址:6166_63_20241210_ch.mp4 ,"本會議報到時間為14:30-15:00。","查詢"
"6168","宏齊","113/08/29","14:00","線上法說會","本公司受邀參加兆豐證券股份有限公司主辦之線上法說會，說明本公司營業概況。","616820240829M001.pptx","616820240829E001.pptx","",中文影音檔網址:6168_10_20240829_ch.mp4 ,"無","查詢"
"6168","宏齊","113/12/12","14:00","線上法說會","本公司受邀參加兆豐證券股份有限公司主辦之線上法說會，說明本公司營業概況。","616820241212M001.pptx","616820241212E001.pptx","",中文影音檔網址:6168_11_20241212_ch.mp4 ,"無","查詢"
"6176","瑞儀","113/11/18","09:00","Island Shangri-La, Hong Kong","(1)營運財務狀況報告 (2)產業及市場分析","617620241114M001.pdf","617620241114E001.pdf","","","無。","查詢"
"6176","瑞儀","113/04/24","14:30","台北晶華酒店 3樓宴會A廳 （台北市中山區中山北路二段39巷3號）","112年度及113年第一季營運成果及公司未來展望","617620240424M001.pdf","617620240424E001.pdf","https://www.radiant.com.tw",中文影音檔網址:6176_111_20240424_ch.mp4 ,"無。","查詢"
"6176","瑞儀","113/06/12","13:30","台北晶華酒店","(1)營運財務狀況報告 (2)產業及市場分析","617620240607M001.pdf","617620240607E001.pdf","","","無。","查詢"
"6176","瑞儀","113/03/19","13:00","台北君悅酒店","(1)營運財務狀況報告 (2)產業及市場分析","617620240318M001.pdf","617620240318E001.pdf","","","無。","查詢"
"6176","瑞儀","113/09/05","14:35","台北文華東方酒店 B2 東方廳5
(台北市松山區敦化北路158號)","(1)營運財務狀況報告 (2)產業及市場分析","617620240904M001.pdf","617620240904E001.pdf","","","無。","查詢"
"6176","瑞儀","113/07/30","14:00","國票綜合證��
台北市南京東路五段188號15樓","(1)營運財務狀況報告 (2)產業及市場分析","617620240729M002.pdf","617620240729E002.pdf","",中文影音檔網址:6176_113_20240730_ch.MP4 ,"報名請洽國票綜合證券陳小姐02-2528-8272；Email:cherry18@ibfs.com.tw","查詢"
"6176","瑞儀","113/10/01","14:15","台北君悅酒店3樓凱悅廳I區宴會廳（台北市信義區松壽路2號）","瑞儀光電在Meta-Optics超穎光學領域的策略佈局","617620241001M001.pdf","617620241001E001.pdf","https://www.radiant.com.tw",中文影音檔網址:6176_115_20241001_ch.mp4 ,"無。","查詢"
"6177","達麗","113/04/24","14:30","台証金融大樓13樓台北廳會議室（台北市中山區建國北路一段96號13樓）","本公司受邀參加台新證券舉辦之法人說明會，說明本公司營運概況","617720240424M001.pdf","617720240424E001.pdf","https://www.da-li.com.tw/page/results-call/",中文影音檔網址:6177_9_20240424_ch.MP4 ,"無","查詢"
"6177","達麗","113/12/10","14:00","台北市敦化南路二段218號5樓","本公司受邀參加國泰證券舉辦之法人說明會","617720241210M001.pdf","617720241210E001.pdf","https://www.da-li.com.tw/page/results-call/",中文影音檔網址:6177_10_20241210_ch.mp4 ,"無","查詢"
"6183","關貿","113/11/12","16:00","臺灣證券交易所1樓資訊展示中心(台北市信義區信義路五段7號1樓)","說明公司營運狀況","618320241112M001.pdf","618320241112E001.pdf","https://www.tradevan.com.tw/investor/index.do?act=investor3-1&amp;type=12",同步收看網址：:https://webpro.twse.com.tw/webportal/vod/101/?categoryId=101 法說會影音連結資訊:https://webpro.twse.com.tw/webportal/vod/101/4F9CE0A5F132-6B54FDFF-A0ED-11EF-97A4/?categoryId=101 ,"無","查詢"
"6183","關貿","113/08/14","16:00","臺灣證券交易所1樓資訊展示中心(台北市信義區信義路五段7號1樓","說明本公司營運狀況。","618320240814M001.pdf","618320240814E001.pdf","https://www.tradevan.com.tw/investor/index.do?act=investor3-1&amp;type=12",同步收看網址：:https://webpro.twse.com.tw/webportal/vod/101/?categoryId=101 法說會影音連結資訊:https://webpro.twse.com.tw/webportal/vod/101/3DA1BDDEDEF7-02694468-5A19-11EF-BF7B/?categoryId=101 ,"無","查詢"
"6184","大豐電","113/03/27","15:00","台北市大安區仁愛路四段296號15樓第一會議室","112年度營運成果暨公司未來展望","618420240327M001.pptx","618420240327E001.pptx","https://www.dafeng.tv/about/investor",法說會影音連結資訊:https://youtu.be/XJp3f3wMkyk ,"簡報內容檔案於當日會後公告於公開資訊觀測站","查詢"
"6184","大豐電","113/08/14","15:30","台北市大安區敦化南路二段333號18樓","113年度上半年營運成果暨公司未來展望","618420240814M001.pptx","618420240814E001.pptx","https://www.dafeng.tv/about/investor",法說會影音連結資訊:https://youtu.be/texm1ZbdfPk ,"簡報內容檔案於當日會後公告於公開資訊觀測站","查詢"
"6189","豐藝","113/12/03","14:30","線上法說會","本公司受邀參加元大證券舉辦2024年線上法說會，說明公司目前營運成果及未來展望。","618920241203M001.pdf","618920241203E001.pdf","https://www.promate.com.tw/investors-relations/investor-conference/",法說會影音連結資訊:https://www.promate.com.tw/investors-relations/investor-conference/ ,"無","查詢"
"6191","精成科","113/09/19","14:30","宏遠證券總公司(台北市大安區信義路四段236號7樓)","公司營運狀況與經營結果說明","619120240919M001.pdf","619120240919E001.pdf","https://invest.gbm.com.tw/investor-conference/",中文影音檔網址:6191_15_20240919_ch.mp4 ,"本次法人說明會將與瀚宇博德(股)公司及台灣精星科技(股)公司聯合召開","查詢"
"6192","巨路","113/05/30","14:00","線上會議","本公司參加凱基證券舉辦之線上法人座談會，說明公司營運與財務概況","619220240523M001.pdf","619220240523E001.pdf","",中文影音檔網址:6192_33_20240530_ch.mp4 ,"無","查詢"
"6192","巨路","113/12/24","14:00","線上會議","本公司受邀參加凱基證券舉辦之線上法人座談會","619220241218M001.pdf","619220241218E001.pdf","",中文影音檔網址:6192_34_20241224_ch.mp4 ,"無","查詢"
"6196","帆宣","113/03/13","15:00","台北市信義區松壽路2號3樓","本公司受邀參加元大證券第一季投資座談，說明本公司營運概況。","619620240312M001.pdf","619620240312E001.pdf","",法說會影音連結資訊:https://www.youtube.com/watch?v=Ku3iyl8WRws ,"無","查詢"
"6196","帆宣","113/12/31","14:30","台北市信義區基隆路一段176號B2","本公司受邀參加康和證券第四季投資座談, 說明本公司營運概況","619620241230M001.pdf","619620241230E001.pdf","",法說會影音連結資訊:https://www.youtube.com/watch?v=uSeFgHouhng ,"無","查詢"
"6197","佳必琪","113/03/27","14:00","線上法說會","本公司受邀參加凱基證券舉辦之「線上法人說明會」，向投資人說明本公司民國112年度營運概況及財務業務資訊。","619720240327M001.pdf","619720240327E001.pdf","https://www.jpcco.com/lang/tw/news/content/114",中文影音檔網址:6197_13_20240327_ch.mp4 ,"無。","查詢"
"6197","佳必琪","113/12/04","15:00","台北晶華酒店4樓","主要向投資人說明本公司民國113年度營運概況。","619720241204M001.pdf","619720241204E001.pdf","https://www.jpcco.com/lang/tw/news/content/129",中文影音檔網址:6197_15_20241204_ch.mp4 ,"無。","查詢"
"6197","佳必琪","113/10/30","14:30","線上法說會","本公司受邀元大證券舉辦之「線上法人說明會」，向投資人說明本公司民國113年度營運概況。","619720241030M001.pdf","619720241030E001.pdf","https://www.jpcco.com/lang/tw/news/content/125",中文影音檔網址:6197_14_20241030_ch.mp4 ,"無。","查詢"
"6201","亞弘電","113/12/10","14:00","線上法說會","營運概況及財務業務狀況","620120241206M001.pdf","620120241206E001.pdf","https://www.yahorng.com/download.php?dirId=550&amp;lang=tchinese",中文影音檔網址:6201_8_20241210_ch.mp4 ,"完整財務業務資訊請至公開資訊觀測站之法人說明會一覽表或法說會項目下查閱。","查詢"
"6202","盛群","113/01/30","14:30","線上法說會","本公司112年第4季財務與業務營運相關資訊報告","620220240130M001.pdf","620220240130E001.pdf","https://www.holtek.com.tw/page/investor_relations/Shareholders_Services/Investor_Conference",中文影音檔網址:6202_76_20240130_ch.mp4 ,"請各位投資先進務必於1/30(二)14:20前登入會議ID，以確認報名者為本人","查詢"
"6202","盛群","113/07/30","14:30","線上法說會","本公司113年第2季財務與業務營運相關資訊報告","620220240730M001.pdf","620220240730E001.pdf","https://www.holtek.com.tw/page/investor_relations/Shareholders_Services/Investor_Conference",中文影音檔網址:6202_78_20240730_ch.mp4 ,"請各位投資先進務必於7/30(二)14:20前登入會議ID，以確認報名者為本人","查詢"
"6202","盛群","113/04/30","14:30","宏遠證券總公司(台北市大安區信義路四段236號7樓)","本公司113年第1季財務與業務營運相關資訊報告","620220240430M001.pdf","620220240430E001.pdf","https://www.holtek.com.tw/page/investor_relations/Shareholders_Services/Investor_Conference",中文影音檔網址:6202_77_20240430_ch.mp4 ,"無","查詢"
"6202","盛群","113/09/03","15:30","宏遠證券總公司(台北市大安區信義路四段236號7樓)","本公司受邀參加宏遠證券舉辦「2024年未來趨勢產業投資論壇」，說明公司財務與業務資訊及展望","620220240903M001.pdf","620220240903E001.pdf","https://www.holtek.com.tw/page/investor_relations/Shareholders_Services/Investor_Conference",中文影音檔網址:6202_79_20240903_ch.mp4 ,"無","查詢"
"6202","盛群","113/10/30","14:30","線上法說會","本公司113年第3季財務與業務營運相關資訊報告","620220241030M001.pdf","620220241030E001.pdf","https://www.holtek.com.tw/page/investor_relations/Shareholders_Services/Investor_Conference",中文影音檔網址:6202_80_20241030_ch.mp4 ,"請各位投資先進務必於10/30(三)14:20前登入會議ID，以確認報名者為本人","查詢"
"6205","詮欣","113/05/23","14:30","台北君悅酒店3樓(台北市信義區松壽路2號)","本公司受邀參加富邦證券舉辦之法人說明會","620520240523M001.pdf","620520240523E001.pdf","",中文影音檔網址:6205_13_20240523_ch.mp4 ,"無","查詢"
"6205","詮欣","113/12/18","14:30","群益金鼎證券11樓會議室(台北市松山區民生東路三段156號)","本公司受邀參加群益金鼎證券舉辦之法人說明會","620520241218M001.pdf","620520241218E001.pdf","",中文影音檔網址:6205_14_20241218_ch.MP4 ,"無","查詢"
"6206","飛捷","113/05/21","14:30","凱基證券總公司
(台北市中山區明水路700號)","本年度第一季營運成果和公司規劃展望","620620240521M001.pptx","620620240521E001.pptx","https://www.flytech.com.tw/investor.php?act=analyst",中文影音檔網址:6206_44_20240521_ch.mp4 ,"報名請洽飛捷科技投資人關係或凱基證券法人業務部","查詢"
"6209","今國光","113/11/20","14:30","台北市中正區忠孝西路一段6號7樓","本公司受邀參加福邦證券舉辦之法人說明會，說明本公司之營運、財務及業務概況。","620920241120M001.pptx","620920241120E001.pptx","http://www.kinko-optical.com/tw_wealth_download2.asp?St=A&amp;FFkindno=12",中文影音檔網址:6209_11_20241120_ch.MP4 ,"無","查詢"
"6213","聯茂","113/12/05","15:40","台北香格里拉遠東國際大飯店(台北市敦化南路二段201號)","本公司將於2024/12/5參加國泰綜合證券 2024第四季論壇，就本公司已公布之經營績效等相關資訊做說明。","621320241203M001.pdf","621320241203E001.pdf","https://www.iteq.com.tw","","無","查詢"
"6213","聯茂","113/05/14","15:00","線上法說會","本公司將於2024/05/14參加台灣證交所及永豐金證券合辦之SinoPac x TWSE Taiwan Corporate Day 2024，就本公司已公布之經營績效等相關資訊做說明。","621320240513M001.pdf","621320240513E001.pdf","https://www.iteq.com.tw","","無","查詢"
"6213","聯茂","113/04/23","10:10","線上路演(Virtual NDR)","本公司將於2024/04/23參加寬量國際主辦之線上路演(Virtual NDR)，就本公司已公布之經營績效等相關資訊做說明","621320240318M001.pdf","621320240318E001.pdf","https://www.iteq.com.tw",法說會影音連結資訊:https://drive.google.com/file/d/1disKBoK24b626V0MUk6qmrRhgUP-Tcld/view?usp=drive_link ,"無","查詢"
"6213","聯茂","113/03/05","12:00","W Hotel (台北市信義區忠孝東路五段10號)","本公司將於2024/03/05參加花旗 2024 Taiwan Corporate Day，就本公司已公布之經營績效等相關資訊做說明","621320240304M001.pdf","621320240304E001.pdf","https://www.iteq.com.tw","","無","查詢"
"6213","聯茂","113/03/06","11:20","台北文創 (台北市信義區菸廠路88號)","本公司將於2024/03/06參加元富證券 2024年春季投資論壇，就本公司已公布之經營績效等相關資訊做說明","621320240304M001.pdf","621320240304E001.pdf","https://www.iteq.com.tw","","無","查詢"
"6213","聯茂","113/03/08","15:15","台北君悅酒店 (台北市信義區松壽路2號)","本公司將於2024/03/08參加統一證券2024 Q1春季投資論壇，就本公司已公布之經營績效等相關資訊做說明","621320240304M001.pdf","621320240304E001.pdf","https://www.iteq.com.tw","","無","查詢"
"6213","聯茂","113/03/19 至 113/03/20","14:00","Grand Hyatt HK
(1 Harbour Road, Hong Kong, Hong Kong SAR)","本公司將於2024/03/19-20參加傑富瑞證券第五屆亞洲論壇，就本公司已公布之經營績效等相關資訊做說明","621320240318M001.pdf","621320240318E001.pdf","https://www.iteq.com.tw","","無","查詢"
"6213","聯茂","113/03/21","10:00","台北君悅酒店
(台北市信義區松壽路2號)","本公司將於2024/03/21參加美銀證券 2024 APAC TMT 論壇，就本公司已公布之經營績效等相關資訊做說明","621320240318M001.pdf","621320240318E001.pdf","https://www.iteq.com.tw","","無","查詢"
"6213","聯茂","113/03/15","15:40","台北茹曦酒店(台北市松山區敦化北路100號）","本公司將於2024/03/15參加國泰證券2024年第一季論壇，就本公司已公布之經營績效等相關資訊做說明。","621320240304M001.pdf","621320240304E001.pdf","https://www.iteq.com.tw","","無","查詢"
"6213","聯茂","113/08/22","13:30","台北君悅酒店 (台北市信義區松壽路2號3樓)","本公司將於2024/08/22參加富邦證券舉辦之2024 Q3富邦企業日，就本公司已公布之經營績效等相關資訊做說明。","621320240820M001.pdf","621320240820E001.pdf","https://www.iteq.com.tw","","無","查詢"
"6213","聯茂","113/08/22","10:00","線上法說會","本公司將於2024/08/22參加寬量國際主辦之線上路演(Virtual NDR)，就本公司已公布之經營績效等相關資訊做說明。","621320240820M001.pdf","621320240820E001.pdf","https://www.iteq.com.tw",法說會影音連結資訊:https://drive.google.com/file/d/1Gnrg7fhd1sTxtT_CQ5H4JpS1K1zEAbfS/view?usp=sharing ,"無","查詢"
"6213","聯茂","113/09/19","15:00","中信金融園區(台北市南港區經貿二路188號13樓1302會議室)","本公司將於2024/09/19參加中國信託證券 產業座談會，就本公司已公布之經營績效等相關資訊做說明。","621320240820M001.pdf","621320240820E001.pdf","https://www.iteq.com.tw","","無","查詢"
"6213","聯茂","113/09/11","14:30","台北喜來登酒店 (台北市中正區忠孝東路一段12號B1)","本公司將於2024/09/11參加第一金證券 2024第三季投資論壇，就本公司已公布之經營績效等相關資訊做說明。","621320240820M001.pdf","621320240820E001.pdf","https://www.iteq.com.tw","","無","查詢"
"6214","精誠","113/05/10","14:30","線上法人說明會","本公司受邀參加富邦證券舉辦之線上法人說明會，報告公司營運現況與未來展望。","621420240510M001.pdf","621420240510E001.pdf","http://tw.systex.com/investors_financial/","","相關資訊請洽富邦證券法人部 fion.hsieh@fubon.com","查詢"
"6214","精誠","113/08/15","14:30","富邦金融大樓
(台北市大安區仁愛路四段169號2樓)","本公司受邀參加富邦證券舉辦之法人說明會，報告公司營運現況與未來展望。","621420240815M001.pdf","621420240815E001.pdf","http://tw.systex.com/investors_financial/",法說會影音連結資訊:https://youtu.be/r1F7CA9lLw8 ,"無","查詢"
"6214","精誠","113/11/14","14:30","線上法人說明會","本公司受邀參加富邦證券舉辦之線上法人說明會，報告公司營運現況與未來展望。","621420241114M001.pdf","621420241114E001.pdf","http://tw.systex.com/investors_financial/","","相關資訊請洽富邦證券法人部 fion.hsieh@fubon.com","查詢"
"6214","精誠","113/03/07","14:30","元大證券宏春大樓11樓會議室
(台北市松山區南京東路三段219號11樓)","本公司受邀參加元大證券舉辦之法人說明會，報告公司營運現況與未來展望。","621420240307M001.pdf","621420240307E001.pdf","http://tw.systex.com/investors_financial/",法說會影音連結資訊:https://www.youtube.com/watch?v=Z64lWP8TGoA ,"無。","查詢"
"6215","和椿","113/08/20","14:30","福邦證券總公司(台北市忠孝西路一段6號7樓)","本公司受邀參加福邦證券舉辦之法人說明會，說明本公司營運及財務狀況。","621520240820M001.pdf","621520240820E001.pdf","",法說會影音連結資訊:https://youtu.be/vPk8ouwMNtE ,"無。","查詢"
"6215","和椿","113/12/24","14:30","福邦證券總公司14樓(台北市忠孝西路一段6號14樓)","受邀參加福邦證券舉辦之法人說明會，就本公司已公開之財務業務資訊作說明。","621520241224M001.pptx","621520241224E001.pptx","https://www.aurotek.com.tw/investor-area/stock.aspx",中文影音檔網址:6215_10_20241224_ch.MP4 ,"無","查詢"
"6216","居易","113/11/08","14:30","新竹縣湖口鄉鳳山村復興路26號","2024年前3季營運說明會","621620241108M001.pdf","621620241108E001.pdf","https://www.draytek.com/zh/investors/investor-conference/",中文影音檔網址:6216_8_20241108_ch.mp4 ,"無","查詢"
"6224","聚鼎","113/08/14","14:00","線上法說會","公告本公司受邀參加凱基證券舉辦之線上法人座談會","622420240814M001.pdf","622420240814E001.pdf","https://www.pttc.com.tw/zh-TW/investor-ii-conference",中文影音檔網址:6224_21_20240814_ch.mp4 ,"無","查詢"
"6224","聚鼎","113/12/06","14:00","線上法說會","公告本公司受邀參加永豐證券舉辦之線上法人座談會","622420241206M001.pdf","622420241206E001.pdf","https://www.pttc.com.tw/zh-TW/investor-ii-conference",中文影音檔網址:6224_22_20241206_ch.mp4 ,"無","查詢"
"6225","天瀚","113/12/13","15:00","線上法人說明會","本公司受邀參加凱基證券所舉辦之線上法人說明會，說明本公司財務概況。","622520241213M001.pdf","622520241213E001.pdf","https://www.aiptek.com.tw/web/information/conference.jsp?lang=tw",中文影音檔網址:6225_9_20241213_ch.mp4 ,"無","查詢"
"6226","光鼎","113/12/17","16:00","線上法說會。","本公司受邀參加元大證券舉辦之線上法說會，報告本公司營運狀況。","622620241217M001.pdf","622620241217E001.pdf","",中文影音檔網址:6226_9_20241217_ch.mp4 ,"無。","查詢"
"6230","尼得科超眾","113/08/27","14:00","線上法說會","本公司受邀參加由元大證券股份有限公司舉辦之線上法說會，說明本公司之營運概況、財務及業務相關資訊。","623020240826M001.pdf","623020240826E001.pdf","http://www.ccic.com.tw/investor.php",中文影音檔網址:6230_9_20240827_ch.mp4 ,"本次採Cisco Webex視訊會議，報名請洽 tzuweilin50276@yuanta.com","查詢"
"6235","華孚","113/12/13","14:00","台北市南港區南港路一段209號B棟國際會議廳","本公司受邀參加元大證券舉辦之國內法人說明會，針對本公司113年前3季營運概況，於會中就已公開發佈之財務數字、經營績效等相關資訊做說明。","623520241213M001.pdf","623520241213E001.pdf","https://www.waffer.com.tw/shareholder",中文影音檔網址:6235_10_20241213_ch.mp4 ,"無。","查詢"
"6239","力成","113/01/30","14:30","新竹縣湖口鄉新竹工業區大同路15號6樓(訓練教室)","報告112年第四季營運成果及未來之營運展望。","623920240130M001.pdf","623920240130E001.pdf","https://www.pti.com.tw",中文影音檔網址:6239_199_20240130_ch.mp4 ,"無","查詢"
"6239","力成","113/07/30","14:30","新竹縣湖口鄉新竹工業區大同路15號6樓(訓練教室)","報告113年第二季營運成果及未來之營運展望","623920240730M001.pdf","623920240730E001.pdf","https://www.pti.com.tw",中文影音檔網址:6239_203_20240730_ch.mp4 ,"無","查詢"
"6239","力成","113/04/30","14:30","新竹縣湖口鄉新竹工業區大同路15號6樓(訓練教室)","報告113年第一季營運成果及未來之營運展望。","623920240430M001.pdf","623920240430E001.pdf","https://www.pti.com.tw",中文影音檔網址:6239_201_20240430_ch.mp4 ,"無","查詢"
"6239","力成","113/06/05","09:00","W Hotel Taipei","本公司受邀參加花旗環球證券(Citi) 舉辦之「2024 Taiwan Tech Conference」","623920240430M001.pdf","623920240430E001.pdf","","","無。","查詢"
"6239","力成","113/03/05","09:00","W Hotel Taipei","本公司受邀參加花旗環球證券(Citi) 舉辦之「Taiwan Corporate Day 2024」。","623920240130M001.pdf","623920240130E001.pdf","","","無。","查詢"
"6239","力成","113/09/05","14:00","視訊會議","本公司受邀參加國票證券舉辦之法人線上交流。","623920240730M001.pdf","623920240730E001.pdf","",中文影音檔網址:6239_204_20240905_ch.mp4 ,"無","查詢"
"6239","力成","113/10/29","14:30","新竹縣湖口鄉新竹工業區大同路15號6樓(訓練教室)","報告113年第三季營運成果及未來之營運展望。","623920241029M001.pdf","623920241029E001.pdf","https://www.pti.com.tw",中文影音檔網址:6239_205_20241029_ch.mp4 ,"無","查詢"
"6243","迅杰","113/02/21","11:00","新竹豐邑喜來登大飯店-新竹縣竹北市光明六路東一段265號","本公司受邀參加 Nomura Asia Tech Tour","624320240221M002.pdf","624320240221E002.pdf","http://www.ene.com.tw/chinese/ir/newslist.php","","無","查詢"
"6243","迅杰","113/11/19","14:00","臺北文創-台北市信義區菸廠路88號6F","本公司受邀參加元富證券所舉辦之「2024冬季投資論壇」","624320241119M002.pdf","624320241119E002.pdf","http://www.ene.com.tw/chinese/ir/newslist.php","","無","查詢"
"6243","迅杰","113/03/05","14:00","臺北文創-台北市信義區菸廠路88號6F","本公司受邀參加元富證券所舉辦之「2024春季投資論壇」","624320240305M001.pdf","624320240305E001.pdf","http://www.ene.com.tw/chinese/ir/newslist.php","","無","查詢"
"6243","迅杰","113/06/20","14:00","線上","本公司受第一金證券邀請舉辦法人說明會
報名窗口:sheryl.wang@firstsec.com.tw","624320240620M001.pdf","624320240620E001.pdf","http://www.ene.com.tw/chinese/ir/newslist.php",中文影音檔網址:6243_29_20240620_ch.mp4 ,"無","查詢"
"6243","迅杰","113/09/24","14:00","線上","本公司受華南永昌證券邀請舉辦法人說明會","624320240924M001.pdf","624320240924E001.pdf","http://www.ene.com.tw/chinese/ir/newslist.php","","無","查詢"
"6257","矽格","113/11/26","14:30","台北市中正區中山南路11號10樓
【張榮發基金會國際會議中心】","本公司受邀參加凱基證券舉辦之聯合法人說明會，說明本公司營運概況","625720241126M001.pdf","625720241126E001.pdf","https://www.sigurd.com.tw",中文影音檔網址:6257_10_20241126_ch.mp4 ,"會後將於公開資訊觀測站公告相關資訊","查詢"
"6269","台郡","113/02/15","16:00","採Webex線上會議方式舉行","(1)本公司受邀參加凱基證券舉辦之法人說明會，說明本公司112年第4季營運成果。
(2)會議報名網址：https://ib.kgi.com/IBWebSite/Views/Registration/RegistPage.aspx?ActNbr=1300。
(3)活動諮詢：凱基證券 鄭小姐，電話：02-2181-8167，E-mail：janice.cheng@kgi.com。","626920240215M001.pdf","626920240215E001.pdf","https://www.flexium.com.tw/InvestorSubFour/Past?lang=zh-tw",法說會影音連結資訊:https://www.flexium.com.tw/InvestorSubFour/Past?lang=zh-tw ,"法說會相關訊息可至本公司官網查閱。","查詢"
"6269","台郡","113/04/29","14:30","元大證券寶慶大樓4樓會議室
(台北市寶慶路69號)","(1)本公司受邀參加元大證券舉辦之法人說明會，說明本公司113年第1季營運成果。 
(2)會議報名網址：https://www.yuanta.com.tw/prod/icevent/icevent?id=4669072f-64ec-4bab-89b8-1815b30561c1 
(3)活動諮詢：元大證券李小姐，E-mail：underwriting.brk@yuanta.com。","626920240429M001.pdf","626920240429E001.pdf","https://www.flexium.com.tw/InvestorSubFour/Past?lang=zh-tw",法說會影音連結資訊:未輸 ,"本次將為實體法說會形式，以中文進行。法說會相關訊息可至本公司官網查閱。","查詢"
"6269","台郡","113/08/12","16:00","採電話會議方式進行","113年第2季營運成果","626920240812M001.pdf","626920240812E001.pdf","https://www.flexium.com.tw/InvestorSubFour/Past?lang=zh-tw","","法說會相關訊息可至本公司官網查閱。","查詢"
"6269","台郡","113/11/07","16:00","採Webex線上會議方式舉行","(1)本公司受邀參加凱基證券舉辦之法人說明會，說明本公司113年第3季營運成果。
(2)會議報名網址：https://ib.kgi.com/IBWebSite/Views/Registration/RegistPage.aspx?ActNbr=KhP7M7sxzSeiA9KvIrfLvA==
(3)活動諮詢：凱基證券 鄭小姐，電話：02-2181-8167，E-mail：janice.cheng@kgi.com。","626920241107M001.pdf","626920241107E001.pdf","https://www.flexium.com.tw/InvestorSubFour/Past?lang=zh-tw",中文影音檔網址:6269_123_20241107_ch.mp4 ,"法說會相關訊息可至本公司官網查閱。","查詢"
"6271","同欣電","113/07/30","15:00","線上法人說明會","本公司受邀參加凱基證券舉辦之法說會，簡介2024年第二季營運成果及展望。","627120240730M001.pdf","627120240730E001.pdf","",中文影音檔網址:6271_103_20240730_ch.mp4 ,"無","查詢"
"6271","同欣電","113/04/18","15:00","線上法人說明會","本公司受邀參加凱基證券舉辦之法說會，簡介2024年第一季營運成果及展望。","627120240418M001.pdf","627120240418E001.pdf","",中文影音檔網址:6271_101_20240418_ch.mp4 ,"無","查詢"
"6271","同欣電","113/02/29","15:30","線上法人說明會","本公司受邀參加凱基證券舉辦之法說會，簡介2023年第四季營運成果及展望。","627120240229M001.pdf","627120240229E001.pdf","","","無","查詢"
"6271","同欣電","113/06/07","10:00","台北W飯店 (臺北市信義區忠孝東路五段10號)","同欣電子受邀參加由花旗證券舉辦之Citi 2024 Taiwan Tech Conference，說明營運概況。","627120240418M001.pdf","627120240418E001.pdf","","","無","查詢"
"6271","同欣電","113/10/29","16:00","線上法人說明會","本公司受邀參加凱基證券舉辦之法說會，簡介2024年第三季營運成果及展望。","627120241029M001.pdf","627120241029E001.pdf","",中文影音檔網址:6271_105_20241029_ch.mp4 ,"無","查詢"
"6271","同欣電","113/09/06","15:40","台北文華東方酒店 東方廳3
(台北市松山區敦化北路158號)","本公司受邀參加國泰證券舉辦之法說會，簡介2024年第二季營運成果及目前狀況。","627120240730M001.pdf","627120240730E001.pdf","","","無","查詢"
"6277","宏正","113/12/06","14:00","線上法說會","說明本公司113年度第3季營運與財務概況","627720241206M001.pdf","627720241206E001.pdf","https://www.aten.com/tw/zh/aten-info/investor-relations/investor-event/",同步收看網址：:http://www.zucast.com/webcast/zhYvQbPI 法說會影音連結資訊:http://www.zucast.com/webcast/zhYvQbPI ,"無","查詢"
"6277","宏正","113/05/16","14:00","線上法說會","說明本公司113年度第1季營運與財務概況","627720240516M001.pdf","627720240516E001.pdf","https://www.aten.com/tw/zh/aten-info/investor-relations/investor-event/",同步收看網址：:http://www.zucast.com/webcast/sK56XEHA 法說會影音連結資訊:http://www.zucast.com/webcast/sK56XEHA ,"無","查詢"
"6277","宏正","113/03/13","14:00","線上法說會","說明本公司112年度第4季營運與財務狀況","627720240315M003.pdf","627720240315E003.pdf","https://www.aten.com/tw/zh/aten-info/investor-relations/investor-event/",同步收看網址：:http://www.zucast.com/webcast/UTT8MrU3 法說會影音連結資訊:http://www.zucast.com/webcast/UTT8MrU3 ,"無","查詢"
"6277","宏正","113/08/28","14:00","線上法說會","說明本公司113年度第2季營運與財務概況","627720240828M001.pdf","627720240828E001.pdf","https://www.aten.com/tw/zh/aten-info/investor-relations/investor-event/",同步收看網址：:http://www.zucast.com/webcast/vlOa4Q9b 法說會影音連結資訊:http://www.zucast.com/webcast/vlOa4Q9b ,"無","查詢"
"6278","台表科","113/12/13","14:00","線上法說會","本公司營運概況說明","627820241213M001.pdf","627820241213E001.pdf","https://www.tsmt.com/shareholders-meeting",中文影音檔網址:6278_17_20241213_ch.mp4 ,"報名請洽國票綜合證券李小姐02-25288275 Email：anneli@ibfs.com.tw","查詢"
"6281","全國電","113/11/28","14:30","線上法說會","本公司受邀參加統一證券主辦之線上法說會，說明本公司之營運概況、財務及業務相關資訊。","628120241127M001.pdf","628120241127E001.pdf","",中文影音檔網址:6281_13_20241128_ch.mp4 ,"無","查詢"
"6281","全國電","113/06/04","14:30","線上法說會","本公司受邀參加凱基證券主辦之線上法說會，說明本公司之營運概況、財務及業務相關資訊。","628120240603M003.pdf","628120240603E003.pdf","",中文影音檔網址:6281_12_20240604_ch.mp4 ,"無","查詢"
"6282","康舒","113/03/15","14:30","茹曦酒店(台北市松山區敦化北路100號2樓)","本公司受邀參加國泰證券2024年第一季投資論壇，說明本公司營運概況。","628220240315M001.pdf","628220240315E001.pdf","https://www.acbel.com/public/investor-event",法說會影音連結資訊:未輸 ,"完整財務業務資訊請至公開資訊觀測站之法人說明會一覽表或法說會項目下查閱。","查詢"
"6282","康舒","113/03/21","14:00","台北君悅酒店(台北市信義區松壽路2號)","本公司受邀參加美國銀行證券舉辦之「2024 APAC TMT Conference」，說明本公司營運概況。","628220240321M001.pdf","628220240321E001.pdf","https://www.acbel.com/public/investor-event",法說會影音連結資訊:未輸 ,"完整財務業務資訊請至公開資訊觀測站之法人說明會一覽表或法說會項目下查閱。","查詢"
"6282","康舒","113/05/21","14:30","國票證券(臺北市松山區南京東路5段188號15樓會議室)","受邀參加國票證券舉辦之法人說明會","628220240521M001.pdf","628220240521E001.pdf","https://www.acbel.com/public/investor-event",中文影音檔網址:6282_52_20240521_ch.MP4 ,"將另於規定期限前於申報法說會影音資訊內輸入網址或上傳檔案","查詢"
"6283","淳安","113/12/19","14:30","台北市敦化南路一段111號9樓","本公司受邀參加富邦證券舉辦之法人說明會","628320241219M002.pdf","628320241219E002.pdf","https://www.soe-ele.com",中文影音檔網址:6283_11_20241219_ch.mp4 ,"無","查詢"
"6285","啟碁","113/05/09","14:00","線上法說會","本公司受凱基證券邀請參加線上法說會，主要內容為公司營運概況","628520240508M001.pdf","628520240508E001.pdf","https://www.wnc.com.tw",法說會影音連結資訊:https://investorconf.blob.core.windows.net/media/WNC_2024_investor_conference.mp4 ,"無","查詢"
"6285","啟碁","113/05/13","10:00","香港港麗酒店","本公司受麥格理證券邀請參加「Macquarie Asia Conference 2024」 ，主要內容為公司營運概況","628520240508M001.pdf","628520240508E001.pdf","https://www.wnc.com.tw","","無","查詢"
"6285","啟碁","113/11/08","14:30","線上法說會","本公司受凱基證券邀請參加線上法說會，主要內容為公司營運概況","628520241107M001.pdf","628520241107E001.pdf","https://www.wnc.com.tw",法說會影音連結資訊:https://investorconf.blob.core.windows.net/media/24H2啟碁科技法說會.mp4 ,"無","查詢"
"6285","啟碁","113/03/04","10:00","台北 W Hotel","本公司受花旗證券邀請參加「Citi&#039;s 2024 Taiwan Corporate Day」，主要內容為公司營運概況","628520240301M001.pdf","628520240301E001.pdf","https://www.wnc.com.tw","","無","查詢"
"6285","啟碁","113/03/13","13:30","台北君悅酒店","本公司受元大證券邀請參加2024元大證券第一季投資論壇，主要內容為公司營運概況","628520240311M001.pdf","628520240311E001.pdf","https://www.wnc.com.tw","","無","查詢"
"6285","啟碁","113/03/15","09:30","茹曦酒店","本公司受國泰證券邀請參加「國泰證券2024年第一季產業論壇」，主要內容為公司營運概況","628520240311M001.pdf","628520240311E001.pdf","https://www.wnc.com.tw","","無","查詢"
"6285","啟碁","113/03/20","10:00","台北君悅酒店","本公司受BofA Securities邀請參加「2024 APAC TMT Conference」，主要內容為公司營運概況","628520240311M001.pdf","628520240311E001.pdf","https://www.wnc.com.tw","","無","查詢"
"6285","啟碁","113/06/05","10:00","台北 W Hotel","本公司受花旗環球證券邀請參加「2024 Taiwan Tech Conference」，主要內容為公司營運概況","628520240508M001.pdf","628520240508E001.pdf","https://www.wnc.com.tw","","無","查詢"
"6285","啟碁","113/06/12","14:00","台北喜來登飯店","本公司受第一金證券邀請參加2024年第二季投資論壇，主要內容為公司營運概況","628520240508M001.pdf","628520240508E001.pdf","https://www.wnc.com.tw","","無","查詢"
"6285","啟碁","113/03/14","11:00","台北集思北科大會議中心","本公司受凱基證券邀請參加「2024Q1凱基證券投資論壇」，主要內容為公司營運概況","628520240311M001.pdf","628520240311E001.pdf","https://www.wnc.com.tw","","無","查詢"
"6285","啟碁","113/11/25","10:00","台北遠東香格里拉","本公司受花旗證券邀請參加「 Citi&#039;s 2024 Taiwan Corporate Day」，主要內容為公司營運概況","628520241107M001.pdf","628520241107E001.pdf","https://www.wnc.com.tw","","無","查詢"
"6285","啟碁","113/11/28","11:00","台北君悅酒店","本公司受富邦證券邀請參加「2024第四季富邦投資論壇」，主要內容為公司營運概況","628520241107M001.pdf","628520241107E001.pdf","https://www.wnc.com.tw","","無","查詢"
"6285","啟碁","113/12/04","15:00","台北晶華酒店","本公司受元大證券邀請參加「2024年元大證券第四季投資論壇」，主要內容為公司營運概況","628520241107M001.pdf","628520241107E001.pdf","https://www.wnc.com.tw","","無","查詢"
"6285","啟碁","113/09/04","10:00","台北君悅酒店","本公司受高盛證券邀請參加「Goldman Sachs Taiwan Corporate Day 2024」，主要內容為公司營運概況","628520240903M001.pdf","628520240903E001.pdf","https://www.wnc.com.tw","","無","查詢"
"6405","悅城","113/12/05","14:30","線上法說會","受邀參加凱基證券舉辦之線上法說會，說明本公司營運狀況。","640520241205M001.pdf","640520241205E001.pdf","",中文影音檔網址:6405_11_20241205_ch.mp4 ,"無。","查詢"
"6409","旭隼","113/03/05","14:00","台北W飯店
110台北市信義區忠孝東路五段10號","本公司受邀參加花旗證券所舉辦之『2024 Taiwan Corporate Day』，會中介紹公司之營運與財務狀況。","640920240301M001.pdf","640920240301E001.pdf","","","無","查詢"
"6409","旭隼","113/11/12","14:00","臺北遠東香格里拉 106台北市大安區敦化南路二段201號","本公司受邀參加 CLSA 所舉辦之『CLST Taiwan Market Mover 2025』，會中介紹公司之營運與財務狀況。","640920241111M001.pdf","640920241111E001.pdf","","","無","查詢"
"6409","旭隼","113/02/20","13:00","台北君悅酒店(台北市信義區松壽路2號)","本公司受邀參加 J.P. Morgan 所舉辦之『TAIWAN CEO-CFO Conference 2024』，會中介紹公司之營運與財務狀況。","640920231116M002.pdf","640920231116E002.pdf","","","無","查詢"
"6409","旭隼","113/11/26","14:00","臺北遠東香格里拉
106台北市大安區敦化南路二段201號","本公司受邀參加花旗證券所舉辦之『Citi&#039;s 2024 Taiwan Corporate Day』，會中介紹公司之營運與財務狀況。","640920241111M001.pdf","640920241111E001.pdf","","","無","查詢"
"6409","旭隼","113/03/21","12:00","台北君悅酒店(台北市信義區松壽路2號)","本公司受邀參加美林證券所舉辦之『2024 APAC TMT
Conference』，會中介紹公司之營運與財務狀況。","640920240301M001.pdf","640920240301E001.pdf","","","無","查詢"
"6409","旭隼","113/06/07","14:00","台北W飯店
110台北市信義區忠孝東路五段10號","本公司受邀參加花旗證券所舉辦之『Citi&#039;s 2024 Taiwan Tech Conference』，會中介紹公司之營運與財務狀況。","640920240517M001.pdf","640920240517E001.pdf","","","無","查詢"
"6409","旭隼","113/06/12","09:30","台北晶華酒店
台北市中山區中山北路二段39巷3號4樓","本公司受邀參加元大證券所舉辦之『2024年元大證券第二季投資論壇』，會中介紹公司之營運與財務狀況。","640920240517M001.pdf","640920240517E001.pdf","",中文影音檔網址:6409_146_20240612_ch.mp4 ,"無","查詢"
"6409","旭隼","113/06/03","14:00","台北君悅酒店(台北市信義區松壽路2號)","本公司受邀參加臺灣證券交易所與香港上海匯豐證券共同舉辦之『HSBC x TWSE Taiwan Conference 2024』，會中介紹公司之營運與財務狀況。","640920240517M001.pdf","640920240517E001.pdf","","","無","查詢"
"6409","旭隼","113/05/17","15:00","線上法說會","本公司受邀參加臺灣證券交易所與永豐金證券共同舉辦之『SinoPac x TWSE Taiwan Corporate Day 2024』，會中介紹公司之營運與財務狀況。","640920240517M001.pdf","640920240517E001.pdf","","","無","查詢"
"6409","旭隼","113/09/23","13:00","台北W飯店 110台北市信義區忠孝東路五段10號","本公司受邀參加瑞銀證券所舉辦之『UBS Taiwan Summit 2024』，會中介紹公司之營運與財務狀況。","640920240920M001.pdf","640920240920E001.pdf","","","無","查詢"
"6409","旭隼","113/09/27","14:00","線上法說會","本公司受邀參加Morgan Stanley所舉辦之『Virtual Asia Powering AI Corporate Day』，會中介紹公司之營運與財務狀況。","640920240920M001.pdf","640920240920E001.pdf","","","無","查詢"
"6409","旭隼","113/12/04","09:30","台北晶華酒店 台北市中山區中山北路二段39巷3號4樓","本公司受邀參加元大證券所舉辦之『2024年元大證券第四季投資論壇』，會中介紹公司之營運與財務狀況。","640920241111M001.pdf","640920241111E001.pdf","",中文影音檔網址:6409_151_20241204_ch.mp4 ,"無","查詢"
"6412","群電","113/08/06","15:00","康和證券，台北市信義區基隆路一段176號B2","本公司受邀參加康和證券所舉辦之法說會，說明本公司2024年第2季營運成果。","641220240806M001.pdf","641220240806E001.pdf","https://www.chiconypower.com/zh-tw/investor/message","","無","查詢"
"6412","群電","113/02/20","15:00","W Hotel，台北市信義區忠孝東路五段10號","本公司受邀參加港商野村國際證券所舉辦之 Nomura Asia Tech Tour，會中就本公司已公開發布之營運及財務業務狀況向投資人說明。","641220240220M001.pdf","641220240220E001.pdf","https://www.chiconypower.com/zh-tw/investor/message","","無","查詢"
"6412","群電","113/03/12","15:00","元大證券寶慶大樓4樓會議室(台北市寶慶路69號4樓)","本公司受邀參加元大證券所舉辦之法說會，說明本公司2023年第4季營運成果。","641220240312M001.pdf","641220240312E001.pdf","https://www.chiconypower.com/zh-tw/investor/message",法說會影音連結資訊:https://www.chiconypower.com/zh-tw/post/view?post_id=102 ,"無","查詢"
"6412","群電","113/06/13","14:00","茹曦酒店，台北市松山區敦化北路100號","本公司受邀參加凱基證券所舉辦之「2024Q2投資論壇」，會中就本公司已公開發布之營運及財務業務狀況向投資人說明。","641220240502M001.pdf","641220240502E001.pdf","https://www.chiconypower.com/zh-tw/investor/message","","無","查詢"
"6412","群電","113/11/26","10:00","台北遠東香格里拉飯店，台北市大安區敦化南路二段201號","本公司受邀參加 Citi&#039;s 2024 Taiwan Corporate Day，會中就本公司已公開發布之營運及財務業務狀況向投資人說明。","641220241104M001.pdf","641220241104E001.pdf","https://www.chiconypower.com/zh-tw/investor/message","","無","查詢"
"6412","群電","113/03/19 至 113/03/20","10:00","台北君悅酒店，台北市信義區松壽路2號","本公司受邀參加美銀證券所舉辦之2024 APAC TMT Conference，會中就本公司已公開發布之營運及財務業務狀況向投資人說明。","641220240312M001.pdf","641220240312E001.pdf","https://www.chiconypower.com/zh-tw/investor/message","","無","查詢"
"6412","群電","113/03/28","14:00","台北君悅酒店，台北市信義區松壽路2號","本公司受邀參加台新證券所舉辦之「2024年第一季全球投資論壇」， 會中就本公司已公開發布之營運及財務業務狀況向投資人說明。","641220240312M001.pdf","641220240312E001.pdf","https://www.chiconypower.com/zh-tw/investor/message","","無","查詢"
"6412","群電","113/05/02","15:00","台北市中山區樂群三路128號7樓","本公司受邀參加國票綜合證券所舉辦之法說會，說明本公司2024年第1季營運成果。","641220240502M001.pdf","641220240502E001.pdf","https://www.chiconypower.com/zh-tw/investor/message","","無","查詢"
"6412","群電","113/11/04","15:00","台北市中山區樂群三路128號7樓","本公司受邀參加國票綜合證券所舉辦之法說會，說明本公司2024年第3季營運成果。","641220241104M001.pdf","641220241104E001.pdf","https://www.chiconypower.com/zh-tw/investor/message",法說會影音連結資訊:https://www.chiconypower.com/zh-tw/post/view?post_id=112 ,"無","查詢"
"6414","樺漢","113/05/10","14:30","福邦證券7樓會議室
(台北市忠孝西路一段6號7樓)","本公司受邀參加福邦證券舉辦之實體法人說明會，
說明本公司2024年第一季財務及業務資訊。","641420240510M002.pdf","641420240510E002.pdf","https://www.ennoconn.com/ir-calendar/","","無","查詢"
"6414","樺漢","113/05/16","16:00","線上會議","本公司受邀參加永豐金證券和臺灣證券交易所共同舉辦之線上法說會「SinoPac x TWSE Taiwan Corporate Day 2024」,說明本公司營運概況。","641420240516M001.pdf","641420240516E001.pdf","https://www.ennoconn.com/ir-calendar/",法說會影音連結資訊:https://www.youtube.com/watch?v=Q94wynuSt8c ,"本場會議全程英文表達。","查詢"
"6414","樺漢","113/12/05","14:35","台北遠東香格里拉飯店B1會議室 
( 台北市大安區敦化南路二段201號B1樓)","本公司受邀參加國泰證券舉辦2024年第四季論壇  ，說明本公司產業概況、營運成果及未來展望。","641420241205M002.pdf","641420241205E002.pdf","https://www.ennoconn.com/ir-calendar/","","無","查詢"
"6414","樺漢","113/04/01","14:30","&#29319;亞會議中心15樓會議室
(台北市復興北路99號15樓)","本公司受邀參加元大證券舉辦之2023年第四季法說會，
說明公司產業概況、營運成果及未來展望。","641420240401M001.pdf","641420240401E001.pdf","https://www.ennoconn.com/ir-calendar/","","無","查詢"
"6414","樺漢","113/06/14","11:20","國立政治大學公共行政及企業管理教育中心
(台北市大安區金華街187號)","本公司受邀參加福邦證券舉辦之鴻海暨轉投資企業主題系列座談，說明本公司營運概況。","641420240613M001.pdf","641420240613E001.pdf","https://www.ennoconn.com/ir-calendar/","","無","查詢"
"6414","樺漢","113/06/05","14:00","W Hotel Taipei
(台北市信義區忠孝東路五段10號)","公告本公司將參加花旗證券舉辦之「Citi 2024 Taiwan Tech Conference」，就113年第一季法說會之內容說明公司營運與未來展望。","641420240605M001.pdf","641420240605E001.pdf","https://www.ennoconn.com/ir-calendar/","","無","查詢"
"6414","樺漢","113/12/09","13:30","政大公企中心
(台北市金華街187號)","本公司受邀參加福邦證券主辦鴻海暨轉投資企業主題系列座談，說明本公司產業概況","641420241209M002.pdf","641420241209E002.pdf","https://www.ennoconn.com/ir-calendar/","","無","查詢"
"6414","樺漢","113/08/13","14:30","&#29319;亞會議中心2樓201會議室
(台北市復興北路99號2樓)","本公司受邀參加元大證券舉辦2024年第二季法人說明會，說明本公司產業概況、營運成果及未來展望。","641420240813M001.pdf","641420240813E001.pdf","https://www.ennoconn.com/ir-calendar/","","無","查詢"
"6414","樺漢","113/08/20","15:10","臺灣證券交易所 (101大樓) 1樓資訊展示中心 
台北市信義區信義路五段7號1樓","本公司受邀參加證交所及永豐金證券舉辦之113年「AI產業鏈」
主題式業績發表會及產業講座","641420240820M001.pdf","641420240820E001.pdf","https://www.ennoconn.com/zh-tw/ir-calendar/",同步收看網址：:https://webpro.twse.com.tw/webportal/?liveChannelId=1 ,"無","查詢"
"6414","樺漢","113/11/14","14:00","&#29319;亞會議中心2樓201會議室 (台北市復興北路99號2樓)","本公司受邀參加富邦證券舉辦2024年第三季法人說明會，說明本公司產業概況、營運成果及未來展望","641420241114M001.pdf","641420241114E001.pdf","https://www.ennoconn.com/ir-calendar/","","無","查詢"
"6415","矽力*-KY","113/05/15","14:30","本公司受邀參加UBS所舉辦之線上法說會","本公司受邀參加UBS所舉辦之線上法說會，說明2024年第一季營運及業務狀況。投資人或分析師可透過以下連結參加:
https://openexc.zoom.us/webinar/register/WN_0-jVYWAOTGCZmgszTzAAtQ#/registration","641520240515M001.pdf","641520240515E001.pdf","https://www.silergy.com/","","無。","查詢"
"6415","矽力*-KY","113/10/09 至 113/10/10","09:00","波士頓及紐約","本公司受邀參加J.P. Morgan所舉辦之法人說明會,就本公司已公開發布之財務數字、經營績效等相關資訊做說明。","641520240830M001.pdf","641520240830E001.pdf","https://www.silergy.com/zh","","無","查詢"
"6415","矽力*-KY","113/11/13","21:00","電話會議","本公司受邀參加JP Morgan所舉辦之法人說明會，就本公司已公開發布之財務數字、經營績效等相關資訊做說明。","641520241113M002.pdf","641520241113E002.pdf","https://www.silergy.com/zh","","無","查詢"
"6415","矽力*-KY","113/04/23 至 113/04/26","08:00","新加坡及香港","本公司受邀參加富邦證券及Jefferies所舉辦之法人說明會，就本公司已公開發布之財務數字、經營績效等相關資訊做說明。","641520240313M002.pdf","641520240313E002.pdf","https://www.silergy.com/zh","","無","查詢"
"6415","矽力*-KY","113/03/13","21:00","HK time 9.00pm;UK time 1.00pm;New York time 9.00am; SF time 6.00am","本公司受邀參加JP Morgan所舉辦之法人說明會，就本公司已公開發布之財務數字、經營績效等相關資訊做說明。","641520240313M002.pdf","641520240313E002.pdf","https://www.silergy.com/zh","","無","查詢"
"6415","矽力*-KY","113/03/13","14:30","本公司受邀參加UBS所舉辦之線上法說會","本公司受邀參加UBS所舉辦之線上法說會，說明2023年第四季營運及業務狀況。投資人或分析師可透過以下連結參加: https://openexc.zoom.us/webinar/register/WN_l_PNX8PyR6ypjsQvG4hGiQ#/registration Once you have registered, you will be provided with the information you need to join the conference, including dial-in numbers and passcodes. Be sure to save this information to your calendar or print this information.","641520240313M001.pdf","641520240313E001.pdf","https://www.silergy.com/zh",法說會影音連結資訊:未輸 ,"無","查詢"
"6415","矽力*-KY","113/03/21","09:00","台北君悅酒店(台北市信義區松壽路2號)","本公司受邀參加BofA Securities所舉辦之法說會，就本公司已公開發布之財務數字、經營績效等相關資訊做說明。","641520240313M002.pdf","641520240313E002.pdf","https://www.silergy.com/zh","","無","查詢"
"6415","矽力*-KY","113/08/30","21:00","電話會議","本公司受邀參加JP Morgan所舉辦之法人說明會，就本公司已公開發布之財務數字、經營績效等相關資訊做說明。","641520240830M002.pdf","641520240830E002.pdf","https://www.silergy.com/zh","","無。","查詢"
"6415","矽力*-KY","113/08/30","14:30","本公司受邀參加UBS所舉辦之線上法說會","本公司受邀參加UBS所舉辦之線上法說會，說明2024年第二季營運及業務狀況。投資人或分析師可透過以下連結參加:
https://openexc.zoom.us/webinar/register/WN_6OxlAQ2vTrG5K58H8RlmIA#/registration","641520240830M001.pdf","641520240830E001.pdf","https://www.silergy.com/",中文影音檔網址:6415_136_20240830_ch.mp4 ,"無。","查詢"
"6415","矽力*-KY","113/05/30","11:00","電話會議","本公司受邀參加Nomura所舉辦之法人說明會，就本公司已公開發布之財務數字、經營績效等相關資訊做說明。","641520240515M002.pdf","641520240515E002.pdf","https://www.silergy.com/","","無。","查詢"
"6415","矽力*-KY","113/05/15","21:00","電話會議","本公司受邀參加JP Morgan所舉辦之法人說明會，就本公司已公開發布之財務數字、經營績效等相關資訊做說明。","641520240515M002.pdf","641520240515E002.pdf","https://www.silergy.com/zh","","無","查詢"
"6415","矽力*-KY","113/11/13","14:00","本公司受邀參加UBS所舉辦之線上法說會","本公司受邀參加UBS所舉辦之線上法說會，說明2024年第三季營運及業務狀況。投資人或分析師可透過以下連結參加: https://openexc.zoom.us/webinar/register/WN_VJPwXBQASqq7I8giMM__aQ#/registration","641520241113M001.pdf","641520241113E001.pdf","https://www.silergy.com/zh",中文影音檔網址:6415_140_20241113_ch.mp4 ,"無","查詢"
"6415","矽力*-KY","113/09/30 至 113/10/03","09:00","新加坡及香港","本公司受邀參加Nomura所舉辦之法人說明會，就本公司已公開發布之財務數字、經營績效等相關資訊做說明。","641520240830M001.pdf","641520240830E001.pdf","https://www.silergy.com/zh","","無","查詢"
"6416","瑞祺電通","113/11/19","14:30","台北國際會議中心TICC一樓【101C會議室】(台北市信義區信義路五段1號)","本公司受邀參加國票證券舉辦之法人說明會，說明本公司之營運概況等相關資訊。","641620241119M001.pdf","641620241119E001.pdf","https://www.cas-well.com/about/investors/investor-conference/",法說會影音連結資訊:https://www.cas-well.com/wp-content/uploads/Investor_Conference_2024.mp4 ,"無","查詢"
"6426","統新","113/08/16","14:00","高雄市前鎮區中山二路2號9樓之一(大眾財經大樓)","本公司受邀參加台新證券舉辦之法人說明會，說明本公司營運狀況。","642620240815M003.pdf","642620240815E003.pdf","http://www.nextapogee.com.tw/ch/news_detail.php?Sn=85",法說會影音連結資訊:https://youtu.be/0uQktkrOANs ,"完整財務業務資訊請至公開資訊觀測站之法人說明會一覽表或法說會項下查閱。","查詢"
"6426","統新","113/11/26","14:00","高雄市前鎮區中山二路2號9樓之一(大眾財經大樓)","本公司受邀參加台新證券舉辦之法人說明會，說明本公司營運狀況。","642620241125M001.pdf","642620241125E001.pdf","http://www.nextapogee.com.tw/ch/news_detail.php?Sn=90","","完整財務業務資訊請至公開資訊觀測站之法人說明會一覽表或法說會項下查閱。","查詢"
"6431","光麗-KY","113/12/03","14:00","台北市中山區建國北路二段60號1樓","報告本公司前三季財務業務狀況及營運狀況","643120241203M001.pdf","643120241203E001.pdf","http://www.kl-holdings.com/shareholder/investor#Investor",中文影音檔網址:6431_11_20241203_ch.mp4 ,"無","查詢"
"6438","迅得","113/03/14","14:30","台新證券會議室(台北市建國北路一段96號13樓會議室)","本公司受台新證券邀請參加法人說明會，主要內容為說明公司營運概況。","643820240313M001.pdf","643820240313E001.pdf","",法說會影音連結資訊:https://www.saa-symtek.com/zh_tw/INVESTOR/earnings_call_video.html ,"無","查詢"
"6438","迅得","113/11/20","14:30","凱基證券總公司(台北市明水路700號)","說明公司營運成果以及未來展望","643820241120M001.pdf","643820241120E001.pdf","",法說會影音連結資訊:https://www.saa-symtek.com/zh_tw/INVESTOR/earnings_call_video.html ,"無","查詢"
"6442","光聖","113/11/27","14:00","台北晶華酒店(台北市中山北路二段39巷3號4樓貴賓廳)","受邀參加台新2024年第四季全球投資論壇","644220241115M001.pdf","644220241115E001.pdf","",中文影音檔網址:6442_21_20241127_ch.MP4 ,"無","查詢"
"6442","光聖","113/03/29","14:00","台北市仁愛路四段169號2樓","本公司受邀參加富邦證券舉辦之法人說明會","644220240328M001.pdf","644220240328E001.pdf","",中文影音檔網址:6442_19_20240329_ch.mp4 ,"無","查詢"
"6442","光聖","113/08/22","15:15","台北晶華酒店(台北市中山北路二段39巷3號4樓貴賓廳)","受邀參加台新2024年第三季全球投資論壇","644220240821M001.pdf","644220240821E001.pdf","",中文影音檔網址:6442_20_20240822_ch.MP4 ,"無","查詢"
"6443","元晶","113/09/18","14:30","線上法說會","本公司受邀參加元大證券舉辦之線上法人說明會","644320240918M001.pdf","644320240918E001.pdf","http://www.tsecpv.com/zh-tw/investors/shareholder/irs_02",中文影音檔網址:6443_16_20240918_ch.mp4 ,"相關資訊將依規定揭露於公開資訊觀測站","查詢"
"6446","藥華藥","113/11/19 至 113/11/20","22:00","倫敦","本公司受邀參加傑富瑞(Jefferies)舉辦之法說會「Jefferies London Healthcare Conference」，說明本公司之營運概況。","644620241119M001.pdf","644620241119E001.pdf","","","無。","查詢"
"6446","藥華藥","113/12/03","22:30","邁阿密","本公司受邀參加花旗環球證券舉辦之法說會「Citi’s 2024 Global Healthcare Conference」，說明本公司之營運概況。","644620241203M001.pdf","644620241203E001.pdf","","","無。","查詢"
"6446","藥華藥","113/01/10","07:00","美國舊金山","本公司受邀參加J.P. Morgan舉辦之42nd Annual J.P. Morgan Healthcare Conference，說明本公司之營運概況，會議期間為美西時間2024年1月8日至11日。公司簡報時間為美西時間1月9日下午3時 (台灣時間1月10日上午7時)。","644620240109M001.pdf","644620240109E001.pdf","","","無。","查詢"
"6446","藥華藥","113/05/15","14:00","台北市中山區長安東路一段35號2樓","本公司受邀參加第一金證券舉辦之法人說明會，說明本公司之營運
概況。","644620240515M001.pdf","644620240515E001.pdf","","","無。","查詢"
"6446","藥華藥","113/02/26","14:00","台北市信義區菸廠路88號6樓","本公司受邀參加元富證券舉辦之法人說明會，說明本公司之營運概況。","644620240226M001.pdf","644620240226E001.pdf","","","無。","查詢"
"6446","藥華藥","113/11/20 至 113/11/21","14:30","新加坡","本公司受邀參加Morgan Stanley舉辦之法說會「23rd Annual
Asia Pacific Summit」，說明本公司之營運概況。","644620241119M002.pdf","644620241119E002.pdf","","","無。","查詢"
"6446","藥華藥","113/11/13","14:00","台北市信義區信義路5段7號88樓","本公司受邀參加黑石財經舉辦之法說會「戰略臺灣投資論壇」，說明本公司之營運概況。","644620240815M001.pdf","644620240815E001.pdf","","","無。","查詢"
"6446","藥華藥","113/01/18","16:00","香港","本公司受邀參加花旗環球證券舉辦之法人說明會「Citi China
Healthcare Corporate Day 2024」，說明本公司之營運概況。","644620240109M001.pdf","644620240109E001.pdf","","","無。","查詢"
"6446","藥華藥","113/01/23","14:30","台北市中正區重慶南路一段2號22樓","本公司受邀參加永豐金證券舉辦之法人說明會，說明本公司之
營運概況。","644620240123M001.pdf","644620240123E001.pdf","","","無。","查詢"
"6446","藥華藥","113/04/08","16:10","臺灣證券交易所(101大樓)1樓資訊展示中心(台北市信義路五段7號1樓)","本公司受邀參加臺灣證券交易所舉辦之113年「生技醫療產業」
主題式業績發表會，說明本公司之營運概況。","644620240408M001.pdf","644620240408E001.pdf","",法說會影音連結資訊:https://www.youtube.com/watch?v=sRSYCNQp8ds ,"無。","查詢"
"6446","藥華藥","113/06/06","21:00","紐約","本公司受邀參加傑富瑞(Jefferies)舉辦之法人說明會
「Jefferies Global Healthcare Conference」，說明本公司之營運概況。","644620240606M001.pdf","644620240606E001.pdf","","","無。","查詢"
"6446","藥華藥","113/06/10","20:00","邁阿密","本公司受邀參加高盛證券舉辦之法人說明會「Goldman Sachs
45th Annual Global Healthcare Conference」，說明本
公司之營運概況。","644620240606M001.pdf","644620240606E001.pdf","","","無。","查詢"
"6446","藥華藥","113/04/16 至 113/04/17","14:00","新加坡","本公司受邀參加寬量國際舉辦之法人說明會「15th Taiwan 
CEO Week」，說明本公司之營運概況。","644620240408M001.pdf","644620240408E001.pdf","","","無。","查詢"
"6446","藥華藥","113/05/30","12:00","香港","本公司受邀參加瑞銀證券舉辦之法人說明會「UBS Asian
Investment Conference 2024」，說明本公司之營運概況。","644620240515M001.pdf","644620240515E001.pdf","","","無。","查詢"
"6446","藥華藥","113/08/15","14:00","台北市中正區重慶南路一段2號22樓","本公司受邀參加永豐金證券舉辦之法人說明會，說明本公司之營運概況。","644620240815M001.pdf","644620240815E001.pdf","","","無。","查詢"
"6446","藥華藥","113/11/15","14:30","台北市中山區明水路700號12樓(凱基證券大樓)","本公司受邀參加凱基證券舉辦之法人說明會，說明本公司之營運概況。","644620241115M001.pdf","644620241115E001.pdf","","","無。","查詢"
"6446","藥華藥","113/10/15","09:00","上海","本公司受邀參加J.P. Morgan舉辦之法人說明會「Global
Healthcare Shanghai Conference」，說明本公司之營
運概況。","644620240815M001.pdf","644620240815E001.pdf","","","無。","查詢"
"6446","藥華藥","113/12/25","14:00","台北市大安區仁愛路169號2樓(富邦金融中心)","本公司受邀參加富邦證券舉辦之法人說明會，說明本公司之營運概況。","644620241225M001.pdf","644620241225E001.pdf","",法說會影音連結資訊:https://youtu.be/o4YuGwgFO7Y ,"無。","查詢"
"6449","鈺邦","113/08/21","14:30","福邦證券總公司(台北市忠孝西路一段6號7樓)","受邀參加福邦證券舉辦之法人說明會，就本公司已公開之財務業務資訊作說明。","644920240821M001.pdf","644920240821E001.pdf","https://www.apaq.com.tw/zh-tw/news/最新消息",中文影音檔網址:6449_9_20240821_ch.MP4 ,"無","查詢"
"6449","鈺邦","113/12/25","14:30","福邦證券總公司(台北市忠孝西路一段6號7樓)","受邀參加福邦證券舉辦之法人說明會，就本公司已公開之財務業務資訊作說明。","644920241225M001.pdf","644920241225E001.pdf","https://www.apaq.com.tw/zh-TW/news/index.html",中文影音檔網址:6449_10_20241225_ch.MP4 ,"無","查詢"
"6451","訊芯-KY","113/06/14","13:40","國立政治大學公共行政及企業管理教育中心
(台北市大安區金華街187號)","本公司受邀參加福邦證券舉辦之鴻海暨轉投資企業主題系列座談，說明本公司營運概況。","645120240613M001.pdf","645120240613E001.pdf","https://www.shunsintech.com/tw/ActivityNews.html",中文影音檔網址:6451_13_20240614_ch.mp3 ,"無","查詢"
"6451","訊芯-KY","113/09/24","16:00","(登入收聽網址：http://www.zucast.com/webcast/8MgS83Qq)","公司營運情形及未來展望之線上法人說明會","645120240925M001.pdf","645120240925E001.pdf","https://www.shunsintech.com/tw/ActivityNews.html",同步收看網址：:http://www.zucast.com/webcast/8MgS83Qq 法說會影音連結資訊:http://www.zucast.com/webcast/8MgS83Qq ,"無","查詢"
"6456","GIS-KY","113/06/27","14:00","線上會議","本公司將受邀參加元富證券舉辦之線上法人說明會，會中將就已公佈之財務數字等相關資訊做說明。","645620240627M001.pdf","645620240627E001.pdf","https://www.gis-touch.com/c/ir_events.php",法說會影音連結資訊:https://www.youtube.com/watch?v=PHvWYdq-vVc ,"本次法說會影音資訊於當日會後上傳。","查詢"
"6456","GIS-KY","113/11/22","15:30","福邦證券(台北市忠孝西路一段6號14樓)","本公司將受邀參加福邦證券舉辦之法人說明會，會中將就已公佈之財務數字等相關資訊做說明。","645620241122M001.pdf","645620241122E001.pdf","https://www.gis-touch.com/c/ir_events.php",法說會影音連結資訊:https://www.youtube.com/watch?v=zquvqvOU2I4 ,"本次法說會影音資訊將於會後上傳。","查詢"
"6456","GIS-KY","113/04/02","14:00","線上會議","本公司將受邀參加元富證券舉辦之線上法人說明會，會中將就已公佈之財務數字等相關資訊做說明。","645620240401M002.pdf","645620240401E002.pdf","https://www.gis-touch.com","","無。","查詢"
"6456","GIS-KY","113/09/27","14:00","線上會議","本公司將受邀參加元富證券舉辦之線上法人說明會，會中將就已公佈之財務數字等相關資訊做說明。","645620240927M001.pdf","645620240927E001.pdf","https://www.gis-touch.com/c/ir_events.php",法說會影音連結資訊:https://www.youtube.com/watch?v=cVyR-RsDyj8 ,"本次法說會影音資訊於當日會後上傳。","查詢"
"6464","台數科","113/03/19","14:30","線上會議","本公司受邀參加元大證券舉辦之線上法人說明會，會中將報告本公司財務及業務相關資訊。","646420240318M001.pdf","646420240318E001.pdf","https://www.topmso.com.tw/index.php/tw/investors/conference_briefing",中文影音檔網址:6464_19_20240319_ch.mp4 ,"會議簡報等資料將依規定於期限前揭露於公開資訊觀測站。","查詢"
"6464","台數科","113/08/21","14:00","線上會議","本公司受邀參加元大證券舉辦之線上法人說明會，會中將報告本公司財務及業務相關資訊。","646420240819M001.pdf","646420240819E001.pdf","https://www.topmso.com.tw/index.php/tw/investors/conference_briefing",中文影音檔網址:6464_20_20240821_ch.mp4 ,"會議簡報等資料將依規定於期限前揭露於公開資訊觀測站。","查詢"
"6472","保瑞","113/11/27","14:00","台北市晶華酒店4樓(地址:台北市中山區中山北路二段39巷3號)","本公司受邀參加台新證券舉辦之法人說明會，說明本公司營運概況","647220241127M001.pdf","647220241127E001.pdf","https://reurl.cc/Q5da4O",法說會影音連結資訊:https://drive.google.com/file/d/1FfMEWBFjk3N72rrbaZx54FiSmTS_ZthZ/view ,"無","查詢"
"6472","保瑞","113/01/10","09:00","美國舊金山","本公司受邀參加J.P. Morgan舉辦之第42屆J.P. Morgan Healthcare Conference，將就本公司財務及營運狀況向投資法人說明。會議期間為美西時間2024年1月8日至11日。公司簡報時間為美西時間1月9日下午5時 (台灣時間1月10日上午9時)。","647220231129M001.pdf","647220231129E001.pdf","https://reurl.cc/nr5872","","無","查詢"
"6472","保瑞","113/05/16","14:00","台北君悅酒店3F鶴迎廳(地址:台北市信義區松壽路2號)","本公司受邀參加台新證券舉辦之法人說明會，說明本公司營運概況","647220240516M001.pdf","647220240516E001.pdf","https://reurl.cc/dnmENq","","無","查詢"
"6472","保瑞","113/03/13","14:00","台新證券會議室，台北市建國北路一段96號B1會議室","本公司受台新證券邀請參加法人說明會，主要內容為說明公司營運概況。","647220240313M001.pdf","647220240313E001.pdf","https://reurl.cc/qrbLqE","","無","查詢"
"6472","保瑞","113/03/05","15:00","台北喜來登飯店B1F會議廳(地址:台北市中正區忠孝東路一段12號)","本公司受邀參加第一金證券2024年第一季投資論壇，說明本公司營運概況。","647220231129M001.pdf","647220231129E001.pdf","https://reurl.cc/eLoOL7","","無","查詢"
"6472","保瑞","113/06/17 至 113/06/18","08:00","香港","本公司受邀參加摩根大通證券舉辦之海外法人說明會，會中將就本公司財務及營運狀況向投資法人說明。","647220240516M001.pdf","647220240516E001.pdf","https://reurl.cc/Gjvbk3","","無","查詢"
"6472","保瑞","113/04/10","15:10","101台灣證券交易所1樓資訊展市中心
(台北市信義區信義路五段7號，101大樓)","本公司受永豐金證券邀請參加2024證交所主題式業績發表會，主要內容為說明公司營運概況。","647220240313M001.pdf","647220240313E001.pdf","https://reurl.cc/E4OzxA",法說會影音連結資訊:https://webpro.twse.com.tw/webportal/vod/101/AFA37D874E81-A97217E7-F713-11EE-B985/?categoryId=101 ,"無","查詢"
"6472","保瑞","113/03/21","08:00","香港君悅酒店","本公司受Jefferies邀請參加Jefferies 5th Asia Forum，主要內容為說明公司營運概況。","647220240313M001.pdf","647220240313E001.pdf","https://reurl.cc/K41Mr9","","無","查詢"
"6472","保瑞","113/08/28","14:30","台北君悅酒店3F鶴迎廳(地址:台北市信義區松壽路2號)","本公司受邀參加台新證券舉辦之法人說明會，說明本公司營運概況","647220240828M001.pdf","647220240828E001.pdf","https://reurl.cc/QE6Q2O","","無","查詢"
"6472","保瑞","113/05/20","09:00","香港","本公司受邀參加高盛證券舉辦之海外法人說明會，會中將就本公司財務及營運狀況向投資法人說明","647220240516M001.pdf","647220240516E001.pdf","https://reurl.cc/3X4DgX","","無","查詢"
"6472","保瑞","113/09/19","10:50","台北晶華酒店","受邀參加元大證券辦理之第三季投資論壇","647220240828M001.pdf","647220240828E001.pdf","https://reurl.cc/zDKqva",法說會影音連結資訊:未輸 ,"無","查詢"
"6477","安集","113/11/29","14:30","福邦證券總公司(台北市中正區忠孝西路一段6號14樓)","本公司受邀參加福邦證券股份有限公司舉辦之法人說明會，進行公司簡介並說明營運概況。","647720241129M001.pdf","647720241129E001.pdf","https://www.anjitek.com/",中文影音檔網址:6477_11_20241129_ch.mp4 ,"相關資訊將依規定揭露於公開資訊觀測站。","查詢"
"6491","晶碩","113/11/19","14:00","台北文創(台北市信義區菸廠路88號)","本公司受邀參加元富證券所舉辦之投資論壇，會中就本公司之財務數字、經營績效等相關資訊做說明。","649120241113M001.pdf","649120241113E001.pdf","https://www.pegavision.com/tw/investor3_page03.php",中文影音檔網址:6491_43_20241119_ch.mp4 ,"無","查詢"
"6491","晶碩","113/04/10","14:00","臺灣證券交易所(101大樓)1樓資訊展示中心(台北市信義路五段7號1樓)","本公司受邀參加永豐金證券與臺灣證交所合作舉辦之「2024生技產業」主題式業績發表會，說明本公司之營運概況。","649120240409M001.pdf","649120240409E001.pdf","https://www.pegavision.com/tw/investor3_page03.php","","無","查詢"
"6491","晶碩","113/05/23","13:30","台北市 君悅飯店(台北市信義區松壽路2號)","本公司受邀參加富邦證券所舉辦之投資論壇，會中就本公司之財務數字、經營績效等相關資訊做說明。","649120240522M001.pdf","649120240522E001.pdf","https://www.pegavision.com/tw/investor3_page03.php",法說會影音連結資訊:https://www.pegavision.com/tw/investor3_page03.php ,"無","查詢"
"6491","晶碩","113/03/04","11:00","台北市 W-Hotel(台北市信義區忠孝東路五段10號)","本公司受邀參加花旗證券所舉辦之投資論壇，會中就本公司之財務數字、經營績效等相關資訊做說明。","649120240301M002.pdf","649120240301E002.pdf","https://www.pegavision.com/tw/investor3_page03.php","","無","查詢"
"6491","晶碩","113/03/15","10:40","台北市 茹曦酒店(台北市松山區敦化北路100號)","本公司受邀參加國泰證券所舉辦之投資論壇，會中就本公司之財務數字、經營績效等相關資訊做說明。","649120240301M002.pdf","649120240301E002.pdf","https://www.pegavision.com/tw/investor3_page03.php","","無","查詢"
"6491","晶碩","113/06/06","10:00","台北市 W-Hotel(台北市信義區忠孝東路五段10號)","本公司受邀參加花旗證券所舉辦之投資論壇，會中就本公司之財務數字、經營績效等相關資訊做說明。","649120240522M001.pdf","649120240522E001.pdf","https://www.pegavision.com/tw/investor3_page03.php","","無","查詢"
"6491","晶碩","113/09/05","13:30","台北市東方文華酒店（台北市松山區敦化北路158號）","本公司受邀參加國泰證券所舉辦之投資論壇，會中就本公司之財務數字、經營績效等相關資訊做說明。","649120240828M001.pdf","649120240828E001.pdf","https://www.pegavision.com/tw/investor3_page03.php","","無","查詢"
"6504","南六","113/12/10","14:00","線上法人說明會","本公司受邀參加元大證券所舉辦之法人說明會","650420241209M001.pdf","650420241209E001.pdf","https://www.nanliugroup.com/faq/投資人關係/公司簡報",中文影音檔網址:6504_71_20241210_ch.mp4 ,"無","查詢"
"6505","台塑化","113/05/09","15:00","元富證券(台北市復興南路一段209號1樓)","本公司受邀參加元富證券法人座談會，說明近期營運概況","650520240508M001.pdf","650520240508E001.pdf","http://www.fpcc.com.tw/tw/ir/material-information",法說會影音連結資訊:https://www.fpcc.com.tw/tw/ir/material-information ,"無","查詢"
"6505","台塑化","113/03/20","14:00","台北君悅酒店","本公司受邀參加美銀證券所舉辦之『2024 APAC TMT Conference』，說明近期營運概況。","650520240319M001.pdf","650520240319E001.pdf","http://www.fpcc.com.tw/tw/ir/material-information","","無","查詢"
"6505","台塑化","113/11/29","14:30","國票證券(台北市南京東路五段188號)","本公司受邀參加國票證券法人座談會，說明近期營運概況","650520241128M001.pdf","650520241128E001.pdf","http://www.fpcc.com.tw/tw/ir/material-information",法說會影音連結資訊:https://www.fpcc.com.tw/tw/ir/material-information ,"無","查詢"
"6505","台塑化","113/09/24","14:00","匯豐證券(台北市信義路五段7號54樓)","本公司受邀參加匯豐證券法人座談會，說明近期營運概況","650520240923M001.pdf","650520240923E001.pdf","http://www.fpcc.com.tw/tw/ir/material-information","","無","查詢"
"6515","穎崴","113/06/05 至 113/06/06","10:00","台北W飯店","本公司受邀參加花旗證券舉辦之Citi 2024 Taiwan Tech Conference,說明本公司營運概況","651520240604M001.pdf","651520240604E001.pdf","https://www.winwayglobal.com/earingCall","","無","查詢"
"6515","穎崴","113/11/28","14:30","台北君悅酒店3樓凱悅一廳(台北市信義區松壽路2號)","本公司受邀參加凱基證券舉辦之法人說明會,說明本公司營運概況","651520241128M001.pdf","651520241128E001.pdf","https://www.winwayglobal.com/earingCall",法說會影音連結資訊:https://www.youtube.com/watch?v=20g99fnl2s4 ,"無","查詢"
"6515","穎崴","113/06/27","14:30","台北君悅酒店3樓凱悅二廳(台北市信義區松壽路2號)","本公司受邀參加凱基證券舉辦之法人說明會,說明本公司營運概況","651520240627M001.pdf","651520240627E001.pdf","https://www.winwayglobal.com/earingCall",法說會影音連結資訊:https://www.youtube.com/watch?v=04uDaNUhi1s ,"無","查詢"
"6515","穎崴","113/03/19 至 113/03/21","10:00","台北君悅酒店","本公司受邀參加BofA 2024 APAC TMT Conference,說明本公司營運概況","651520240315M001.pdf","651520240315E001.pdf","https://www.winwayglobal.com/earingCall","","無","查詢"
"6515","穎崴","113/09/03 至 113/09/04","11:00","台北君悅酒店","本公司受邀參加高盛證券舉辦之Goldman Sachs Taiwan Corporate Day,說明本公司營運概況","651520240902M001.pdf","651520240902E001.pdf","https://www.winwayglobal.com/earingCall","","無","查詢"
"6515","穎崴","113/10/21 至 113/10/25","09:00","香港、新加坡、馬來西亞","本公司受邀參加國泰證券舉辦之海外路演(NDR)，說明本公司營運概況","651520241017M001.pdf","651520241017E001.pdf","https://www.winwayglobal.com/earingCall","","無","查詢"
"6515","穎崴","113/12/10","09:00","香港國際金融中心二期","本公司受邀參加野村證券舉辦之Nomura Taiwan Corporate Day 2024論壇,說明本公司營運概況","651520241209M001.pdf","651520241209E001.pdf","https://www.winwayglobal.com/earingCall","","無","查詢"
"6525","捷敏-KY","113/05/16","14:30","臺灣證券交易所1樓資訊展示中心（台北市信義路五段7號)","所屬產業概況及營運成果說明","652520240515M001.pdf","652520240515E001.pdf","http://www.gemservices.com/",同步收看網址：:http://webpro.twse.com.tw/ 法說會影音連結資訊:https://webpro.twse.com.tw/webportal/vod/101/?categoryId=101 ,"無","查詢"
"6526","達發","113/06/06","09:00","台北","公告本公司113年6月6日受邀參加花旗證券於台北舉辦之2024 Taiwan Conference，簡報資料請參閱公開資訊觀測站。","652620240517M001.pdf","652620240517E001.pdf","","","無","查詢"
"6526","達發","113/12/11","13:30","台北","公告本公司113年12月11日受邀參加永豐金證券於台北舉辦之第四季產業投資論壇，簡報資料請參閱公開資訊觀測站。","652620241112M002.pdf","652620241112E002.pdf","","","無","查詢"
"6526","達發","113/06/06","13:30","台北","公告本公司113年6月6日受邀參加永豐金證券於台北舉辦之2024年第二季產業論壇，簡報資料請參閱公開資訊觀測站。","652620240517M002.pdf","652620240517E002.pdf","",中文影音檔網址:6526_6_20240606_ch.mp4 ,"無","查詢"
"6526","達發","113/09/11","09:40","台北","公告本公司113年9月11日受邀參加凱基證券於台北舉辦之2024第三季投資論壇，簡報資料請參閱公開資訊觀測站。","652620240909M001.pdf","652620240909E001.pdf","",中文影音檔網址:6526_8_20240911_ch.mp4 ,"無","查詢"
"6526","達發","113/08/19","09:00","新竹","公告本公司113年8月19日受邀參加美林證券於新竹舉辦之2024 Asia Tech Tour，簡報資料請參閱公開資訊觀測站。","652620240730M001.pdf","652620240730E001.pdf","","","無","查詢"
"6526","達發","113/11/18 至 113/11/19","09:00","香港","公告本公司113年11月18日至11月19日受邀參加摩根大通證券於香港舉辦之
Global TMT Conference 2024，簡報資料請參閱公開資訊觀測站。","652620241112M001.pdf","652620241112E001.pdf","","","無","查詢"
"6526","達發","113/11/20 至 113/11/25","09:00","台北","公告本公司113年11月20日受邀參加麥格理證券於台北舉辦之Taiwan Conference及113年11月25日受邀參加花旗證券於台北舉辦之
Taiwan Corporate Day，簡報資料請參閱公開資訊觀測站。","652620241112M002.pdf","652620241112E002.pdf","","","無","查詢"
"6531","愛普*","113/05/07","14:30","線上會議","本公司將舉行線上法人說明會，說明113年第1季營運與財務概況，並回答投資人提問。
有意參加者可透過網路連結以下網址參加線上法人說明會，網址：http://www.zucast.com/webcast/DGcoGTJK","653120240507M001.pdf","653120240507E001.pdf","https://www.apmemory.com/zh-hant/investors/investor-events-n/",中文影音檔網址:6531_40_20240507_ch.mp4 ,"無。","查詢"
"6531","愛普*","113/03/05","14:30","線上會議","本公司將舉行線上法人說明會，說明112年第4季暨全年度營運與財務概況，並回答投資人提問。有意參加者可透過網路連結以下網址參加線上法人說明會，網址:http://www.zucast.com/webcast/vLOTS6vo","653120240305M001.pdf","653120240305E001.pdf","https://www.apmemory.com/zh-hant/investors/investor-events-n/",中文影音檔網址:6531_39_20240305_ch.mp4 ,"無。","查詢"
"6531","愛普*","113/08/06","14:30","線上會議","本公司將舉行線上法人說明會，說明113年第2季營運與財務概況，並回答投資人提問。 有意參加者可透過網路連結以下網址參加線上法人說明會，網址：http://www.zucast.com/webcast/YrKai0Pv","653120240806M001.pdf","653120240806E001.pdf","https://www.apmemory.com/zh-hant/investors/investor-events-n/",中文影音檔網址:6531_41_20240806_ch.mp4 ,"無。","查詢"
"6531","愛普*","113/11/05","14:30","線上法說會","(1)本公司受邀參加凱基證券舉辦之法人說明會，說明本公司113年第3季營運與財務概況。
(2)活動諮詢：凱基證券 鄭小姐，E-mail：janice.cheng@kgi.com","653120241105M001.pdf","653120241105E001.pdf","https://www.apmemory.com/zh-hant/investors/investor-events-n/",中文影音檔網址:6531_42_20241105_ch.mp4 ,"無。","查詢"
"6533","晶心科","113/03/04","14:00","臺北市W酒店20樓(臺北市信義區忠孝東路五段10號)","本公司受邀參加Citi 2024 Taiwan Corporate Day，說明本公司營運概況。","653320240301M001.pdf","653320240301E001.pdf","http://www.andestech.com/tw/法人說明會召開資訊/","","無","查詢"
"6533","晶心科","113/03/08","11:15","台北君悅酒店(台北市信義區松壽路2號)","本公司受邀參加統一證券2024Q1春季投資論壇，說明本公司營運概況。","653320240301M001.pdf","653320240301E001.pdf","http://www.andestech.com/tw/法人說明會召開資訊/","","無","查詢"
"6533","晶心科","113/03/13","16:20","宏遠證券7樓會議室（台北市信義路四段236號7樓）","本公司受邀參加宏遠證券舉辦之2024未來趨勢產業投資論壇，說明本公司營運概況。","653320240301M001.pdf","653320240301E001.pdf","http://www.andestech.com/tw/法人說明會召開資訊/","","無","查詢"
"6533","晶心科","113/03/12","14:30","線上英文法說會","本公司受邀參加Morgan Stanley證券舉辦之線上法說會，說明本公司營運概況。","653320240301M001.pdf","653320240301E001.pdf","http://www.andestech.com/tw/法人說明會召開資訊/","","無","查詢"
"6533","晶心科","113/03/05","10:00","台北市喜來登飯店B1(台北市中正區忠孝東路一段12號)","本公司受邀參加第一金證券第一季投資論壇，說明本公司營運概況。","653320240301M001.pdf","653320240301E001.pdf","http://www.andestech.com/tw/法人說明會召開資訊/","","無","查詢"
"6533","晶心科","113/11/19","10:00","台北君悅酒店","本公司受邀參加Macquarie Taiwan Conference，說明本公司營運概況。","653320241118M001.pdf","653320241118E001.pdf","http://www.andestech.com/tw/法人說明會召開資訊/","","無","查詢"
"6533","晶心科","113/03/05","15:00","台北市茹曦酒店(台北市松山區敦化北路100號)","本公司受邀參加群益金鼎證券舉辦之2024第一季投資論壇，說明本公司營運概況。","653320240301M001.pdf","653320240301E001.pdf","http://www.andestech.com/tw/法人說明會召開資訊/","","無","查詢"
"6533","晶心科","113/03/06","11:20","台北文創(台北市信義區菸廠路88號)","本公司受邀參加元富證券2024年春季投資論壇，說明本公司營運概況。","653320240301M001.pdf","653320240301E001.pdf","http://www.andestech.com/tw/法人說明會召開資訊/","","無","查詢"
"6533","晶心科","113/03/06","15:40","台北晶華酒店4F會議廳(台北市中山北路二段39巷3號)","本公司受邀參加永豐金證券2024 Q1產業投資論壇，說明本公司營運概況。","653320240301M001.pdf","653320240301E001.pdf","http://www.andestech.com/tw/法人說明會召開資訊/","","無","查詢"
"6533","晶心科","113/03/22","14:30","台灣證券交易所一樓資訊展示中心 (台北市信義區信義路五段7號1樓)","本公司於113/03/22召開第四季法人說明會，說明本公司營運概況及成果說明。","653320240322M001.pdf","653320240322E001.pdf","http://www.andestech.com/tw/法人說明會召開資訊/",同步收看網址：:https://webpro.twse.com.tw/ 法說會影音連結資訊:https://webpro.twse.com.tw/WebPortal/vod/101/E7EC82F4C811-2ED99ED2-E822-11EE-A5C9/?categoryId=101 ,"無","查詢"
"6533","晶心科","113/06/03","14:00","臺北君悅酒店","本公司受邀參加HSBC與證交所舉辦之「HSBC x TWSE Taiwan Conference 2024」，說明本公司營運概況。","653320240531M001.pdf","653320240531E001.pdf","http://www.andestech.com/tw/法人說明會召開資訊/","","無","查詢"
"6533","晶心科","113/06/05 至 113/06/07","15:00","台北W飯店","本公司受邀參加花旗證券舉辦之「Citi’s 2024 Taiwan Tech Conference」，說明本公司營運概況。","653320240531M002.pdf","653320240531E002.pdf","http://www.andestech.com/tw/法人說明會召開資訊/","","無","查詢"
"6533","晶心科","113/06/06","14:35","台北喜來登大飯店","本公司受邀參加國泰證券舉辦之「國泰證券第二季產業論壇」，說明本公司營運概況。","653320240531M003.pdf","653320240531E003.pdf","http://www.andestech.com/tw/法人說明會召開資訊/","","無","查詢"
"6533","晶心科","113/12/05","11:00","台北晶華酒店","本公司受邀參加凱基證券舉辦之2024年第四季投資論壇，說明本公司營運概況。","653320241204M001.pdf","653320241204E001.pdf","http://www.andestech.com/tw/法人說明會召開資訊/",法說會影音連結資訊:https://youtu.be/pOu530Laq-w?si=zpctUozKUIH_axWl ,"無","查詢"
"6533","晶心科","113/12/06","14:30","台北遠東飯店","本公司受邀參加國泰證券舉辦之2024年第四季投資論壇，說明本公司營運概況。","653320241204M002.pdf","653320241204E002.pdf","http://www.andestech.com/tw/法人說明會召開資訊/","","無","查詢"
"6533","晶心科","113/09/25","10:00","W Hotel Taipei","本公司受邀參加 UBS Taiwan Summit 2024","653320240920M001.pdf","653320240920E001.pdf","http://www.andestech.com/tw/法人說明會召開資訊/","","無","查詢"
"6534","正瀚-創","113/01/17","14:00","臺灣證券交易所(101大樓)1樓資訊展示中心","本公司受邀臺灣證券交易所主辦之創新板主題式業績發表會","653420240116M001.pdf","653420240116E001.pdf","https://www.chbio.com.tw/investor_relation/shareholder/investor_conference/",法說會影音連結資訊:https://webpro.twse.com.tw/webportal/vod/101/D5A48759DF86-8CB948AD-B509-11EE-8BD2/?categoryId=101 ,"相關資訊請至公開資訊觀測站之法人說明會一覽表或法說會項目下查閱。","查詢"
"6534","正瀚-創","113/07/26","15:30","台北南港展覽館一館507室(台北市南港區經貿二路1號5樓)","本公司受邀參加富邦證券舉辦之法人說明會，說明本公司營運概況、研發成果及未來展望。","653420240722M001.pdf","653420240722E001.pdf","https://www.chbio.com.tw/investor_relation/shareholder/investor_conference/",法說會影音連結資訊:https://youtu.be/lDNoVABfwPU ,"相關資訊請至公開資訊觀測站之法人說明會一覽表或法說會項目下查閱。","查詢"
"6534","正瀚-創","113/10/22","09:00","香港文華東方酒店(香港中環干諾道中5號)","本公司受邀參加寬量國際主辦之「16th QIC CEO Week」，向投資人說明本公司之營運概況、財務及業務相關資訊。","653420241018M001.pdf","653420241018E001.pdf","https://www.chbio.com.tw/investor_relation/shareholder/investor_conference/",法說會影音連結資訊:https://www.youtube.com/watch?v=U6H1YHaDQ9o ,"相關資訊請至公開資訊觀測站之法人說明會一覽表或法說會項目下查閱。","查詢"
"6541","泰福-KY","113/04/01","14:30","線上法說會","本公司財務及業務相關資訊","654120240515M001.pptx","654120240515E001.pptx","",中文影音檔網址:6541_18_20240401_ch.mp4 ,"報名網址：https://owww.masterlink.com.tw/mlAP/UnderWrite/apply.aspx?pk=304","查詢"
"6550","北極星藥業-KY","113/01/10","07:30","美國舊金山","本公司受邀參加J.P. Morgan舉辦之第42屆J.P. Morgan Healthcare Conference，將就本公司財務及營運狀況向投資法人說明。會議期間為美西時間2024年1月8日至11日。公司簡報時間為美西時間1月9日下午3時30分 (台灣時間1月10日上午7時30分)。","655020240110M001.pptx","655020240110E001.pptx","","","無","查詢"
"6550","北極星藥業-KY","113/04/01","15:30","臺灣證券交易所(101大樓)1樓資訊展示中心(台北市信義路5段7號1樓)","說明本公司財務暨營運概況","655020240401M001.pdf","655020240401E001.pdf","",同步收看網址：:https://webpro.twse.com.tw/WebPortal/?liveChannelId=1 法說會影音連結資訊:https://webpro.twse.com.tw/WebPortal/vod/101/49CF820FB0FC-4CED0B26-F005-11EE-B9D5/?categoryId=101 ,"無","查詢"
"6552","易華電","113/04/23","14:30","凱基證券大樓 (台北市中山區明水路700號12樓會議室)","本公司受邀參加凱基證券舉辦之法人說明會，說明本公司財務及營運展望。","655220240425M001.pdf","655220240425E001.pdf","http://www.jmct.com.tw/",法說會影音連結資訊:未輸 ,"無。","查詢"
"6552","易華電","113/11/27","14:00","大眾財經大樓(高雄市前鎮區中山二路2號九樓之一)","本公司受邀參加台新證券舉辦之法人說明會，說明本公司財務及營運展望。","655220241127M001.pdf","655220241127E001.pdf","http://www.jmct.com.tw/",中文影音檔網址:6552_15_20241127_ch.MP4 ,"無","查詢"
"6558","興能高","113/11/20","14:30","線上法人說明會","本公司受邀參加由統一證券舉辦之線上法人說明會","655820241120M002.pdf","655820241120E002.pdf","https://www.synst.com.tw/zh-tw/a4-1206-6282/2024%E5%B9%B4.html",:未輸 法說會影音連結資訊:https://www.youtube.com/watch?v=OnbjJRDqE5s ,"無","查詢"
"6558","興能高","113/05/28","14:30","線上法人說明會","本公司受邀參加由富邦證券舉辦之線上法人說明會","655820240528M001.pdf","655820240528E001.pdf","https://www.synst.com.tw/zh-tw/a4-1206-6282/2024%E5%B9%B4.html",法說會影音連結資訊:https://www.youtube.com/watch?v=V3ejF3xEg04 ,"無","查詢"
"6573","虹揚-KY","113/05/22","14:00","線上法說會","本公司受邀參加康和證券舉辦之線上法人說明會，主要內容為公司營運概況及展望說明。","657320240521M001.pdf","657320240521E001.pdf","https://www.hygroup.com.tw/tw-ww/investors/conference.aspx",中文影音檔網址:6573_13_20240522_ch.mp4 ,"報名網址：https://reurl.cc/NAGd66","查詢"
"6573","虹揚-KY","113/11/26","14:00","線上法說會","本公司受邀參加康和證券舉辦之線上法人說明會，主要內容為公司營運概況及展望說明。","657320241125M001.pdf","657320241125E001.pdf","https://www.hygroup.com.tw/tw-ww/investors/conference.aspx",中文影音檔網址:6573_14_20241126_ch.mp4 ,"報名網址：https://reurl.cc/NAGd66","查詢"
"6579","研揚","113/11/27","14:30","線上會議","說明公司營運及財務相關狀況","657920241126M001.pdf","657920241126E001.pdf","https://www.aaeon.com/tw/article/detail/investors-conference",法說會影音連結資訊:https://www.youtube.com/watch?v=XFTHeF0hwEQ ,"無","查詢"
"6581","鋼聯","113/07/31","14:30","康和證券總公司(台北市信義區基隆路1段176號B2會議室)","本公司受邀參加康和證券舉辦之法人說明會，說明本公司之營運、財務及業務狀況。","658120240731M001.pdf","658120240731E001.pdf","https://www.tsutw.com.tw/",同步收看網址：:https://tsutw.webex.com/meet/tsu1021 ,"無。","查詢"
"6581","鋼聯","113/04/30","14:00","線上法說會","本公司受邀參加康和證券舉辦之法人說明會，說明本公司之營運、財務及業務狀況。","658120240430M001.pdf","658120240430E001.pdf","https://www.tsutw.com.tw/",同步收看網址：:https://tsutw.webex.com/meet/tsu1021 法說會影音連結資訊:https://www.youtube.com/@user-re4up7di7l ,"無。","查詢"
"6581","鋼聯","113/03/12","14:30","康和證券總公司(台北市信義區基隆路1段176號B2會議室)","本公司受邀參加康和證券舉辦之法人說明會，說明本公司之營運、財務及業務狀況。","658120240312M001.pdf","658120240312E001.pdf","https://www.tsutw.com.tw/",同步收看網址：:https://tsutw.webex.com/meet/tsu1021 法說會影音連結資訊:https://www.youtube.com/@user-re4up7di7l ,"無。","查詢"
"6581","鋼聯","113/10/30","14:00","線上法說會","本公司受邀參加康和證券舉辦之法人說明會，說明本公司之營運、財務及業務狀況。","658120241030M001.pdf","658120241030E001.pdf","https://www.tsutw.com.tw/",同步收看網址：:https://tsutw.webex.com/meet/tsu1021 ,"無。","查詢"
"6582","申豐","113/08/13","14:00","永豐金證券(台北市重慶南路一段2號18樓)","本公司受邀法人說明會，說明營運結果","658220240813M001.pdf","658220240813E001.pdf","https://www.shinfoong.com.tw/download.asp?it=9&amp;id=337",中文影音檔網址:6582_13_20240813_ch.mp4 ,"無","查詢"
"6585","鼎基","113/05/21","14:30","台北市寶慶路69號4樓會議室","本公司受邀參加元大證券舉辦之法人說明會，說明本公司營運現況及所屬產業未來展望。","658520240517M001.pdf","658520240517E001.pdf","https://www.dingzing.com/tw/IRInvestor#gsc.tab=0",中文影音檔網址:6585_4_20240521_ch.mp4 ,"會後將於公開資訊觀測站公告相關資訊","查詢"
"6585","鼎基","113/08/08","14:30","台北市松山區東興路8號13樓會議室","本公司受邀參加統一證券舉辦之法人說明會。","658520240808M001.pdf","658520240808E001.pdf","https://www.dingzing.com/tw/IRInvestor#gsc.tab=0",中文影音檔網址:6585_5_20240808_ch.mp4 ,"會後將於公開資訊觀測站公告相關資訊","查詢"
"6589","台康生技","113/03/13","15:00","台北君悅酒店(台北市信義區松壽路2號3F)","本公司受邀參加元大證券第一季投資論壇， 說明本公司營運概況、財務及業務相關資訊。","658920240313M001.pdf","658920240313E001.pdf","https://zh-tw.eirgenix.com",中文影音檔網址:6589_31_20240313_ch.mp4 ,"無","查詢"
"6589","台康生技","113/06/26","15:00","集思交通部國際會議中心202會議室 
台北市中正區杭州南路一段24號2樓","本公司受邀參加凱基證券舉辦之法人說明會，說明本公司營運概況、財務及業務相關資訊。","658920240626M001.pdf","658920240626E001.pdf","https://zh-tw.eirgenix.com","","無","查詢"
"6589","台康生技","113/09/18","15:30","台北市松山區東興路8號13樓（統一證券大樓）","本公司受邀參加統一證券舉辦之法人說明會，說明本公司營運概況、財務及業務相關資訊。","658920240918M001.pdf","658920240918E001.pdf","https://zh-tw.eirgenix.com","","無","查詢"
"6589","台康生技","113/12/11","15:30","&#29319;亞會議中心15樓FF會議室
（台北市復興北路99號15樓）","本公司受邀參加凱基證券舉辦之法人說明會，說明本公司營運概況、財務及業務相關資訊。","658920241211M001.pdf","658920241211E001.pdf","https://zh-tw.eirgenix.com","","無","查詢"
"6591","動力-KY","113/11/27","14:00","線上法說會","本公司受邀參加康和證券所舉辦之線上法說會，會中說明本公司營運狀況","659120241126M001.pdf","659120241126E001.pdf","https://www.sun-max.com.tw/investor_tw.php?id=20",法說會影音連結資訊:https://youtu.be/9aBVsPvWdJw ,"無","查詢"
"6591","動力-KY","113/03/27","15:30","集思北科大會議中心(台北市大安區忠孝東路三段1號2樓)","公告本公司受邀參加凱基證券與IR Trust共同舉辦之2024年探索全球景氣新投資亮點主題式投資論壇","659120240326M001.pdf","659120240326E001.pdf","https://www.sun-max.com.tw/investor_tw.php?id=20",:未輸 法說會影音連結資訊:https://youtu.be/vXWtyHSuQ0E ,"無","查詢"
"6592","和潤企業","113/11/20","14:30","線上法人說明會","本公司受邀參加台新證券舉辦之線上法說會，會中說明本公司2024年第三季營運概況。","659220241119M001.pdf","659220241119E001.pdf","https://www.hfcfinance.com.tw/zh-tw/investor/conference","","報名請洽https://reurl.cc/YqZde4","查詢"
"6592","和潤企業","113/03/26","14:30","線上法人說明會","本公司受邀參加台新證券舉辦之線上法說會，會中說明本公司2023年度營運成果。","659220240326M001.pdf","659220240326E001.pdf","https://www.hfcfinance.com.tw/zh-tw/investor/conference",中文影音檔網址:6592_19_20240326_ch.mp4 ,"報名請洽https://tswww.tssco.com.tw/conference/?seqno=163","查詢"
"6592","和潤企業","113/08/14","14:30","線上法人說明會","本公司受邀參加台新證券舉辦之線上法說會，會中說明本公司2024年第二季營運概況。","659220240814M001.pdf","659220240814E001.pdf","https://www.hfcfinance.com.tw/zh-tw/investor/conference",中文影音檔網址:6592_21_20240814_ch.mp4 ,"報名請洽https://reurl.cc/93zW9X","查詢"
"6592","和潤企業","113/05/22","14:30","線上法人說明會","本公司受邀參加台新證券舉辦之線上法說會，會中說明本公司2024年第一季營運概況。","659220240522M001.pdf","659220240522E001.pdf","https://www.hfcfinance.com.tw/zh-tw/investor/conference",中文影音檔網址:6592_20_20240522_ch.mp4 ,"報名請洽https://tswww.tssco.com.tw/conference/?seqno=174","查詢"
"6598","ABC-KY","113/08/29","14:30","地點：張榮發基金會會議中心(台北市中正區中山南路11號10樓1006室)","本公司受邀參加台新綜合證券舉辦財務業務說明會。
報名連結：https://www.tssco.com.tw/earnings_call_registrations_settings/earnings_call_registrations_settings/15
聯絡電話：02-4050-9799","659820240828M001.pdf","659820240828E001.pdf","",中文影音檔網址:6598_21_20240829_ch.MP4 ,"召開法人說明會時間：113年08月29日(四) 14:30 (14:00 來賓報到) 。","查詢"
"6605","帝寶","113/06/28","15:30","台北市松山區南京東路五段188號15樓 會議室","本公司受邀參加國票綜合證券舉辦之法人說明會，向法人說明本公司營運概況。","660520240626M001.pdf","660520240626E001.pdf","https://www.depoautolamp.com/investor_tw_1.php",法說會影音連結資訊:https://drive.google.com/file/d/1e0T9ICEz9iMtouGwLB7s4wX2G6N4JbII/view?usp=drive_link ,"無","查詢"
"6605","帝寶","113/03/29","15:30","台北市松山區南京東路五段188號15樓 會議室","本公司受邀參加國票綜合證券舉辦之法人說明會，向法人說明本公司營運概況。","660520240327M001.pdf","660520240327E001.pdf","",法說會影音連結資訊:https://drive.google.com/file/d/1IczmkFbJZluIa1VgeutE0Elf5UCKCAUi/view?usp=sharing ,"無","查詢"
"6605","帝寶","113/09/20","14:00","台北市松山區南京東路五段188號15樓 會議室","本公司受邀參加國票綜合證券舉辦之法人說明會，向法人說明本公司營運概況。","660520240919M001.pdf","660520240919E001.pdf","",法說會影音連結資訊:https://drive.google.com/file/d/1i92F29z0nNmzjXk_i2um8c-cBLWnKKaK/view?usp=sharing ,"無","查詢"
"6606","建德工業","113/12/11","14:30","線上法說會","受邀參加元富證券舉辦線上法人說明會，會中就本公司已公開發布之營運及財務業務狀況做說明。","660620241211M001.pdf","660620241211E001.pdf","https://kentind.com/corporate_governance-5/",中文影音檔網址:6606_2_20241211_ch.mp4 ,"無","查詢"
"6614","資拓宏宇","113/08/28","14:30","台北大倉久和飯店久和廳(台北市中山區南京東路一段9號3樓)","本公司受邀台新綜合證券舉辦之興櫃前法人說明會，說明本公司未來營運展望","661420240828M001.pdf","661420240828E001.pdf","https://www.iisigroup.com/","","無","查詢"
"6625","必應","113/12/19","14:30","台北市中山區建國北路一段96號B1 (台証金融大樓)","本公司受邀參加台新證券舉辦之法人說明會，報告本公司營運狀況。","662520241219M001.pdf","662520241219E001.pdf","https://www.bin-live.com/",中文影音檔網址:6625_8_20241219_ch.MP4 ,"無","查詢"
"6641","基士德-KY","113/03/27","16:30","台北市信義區信義路五段7號1樓(證券交易所資訊展示中心)","本公司受邀參加臺灣證券交易所舉辦之財務業務說明會，說明本公司之營運概況。","664120240326M001.pdf","664120240326E001.pdf","https://www.gsd.net.tw/",同步收看網址：:http://webpro.twse.com.tw/ 法說會影音連結資訊:https://webpro.twse.com.tw/WebPortal/vod/101/E7EC82F4C811-A39F87D8-EC1A-11EE-A5C9/?categoryId=101 ,"無","查詢"
"6641","基士德-KY","113/05/20","15:30","台北市信義區信義路五段7號1樓(證券交易所資訊展示中心)","本公司受邀參加臺灣證券交易所舉辦之財務業務說明會，說明本公司之營運概況。","664120240515M001.pdf","664120240515E001.pdf","https://www.gsd.net.tw/",同步收看網址：:http://webpro.twse.com.tw/ 法說會影音連結資訊:https://webpro.twse.com.tw/WebPortal/vod/101/F3FB77541C26-ABCD09E0-1684-11EF-A979/?categoryId=101 ,"無","查詢"
"6641","基士德-KY","113/09/03","16:30","台北市信義區信義路五段7號1樓(證券交易所資訊展示中心)","本公司受邀參加臺灣證券交易所舉辦之財務業務說明會，說明本公司之營運概況。","664120240830M001.pdf","664120240830E001.pdf","https://www.gsd.net.tw/",同步收看網址：:http://webpro.twse.com.tw/ 法說會影音連結資訊:https://webpro.twse.com.tw/WebPortal/vod/101/F305E4EF4A67-371DE078-69D5-11EF-93AD/?categoryId=101 ,"無","查詢"
"6645","金萬林-創","113/01/16","14:50","臺灣證券交易所(101大樓)1樓資訊展示中心","本公司受邀臺灣證券交易所主辦之創新板主題式業績發表會","664520240115M001.pptx","664520240115E001.pptx","https://www.kimforest.com/index.php?action=investors",同步收看網址：:https://webpro.twse.com.tw/webportal/?liveChannelId=1 法說會影音連結資訊:https://webpro.twse.com.tw/webportal/vod/101/D5A48759DF86-D041C8E9-B441-11EE-8BD2/?categoryId=101 ,"相關資訊請至公開資訊觀測站之法人說明會一覽表或法說會項目下查閱。","查詢"
"6645","金萬林-創","113/04/09","16:10","臺灣證券交易所(101大樓)1樓資訊展示中心","本公司受邀臺灣證券交易所主辦之113年「生技醫療產業」主題式業績發表會","664520240408M003.pdf","664520240408E003.pdf","https://www.kimforest.com/index.php?action=investors",同步收看網址：:https://webpro.twse.com.tw/webportal/?liveChannelId=1 法說會影音連結資訊:https://webpro.twse.com.tw/WebPortal/vod/101/AFA37D874E81-9A552523-F64D-11EE-B985/?categoryId=101 ,"相關資訊請至公開資訊觀測站之法人說明會一覽表或法說會項目下查閱。","查詢"
"6645","金萬林-創","113/08/28","10:40","台北文創6樓 (台北市信義區菸廠路88號6F)","本公司受邀參加2024台灣創投年會法人說明會，說明本公司業務及財務相關資訊。 參加方式及相關資料請詳台灣創投年會首頁: (https://tvca-summit.tvca.org.tw/event)","664520240827M001.pdf","664520240827E001.pdf","https://www.kimforest.com/index.php?action=investors",法說會影音連結資訊:https://webpro.twse.com.tw/webportal/vod/101/?categoryId=101 ,"相關資訊請至公開資訊觀測站之法人說明會一覽表或法說會項目下查閱。","查詢"
"6655","科定","113/08/23","14:00","線上法說會","本公司受邀參加中國信託證券舉辦之法人說明會，說明本公司近期營運概況。","665520240822M001.pdf","665520240822E001.pdf","https://www.twkd.com/tw/investor_shareholders.php",中文影音檔網址:6655_9_20240823_ch.mp4 ,"無","查詢"
"6655","科定","113/12/16","14:00","線上法說會","本公司受邀參加中國信託證券舉辦之法人說明會，說
明本公司近期營運概況。","665520241213M001.pdf","665520241213E001.pdf","https://www.twkd.com/tw/investor_shareholders.php",中文影音檔網址:6655_10_20241216_ch.mp4 ,"無","查詢"
"6657","華安","113/04/11","14:00","臺灣證券交易所(101大樓)1樓資訊展示中心(台北市信義路五段7號1樓)","本公司受邀參加臺灣證券交易所與永豐金證券所共同舉辦之「生技醫療產業」主題式業績發表會，說明本公司營運概況。","665720240411M001.pdf","665720240411E001.pdf","https://www.energenesis-biomedical.com/invest_juridical.php",法說會影音連結資訊:https://webpro.twse.com.tw/webportal/vod/101/AFA37D874E81-B556E3B9-F7D1-11EE-B985/?categoryId=101 ,"無","查詢"
"6658","聯策","113/08/28","11:20","台北文創6F(台北市信義區菸廠路88號)","受邀參加元富證券2024年秋季投資論壇，說明本公司營運及業務狀況。","665820240827M001.pdf","665820240827E001.pdf","https://www.synpower.com.tw/",法說會影音連結資訊:https://www.youtube.com/watch?v=4G7UU6dsnWg ,"無","查詢"
"6658","聯策","113/12/24","15:30","線上法人說明會","受邀參加元富證券舉辦之線上法人說明會，說明本公司營運及業務狀況","665820241224M002.pdf","665820241224E002.pdf","https://www.synpower.com.tw",法說會影音連結資訊:https://www.youtube.com/watch?v=j6PMx4z3SvQ ,"無","查詢"
"6666","羅麗芬-KY","113/03/18","14:30","台北市敦化南路二段97號11樓","本公司受邀參加元富證券舉辦之法說會，說明本公司營運概況。","666620240318M001.pdf","666620240318E001.pdf","https://luolifen.com/tc/join1-33.html",法說會影音連結資訊:https://www.youtube.com/watch?v=tYzEk4z29Us ,"無","查詢"
"6668","中揚光","113/05/28","14:30","台北市寶慶路69號4樓(元大證券寶慶大樓)","受邀參加元大證券舉辦之法人說明會","666820240523M001.pdf","666820240523E001.pdf","http://www.zy-tech.com.tw/page/about/index.aspx?kind=36",法說會影音連結資訊:http://www.zy-tech.com.tw/page/about/index.aspx?kind=36 ,"相關資訊將依規定揭露於公開資訊觀測站。","查詢"
"6668","中揚光","113/12/12","16:00","線上法說會","本公司受邀參加元大證券舉辦之線上法說會，報告本公司營運狀況。","666820241211M001.pdf","666820241211E001.pdf","http://www.zy-tech.com.tw/page/about/index.aspx?kind=36",法說會影音連結資訊:https://youtu.be/h2grqiZ3nAc ,"完整財務業務資訊請至公開資訊觀測站之法人說明會一覽表或法說會項目下查閱。","查詢"
"6669","緯穎","113/02/27","15:00","線上法人說明會","本公司受邀參加Citi Research舉辦之線上法人說明會","666920240226M001.pdf","666920240226E001.pdf","https://www.wiwynn.com/zh/investors/shareholders-services#investor-conference","","無","查詢"
"6669","緯穎","113/05/16 至 113/05/17","09:00","日本東京","本公司受邀參加櫃買中心與元富證券於日本共同舉辦之「櫃買中心x元富證券日本東京海外企業日」法說會","666920240515M001.pdf","666920240515E001.pdf","https://www.wiwynn.com/zh/investors/shareholders-services#investor-conference","","無","查詢"
"6669","緯穎","113/06/11","15:00","線上法人說明會","本公司受邀參加UBS Securities舉辦之線上法人說明會","666920240515M001.pdf","666920240515E001.pdf","https://www.wiwynn.com/zh/investors/shareholders-services#investor-conference",中文影音檔網址:6669_49_20240611_ch.mp3 ,"無","查詢"
"6669","緯穎","113/08/16","15:00","線上法人說明會","本公司受邀參加Macquarie Capital Equities Research舉辦之線上法人說明會","666920240812M001.pdf","666920240812E001.pdf","https://www.wiwynn.com/zh/investors/shareholders-services#investor-conference",中文影音檔網址:6669_51_20240816_ch.mp4 ,"無","查詢"
"6669","緯穎","113/06/17 至 113/06/19","14:00","線上法人說明會","本公司受邀參加花旗於113年6月17日至19日舉辦之線上法人說明會","666920240515M001.pdf","666920240515E001.pdf","https://www.wiwynn.com/zh/investors/shareholders-services#investor-conference","","無","查詢"
"6670","復盛應用","113/05/08","14:00","台北市松山區南京東路五段188號15樓","本公司受邀參加國票證券舉辦之法人說明會，說明本公司之營運狀況。","667020240508M001.pdf","667020240508E001.pdf","https://www.fusheng-precision.com/copy-of-8","","無","查詢"
"6670","復盛應用","113/03/28","14:30","線上法說會","本公司受邀參加富邦證券舉辦之法人說明會，說明本公司營運狀況。","667020240328M001.pdf","667020240328E001.pdf","https://www.fusheng-precision.com/copy-of-8",中文影音檔網址:6670_27_20240328_ch.mp4 ,"無","查詢"
"6670","復盛應用","113/12/04","09:30","台北市中山北路二段39巷3號4樓(晶華酒店4F)","受邀參加元大證券辦理之第四季投資論壇","667020241203M001.pdf","667020241203E001.pdf","https://www.fusheng-precision.com/copy-of-8","","無","查詢"
"6670","復盛應用","113/09/05","15:30","台北市信義路四段236號7樓","(1)本公司受邀參加宏遠證券舉辦之法人說明會,說明本公司之營運狀況
(2)報名窗口:宏遠證券股份有限公司 法人部 -王悅敏(Michelle) ,
電話:(02)2700-8899 分機2179 michelle.wang@honsec.com.tw","667020240906M001.pdf","667020240906E001.pdf","https://www.fusheng-precision.com/copy-of-8","","無","查詢"
"6670","復盛應用","113/11/19","14:30","台北市南京東路二段111號5樓
(富邦南京大樓5樓)","(1)本公司受邀參加富邦證券舉辦之法人說明會，說明本公司之營運狀況。
(2)報名窗口：富邦投資銀行 moca.wu@fubon.com","667020241119M001.pdf","667020241119E001.pdf","https://www.fusheng-precision.com/copy-of-8",中文影音檔網址:6670_30_20241119_ch.mp4 ,"無","查詢"
"6671","三能-KY","113/04/02","16:30","台北市信義路5段7號（臺灣證券交易所1樓資訊展示中心）","本公司受邀參加臺灣證券交易所舉辦之『113年第1季第一上市公司及創新板公司法人說明會』，說明本公司2023年度營業成果及未來營運展望。","667120240401M001.pdf","667120240401E001.pdf","https://sannenggroup.com/investors-2/shareholders/",同步收看網址：:https://webpro.twse.com.tw/webportal/?liveChannelId=1 法說會影音連結資訊:https://reurl.cc/13DznV ,"無","查詢"
"6671","三能-KY","113/12/12","14:30","台北市松山區東興路8號(統一綜合證券股份有限公司)","本公司受邀參加統一綜合證券(股)公司所舉辦之法人說明會，說明本公司2024年第3季營業成果及未來營運展望。","667120241211M002.pdf","667120241211E002.pdf","https://sannenggroup.com/investors-2/shareholders/",法說會影音連結資訊:https://reurl.cc/Q54NoO ,"活動內容詢問電話：(02)2747-8266 #3729 李小姐","查詢"
"6672","騰輝電子-KY","113/06/21","14:00","台北市寶慶路69號4樓(元大證券)","主要向投資人說明本公司營運概況、財務及業務狀況","667220240613M001.pdf","667220240613E001.pdf","",中文影音檔網址:6672_15_20240621_ch.mp4 ,"無","查詢"
"6674","鋐寶科技","113/12/19","14:30","線上法說會","本公司受邀參加凱基證券舉辦之線上法人說明會，就本公司已公開發佈之訊息做說明。","667420241218M001.pptx","667420241218E001.pptx","https://www.icbn.com.tw",中文影音檔網址:6674_9_20241219_ch.mp4 ,"無","查詢"
"6689","伊雲谷","113/11/15","14:30","台北市中山區明水路700號12樓（凱基證券會議室）","本公司受邀參加凱基證券舉辦之法人說明會，說明本公司之營運概況、財務及業務相關資訊。","668920241115M001.pdf","668920241115E001.pdf","https://www.ecloudvalley.com/tw/p/investors-shareholder-services#",法說會影音連結資訊:https://youtu.be/akbu523YDRU ,"無","查詢"
"6689","伊雲谷","113/05/24","15:00","線上法說會","本公司受邀參加由CGS International Securities Pte. Ltd.舉辦之線上法說會「CGSI Tech &amp; EV Virtual Conference 2024」，說明本公司之營運概況、財務及業務相關資訊。","668920240524M001.pdf","668920240524E001.pdf","https://www.ecloudvalley.com/tw/p/investors-shareholder-services#","","無","查詢"
"6689","伊雲谷","113/04/12","15:00","台北市中山區建國北路一段96號B1會議室(台証大樓-台新證券股務代理部)","本公司受邀參加台新證券舉辦之法人說明會，說明本公司之營運概況、財務及業務相關資訊。","668920240412M001.pdf","668920240412E001.pdf","https://www.ecloudvalley.com/tw/p/investors-shareholder-services#",法說會影音連結資訊:https://youtu.be/Q5M9tfZAbL0 ,"無","查詢"
"6689","伊雲谷","113/08/29","14:30","台北市松山區東興路8號13樓(統一證券大樓)","本公司受邀參加統一綜合證券舉辦之法人說明會，說明本公司之營運概況、財務及業務相關資訊。","668920240829M001.pdf","668920240829E001.pdf","https://www.ecloudvalley.com/tw/p/investors-shareholder-services#","","無","查詢"
"6689","伊雲谷","113/09/11","15:20","台北市忠孝東路三段1號3樓(台北集思北科大會議中心)","本公司受邀參加凱基證券舉辦之2024年第三季投資論壇，說明本公司之營運概況、財務及業務相關資訊。","668920240911M001.pdf","668920240911E001.pdf","https://www.ecloudvalley.com/tw/p/investors-shareholder-services#","","無","查詢"
"6691","洋基工程","113/08/13","14:30","臺北市信義區菸廠路88號6樓(臺北文創大樓)","本公司受邀參加富邦綜合證券舉辦之法人說明會","669120240813M002.pdf","669120240813E002.pdf","https://www.yankey.com.tw/investment/43/4-1/179/",法說會影音連結資訊:https://www.youtube.com/watch?v=Ubez_pj2aIg ,"欲報名參加者，請以E-mail回覆 富邦法人業務部 Ivy (E-mail: tingju.yeh@fubon.com)","查詢"
"6691","洋基工程","113/08/21","10:10","線上法說會(台灣)","本公司受邀參加由寬量國際主辦之線上法說會「QIC Semiconductor Day」，說明本公司之營運概況、財務及業務相關資訊。","669120240820M001.pdf","669120240820E001.pdf","https://www.yankey.com.tw/investment/43/4-1/179/","","無。","查詢"
"6691","洋基工程","113/12/06","15:40","台北遠東香格里拉飯店 B1會議室","本公司將受邀參加國泰證券舉辦之「2024年第四季論壇」","669120241206M001.pdf","669120241206E001.pdf","https://www.yankey.com.tw/investment/43/4-1/179/","","無","查詢"
"6695","芯鼎","113/11/29","14:00","福邦證券(台北市忠孝西路一段6號7樓)","本公司應福邦證券之邀請，於該公司舉辦法人座談會，將於會中就已公開之2024年第三季財務及業務等相關資訊做說明。","669520241129M001.pdf","669520241129E001.pdf","https://www.icatchtek.com/Analysts",法說會影音連結資訊:https://www.icatchtek.com/Analysts ,"完整財務業務資訊請至公開資訊觀測站之法人說明會一覽表或法說會項目下查閱。","查詢"
"6698","旭暉應材","113/12/24","16:00","線上法說會","113年度旭暉應用材料股份有限公司線上法人說明會","669820241220M002.pdf","669820241220E002.pdf","https://www.fine-mat.com/investor/investor_5/",中文影音檔網址:6698_6_20241224_ch.mp4 ,"法說會報名網址 https://forms.gle/E7h9QdQBST1vDHM37","查詢"
"6706","惠特","113/08/14","14:30","KGI凱基證券總部大樓(台北市明水路700號12樓)","本公司受邀參加凱基證券舉辦之法人說明會，說明本公司營運概況以及未來展望。","670620240813M001.pdf","670620240813E001.pdf","https://zh-tw.fittech.com.tw/news",中文影音檔網址:6706_10_20240814_ch.mp4 ,"無。","查詢"
"6715","嘉基","113/04/17","14:30","南港中信金融園區B棟20樓C廳(南港區經貿二路188號20樓C廳)","本公司受邀參加中信證券舉辦之法人說明會","671520240417M001.pdf","671520240417E001.pdf","https://www.lintestech.com/investors/corporate-briefing/",法說會影音連結資訊:https://www.youtube.com/watch?v=pNQnVqOns6U ,"無","查詢"
"6715","嘉基","113/09/19","15:00","台北晶華酒店","本公司受邀參加元大證券舉辦之「2024年元大證券第三季投資論壇」","671520240919M001.pdf","671520240919E001.pdf","https://www.lintestech.com/investors/corporate-briefing/",法說會影音連結資訊:https://youtu.be/d5K-zOHVQCI ,"無","查詢"
"6719","力智","113/02/23","14:30","線上","本公司受邀參加福邦證券舉辦之線上法人說明會","671920240223M001.pdf","671920240223E001.pdf","https://www.upi-semi.com/tw-article-upi-734-2439",法說會影音連結資訊:https://youtu.be/7e_1-z_LZ1E ,"無","查詢"
"6719","力智","113/05/03","14:30","線上","本公司受邀參加福邦證券舉辦之線上法人說明會","671920240503M001.pdf","671920240503E001.pdf","https://www.upi-semi.com/tw-article-upi-734-2439","","無","查詢"
"6719","力智","113/08/06","14:30","線上","本公司受邀參加福邦證券舉辦之線上法人說明會","671920240806M001.pdf","671920240806E001.pdf","https://www.upi-semi.com/tw-article-upi-734-2439",法說會影音連結資訊:https://youtu.be/x-SpNzyHwfg ,"無","查詢"
"6719","力智","113/11/04","14:30","線上","本公司受邀參加福邦證券舉辦之線上法人說明會","671920241104M001.pdf","671920241104E001.pdf","https://www.upi-semi.com/投資人關係/法人說明會/?lang=zh-hant","","無","查詢"
"6742","澤米","113/05/24","11:00","W Hotel(台北市信義區忠孝東路五段10號11樓)","本公司受邀參與中國信託證券2024第二季前瞻論壇","674220240523M001.pdf","674220240523E001.pdf","",中文影音檔網址:6742_5_20240524_ch.MP4 ,"相關資訊請至公開資訊觀測站之法人說明會一覽表或法說會項目下查閱。","查詢"
"6743","安普新","113/12/10","14:30","台北市南港區經貿二路188號13樓1302會議室(中信金控總部B棟13樓)","本公司受邀參加中國信託證券舉辦之法人說明會","674320241210M001.pdf","674320241210E001.pdf","https://www.ampacscorp.com/zh-tw/ir/internal",法說會影音連結資訊:https://drive.google.com/file/d/1LZ825ZDj6RWH0b0lhgnq5na0Pl3it7cN/view?usp=sharing ,"無","查詢"
"6753","龍德造船","113/12/30","14:30","台北市大安區仁愛路三段157號3樓國際會議廳D(元大金融廣場)","本公司受元大證券邀請，將於上述時間地點，向投資人報告本公司營運狀況。","675320250102M001.pdf","675320250102E001.pdf","https://www.lungteh.com/tc/investor_detail9_0_0.htm",中文影音檔網址:6753_3_20241230_ch.mp4 ,"無","查詢"
"6754","匯僑設計","113/11/18","14:30","線上法人說明會–Webex","本公司受邀參加凱基證券舉辦之法人說明會，為各界先進說明公司前三季營運成果及展望","675420241118M001.pdf","675420241118E001.pdf","https://www.richhonour.com/tw/investors.html",中文影音檔網址:6754_6_20241118_ch.mp4 ,"無","查詢"
"6756","威鋒電子","113/05/09","14:30","線上法說會","本公司受邀參加凱基證券舉辦之線上法人說明會，就本公司已公開發佈之訊息作說明。","675620240509M001.pptx","675620240509E001.pptx","https://www.via-labs.com/investor_activity.php",中文影音檔網址:6756_8_20240509_ch.mp4 ,"無","查詢"
"6756","威鋒電子","113/10/29","14:30","線上法說會","本公司受邀參加凱基證券舉辦之線上法人說明會，就本公司已公開發佈之訊息作說明。","675620241029M001.pptx","675620241029E001.pptx","https://www.via-labs.com/investor_activity.php",中文影音檔網址:6756_9_20241029_ch.mp4 ,"無","查詢"
"6757","台灣虎航","113/04/02","15:30","臺灣證券交易所(101大樓)1樓資訊展示中心(台北市信義區信義路5段7號1樓)","本公司受邀參加臺灣證券交易所舉辦之法人說明會，說明本公司營運概況。","675720240402M001.pdf","675720240402E001.pdf","https://www.tigerairtw.com/zh-tw/about-tigerair/investors",同步收看網址：:https://webpro.twse.com.tw/webportal/?liveChannelId=1 法說會影音連結資訊:https://webpro.twse.com.tw/WebPortal/vod/101/FF1356A7F8E2-6359B7AB-F0CD-11EE-9CD6/?categoryId=101 ,"無","查詢"
"6757","台灣虎航","113/11/05","14:30","台北艾美酒店三樓翡翠珍珠廳(台北市信義區松仁路38號)","(1)本公司依「台灣證券交易所股份有限公司有價證券初次上市前業績發表會實施要點規定」，辦理改列上市前業績發表會。 

(2)本次業績發表會將由本公司經營團隊說明產業發展、財務業務狀況、未來風險、公司治理及企業社會責任、其他補充揭露事項等。","675720241104M001.pdf","675720241104E001.pdf","https://www.tigerairtw.com/zh-tw/about-tigerair/investors",法說會影音連結資訊:https://youtu.be/X9mnNTLrUVw ,"無","查詢"
"6768","志強-KY","113/07/23","14:30","元大證券(台北市寶慶路69號4樓會議室)","本公司受邀參加元大證券舉辦之法人說明會，說明公司業務及營運概況","676820240722M001.pdf","676820240722E001.pdf","","","無","查詢"
"6768","志強-KY","113/04/24","14:30","元大證券(台北市寶慶路69號4樓會議室)","本公司受邀參加元大證券舉辦之法人說明會，說明公司業務及營運概況","676820240423M001.pdf","676820240423E001.pdf","",中文影音檔網址:6768_14_20240424_ch.mp4 ,"無","查詢"
"6768","志強-KY","113/12/04","13:30","台北晶華酒店4F","受邀參加元大證券辦理之第四季投資論壇","676820241203M001.pdf","676820241203E001.pdf","",中文影音檔網址:6768_16_20241204_ch.mp4 ,"無","查詢"
"6770","力積電","113/07/16","15:00","線上","(1)本公司2024年第二季財務暨營運報告。
(2)參加方式：https://wms.gridow.com/ir/psmc/psmc_24Q2.html","677020240716M001.pdf","677020240716E001.pdf","https://www.powerchip.com/",同步收看網址：:https://wms.gridow.com/ir/psmc/psmc_24Q2.html 法說會影音連結資訊:https://wms.gridow.com/ir/psmc/psmc_24Q2.html ,"無。","查詢"
"6770","力積電","113/02/19 至 113/02/20","11:00","台北君悅酒店","本公司受邀參加J.P. Morgan舉辦之「Taiwan CEO-CFO Conference 2024」，就公司營運概況向投資機構做說明。","677020240216M001.pdf","677020240216E001.pdf","https://www.powerchip.com/","","無。","查詢"
"6770","力積電","113/11/25","11:00","台北遠東香格里拉","本公司受邀參加花旗證券舉辦之「Citi’s 2024 Taiwan Corporate Day」，就公司營運概況向投資機構做說明。","677020241122M001.pdf","677020241122E001.pdf","https://www.powerchip.com/","","無。","查詢"
"6770","力積電","113/01/18","15:30","線上","(1)本公司2023年第四季財務暨營運報告。
(2)參加方式：https://wms.gridow.com/ir/psmc/psmc_23Q4.html","677020240118M002.pdf","677020240118E002.pdf","https://www.powerchip.com/",同步收看網址：:https://wms.gridow.com/ir/psmc/psmc_23Q4.html 法說會影音連結資訊:https://wms.gridow.com/ir/psmc/psmc_23Q4.html ,"無。","查詢"
"6770","力積電","113/04/15","15:00","線上","(1)本公司2024年第一季財務暨營運報告。
(2)參加方式：https://wms.gridow.com/ir/psmc/psmc_24Q1.html","677020240415M001.pdf","677020240415E001.pdf","https://www.powerchip.com/",同步收看網址：:https://wms.gridow.com/ir/psmc/psmc_24Q1.html 法說會影音連結資訊:https://wms.gridow.com/ir/psmc/psmc_24Q1.html ,"無。","查詢"
"6770","力積電","113/03/19 至 113/03/21","14:00","台北君悅酒店","本公司受邀參加BofA Securities舉辦之「2024 APAC TMT Conference」，就公司營運概況向投資機構做說明。","677020240304M001.pdf","677020240304E001.pdf","https://www.powerchip.com/","","無。","查詢"
"6770","力積電","113/03/05","11:00","台北W Hotel","本公司受邀參加花旗證券舉辦之「Citi’s 2024 Taiwan Corporate Day」，就公司營運概況向投資機構做說明。","677020240304M001.pdf","677020240304E001.pdf","https://www.powerchip.com/","","無。","查詢"
"6770","力積電","113/06/03 至 113/06/04","11:00","The Ritz-Carlton, Millenia Singapore","本公司受邀參加Nomura舉辦之「Nomura Investment Forum Asia (NIFA) 2024, Singapore」，就公司營運概況向投資機構做說明。","677020240531M001.pdf","677020240531E001.pdf","https://www.powerchip.com/","","無。","查詢"
"6770","力積電","113/10/22","14:30","台北晶華酒店3樓宴會A廳(台北市中山北路二段39巷3號)","本公司2024年第三季財務暨營運報告。","677020241022M001.pdf","677020241022E001.pdf","https://www.powerchip.com/",法說會影音連結資訊:https://wms.gridow.com/ir/psmc/psmc_24Q3.html ,"無。","查詢"
"6770","力積電","113/09/23","11:00","台北W Hotel","本公司受邀參加UBS舉辦之「UBS Taiwan Summit 2024」，就公司營運概況向投資機構做說明。","677020240920M001.pdf","677020240920E001.pdf","https://www.powerchip.com/",英文影音檔網址:6770_44_20240923_en.mp4 ,"無。","查詢"
"6771","平和環保-創","113/04/24","14:30","台北君悅酒店3樓 凱悅廳II區(台北市松壽路2號)","本次業績發表會將由本公司經營團隊說明產業發展、財務業務狀況、未來風險、公司治理及企業社會責任、臺灣證券交易所股份有限公司董事會暨上市審議委員會要求補充揭露事項。","677120240423M001.pdf","677120240423E001.pdf","http://www.pinghounion.com.tw/page/about/index.aspx?kind=85&amp;lang=TW","","相關資訊請至公開資訊觀測站之法人說明會一覽表或法說會項目下查閱。","查詢"
"6776","展碁國際","113/07/16","14:00","宏碁大樓體驗中心(新北市汐止區新台五路一段88號1樓)","本公司受邀參加元富證券法人說明會，將於上述時間地點，
向法人投資者就已公開發佈之財務數字、經營績效等相關
資訊做說明。","677620240715M001.pdf","677620240715E001.pdf","","","無","查詢"
"6776","展碁國際","113/05/27","14:00","線上法說會","本公司受邀參加永豐金證券舉辦之線上法說會，會中就展碁國際已公開發佈之財務業務狀況進行說明。","677620240527M001.pdf","677620240527E001.pdf","",中文影音檔網址:6776_12_20240527_ch.mp4 ,"無","查詢"
"6776","展碁國際","113/03/22","14:00","Webex線上會議","本公司受邀參加群益金鼎證券舉辦之法人說明會，
將於上述時間地點，向法人投資者就已公開發佈之
財務數字、經營績效等相關資訊做說明。","677620240321M001.pdf","677620240321E001.pdf","",中文影音檔網址:6776_11_20240322_ch.mp4 ,"無","查詢"
"6776","展碁國際","113/12/16","14:30","台北市南港路三段9號11樓會議室","本公司受邀參加永豐金證券舉辦之法說會，會中就展碁國際已公開發佈之財務業務狀況進行說明。","677620241216M001.pdf","677620241216E001.pdf","","","無","查詢"
"6781","AES-KY","113/11/15","14:00","線上法說會","本公司受邀參加花旗證券舉辦之線上法說會","678120241202M001.pdf","678120241202E001.pdf","https://www.advancedenergysolution.com.tw/download.php?lang=tw&amp;tb=6&amp;cid=-1",法說會影音連結資訊:https://youtu.be/Zlc-O2b4fsE ,"說明公司目前營運與未來展望","查詢"
"6782","視陽","113/03/06","13:30","晶華酒店(台北市中山區中山北路二段39巷3號)","本公司受邀參加永豐金證券所舉辦之論壇，會中就本公司之財務數字、經營績效等相關資訊說明。","678220240306M001.pdf","678220240306E001.pdf","https://www.viscovision.com.tw/tw/investors_corporate.html",中文影音檔網址:6782_4_20240306_ch.mp4 ,"無","查詢"
"6782","視陽","113/11/20","14:00","線上法人說明會","本公司受邀參加永豐金證券所舉辦之線上法人說明會，會中就本公司之財務數字、經營績效等相關資訊說明","678220241120M001.pdf","678220241120E001.pdf","https://www.viscovision.com.tw/tw/investors_corporate.html",法說會影音連結資訊:未輸 ,"報名連結：https://www.surveycake.com/s/kgNDZ","查詢"
"6782","視陽","113/05/30","14:00","線上法人說明會","本公司受邀參加華南永昌證券所舉辦之線上法人說明會，會中就本公司之財務數字、經營績效等相關資訊說明","678220240530M001.pdf","678220240530E001.pdf","https://www.viscovision.com.tw/tw/investors_corporate.html",法說會影音連結資訊:未輸 ,"報名連結：https://forms.gle/xo5SgLKVuXLWccG6A","查詢"
"6782","視陽","113/09/11","14:00","台北集思北科大會議中心(台北市忠孝東路三段1號)","本公司受邀參加凱基證券所舉辦之論壇，會中就本公司之財務數字、經營績效等相關資訊說明。","678220240911M001.pdf","678220240911E001.pdf","https://www.viscovision.com.tw/tw/investors_corporate.html",中文影音檔網址:6782_8_20240911_ch.MP4 ,"相關資訊請洽凱基證券 黃小姐 (02)2181-8230","查詢"
"6789","采鈺","113/11/13","10:00","台北遠東香格里拉","本公司受邀113年11月13日參加CLST所舉辦之「Taiwan Market Mover 2025 Access Day」。","678920241112M001.pdf","678920241112E001.pdf","https://www.viseratech.com/tw/investor/operation-report/","","無","查詢"
"6789","采鈺","113/02/21","16:00","線上法人說明會","(1) 公布本公司2023年第四季財務報告及業績展望。
(2) 參加方式：請參見
https://www.viseratech.com/tw/investor/operation-report/","678920240221M001.pdf","678920240221E001.pdf","https://www.viseratech.com/tw/investor/operation-report/",同步收看網址：:https://www.viseratech.com/tw/investor/operation-report/ 法說會影音連結資訊:https://webpage-ott2b.cdn.hinet.net/webpage/watch?contentProvider=viseratech&v=74142 ,"無","查詢"
"6789","采鈺","113/08/01","15:00","線上法人說明會","(1) 受元大證券邀請舉辦中文線上法人說明會。
(2) 公布本公司2024年第二季財務報告及業績展望。
(3) 參加方式：請參見
https://www.viseratech.com/tw/investor/operation-report/","678920240801M001.pdf","678920240801E001.pdf","https://www.viseratech.com/tw/investor/operation-report/",同步收看網址：:https://webpage-ott2b.cdn.hinet.net/webpage/live?contentProvider=viseratech 法說會影音連結資訊:https://webpage-ott2b.cdn.hinet.net/webpage/watch?contentProvider=viseratech&v=74493 ,"無","查詢"
"6789","采鈺","113/03/04 至 113/03/15","10:00","台北","本公司113年3月4日受邀參加花旗證券舉辦之『2024 Taiwan Corporate Day』、113年3月15日參加國泰證券所舉辦之2024年第一季投資論壇。","678920240221M001.pdf","678920240221E001.pdf","https://www.viseratech.com/tw/investor/operation-report/","","無","查詢"
"6789","采鈺","113/06/12","13:30","台北晶華酒店","本公司受邀113年6月12日參加元大證券所舉辦之2024年第二季投資論壇","678920240606M001.pdf","678920240606E001.pdf","https://www.viseratech.com/tw/investor/operation-report/","","無","查詢"
"6789","采鈺","113/09/06 至 113/09/11","15:40","台北","本公司受邀113年9月6日參加國泰證券、113年9月11日參加第一金證券分別舉辦之2024年第三季投資論壇。","678920240801M001.pdf","678920240801E001.pdf","https://www.viseratech.com/tw/investor/operation-report/","","無","查詢"
"6789","采鈺","113/12/06","13:30","台北W Hotel","本公司受邀113年12月6日參加中國信託證券所舉辦之「2024年第4季前瞻論壇」。","678920241112M001.pdf","678920241112E001.pdf","https://www.viseratech.com/tw/investor/operation-report/","","無","查詢"
"6790","永豐實","113/05/23","14:00","線上法說會","本公司受邀參加元大證券線上法說會，說明2024年第一季度營運財務狀況及未來營運展望","679020240522M003.pdf","679020240522E003.pdf","https://www.yfycpg.com/zh-TW/investor/shareholder-services",法說會影音連結資訊:未輸 ,"無","查詢"
"6790","永豐實","113/11/27","14:00","線上法說會","本公司受邀參加元富證券線上法說會，說明2024年第三季度營運財務狀況及未來營運展望","679020241126M001.pdf","679020241126E001.pdf","https://www.yfycpg.com/zh-TW/investor/shareholder-services","","無","查詢"
"6790","永豐實","113/03/28","14:00","線上法說會","本公司受邀參加富邦證券線上法說會，說明2023年營運財務狀況及未來營運展望","679020240327M001.pdf","679020240327E001.pdf","https://www.yfycpg.com/zh-TW/investor/shareholder-services",中文影音檔網址:6790_12_20240328_ch.mp4 ,"無","查詢"
"6790","永豐實","113/08/29","14:00","線上法說會","本公司受邀參加富邦證券線上法說會，說明2024年第二季度營運財務狀況及未來營運展望","679020240828M001.pdf","679020240828E001.pdf","https://www.yfycpg.com/zh-TW/investor/shareholder-services",中文影音檔網址:6790_14_20240829_ch.mp4 ,"無","查詢"
"6792","詠業","113/07/30","15:00","線上法說會","本公司受邀參加群益金鼎證券於113年7月30日舉辦之線上投資法人說明會，向投資人說明113年
度第2季營業成果及未來營運展望","679220240730M001.pdf","679220240730E001.pdf","https://www.unictron.com",中文影音檔網址:6792_15_20240730_ch.mp4 ,"本次採 Zoom 視訊會議，線上法說報名網址：https://forms.gle/gtv8y6pf7FukNK9x6","查詢"
"6792","詠業","113/02/27","15:00","線上法說會","本公司受邀參加群益金鼎證券於113年2月27日舉辦之線上投資法人座談會，向投資人說明112年度營業成果及未來營運展望","679220240227M001.pdf","679220240227E001.pdf","https://www.unictron.com",中文影音檔網址:6792_13_20240227_ch.mp4 ,"本次採 Zoom 視訊會議，報名請至 https://forms.gle/TF5bbE8V5PTSPPee9 線上報名","查詢"
"6792","詠業","113/04/29","15:00","線上法說會","本公司受邀參加群益金鼎證券於113年4月29日舉辦之線上投資法人說明會，向投資人說明113年度第1季營業成果及未來營運展望","679220240429M001.pdf","679220240429E001.pdf","https://www.unictron.com",中文影音檔網址:6792_14_20240429_ch.mp4 ,"本次採 Zoom 視訊會議，線上法說報名網址：https://forms.gle/xzaGdaH4cBjVXxd16","查詢"
"6794","向榮生技","113/04/18","14:30","台北君悅酒店3樓凱悅廳I區(台北市信義區松壽路2號)","(一)本公司依「臺灣證券交易所股份有限公司有價證券初次上市前業績發表會實施要點」規定，於上市前辦理股票初次上市前業績發表會。
(二)本次業績發表會將由本公司經營團隊說明產業發展、財務業務狀況、未來風險、公司治理及企業社會責任、臺灣證券交易所股份有限公司董事會暨上市審議委員會要求補充揭露事項。","679420240417M001.pdf","679420240417E001.pdf","https://www.unicocell.com/","","相關資訊請至公開資訊觀測站之法人說明會一覽表或法說會項目下查閱。","查詢"
"6794","向榮生技","113/08/28","11:00","臺北文創6樓(台北市信義區菸廠路88號6F)","本公司受邀參加2024台灣創投年會法人說明會，說明本公司業務及財務相關資訊。參加方式及相關資料請詳台灣創投年會首頁: (https://tvca-summit.tvca.org.tw/event)","679420241015M001.pdf","679420241015E001.pdf","https://www.unicocell.com/",法說會影音連結資訊:https://webpro.twse.com.tw/webportal/vod/101/?categoryId=101 ,"無","查詢"
"6796","晉弘","113/06/28","14:30","南港中信金融園區B棟13樓1302會議室(台北市南港區經貿二路 188號13樓)","本公司受邀參加中國信託證券舉辦之法人說明會，說明本公司之營運概況與未來展望。","679620240628M001.pdf","679620240628E001.pdf","https://www.miis.com.tw/investor_1.php?lang=tw&amp;cid=134&amp;id=43",中文影音檔網址:6796_8_20240628_ch.MP4 ,"完整財務業務資訊請至公開資訊觀測站之法說會項目下查閱。","查詢"
"6796","晉弘","113/12/24","14:30","南港中信金融園區B棟13樓1302會議室(台北市南港區經貿二路 188號13樓)","本公司受邀參加中國信託證券舉辦之法人說明會，說明本公司之營運概況與未來展望。","679620241224M001.pdf","679620241224E001.pdf","https://www.miis.com.tw/investor_1.php?lang=tw&amp;cid=134&amp;id=43",中文影音檔網址:6796_9_20241224_ch.MP4 ,"完整財務業務資訊請至公開資訊觀測站之法說會項目下查閱。","查詢"
"6799","來頡","113/05/07","14:30","台北市寶慶路69號4樓會議室(元大證券)","本公司受邀參加元大證券舉辦之法人說明會，說明公司業務及營運概況。","679920240506M001.pdf","679920240506E001.pdf","https://www.m3tekic.com/?action=finance-report&amp;cid=3&amp;cid2=28","","無","查詢"
"6799","來頡","113/03/05","14:30","台北市寶慶路69號4樓會議室(元大證券)","本公司受邀參加元大證券舉辦之法人說明會，說明公司業務及營運概況。","679920240304M001.pdf","679920240304E001.pdf","https://www.m3tekic.com/?action=finance-report&amp;cid=3&amp;cid2=28","","無","查詢"
"6799","來頡","113/11/12","14:30","線上會議。","(1)本公司受邀參加元大證券舉辦之線上法人說明會，說明本公司113年第3季營運與財務概況。
(2)活動諮詢：元大證券投行部信箱underwriting.brk@yuanta.com","679920241112M001.pdf","679920241112E001.pdf","https://www.m3tekic.com/?action=finance-report&amp;cid=3&amp;cid2=28",中文影音檔網址:6799_9_20241112_ch.mp4 ,"無。","查詢"
"6805","富世達","113/04/18","09:00","新加坡","本公司受臺灣證券交易所邀請參加「臺星AI與科技」引資活動，說明本公司營運概況。","680520240418M001.pdf","680520240418E001.pdf","","","會議簡報等資料將依規定於期限前揭露於公開資訊觀測站。","查詢"
"6805","富世達","113/03/07","14:00","台北君悅酒店","本公司受邀參加富邦證券舉辦之2024 Q1富邦企業日","680520240408M001.pdf","680520240408E001.pdf","https://www.fositek.com/",法說會影音連結資訊:https://youtu.be/PiOhJ4w7a1Q ,"會議簡報等資料將依規定於期限前揭露於公開資訊觀測站。","查詢"
"6805","富世達","113/12/05","09:40","台北晶華酒店(台北市中山北路二段39巷3號)","受邀參加凱基證券投資論壇,說明本公司營運概況","680520241204M001.pdf","680520241204E001.pdf","有,網址:https://www.fositek.com/",法說會影音連結資訊:https://youtu.be/GBK2_s4UqHA ,"無","查詢"
"6806","森崴能源","113/06/06","13:30","線上法說會","本公司受邀參加富邦證券舉辦線上法人說明會，分享本公司營運狀況及未來展望說明","680620240606M001.pdf","680620240606E001.pdf","https://www.shinfox.com.tw/",中文影音檔網址:6806_11_20240606_ch.mp4 ,"無","查詢"
"6806","森崴能源","113/03/19","14:30","台北市忠孝西路一段6號7樓 (福邦證券股份有限公司)","本公司營運狀況及未來展望說明","680620240319M001.pdf","680620240319E001.pdf","https://www.shinfox.com.tw/","","無","查詢"
"6806","森崴能源","113/09/05","14:00","線上法說會","本公司受邀參加康和綜合證券舉辦線上法人說明會","680620240905M001.pdf","680620240905E001.pdf","https://www.shinfox.com.tw/index.html",中文影音檔網址:6806_12_20240905_ch.mp4 ,"無","查詢"
"6806","森崴能源","113/12/06","14:00","線上法說會","本公司受邀參加福邦證券舉辦線上法說會，分享本公司營運狀況及未來展望說明","680620241206M001.pdf","680620241206E001.pdf","https://www.shinfox.com.tw/","","無","查詢"
"6807","峰源-KY","113/09/09","16:30","臺灣證券交易所(101大樓)1樓資訊展示中心(台北市信義路5段7號1樓)","說明本公司財務暨營運概況","680720240909M001.pdf","680720240909E001.pdf","http://www.fy-grp.com/",同步收看網址：:https://webpro.twse.com.tw/webportal/?liveChannelId=1 法說會影音連結資訊:https://webpro.twse.com.tw/webportal/vod/101/F305E4EF4A67-42D61377-6E8B-11EF-93AD/?categoryId=101 ,"無","查詢"
"6830","汎銓","113/09/10","14:30","台北君悅酒店(台北市信義區松壽路2號) 君寓二","本公司受台新證券邀請參加法人說明會，簡介本公司營運績效及策略。","683020240909M001.pdf","683020240909E001.pdf","https://www.msscorps.com/ec99/rwd1520/category.asp?category_ID=70","","無","查詢"
"6830","汎銓","113/10/09","14:00","台北市南京東路五段188號15樓(國票證券法人部會議室)","本公司受國票證券邀請參加法人說明會，簡介本公司營運績效及策略。","683020240909M001.pdf","683020240909E001.pdf","https://www.msscorps.com/ec99/rwd1520/category.asp?category_id=70",中文影音檔網址:6830_10_20241009_ch.MP4 ,"無","查詢"
"6834","天二科技","113/11/21","14:00","大眾財經大樓(地址：高雄市前鎮區中山二路2號九樓之一)","本公司受邀參加台新證券舉辦之聯合法人說明會，說明本公司之營運概況及未來展望。","683420241121M002.pdf","683420241121E002.pdf","https://www.everohms.com/zh-tw/conference",法說會影音連結資訊:https://youtu.be/AxgD-uNLq4A ,"無。","查詢"
"6835","圓裕","113/10/15","14:30","中信金控總部B棟13樓(台北市南港區經貿二路188號13樓1302會議室)","中國信託綜合證券舉辦之法人說明會，就本公司已公開之財務業務資訊作說明。","683520241014M001.pdf","683520241014E001.pdf","https://www.cmi.com.tw/",法說會影音連結資訊:https://youtu.be/fwN4kYoNV6g ,"無","查詢"
"6838","台新藥","113/07/16","14:30","台北晶華酒店 三樓宴會A廳（台北市中山區中山北路二段39巷
3號3樓）","(1)本公司依「有價證券初次上市前業績發表會實施要點規
定」，於上市前辦理股票初次上市前業績發表會。 
(2)本次業績發表會將說明產業發展、財務業務狀況、未來風險、公司治理及企業社會責任、臺灣證券交易所股份有限公司董事會暨上市審議委員會要求補充揭露事項。","683820240715M001.pdf","683820240715E001.pdf","https://www.formosapharma.com/","","相關資訊請至公開資訊觀測站之法人說明會一覽表或法說會項目下查閱","查詢"
"6838","台新藥","113/10/04","14:30","線上法人說明會","本公司受邀參加凱基證券所舉辦之線上法人說明會","683820241008M001.pdf","683820241008E001.pdf","https://www.formosapharma.com/zh/%e8%82%a1%e6%9d%b1%e5%b0%88%e5%8d%80/",法說會影音連結資訊:https://www.youtube.com/watch?v=H8tK89DuBAk ,"無","查詢"
"6854","錼創科技-KY創","113/04/15","16:30","臺灣證券交易所(101大樓)1樓資訊展示中心
(臺北市信義路5段7號1樓)","本公司受邀參加臺灣證券交易所舉辦之財務業務說明會。","685420240412M001.pdf","685420240412E001.pdf","",同步收看網址：:https://webpro.twse.com.tw/webportal/?liveChannelId=1 法說會影音連結資訊:https://webpro.twse.com.tw/WebPortal/vod/101/AFA37D874E81-C8CF7304-FB09-11EE-B985/?categoryId=101 ,"無","查詢"
"6854","錼創科技-KY創","113/03/20","14:00","台北君悅酒店","本公司受邀參加BofA Securities APAC TMT Conference 2024(2024美銀證券科技論壇)","685420240319M001.pdf","685420240319E001.pdf","","","無","查詢"
"6854","錼創科技-KY創","113/09/12","14:30","台北市寶慶路69號4樓","本公司受邀參加元大證券舉辦之法人說明會","685420240912M001.pdf","685420240912E001.pdf","",法說會影音連結資訊:https://www.youtube.com/watch?v=foDIP3988Sk ,"無","查詢"
"6854","錼創科技-KY創","113/08/28","11:40","台北市信義區菸廠路88號6樓","本公司受邀參加“2024台灣創投年會”。                                                                          
參加方式及相關資料請詳台灣創投年會網站：  
https://tvca-summit.tvca.org.tw/","685420240827M001.pdf","685420240827E001.pdf","",法說會影音連結資訊:https://webpro.twse.com.tw/webportal/vod/101/?categoryId=101 ,"無","查詢"
"6854","錼創科技-KY創","113/12/06","14:30","臺灣證券交易所1樓資訊展示中心
(臺北市信義路五段7號)","本公司受邀參加臺灣證券交易所舉辦之113年第4季第一上市公司及創新板公司法人說明會","685420241204M001.pdf","685420241204E001.pdf","",同步收看網址：:https://webpro.twse.com.tw/webportal/?liveChannelId=1 法說會影音連結資訊:https://webpro.twse.com.tw/webportal/vod/101/?categoryId=101 ,"無","查詢"
"6854","錼創科技-KY創","113/12/05","15:10","台北遠東飯店","本公司受邀參加國泰證券舉辦之2024年第四季投資論壇","685420241204M002.pdf","685420241204E002.pdf","","","無","查詢"
"6861","睿生光電","113/03/04","14:30","台北君悅酒店3F凱悅二區宴會廳 (台北市信義區松壽路2號)","(1)報告112年第四季公司營運成果及未來營運展望。
(2)參加方式：請參見https://www.innocare-x.com/investor-relations/investor-conference_list/","686120240304M001.pdf","686120240304E001.pdf","https://www.innocare-x.com/investor-relations/investor-conference_list/",同步收看網址：:https://wms.gridow.com/ir/innolux/innolux_1H24_en.html 法說會影音連結資訊:https://www.innocare-x.com/investor-relations/investor-conference_list/ ,"無","查詢"
"6861","睿生光電","113/10/25","14:30","台北市復興北路99號6樓(&#29319;亞國際會議中心6樓D會議室)","本公司受邀參加由元大證券舉辦之法人說明會。","686120241025M001.pdf","686120241025E001.pdf","https://www.innocare-x.com/investor-relations/investor-conference_list/",:未輸 法說會影音連結資訊:https://youtu.be/iqp6VPsa1d8 ,"無","查詢"
"6862","三集瑞-KY","113/09/26","14:30","台北君悅酒店三樓凱悅廳一區(地址：台北市信義區松壽路2號)","依據臺灣證券交易所股份有限公司有價證券初次上市前業績發表會實施要點第三條舉辦上市前業績發表會","686220240925M001.pdf","686220240925E001.pdf","https://zh-tw.trio-tw.com.tw/investors.htm",法說會影音連結資訊:https://zh-tw.trio.com.tw/cate-375636.htm ,"無","查詢"
"6863","永道-KY","113/03/14","14:30","台北君悅酒店三樓凱悅廳二區(台北市松壽路2號)","本公司舉辦法人說明會，說明2023年度第四季營運結果","686320240314M001.pdf","686320240314E001.pdf","https://www.arizontw.com/webls-zh-tw/index.html",同步收看網址：:https://youtu.be/bBSLzyAfOl8?si=soiQZZJ5rBPv6lIR 法說會影音連結資訊:https://youtu.be/bBSLzyAfOl8?si=soiQZZJ5rBPv6lIR ,"無","查詢"
"6863","永道-KY","113/09/18","14:30","台北富邦國際會議中心B2(台北市敦化南路一段108號B2)","本公司舉辦法人說明會，說明2024年第二季度營運財務狀況及未來營運展望。","686320240918M001.pdf","686320240918E001.pdf","https://reurl.cc/xvNVmV",同步收看網址：:https://youtu.be/nV0_rgbcoqM?si=4ZmP-0Fz81D3PChG 中文影音檔網址:6863_3_20240918_ch.mp4 ,"無","查詢"
"6869","雲豹能源","113/11/20","14:00","台北君悅酒店","本公司受邀參加麥格理證券舉辦之「Macquarie Taiwan Conference」 ， 向投資人說明本公司之營運概況、財務及業務相關資訊。","686920241119M001.pdf","686920241119E001.pdf","https://www.jv-holding.com/shareholder2.aspx","","無","查詢"
"6869","雲豹能源","113/11/15","15:00","線上法說會","本公司受邀參加凱基證券股份有限公司主辦之法人說明會， 向投資人說明本公司之營運概況、財務及業務相關資訊。","686920241115M001.pdf","686920241115E001.pdf","https://www.jv-holding.com/shareholder2.aspx",中文影音檔網址:6869_15_20241115_ch.mp4 ,"無","查詢"
"6869","雲豹能源","113/01/17","14:50","臺灣證券交易所(101大樓)1樓資訊展示中心
(台北市信義路五段7號1樓)","本公司受邀參加臺灣證券交易所主辦之「創新板」主題式業績發表會，
向投資人說明本公司之營運概況、財務及業務相關資訊。","686920240116M001.pdf","686920240116E001.pdf","https://www.jv-holding.com/shareholder2.aspx",同步收看網址：:https://webpro.twse.com.tw/webportal/?liveChannelId=1 法說會影音連結資訊:https://webpro.twse.com.tw/webportal/vod/101/D5A48759DF86-3D27F6AE-B50F-11EE-8BD2/?categoryId=101 ,"無","查詢"
"6869","雲豹能源","113/03/07","14:30","台北市中山區明水路700號(凱基證券大直大樓)","(1)說明本公司之營運概況、業績展望及財務業務相關資訊。
(2)欲現場參加者，事先報名網址：https://ib.kgi.com/IBWebSite/Views/Registration/RegistPage.aspx?ActNbr=1305","686920240306M001.pdf","686920240306E001.pdf","https://www.jv-holding.com/shareholder2.aspx",中文影音檔網址:6869_10_20240307_ch.mp4 ,"無","查詢"
"6869","雲豹能源","113/05/21","14:30","香格里拉遠東國際大飯店三樓宴會廳 
(台北市大安區敦化南路二段201號)","(1)本公司依「有價證券初次上市前業績發表會實施要點規定」，辦理改列上市前業績發表會。 
(2)本次業績發表會將由本公司經營團隊說明產業發展、財務業務狀況、未來風險、公司治理及企業社會責任、其他補充揭露事項等。 
(3)欲現場參加者，事先報名網址：
https://owww.masterlink.com.tw/mlAP/UnderWrite/apply.aspx?pk=308","686920240521M001.pdf","686920240521E001.pdf","https://www.jv-holding.com/shareholder2.aspx",法說會影音連結資訊:https://youtu.be/te954KaDJcM?si=VxtXo64UjUD673iv ,"無","查詢"
"6869","雲豹能源","113/08/15","14:30","台北市中山區明水路700號12樓 (凱基證券大樓)","本公司受邀參加凱基證券股份有限公司主辦之法人說明會， 向投資人說明本公司之營運概況、財務及業務相關資訊。","686920240815M001.pdf","686920240815E001.pdf","https://www.jv-holding.com/shareholder2.aspx",中文影音檔網址:6869_12_20240815_ch.mp4 ,"無","查詢"
"6869","雲豹能源","113/08/21","10:10","線上法說會","本公司受邀參加寬量國際主辦之「半導體供應鏈與再生能源線上投資論壇」，向投資人說明本公司之營運概況、財務及業務相關資訊。","686920240820M001.pdf","686920240820E001.pdf","https://www.jv-holding.com/shareholder2.aspx","","無","查詢"
"6869","雲豹能源","113/10/22 至 113/10/23","14:00","香港Mandarin Oriental Hotel","本公司受邀參加寬量國際主辦之「16th QIC CEO WEEK」，向投資人說明本公司之營運概況、財務及業務相關資訊。","686920241022M001.pdf","686920241022E001.pdf","https://www.jv-holding.com/shareholder2.aspx","","無","查詢"
"6873","泓德能源","113/11/26","15:00","台北市中山北路6段88號","公告本公司113年11月26日受邀參加元大證券舉辦之法人說明會。","687320241126M001.pdf","687320241126E001.pdf","https://www.hdrenewables.com/news.html/3",法說會影音連結資訊:未輸 ,"無。","查詢"
"6873","泓德能源","113/07/16","14:30","台北市中山北路6段88號","公告本公司113年7月16日受邀參加元大證券舉辦之法人說明會。","687320240716M001.pdf","687320240716E001.pdf","",法說會影音連結資訊:未輸 ,"相關資訊請至公開資訊觀測站之法人說明會一覽表或法說會項目查閱。","查詢"
"6873","泓德能源","113/01/18 至 113/01/18","15:20","臺灣證券交易所(101大樓)1樓資訊展示中心
(台北市信義路五段7號1樓)","本公司受邀參加臺灣證券交易所主辦之「創新板」主題式業績發表會，向投資人說明本公司之營運概況、財務及業務相關資訊。","687320240117M001.pdf","687320240117E001.pdf","https://www.hdrenewables.com/financial_conference.php",中文影音檔網址:6873_11_20240118_ch.mp4 ,"完整財務業務資訊請至公開資訊觀測站之法人說明會一覽表或法說會項目下查閱。","查詢"
"6873","泓德能源","113/03/13","09:30","台北市信義區松壽路2號3樓(台北君悅酒店)","說明產業狀況及本公司財務業務相關資訊。","687320240312M001.pdf","687320240312E001.pdf","https://www.hdrenewables.com/financial_conference.php",法說會影音連結資訊:未輸 ,"無","查詢"
"6873","泓德能源","113/08/27","14:30","台北君悅酒店凱悅廳一區（台北市松壽路2號3樓）","(1)本公司依「有價證券初次上市前業績發表會實施要點規定」，辦理改列上市前業績發表會。 
(2)本次業績發表會將由本公司經營團隊說明產業發展、財務業務狀況、未來風險、公司治理及企業社會責任、其他補充揭露事項等。(3)欲現場參加者，事先報名網址：
https://www.yuanta.com.tw/prod/icevent/icevent?id=397836e8-e4d9-49ed-a381-e941611f9bae","687320240828M001.pdf","687320240828E001.pdf","https://www.hdrenewables.com/investor-2.html",法說會影音連結資訊:https://www.youtube.com/@user-vm9mh6zm4m ,"相關資訊請至公開資訊觀測站之法人說明會一覽表或法說會項目下查閱。","查詢"
"6873","泓德能源","113/08/19","14:30","台北市中山北路6段88號","本公司113年8月19日受邀參加元大證券舉辦之法人說明會。","687320240819M001.pdf","687320240819E001.pdf","","","完整財務業務資訊請至公開資訊觀測站之法人說明會一覽表或法說會項目下查閱。","查詢"
"6873","泓德能源","113/07/24","14:30","台北市中山北路6段88號","本公司113年7月24日受邀參加元大證券舉辦之法人說明會。","687320240716M001.pdf","687320240716E001.pdf","https://www.hdrenewables.com/financial_conference.php",法說會影音連結資訊:未輸 ,"若受颱風影響停止上班，本公司法人說明會將擇期舉辦並公告。","查詢"
"6873","泓德能源","113/12/05","09:40","台北晶華酒店 (台北市中山北路二段39巷3號4樓)","本公司受邀參加凱基證券2024年第四季投資論壇","687320241126M001.pdf","687320241126E001.pdf","https://www.hdrenewables.com/investor-2.html",法說會影音連結資訊:https://www.youtube.com/@hdrecoltd ,"相關資訊請至公開資訊觀測站之法人說明會一覽表或法說會項目查閱。","查詢"
"6873","泓德能源","113/12/06","09:30","W Hotel(110台北市信義區忠孝東路五段10號11樓)","本公司受邀參加2024年中國信託證券第四季前瞻論壇","687320241126M001.pdf","687320241126E001.pdf","https://www.hdrenewables.com/investor-2.html",法說會影音連結資訊:https://www.youtube.com/@hdrecoltd ,"相關資訊請至公開資訊觀測站之法人說明會一覽表或法說會項目查閱。","查詢"
"6885","全福生技","113/02/21","15:00","台北市敦化南路二段97號11樓(敦南摩天大廈-元富證券11樓教育訓練室)","公告本公司113年2月21日受邀參加元富證券舉辦之法人說明會，說明公司營運概況及未來展望。","688520240221M001.pdf","688520240221E001.pdf","","","相關資訊請至公開資訊觀測站之法人說明會一覽表或法說會項目下查閱。","查詢"
"6885","全福生技","113/11/14","14:30","台北萬豪酒店八樓宴會廳(台北市中山區樂群二路199號)","本公司依「有價證券初次上市前業績發表會實施要點規定」，於上市前辦理股票初次上市前業績發表會。","688520241113M002.pdf","688520241113E002.pdf","網址: https://www.brimbiotech.com/tw/","","相關資訊請至公開資訊觀測站之法人說明會一覽表或法說會項目下查閱。","查詢"
"6885","全福生技","113/06/17","15:00","台北市敦化南路二段97號11樓(敦南摩天大廈-元富證券11樓教育訓練室)","公告本公司113年6月17日受邀參加元富證券舉辦之法人說明會，說明公司營運概況及未來展望。","688520240617M001.pdf","688520240617E001.pdf","","","相關資訊請至公開資訊觀測站之法人說明會一覽表或法說會項目下查閱。","查詢"
"6890","來億-KY","113/11/14","14:00","線上法人說明會","本公司受邀參加HSBC舉辦之線上法人說明會，會中說明本公司113年第三季經營成果及營運展望。","689020241113M003.pdf","689020241113E003.pdf","https://www.laiyih.com/investor/index/1/8","","無。","查詢"
"6890","來億-KY","113/11/13","16:30","線上法人說明會","本公司受邀參加Morgan Stanley舉辦之線上法人說明會，會中說明本公司113年第三季經營成果及營運展望。","689020241113M002.pdf","689020241113E002.pdf","https://www.laiyih.com/investor/index/1/8","","無","查詢"
"6890","來億-KY","113/11/13","15:00","線上法人說明會","本公司受邀參加JPMorgan舉辦之線上法人說明會，會中說明本公司113年第三季經營成果及營運展望。","689020241113M001.pdf","689020241113E001.pdf","https://www.laiyih.com/investor/index/1/8","","無","查詢"
"6890","來億-KY","113/11/26","11:00","台北遠東香格里拉飯店","本公司受邀參加Citi Taiwan Corporate Day，會中說明本公司113年第三季經營成果及營運展望。","689020241113M002.pdf","689020241113E002.pdf","https://www.laiyih.com/investor/index/1/8","","無","查詢"
"6890","來億-KY","113/05/09","14:30","台北君悅酒店3樓凱悅廳I區(台北市松壽路2號)","依據臺灣證�野璈鰫猁悒鬫陪迨膝q有價證券初次上市前業績發表會實施要點第三條舉辦上市前業績發表會。","689020240509M001.pdf","689020240509E001.pdf","https://www.laiyih.com/investor/index/1/8","","無","查詢"
"6890","來億-KY","113/11/20","11:00","台北君悅酒店","本公司受邀參加MACQUARIE TAIWAN CONFERENCE，會中說明本公司113年第三季經營成果及營運展望。","689020241113M003.pdf","689020241113E003.pdf","https://www.laiyih.com/investor/index/1/8","","無","查詢"
"6890","來億-KY","113/08/23","14:00","線上法人說明會","本公司受邀參加HSBC舉辦之線上法人說明會，會中說明本公司113年第二季經營成果及營運展望。","689020240823M001.pdf","689020240823E001.pdf","https://www.laiyih.com/investor/index/1/8","","無","查詢"
"6890","來億-KY","113/08/23","15:30","線上法人說明會","本公司受邀參加Morgan Stanley舉辦之線上法人說明會，會中說明本公司113年第二季經營成果及營運展望。","689020240823M002.pdf","689020240823E002.pdf","https://www.laiyih.com/investor/index/1/8","","無","查詢"
"6890","來億-KY","113/11/28","11:00","台北君悅酒店","本公司受邀富邦證券4Q24投資論壇，會中說明本公司113年第三季經營成果及營運展望。","689020241113M003.pdf","689020241113E003.pdf","https://www.laiyih.com/investor/index/1/8",法說會影音連結資訊:https://www.youtube.com/watch?v=vlSutafi-gA ,"無。","查詢"
"6890","來億-KY","113/09/11","14:30","台北晶華酒店B3F (台北市中山北路二段39巷3號)","本公司受邀參加永豐金證券舉辦之「2024年第三季產業論壇」，會中說明本公司營運概況。","689020240823M002.pdf","689020240823E002.pdf","https://www.laiyih.com/investor/index/1/8","","無","查詢"
"6890","來億-KY","113/12/06","11:00","W Hotel","本公司受邀參加2024中信證券第四季前瞻論壇，會中說明本公司113年第三季經營成果及營運展望。","689020241113M003.pdf","689020241113E003.pdf","https://www.laiyih.com/investor/index/1/8","","無","查詢"
"6901","鑽石投資","113/04/18 至 113/04/19","09:00","新加坡","本公司受臺灣證券交易所邀請參加臺星AI與科技論壇，說明本公司營運及財務業務相關資訊","690120240417M001.pdf","690120240417E001.pdf","http://www.diamondbiofund.com","","簡報資訊將依規定公告於公開資訊觀測站","查詢"
"6901","鑽石投資","113/03/28","15:00","線上法說會","說明本公司營運概況及財務業務相關資訊。連結https://reurl.cc/M4EGMm","690120240328M001.pdf","690120240328E001.pdf","https://www.diamondbiofund.com/",中文影音檔網址:6901_4_20240328_ch.mp4 ,"簡報資訊將依規定公告於公開資訊觀測站。","查詢"
"6901","鑽石投資","113/06/26","15:00","線上法說會","說明本公司營運概況及財務業務相關資訊。連結：https://reurl.cc/4rMYq3","690120240626M001.pdf","690120240626E001.pdf","https://www.diamondbiofund.com/",中文影音檔網址:6901_6_20240626_ch.mp4 ,"簡報資訊將依規定公告於公開資訊觀測站。","查詢"
"6901","鑽石投資","113/12/26","15:00","線上法說會","本公司受邀參加華南永昌證券舉辦之線上法人說明會，說明本公司營運概況及財務業務相關資訊。連結：https://reurl.cc/r3Zdqx","690120241226M001.pdf","690120241226E001.pdf","https://www.diamondbiofund.com/",中文影音檔網址:6901_8_20241226_ch.mp4 ,"簡報資訊將依規定公告於公開資訊觀測站。","查詢"
"6901","鑽石投資","113/09/27","15:00","線上法說會","說明本公司營運概況及財務業務相關資訊。連結：https://reurl.cc/WNOny7","690120240927M001.pdf","690120240927E001.pdf","https://www.diamondbiofund.com/",中文影音檔網址:6901_7_20240927_ch.mp4 ,"簡報資訊將依規定公告於公開資訊觀測站。","查詢"
"6902","GOGOLOOK","113/04/25 至 113/05/03","09:00","線上法說會","本公司受邀參加113年4月25日至113年5月3日由寬量國際主辦之「15th Taiwan CEO Week」，說明本公司之營運概況、財務及業務相關資訊。","690220240312M001.pdf","690220240312E001.pdf","https://gogolook.com/zh-hant/investors","","無。完整財務業務資訊請至公開資訊觀測站之法人說明會一覽表或法說會項目下查閱。","查詢"
"6902","GOGOLOOK","113/01/16","15:40","臺灣證券交易所1樓資訊展示中心
(台北市信義區信義路5段7號 (101大樓))","本公司受邀參加證交所舉辦之創新板上市公司主題式業績發表會，說明本公司已公開發佈之業務及財務相關資訊。
參加方式及相關資料請詳證交所首頁: https://www.twse.com.tw/zh/page/focus/events.html","690220240116M001.pdf","690220240116E001.pdf","https://gogolook.com/zh-hant/investors",同步收看網址：:https://webpro.twse.com.tw/webportal/?liveChannelId=1 ,"無","查詢"
"6902","GOGOLOOK","113/03/12","14:30","凱基證券總部大樓(台北市中山區明水路700號)","本公司受邀參加凱基證券舉辦之法人說明會，說明公司營運概況及展望。","690220240312M001.pdf","690220240312E001.pdf","https://gogolook.com/zh-hant/investors","","無","查詢"
"6902","GOGOLOOK","113/05/14","14:00","線上法說會","本公司受邀參加元大證券舉辦之法人說明會，說明公司營運概況及展望。","690220240514M001.pdf","690220240514E001.pdf","https://gogolook.com/zh-hant/investors","","無","查詢"
"6902","GOGOLOOK","113/08/28","10:20","台北文創(台北市信義區菸廠路88號6樓)","本公司受邀參加2024台灣創投年會法人說明會，說明本公司業務及財務相關資訊。
參加方式及相關資料請詳台灣創投年會首頁: 
(https://tvca-summit.tvca.org.tw/event)","690220240827M001.pdf","690220240827E001.pdf","https://gogolook.com/zh-hant/investors",法說會影音連結資訊:https://webpro.twse.com.tw/webportal/vod/101/?categoryId=101 (請輸入網址名稱(註)):未輸 ,"無","查詢"
"6906","現觀科","113/11/11","14:00","台北市南京東路三段219號11樓","本公司受邀參加元大證券所舉辦之活動，說明本公司近期營運概況","690620241107M001.pdf","690620241107E001.pdf","https://www.ghtinc.com/tw/investors/",法說會影音連結資訊:https://www.ghtinc.com/tw/investors/ir-events/ ,"無","查詢"
"6906","現觀科","113/06/12","09:30","台北市中山北路二段41號(晶華酒店)","本公司受邀參加元大證券所舉辦之元大證券第二季投資論壇活動，說明本公司近期營運概況。","690620240528M001.pdf","690620240528E001.pdf","https://www.ghtinc.com/tw/investors/ir-events/",法說會影音連結資訊:未輸 ,"無","查詢"
"6906","現觀科","113/05/29","14:00","台北市中山北路二段41號(晶華酒店)","本公司受邀參加台新證券所舉辦之台新投資論壇活動，說明本公司近期營運概況。","690620240528M001.pdf","690620240528E001.pdf","https://www.ghtinc.com/tw/investors/ir-events/",法說會影音連結資訊:https://www.ghtinc.com/tw/investors/ir-events/ ,"無。","查詢"
"6906","現觀科","113/10/08","14:00","台北市民生東路三段156號16樓會議室","本公司受邀參加群益證券所舉辦之活動，說明本公司近期營運概況。","690620231215M003.pdf","690620231215E003.pdf","https://www.ghtinc.com/tw/investors/","","無","查詢"
"6914","阜爾運通","113/03/27","14:30","台北君悅酒店3樓凱悅廳I區 (台北市信義區松壽路2號3樓)","(1)本公司依「臺灣證券交易所股份有限公司有價證券初次上市前業績發表會實施要點」，於上市前辦理股票初次上市前業績發表會。
(2)本次業績發表會將說明產業發展、財務業務狀況、未來風險、公司治理及企業社會責任及臺灣證券交易所股份有限公司董事會暨上市審議委員會要求補充揭露事項。","691420240320M001.pdf","691420240320E001.pdf","https://www.pss-group.com/financial2.php","","無","查詢"
"6914","阜爾運通","113/12/04","14:30","中國信託金融園區B棟13樓1302會議室
(台北市南港區經貿二路188號13樓)","受邀參加中國信託證券舉辦之實體法說會，說明113年第三季營運結果及展望","691420241204M001.pdf","691420241204E001.pdf","https://www.pss-group.com/financial2.php","","無","查詢"
"6914","阜爾運通","113/12/23","14:30","線上法人說明會","本公司受邀參加中國信託綜合證券舉辦之線上法人說明會","691420241223M001.pdf","691420241223E001.pdf","https://www.pss-group.com/financial2.php",中文影音檔網址:6914_4_20241223_ch.mp4 ,"無","查詢"
"6916","華凌","113/11/15","14:30","台北市松山區復興北路99號六樓D會議室（&#29319;亞會議中心）","說明本公司之營運概況及財務相關資訊。","691620241115M001.pdf","691620241115E001.pdf","https://www.winstar.com.tw/zh-tw/shareholder",中文影音檔網址:6916_3_20241115_ch.mp4 ,"無","查詢"
"6918","愛派司","113/08/13","14:30","台北市東興路8號13樓(統一證券會議室)","本公司受邀參加統一證券舉辦之法人說明會，會中說明本公司營運概況與展望。","691820240813M001.pdf","691820240813E001.pdf","https://www.aplusbio.com/tw/investor/shareholder/pressConference","","無","查詢"
"6919","康霈*","113/01/09","15:00","線上法人說明會。","(1)說明本公司營運概況與成果，以及未來展望。
(2)本次法說會採線上報名，有意參加者請至以下網址報名。
報名網址：https://www.yuanta.com.tw/prod/icevent/icevent?id=e0116d58-cb20-4f0b-9fa8-89f7f33365f4","691920240109M001.pdf","691920240109E001.pdf","","","無。","查詢"
"6919","康霈*","113/04/29","15:00","線上法人說明會","(1)本公司新藥CBL-514注射劑用於改善大腿中/重度橘皮組織之二期臨床試驗(CBL-0201EFP Phase 2)統計數據說明。
(2)本次法說會採線上報名，有意參加者請至以下網址報名。
報名網址：https://www.yuanta.com.tw/prod/icevent/icevent?id=6fe56661-c822-4b27-8edc-048888b60ca9","691920240429M001.pdf","691920240429E001.pdf","","","無。","查詢"
"6919","康霈*","113/07/17","14:30","台北市敦化南路一段66號","公告本公司113年7月17日受邀參加元大證券舉辦之法人說明會。活動詢問窗口：元大證券 李小姐 underwriting.brk@yuanta.com","691920240711M001.pdf","691920240711E001.pdf","","","相關資訊請至公開資訊觀測站之法人說明會一覽表或法說會項目下查閱。","查詢"
"6919","康霈*","113/08/14","15:00","線上法人說明會。","(1)公告本公司113年8月14日受邀參加元大證券舉辦之線上法人說明會。
(2)本次法說會採線上報名，有意參加者請至以下網址報名。
報名網址：https://www.yuanta.com.tw/prod/icevent/icevent?id=12c0197e-c221-4894-a01c-83b76e45917e","691920240814M001.pdf","691920240814E001.pdf","","","相關資訊請至公開資訊觀測站之法人說明會一覽表或法說會項目下查閱。","查詢"
"6919","康霈*","113/07/11","14:30","台北市敦化南路一段66號","公告本公司113年7月11日受邀參加元大證券舉辦之法人說明會。活動詢問窗口：元大證券 李小姐 underwriting.brk@yuanta.com","691920240711M001.pdf","691920240711E001.pdf","","","相關資訊請至公開資訊觀測站之法人說明會一覽表或法說會項目下查閱。","查詢"
"6919","康霈*","113/08/06","14:30","台北市敦化南路一段66號","公告本公司113年8月6日受邀參加元大證券舉辦之法人說明會。活動詢問窗口：元大證券 李小姐 underwriting.brk@yuanta.com","691920240806M001.pdf","691920240806E001.pdf","","","相關資訊請至公開資訊觀測站之法人說明會一覽表或法說會項目下查閱。","查詢"
"6919","康霈*","113/12/18","14:00","線上法人說明會","(1)公告本公司113年12月18日受邀參加元大證券舉辦之線上法人說明會，說明本公司新藥CBL-514注射劑用於減少皮下脂肪之CBL-0204 Phase 2b試驗臨床統計數據。(2)本次法說會採線上報名，有意參加者請至以下網址報名。
https://funevent.net/app/#/guest/yP1u4ej0/sign-up/3c579787-d4c7-4f7f-ac41-7921738f1080","691920241220M001.pdf","691920241220E001.pdf","https://www.caliway.com.tw/investor/",法說會影音連結資訊:https://www.caliway.com.tw/investor-detail/earnings-call-video/ ,"相關資訊請至公開資訊觀測站之法人說明會一覽表或法說會項目下查閱。","查詢"
"6919","康霈*","113/08/29","14:30","台北君悅酒店三樓凱悅廳二區(台北市信義區松壽路二號)","(1)本公司依「有價證券初次上市前業績發表會實施要點規定」，於上市前辦理股票初次上市前業績發表會。
(2)本次業績發表會將說明產業發展、財務業務狀況、未來風險、公司治理及企業社會責任、臺灣證券交易所股份有限公司董事會暨上市審議委員會要求補充揭露事項。","691920240828M001.pdf","691920240828E001.pdf","https://www.caliway.com.tw/",法說會影音連結資訊:https://www.caliway.com.tw/investor-detail/20240829/ ,"相關資訊請至公開資訊觀測站之法人說明會一覽表或法說會項目下查閱。","查詢"
"6923","中台","113/07/25","14:30","台北市寶慶路69號4樓會議室","本公司受邀參加元大證券舉辦之法人說明會","內容檔案於當日會後公告於公開資訊觀測站","內容檔案於當日會後公告於公開資訊觀測站","","","本活動依照台北市府停班停課標準，若宣布停班停課,則本活動將會取消 .","查詢"
"6923","中台","113/08/21","14:30","張榮發基金會國際會議中心11樓會議廳(台北市中山南路11號)","本次股票上市前業績發表會將由本公司經營團隊說明產業發展、財務業務狀況、未來風險暨臺灣證券交易所股份有限公司要求本公司於公開說明書補充揭露事項。","692320240822M002.pdf","692320240822E002.pdf","https://www.chinalab.com.tw/page-news21.html","","無","查詢"
"6923","中台","113/08/28","14:30","台北市敦化南路一段66號11樓","本公司受邀參加元大證券舉辦之法人說明會","692320240826M001.pdf","692320240826E001.pdf","","","無","查詢"
"6923","中台","113/08/08 至 113/08/09","14:30","台北市敦化南路一段66號11樓","本公司受邀參加元大證券舉辦之法人說明會","692320240808M001.pdf","692320240808E001.pdf","","","1. 8/8日及8/9日各舉辦乙場法人說明會   2. 8/8日同時舉辦線上法說","查詢"
"6923","中台","113/08/28","14:30","台北市敦化南路一段66號11樓","本公司受邀參加元大證券舉辦之法人說明會","692320240826M001.pdf","692320240826E001.pdf","","","無","查詢"
"6923","中台","113/12/09","14:00","合庫證券總公司601會議室 (台北市長安東路二段225號C棟6樓)","本公司受邀參加合庫證券舉辦之法人說明會，說明營運成果及營運展望。","692320241209M001.pdf","692320241209E001.pdf","",中文影音檔網址:6923_10_20241209_ch.MP4 ,"無","查詢"
"6924","榮惠-KY創","113/11/06","14:30","台北寒舍艾美酒店3F琥珀廳(地址：台北市信義區松仁路38號)","A.本公司依「有價證券初次上市前業績發表會實施要點規定」，於上市前辦理股票初次上市前業績發表會。
B.本次業績發表會將說明產業發展、財務業務狀況、未來風險、公司治理及企業社會責任、臺灣證券交易所股份有限公司董事會暨上市審議委員會要求補充揭露事項。","692420241106M001.pdf","692420241106E001.pdf","https://www.ei-kei.com/investors","","相關資訊請至公開資訊觀測站之法人說明會一覽表或法說會項目下查閱。","查詢"
"6928","攸泰科技","113/04/16","14:30","台北萬豪酒店8樓Garden Villa (台北市中山區樂群二路199號8樓)","(1)本公司依「有價證券初次上市前業績發表會實施要點規定」，於上市前辦理股票初次上市前業績發表會。
(2)本次業績發表會將說明產業發展、財務業務狀況、未來風險、公司治理及企業社會責任及臺灣證券交易所股份有限公司董事會暨上市審議委員會要求補充揭露事項。","692820240415M001.pdf","692820240415E001.pdf","",法說會影音連結資訊:https://www.youtube.com/watch?v=Lq-c1utnmh0 ,"報名連結網址: https://reurl.cc/A4Vlyd","查詢"
"6931","青松健康","113/12/20","14:30","台北君悅酒店三樓凱悅二廳(台北市信義區松壽路2號3樓)","(1)本公司依「有價證券初次上市前業績發表會實施要點規定」，於上市前辦理股票初次上市前業績發表會。
(2)本次業績發表會將說明產業發展、財務業務狀況、未來風險、公司治理及企業社會責任、臺灣證券交易所股份有限公司董事會暨上市審議委員會要求補充揭露事項。","693120241217M001.pdf","693120241217E001.pdf","https://www.qingsong.com.tw/investor/shareholder/6761170e61ede","","無","查詢"
"6933","AMAX-KY","113/06/20","14:30","中信金控總部B棟13樓
(地點:台北市南港區經貿二路188號13樓1302會議室)","營運狀況與未來展望","693320240620M001.pdf","693320240620E001.pdf","https://www.amax.tw/seminar.php",法說會影音連結資訊:https://youtu.be/hME2UzwF3JY ,"無","查詢"
"6934","心誠鎂","113/06/13","14:30","元大證券寶慶大樓4樓會議室(台北市中正區寶慶路69號)","本公司受邀參加元大證券舉辦之興櫃前法人說明會，說明本公司營運概況與未來展望。","693420240613M001.pdf","693420240613E001.pdf","","","無","查詢"
"6937","天虹","113/07/17","14:00","本公司湖口廠會議室(新竹縣湖口鄉仁愛路1號)","本公司自&#36775;說明會，說明公司營運概況。","693720240717M001.pdf","693720240717E001.pdf","https://www.skytech.com.tw",法說會影音連結資訊:https://www.skytech.com.tw/shareholder_tw.php?id=5319 ,"無","查詢"
"6937","天虹","113/11/20","14:20","晶華酒店(台北市中山區中山北路二段39巷3號)","本公司受邀參加康和證券2025投資趨勢論壇，說明本公司營運概況。","693720241120M001.pdf","693720241120E001.pdf","https://www.skytech.com.tw","","完整財務業務資訊請至公開資訊觀測站之法人說明會一覽表或法說會項目下查閱。","查詢"
"6937","天虹","113/11/26","14:00","台北晶華酒店","本公司受邀參加由台新證��2024年第四季全球投資論壇","693720241126M001.pdf","693720241126E001.pdf","https://www.skytech.com.tw","","無","查詢"
"6937","天虹","113/06/12","13:30","台北晶華酒店4F","本公司受邀參加元大證券舉辦之第二季投資論壇。","693720240611M001.pdf","693720240611E001.pdf","https://www.skytech.com.tw",法說會影音連結資訊:https://www.skytech.com.tw/shareholder_tw.php?id=5319 ,"完整財務業務資訊請至公開資訊觀測站之法人說明會一覽表或法說會項目下查閱。","查詢"
"6937","天虹","113/03/05","10:10","線上法說會(台灣)","本公司受邀參加由寬量國際主辦之線上法說會「QIC Semiconductor Day」，說明本公司之營運概況、財務及業務相關資訊。","693720240304M002.pdf","693720240304E002.pdf","https://www.skytech.com.tw","","完整財務業務資訊請至公開資訊觀測站之法人說明會一覽表或法說會項目下查閱。","查詢"
"6937","天虹","113/08/20","14:00","線上法說會(台灣)","本公司受邀參加由寬量國際主辦之線上法說會「QIC Semiconductor Day」，說明本公司之營運概況、財務及業務相關資訊。","693720240820M001.pdf","693720240820E001.pdf","https://www.skytech.com.tw","","完整財務業務資訊請至公開資訊觀測站之法人說明會一覽表或法說會項目下查閱。","查詢"
"6937","天虹","113/12/04","15:00","台北市中山北路二段39巷3號4樓(晶華酒店4F)","本公司受邀參加元大證券辦理之第四季投資論壇，說明本公司營運概況。","693720241126M001.pdf","693720241126E001.pdf","https://www.skytech.com.tw","","無","查詢"
"6937","天虹","113/12/06","15:00","W Hotel (台北市信義區忠孝東路五段 10號 11樓 )","本公司受邀參加中國信託證�麥|辦之”2024年第四季前瞻論壇”，說明本公司營運概況。","693720241126M001.pdf","693720241126E001.pdf","https://www.skytech.com.tw","","無","查詢"
"6937","天虹","113/09/06","15:15","台北君悅酒店(台北市信義區松壽路2號)","受邀參加統一證券2024Q3全球展望秋季投資論壇.","693720240820M001.pdf","693720240820E001.pdf","https://www.skytech.com.tw","","完整財務業務資訊請至公開資訊觀測站之法人說明會一覽表或法說會項目下查閱。","查詢"
"6944","兆聯實業","113/08/16","14:30","富邦國際會議中心B2-B廳(台北市敦化南路一段108號B2)","本公司受邀參加富邦證券舉辦之法說會，說明本公司上半年營業情形及未來展望","694420240816M001.pdf","694420240816E001.pdf","https://www.megaunion-tw.com/tw/investor/announcement?meeting","","無","查詢"
"6949","沛爾生醫-創","113/01/31","14:30","台北君悅酒店三樓凱悅廳I區（地址：台北市信義區松壽路2號）","A.本公司依「有價證券初次上市前業績發表會實施要點規」，於上市前辦理股票初次上市前業績發表會。
B.本次業績發表會將說明產業發展、財務業務狀況、未來風險、公司治理及企業
社會責任、臺灣證券交易所股份有限公司董事會暨上市審議委員會要求補充揭露事項。","694920240131M001.pdf","694920240131E001.pdf","https://www.pellbmt.com/investor.asp?id=27","","無","查詢"
"6949","沛爾生醫-創","113/04/10","16:10","臺灣證券交易所1樓資訊展示中心
(台北市信義區信義路5段7號 (101大樓))","本公司受邀參加證交所舉辦之「生技醫療」主題式業績發表會，說明本公司已公開發佈之業務及財務相關資訊。","694920240410M002.pdf","694920240410E002.pdf","https://www.pellbmt.com/investor.asp?id=27",同步收看網址：:https://webpro.twse.com.tw/webportal/?liveChannelId=1 法說會影音連結資訊:https://webpro.twse.com.tw/webportal/vod/101/?categoryId=101 ,"無","查詢"
"6951","青新-創","113/12/10","14:30","台北市中正區忠孝西路一段6號7樓B會議室","說明本公司近期之營運成果與未來展望。","695120241202M001.pdf","695120241202E001.pdf","https://www.chin-hsin.com.tw/Investor/EarningCall",法說會影音連結資訊:https://www.chin-hsin.com.tw/Investor/EarningCall ,"無","查詢"
"6951","青新-創","113/05/20","14:30","台北君悅酒店三樓凱悅廳II區宴會廳 (台北市信義區松壽路2號)","本次業績發表會將由本公司經營團隊說明產業發展、財務、業務狀況、未來風險、公司治理及企業社會責任、臺灣證券交易所股份有限公司董事會暨上市審議委員會要求補充揭露事項。","695120240514M001.pdf","695120240514E001.pdf","https://www.chin-hsin.com.tw/Investor/EarningCall","","相關資訊請至公開資訊觀測站之法人說明會一覽表或法說會項目下查閱。","查詢"
"6952","大武山","113/05/14","14:30","台北君悅酒店3F凱悅一廳
(台北市信義區松壽路2號)","(1)本公司依「有價證券初次上市前業績發表會實施要點規定」，於上市前辦理股票初次上市前業績發表會。 
(2)本次業績發表會將說明產業發展、財務業務狀況、未來風險、公司治理及企業社會責任、臺灣證券交易所股份有限公司董事會暨上市審議委員會要求補充揭露事項。
 (3)因考量場地與人數限制，現場開放參加之名額有限，欲現場參與本次業績發表會之貴賓，敬請事先報名，報名網址：https://reurl.cc/zldMep","695220240513M001.pdf","695220240513E001.pdf","https://www.dawushan.com.tw/pages/investors","","相關資訊請至公開資訊觀測站之法人說明會一覽表或法說會項目下查閱。","查詢"
"6955","邦睿生技-創","113/10/17","14:30","台北市中山區長安東路一段35號2樓","本公司受邀參加第一金證券舉辦之法人說明會，期望藉此活動讓投資人深度認識公司之競爭利基及未來發展計畫。","內容檔案於當日會後公告於公開資訊觀測站","內容檔案於當日會後公告於公開資訊觀測站","","","無","查詢"
"6955","邦睿生技-創","113/10/30","14:30","台北君悅酒店3樓凱悅廳一區（台北市松壽路2號）","本次業績發表會將由本公司經營團隊向各界先進說明公司產業發展、財務業務狀況、未來風險、公司治理及企業社會責任及有價證券上市審議委員會詢問重點暨臺灣證券交易所股份有限公司要求於公開說明書及評估報告補充揭露事項。","695520241029M001.pdf","695520241029E001.pdf","https://www.bonraybio.com/tw/investor/presentation","","相關資訊請至公開資訊觀測站之法人說明會一覽表或法說會項目下查閱。","查詢"
"6955","邦睿生技-創","113/10/17","14:30","台北市中山區長安東路一段35號2樓","本公司受邀參加第一金證券舉辦之法人說明會，期望藉此活動讓投資人深度認識公司之競爭利基及未來發展計畫。","695520241017M001.pdf","695520241017E001.pdf","","","無","查詢"
"6957","裕慶-KY","113/11/15","14:30","中國信託金融園區B棟17樓1704會議室(台北市南港區經貿二路188號17樓)","本公司受邀參加中國信託證券舉辦之法人說明會，說明本公司之營運成果及未來展望。","695720241115M001.pdf","695720241115E001.pdf","https://www.hzfixtures.com/corporate-briefing",中文影音檔網址:6957_5_20241115_ch.MP4 ,"無","查詢"
"6957","裕慶-KY","113/08/09","14:00","台北市明水路700號 
凱基證券12F會議室","本公司受邀參加由凱基證券股份有限公司舉辦之法說會，說明本公司之營運概況、財務及業務相關資訊。","695720240903M001.pdf","695720240903E001.pdf","https://www.hzfixtures.com/corporate-briefing","","無","查詢"
"6957","裕慶-KY","113/05/31","12:00","統一證券13樓會議室(台北市松山區東興路8號13樓)","受邀參加統一綜合證券舉辦之「 2024居家產業研討會」","695720240527M001.pdf","695720240527E001.pdf","https://www.hzfixtures.com/corporate-briefing","","無","查詢"
"6957","裕慶-KY","113/05/24","14:30","台北君悅酒店3樓凱悅廳一區(台北市松壽路2號)","依據臺灣證券交易所股份有限公司有價證券初次上市前業績發表會實施要點第三條舉辦上市前業績發表會。","695720240527M001.pdf","695720240527E001.pdf","https://www.hzfixtures.com/corporate-briefing","","無","查詢"
"6957","裕慶-KY","113/09/10","14:00","第一金證券2樓會議室(台北市長安東路一段35號2樓)","本公司受邀參加第一金證券舉辦之法人說明會，說明本公司之營運概況、財務及業務相關資訊。","695720240910M001.pdf","695720240910E001.pdf","https://www.hzfixtures.com/corporate-briefing","","無","查詢"
"6958","日盛台駿","113/07/24","14:30","台北寒舍艾美酒店翡翠珍珠廳（地址：台北市信義區松仁路38號3樓）","(1)本公司依「有價證券初次上市前業績發表會實施要點規定」，於上市前辦理股票初次上市前業績發表會。
(2)本次業績發表會將說明產業發展、財務業務狀況、未來風險、公司治理及企業社會責任、臺灣證券交易所股份有限公司董事會暨上市審議委員會要求補充揭露事項。","695820240723M001.pdf","695820240723E001.pdf","https://www.inftfinance.com/tw/InvestorDown/ugC_InvestorDown.aspx?TID=4","","無","查詢"
"6958","日盛台駿","113/07/26","14:30","台北寒舍艾美酒店珍珠琥珀廳（地址：台北市信義區松仁路38號3樓）","(1)本公司依「有價證券初次上市前業績發表會實施要點規定」，於上市前辦理股票初次上市前業績發表會。
(2)本次業績發表會將說明產業發展、財務業務狀況、未來風險、公司治理及企業社會責任、臺灣證券交易所股份有限公司董事會暨上市審議委員會要求補充揭露事項。","695820240723M001.pdf","695820240723E001.pdf","https://www.inftfinance.com/tw/InvestorDown/ugC_InvestorDown.aspx?TID=4","","無","查詢"
"6962","奕力-KY","113/10/28","14:30","台北君悅酒店三樓凱悅廳一區(地址：台北市信義區松壽路2號)","(1)本公司依「有價證券初次上市前業績發表會實施要點規定」，於上市前辦理股票初次上市前業績發表會。
(2)本次業績發表會將說明產業發展、財務業務狀況、未來風險、公司治理及企業社會責任、臺灣證券交易所股份有限公司董事會暨上市審議委員會要求補充揭露事項。
(3)因考量場地與人數限制，現場開放參加之名額有限，欲現場參與本次業績發表會之貴賓，敬請事先報名，報名網址：https://reurl.cc/GpLqNx","696220241028M001.pdf","696220241028E001.pdf","http://www.ilitekholding.com/","","相關資訊請至公開資訊觀測站之法人說明會一覽表或法說會項目下查閱。","查詢"
"6965","中傑-KY","113/11/14","14:30","台北君悅酒店3樓凱悅廳一區(台北市松壽路2號)","依據臺灣證券交易所股份有限公司有價證券初次上市前業績發表會實施要點第三條舉辦上市前業績發表會。","696520241114M001.pdf","696520241114E001.pdf","http://www.chungjye.com.tw/?page_id=4427","","無","查詢"
"6969","成信實業*-創","113/08/07","14:30","中國文化大學APA藝文中心大新館4F數位演講廳(地址：台北市中正區延平南路127號)","(1)本公司依「有價證券初次上市前業績發表會實施要點規定」，於上市前辦理股票初次上市前業績發表會。(2)本次業績發表會將說明產業發展、財務業務狀況、未來風險、公司治理及企業社會責任、臺灣證券交易所股份有限公司董事會暨上市審議委員會要求補充揭露事項。","696920240807M001.pdf","696920240807E001.pdf","https://www.transcene.com.tw/corporate_briefing/zh_TW","","無","查詢"
"6988","威力暘-創","113/12/06","15:30","臺灣證券交易所(101大樓)1樓資訊展示中心","說明本公司113年第三季營運成果及近期營運展望","698820241205M001.pdf","698820241205E001.pdf","https://www.wellysun.com.tw/autopage/3/32",同步收看網址：:https://webpro.twse.com.tw/webportal/?liveChannelId=1 法說會影音連結資訊:https://webpro.twse.com.tw/WebPortal/vod/101/DD82882FEA3C-4BCF7725-B3A8-11EF-9A37/?categoryId=101 ,"無","查詢"
"6988","威力暘-創","113/09/19","14:30","台北君悅酒店3樓凱悅二區宴會廳（台北市信義區松壽路2號）","(1)本公司依「有價證券初次上市前業績發表會實施要點規定」，於上市前辦理股票初次上市前業績發表會。(2)本次業績發表會將說明產業發展、財務業務狀況、未來風險、公司治理及企業社會責任、臺灣證券交易所股份有限公司董事會暨上市審議委員會要求補充揭露事項。","698820240918M001.pdf","698820240918E001.pdf","https://www.wellysun.com.tw/autopage/3/32","","無","查詢"
"6994","富威電力","113/12/04","14:30","台北萬豪酒店8樓花園廳 
(地點：台北市中山區樂群二路199號8樓)","本次上市前業績發表會將由公司經營團隊說明產業發展、財務業務狀況、未來風險、公司治理及企業社會責任、臺灣證券交易所股份有限公司董事會暨上市審議委員會要求補充揭露事項。","699420241203M001.pdf","699420241203E001.pdf","https://www.fwp.com.tw/Investor/GovernanceNews","","無","查詢"
"7705","三商餐飲","113/01/29","14:30","台北市大安區仁愛路四段296號15樓","本公司受邀參加國泰綜合證券舉辦之法人說明會","770520240130M001.pdf","770520240130E001.pdf","","","相關資訊請至公開資訊觀測站之法人說明會一覽表或法說會項目下查閱。","查詢"
"7705","三商餐飲","113/10/17","14:30","台北市建國北路二段145號","本公司受邀參加國泰綜合證券舉辦之法人說明會","770520241016M001.pdf","770520241016E001.pdf","https://www.mfb.com.tw","","無","查詢"
"7705","三商餐飲","113/10/23","14:30","北市中山區樂群二路199號8樓(台北萬豪酒店八樓Garden Villa)","(1)本公司依「有價證券初次上市前業績發表會實施要點規定」，於上市前辦理股票初次上市前業績發表會。
(2)本次業績發表會將說明產業發展、財務業務狀況、未來風險、公司治理及企業社會責任、臺灣證券交易所股份有限公司董事會暨上市審議委員會要求補充揭露事項。","770520241023M001.pdf","770520241023E001.pdf","https://www.mfb.com.tw","","相關資訊請至公開資訊觀測站之法人說明會一覽表或法說會項目下查閱。","查詢"
"7711","永擎","113/11/26","14:30","&quot;牛牛牛&quot;亞國際會議中心201會議廳(105台北市松山區復興北路99號2樓)","本公司受元大證券股份有限公司邀請參加興櫃前法人說明會，說明公司營運概況與未來展望，參加者以受元大證券邀請者為優先。","771120241126M001.pdf","771120241126E001.pdf","","","無","查詢"
"7711","永擎","113/12/20","14:30","元大金控(台北市松山區敦化南路1段66號)","本公司受元大證券股份有限公司邀請召開法人說明會，說明公司營運概況與未來展望，參加者以受元大證券邀請者為優先。","771120241126M001.pdf","771120241126E001.pdf","","","無","查詢"
"7711","永擎","113/12/23","14:30","元大金控(台北市松山區敦化南路1段66號)","本公司受元大證券股份有限公司邀請召開法人說明會，說明公司營運概況與未來展望，參加者以受元大證券邀請者為優先。","771120241126M001.pdf","771120241126E001.pdf","","","無","查詢"
"7722","LINEPAY","113/01/23","13:30","本公司受邀參加凱基證券舉辦之興櫃前法人說明會，說明公司營運及未來展望。","簡報內容檔案將於當日會後公告於公開資訊觀測站。","772220240123M001.pdf","772220240123E001.pdf","","","無。","查詢"
"7722","LINEPAY","113/11/12","14:30","台北漢來大飯店 鉑金B廳 (台北市南港區經貿一路168號)","(1) 本公司依「有價證券初次上市前業績發表會實施要點規定」，於上市前辦理股票初次上市前業績發表會。
(2) 本次業績發表會將說明產業發展、財務業務狀況、未來風險、公司治理及企業社會責任、臺灣證券交易所股份有限公司董事會暨上市審議委員會要求補充揭露事項。","772220241112M001.pdf","772220241112E001.pdf","https://pay.line.me/portal/tw/main","","無","查詢"
"7730","暉盛-創","113/03/12","14:30","福邦證券7樓B會議室
(台北市中正區忠孝西路一段6號七樓)","本公司受邀參加福邦證券舉辦之興櫃前法人說明會，說明本公司營運概況與未來展望","773020240424M001.pdf","773020240424E001.pdf","","","無","查詢"
"7730","暉盛-創","113/05/28","15:00","櫃買中心11樓多功能資訊媒體區
(台北市羅斯福路二段100號11樓)","本公司受邀參加櫃買中心舉辦之興櫃公司業績說明會，說明本公司營運概況及未來展望。","773020240528M001.pdf","773020240528E001.pdf","","","無","查詢"
"7732","金興精密","113/03/08","14:30","台北市中正區忠孝西路6號7樓","本公司受邀參加福邦證券舉辦之興櫃前法人說明會，針對本公司財務及營運概況等相關資訊做說明。","773220240307M001.pdf","773220240307E001.pdf","","","無","查詢"
"7732","金興精密","113/12/19","14:30","台北君悅酒店三樓凱悅一廳（地址：台北市信義區松壽路2號3樓）","(1)本公司依「有價證券初次上市前業績發表會實施要點規定」，於上市前
辦理股票初次上市前業績發表會。
(2)本次業績發表會將說明產業發展、財務業務狀況、未來風險、公司治理
及企業社會責任及臺灣證券交易所股份有限公司董事會暨上市審議委員會要
求補充揭露事項。","773220241218M001.pdf","773220241218E001.pdf","https://www.kingshing.com/shareholders_tw.php?id=5404","","無","查詢"
"7736","虎山","113/08/15","14:30","元大證券寶慶大樓4樓會議室(台北市寶慶路69號 )","本公司受邀參加元大證券所舉辦之2024年第二季法人說明會，說明第二季營運成果及未來展望。","773620240814M002.pdf","773620240814E002.pdf","","","相關資訊請至公開資訊觀測站之法人說明會一覽表或法說會項目下查閱","查詢"
"7740","熙特爾-創","113/10/08","14:30","台北寒舍艾美酒店-琥珀廳(台北市信義區松仁路38號3F)","本公司受邀參加永豐金證券舉辦之興櫃前法人說明會，
說明本公司營運概況及未來展望。","774020241008M001.pdf","774020241008E001.pdf","","","本公司因受颱風影響故於當日公告受邀參加興櫃前法說會。","查詢"
"7750","新代","113/06/13","14:30","台北市信義區松高路18號(艾麗酒店 蘭廳)","本公司受邀參加台新證券舉辦之興櫃前法人說明會，針對本公司財務及營運概況等相關資訊做說明。","775020240613M001.pdf","775020240613E001.pdf","","","無","查詢"
"7765","中華資安","113/08/13","14:30","台北寒舍艾美酒店翡翠廳(台北市信義區松仁路38號3樓)","本公司受元大證券股份有限公司邀請參加法人說明會","776520240813M001.pdf","776520240813E001.pdf","","","無","查詢"
"7765","中華資安","113/08/19","14:00","櫃買中心11樓多功能資訊媒體區（台北市羅斯福路二段100號11樓）","本公司受邀參加櫃買中心舉辦之興櫃公司業績說明會","776520240816M001.pdf","776520240816E001.pdf","","","無","查詢"
"7769","鴻勁","113/10/29","14:30","台北君悅酒店3F凱悅廳一區(台北市信義區松壽路2號)","本公司受元大證券股份有限公司邀請參加興櫃前法人說明會，說明公司營運概況及未來展望，參加者以受元大證券邀請者為優先。","776920241029M001.pdf","776920241029E001.pdf","","","無","查詢"
"7780","大研生醫*","113/10/22","14:30","凱基證券股份有限公司(台北市中山區明水路700號12樓)","本公司受邀參加凱基證券舉辦之興櫃前法人說明會，說明公司營運及未來展望。","778020241022M001.pdf","778020241022E001.pdf","https://www.daikenshop.com/shareholder.php","","無","查詢"
"7786","東方風能","113/10/21","14:30","台北寒舍艾美酒店三樓-翡翠廳(台北市松仁路38號3樓)","本公司受邀參加永豐金證券舉辦之興櫃前法人說明會，說明本公司營運概況及未來展望。","778620241021M001.pdf","778620241021E001.pdf","","","無","查詢"
"7788","松川精密","113/10/22","14:30","遠東香格里拉飯店B1大都會廳 (台北市敦化南路二段201號 )","本公司召開興櫃前法人說明會","778820241021M001.pdf","778820241021E001.pdf","","","無","查詢"
"7791","皇家可口","113/11/20","14:30","凱基證券股份有限公司(台北市中山區明水路700號12樓)","本公司受邀參加凱基證券舉辦之興櫃前法人說明會，
說明公司營運及未來展望。","779120241120M001.pdf","779120241120E001.pdf","","","簡報內容檔案將於當日會後公告於公開資訊觀測站。","查詢"
"7795","長廣","113/11/11","14:30","君悅酒店3樓凱悅廳2區(台北市信義區松壽路2號3樓)","本公司受邀參加元大證券舉辦之興櫃前法人說明會，
說明公司簡介與目前營運及未來發展方向。","779520241111M001.pdf","779520241111E001.pdf","https://www.eternal-epm.com/%e6%b3%95%e4%ba%ba%e8%aa%aa%e6%98%8e%e6%9c%83/","","無","查詢"
"7799","禾榮科","113/11/22","14:00","台北市松山區敦化南路一段108號B2","本公司受邀參加富邦綜合證券舉辦之興櫃前法人說明會，針對本公司財務及營運概況等相關資訊做說明。","779920241122M001.pdf","779920241122E001.pdf","","","無。","查詢"
"7803","雲象科技-創","113/11/25","14:30","遠東飯店B1怡東園(台北市敦化南路二段201號)","本公司召開興櫃前法人說明會","780320241125M001.pdf","780320241125E001.pdf","","","無","查詢"
"8011","台通","113/09/27","14:00","線上法說會","第二季營運報告","801120251218M003.pdf","801120251218E003.pdf","https://www.ttcc.com.tw",法說會影音連結資訊:http://www.zucast.com/webcast/m7MvuU6Z ,"無","查詢"
"8011","台通","113/12/06","14:00","線上法說會","第三季營運報告","801120251218M002.pdf","801120251218E002.pdf","https://www.ttcc.com.tw",法說會影音連結資訊:http://www.zucast.com/webcast/eToOX5Qs ,"無","查詢"
"8016","矽創","113/01/22 至 113/01/26","14:00","新加坡、香港","矽創受邀參加國泰證券舉辦之新加坡及香港路演(NDR)活動，說明營運概況。","801620240119M002.pdf","801620240119E002.pdf","https://www.sitronix.com.tw/tw/investor-relations/conference/","","無。","查詢"
"8016","矽創","113/03/20","10:00","台北君悅酒店，臺灣","矽創受邀參加美林證券舉辦之2024 APAC TMT Conference，說明營運概況。","801620240319M001.pdf","801620240319E001.pdf","https://www.sitronix.com.tw/tw/investor-relations/conference/","","無","查詢"
"8016","矽創","113/03/28","15:30","集思北科大會議中心，臺灣","矽創受邀參加由凱基證券主辦舉辦之2024年探索全球景氣新投資亮點主題式論壇，說明營運概況。","801620240319M001.pdf","801620240319E001.pdf","https://www.sitronix.com.tw/tw/investor-relations/conference/","","無","查詢"
"8016","矽創","113/06/05","10:00","台北W飯店 (臺北市信義區忠孝東路五段10號)","矽創受邀參加由花旗證券舉辦之Citi 2024 Taiwan Tech Conference，說明營運概況。","801620240514M001.pdf","801620240514E001.pdf","https://www.sitronix.com.tw/tw/investor-relations/conference/","","無","查詢"
"8016","矽創","113/12/12","14:30","台北喜來登飯店 (臺北市中正區忠孝東路一段12號)","矽創受邀參加由第一金證券舉辦之2024第四季投資論壇，說明營運概況。","801620241211M001.pdf","801620241211E001.pdf","https://www.sitronix.com.tw/tw/investor-relations/conference/","","無","查詢"
"8016","矽創","113/12/19","14:00","線上會議","矽創受邀參加由元富證券舉辦之線上座談會活動，說明營運概況。","801620241211M001.pdf","801620241211E001.pdf","https://www.sitronix.com.tw/tw/investor-relations/conference/",中文影音檔網址:8016_115_20241219_ch.mp4 ,"無","查詢"
"8016","矽創","113/05/15","14:00","線上會議","矽創受邀參加由第一金證券舉辦之線上座談會活動，說明營運概況。","801620240514M001.pdf","801620240514E001.pdf","https://www.sitronix.com.tw/tw/investor-relations/conference/",中文影音檔網址:8016_109_20240515_ch.mp4 ,"無","查詢"
"8016","矽創","113/05/23","15:30","台北君悅酒店(臺北市信義區松壽路2號3樓)","矽創受邀參加富邦證券所舉辦之2024年第二季富邦企業日，說明營運概況。","801620240514M001.pdf","801620240514E001.pdf","https://www.sitronix.com.tw/tw/investor-relations/conference/","","無","查詢"
"8016","矽創","113/12/06","11:15","台北君悅酒店，臺灣","矽創受邀參加統一證券所舉辦之2024 Q4全球展望冬季投資論壇，說明營運概況。","801620241205M001.pdf","801620241205E001.pdf","https://www.sitronix.com.tw/tw/investor-relations/conference/","","無","查詢"
"8016","矽創","113/09/06","11:15","台北君悅酒店，臺灣","矽創受邀參加統一證券所舉辦之2024 Q3全球展望秋季投資論壇，說明營運概況。","801620240905M001.pdf","801620240905E001.pdf","https://www.sitronix.com.tw/tw/investor-relations/conference/","","無","查詢"
"8021","尖點","113/02/27","15:00","採視訊會議方式進行","112年第四季業績線上法人說明會","802120240227M001.pdf","802120240227E001.pdf","https://www.topoint.tw/tw/conference/",法說會影音連結資訊:https://www.topoint.tw/tw/conference/ ,"無","查詢"
"8021","尖點","113/05/10","14:30","採視訊會議方式進行","113年第一季業績線上法人說明會","802120240510M001.pdf","802120240510E001.pdf","https://www.topoint.tw/tw/conference/",法說會影音連結資訊:https://www.topoint.tw/tw/conference/ ,"無","查詢"
"8021","尖點","113/12/06","09:30","W Hotel (台北市信義區忠孝東路五段10號11樓)","本公司受邀參加中國信託證券舉辦之「2024年第四季前瞻論壇」，說明營運概況。","802120241108M001.pdf","802120241108E001.pdf","https://www.topoint.tw/tw/conference/","","無","查詢"
"8021","尖點","113/08/13","14:30","採視訊會議方式進行","113年第二季業績線上法人說明會","802120240813M001.pdf","802120240813E001.pdf","https://www.topoint.tw/tw/conference/",法說會影音連結資訊:https://www.topoint.tw/tw/conference/ ,"無","查詢"
"8021","尖點","113/09/06","14:00","台北君悅酒店(臺北市信義區松壽路2號3樓)","本公司受邀參加統一證券舉辦之「統一證券2024Q3全球展望秋季投資論壇」，說明營運概況。","802120240822M001.pdf","802120240822E001.pdf","https://www.topoint.tw/tw/conference/",法說會影音連結資訊:未輸 ,"無","查詢"
"8021","尖點","113/08/22","14:30","台北君悅酒店(臺北市信義區松壽路2號3樓)","尖點受邀參加富邦證券所舉辦之2024年第三季富邦企業日，說明營運概況。","802120240822M001.pdf","802120240822E001.pdf","https://www.topoint.tw/tw/conference/","","無","查詢"
"8021","尖點","113/09/24","14:00","採視訊會議方式進行","本公司受邀參加中國信託證券舉辦之法人說明會，說明營運概況。","802120240923M001.pdf","802120240923E001.pdf","https://www.topoint.tw/tw/conference/",法說會影音連結資訊:https://www.topoint.tw/tw/conference/ ,"無","查詢"
"8021","尖點","113/11/08","14:30","採視訊會議方式進行","113年第三季業績線上法人說明會","802120241108M001.pdf","802120241108E001.pdf","https://www.topoint.tw/tw/conference/",法說會影音連結資訊:https://www.topoint.tw/tw/conference/ ,"無","查詢"
"8028","昇陽半導體","113/11/28","14:00","台北市信義區松壽路2號3樓","富邦證券舉辦之論壇","802820241128M001.pdf","802820241128E001.pdf","https://www.psi.com.tw/share_news2.asp",中文影音檔網址:8028_28_20241128_ch.mp4 ,"無","查詢"
"8028","昇陽半導體","113/03/06 至 113/03/07","11:20","線上法說會","寬諒國際舉辦的QIC Semiconductor Corporate Day","802820240305M001.pdf","802820240305E001.pdf","https://www.psi.com.tw/share_news2.asp","","無","查詢"
"8028","昇陽半導體","113/06/21","14:00","台北市松山區東興路8號","統一證券舉辦之法說會","802820240305M001.pdf","802820240305E001.pdf","https://www.psi.com.tw/share_news2.asp","","無","查詢"
"8028","昇陽半導體","113/09/04","10:00","台北市信義區松壽路2號3樓","高盛證券舉辦之論壇","802820240822M002.pdf","802820240822E002.pdf","https://www.psi.com.tw/share_news2.asp","","無","查詢"
"8028","昇陽半導體","113/08/22","14:30","台北市信義區松壽路2號3樓","富邦證券舉辦之法說會","802820240822M001.pdf","802820240822E001.pdf","https://www.psi.com.tw/share_news2.asp",中文影音檔網址:8028_25_20240822_ch.mp4 ,"無","查詢"
"8028","昇陽半導體","113/08/23","09:00","線上法說會","QIC寬量國際舉辦之法說會","802820240822M002.pdf","802820240822E002.pdf","https://www.psi.com.tw/share_news2.asp","","無","查詢"
"8033","雷虎","113/11/21","14:00","線上法說會","公司簡介及財務業務概況
本公司下午2點00分召開中文線上法說會 線上加入::https://thundertiger.my.webex.com/thundertiger.my-tc/j.php?MTID=mba48780055ce1293259f2b3749fe35b8 會議號（存取碼）：2517 605 5355 會議密碼： TT5254","803320241121M001.pdf","803320241121E001.pdf","https://www.thundertiger.com/",中文影音檔網址:8033_8_20241121_ch.mp4 ,"完整財務業務資訊請至公開資訊觀測站之法人說明會一覽表或法說會項目下查閱。","查詢"
"8039","台虹","113/06/05","14:00","線上法說會","本公司將於113/06/05受邀參加凱基證券舉辦之線上法人說明會，說明本公司113年第一季之財務營運概況。","803920240603M001.pdf","803920240603E001.pdf","https://www.taiflex.com.tw/Home",中文影音檔網址:8039_60_20240605_ch.mp4 ,"無","查詢"
"8039","台虹","113/12/24","14:00","線上法說會","本公司將於113/12/24受邀參加康和證券舉辦之線上法人說明會，說明本公司113年第三季財務營運狀況。","803920241224M001.pdf","803920241224E001.pdf","https://www.taiflex.com.tw/Home",中文影音檔網址:8039_61_20241224_ch.mp4 ,"無","查詢"
"8045","達運光電","113/11/18","14:30","臺北市中山區樂群三路128號","本公司受邀參加國票證券舉辦之法人說明會","804520241118M001.pdf","804520241118E001.pdf","","","無","查詢"
"8045","達運光電","113/11/13","14:30","台北遠東香格里拉飯店3樓宴會廳(台北市敦化南路2段201號3樓)","本次業績發表會將由本公司經營團隊向各界先進說明產業發展、財務業務狀況、未來風險、公司治理、企業社會責任、上市審議委員會詢問重點暨臺灣證券交易所股份有限公司要求本公司於公開說明書及評估報告補充揭露事項。","804520241112M001.pdf","804520241112E001.pdf","https://www.twoway.com.tw/","","相關資訊請至公開資訊觀測站之法人說明會一覽表或法說會項目下查閱。","查詢"
"8046","南電","113/03/06","14:30","台北晶華酒店4F","本公司受邀參加永豐金證券舉辦之2024年第一季產業論壇，說明本公司之營運概況。","804620240305M002.pdf","804620240305E002.pdf","http://www.nanyapcb.com.tw/nypcb/chinese/InvestorRelations/Financials/FinancialReports.aspx","","無","查詢"
"8046","南電","113/05/28","14:30","康和證券台北總公司(台北市信義區基隆路一段176號地下二樓)。","本公司受邀參加康和證券法人說明會，說明本公司之營運概況。","804620240527M001.pdf","804620240527E001.pdf","https://www.nanyapcb.com.tw/nypcb/chinese/InvestorRelations/Financials/FinancialReports.aspx",法說會影音連結資訊:https://youtu.be/DheSReB5JJo ,"無","查詢"
"8046","南電","113/12/23","14:30","康和證券台北總公司(台北市信義區基隆路一段176號地下二樓)","本公司受邀參加康和證券法人說明會，說明本公司之營運概況","804620241220M001.pdf","804620241220E001.pdf","https://www.nanyapcb.com.tw/nypcb/Chinese/InvestorRelations/Financials/FinancialReports.aspx",法說會影音連結資訊:https://youtu.be/1dQrWIhnvL8 ,"無","查詢"
"8046","南電","113/08/22","14:30","台北君悅酒店3樓(台北市信義區松壽路2號3樓)","本公司受邀參加富邦證券2024年第三季企業日，說明本公司之營運概況","804620240821M001.pdf","804620240821E001.pdf","https://www.nanyapcb.com.tw/nypcb/Chinese/InvestorRelations/Financials/FinancialReports.aspx",法說會影音連結資訊:未輸 ,"無","查詢"
"8070","長華*","113/04/23","14:30","台北市中山區明水路700號12樓會議廳(凱基證券大樓)","本公司受邀參加凱基證券舉辦之法人說明會，說明公司營運概況。","807020240423M001.pdf","807020240423E001.pdf","https://www.cwei.com.tw/","","無","查詢"
"8070","長華*","113/07/30","14:30","台北市中山區明水路700號12樓會議廳(凱基證券大樓)","本公司受邀參加凱基證券舉辦之法人說明會，說明公司營運概況。","807020240730M001.pdf","807020240730E001.pdf","https://www.cwei.com.tw/",法說會影音連結資訊:https://www.youtube.com/watch?v=_f790qlsoXc ,"無","查詢"
"8070","長華*","113/11/04","14:30","線上法說會","本公司受邀參加凱基證券舉辦之法人說明會，說明公司營運概況。 法說會網址:https://kgitw.webex.com/kgitw-tc/j.php?MTID=mbe8c341eea6d668079d2346d2bfa9a3a； 網路會議號碼：2515 157 5846；網路會議密碼：1104。","807020241104M001.pdf","807020241104E001.pdf","https://www.cwei.com.tw/",法說會影音連結資訊:https://youtu.be/ah_GV1j59jY ,"無","查詢"
"8072","陞泰","113/11/14","16:00","臺灣證券交易所1F資訊展示中心 (台北市信義路五段7號)","公司營運報告","807220241113M002.pdf","807220241113E002.pdf","",法說會影音連結資訊:https://webpro.twse.com.tw/webportal/vod/101/C1BC720579E9-D24FBBE4-A262-11EF-9A30/?categoryId=101 ,"無","查詢"
"8081","致新","113/05/10","14:00","台北市長安東路一段35號2樓","本公司受邀參加第一金證券舉辦之法人說明會","808120240510M001.pdf","808120240510E001.pdf","","","無","查詢"
"8081","致新","113/11/12","14:00","國票金控大樓(台北市中山區樂群三路128號7樓)","本公司受邀參加國票綜合證券舉辦之法人說明會","808120241112M001.pdf","808120241112E001.pdf","","","無","查詢"
"8081","致新","113/02/05","14:00","線上法說會","本公司受邀參加中國信託證券所舉辦之線上法說會","808120240205M001.pdf","808120240205E001.pdf","",中文影音檔網址:8081_75_20240205_ch.mp4 ,"無","查詢"
"8081","致新","113/03/19 至 113/03/21","09:30","台北君悅酒店","公告本公司受BofA Securities邀請參加「2024 APAC TMT Conference」","808120240402M002.pdf","808120240402E002.pdf","","","無","查詢"
"8081","致新","113/08/13","14:00","線上法說會","本公司受邀參加統一證券舉辦之線上法人說明會","808120240813M001.pdf","808120240813E001.pdf","",中文影音檔網址:8081_78_20240813_ch.mp4 ,"無","查詢"
"8101","華冠","113/12/18","15:30","福邦證券總公司(台北市忠孝西路一段6號14樓)","福邦證券舉辦之法人說明會，就本公司已公開之財務業務資訊作說明。","810120241217M001.pdf","810120241217E001.pdf","http://www.arimacomm.com.tw/",中文影音檔網址:8101_10_20241218_ch.mp4 ,"無","查詢"
"8103","瀚荃","113/06/28","14:00","國票綜合證券股份有限公司(台北市松山區南京東路五段188號15樓)","本公司受國票證券邀請，將於上述時間地點，說明本公司近期營運概況及未來經營策略暨展望。","810320240627M001.pdf","810320240627E001.pdf","https://www.cvilux-group.com/zh-cht/investors/invest","","無","查詢"
"8103","瀚荃","113/03/29","14:00","國票綜合證券股份有限公司(台北市松山區南京東路五段188號15樓)","本公司受國票證券邀請，將於上述時間地點，說明本公司112年第四季財務業務相關資訊及未來展望。","810320240327M001.pdf","810320240327E001.pdf","https://www.cvilux-group.com/zh-cht/investors/invest","","無","查詢"
"8103","瀚荃","113/09/06","14:35","台北文華東方酒店","本公司受邀參加國泰證券舉辦國泰證券第三季論壇，將於上述時間地點，向法人投資者就已公開發佈之財務數字、經營績效等相關資訊做說明。","810320240904M001.pdf","810320240904E001.pdf","https://www.cvilux-group.com/zh-cht/investors/invest",中文影音檔網址:8103_20_20240906_ch.mp4 ,"無","查詢"
"8103","瀚荃","113/12/24","14:30","元大金控大樓(台北市松山區敦化南路1段66號)","本公司受元大證券股份有限公司邀請召開法人說明會，說明公司營運概況與未來展望。","810320241220M001.pdf","810320241220E001.pdf","https://www.cvilux-group.com/zh-cht/investors/invest",中文影音檔網址:8103_22_20241224_ch.mp4 ,"無","查詢"
"8104","錸寶","113/12/09","14:00","統一綜合證券(台北市松山區東興路8號13樓)","本公司受邀參加統一綜合證券舉辦之法人說明會，說明本公司營運概況。","810420241206M001.pdf","810420241206E001.pdf","https://www.ritdisplay.com",中文影音檔網址:8104_14_20241209_ch.mp4 ,"無","查詢"
"8105","凌巨","113/12/26","14:30","線上法說會","凌巨科技受邀參加統一綜合證券線上法人說明會","810520241226M001.pdf","810520241226E001.pdf","https://www.giantplus.com/investor-relations/Investor-Conference",中文影音檔網址:8105_35_20241226_ch.mp4 ,"NA","查詢"
"8105","凌巨","113/08/29","14:30","線上法說會","說明本公司之營運狀況、財務及業務相關資訊","810520240829M001.pdf","810520240829E001.pdf","https://www.giantplus.com/content/2024Investor-Conference",中文影音檔網址:8105_34_20240829_ch.mp4 ,"NA","查詢"
"8110","華東","113/11/22","14:00","線上法人說明會","本公司113年度第三季營運成果及公司未來展望","811020241122M001.pdf","811020241122E001.pdf","https://www.walton.com.tw",法說會影音連結資訊:https://www.zucast.com/webcast/NJioSMW8?r=3edCfkVs ,"無","查詢"
"8110","華東","113/08/22","14:00","線上法人說明會","本公司113年度第二季營運成果及公司未來展望","811020240822M001.pdf","811020240822E001.pdf","https://www.walton.com.tw",法說會影音連結資訊:https://www.zucast.com/webcast/0x6q7xDH?r=1pt1Rmzn ,"無","查詢"
"8112","至上","113/07/15","14:00","台北市內湖區港墘路189號7樓(本公司會議室)","公司營運概況說明。","811220240715M001.pdf","811220240715E001.pdf","http://www.supreme.com.tw/WP/WP0055.aspx",法說會影音連結資訊:https://youtu.be/j8qdqNUFZDc ,"無。","查詢"
"8112","至上","113/11/15","14:00","台北市內湖區港墘路189號7樓(本公司會議室)","公司營運概況說明。","811220241115M001.pdf","811220241115E001.pdf","http://www.supreme.com.tw/WP/WP0055.aspx",法說會影音連結資訊:https://youtu.be/fLK830PI2a8 ,"無。","查詢"
"8114","振樺電","113/04/26","14:30","Webex線上會議","本公司受邀參加永豐金證券舉辦之2023年第四季線上法說會","811420240426M001.pdf","811420240426E001.pdf","https://www2.posiflex.com/zh-TW/monthly_revenue_and_conference_files/index/2024/268",法說會影音連結資訊:未輸 ,"無","查詢"
"8114","振樺電","113/12/20","14:00","線上會議","本公司受邀參加&#29319;亞證券舉辦之線上法說會議，向投資人說明本公司113年度第三季營運成果。","811420241220M001.pdf","811420241220E001.pdf","https://www.posiflex.com.tw/zh-TW/monthly_revenue_and_conference_files/index/2024/268",法說會影音連結資訊:未輸 ,"&#29319;亞證券聯絡方式: JimmyChiu@primasia.com","查詢"
"8114","振樺電","113/07/15","14:00","Webex線上會議","本公司受邀參加凱基證券舉辦之線上法說會議，向投資人說明本公司113年度第一季營運成果。","811420240715M001.pdf","811420240715E001.pdf","https://www.posiflex.com.tw/zh-TW/monthly_revenue_and_conference_files/index/2024/268",中文影音檔網址:8114_40_20240715_ch.mp4 ,"報名相關資訊請洽凱基證券倪小姐，電話：(02)2181-8014。","查詢"
"8114","振樺電","113/09/30","14:30","Webex線上會議","本公司受邀參加富邦證券舉辦之線上法說會議，向投資人說明本公司113年度第二季營運成果。","811420240930M001.pdf","811420240930E001.pdf","https://www.posiflex.com.tw/zh-TW/monthly_revenue_and_conference_files/index/2024/268",中文影音檔網址:8114_41_20240930_ch.mp4 ,"報名窗口: 富邦投資銀行 moca.wu@fubon.com ；富邦法人處 tingju.yeh@fubon.com","查詢"
"8131","福懋科","113/03/27","14:00","線上法說會","本公司受邀參加國票綜合證券辦理之法人說明會，說明本公司之財務業務概況。","813120240327M001.pdf","813120240327E001.pdf","https://www.fatc.com.tw/","","報名請洽國票綜合證券李小姐02-25288275 Email:anneli@ibfs.com.tw","查詢"
"8131","福懋科","113/08/28","14:00","線上法說會","本公司受邀參加國票綜合證券辦理之法人說明會，說明本公司之財務業務概況。","813120240828M001.pdf","813120240828E001.pdf","https://www.fatc.com.tw/",法說會影音連結資訊:https://www.fatc.com.tw/index.php?action=invest_shareholder ,"報名請洽國票綜合證券李小姐02-25288275 Email:anneli@ibfs.com.tw","查詢"
"8131","福懋科","113/11/28","14:00","線上法說會","本公司受邀參加國票綜合證券辦理之法人說明會，說明本公司之財務業務概況。","813120241128M001.pdf","813120241128E001.pdf","https://www.fatc.com.tw/","","報名請洽國票綜合證券李小姐02-25288275 Email:anneli@ibfs.com.tw","查詢"
"8131","福懋科","113/05/30","14:00","線上法說會","本公司受邀參加國票綜合證券辦理之法人說明會，說明本公司之財務業務概況。","813120240530M001.pdf","813120240530E001.pdf","https://www.fatc.com.tw/",法說會影音連結資訊:https://youtu.be/ZpYFEdWlweM ,"報名請洽國票綜合證券李小姐02-25288275 Email:anneli@ibfs.com.tw","查詢"
"8150","南茂","113/08/13","15:00","採電話會議方式進行","113年第二季營運成果線上法人說明會","815020240813M001.pdf","815020240813E001.pdf","https://www.chipmos.com/chinese/ir/info2.aspx",同步收看網址：:https://www.chipmos.com/chinese/ir/info2.aspx 法說會影音連結資訊:https://www.chipmos.com/chinese/ir/info2.aspx ,"無","查詢"
"8150","南茂","113/02/22","15:00","採電話會議方式進行","112年第四季暨全年營運成果線上法人說明會","815020240222M001.pdf","815020240222E001.pdf","https://www.chipmos.com/chinese/ir/info2.aspx",同步收看網址：:https://www.chipmos.com/chinese/ir/info2.aspx 法說會影音連結資訊:https://www.chipmos.com/chinese/ir/info2.aspx ,"無","查詢"
"8150","南茂","113/03/21","10:00","台北 君悅酒店","本公司應美林證券之邀請，參加BofA Securities 2024 APAC TMT Conference，就已公開發布之財務數字及經營績效等相關資訊進行說明。","815020240222M001.pdf","815020240222E001.pdf","https://www.chipmos.com/chinese/ir/calendar.aspx","","無","查詢"
"8150","南茂","113/06/05","10:00","台北W飯店","本公司應花旗環球證券之邀請，參加Citi’s 2024 Taiwan Tech Conference，就已公開發布之財務數字及經營績效等相關資訊進行說明。","815020240509M001.pdf","815020240509E001.pdf","https://www.chipmos.com/chinese/ir/calendar.aspx","","無","查詢"
"8150","南茂","113/05/09","15:00","採電話會議方式進行","113年第一季營運成果線上法人說明會","815020240509M001.pdf","815020240509E001.pdf","https://www.chipmos.com/chinese/ir/info2.aspx",同步收看網址：:https://www.chipmos.com/chinese/ir/info2.aspx 法說會影音連結資訊:https://www.chipmos.com/chinese/ir/info2.aspx ,"無","查詢"
"8150","南茂","113/09/25","10:00","台北 W飯店","本公司受邀參加瑞銀證券辦理之UBS Taiwan Summit 2024，就已公開發布之財務數字及經營績效等相關資訊進行說明。","815020240912M001.pdf","815020240912E001.pdf","https://www.chipmos.com/chinese/ir/calendar.aspx","","無","查詢"
"8150","南茂","113/09/19","10:50","台北 晶華酒店","本公司受邀參加元大證券辦理之2024第三季投資論壇，就已公開發布之財務數字及經營績效等相關資訊進行說明。","815020240912M001.pdf","815020240912E001.pdf","https://www.chipmos.com/chinese/ir/calendar.aspx",同步收看網址：:https://www.chipmos.com/chinese/ir/calendar.aspx 法說會影音連結資訊:https://www.chipmos.com/chinese/ir/calendar.aspx ,"無","查詢"
"8150","南茂","113/11/05","16:00","採電話會議方式進行","113年第三季營運成果線上法人說明會","815020241105M001.pdf","815020241105E001.pdf","https://www.chipmos.com/chinese/ir/info2.aspx",同步收看網址：:https://www.chipmos.com/chinese/ir/info2.aspx 法說會影音連結資訊:https://www.chipmos.com/chinese/ir/info2.aspx ,"無","查詢"
"8162","微矽電子-創","113/01/15","15:40","臺灣證券交易所(101大樓)1樓資訊展示中心","本公司受邀臺灣證券交易所主辦之創新板主題式業績發表會","816220240115M001.pdf","816220240115E001.pdf","https://investor.msec.com.tw/InvestorsConference_tc.html",中文影音檔網址:8162_1_20240115_ch.mp4 ,"完整財務業務資訊請至公開資訊觀測站之法人說明會一覽表或法說會項目下查閱。","查詢"
"8162","微矽電子-創","113/01/22","14:30","台北遠東國際大飯店三樓宴會廳
(台北市敦化南路二段201號3樓)","本次業績發表會將由本公司經營團隊說明產業發展、財務業務狀況、未來風險、公司治理及企業社會責任、臺灣證券交易所股份有限公司董事會暨上市審議委員會要求補充揭露事項。","816220240121M001.pdf","816220240121E001.pdf","https://investor.msec.com.tw/InvestorsConference_tc.html",中文影音檔網址:8162_2_20240122_ch.mp4 ,"完整財務業務資訊請至公開資訊觀測站之法人說明會一覽表或法說會項目下查閱。","查詢"
"8163","達方","113/05/03","15:00","線上法說會","本公司受邀參加兆豐證券於113年5月3日舉辦之線上法人說明會，向投資人說明113年第一季營業成果及未來展望。","816320240503M001.pdf","816320240503E001.pdf","https://www.darfon.com.tw",中文影音檔網址:8163_37_20240503_ch.mp4 ,"本次採Cisco Webex視訊會議，報名請至https://forms.gle/rKdKYYsbKZceFHpn9線上報名","查詢"
"8163","達方","113/03/04","15:00","線上法說會","本公司受邀參加兆豐證券於113年3月4日舉辦之線上法人說明會，向投資人說明112年第四季營業成果及未來展望。","816320240304M001.pdf","816320240304E001.pdf","http://www.darfon.com.tw",中文影音檔網址:8163_36_20240304_ch.mp4 ,"本次採Cisco Webex視訊會議，報名請至https://forms.gle/7AemUFg7BGFQjs4U8線上報名","查詢"
"8163","達方","113/08/05","15:00","線上法說會","本公司受邀參加兆豐證券於113年8月5日舉辦之線上法人說明會，向投資人說明113年第二季營業成果及未來展望。","816320240805M001.pdf","816320240805E001.pdf","https://www.darfon.com.tw",中文影音檔網址:8163_38_20240805_ch.mp4 ,"本次採Cisco Webex視訊會議，報名請至https://forms.gle/qxH8MVYUGdGDczNm8線上報名","查詢"
"8163","達方","113/11/04","15:00","線上法說會","本公司受邀參加兆豐證券於113年11月4日舉辦之線上法人說明會，向投資人說明113年第三季營業成果及未來展望。","816320241104M001.pdf","816320241104E001.pdf","https://www.darfon.com.tw",中文影音檔網址:8163_39_20241104_ch.mp4 ,"本次採Cisco Webex視訊會議，報名請至https://forms.gle/8fsANGSJL122CpGP9 線上報名","查詢"
"8201","無敵","113/09/13","14:30","臺灣證券交易所1樓資訊展示中心(台北市信義區信義路五段7號)","公司簡介及營運狀況說明","820120240913M001.pptx","820120240913E001.pptx","https://www.besta.com.tw/zh-tw/FinancialPage/Legal",同步收看網址：:https://webpro.twse.com.tw/WebPortal/vod/101/AB9C3FE727C8-C1410D64-719B-11EF-B683/?categoryId=101 法說會影音連結資訊:https://webpro.twse.com.tw/WebPortal/vod/101/AB9C3FE727C8-C1410D64-719B-11EF-B683/?categoryId=101 ,"14時00分報到，14時30分開始","查詢"
"8210","勤誠","113/03/13","14:30","線上法說會","1)本公司受邀參加元大證券主辦之線上法說會進行2023年第四季營運概況說明
2)本會議全程以中文進行
3)會議網址：http://www.zucast.com/webcast/p3yxrHKR","821020240313M001.pdf","821020240313E001.pdf","https://www.chenbro.com/",同步收看網址：:http://www.zucast.com/webcast/p3yxrHKR 法說會影音連結資訊:https://www.zucast.com/webcast/p3yxrHKR?r=KsK3pjvS ,"無","查詢"
"8210","勤誠","113/05/10","14:30","線上法說會","1)本公司受邀參加元大證券主辦之線上法說會進行2024年第一季營運概況說明
2)本會議全程以中文進行
3)會議網址： http://www.zucast.com/webcast/voMoFoJo","821020240510M001.pdf","821020240510E001.pdf","https://www.chenbro.com/",同步收看網址：:http://www.zucast.com/webcast/voMoFoJo 法說會影音連結資訊:https://www.zucast.com/webcast/voMoFoJo?r=q41nIRWn ,"無","查詢"
"8210","勤誠","113/02/02","14:30","元大證券寶慶大樓4樓會議室
(台北市寶慶路69號)","本公司受邀參加元大證券舉辦之實體法人說明會","821020240202M001.pdf","821020240202E001.pdf","https://www.chenbro.com/","","無","查詢"
"8210","勤誠","113/11/18 至 113/11/19","09:00","新加坡Maybank辦公室","1)本公司受邀參加國泰證券主辦之海外路演(NDR)活動
2)本會議全程以英文進行","821020241115M001.pdf","821020241115E001.pdf","https://www.chenbro.com/","","無","查詢"
"8210","勤誠","113/06/25","13:30","台北茹曦酒店","1)本公司受邀參加群益金鼎證券主辦之2024第二季投資論壇
2)本會議全程以中文進行","821020240624M001.pdf","821020240624E001.pdf","https://www.chenbro.com/","","無","查詢"
"8210","勤誠","113/03/20 至 113/03/21","10:00","台北君悅酒店","1) 本公司受邀參加BofA Securities主辦2024 APAC TMT Conference 
2)本會議全程以英文進行","821020240318M001.pdf","821020240318E001.pdf","https://www.chenbro.com/","","無","查詢"
"8210","勤誠","113/08/09","14:30","線上法說會","1)本公司受邀參加元大證券主辦之線上法說會進行2024年第二季營運概況說明
2)本會議全程以中文進行
3)會議網址：http://www.zucast.com/webcast/BHTI4mUA","821020240809M001.pdf","821020240809E001.pdf","https://www.chenbro.com/",同步收看網址：:http://www.zucast.com/webcast/BHTI4mUA 法說會影音連結資訊:https://www.zucast.com/webcast/BHTI4mUA?r=7coj5ltr ,"無","查詢"
"8210","勤誠","113/08/21","10:00","The Fullerton Hotel 新加坡","1)本公司受邀參加Daiwa主辦之Asia Conference 2024 
2)本會議全程以英文進行","821020240820M001.pdf","821020240820E001.pdf","https://www.chenbro.com/","","無","查詢"
"8210","勤誠","113/09/04","10:00","台北君悅酒店","1)本公司受邀參加Goldman Sachs主辦之Taiwan Corporate Day 2024
2)本會議全程以英文進行","821020240903M001.pdf","821020240903E001.pdf","https://www.chenbro.com/","","無","查詢"
"8210","勤誠","113/09/05","15:40","台北文華東方酒店","1)本公司受邀參加國泰證券主辦之第三季論壇
2)本會議全程以中文進行","821020240903M002.pdf","821020240903E002.pdf","https://www.chenbro.com/","","無","查詢"
"8210","勤誠","113/09/06","14:00","台北君悅酒店","1)本公司受邀參加統一證券主辦之2024Q3秋季投資論壇
2)本會議全程以中文進行","821020240903M003.pdf","821020240903E003.pdf","https://www.chenbro.com/","","無","查詢"
"8210","勤誠","113/09/11","11:00","台北集思北科大會議中心","1)本公司受邀參加凱基證券主辦之2024年第三季投資論壇
2)本會議全程以中文進行","821020240903M005.pdf","821020240903E005.pdf","https://www.chenbro.com/","","無","查詢"
"8210","勤誠","113/09/11","14:30","台北喜來登酒店","1)本公司受邀參加第一金證券主辦之2024Q3論壇
2)本會議全程以中文進行","821020240903M004.pdf","821020240903E004.pdf","https://www.chenbro.com/","","無","查詢"
"8210","勤誠","113/09/19","13:30","台北晶華酒店","1)本公司受邀參加元大證券主辦之第三季投資論壇
2)本會議全程以中文進行","821020240903M006.pdf","821020240903E006.pdf","https://www.chenbro.com/","","無","查詢"
"8210","勤誠","113/05/31","11:10","茹曦酒店","1)本公司受邀參加華南永昌證券主辦之2024年第二季產業暨企業論壇
2)本會議全程以中文進行","821020240529M001.pdf","821020240529E001.pdf","https://www.chenbro.com/","","無","查詢"
"8210","勤誠","113/09/24","09:00","台北W酒店","1)本公司受邀參加UBS主辦之UBS Taiwan Summit 2024
2)本會議全程以英文進行","821020240920M001.pdf","821020240920E001.pdf","https://www.chenbro.com/","","無","查詢"
"8210","勤誠","113/11/08","14:30","線上法說會","1)本公司受邀參加元大證券主辦之線上法說會進行2024年第三季營運概況說明
2)本會議全程以中文進行
3)會議網址： http://www.zucast.com/webcast/o5BcSNLQ","821020241108M001.pdf","821020241108E001.pdf","https://www.chenbro.com/",同步收看網址：:http://www.zucast.com/webcast/o5BcSNLQ 法說會影音連結資訊:未輸 ,"無","查詢"
"8213","志超","113/05/23","15:00","福邦證券 台北市忠孝西路一段6號14樓","本公司受邀參加福邦證券舉辦之法人說明會，說明公司營運現況及所屬產業未來展望。","821320240523M001.pdf","821320240523E001.pdf","http://www.tpt-pcb.com.tw/seminar.htm",中文影音檔網址:8213_11_20240523_ch.MP4 ,"無。","查詢"
"8215","明基材","113/02/23","14:30","線上法說會","本公司受邀參加兆豐證券舉辦之線上法說會，將於會中就已公開之財務及業務等相關資訊做說明。","821520240223M001.pdf","821520240223E001.pdf","https://www.benqmaterials.com/tw/",中文影音檔網址:8215_23_20240223_ch.mp4 ,"當天14:10開放登入，報名連結：https://forms.gle/JE1cf7j7RM5HXNni7","查詢"
"8215","明基材","113/08/02","14:30","線上法說會","本公司受邀參加兆豐證券舉辦之線上法說會，將於會中就已公開之財務及業務等相關資訊做說明。","821520240802M001.pdf","821520240802E001.pdf","https://www.benqmaterials.com/tw/",中文影音檔網址:8215_25_20240802_ch.mp3 ,"當天14:10開放登入，報名連結：https://forms.gle/ThHprZhACP9S8fbp7","查詢"
"8215","明基材","113/05/07","14:30","線上法說會","本公司受邀參加兆豐證券舉辦之線上法說會，將於會中就已公開之財務及業務等相關資訊做說明。","821520240507M001.pdf","821520240507E001.pdf","https://www.benqmaterials.com/tw/",法說會影音連結資訊:https://youtu.be/sCWttXI7-uA ,"當天14:10開放登入，報名連結：https://forms.gle/AygZk6ofegQffgbU6","查詢"
"8215","明基材","113/11/01","14:30","線上法說會","本公司受邀參加兆豐證券舉辦之線上法說會，將於會中就已公開之財務及業務等相關資訊做說明。","821520241101M002.pdf","821520241101E002.pdf","https://www.benqmaterials.com/tw/",中文影音檔網址:8215_26_20241101_ch.mp3 ,"當天14:10開放登入，報名連結：https://forms.gle/BmR7ZXtZvmhD4wE67","查詢"
"8222","寶一","113/05/10","14:00","線上法說會
報名請與第一金證券王經理sheryl.wang@firstsec.com.tw 聯繫","本公司受邀參加由第一金證券舉辦之線上法說會，說明本公司之營運概況、財務及業務相關資訊。","822220240508M001.pdf","822220240508E001.pdf","",中文影音檔網址:8222_10_20240510_ch.mp4 ,"無。","查詢"
"8249","菱光","113/10/08","14:00","線上法人說明會","本公司受邀參加康和證券舉辦之線上法人說明會，報告本公司營運狀況。","824920241004M002.pdf","824920241004E002.pdf","http://www.csi-sensor.com.tw/",法說會影音連結資訊:https://www.csi-sensor.com.tw/investor_conference.html ,"無","查詢"
"8249","菱光","113/03/28","14:00","線上法人說明會","本公司受邀參加康和證券線上舉辦之法人說明會，報告本公司營運狀況。","824920240326M001.pdf","824920240326E001.pdf","http://www.csi-sensor.com.tw/",法說會影音連結資訊:未輸 ,"無","查詢"
"8249","菱光","113/06/21","14:00","線上法人說明會","本公司受邀參加中國信託綜合證券線上舉辦之法人說明會，報告本公司營運狀況。","824920240618M001.pdf","824920240618E001.pdf","http://www.csi-sensor.com.tw/",:未輸 ,"無","查詢"
"8249","菱光","113/12/26","14:00","線上法人說明會","本公司受邀參加中國信託綜合證券線上舉辦之法人說明會，報告本公司營運狀況。","824920241224M001.pdf","824920241224E001.pdf","http://www.csi-sensor.com.tw/",法說會影音連結資訊:https://www.csi-sensor.com.tw/investor_conference.html ,"無","查詢"
"8261","富鼎","113/10/29","14:30","元富證券
(台北市大安區復興南路一段209號一樓)","本公司受邀參加元富證券舉辦之法人說明會，本公司營運狀況報告。","826120241029M001.pdf","826120241029E001.pdf","https://www.a-power.com.tw/tw/financial/investor",中文影音檔網址:8261_10_20241029_ch.mp4 ,"無","查詢"
"8271","宇瞻","113/07/26","14:30","臺灣證券交易所1樓資訊展示中心
(台北市信義區信義路五段7號101大樓1樓)","民國113年上半年經營績效與產業概況說明","827120240726M001.pdf","827120240726E001.pdf","https://www.apacer.com/zh-tw/normaldownload/investor-conference",同步收看網址：:https://www.youtube.com/watch?v=0co-gKroQR4 法說會影音連結資訊:https://www.youtube.com/watch?v=0co-gKroQR4 ,"完整財務業務資訊請至公開資訊觀測站之法人說明會一覽表或法說會項目下查閱。","查詢"
"8271","宇瞻","113/03/05","14:30","臺灣證券交易所1樓資訊展示中心
(台北市信義區信義路五段7號101大樓1樓)","民國112年經營績效與產業概況說明","827120240305M001.pdf","827120240305E001.pdf","https://www.apacer.com/zh-tw/normaldownload/investor-conference",同步收看網址：:https://www.youtube.com/watch?v=uEfCzJ6nZWs 法說會影音連結資訊:https://www.youtube.com/watch?v=oelzohYiL6Q ,"完整財務業務資訊請至公開資訊觀測站之法人說明會一覽表或法說會項目下查閱。","查詢"
"8341","日友","113/08/22","14:00","線上法說會","本公司受邀參加福邦證券舉辦之法人說明會，說明本公司近期之營運成果與未來展望。","834120240822M001.pdf","834120240822E001.pdf","http://www.sunnyfriend.com.tw/AboutSF/IIC",中文影音檔網址:8341_8_20240822_ch.mp4 ,"無","查詢"
"8367","建新國際","113/11/13","16:00","臺北市信義區信義路5段7號88樓","本公司受邀參加黑石財經舉辦之「戰略台灣投資論壇」法人說明會","836720241111M001.pdf","836720241111E001.pdf","https://www.chienshing.com.tw/investment04",法說會影音連結資訊:https://www.chienshing.com.tw/investment04 ,"無","查詢"
"8367","建新國際","113/08/21","14:30","台中銀證券總公司大樓會議室
(台北市中正區忠孝東路一段85號6樓)","公司營運近況展望說明會","836720240820M001.pptx","836720240820E001.pptx","https://www.chienshing.com.tw/investment04",法說會影音連結資訊:未輸 ,"無","查詢"
"8374","羅昇","113/11/26","14:00","線上法說會","本公司2024年第三季財務結果及業務概況","837420241126M001.pdf","837420241126E001.pdf","https://www.acepillar.com/About/investor/financial/financial3",中文影音檔網址:8374_8_20241126_ch.mp4 ,"無","查詢"
"8404","百和興業-KY","113/09/27","14:30","中國信託金融園區B棟13樓1302會議室(台北市南港區經貿二路188號13樓)","本公司受邀參加中信證券舉辦之法人說明會， 說明本公司營運成果及未來展望。","840420240927M001.pdf","840420240927E001.pdf","http://www.kypaiho.com",中文影音檔網址:8404_13_20240927_ch.MP4 ,"無","查詢"
"8411","福貞-KY","113/05/30","14:30","台北市中正區新生南路一段50號3樓","公司簡介財務、業務及相關發展資訊作說明。","841120240530M001.pdf","841120240530E001.pdf","www.kingcanholdings.com",中文影音檔網址:8411_37_20240530_ch.mp4 ,"無","查詢"
"8411","福貞-KY","113/03/29","16:30","臺灣證券交易所(101大樓)1樓資訊展示中心","本公司受邀參加台灣證券交易所舉辦之外國上市公司財務業務說明會。","841120240329M001.pdf","841120240329E001.pdf","www.kingcanholdings.com",法說會影音連結資訊:https://webpro.twse.com.tw/webportal/vod/101/E7EC82F4C811-B69C6531-EDAA-11EE-A5C9/?categoryId=101 ,"無","查詢"
"8411","福貞-KY","113/09/03","14:30","台北市重慶南路一段2號17樓1701會議室","公司簡介財務、業務及相關發展資訊作說明。","841120240903M001.pdf","841120240903E001.pdf","www.kingcanholdings.com",法說會影音連結資訊:https://drive.google.com/file/d/1PlsSXK6XXeBlpKVP0nzeNPBAn_5IJf1a/view?usp=sharing ,"無","查詢"
"8411","福貞-KY","113/12/19","14:30","台北市中山區建國北路一段96號13樓(台証金融大樓 台北廳會議室)","公司簡介財務、業務及相關發展資訊作說明。","841120241219M001.pdf","841120241219E001.pdf","www.kingcanholdings.com",法說會影音連結資訊:https://drive.google.com/file/d/12qYEkvcBW3G5SgkhhgTSwH8qI7bHFfa6/view?usp=sharing ,"無","查詢"
"8422","可寧衛*","113/03/21","14:30","台北市中正區新生南路一段50號3樓(德信證券)","本公司營運及財務業務狀況說明","842220240319M001.pdf","842220240319E001.pdf","http://www.cleanaway.tw",中文影音檔網址:8422_50_20240321_ch.mp4 ,"本公司受邀參加德信證券法人說明會","查詢"
"8422","可寧衛*","113/06/27","14:30","第一金證券(台北市長安東路一段22號7樓)","本公司營運及財務業務狀況說明。","842220240626M001.pdf","842220240626E001.pdf","http://www.cleanaway.tw",法說會影音連結資訊:未輸 ,"本公司受邀參加第一金證券法人說明會","查詢"
"8422","可寧衛*","113/09/26","14:30","台北市大安區忠孝東路四段219號5樓","本公司營運及財務業務狀況說明。","842220240925M001.pdf","842220240925E001.pdf","http://www.cleanaway.tw/",中文影音檔網址:8422_52_20240926_ch.mp4 ,"本公司受邀參加國泰證券法&#12040;說明會","查詢"
"8422","可寧衛*","113/12/17","14:00","中信證券
台北市南港區經貿二路188號13樓","本公司營運及財務業務狀況說明","842220241212M001.pdf","842220241212E001.pdf","http://www.cleanaway.tw/",中文影音檔網址:8422_53_20241217_ch.mp4 ,"本公司受邀參加中信證券法人說明會","查詢"
"8429","金麗-KY","113/12/05","14:30","台灣證券交易所一樓資訊展示中心(台北市信義區信義路5段7號1樓","本公司受邀參加台灣證券交易所舉辦之財務業務說明會","842920241202M001.pdf","842920241202E001.pdf","http://www.jinligroup.com.tw/zh_TW/news-details/id/50",同步收看網址：:https://webpro.twse.com.tw/webportal/vod/101/?categoryId=101 法說會影音連結資訊:https://webpro.twse.com.tw/WebPortal/vod/101/DD82882FEA3C-DBFF94B1-B2D6-11EF-9A37/?categoryId=101 ,"無","查詢"
"8438","昶昕","113/07/30","14:30","台北市中山區建國北路一段96號12樓(台証金融大樓) 首爾會議室","本公司受台新證券邀請，參加其舉辦之法人說明會，報告公司簡介與營運現況。","843820240726M001.ppt","843820240726E001.ppt","https://www.persee.com.tw/法人說明會-1",中文影音檔網址:8438_5_20240730_ch.MP4 ,"無。","查詢"
"8438","昶昕","113/11/06","14:30","台北市中山區建國北路一段96號B1樓會議室(台証大樓)","本公司受台新證券邀請，參加其舉辦之法人說明會，報告公司簡介與營運現況。","843820241030M002.pptx","843820241030E002.ppt","https://www.persee.com.tw/法人說明會-1",中文影音檔網址:8438_6_20241106_ch.MP4 ,"無。","查詢"
"8442","威宏-KY","113/04/02","14:30","臺灣證券交易所(101大樓)1樓資訊展示中心(台北市信義路五段7號)","本公司受邀參加臺灣證券交易所舉辦之第一上市公司及創新板公司法人說明會","844220240401M001.pdf","844220240401E001.pdf","https://www.ww-holding.com.tw/shareholder/",同步收看網址：:https://webpro.twse.com.tw/WebPortal/?liveChannelId=1 ,"無","查詢"
"8442","威宏-KY","113/05/28","14:30","富邦綜合證券股份有限公司(台北市大安區仁愛路四段376號10樓)","本公司受邀參加富邦證券舉辦之法人說明會，說明本公司之營運概況。","844220240528M001.pdf","844220240528E001.pdf","https://www.ww-holding.com.tw/shareholder/","","無","查詢"
"8442","威宏-KY","113/11/28","10:00","台北君悅酒店(台北市信義區松壽路2號)","本公司受邀參加2024年第四季富邦投資論壇，說明本公司之營運概況。","844220241127M001.pdf","844220241127E001.pdf","https://www.ww-holding.com.tw/shareholder/","","無","查詢"
"8442","威宏-KY","113/09/03","15:30","臺灣證券交易所(101大樓)1樓資訊展示中心(台北市信義路五段7號)","本公司受邀參加臺灣證券交易所舉辦之第一上市公司及創新板公司法人說明會","844220240903M001.pdf","844220240903E001.pdf","https://www.ww-holding.com.tw/shareholder/",同步收看網址：:https://webpro.twse.com.tw/WebPortal/?liveChannelId=1 法說會影音連結資訊:https://webpro.twse.com.tw/WebPortal/vod/101/F305E4EF4A67-694D7D07-69CE-11EF-93AD/?categoryId=101 ,"無","查詢"
"8443","阿瘦","113/11/19","14:00","線上法說會","公司營運概況說明; 本次採Microsoft Teams會議,欲報名者請將: 1.法人機構名稱 2.參加者姓名 3.Email信箱, 寄至本公司投資人信箱:ir@mail.aso.com.tw","844320241119M001.pdf","844320241119E001.pdf","http://www.asogroup.com.tw/invest_info4.aspx",法說會影音連結資訊:https://aso.tw/PQNli ,"本次採Microsoft Teams會議,欲報名者請將相關資訊寄到ir@mail.aso.com.tw","查詢"
"8454","富邦媒","113/11/20 至 113/11/21","09:00","新加坡","本公司受邀參加Morgan Stanley舉辦之 23rd Annual Asia Pacific Summit，說明本公司未來營運發展計劃及113年第三季法說會簡報與其他已公開發佈之財務數字、經營績效等相關資訊。","845420241111M001.pdf","845420241111E001.pdf","https://corp.momo.com.tw/","","無","查詢"
"8454","富邦媒","113/03/04 至 113/03/05","09:00","台北W飯店 (台北市信義區忠孝東路五段10號)","本公司受邀參加Citi主辦之Taiwan Corporate Day 2024，說明本公司未來營運發展計劃及112年第四季法說會簡報與其他已公開發佈之財務數字、經營績效等相關資訊。","845420240226M001.pdf","845420240226E001.pdf","https://corp.momo.com.tw/","","無","查詢"
"8454","富邦媒","113/02/21","14:30","線上會議","本公司將舉辦112年第四季營運報告英文法人說明會，說明本公司未來營運發展計劃及112年第四季法說會簡報與其他已公開發佈之財務數字、經營績效等相關資訊。","845420240221M001.PDF","845420240221E001.pdf","https://corp.momo.com.tw/",法說會影音連結資訊:https://corp.momo.com.tw/investor/investorActivity ,"無","查詢"
"8454","富邦媒","113/05/06","14:30","線上會議","本公司將舉辦113年第一季營運報告英文法人說明會，說明本公司未來營運發展計劃及113年第一季法說會簡報與其他已公開發佈之財務數字、經營績效等相關資訊。","845420240506M001.pdf","845420240506E001.pdf","https://corp.momo.com.tw/",法說會影音連結資訊:https://corp.momo.com.tw/investor/investorActivity ,"無","查詢"
"8454","富邦媒","113/03/19 至 113/03/21","09:00","台北君悅酒店 (台北市信義區松壽路2號)","本公司受邀參加BofA主辦之2024 APAC TMT Conference，說明本公司未來營運發展計劃及112年第四季法說會簡報與其他已公開發佈之財務數字、經營績效等相關資訊。","845420240226M001.pdf","845420240226E001.pdf","https://corp.momo.com.tw/","","無","查詢"
"8454","富邦媒","113/07/15 至 113/07/17","09:00","新加坡","本公司受邀參加國泰證�麥|辦之新加坡路演，說明本公司未來營運發展計劃及113年第一季法說會簡報與其他已公開發佈之財務數字、經營績效等相關資訊。","845420240708M001.pdf","845420240708E001.pdf","https://corp.momo.com.tw/","","無","查詢"
"8454","富邦媒","113/05/29 至 113/05/30","09:00","香港","本公司受邀參加UBS Asian Investment Conference，說明本公司未來營運發展計劃及113年第一季法說會簡報與其他已公開發佈之財務數字、經營績效等相關資訊。","845420240506M001.pdf","845420240506E001.pdf","https://corp.momo.com.tw/","","無","查詢"
"8454","富邦媒","113/05/21 至 113/05/22","09:00","香港","本公司受邀參加高盛主辦之Goldman Sachs TechNet Conference，說明本公司未來營運發展計劃及113年第一季法說會簡報與其他已公開發佈之財務數字、經營績效等相關資訊。","845420240506M001.pdf","845420240506E001.pdf","https://corp.momo.com.tw/","","無","查詢"
"8454","富邦媒","113/04/08 至 113/04/09","09:00","香港","本公司受邀參加Morgan Stanley主辦之North Asia Growth Corporate Day 2024，說明本公司未來營運發展計劃及112年第四季法說會簡報與其他已公開發佈之財務數字、經營績效等相關資訊。","845420240325M001.pdf","845420240325E001.pdf","https://corp.momo.com.tw/","","無","查詢"
"8454","富邦媒","113/12/02 至 113/12/03","09:00","香港","本公司受邀參加 J.P. Morgan 舉辦之香港路演，說明本公司未來營運發展計劃及113年第三季法說會簡報與其他已公開發佈之財務數字、經營績效等相關資訊。","845420241129M001.pdf","845420241129E001.pdf","https://corp.momo.com.tw/","","無","查詢"
"8454","富邦媒","113/06/05 至 113/06/07","09:00","台北 W Hotel","本公司受邀參加 Citi 2024 Taiwan Conference，說明本公司未來營運發展計劃及113年第一季法說會簡報與其他已公開發佈之財務數字、經營績效等相關資訊。","845420240531M001.pdf","845420240531E001.pdf","https://corp.momo.com.tw/","","無","查詢"
"8454","富邦媒","113/08/07","15:30","線上會議","本公司將舉辦113年第二季營運報告英文法人說明會，說明本公司未來營運發展計劃及113年第二季法說會簡報與其他已公開發佈之財務數字、經營績效等相關資訊。","845420240807M001.pdf","845420240807E001.pdf","https://corp.momo.com.tw/",法說會影音連結資訊:https://corp.momo.com.tw/investor/investorActivity ,"無","查詢"
"8454","富邦媒","113/11/04","14:30","線上會議","本公司將舉辦113年第三季營運報告英文法人說明會，說明本公司未來營運發展計劃及113年第三季法說會簡報與其他已公開發佈之財務數字、經營績效等相關資訊。","845420241104M001.pdf","845420241104E001.pdf","https://corp.momo.com.tw/",法說會影音連結資訊:https://corp.momo.com.tw/investor/investorActivity ,"無","查詢"
"8454","富邦媒","113/09/19","15:00","線上會議","本公司受邀參加富邦證券舉辦之法人說明會，說明本公司未來營運發展計劃及113年第二季法說會簡報與其他已公開發佈之財務數字、經營績效等相關資訊。","845420240912M001.pdf","845420240912E001.pdf","https://corp.momo.com.tw/",英文影音檔網址:8454_209_20240919_en.mp4 ,"無","查詢"
"8454","富邦媒","113/09/23 至 113/09/24","09:00","台北W飯店 (台北市信義區忠孝東路五段10號)","本公司受邀參加UBS主辦之 Taiwan Summit 2024，說明本公司未來營運發展計劃及113年第二季法說會簡報與其他已公開發佈之財務數字、經營績效等相關資訊。","845420240912M001.pdf","845420240912E001.pdf","https://corp.momo.com.tw/","","無","查詢"
"8462","柏文","113/08/13","14:30","台北市南京東路五段188號15樓","本公司受邀參加國票綜合證券舉辦之2024年第二季法人說明會","846220240812M002.pdf","846220240812E002.pdf","https://www.powerwindhealth.com.tw/tw/investor/stock?unit-tab=briefing",法說會影音連結資訊:https://drive.google.com/file/d/1UD2mGcYXRZ4ht2CHT1FFV9U-XSIVoZMB/view?usp=drive_link ,"報名相關事宜請洽國票綜合證券李小姐 電話：(02)2528-8275，email:a04946@ibfs.com.tw","查詢"
"8462","柏文","113/12/19","14:30","台北市中山區長安東路一段22號3樓","本公司受邀參加第一金證券舉辦之法人說明會","846220241218M001.pdf","846220241218E001.pdf","https://www.powerwindhealth.com.tw/tw/investor/stock?unit-tab=briefing","","無","查詢"
"8463","潤泰材","113/07/02","16:00","臺灣證券交易所1樓資訊展示中心(台北市信義路五段7號1樓)","本公司營運概況說明","846320240702M001.pdf","846320240702E001.pdf","https://rtm.com.tw/chinese/ir/financial-information-3.php",法說會影音連結資訊:https://webpro.twse.com.tw/WebPortal/vod/101/A1254962C130-7CDC2DBC-3853-11EF-8145/?categoryId=101 ,"無","查詢"
"8463","潤泰材","113/12/04","16:00","臺灣證券交易所1樓資訊展示中心(台北市信義路五段7號1樓)","本公司營運概況說明","846320241204M002.pdf","846320241204E002.pdf","https://rtm.com.tw/chinese/ir/financial-information-3.php",法說會影音連結資訊:https://webpro.twse.com.tw/WebPortal/vod/101/DD82882FEA3C-F7D6077E-B219-11EF-9A37/?categoryId=101 ,"無","查詢"
"8464","億豐","113/11/19","10:00","台北君悅酒店","本公司受邀參加麥格理證券(Macquarie Capital)舉辦的論壇。","846420241111M001.pdf","846420241111E001.pdf","http://www.nienmade.com.tw/ShareholderArea.aspx","","無","查詢"
"8464","億豐","113/11/26","10:00","台北遠東香格里拉飯店","本公司受邀參加花旗證券舉辦的論壇。","846420241111M001.pdf","846420241111E001.pdf","http://www.nienmade.com.tw/ShareholderArea.aspx","","無","查詢"
"8464","億豐","113/11/12","14:30","線上會議","本公司受邀參加合庫證券舉辦的線上會議。","846420241111M001.pdf","846420241111E001.pdf","http://www.nienmade.com.tw/ShareholderArea.aspx",中文影音檔網址:8464_57_20241112_ch.mp4 ,"無","查詢"
"8464","億豐","113/11/15","10:00","線上會議","本公司受邀參加摩根大通證券(J.P. Morgan Securities)舉辦的線上會議。","846420241111M001.pdf","846420241111E001.pdf","http://www.nienmade.com.tw/ShareholderArea.aspx","","無","查詢"
"8464","億豐","113/03/20","10:00","台北君悅酒店(台北市松壽路2號)","本公司受邀參加美林證券(BofA Securities)舉辦的論壇。","846420240319M001.pdf","846420240319E001.pdf","http://www.nienmade.com.tw/ShareholderArea.aspx","","無","查詢"
"8464","億豐","113/04/09 至 113/04/10","09:00","Conrad Hong Kong (Pacific Place, 88 Queensway, Hong Kong)","本公司受邀參加匯豐證券(HSBC)舉辦的論壇。","846420240408M001.pdf","846420240408E001.pdf","http://www.nienmade.com.tw/ShareholderArea.aspx","","無","查詢"
"8464","億豐","113/06/06","10:00","W Hotel (Taipei)","本公司受邀參加花旗證券(Citi)舉辦的論壇。","846420240605M001.pdf","846420240605E001.pdf","http://www.nienmade.com.tw/ShareholderArea.aspx","","無","查詢"
"8466","美吉吉-KY","113/05/31","15:15","統一證券13樓會議室(台北市東興路8號13樓)","本公司受邀參加統一證券舉辦之法人說明會。","846620240530M001.pdf","846620240530E001.pdf","http://www.mjig.com/",中文影音檔網址:8466_23_20240531_ch.mp4 ,"完整財務業務資訊請至公開資訊觀測站之法人說明會一覽表或法說會項目下查閱。","查詢"
"8466","美吉吉-KY","113/09/06","14:00","富邦證券15樓會議室(台北市仁愛路四段169號15樓)","本公司受邀參加富邦證券舉辦之法人說明會","846620240905M001.pdf","846620240905E001.pdf","http://www.mjig.com/",中文影音檔網址:8466_24_20240906_ch.mp4 ,"完整財務業務資訊請至公開資訊觀測站之法人說明會一覽表或法說會項目下查閱。","查詢"
"8467","波力-KY","113/04/15","15:30","臺灣證券交易所1樓資訊展示中心(台北市信義路五段7號)","本公司受邀參加臺灣證券交易所舉辦之財務業務說明會，就本公司已公開發布之財務數字、經營績效等相關資訊做說明。","846720240415M001.pdf","846720240415E001.pdf","http://www.bonnyworldwide.com/tw/investment/index.aspx?kind=13",同步收看網址：:https://webpro.twse.com.tw/webportal/?liveChannelId=1 法說會影音連結資訊:https://webpro.twse.com.tw/webportal/vod/101/AFA37D874E81-3B6268B1-FB04-11EE-B985/?categoryId=101 ,"相關資料將登載於公司網站及公開資訊觀測站。","查詢"
"8467","波力-KY","113/09/11","15:20","台北集思北科大會議中心3樓會議室","本公司受邀參加凱基證券舉辦之2024第三季投資論壇，就本公司已公開發布之財務數字、經營績效等相關資訊做說明。","846720240911M001.pdf","846720240911E001.pdf","https://www.bonnyworldwide.com/tw/investment/index.aspx?kind=26",法說會影音連結資訊:未輸 ,"相關資料將登載於公司網站及公開資訊觀測站。","查詢"
"8473","山林水","113/12/09","14:30","台北市忠孝東路二段95號13樓","本公司受邀參加兆豐證券舉辦之法人說明會","847320241209M001.pdf","847320241209E001.pdf","http://www.mfw.com.tw",法說會影音連結資訊:https://drive.google.com/file/d/1Et4aP-_B3ABKEpMNVIQSeMbWJ7F7WOny/view?usp=sharing ,"https://forms.gle/XR9FrdWeTCYQPMX2A","查詢"
"8476","台境*","113/12/17","14:30","凱基證券總公司
台北市中山區明水路700號","本公司受邀參加凱基證券於113年12月17日舉辦之法人說明會， 說明本公司營運報告及未來展望","847620241216M001.pdf","847620241216E001.pdf","",中文影音檔網址:8476_7_20241217_ch.mp4 ,"無","查詢"
"8478","東哥遊艇","113/03/04","14:00","線上+實體法說會(大和台北辦公室 台北市基隆路一段200號13樓)","大和國泰證券舉辦之法人說明會，說明2023年營運狀況及未來展望","847820240304M001.pdf","847820240304E001.pdf","http://www.oceanalexander.com.tw/cn/investor/investor2024.jsp",同步收看網址：:https://daiwacm.zoom.us/j/93799161069 法說會影音連結資訊:http://www.oceanalexander.com.tw/doc/investor/investor_activity/2024/東哥_2023營運簡報_video.mp4 ,"無","查詢"
"8478","東哥遊艇","113/08/13","14:00","台北市大安區敦化南路二段333號18樓(國泰證券大樓)","說明2024年上半年財務及業務相關資訊","847820240813M001.PDF","847820240813E001.PDF","http://www.oceanalexander.com.tw/cn/investor/investor2024.jsp",法說會影音連結資訊:https://reurl.cc/adNod4 ,"無","查詢"
"8478","東哥遊艇","113/11/11","14:00","宏遠證券-北市信義路四段236號7樓","宏遠證券舉辦之法人說明會，說明公司營運及財務狀況及未來展望","847820241111M001.PDF","847820241111E001.PDF","http://www.oceanalexander.com.tw/cn/investor/investor2024.jsp",:未輸 法說會影音連結資訊:https://youtu.be/ZK9d6C7s2Ws ,"無","查詢"
"8481","政伸","113/05/16","14:30","宏遠證券 台北市信義路四段236號7樓 702會議室","本公司受邀參加宏遠證券舉辦之法人說明會","848120240514M001.pdf","848120240514E001.pdf","https://www.transart.com.tw/investor/index/1/10",中文影音檔網址:8481_14_20240516_ch.mp4 ,"無","查詢"
"8481","政伸","113/12/05","14:30","第一金證券7樓會議室(台北市中山區長安東路一段22號7樓)","本公司受邀參加第一金證券舉辦之法人說明會","848120241202M001.pdf","848120241202E001.pdf","https://www.transart.com.tw/investor/index/1/10",中文影音檔網址:8481_15_20241205_ch.mp4 ,"無","查詢"
"8482","商億-KY","113/12/17","15:00","德信證券-台北市中正區新生南路一段50號3樓(忠孝新生捷運站2號出口)","本公司受邀參加德信證券舉辦之『法人說明會』","848220241213M001.pdf","848220241213E001.pdf","https://www.shaneglobal.com.tw/investor/shareholders/institutional_investors/",中文影音檔網址:8482_15_20241217_ch.mp4 ,"無","查詢"
"8487","愛爾達-創","113/03/01","14:30","台北君悅酒店三樓凱悅廳I區宴會廳 (台北市信義區松壽路2號)","本次業績發表會將由本公司經營團隊說明產業發展、財務、業務狀況、未來風險、公司治理及企業社會責任、臺灣證券交易所股份有限公司董事會暨上市審議委員會要求補充揭露事項。","848720240229M001.pdf","848720240229E001.pdf","https://www.elta.com.tw/investor/investor_conference","","相關資訊請至公開資訊觀測站之法人說明會一覽表或法說會項目下查閱。","查詢"
"8487","愛爾達-創","113/01/15","16:30","臺灣證券交易所(101大樓)1樓資訊展示中心","本公司受邀臺灣證券交易所主辦之創新板主題式業績發表會","848720240201M001.pdf","848720240201E001.pdf","https://webpro.twse.com.tw/WebPortal/vod/101/D5A48759DF86-80576838-B388-11EE-8BD2/?categoryId=101","","相關資訊請至公開資訊觀測站之法人說明會一覽表或法說會項目下查閱。","查詢"
"8487","愛爾達-創","113/12/10","14:30","宏遠證券總公司702會議廳(台北市大安區信義路四段236號7樓)","本公司受邀參加宏遠證券舉辦之法人說明會，說明本公司營運概況及未來展望。","848720250103M001.pdf","848720250103E001.pdf","https://www.elta.com.tw/investor/investor_conference",法說會影音連結資訊:https://www.elta.com.tw/investor/investor_conference ,"相關資訊請至公開資訊觀測站之法人說明會一覽表或法說會項目下查詢。","查詢"
"8488","吉源-KY","113/12/09","14:30","臺灣證券交易所(101大樓)1樓資訊展示中心","本公司受邀參加台灣證券交易所舉辦之外國上市公司財務業務說明會","848820241206M001.pdf","848820241206E001.pdf","",同步收看網址：:https://webpro.twse.com.tw/webportal/?liveChannelId=1 法說會影音連結資訊:https://webpro.twse.com.tw/webportal/vod/101/DD82882FEA3C-E9861B01-B600-11EF-9A37/?categoryId=101 ,"無","查詢"
"8499","鼎炫-KY","113/11/26","14:00","線上法說會","本公司受邀參加元大證券舉辦之線上法人說明會，就產業狀況及已公開財報、業務等相關資訊做說明","849920241126M001.pdf","849920241126E001.pdf","",中文影音檔網址:8499_19_20241126_ch.mp4 ,"無","查詢"
"8926","台汽電","113/11/27","14:30","線上法人說明會","本公司受邀參加第一金證券舉辦之線上法人說明會，說明113年第3季財務業務相關資訊。","892620241127M001.pdf","892620241127E001.pdf","https://www.cogen.com.tw/investors/law",法說會影音連結資訊:未輸 ,"無","查詢"
"8926","台汽電","113/03/20","15:00","線上法人說明會","本公司受邀參加玉山證券舉辦之線上法人說明會，說明112年度財務業務相關資訊。","892620240320M001.pdf","892620240320E001.pdf","https://www.cogen.com.tw/investors/law",中文影音檔網址:8926_27_20240320_ch.mp4 ,"無","查詢"
"8926","台汽電","113/05/23","14:30","線上法人說明會","本公司受邀參加中國信託證券舉辦之線上法人說明會，說明113年第1季財務業務相關資訊。","892620240523M001.pdf","892620240523E001.pdf","https://www.cogen.com.tw/investors/law",中文影音檔網址:8926_28_20240523_ch.mp4 ,"無","查詢"
"8926","台汽電","113/08/28","14:30","線上法人說明會","本公司受邀參加統一證券舉辦之線上法人說明會，說明113年第2季財務業務相關資訊。","892620240828M001.pdf","892620240828E001.pdf","https://www.cogen.com.tw/investors/law",法說會影音連結資訊:未輸 ,"無","查詢"
"8940","新天地","113/11/20","14:30","台中市北屯區崇德五路345號2樓","本公司2024年度營運報告","894020241120M001.pdf","894020241120E001.pdf","https://www.newpalace.com.tw/finance03",法說會影音連結資訊:https://www.youtube.com/watch?v=94hw9dNl9YA ,"無","查詢"
"8996","高力","113/11/13","13:50","台北遠東香格里拉
台北市大安區敦化南路二段201號","本公司受邀參加CLSA舉辦之「Taiwan Market Mover 2025 Access Day」法人說明會，說明本公司之營運狀況。","899620241113M002.pptx","899620241113E002.pptx","https://www.kaori.com.tw/tw/modules/investors/meeting","","無","查詢"
"8996","高力","113/05/13 至 113/05/16","14:30","新加坡及香港","公司簡介與營運狀況說明","899620240510M001.pdf","899620240510E001.pdf","https://www.kaori.com.tw/tw/modules/investors/meeting","","受邀參加凱基證券舉辦之法說會。","查詢"
"8996","高力","113/05/31","10:00","UBS Securities Taipei (台北市信義區松仁路7號5F)","本公司受邀參加UBS Securities舉辦之UBS Taiwan AI-Focused Corporate Day 2024法說會，說明營運績效等","899620240510M001.pdf","899620240510E001.pdf","https://www.kaori.com.tw/tw/modules/investors/meeting","","會議細節請洽UBS證券","查詢"
"8996","高力","113/06/12","15:15","君悅酒店(台北市信義區松壽路2號3樓）","本公司受邀參加統一證券舉辦2024Q2全球展望夏季投資論壇，說明本公司營運成果。","899620240611M001.pdf","899620240611E001.pdf","https://www.kaori.com.tw/tw/modules/investors/meeting",中文影音檔網址:8996_11_20240612_ch.mp4 ,"無","查詢"
"8996","高力","113/09/19 至 113/09/20","09:00","香港
(Island Shangri-La Hotel)","本公司受邀參加Macquarie舉辦之Asia TMT Conference 2024，說明公司簡介與營運狀況。","899620240830M001.pptx","899620240830E001.pptx","https://www.kaori.com.tw/tw/modules/investors/meeting","","無","查詢"
"8996","高力","113/09/03","11:00","台北W飯店
(台北市信義區忠孝東路五段10號)","本公司受邀參加花旗證券舉辦之AI Tech Tour 2024，說明公司簡介與營運狀況。","899620240830M001.pptx","899620240830E001.pptx","https://www.kaori.com.tw/tw/modules/investors/meeting","","無","查詢"
"8996","高力","113/09/03","15:00","台北君悅酒店
(台北市信義區松壽路2號)","本公司受邀參加高盛證券舉辦之Taiwan Corporate Day 2024，說明公司簡介與營運狀況。","899620240830M001.pptx","899620240830E001.pptx","https://www.kaori.com.tw/tw/modules/investors/meeting","","無","查詢"
"8996","高力","113/09/04","12:00","台北文華東方酒店
(台北市松山區敦化北路158號)","本公司受邀參加Morgan Stanley舉辦之Taiwan AI Forum 2024，說明公司簡介與營運狀況。","899620240830M001.pptx","899620240830E001.pptx","https://www.kaori.com.tw/tw/modules/investors/meeting","","無","查詢"
"8996","高力","113/05/29","15:15","台北晶華酒店4樓(台北市中山北路二段39巷3號)","本公司受邀參加台新2024年第二季全球投資論壇，將於上述時間地點，向法人投資者就已公開發佈之財務數字、經營績效等相關資訊做說明。","899620240510M001.pdf","899620240510E001.pdf","https://www.kaori.com.tw/tw/modules/investors/meeting","","無","查詢"
"8996","高力","113/12/12","14:30","兆豐證券總公司13樓會議廳
(台北市中正區忠孝東路2段95號13樓)","本公司受邀參加兆豐證券舉辦之法人說明會，說明本公司營運成果及未來展望。","899620241212M001.pptx","899620241212E001.pptx","https://www.kaori.com.tw/tw/modules/investors/meeting",中文影音檔網址:8996_19_20241212_ch.mp4 ,"無","查詢"
"8996","高力","113/09/23","14:00","台北W飯店
(台北市信義區忠孝東路五段10號)","本公司受邀參加UBS Securities舉辦之 Taiwan Summit 2024，說明公司簡介與營運狀況。","899620240830M001.pptx","899620240830E001.pptx","https://www.kaori.com.tw/tw/modules/investors/meeting","","無","查詢"
"8996","高力","113/11/13","15:10","台北101大樓88樓
(台北市信義區信義路5段7號88樓)","本公司受邀參加黑石財經舉辦之「戰略臺灣投資論壇」法人說明會，說明本公司之營運狀況。","899620241113M001.pptx","899620241113E001.pptx","https://www.kaori.com.tw/tw/modules/investors/meeting","","無","查詢"
"9802","鈺齊-KY","113/05/08","14:00","國票金控大樓-7樓會議室(台北市中山區樂群三路128號7樓)","說明本公司營運概況及未來經營策略暨展望。","980220240508M001.pdf","980220240508E001.pdf","https://www.fulgentsun.com/investors05_1.asp",中文影音檔網址:9802_77_20240508_ch.mp4 ,"無。","查詢"
"9802","鈺齊-KY","113/03/07","14:30","台北君悅酒店(台北市信義區松壽路2號3樓)","受邀參加富邦證券舉辦之法人說明會，就本公司財務及業務相關資訊做說明。","980220240307M001.pdf","980220240307E001.pdf","https://www.fulgentsun.com/investors05_1.asp","","無。","查詢"
"9802","鈺齊-KY","113/08/01","14:00","第一金證券二樓會議室(台北市中山區長安東路一段35號)。","說明本公司營運成果以及未來展望。","980220240801M001.pdf","980220240801E001.pdf","https://www.fulgentsun.com/investors05_1.asp","","無。","查詢"
"9802","鈺齊-KY","113/12/12","14:00","台北市松山區民生東路三段115號14樓。","說明本公司營運狀況以及未來展望。","980220241212M001.pdf","980220241212E001.pdf","https://www.fulgentsun.com/investors05_1.asp",中文影音檔網址:9802_79_20241212_ch.mp4 ,"無。","查詢"
"9902","台火","113/11/25","14:30","線上法人說明會","本公司受邀參加玉山證券舉辦之線上法人說明會,說明本公司之業務及財務概況","990220241125M001.pdf","990220241125E001.pdf","https://www.tidehold.com/investor/investor.html#legal_briefing_session",中文影音檔網址:9902_9_20241125_ch.mp4 ,"報名請洽玉山證券02-55561313分機6198王先生","查詢"
"9902","台火","113/05/22","14:00","線上法人說明會","本公司受邀參加玉山證券舉辦之線上法人說明會,說明本公司之業務及財務狀況","990220240522M001.pdf","990220240522E001.pdf","https://www.tidehold.com/investor/investor.html#legal_briefing_session",中文影音檔網址:9902_8_20240522_ch.mp4 ,"報名請洽玉山證券02-55561313分機6198駱先生或分機6195詹小姐","查詢"
"9904","寶成","113/03/22","14:30","線上法說會","應邀參加富邦證券舉辦之法人說明會，介紹本公司及說明112年第四季營運績效","990420240321M001.pdf","990420240321E001.pdf","http://www.pouchen.com/",中文影音檔網址:9904_64_20240322_ch.mp4 ,"無","查詢"
"9904","寶成","113/11/20","14:00","台北文創-台北市信義區菸廠路88號6F","應邀參加元富證券舉辦之法人說明會，介紹本公司及說明113年第三季營運績效","990420241119M001.pdf","990420241119E001.pdf","http://www.pouchen.com/","","無","查詢"
"9904","寶成","113/06/07","14:35","台北喜來登大飯店","應邀參加國泰證券舉辦之法人說明會，介紹本公司及說明113年第一季營運績效","990420240606M001.pdf","990420240606E001.pdf","http://www.pouchen.com/",中文影音檔網址:9904_65_20240607_ch.mp4 ,"無","查詢"
"9904","寶成","113/08/23","14:00","線上法說會","應邀參加富邦證券舉辦之法人說明會，介紹本公司及說明113年第二季營運績效","990420240822M001.pdf","990420240822E001.pdf","http://www.pouchen.com/","","無","查詢"
"9905","大華","113/05/17","14:00","本次中文法人說明會採網路直播方式進行。","公司營運現況及未來展望說明","990520240517M001.pdf","990520240517E001.pdf","http://www.greatchina.com.tw/invest_new.html",中文影音檔網址:9905_9_20240517_ch.mp4 ,"完整財務業務資訊請至公開資訊觀測站之法人說明會一覽表或法說會項目下查閱。","查詢"
"9905","大華","113/10/08","14:00","本次中文法人說明會採網路直播方式進行。","公司營運現況及未來展望說明","990520241008M001.pdf","990520241008E001.pdf","http://www.greatchina.com.tw/invest_new.html",中文影音檔網址:9905_10_20241008_ch.mp4 ,"完整財務業務資訊請至公開資訊觀測站之法人說明會一覽表或法說會項目下查閱。","查詢"
"9906","欣巴巴","113/07/11","15:30","宏遠證券703會議室(台北市大安區信義路四段236號7樓)","本公司受邀參加IR Trust與宏遠證券舉辦之法人說明會，說明營運現況及前景。","990620240709M001.pdf","990620240709E001.pdf","https://www.hsinbaba.com.tw/",中文影音檔網址:9906_18_20240711_ch.mp4 ,"報名請洽IR Trust Vicky (02)2585-5701","查詢"
"9906","欣巴巴","113/07/03","14:30","台北市敦化南路二段218號5樓(國泰證券)","本公司受邀參加國泰綜合證券舉辦之法人說明會，說明營運現況及前景。","990620240701M001.pdf","990620240701E001.pdf","https://www.hsinbaba.com.tw/",中文影音檔網址:9906_17_20240703_ch.mp4 ,"報名請洽國泰證券，Email：leo.du@cathaysec.com.tw","查詢"
"9907","統一實","113/03/15","14:00","台北","本公司預計與統一企業、統一中控及大統益於113/03/15舉行聯合法說會，報告本公司112年度營運及財務狀況。","990720240315M001.pdf","990720240315E001.pdf","http://www.tonyi.com.tw/cusPage.php?id=249",中文影音檔網址:9907_29_20240315_ch.mp4 ,"無","查詢"
"9907","統一實","113/08/09","14:30","線上法說會","本公司受邀參加第一金證券舉辦之線上法說會，說明本公司113年第一季之營運狀況及公司近況。","990720240809M001.pdf","990720240809E001.pdf","https://www.tonyi.com.tw/cusPage.php?id=249","","無","查詢"
"9907","統一實","113/09/25","14:30","線上法說會","本公司受邀參加統一證券舉辦之線上法說會，說明本公司113年上半年之營運狀況及公司近況。","990720240925M001.pdf","990720240925E001.pdf","http://www.tonyi.com.tw/cusPage.php?id=249",中文影音檔網址:9907_31_20240925_ch.mp4 ,"無","查詢"
"9907","統一實","113/12/20","14:00","線上法說會","本公司受邀參加第一金證券舉辦之線上法說會，說明本公司113年第三季之營運狀況及公司近況。","990720241220M001.pdf","990720241220E001.pdf","http://www.tonyi.com.tw/cusPage.php?id=249","","無","查詢"
"9908","大台北","113/11/08","16:00","台灣證交所一樓資訊展示中心(台北市信義路5段7號)","本公司近期財務及營運概況說明","990820241107M001.pdf","990820241107E001.pdf","https://www.taipeigas.com.tw/IR/shareholder_2",法說會影音連結資訊:https://webpro.twse.com.tw/webportal/vod/101/4F9CE0A5F132-8CE378B8-9DAF-11EF-97A4/?categoryId=101 ,"無","查詢"
"9910","豐泰","113/11/20","13:20","台北晶華酒店4F(台北市中山北路二段39巷3號)","說明本公司之營運與財務概況","991020241118M002.pdf","991020241118E002.pdf","https://www.fengtay.com","","無","查詢"
"9910","豐泰","113/11/20","10:00","台北君悅酒店 (台北市松壽路2號)","說明本公司之營運與財務概況.","991020241118M001.pdf","991020241118E001.pdf","https://www.fengtay.com","","無","查詢"
"9910","豐泰","113/06/07","13:30","台北喜來登大飯店(台北市中正區忠孝東路一段12號)","說明本公司之營運與財務概況.","991020240531M001.pdf","991020240531E001.pdf","https://www.fengtay.com","","無.","查詢"
"9910","豐泰","113/03/05","11:20","台北文創6F (台北市信義區菸廠路88號)","說明本公司之營運與財務概況.","991020240301M002.pdf","991020240301E002.pdf","https://www.fengtay.com",中文影音檔網址:9910_59_20240305_ch.mp4 ,"無.","查詢"
"9910","豐泰","113/03/19","13:00","台北君悅酒店 (台北市松壽路2號)","說明本公司之營運與財務概況.","991020240315M001.pdf","991020240315E001.pdf","https://www.fengtay.com","","無.","查詢"
"9910","豐泰","113/06/04","14:00","台北君悅酒店 (台北市松壽路2號)","說明本公司之營運與財務概況.","991020240531M001.pdf","991020240531E001.pdf","https://www.fengtay.com","","無.","查詢"
"9910","豐泰","113/09/19","13:30","台北晶華酒店4F(台北市中山北路二段39巷3號)","說明本公司之營運與財務概況.","991020240912M001.pdf","991020240912E001.pdf","https://www.fengtay.com",中文影音檔網址:9910_63_20240919_ch.mp4 ,"無","查詢"
"9911","櫻花","113/06/13","15:20","台北茹曦酒店(台北市松山區敦化北路100號2樓會議室)","本公司受邀參加凱基證券舉辦之2024年第二季投資論壇，說明本公司經營績效與營運展望。","991120240612M001.pdf","991120240612E001.pdf","https://www.sakura.com.tw/FinancialInformation",法說會影音連結資訊:https://drive.google.com/file/d/1Kdwil3ZdFyB1FCnft2rrTLJeFgPtGp8c/view 113.06.13台灣櫻花法說會:https://youtu.be/zp09DplUAw0 ,"無。","查詢"
"9911","櫻花","113/12/04","09:30","台北晶華酒店4F(台北市中山北路二段39巷3號)","本公司受邀參加元大證券舉辦之2024年第四季投資論壇，說明本公司經營績效與營運展望。","991120241203M001.pdf","991120241203E001.pdf","https://www.sakura.com.tw/FinancialInformation",中文影音檔網址:9911_18_20241204_ch.mp4 ,"無。","查詢"
"9912","偉聯","113/06/25","14:00","台北市信義區信義路五段7號1樓(證交所資訊展示中心)","公司簡介及營運概況等說明","991220240624M001.pdf","991220240624E001.pdf","https://www.agneovo.com/tw/corporate-governance/corporate-briefing-session",法說會影音連結資訊:https://webpro.twse.com.tw/webportal/vod/101/F366F07C1DC0-B4976762-32C2-11EF-BE75/?categoryId=101 ,"無","查詢"
"9914","美利達","113/03/26","15:00","線上法說會","受邀參加富邦證�麥|辦線上法人說明會","991420240326M001.pdf","991420240326E001.pdf","https://www.merida-bikes.com/zh-tw/p/tou-zi-ren-zi-xuninvestors/tou-zi-ren-zi-xun-352.html",中文影音檔網址:9914_18_20240326_ch.mp4 ,"無","查詢"
"9914","美利達","113/12/18","15:00","線上法說會","受邀參加凱基證券舉辦線上法人說明會","991420241218M001.pdf","991420241218E001.pdf","https://www.merida-bikes.com/zh-tw/p/tou-zi-ren-zi-xuninvestors/tou-zi-ren-zi-xun-352.html",中文影音檔網址:9914_20_20241218_ch.mp4 ,"無","查詢"
"9914","美利達","113/08/28","15:00","線上法說會","受邀參加元大證券舉辦線上法人說明會","991420240827M002.pdf","991420240827E002.pdf","https://www.merida-bikes.com/zh-tw/p/tou-zi-ren-zi-xuninvestors/tou-zi-ren-zi-xun-352.html",中文影音檔網址:9914_19_20240828_ch.mp4 ,"無","查詢"
"9917","中保科","113/01/04","14:00","中興保全科技會議室","本公司受邀參加元大證券所舉辦之「法人線上會議」，說明本公司2023年第三季營運成果及營運展望","991720240104M001.pdf","991720240104E001.pdf","https://www.secom.com.tw/investors.html?cid=83","","無","查詢"
"9917","中保科","113/03/28","16:00","中興保全科技會議室","本公司受邀參加第一金證券所舉辦之「法人線上會議」，
說明本公司2023年營運成果及營運展望","991720240328M001.pdf","991720240328E001.pdf","https://www.secom.com.tw/investors.html?cid=83","","無","查詢"
"9917","中保科","113/06/11","14:30","中興保全科技會議室","本公司受邀參加凱基證券所舉辦之「法人線上會議」，
說明本公司2024年第一季營運成果及營運展望。","991720240611M001.pdf","991720240611E001.pdf","https://www.secom.com.tw/investors.html?cid=83",中文影音檔網址:9917_37_20240611_ch.mp4 ,"無","查詢"
"9917","中保科","113/09/24","14:00","中興保全科技會議室","本公司受邀參加凱基證券所舉辦之「法人線上會議」，
說明本公司2024年第二季營運成果及營運展望。","991720240924M001.pdf","991720240924E001.pdf","https://www.secom.com.tw/investors.html?cid=83",中文影音檔網址:9917_38_20240924_ch.mp4 ,"無","查詢"
"9917","中保科","113/12/11","14:00","中興保全科技會議室","本公司受邀參加凱基證券所舉辦之「法人線上會議」，
說明本公司2024年第三季營運成果及營運展望","991720241211M001.pdf","991720241211E001.pdf","https://www.secom.com.tw/investors.html?cid=83","","無","查詢"
"9918","欣天然","113/03/29","14:30","臺灣證券交易所101辦公大樓一樓資訊展示中心 (台北市信義路五段7號1樓)","說明本公司營運狀況及業務展望。","991820240329M001.pdf","991820240329E001.pdf","https://www.shinshingas.com.tw/Investor_Conference.html",法說會影音連結資訊:https://webpro.twse.com.tw/webportal/vod/101/E7EC82F4C811-97D6CD3F-ED99-11EE-A5C9/?categoryId=101 ,"無","查詢"
"9918","欣天然","113/08/30","14:30","臺灣證券交易所101辦公大樓一樓資訊展示中心 (台北市信義路五段7號1樓)","說明本公司營運狀況及業務展望。","991820240830M001.pdf","991820240830E001.pdf","https://www.shinshingas.com.tw/Investor_Conference.html",法說會影音連結資訊:https://webpro.twse.com.tw/WebPortal/vod/101/F305E4EF4A67-58B7C8AE-669E-11EF-93AD/?categoryId=101 ,"無","查詢"
"9919","康那香","113/03/04","14:00","凱基證券線上法人說明會","本公司受邀參加凱基證券舉辦之線上法人說明會，進行本公司民國112年度財務業務及已公開財務數字之相關資訊說明。","991920240301M001.pdf","991920240301E001.pdf","https://www.knh.com.tw/share3-8.html",中文影音檔網址:9919_20_20240304_ch.mp4 ,"無。","查詢"
"9919","康那香","113/10/24","14:30","凱基證券線上法人說明會","本公司受邀參加凱基證券舉辦之線上法人說明會，進行本公司民國113年度上半年財務業務及已公開財務數字之相關資訊說明。","991920241023M001.pdf","991920241023E001.pdf","https://www.knh.com.tw/share3-8.html",中文影音檔網址:9919_21_20241024_ch.mp4 ,"無。","查詢"
"9921","巨大","113/11/14","16:00","線上電話會議","本公司受邀參加 Morgan Stanley舉辦 
3Q24 Post-Earnings Conference Call","992120241112M001.pdf","992120241112E001.pdf","https://www.giantgroup-cycling.com/ir-shareholderconference",英文影音檔網址:9921_147_20241114_en.mp3 ,"無","查詢"
"9921","巨大","113/02/19","10:00","Grand Hyatt Hotel, Taipei","本公司受邀參加J.P. Morgan Taiwan CEO-CFO Conference 2024","992120240216M001.pdf","992120240216E001.pdf","https://www.giantgroup-cycling.com/ir-shareholderconference","","無","查詢"
"9921","巨大","113/03/05","11:00","W Hotel, Taipei","本公司受邀參加Citi Taiwan Corporate Day 2024","992120240216M001.pdf","992120240216E001.pdf","https://www.giantgroup-cycling.com/ir-shareholderconference","","無","查詢"
"9921","巨大","113/06/06","09:00","W Hotel, Taipei","本公司受邀參加
Citi’s 2024 Taiwan Tech Conference","992120240605M001.pdf","992120240605E001.pdf","https://www.giantgroup-cycling.com/ir-shareholderconference","","無","查詢"
"9921","巨大","113/05/13 至 113/05/14","09:00","Conrad Hong Kong","本公司受邀參加於香港舉辦的Macquarie Asia Conference 2024","992120240509M001.pdf","992120240509E001.pdf","https://www.giantgroup-cycling.com/ir-shareholderconference","","無","查詢"
"9921","巨大","113/09/10 至 113/09/12","09:00","香港","本公司受邀參加於香港舉辦的31st CITIC CLSA Investors","992120240903M001.pdf","992120240903E001.pdf","https://www.giantgroup-cycling.com/ir-shareholderconference","","無","查詢"
"9921","巨大","113/09/19","10:50","台北晶華酒店","本公司受邀參加元大證券於台北舉辦的 &quot;2024年第三季投資論壇&quot;","992120240903M001.pdf","992120240903E001.pdf","https://www.giantgroup-cycling.com/ir-shareholderconference",中文影音檔網址:9921_145_20240919_ch.mp3 ,"無","查詢"
"9921","巨大","113/09/24","09:00","W Hotel, Taipei","本公司受邀參加UBS於台北舉辦的&quot;UBS Taiwan Summit 2024&quot;","992120240903M001.pdf","992120240903E001.pdf","https://www.giantgroup-cycling.com/ir-shareholderconference","","無","查詢"
"9924","福興","113/11/25","14:00","台北市仁愛路四段169號15樓(富邦金融大樓)","本公司受邀參加富邦證券舉辦之法人說明會， 
會中將針對公司近期之營運概況做說明。","992420241125M001.pdf","992420241125E001.pdf","http://www.fuhsing.com.tw/conference",中文影音檔網址:9924_15_20241125_ch.mp4 ,"簡報內容於當日會後公告於公開資訊觀測站。","查詢"
"9924","福興","113/03/08","14:00","台北市大安區信義路四段236號7樓(宏遠證券)","本公司受邀參加宏遠證券舉辦之法人說明會，
會中將針對公司近期之營運概況做說明。","992420240308M001.pdf","992420240308E001.pdf","http://www.fuhsing.com.tw/conference",中文影音檔網址:9924_14_20240308_ch.mp4 ,"簡報內容於當日會後公告於公開資訊觀測站。","查詢"
"9925","新保","113/04/26","16:00","新保智慧生活體驗館(台北市建國北路1段126號1樓)","本公司近期營運概況說明","992520240426M001.pdf","992520240426E001.pdf","https://www.sks.com.tw/Shareholder#list-finance&#list-corporation",法說會影音連結資訊:https://webpro.twse.com.tw/WebPortal/vod/101/01145E0D7136-333B65E5-03B1-11EF-A8F6/?categoryId=101 ,"無","查詢"
"9925","新保","113/12/19","14:30","新保智慧生活體驗館(台北市建國北路1段126號1樓)","本公司近期營運概況說明","992520241219M001.pdf","992520241219E001.pdf","https://www.sks.com.tw/Shareholder#list-finance&#list-corporation",法說會影音連結資訊:https://webpro.twse.com.tw/WebPortal/vod/101/87199C8DF71A-3EC47143-BDE0-11EF-9C4F/?categoryId=101 ,"無","查詢"
"9926","新海","113/09/16","14:00","台北市信義區信義路五段7號1樓 證券交易所資訊展示中心","說明本公司113年度Q2財務暨營運報告","992620240912M001.pdf","992620240912E001.pdf","https://www.shinhaigas.com.tw/shareholder",法說會影音連結資訊:https://webpro.twse.com.tw/webportal/vod/101/AB9C3FE727C8-CF0A9FDE-73FB-11EF-B683/?categoryId=101 ,"無","查詢"
"9927","泰銘","113/11/26","14:00","大眾財經大樓(高雄市前鎮區中山二路2號九樓之一)","台新綜合證券股份有限公司舉辦之「台新證券聯合法人說明會」","992720241126M001.pdf","992720241126E001.pdf","http://tmicl.com.tw/inside-c-11.html",法說會影音連結資訊:http://tmicl.com.tw/btndata4/btn4-5.MP4 ,"無","查詢"
"9927","泰銘","113/08/16","14:00","大眾財經大樓(高雄市前鎮區中山二路2號九樓之一)","台新綜合證券股份有限公司舉辦之「台新證券聯合法人說明會」","992720240816M001.pdf","992720240816E001.pdf","www.tmicl.com.tw",法說會影音連結資訊:http://tmicl.com.tw/btndata4/btn4-5-1.MP4 ,"無","查詢"
"9928","中視","113/11/22","15:00","中國電視事業股份有限公司(台北市南港區重陽路118號第二大廈3樓)","本公司受邀參加凱基證券舉辦之法人說明會","992820241122M001.pdf","992820241122E001.pdf","",中文影音檔網址:9928_8_20241122_ch.mp4 ,"無","查詢"
"9929","秋雨","113/12/03","14:30","福邦證券總公司(台北市忠孝西路一段6號7樓)","受邀參加福邦證券舉辦之法人說明會，就本公司已公開之財務業務資訊作說明。","992920241128M001.pdf","992920241128E001.pdf","",中文影音檔網址:9929_8_20241203_ch.MP4 ,"無","查詢"
"9930","中聯資源","113/11/22","14:30","&#29319;亞會議中心(台北市松山區復興北路99號15樓)","本公司業務及財務相關資訊","993020241120M001.pdf","993020241120E001.pdf","https://www.chc.com.tw/pst.html",中文影音檔網址:9930_11_20241122_ch.mp4 ,"無","查詢"
"9930","中聯資源","113/07/18","14:30","線上法說會","本公司業務及財務相關資訊","993020240717M001.pdf","993020240717E001.pdf","https://www.chc.com.tw/pst.html",中文影音檔網址:9930_10_20240718_ch.MP4 ,"無","查詢"
"9931","欣高","113/06/03","14:00","高雄市苓雅區民權一路12號","說明本公司113年第一季營運概況","993120240603M001.doc","993120240603E001.docx","http://www.hkgas.com.tw/",法說會影音連結資訊:https://youtu.be/4z2-CKb8JTI ,"無","查詢"
"9933","中鼎","113/05/06","14:30","本次為線上法&#12040;說明會","2024年至今營運回顧與業務展望","993320240506M001.pdf","993320240506E001.pdf","http://www.ctci.com/",同步收看網址：:https://ctci-3.webex.com/ctci-3-en/j.php?MTID=ma847818d82804775e10c5ce638596ac9 法說會影音連結資訊:https://youtu.be/RQLN0A1dHfo ,"無","查詢"
"9933","中鼎","113/03/07","14:30","本次為線上法&#12040;說明會","2023年營運回顧與業務展望","993320240307M001.pdf","993320240307E001.pdf","http://www.ctci.com/",同步收看網址：:https://ctci-3.webex.com/ctci-3/j.php?MTID=mc8a0994a46caad881dbc36ccadb06195 法說會影音連結資訊:https://youtu.be/FjF2VEugysE?si=3mkDXdmrH--1CJtO ,"無","查詢"
"9933","中鼎","113/08/05","14:30","本次為線上法&#12040;說明會","2024年&#12164;今營運回顧與業務展望","993320240805M001.pdf","993320240805E001.pdf","http://www.ctci.com/",同步收看網址：:https://ctci-3.webex.com/ctci-3/j.php?MTID=m5046343003da0392c2a19b8345995935 法說會影音連結資訊:https://youtu.be/sDz6R-jeOlI ,"無","查詢"
"9933","中鼎","113/11/07","14:30","本次為線上法&#12040;說明會","2024年&#12164;今營運回顧與業務展望","993320241107M001.pdf","993320241107E001.pdf","http://www.ctci.com/",同步收看網址：:https://ctci-3.webex.com/ctci-3/j.php?MTID=me495ebef2b8261ffe459d438ca87f023 法說會影音連結資訊:https://youtu.be/LIPKnK0zi90?si=G3dsR1kLxiFVOmju ,"無","查詢"
"9934","成霖","113/09/11","14:30","台北市大安區信義路四段236號7樓","本公司受邀參加宏遠證券主辦之法人說明會","993420240910M001.pdf","993420240910E001.pdf","https://tw.globeunion.com/investors/",法說會影音連結資訊:https://www.youtube.com/watch?v=HiNe4PAIL8w ,"無","查詢"
"9934","成霖","113/12/25","14:30","台北市大安區信義路四段236號7樓","本公司受邀參加宏遠證券主辦之法人說明會","993420241224M001.pdf","993420241224E001.pdf","https://tw.globeunion.com/investors/",法說會影音連結資訊:https://www.youtube.com/watch?v=ZSD5gFv54DQ (請輸入網址名稱(註)):未輸 ,"無","查詢"
"9935","慶豐富","113/11/19","14:30","集思北科大會議中心噶瑪廳202會議室(台北市大安區忠孝東路3段1號億光大樓2F)","受邀參加凱基證券主辦法人說明會，說明公司營運成果","993520241119M001.pdf","993520241119E001.pdf","https://www.chingfeng.com/msg/seminar.html",法說會影音連結資訊:未輸 ,"無","查詢"
"9935","慶豐富","113/08/15","14:00","凱基證券2樓會議室(台北市明水路700號2樓)","受邀參加凱基證券主辦法人說明會，說明公司營運成果","993520240815M001.pdf","993520240815E001.pdf","https://www.chingfeng.com/msg/seminar.html",法說會影音連結資訊:https://www.chingfeng.com/msg/seminar.html ,"無","查詢"
"9935","慶豐富","113/05/31","14:00","統一證券13樓會議室(台北市松山區東興路8號13樓)","受邀參加統一綜合證券舉辦之「2024居家產業研討會」","993520240531M001.pdf","993520240531E001.pdf","https://www.chingfeng.com/msg/seminar.html",法說會影音連結資訊:https://www.chingfeng.com/msg/seminar.html ,"無","查詢"
"9937","全國","113/10/16","16:00","線上法說會","本公司受邀參加元大證券舉辦之線上法說會，報告本公司營運狀況。","993720241015M001.pdf","993720241015E001.pdf","https://inv.npcgas.com.tw/html/investors/15.aspx",中文影音檔網址:9937_8_20241016_ch.mp4 ,"無。","查詢"
"9938","百和","113/01/24","14:00","本公司所在地(彰化縣和美鎮和港路575號)","本公司召開法人說明會，說明本公司財務業務狀況及經營績效","993820240122M001.pdf","993820240122E001.pdf","http://www.paiho.com",中文影音檔網址:9938_39_20240124_ch.mp4 ,"無","查詢"
"9938","百和","113/07/16","14:00","本公司所在地(彰化縣和美鎮和港路575號)","本公司召開法人說明會，說明本公司財務業務狀況及經營績效","993820240712M002.pdf","993820240712E002.pdf","http://www.paiho.com",中文影音檔網址:9938_41_20240716_ch.mp4 ,"無","查詢"
"9938","百和","113/04/15","14:00","本公司所在地(彰化縣和美鎮和港路575號)","本公司召開法人說明會，說明本公司財務業務狀況及經營績效","993820240412M001.pdf","993820240412E001.pdf","http://www.paiho.com",中文影音檔網址:9938_40_20240415_ch.mp4 ,"無","查詢"
"9938","百和","113/10/15","14:30","宏遠證券總公司703會議廳
(台北市大安區信義路四段236號7樓)","本公司受邀參加宏遠證券舉辦之法人說明會，說明本公司財務業務狀況及經營績效。","993820241009M001.pdf","993820241009E001.pdf","http://www.paiho.com",中文影音檔網址:9938_42_20241015_ch.mp4 ,"無","查詢"
"9939","宏全","113/11/14","10:00","線上法說會","公司簡介財務、業務及相關資訊作業說明","993920241113M001.pdf","993920241113E001.pdf","https://www.honchuan.com/tw",法說會影音連結資訊:https://www.honchuan.com/tw/investors/event-calendar ,"本公司受邀參加國票綜合證券所舉辦之線上法說會","查詢"
"9939","宏全","113/06/26","14:00","線上法說會","公司簡介財務、業務及相關資訊作說明","993920240625M001.pdf","993920240625E001.pdf","https://www.honchuan.com/tw",法說會影音連結資訊:https://honchuan.emvp.pro/share/RjIwMDA1LTQ0MjY= ,"本公司受邀參加兆豐證券所舉辦之線上法說會","查詢"
"9939","宏全","113/03/07","15:30","台北君悅酒店(台北市信義區松壽路2號3樓B廳)","公司簡介財務、業務及相關資訊作說明","993920240306M001.pdf","993920240306E001.pdf","https://www.honchuan.com/tw","","本公司受邀參加富邦證券所舉辦之2024年第一季富邦企業日","查詢"
"9939","宏全","113/11/20","10:00","台北君悅酒店(台北市信義區松壽路2號)","公司簡介財務、業務及相關資訊作業說明","993920241119M001.pdf","993920241119E001.pdf","https://www.honchuan.com/tw","","本公司受邀參加麥格理證券所舉辦之Taiwan Conference: Tech and Beyond 2024","查詢"
"9939","宏全","113/06/12","15:00","台北晶華酒店4樓(台北市中山區中山北路2段39巷3號)","公司簡介財務、業務及相關資訊作業說明","993920240611M001.pdf","993920240611E001.pdf","https://www.honchuan.com/tw","","本公司受邀參加元大證券所舉辦之第二季投資論壇","查詢"
"9939","宏全","113/08/16","14:30","線上法說會","公司簡介財務、業務及相關資訊作業說明","993920240815M001.pdf","993920240815E001.pdf","https://www.honchuan.com/tw","","本公司受邀參加康和證券所舉辦之線上法說會","查詢"
"9939","宏全","113/12/05","15:20","台北晶華酒店4樓(台北市中山區中山北路2段39巷3號)","公司簡介財務、業務及相關資訊作業說明","993920241204M001.pdf","993920241204E001.pdf","https://www.honchuan.com/tw","","本公司受邀參加凱基證券所舉辦之第四季投資論壇","查詢"
"9940","信義","113/05/13","14:30","線上中文法人說明會","一一三年第一季營運概況","994020240510M001.pdf","994020240510E001.pdf","https://www.sinyi.com.tw/investors/shareholder-services/investor-conference",中文影音檔網址:9940_49_20240513_ch.mp4 ,"相關資訊將依規定公布於公開資訊觀測站公司治理專區","查詢"
"9940","信義","113/11/11","14:30","線上法人說明會","公佈2024年第三季營運概況","994020241108M001.pdf","994020241108E001.pdf","https://www.sinyi.com.tw/investors/shareholder-services/investor-conference",中文影音檔網址:9940_51_20241111_ch.mp4 ,"相關資訊將依規定公布於公開資訊觀測站公司治理專區","查詢"
"9940","信義","113/03/11","14:30","線上法人說明會","一一二年度營運概況","994020240308M001.pdf","994020240308E001.pdf","https://www.sinyi.com.tw/investors/shareholder-services/investor-conference",中文影音檔網址:9940_48_20240311_ch.mp4 ,"相關資訊將依規定公布於公開資訊觀測站公司治理專區","查詢"
"9940","信義","113/08/13","14:30","線上中文法人說明會","一一三年第二季營運概況","994020240812M001.pdf","994020240812E001.pdf","https://www.sinyi.com.tw/investors/shareholder-services/investor-conference",中文影音檔網址:9940_50_20240813_ch.mp4 ,"相關資訊將依規定公布於公開資訊觀測站公司治理專區","查詢"
"9941","裕融","113/11/21","13:30","線上法人說明會","本公司受邀參加富邦證券於2024年11月21日舉辦之上市公司財務業務概況座談會，會中將說明本公司2024年第三季營運概況。","994120241121M001.pdf","994120241121E001.pdf","https://www.tac.com.tw/",中文影音檔網址:9941_36_20241121_ch.mp4 ,"報名請洽富邦法人部tingju.yeh@fubon.com","查詢"
"9941","裕融","113/05/23","13:30","線上法人說明會","本公司受邀參加富邦證券於2024年5月23日舉辦之上市公司財務業務概況座談會，會中將說明本公司2024年第一季營運概況。","994120240523M001.pdf","994120240523E001.pdf","https://www.tac.com.tw/","","報名請洽富邦法人部tingju.yeh@fubon.com","查詢"
"9941","裕融","113/04/17","15:10","線上法人說明會","本公司受邀參加富邦證券於2024年4月17日舉辦之上市公司財務業務概況座談會，會中將說明本公司2023年第四季營運概況。","994120240417M001.pdf","994120240417E001.pdf","https://www.tac.com.tw/",中文影音檔網址:9941_33_20240417_ch.mp4 ,"報名請洽富邦法人部tingju.yeh@fubon.com","查詢"
"9941","裕融","113/08/28","14:30","線上法人說明會","本公司受邀參加富邦證券於2024年8月28日舉辦之上市公司財務業務概況座談會，會中將說明本公司2024年第二季營運概況。","994120240828M001.pdf","994120240828E001.pdf","https://www.tac.com.tw/","","報名請洽富邦法人部tingju.yeh@fubon.com","查詢"
"9942","茂順","113/09/11","14:00","線上法說會","本公司受邀參加元大證券舉辦之線上法人說明會。","994220240910M001.pdf","994220240910E001.pdf","",中文影音檔網址:9942_10_20240911_ch.mp4 ,"無。","查詢"
"9943","好樂迪","113/03/14","14:30","福邦證券總公司(台北市忠孝西路一段6號7樓)","公司簡介及營運概況等說明。","994320240313M001.pptx","994320240313E001.ppt","",中文影音檔網址:9943_9_20240314_ch.MP4 ,"無","查詢"
"9943","好樂迪","113/11/27","14:30","福邦證券總公司(台北市忠孝西路一段6號7樓)","公司簡介及營運概況等說明","994320241126M001.pptx","994320241126E001.ppt","",中文影音檔網址:9943_10_20241127_ch.MP4 ,"無","查詢"
"9944","新麗","113/12/19","14:00","線上法人說明會","主要向投資人說明營運概況。","994420241219M001.pdf","994420241219E001.pdf","https://www.shinih.com/zh-hant/investors/shareholders-meeting/",法說會影音連結資訊:https://www.youtube.com/watch?v=VbPXFi28-t8 ,"無","查詢"
"9945","潤泰新","113/07/12","14:00","宏遠證券703會議室(台北市大安區信義路四段236號7樓)","說明本公司近期之營運成果與未來展望","994520240712M001.pdf","994520240712E001.pdf","https：//WWW.rt-develop.com.tw",中文影音檔網址:9945_31_20240712_ch.mp4 ,"無","查詢"
"9945","潤泰新","113/12/11","16:00","臺灣證券交易所1樓資訊展示中心(台北市信義路五段7號)","說明本公司近期之營運成果與未來展望","994520241211M003.pdf","994520241211E003.pdf","https://www.rt-develop.com.tw",法說會影音連結資訊:https://webpro.twse.com.tw/WebPortal/vod/101/75E2F8ECF7EB-328E37D1-B7A6-11EF-AD04/?categoryId=101 ,"無","查詢"
"9945","潤泰新","113/12/11","16:00","臺灣證券交易所1樓資訊展示中心(台北市信義路五段7號)","說明本公司近期之營運成果與未來展望","994520241211M004.pdf","994520241211E004.pdf","https://www.rt-develop.com.tw",法說會影音連結資訊:https://webpro.twse.com.tw/WebPortal/vod/101/75E2F8ECF7EB-328E37D1-B7A6-11EF-AD04/?categoryId=101 ,"無","查詢"
"9946","三發地產","113/06/28","14:30","線上法說會","本公司受邀參加元大證券舉辦之產業座談會，報告本公司營運狀況。","994620240628M001.pdf","994620240628E001.pdf","",中文影音檔網址:9946_15_20240628_ch.mp4 ,"無","查詢"
"9946","三發地產","113/03/28","15:00","線上法人說明會","本公司受邀參加元大證券舉辦之線上法人說明會，簡報本公司營運概況","994620240328M001.pdf","994620240328E001.pdf","",中文影音檔網址:9946_13_20240328_ch.mp4 ,"無","查詢"
"9946","三發地產","113/12/27","16:00","線上法說會。","本公司受邀參加元大證券舉辦之線上法說會，報告
本公司營運狀況。","994620241227M001.pdf","994620241227E001.pdf","",中文影音檔網址:9946_17_20241227_ch.mp4 ,"無。","查詢"
"9946","三發地產","113/09/26","15:00","線上法說會。","本公司受邀參加元大證券舉辦之線上法說會，報告本公司營運狀況。","994620240926M001.pdf","994620240926E001.pdf","",中文影音檔網址:9946_16_20240926_ch.mp4 ,"無。","查詢"
"9955","佳龍","113/03/29","14:30","線上舉辦","公司營運現況及未來展望說明","995520240328M001.pdf","995520240328E001.pdf","https://www.sdti.com.tw/investors_finance.html",中文影音檔網址:9955_14_20240329_ch.mp4 ,"無","查詢"
"9955","佳龍","113/06/12","15:15","統一證券安排之實體會議","本公司受邀參加統一證券舉辦之投資論壇，說明產業近況及未來展望。","995520240612M001.pdf","995520240612E001.pdf","https://www.sdti.com.tw/investors_finance.html","","會議細節請洽統一證券國際法人部。","查詢"
"9955","佳龍","113/09/26","14:00","線上舉辦","本公司受邀參加中國信託證券舉辦之法人座談會，說明產業近況與未來展望。","995520240926M001.pdf","995520240926E001.pdf","https://www.sdti.com.tw/investors_finance.html",中文影音檔網址:9955_16_20240926_ch.mp4 ,"會議細節請洽中國信託綜合證券股份有限公司","查詢"
"9955","佳龍","113/11/19","12:00","國票綜合證券安排之實體會議室","本公司受邀參加國票綜合證券舉辦之法人說明會議，說明公司近期營運概況及未來經營策略暨展望。","995520241118M001.pdf","995520241118E001.pdf","https://www.sdti.com.tw/investors_finance.html","","會議細節請洽國票綜合證券股份有限公司法人部。","查詢"
"9958","世紀鋼","113/03/15","15:40","茹曦酒店二樓 (台北市松山區敦化北路100號)","本公司受邀請參加國泰綜合證券2024年第一季產業論壇","995820240314M001.pptx","995820240314E001.pptx","","","無","查詢"
"9958","世紀鋼","113/06/21","14:00","國泰證券總公司 (台北市大安區敦化南路二段333號18樓)","本公司受邀請參加國泰證券新能源產業日","995820240620M001.pptx","995820240620E001.pptx","www.century.com.tw/tw/report/32/",法說會影音連結資訊:http://www.century.com.tw/tw/report/32/ ,"影音資訊於會後上傳。","查詢"
"9958","世紀鋼","113/12/18","14:30","新北市八里區下罟里5鄰中山路3段388之5號(世紀風電)","本公司受邀參加永豐金證券舉辦之法人說明會，簡報本公司營運成果及未來展望。","995820241217M001.pdf","995820241217E001.pdf","http://www.century.com.tw/tw/report/32/",法說會影音連結資訊:http://www.century.com.tw/tw/report/32/ ,"法說會地點位於台北港管制區，要參加者請務必事先向永豐金證券報名。","查詢"