"公司代號","公司名稱","召開法人說明會日期","召開法人說明會時間","召開法人說明會地點","法人說明會擇要訊息","法人說明會簡報內容-中文","法人說明會簡報內容-英文","公司網站是否有提供法人說明會相關資訊","影音連結資訊","其他應敘明事項","歷年法人說明會"
"1101","台泥","115/03/23","14:00","富邦金融大樓(台北巿大安區仁愛路四段169號15樓)","本公司受邀參加富邦證券舉辦之法人座談會，會中說明本公司營運簡介、ESG、公司未來展望","110120260323M001.pdf","110120260323E001.pdf","https://www.taiwancement.com/tw/ir_investor-meetings.html",法說會影音連結資訊:https://media.taiwancement.com/investors/2026/20260323.mp3 ,"無","查詢"
"1102","亞泥","115/05/18","14:00","線上法說會","亞洲水泥舉辦2026年第一季線上法說會","110220260518M001.pdf","110220260518E001.pdf","https://www.acc.com.tw/",中文影音檔網址:1102_111_20260518_ch.mp4 ,"請於特定日期前完成線上報名，報名網址：https://pse.is/8yx3zd","查詢"
"1102","亞泥","115/03/16","14:00","線上法說會","亞洲水泥舉辦2025年第四季線上法說會","110220260316M001.pdf","110220260316E001.pdf","https://www.acc.com.tw/",中文影音檔網址:1102_110_20260316_ch.mp4 ,"請於特定日期前完成線上報名，報名網址：https://pse.is/8s8raj","查詢"
"1103","嘉泥","115/03/31","14:00","線上法說會","114年第四季公司營運狀況","110320260331M001.pdf","110320260331E001.pdf","https://www.chcgroup.com.tw/%e6%af%8f%e5%ad%a3%e7%87%9f%e9%81%8b-2025/",法說會影音連結資訊:https://youtu.be/bzwnDT6zhOQ ,"線上法說會報名網址：https://forms.gle/XJCgvXpL2j7fnsF37","查詢"
"1104","環泥","115/05/22","14:00","台北市松山區東興路8號13樓(統一綜合證券1302會議室)","本公司受統一綜合證券邀請，參加法人說明會。","110420260522M001.pdf","110420260522E001.pdf","http://www.ucctw.com/m/412-1518-9960.php?Lang=zh-tw",中文影音檔網址:1104_22_20260522_ch.mp4 ,"無","查詢"
"1210","大成","115/04/14","14:30","證交所(101大樓1樓資訊展示中心)","114Q4財報說明。","121020260414M001.pdf","121020260414E001.pdf","https://www.dachan.com/conference",法說會影音連結資訊:https://webpro.twse.com.tw/WebPortal/vod/101/599D6A368B86-1008A694-37D5-11F1-AE54/?categoryId=101 ,"無","查詢"
"1210","大成","115/05/26","14:00","線上法說會","115Q1財報說明。","內容檔案於當日會後公告於公開資訊觀測站","內容檔案於當日會後公告於公開資訊觀測站","https://www.dachan.com/conference","","無","查詢"
"1215","卜蜂","115/03/23","14:00","證券交易所一樓資訊展示中心(台北市信義區信義路五段7號)","簡報營運狀況","121520260323M001.pptx","121520260323E001.pptx","https://www.cptwn.com.tw/ec99/rwd1453/category.asp?category_id=21",法說會影音連結資訊:https://webpro.twse.com.tw/WebPortal/vod/101/0BC2B5556544-DEDDC6FB-2688-11F1-9D52/?categoryId=101 ,"無","查詢"
"1216","統一","115/03/13","14:00","香港","本公司與統一中控舉行聯合法說會，報告114年全年度之營運與財務概況。","121620260312M001.pdf","121620260312E001.pdf","https://www.uni-president.com.tw/invest/index.html","","無。","查詢"
"1229","聯華","115/03/31","15:30","線上法人說明會","本公司受邀參加康和證券線上法人說明會，會中就本公司已公開發佈之財務數字及經營績效等相關資訊做說明","122920260331M001.pdf","122920260331E001.pdf","https://www.lhicholdings.com/investors/3news/Investor-Conference-2/",中文影音檔網址:1229_17_20260331_ch.mp4 ,"無","查詢"
"1232","大統益","115/03/20","14:00","線上法說會","本公司受邀參加統一證券舉辦之線上法說會， 說明公司營運概況。","123220260320M001.pdf","123220260320E001.pdf","https://www.ttet.com.tw",中文影音檔網址:1232_11_20260320_ch.mp4 ,"無","查詢"
"1256","鮮活果汁-KY","115/05/26","14:30","兆豐證券13樓會議室（台北市忠孝東路二段95號13樓）","受邀參加兆豐證券法人說明會，說明本公司營運概況。","內容檔案於當日會後公告於公開資訊觀測站","內容檔案於當日會後公告於公開資訊觀測站","https://www.sunjuice.com/",法說會影音連結資訊:未輸 ,"無","查詢"
"1301","台塑","115/03/13","14:00","台北市中山北路二段39巷3號4樓(晶華國際酒店)","本公司受邀參加華南永昌證券法人說明會，說明本公司營運概況。","130120260312M001.pdf","130120260312E001.pdf","http://www.fpc.com.tw/fpcw/index.php?op=res&amp;id=13&amp;c=22","","無","查詢"
"1303","南亞","115/03/13","11:00","台北艾麗酒店","本公司受邀參加中國信託證券舉辦之法人說明會，說明本公司之營運概況","130320260312M001.pdf","130320260312E001.pdf","http://www.npc.com.tw",法說會影音連結資訊:https://www.npc.com.tw/j2npc/zhtw/investor/Earnings%20Conference ,"無","查詢"
"1303","南亞","115/03/03","10:50","台北晶華酒店","本公司受邀參加元大證券舉辦之法人說明會，說明本公司之營運概況","130320260302M002.pdf","130320260302E002.pdf","http://www.npc.com.tw","","無","查詢"
"1303","南亞","115/05/26","15:15","台北晶華酒店","本公司受邀參加台新證券舉辦之法人說明會，說明本公司之營運概況。","130320260525M001.pdf","130320260525E001.pdf","http://www.npc.com.tw","","無","查詢"
"1304","台聚","115/03/20","14:00","實體暨線上法說會：台北市民生東路三段156號15F會議室","本公司受邀參加群益金鼎證券舉辦之法人說明會：
(1)114年第4季主要產品市場回顧及展望
(2)114年第4季公司財務資訊","130420260320M001.pdf","130420260320E001.pdf","https://www.usife.com.tw/zh-tw/dirInvestor/frmInvestor7",中文影音檔網址:1304_27_20260320_ch.mp4 ,"報名連結:https://www.surveycake.com/s/WQzeD 活動信箱:capitaldiid@capital.com.tw","查詢"
"1304","台聚","115/05/15","14:00","實體暨線上法說會：台北市民生東路三段156號15F會議室","本公司受邀參加群益金鼎證券舉辦之法人說明會：
(1)115年第1季主要產品市場回顧及展望
(2)115年第1季公司財務資訊","130420260515M001.pdf","130420260515E001.pdf","https://www.usife.com.tw/zh-tw/dirInvestor/frmInvestor7",中文影音檔網址:1304_28_20260515_ch.mp4 ,"報名連結:https://www.surveycake.com/s/VXrVk 活動信箱:capitaldiid@capital.com.tw","查詢"
"1305","華夏","115/03/18","14:30","台北市信義區信義路五段7號1樓(臺灣證券交易所資訊展示中心)","(1)2025年回顧及2026年Q1展望 (2)公司2025年財務資訊","130520260318M001.pdf","130520260318E001.pdf","https://www.cgpc.com.tw/zh-tw/dirServices/frmServices8.aspx",同步收看網址：:https://webpro.twse.com.tw/WebPortal/ 法說會影音連結資訊:https://webpro.twse.com.tw/WebPortal/vod/101/4DB85AFEE844-9105010C-229D-11F1-9B4E/?categoryId=101 ,"無。","查詢"
"1305","華夏","115/05/19","14:30","台北市信義區信義路五段7號1樓(臺灣證券交易所資訊展示中心)","(1)2026年Q1回顧及Q2展望 (2)公司2026年Q1財務資訊","130520260519M001.pdf","130520260519E001.pdf","https://www.cgpc.com.tw/zh-tw/dirServices/frmServices8.aspx",同步收看網址：:https://webpro.twse.com.tw/WebPortal/ 法說會影音連結資訊:https://webpro.twse.com.tw/WebPortal/vod/101/D94720DA92C7-4406FC52-5355-11F1-BBBB/?categoryId=101 ,"無。","查詢"
"1307","三芳","115/03/30","14:00","中信證券忠孝分公司(台北市中正區忠孝西路一段6號4樓)","本公司受邀參加中信證券法人說明會,說明本公司之營運狀況","130720260330M001.pdf","130720260330E001.pdf","https://www.sanfang.com/",法說會影音連結資訊:https://reurl.cc/grQRbQ ,"內容檔案於當日會後公告於公開資訊觀測站","查詢"
"1308","亞聚","115/03/20","14:00","實體暨線上法說會:台北市民生東路三段156號15樓會議室","本公司受邀參加群益金鼎證券舉辦之法人說明會。法說會內容:(1)公司簡介及產品介紹(2)114年第4季營運概況及展望(3)114年第4季財務資訊","130820260320M001.pdf","130820260320E001.pdf","https://www.apc.com.tw/zh-tw/dirServices/frmServices8.aspx",中文影音檔網址:1308_16_20260320_ch.mp4 ,"報名網址:https://www.surveycake.com/s/WQzeD活動信箱: capitaldiid@capital.com.tw","查詢"
"1308","亞聚","115/05/15","14:00","實體暨線上法說會:台北市民生東路三段156號15樓會議室","本公司受邀參加群益金鼎證券舉辦之法人說明會。法說會內容:(1)公司簡介及產品介紹(2)115年第1季營運概況及展望(3)115年第1季財務資訊","130820260515M001.pdf","130820260515E001.pdf","https://www.apc.com.tw/zh-tw/dirServices/frmServices8.aspx",中文影音檔網址:1308_17_20260515_ch.mp4 ,"報名網址: https://www.surveycake.com/s/VXrVk活動信箱:capitaldiid@capital.com.tw","查詢"
"1309","台達化","115/03/20","15:30","台北市民生東路三段156號15樓會議室","本公司受邀參加群益金鼎證券舉辦之法人說明會： (1)114年第4季主要產品市場回顧及展望 (2)114年第4季公司財務資訊","130920260320M001.pdf","130920260320E001.pdf","https://www.ttc.com.tw/zh-tw/dirServices/frmServices8.aspx",中文影音檔網址:1309_15_20260320_ch.mp4 ,"報名連結：https://www.surveycake.com/s/WQzeD活動信箱: capitaldiid@capital.com.tw","查詢"
"1309","台達化","115/05/15","15:30","台北市民生東路三段156號15樓會議室","本公司受邀參加群益金鼎證券舉辦之法人說明會： (1)115年第1季主要產品市場回顧及展望 (2)115年第1季公司財務資訊","130920260515M001.pdf","130920260515E001.pdf","https://www.ttc.com.tw/zh-tw/dirServices/frmServices8.aspx",中文影音檔網址:1309_16_20260515_ch.mp4 ,"報名連結：https://www.surveycake.com/s/VXrVk 活動信箱:capitaldiid@capital.com.tw","查詢"
"1312","國喬","115/03/20","14:00","採視訊方式進行","114年全年度所屬營運成果及產業概況","131220260320M001.pdf","131220260320E001.pdf","https://www.gppc.com.tw",中文影音檔網址:1312_12_20260320_ch.mp4 ,"無","查詢"
"1313","聯成","115/03/27","14:00","Webex 線上會議","本公司受邀參加元大證券舉辦之法人說明會，說明公司產業概況及營運成果。","131320260327M001.pdf","131320260327E001.pdf","https://www.upc.com.tw/zh-TW/Html/ir_information/Index/ir_Conference",法說會影音連結資訊:https://youtu.be/QWvalYlE_qA ,"無","查詢"
"1313","聯成","115/05/28","15:00","Webex 線上會議","本公司受邀參加凱基證券舉辦之法人說明會，說明公司產業概況及營運成果。","內容檔案於當日會後公告於公開資訊觀測站","內容檔案於當日會後公告於公開資訊觀測站","https://www.upc.com.tw/zh-TW/Html/ir_information/Index/ir_Conference","","無","查詢"
"1314","中石化","115/04/17","16:00","臺灣證券交易所1樓資訊展示中心 
(110615台北市信義路5段7號1樓)","說明本公司2025年財務暨營運概況
及2026年展望","131420260417M001.pdf","131420260417E001.pdf","https://www.cpdc.com.tw/tw/ir_conference",法說會影音連結資訊:https://webpro.twse.com.tw/WebPortal/vod/101/13D57C89D153-53FA1B41-3A3A-11F1-BF4D/?categoryId=101 ,"無","查詢"
"1316","上曜","115/04/15","14:00","集思北科大會議中心(台北市大安區忠孝東路三段1號2樓)","本公司受邀參加凱基證券與IR Trust共同舉辦之「2026新高點&#12539;新思維投資論壇」。","131620260415M001.pdf","131620260415E001.pdf","",法說會影音連結資訊:https://www.youtube.com/watch?v=-Vv__D4m1H4 ,"完整財務業務資訊請至公開資訊觀測站之法人說明會一覽表或法說會項目下查閱。","查詢"
"1319","東陽","115/03/10","13:30","台北晶華酒店4樓","本公司受永豐金證券邀請參加於115年3月10日舉辦之「2026年Q1產業論壇」，說明本公司之營運概況、財務及業務狀況相關事宜。","131920260304M001.pdf","131920260304E001.pdf","http://www.tyg.com.tw",中文影音檔網址:1319_140_20260310_ch.mp4 ,"無","查詢"
"1324","地球","115/03/27","14:30","福邦證券總公司(台北市中正區忠孝西路一段6號7樓)。","本公司財務報告及業績展望。","132420260327M001.pdf","132420260327E001.pdf","https://www.globetape.com/investor/shareholder-column/corporate-information",中文影音檔網址:1324_13_20260327_ch.mp4 ,"無。","查詢"
"1326","台化","115/04/23","14:00","華南永昌綜合證券(台北市民生東路四段54號4樓)","本公司受邀參加華南永昌證券舉辦之法人說明會，說明本公司114年及115年第一季營運概況與產業展望","132620260422M001.pdf","132620260422E001.pdf","https://www.fcfc.com.tw/corporate-information-session",法說會影音連結資訊:https://www.fcfc.com.tw/corporate-information-session ,"無","查詢"
"1338","廣華-KY","115/03/18","14:00","線上法說會(Webex線上會議)","本公司受邀參加國票證券與IR Trust共同舉辦之廣華(1338)線上法說會，有意報名者請洽國票綜合證券法人部王佩暄副理，電話：(02)2528-6999轉658 Email:vivianwang@ibfs.com.tw。","133820260318M001.pdf","133820260318E001.pdf","",中文影音檔網址:1338_39_20260318_ch.mp4 ,"完整財務業務資訊請至公開資訊觀測站之法人說明會一覽表或法說會項目下查閱。","查詢"
"1402","遠東新","115/03/24","14:00","台北遠企大樓","本公司受邀參加由元大證券於2026/3/24在台北遠企大樓所舉辦
法人說明會，說明2025年度營運與財務概況","140220260323M001.pdf","140220260323E001.pdf","http://www.fenc.com/","","法說會資料已揭露於公開資訊觀測站之法說會專區","查詢"
"1423","利華","115/03/20","14:30","台灣證券交易所(101大樓)一樓資訊展示中心(台北市信義路五段7號)","本公司114年度營運概況。","142320260320M001.pdf","142320260320E001.pdf","http://www.reward.com.tw/",法說會影音連結資訊:https://webpro.twse.com.tw/WebPortal/vod/101/0BC2B5556544-20DE8914-2429-11F1-9D52/?categoryId=101 ,"無","查詢"
"1439","雋揚","115/03/25","14:30","台北市中正區忠孝西路一段6號14樓(福邦證券總公司)","本公司受邀參加福邦證券舉辦之法人說明會，就本公司已公開之財務業務資訊作說明。","143920260325M001.pptx","143920260325E001.pptx","https://www.ascentglobal.com.tw/",法說會影音連結資訊:未輸 ,"無","查詢"
"1440","南紡","115/04/21","14:00","統一證券會議室
台北市松山區東興路8號3樓","本公司受邀參加統一證券舉辦之法人說明會，說明本公司營運概況。","144020260417M001.pdf","144020260417E001.pdf","https://www.tainanspin.com.tw/index.php?option=module&amp;lang=cht&amp;task=pageinfo&amp;id=39&amp;index=1",中文影音檔網址:1440_27_20260421_ch.mp4 ,"無","查詢"
"1454","台富","115/03/31","14:00","線上法說會","公司營運及財務概況說明","145420260331M001.pdf","145420260331E001.pdf","https://www.ttfco.com/",同步收看網址：:https://youtube.com/live/GGA_RzvU2Pk?feature=share 法說會影音連結資訊:https://youtube.com/live/GGA_RzvU2Pk?feature=share ,"無","查詢"
"1464","得力","115/03/25","14:00","台南市新市區三舍里復興路820號","說明本公司之營運概況","146420260324M001.pdf","146420260324E001.pdf","http://www.delicacy.com.tw/zh-tw/Investor/法說會/法說會資訊",法說會影音連結資訊:https://www.delicacy.com.tw/zh-tw/Investor/法說會/法說會資訊 ,"欲參加者請洽朱小姐(06)5992866#201或mail:chuchu5811@delicacy.com.tw","查詢"
"1470","大統新創","115/05/25","14:00","線上法說會","公司簡介及營運概況說明","147020260525M001.pdf","147020260525E001.pdf","https://www.evertex.tw/tw/ir/corporate-presentation",中文影音檔網址:1470_16_20260525_ch.mp4 ,"無","查詢"
"1473","台南","115/03/19","14:00","線上法人說明會","報告公司簡介及營運狀況","147320260319M001.pdf","147320260319E001.pdf","https://www.tai-nan.com/shareholder-call.php",中文影音檔網址:1473_26_20260319_ch.mp4 ,"WEBEX會議號碼：2514 154 4839,會議密碼：vEN3JrmR4a2","查詢"
"1473","台南","115/05/21","14:00","線上法人說明會","報告公司簡介及115年第一季營運狀況","147320260521M001.pdf","147320260521E001.pdf","https://www.tai-nan.com/shareholder-call.php",中文影音檔網址:1473_27_20260521_ch.mp4 ,"WEBEX會議號碼：2517 810 4076,會議密碼：KFpaFtTZ273","查詢"
"1476","儒鴻","115/03/17","14:30","台北市大安區仁愛路三段157號三樓D廳(元大金融廣場)","本公司受邀參加元大證券舉辦之法人說明會，會中說明本
公司產業概況、營運成果及未來展望。","147620260317M001.pdf","147620260317E001.pdf","https://www.eclat.com.tw/zh-tw/investors/",中文影音檔網址:1476_71_20260317_ch.mp4 ,"報名網址：https://www.surveycake.com/s/AdbAO","查詢"
"1476","儒鴻","115/05/19","14:30","新北市新莊區中央路738號18樓","本公司受邀參加永豐金證券舉辦之法人說明會，會中說明
本公司115年第一季經營成果報告及意見交流。","147620260519M001.pdf","147620260519E001.pdf","https://www.eclat.com.tw/zh-tw/investors/events-presentations/",中文影音檔網址:1476_72_20260519_ch.mp4 ,"欲參加請於5/15前報名。https://www.surveycake.com/s/RQ0Mm (電話02-23828169謝舒涵)","查詢"
"1477","聚陽","115/01/08","14:00","線上法說會","介紹本公司之營運概況及經營策略等財務業務相關資料","147720251110M002.pdf","147720251110E002.pdf","http://www.makalot.com.tw","","無","查詢"
"1477","聚陽","115/03/03","10:50","台北晶華酒店","介紹本公司之營運概況及經營策略等財務業務相關資料","147720260226M002.pdf","147720260226E002.pdf","http://www.makalot.com.tw","","無","查詢"
"1477","聚陽","115/03/18","09:00","台北君悅酒店","介紹本公司之營運概況及經營策略等財務業務相關資料","147720260316M001.pdf","147720260316E001.pdf","http://www.makalot.com.tw","","無","查詢"
"1477","聚陽","115/03/17","14:30","台北茹曦酒店","介紹本公司之營運概況及經營策略等財務業務相關資料","147720260226M002.pdf","147720260226E002.pdf","http://www.makalot.com.tw","","無","查詢"
"1477","聚陽","115/03/09","13:00","台北遠東香格里拉飯店","介紹本公司之營運概況及經營策略等財務業務相關資料","147720260226M002.pdf","147720260226E002.pdf","http://www.makalot.com.tw","","無","查詢"
"1477","聚陽","115/02/25","15:00","台北101大樓","介紹本公司之營運概況及經營策略等財務業務相關資料","147720251110M002.pdf","147720251110E002.pdf","http://www.makalot.com.tw","","無","查詢"
"1477","聚陽","115/03/04","10:00","台北君悅酒店","介紹本公司之營運概況及經營策略等財務業務相關資料","147720260226M002.pdf","147720260226E002.pdf","http://www.makalot.com.tw","","無","查詢"
"1477","聚陽","115/03/12","15:00","台北遠東香格里拉飯店","介紹本公司之營運概況及經營策略等財務業務相關資料","147720260226M002.pdf","147720260226E002.pdf","http://www.makalot.com.tw","","無","查詢"
"1477","聚陽","115/03/13","14:00","台北君悅酒店","介紹本公司之營運概況及經營策略等財務業務相關資料","147720260226M002.pdf","147720260226E002.pdf","http://www.makalot.com.tw","","無","查詢"
"1477","聚陽","115/04/01","14:00","國票證券(台北市南京東路5段188號15樓)","介紹本公司之營運概況及經營策略等財務業務相關資料","147720260316M001.pdf","147720260316E001.pdf","http://www.makalot.com.tw",中文影音檔網址:1477_328_20260401_ch.mp3 ,"無","查詢"
"1477","聚陽","115/04/14","09:00","香港","介紹本公司之營運概況及經營策略等財務業務相關資料","147720260316M001.pdf","147720260316E001.pdf","http://www.makalot.com.tw","","無","查詢"
"1477","聚陽","115/05/29","14:00","台北君悅飯店","介紹本公司之營運概況及經營策略等財務業務相關資料","147720260521M001.pdf","147720260521E001.pdf","https://www.makalot.com.tw","","無","查詢"
"1504","東元","115/04/16","15:30","集思北科大會議中心","本公司受邀參加凱基證券舉辦之2026投資論壇，
並就本公司營運狀況做一說明。","150420260312M001.pdf","150420260312E001.pdf","https://www.teco.com.tw/announce","","無。","查詢"
"1504","東元","115/03/12","16:00","台灣證券交易所1樓資訊展示中心
(台北市信義區信義路五段7號1樓)","說明東元電機114年第四季財務業務相關資訊。","150420260312M001.pdf","150420260312E001.pdf","https://www.teco.com.tw/announce",同步收看網址：:https://webpro.twse.com.tw 法說會影音連結資訊:https://webpro.twse.com.tw/WebPortal/vod/101/B3DC01BA1D1E-6A3BD3CA-1DF3-11F1-8D3E/?categoryId=101 ,"無。","查詢"
"1504","東元","115/03/13","10:00","晶華酒店","本公司受邀參加華南永昌證券舉辦之2026春季產業趨勢暨
企業論壇，並就本公司營運狀況做一說明。","150420260312M003.pdf","150420260312E003.pdf","https://www.teco.com.tw/announce","","無。","查詢"
"1504","東元","115/05/14","14:30","台灣證券交易所1樓資訊展示中心
(台北市信義區信義路五段7號1樓)","說明東元電機115年第一季財務業務相關資訊。","150420260514M001.pdf","150420260514E001.pdf","https://www.teco.com.tw/announce",同步收看網址：:https://webpro.twse.com.tw 法說會影音連結資訊:https://drive.google.com/file/d/1kAgkPxeyF8WWJDzH1FxLkymSarjgfcD1/view?usp=drive_link ,"無。","查詢"
"1504","東元","115/03/13","09:00","Grand Hyatt Taipei","本公司受邀參加JP Morgan 舉辦之
Taiwan CEO-CFO Conference，並就本公司營運狀況做一說明。","150420260312M002.pdf","150420260312E002.pdf","https://www.teco.com.tw/announce","","無。","查詢"
"1504","東元","115/03/17 至 115/03/18","09:00","Grand Hyatt Taipei","本公司受邀參加Bank of America 舉辦之 2026 Asia Tech Conference，並就本公司營運狀況做一說明。","150420260312M004.pdf","150420260312E004.pdf","https://www.teco.com.tw/announce","","無。","查詢"
"1504","東元","115/05/27","13:30","君悅酒店","本公司受邀參加國泰證券舉辦之2026第二季產業論壇，並就本公司營運狀況做一說明。","150420260514M001.pdf","150420260514E001.pdf","https://www.teco.com.tw/announce","","無。","查詢"
"1504","東元","115/05/29","08:30","東方文華","本公司受邀參加Morgan Stanley舉辦之Asia AI Summit 2026，並就本公司營運狀況做一說明。","150420260514M001.pdf","150420260514E001.pdf","https://www.teco.com.tw/announce","","無。","查詢"
"1504","東元","115/06/01","09:00","W Hotel","本公司受邀參加Goldman Sachs舉辦之 GS Taiwan Computex &amp; Corporate Day 2026，並就本公司營運狀況做一說明。","150420260514M001.pdf","150420260514E001.pdf","https://www.teco.com.tw/announce","","無。","查詢"
"1513","中興電","115/04/23","14:00","富邦金融中心：台北市大安區仁愛路四段169號15樓","對投資法人說明本公司營運成果及未來展望","151320260423M001.pdf","151320260423E001.pdf","https://www.chem.com.tw/tc/seminar.aspx",中文影音檔網址:1513_22_20260423_ch.mp4 ,"無","查詢"
"1514","亞力","115/03/12","15:40","台北遠東香格里拉飯店會議室","本公司受邀參加國泰證券舉辦2026年第一季論壇
，會中就公司業務狀況等說明。","151420260311M001.pdf","151420260311E001.pdf","https://www.allis.com.tw/zh-tw/",中文影音檔網址:1514_16_20260312_ch.mp3 ,"無","查詢"
"1522","堤維西","115/03/19","14:00","線上法說會","本公司受邀參加永豐金證券舉辦「永豐金證券法人說明會」","152220260318M001.pdf","152220260318E001.pdf","https://www.tyc.com.tw/shareholders/conference",中文影音檔網址:1522_11_20260319_ch.mp4 ,"無","查詢"
"1525","江申","115/05/21","14:20","線上法人說明會","本公司受邀參加富邦證券舉辦之上市公司法人說會，會中說明本公司2025年度及2026年第一季營運概況。
線上報名網址：https://fubonseca2.webex.com/weblink/register/r674292fb1c4e2086d41a88b8392ba4b6","152520260521M001.pdf","152520260521E001.pdf","https://www.kian-shen.com/tw/Web/investors_2",中文影音檔網址:1525_26_20260521_ch.mp4 ,"報名請洽富邦法人業務部tingju.yeh@fubon.com","查詢"
"1529","樂事綠能","115/03/24","15:00","線上法人說明會","本公司受邀參加統一證券國際法人部舉辦之線上法人說明會","152920260324M001.pptx","152920260324E001.pptx","https://www.luxe.com.tw/tw/investors/4/2",中文影音檔網址:1529_21_20260324_ch.mp4 ,"無","查詢"
"1532","勤美","115/05/26","15:15","台北晶華酒店(台北市中山北路二段39巷3號4樓貴賓廳)","本公司受邀參加台新證券舉辦之「台新2026年第二季全球投資論壇」，說明公司營運概況","153220260522M001.pdf","153220260522E001.pdf","https://www.cmp.com.tw/cht/investor/news#conference",法說會影音連結資訊:未輸 ,"相關資訊依規定揭露於「公開資訊觀測站」及公司網站。","查詢"
"1535","中宇","115/04/24","14:00","線上法說會","本公司業務及財務相關訊息。","153520260422M001.pdf","153520260422E001.pdf","https://www.ecotek.com.tw/?prog=shold_conference",中文影音檔網址:1535_17_20260424_ch.mp4 ,"無","查詢"
"1558","伸興","115/03/18","14:30","台開大樓19樓1901會議室 (台北市重慶南路一段2號19樓)","本公司受邀參加永豐金證券舉辦之法人說明會，說明本公司114年Q4之營運概況","155820260313M002.pdf","155820260313E002.pdf","","","報名請洽永豐金鄒小姐E-MAIL:ECM@sinopac.com","查詢"
"1560","中砂","115/05/12","15:00","台北市中山區長安東路一段35號2樓(第一金證券2F會議室)","本公司受邀參加第一金證券舉辦之法人說明會，說明本公司第一季之營運、業務及財務概況。","156020260512M001.pdf","156020260512E001.pdf","https://www.kinik.com.tw/zh-tw/","","無","查詢"
"1560","中砂","115/03/10","14:30","台北市大安區忠孝東路四段219號5樓","本公司受邀參加國泰綜合證券舉辦之法人說明會，說明本公司第四季業務與財務概況。","156020260310M001.pdf","156020260310E001.pdf","https://www.kinik.com.tw/zh-tw/",中文影音檔網址:1560_60_20260310_ch.mp4 ,"無","查詢"
"1560","中砂","115/05/27 至 115/05/28","13:00","香港四季酒店(香港中環金融街8號)","本公司受邀參加 UBS 舉辦之 Asian Investment Conference 2026，說明本公司第一季業務與財務概況。","內容檔案於會前非交易時間公告於公開資訊觀測站","內容檔案於會前非交易時間公告於公開資訊觀測站","https://www.kinik.com.tw/zh-tw/","","115/05/27(13:00-15:45)、115/05/28(09:00-15:45)","查詢"
"1563","巧新","115/03/03","15:00","線上法說會","本公司受邀華南永昌證券舉辦之線上法人說明會","156320260303M001.pdf","156320260303E001.pdf","https://www.superalloy.tw/","","無","查詢"
"1563","巧新","115/05/07","14:00","線上法說會","受邀參加凱基證券舉辦之線上法人說明會，說明本年度第一季營運成果及展望。","156320260507M001.pdf","156320260507E001.pdf","https://www.superalloy.tw/",中文影音檔網址:1563_38_20260507_ch.mp4 ,"無","查詢"
"1563","巧新","115/04/22","15:00","線上法說會","本公司受邀參加寬量國際CEO WEEK","156320260421M001.pdf","156320260421E001.pdf","https://www.superalloy.tw/","","無","查詢"
"1582","信錦","115/03/04","15:15","台北君悅酒店(台北市信義區松壽路2號3樓)","本公司受邀參加統一證券舉辦「2026Q1全球展望春季投資論壇」，說明本公司之營運概況。","158220260304M001.pdf","158220260304E001.pdf","http://www.syncmold.com.tw/item_yearly_2018.html",中文影音檔網址:1582_32_20260304_ch.mp4 ,"無","查詢"
"1590","亞德客-KY","115/01/07","09:00","香港","公司簡介與營運狀況說明","159020251114M003.pdf","159020251114E003.pdf","https://as-tw.airtac.com/about.aspx?c_kind=5&amp;c_kind2=134&amp;c_kind3=311","","受邀參加麥格理資本舉辦之法說會「China Automation Day」。","查詢"
"1590","亞德客-KY","115/03/11 至 115/03/12","09:00","台北君悅酒店","公司簡介與營運狀況說明","159020260303M002.pdf","159020260303E002.pdf","https://as-tw.airtac.com/about.aspx?c_kind=5&amp;c_kind2=134&amp;c_kind3=311","","受邀參加摩根大通證券舉辦之法說會「Taiwan CEO-CFO」。","查詢"
"1590","亞德客-KY","115/03/17","09:00","台北君悅酒店","公司簡介與營運狀況說明","159020260303M003.pdf","159020260303E003.pdf","https://as-tw.airtac.com/about.aspx?c_kind=5&amp;c_kind2=134&amp;c_kind3=311","","受邀參加香港美銀證券舉辦之法說會「2026 Asia Tech Conference」。","查詢"
"1590","亞德客-KY","115/03/05 至 115/03/06","10:00","東京","公司簡介與營運狀況說明","159020260223M001.pdf","159020260223E001.pdf","https://as-tw.airtac.com/about.aspx?c_kind=5&amp;c_kind2=134&amp;c_kind3=311","","受邀參加大和國泰證券舉辦之法說會「Investment Conference 2026」。","查詢"
"1590","亞德客-KY","115/03/09","09:00","台北遠東香格里拉","公司簡介與營運狀況說明","159020260303M001.pdf","159020260303E001.pdf","https://as-tw.airtac.com/about.aspx?c_kind=5&amp;c_kind2=134&amp;c_kind3=311","","受邀參加花旗環球證券舉辦之法說會「2026 March Corporate Day」。","查詢"
"1590","亞德客-KY","115/01/29","16:00","線上法說會","公司簡介與營運狀況說明","159020251114M003.pdf","159020251114E003.pdf","https://as-tw.airtac.com/about.aspx?c_kind=5&amp;c_kind2=134&amp;c_kind3=311","","受邀美商高盛亞洲證券舉辦之線上法說會「4Q25 Result Call」。","查詢"
"1590","亞德客-KY","115/06/01 至 115/06/04","21:00","紐約及舊金山","本公司受邀參加大和國泰證券舉辦之法說會「Investment Conference 2026」，說明本公司2026年第1季營運狀況。","159020260518M001.pdf","159020260518E001.pdf","https://as-tw.airtac.com/about.aspx?c_kind=5&amp;c_kind2=134&amp;c_kind3=311","","無","查詢"
"1590","亞德客-KY","115/06/10","15:00","台北W飯店","本公司受邀參加中國信託證券舉辦之法說會，說明本公司2026年第1季營運狀況。","159020260518M002.pdf","159020260518E002.pdf","https://as-tw.airtac.com/about.aspx?c_kind=5&amp;c_kind2=134&amp;c_kind3=311","","無","查詢"
"1590","亞德客-KY","115/04/15 至 115/04/16","09:00","香港","本公司受邀參加香港上海匯豐證券舉辦之法人說明會「Global Investment Summit」，說明本公司2025年第4季之營運概況。","159020260303M003.pdf","159020260303E003.pdf","https://as-tw.airtac.com/about.aspx?c_kind=5&amp;c_kind2=134&amp;c_kind3=311","","無","查詢"
"1590","亞德客-KY","115/04/29","16:00","線上法說會","受邀參加瑞銀證券舉辦之線上法說會「1Q26 Results Conference Call」，說明本公司2026年第1季營運狀況。","159020260303M003.pdf","159020260303E003.pdf","https://as-tw.airtac.com/about.aspx?c_kind=5&amp;c_kind2=134&amp;c_kind3=311","","無","查詢"
"1597","直得","115/03/05","11:00","集思北科大會議中心(台北市大安區忠孝東路三段1號二樓)","本公司受邀參加凱基證券舉辦之「2026Q1凱基證券投資論壇」。","159720260303M002.pdf","159720260303E002.pdf","https://chieftek.com/",中文影音檔網址:1597_10_20260305_ch.mp4 ,"無","查詢"
"1598","岱宇","115/03/30","14:30","本公司受邀參加由凱基證券舉辦之線上法說會","說明公司營運現況、營運展望及策略佈局","159820260330M001.pdf","159820260330E001.pdf","https://dyaco.com/zh-hant/investors/investors-news",中文影音檔網址:1598_25_20260330_ch.mp4 ,"完整財務業務資訊請至公開資訊觀測站之法人說明會一覽表或法說會項目下查閱。","查詢"
"1598","岱宇","115/04/14 至 115/04/16","09:00","新加坡Fullerton Hotel","本公司受邀參加寬量國際於新加坡主辦之「19th QIC CEO Week」， 說明本公司營運概況、財務及業務相關資訊。","內容檔案於會前非交易時間公告於公開資訊觀測站","內容檔案於會前非交易時間公告於公開資訊觀測站","https://dyaco.com/zh-hant/investors/investors-news","","無","查詢"
"1605","華新","115/02/26","16:00","線上法說會","本公司自辦法人說明會說明114年第4季財務報告相關資訊。","160520260226M001.pdf","160520260226E001.pdf","https://www.walsin.com/investors/investor-conference/#pills-investor-conference",同步收看網址：:https://wms.gridow.com/ir/walsin/walsin_25Q4.html 法說會影音連結資訊:https://wms.gridow.com/ir/walsin/walsin_25Q4.html ,"無","查詢"
"1605","華新","115/05/08","16:00","線上法說會","本公司自辦法人說明會說明115第1季財務報告相關資訊。","160520260508M001.pdf","160520260508E001.pdf","https://www.walsin.com/investors/investor-conference/",同步收看網址：:https://wms.gridow.com/ir/walsin/walsin_26Q1.html 法說會影音連結資訊:https://wms.gridow.com/ir/walsin/walsin_26Q1.html ,"無","查詢"
"1608","華榮","115/05/21","14:00","高雄市仁武區高楠公路30號(本公司高楠工廠2樓會議室)","公開說明115年第一季營運狀況","160820260519M001.pdf","160820260519E001.pdf","https://www.hegroup.com.tw/index.php?option=module&amp;lang=cht&amp;task=showlist&amp;id=46&amp;index=4",法說會影音連結資訊:https://www.youtube.com/watch?v=TiSu2-yozD4 ,"無。","查詢"
"1609","大亞","115/04/01","14:00","線上法人說明會","本公司受邀參加華南永昌證券於115年4月1日舉辦之線上法人說明會，說明本公司營運概況。","160920260401M001.pdf","160920260401E001.pdf","https://www.taya.com.tw/msg/message-%E6%B3%95%E4%BA%BA%E8%AA%AA%E6%98%8E%E6%9C%83-122.html",法說會影音連結資訊:https://www.taya.com.tw/msg/msg647.html ,"無","查詢"
"1609","大亞","115/05/27","14:00","線上法人說明會","本公司受邀參加華南永昌證券於115年5月27日舉辦之線上法人說明會，說明本公司營運概況。","內容檔案於當日會後公告於公開資訊觀測站","內容檔案於當日會後公告於公開資訊觀測站","https://www.taya.com.tw/investor-conference-archive-list",法說會影音連結資訊:未輸 ,"無","查詢"
"1611","中電","115/04/28","14:30","臺灣證券交易所1樓資訊展示中心(台北市信義路五段7號)","營運報告","161120260428M001.pdf","161120260428E001.pdf","http://www.chinaelectric.com.tw/investor9.php",同步收看網址：:https://webpro.twse.com.tw/WebPortal/?liveChannelId=1 法說會影音連結資訊:https://webpro.twse.com.tw/WebPortal/vod/101/0B3981F766F9-F4BD6DC5-42CD-11F1-8C93/?categoryId=101 ,"無","查詢"
"1612","宏泰","115/05/22","14:30","福邦證券總公司(台北市中正區忠孝西路一段6號14樓)","本公司受邀參加福邦證券舉辦之法人說明會，就本公司已公開之財務資訊及營業概況作說明。","161220260522M001.pdf","161220260522E001.pdf","",中文影音檔網址:1612_12_20260522_ch.mp4 ,"無","查詢"
"1618","合機","115/04/28","14:00","本公司觀音二廠。(桃園巿觀音區觀音工業區經建5路32號)","本公司簡介及營運概況說明。","161820260428M001.pdf","161820260428E001.pdf","https://www.hold-key.com.tw/annualreport_tw.php?id=4",中文影音檔網址:1618_12_20260428_ch.mp4 ,"無","查詢"
"1707","葡萄王","115/03/19","14:00","線上法說會","本公司受邀參加永豐金證券舉辦之線上法人說明會","170720260317M001.pdf","170720260317E001.pdf","https://www.grapeking.com.tw","","無","查詢"
"1710","東聯","115/03/18","14:00","視訊會議","說明公司營運情形，相關訊息請參閱本公司網站。","171020260317M001.pdf","171020260317E001.pdf","https://www.oucc.com.tw/investor-77-page100",中文影音檔網址:1710_79_20260318_ch.mp3 ,"無","查詢"
"1711","永光","115/04/28","14:30","兆豐證券大樓(台北市忠孝東路二段95號13樓)","受邀參加兆豐證券舉辦之法人說明會，說明本公司2025
年度營運狀況。","171120260427M002.pdf","171120260427E002.pdf","https://www.ecic.com/financial/shareholder/conference/",法說會影音連結資訊:https://youtu.be/63fwiWNFEuU ,"無","查詢"
"1712","興農","115/03/12","14:00","線上法人說明會","本公司自行辦理線上法人說明會，說明114年第4季營運概況、財務及業務相關資訊。
報名網址：https://forms.gle/fYQttkCb2dWPDxB77
活動內容詢問電話：(04)26937689","171220260311M001.pdf","171220260311E001.pdf","https://www.sinon.com.tw/investors/call/",中文影音檔網址:1712_30_20260312_ch.mp4 ,"無","查詢"
"1713","國化","115/03/19","15:30","臺灣證券交易所一樓資訊中心(台北市信義路五段七號)","1.114年度營運成果報告.2.重要轉投資概況.
3.未來展望概要.4.Q&amp;A.","171320260319M001.pptx","171320260319E001.pptx","http://www.ccwi.com.tw",法說會影音連結資訊:https://webpro.twse.com.tw/WebPortal/vod/101/13C7428B265E-8A4D71B2-236B-11F1-B99C/?categoryId=101 (請輸入網址名稱(註)):未輸 ,"無","查詢"
"1714","和桐","115/03/25","14:00","台北市中正區忠孝西路一段6號7樓","受邀參加福邦證券舉辦之法人說明會，就本公司已公開之財務業務資訊作說明。","171420260325M001.pdf","171420260325E001.pdf","https://www.htgroup.com.tw/csr-4",中文影音檔網址:1714_11_20260325_ch.MP4 ,"無","查詢"
"1717","長興","115/03/19","14:00","台北市松山區東興路8號13樓（統一證券大樓）","受邀參加統一證券舉辦之法人說明會","171720260319M001.pdf","171720260319E001.pdf","https://www.eternal-group.com/Investor_Conference",中文影音檔網址:1717_32_20260319_ch.mp4 ,"無","查詢"
"1720","生達","115/03/12","14:30","台北市敦化南路二段97號11樓
(敦南摩天大廈-元富證券11樓教育訓練室）","114年度營運概況說明","172020260311M001.pdf","172020260311E001.pdf","http://www.standard.com.tw",法說會影音連結資訊:https://youtu.be/YrENSs32DLw?si=9MPiKKYHs7qfpjxC ,"完整財務業務資訊請至公開資訊觀測站之法人說明會一覽表項下查閱","查詢"
"1721","三晃","115/04/28","14:00","線上法人說會","本公司受邀參加永豐金證券法人說明會","172120260428M001.pdf","172120260428E001.pdf","http://www.sunko.com.tw","","活動報名網址:https://reurl.cc/3keOr0","查詢"
"1723","中碳","115/03/26","14:00","線上法人說明會","主要向投資人說明本公司營運概況、財務及業務狀況","172320260324M002.pdf","172320260324E002.pdf","https://www.cscc.com.tw/fin_brief.htm","","本次採Cisco Webex視訊會議，報名請洽crane@kgi.com","查詢"
"1723","中碳","115/05/22","14:50","臺灣證券交易所(101大樓)1樓資訊展示中心","主要向投資人說明本公司營運概況、財務及業務狀況","172320260520M001.pdf","172320260520E001.pdf","https://www.cscc.com.tw/fin_brief.htm",同步收看網址：:https://webpro.twse.com.tw/WebPortal/ 法說會影音連結資訊:https://webpro.twse.com.tw/WebPortal/vod/101/21FC48B942FD-D02B4DE5-55B0-11F1-96F5/?categoryId=195 ,"無。","查詢"
"1731","美吾華","115/05/26","15:00","線上法說會網路直播","本公司受凱基證券邀請，舉辦線上法說會，由經營團隊向法人及投資者說明公司研發及展業最新狀況。
(一)美吾髮&#174;事業部
美吾髮&#174;獲選為台灣百大品牌，業界唯一。經營染髮、洗髮、護髮、沐浴等系列產品，建構研發、生產到品牌行銷的完整價值鏈。
(二)醫藥事業部
行銷懷特生技新藥研發成功的新藥，以及國際大廠產品總代理。","內容檔案於當日會後公告於公開資訊觀測站","內容檔案於當日會後公告於公開資訊觀測站","https://www.maywufa.com.tw/news_center/news/list",法說會影音連結資訊:未輸 ,"相關資訊將依規定揭露於公開資訊觀測站。","查詢"
"1736","喬山","115/03/04","11:15","台北君悅酒店(台北市信義區松壽路2號3樓)","受邀參加統一證券舉辦之2026Q1全球展望春季投資論壇","173620260303M001.pdf","173620260303E001.pdf","","","無","查詢"
"1736","喬山","115/05/14","14:00","線上會議","受邀參加凱基證券舉辦之線上法人說明會，說明本公司營運成果及展望","173620260303M001.pdf","173620260303E001.pdf","",中文影音檔網址:1736_66_20260514_ch.mp4 ,"無","查詢"
"1773","勝一","115/05/26","11:00","台北晶華酒店4F","本公司受邀參加台新2026年第二季全球投資論壇","177320260525M001.pdf","177320260525E001.pdf","",法說會影音連結資訊:未輸 ,"無","查詢"
"1783","和康生","115/03/30","14:30","台北市內湖區港墘路187號8樓(大江生醫股份有限公司會議室)","本公司受邀參加凱基證券舉辦之法人說明會","178320260330M001.pdf","178320260330E001.pdf","",中文影音檔網址:1783_28_20260330_ch.mp4 ,"無","查詢"
"1789","神隆","115/03/19","14:30","臺灣證券交易所1樓資訊展示中心（台北市信義區信義路五段7號1樓）","本公司舉行2025全年法人說明會，會中就本公司已公開發佈之財務數字與營運概況等相關資訊做說明","178920260319M001.pdf","178920260319E001.pdf","https://www.scinopharm.com/tw/investor-detail/conference/",法說會影音連結資訊:https://webpro.twse.com.tw/WebPortal/vod/101/13C7428B265E-257A14A1-2366-11F1-B99C/?categoryId=101 ,"無","查詢"
"1795","美時","115/05/15","16:00","線上法人說明會","本公司受邀參加摩根士丹利舉辦之線上法人座談會，將就本公司115年第一季財務及營運狀況向投資法人說明。
連結如下：https://morganstanley.webcasts.com/starthere.jsp?ei=1761613&amp;tp_key=2acf7fecc2","179520260515M001.pdf","179520260515E001.pdf","",同步收看網址：:https://morganstanley.webcasts.com/starthere.jsp?ei=1761613&tp_key=2acf7fecc2 法說會影音連結資訊:https://drive.google.com/file/d/1SAbgpVBsIno265zzCb_qi8hT5KeYrVdU/view?usp=drive_link ,"無","查詢"
"1795","美時","115/03/18","14:30","線上法人說明會","本公司受邀參加摩根士丹利舉辦之中文線上法人座談會，將就本公司114年第四季財務及營運狀況向投資法人說明。
連結如下：
https://morganstanley.webcasts.com/starthere.jsp?ei=1756179&amp;tp_key=24565b9c2d","179520260318M001.pdf","179520260318E001.pdf","",同步收看網址：:https://morganstanley.webcasts.com/starthere.jsp?ei=1756179&tp_key=24565b9c2d 法說會影音連結資訊:https://drive.google.com/file/d/1r-D-uunsTksHFKD8gV9icMhtIhCxHUgI/view ,"無","查詢"
"1795","美時","115/03/18","16:00","線上法人說明會","本公司受邀參加摩根士丹利舉辦之英文線上法人座談會，將就本公司114年第四季財務及營運狀況向投資法人說明。","179520260318M002.pdf","179520260318E002.pdf","","","無","查詢"
"1809","中釉","115/03/27","14:00","線上法說會","本公司受邀參加福邦證券所舉辦之線上法人說明會，說明本公司公司簡介及營運報告。","180920260327M001.pptx","180920260327E001.pptx","http://www.china-glaze.com.tw",中文影音檔網址:1809_14_20260327_ch.mp4 ,"報名網址:  https://forms.gle/C6QUsxua9E1Kxqwy7","查詢"
"1904","正隆","115/03/20","14:00","線上視訊會議","公司概況及未來發展","190420260320M001.pdf","190420260320E001.pdf","https://www.clc.com.tw/",中文影音檔網址:1904_35_20260320_ch.mp4 ,"線上視訊會議網址:https://reurl.cc/ovgzoj","查詢"
"1905","華紙","115/03/16","14:00","永豐餘信誼大樓B1 (台北市重慶南路二段51號)","本公司舉辦法人說明會，說明2025年第四季營運結果","190520260316M001.pdf","190520260316E001.pdf","http://www.chp.com.tw",法說會影音連結資訊:https://irconference.twse.com.tw/1905_63_20260316_ch.mp4 華紙官網:https://www.chp.com.tw/tw/investors/conference ,"無","查詢"
"1905","華紙","115/05/15","14:00","永豐餘信誼大樓B1(台北市重慶南路二段51號)","本公司舉辦法人說明會，說明2026年第一季營運結果","190520260515M001.pdf","190520260515E001.pdf","http://www.chp.com.tw",法說會影音連結資訊:https://irconference.twse.com.tw/1905_64_20260515_ch.mp4 華紙官網:https://www.chp.com.tw/tw/investors/conference ,"無","查詢"
"1907","永豐餘","115/03/16","15:00","線上","本公司舉辦法人說明會，說明2025年度第四季營運結果","190720260316M001.pdf","190720260316E001.pdf","http://www.yfy.com",法說會影音連結資訊:https://irconference.twse.com.tw/1907_83_20260316_ch.mp4 (請輸入網址名稱(註)):https://www.yfy.com:1443/tw/investor_conference.html ,"連結 https://yfy.webex.com/yfy-tc/j.php?MTID=m63b67ef809b9edbd0b8e38a488a32b79","查詢"
"1907","永豐餘","115/05/15","15:00","線上","本公司舉辦法人說明會，說明2026年度第一季營運結果","190720260515M001.pdf","190720260515E001.pdf","http://www.yfy.com",法說會影音連結資訊:https://irconference.twse.com.tw/1907_84_20260515_ch.mp4 (請輸入網址名稱(註)):https://www.yfy.com:1443/tw/investor_conference.html ,"連結https://yfy.webex.com/yfy-tc/j.php?MTID=me92349329d774ecad2c62202eaf569be","查詢"
"2002","中鋼","115/03/31","15:10","台北文創大樓","本公司業務及財務相關資訊(含部分截至115年2月份之自結財務資訊)","200220260330M001.pdf","200220260330E001.pdf","https://www.csc.com.tw/csc/ss/pst/pst_index.html","","無","查詢"
"2006","東和鋼鐵","115/03/24","15:00","線上法說會","本公司受邀參加元大證券舉辦之線上法說會，
報告本公司營運狀況。","200620260324M001.pdf","200620260324E001.pdf","https://www.tunghosteel.com/Home/Index",中文影音檔網址:2006_24_20260324_ch.mp4 ,"無","查詢"
"2010","春源","115/05/25","14:30","臺灣證券交易所1F資訊展示中心(台北市信義區信義路五段7號1樓)","本公司業務及財務相關資訊","201020260521M001.pdf","201020260521E001.pdf","https://www.cysco.com.tw/investorzone-67-114-page117",法說會影音連結資訊:https://webpro.twse.com.tw/WebPortal/vod/101/21FC48B942FD-BA4F9BF5-580B-11F1-96F5/?categoryId=101 ,"無","查詢"
"2014","中鴻","115/03/24","14:00","線上法說會","本公司業務及財務相關資訊","201420260323M001.pdf","201420260323E001.pdf","https://www.chsteel.com.tw/cg/ss_note.html",法說會影音連結資訊:https://youtu.be/_ALtVWDh15A ,"無","查詢"
"2015","豐興","115/03/05","14:00","線上法人說明會","本公司受邀參加國票綜合證券法人說明會-114年第四季營運狀況報告","201520260304M001.pdf","201520260304E001.pdf","https://www.fenghsin.com.tw",中文影音檔網址:2015_44_20260305_ch.mp4 ,"報名請洽國票綜合證券王小姐02-25286999#658 Email:vivianwang@ibfs.com.tw","查詢"
"2015","豐興","115/02/26","14:00","線上法人說明會","本公司受邀參加國票綜合證券法人說明會-114年第四季營運狀況報告","內容檔案於當日會後公告於公開資訊觀測站","內容檔案於當日會後公告於公開資訊觀測站","https://www.fenghsin.com.tw","","報名請洽國票綜合證券王小姐02-25286999#658 Email:vivianwang@ibfs.com.tw","查詢"
"2015","豐興","115/05/22","14:00","線上法人說明會","本公司受邀參加國票綜合證券法人說明會-115年第一季營運狀況報告","201520260521M001.pdf","201520260521E001.pdf","https://www.fenghsin.com.tw","","報名請洽國票綜合證券王小姐02-25286999#658 Email:vivianwang@ibfs.com.tw","查詢"
"2017","官田鋼","115/03/24","14:30","線上會議","本公司受邀參加統一證券聯合法人說明會，會中就公司業務狀況說明。","201720260324M001.pptx","201720260324E001.pptx","",中文影音檔網址:2017_26_20260324_ch.mp4 ,"無","查詢"
"2020","美亞","115/04/16","14:00","線上法說會：https://youtube.com/live/PxU_u6KnyiU?feature=share","本公司115年第1次財務業務相關資訊報告","202020260415M001.pdf","202020260415E001.pdf","https://www.mayer.com.tw/zh-tw/investors_4",中文影音檔網址:2020_18_20260416_ch.mp4 ,"線上法說會電話:2509-1199 網址https://youtube.com/live/PxU_u6KnyiU?feature=share","查詢"
"2029","盛餘","115/03/25","13:30","線上法說會","本公司受邀參加華南永昌證券舉辦之線上法人說明會，說明本公司營運概況。","202920260324M001.pdf","202920260324E001.pdf","https://www.shengyusteel.com",法說會影音連結資訊:https://drive.google.com/file/d/1RuU8Ds-g4RFvy2ePvK9AzXWW3QIqQNug/view?usp=drive_link ,"無","查詢"
"2030","彰源","115/05/22","14:00","線上法人說明會","說明公司簡介與營運狀況說明。
請於115/05/22下午13：55準時入場 
當日Google Meet會議連線代碼oxk-ppce-wrx 
會議連結https://meet.google.com/oxk-ppce-wrx","203020260520M001.pdf","203020260520E001.pdf","http://www.froch.com.tw/TCHI/Investor_Service.php",中文影音檔網址:2030_12_20260522_ch.mp4 ,"無","查詢"
"2031","新光鋼","115/03/20","14:00","台北市信義區基隆路1段176號B2(康和證券總公司B2大會議室)","本公司受邀參加康和證券舉辦之法人說明會，說明本公司營運概況、經營實績及未來展望。","203120260319M001.pdf","203120260319E001.pdf","https://www.hkssteel.com.tw/fin_note.html",中文影音檔網址:2031_19_20260320_ch.mp4 ,"無。","查詢"
"2031","新光鋼","115/04/15","14:00","新加坡Fullerton Hotel","本公司受邀參加由寬量國際主辦之「19th QIC CEO Week」，說明本公司之營運概況、財務及業務相關資訊。","203120260414M001.pdf","203120260414E001.pdf","https://www.hkssteel.com.tw/fin_note.html","","無。","查詢"
"2049","上銀","115/05/08","14:00","https://www.zucast.com/webcast/MCJJSxmS","1.營運狀況 2.Q&amp;A","204920260508M001.pdf","204920260508E001.pdf","http://www.hiwin.tw",同步收看網址：:https://www.zucast.com/webcast/MCJJSxmS 法說會影音連結資訊:https://www.hiwin.tw/stock/stock_video.aspx ,"無","查詢"
"2059","川湖","115/03/17","09:00","台北君悅酒店","公司受邀參加美林證券(BofA) 舉辦之「2026 Asia Tech Conference」，說明本公司114年度之營運概況、財務及業務相關資訊。","205920260224M001.pdf","205920260224E001.pdf","https://www.kingslide.com/","","無","查詢"
"2059","川湖","115/03/11","09:00","台北君悅酒店","本公司受邀參加摩根大通舉辦之「J.P. Morgan Taiwan CEO-CFO Conference」，說明本公司114年度之營運概況、財務及業務相關資訊。","205920260224M001.pdf","205920260224E001.pdf","https://www.kingslide.com/","","無","查詢"
"2059","川湖","115/02/25","14:00","線上法說會","本公司受邀參加由富邦證券舉辦之法人說明會，說明本公司114年度營運概況、財務及業務相關資訊。","205920260224M001.pdf","205920260224E001.pdf","https://www.kingslide.com/",中文影音檔網址:2059_81_20260225_ch.mp4 ,"無","查詢"
"2059","川湖","115/06/03","09:00","台北W酒店","本公司受邀參加花旗證券(Citi) 舉辦之「Citi 2026 Taiwan Tech Conference」，說明本公司之營運概況、財務及業務相關資訊。","205920260506M001.pdf","205920260506E001.pdf","https://www.kingslide.com/","","無","查詢"
"2059","川湖","115/05/28","09:00","台北文華東方酒店","本公司受邀參加摩根士丹利證券(Morgan Stanley) 舉辦之「Aisa AI Summit 2026」，說明本公司之營運概況、財務及業務相關資訊。","205920260506M001.pdf","205920260506E001.pdf","https://www.kingslide.com/","","無","查詢"
"2059","川湖","115/06/01","09:00","台北W酒店","本公司受邀參加高盛證券(Goldman Sachs) 舉辦之「GS Taiwan Computex &amp; Corporate Day Jun 2026」，說明本公司之營運概況、財務及業務相關資訊。","205920260506M001.pdf","205920260506E001.pdf","https://www.kingslide.com/","","無","查詢"
"2059","川湖","115/06/08 至 115/06/10","09:00","Bank of America- Two Bryant Park","本公司受邀參加美林證券(BofA) 舉辦之「2026 Asia Conference in New York」，說明本公司之營運概況、財務及業務相關資訊。","內容檔案於會前非交易時間公告於公開資訊觀測站","內容檔案於會前非交易時間公告於公開資訊觀測站","https://www.kingslide.com/","","無","查詢"
"2059","川湖","115/05/07","14:00","線上法說會","本公司受邀參加由元大證券舉辦之法人說明會，說明本公司115年度第1季營運概況、財務及業務相關資訊。","205920260506M001.pdf","205920260506E001.pdf","https://www.kingslide.com/",中文影音檔網址:2059_84_20260507_ch.mp4 ,"無","查詢"
"2062","橋椿","115/03/10","14:00","台中市大雅區科雅路11號","(1)公司基本介紹 (2)公司成長策略","206220260309M001.pdf","206220260309E001.pdf","http://www.sunspring.com.tw/stock.html",中文影音檔網址:2062_67_20260310_ch.mp4 ,"本次法人說明會由統一證券主辦。","查詢"
"2062","橋椿","115/05/12","14:00","台中市大雅區科雅路11號","(1)公司基本介紹 (2)公司成長策略","206220260511M001.pdf","206220260511E001.pdf","http://www.sunspring.com.tw/stock.html",中文影音檔網址:2062_68_20260512_ch.mp4 ,"本次法人說明會由統一證券主辦。","查詢"
"2072","世紀風電","115/02/25","14:30","台開大樓19樓 1901會議室(台北市重慶南路一段2號)","本公司受邀參加永豐金證券舉辦之法人座談會，說明公司營運現況及未來展望。","207220260223M001.pdf","207220260223E001.pdf","","","報名&amp;活動諮詢：永豐金證券鄒小姐電話: 02-23828166","查詢"
"2072","世紀風電","115/03/04","14:30","台北君悅酒店三樓凱悅廳一區（台北市信義區松壽路2號）","(1)本公司依「有價證券初次上市前業績發表會實施要點」之規定，辦理股票初次上市前業績發表會。 (2)本次業績發表會將說明產業發展、財務業務狀況、未來風險、公司治理、企業社會責任及臺灣證券交易所股份有限公司董事會暨上市審議委員會要求補充揭露事項。","207220260225M001.pdf","207220260225E001.pdf","https://www.cwptw.com/tw/report/32/","","無","查詢"
"2072","世紀風電","115/03/10","14:30","台北晶華酒店4F(台北市中山北路二段39巷3號)","本公司受邀參加永豐金證券2026年第一季產業論壇","207220260223M001.pdf","207220260223E001.pdf","","","無","查詢"
"2103","台橡","115/05/20","15:00","線上法說會","本公司擬於 115 年 5 月 20 日召開線上法人說明會，回顧近期財務

表現，並說明 2026 年市場展望及重點發展策略。欲參加者可透過網路連接下列網址：
https://us06web.zoom.us/j/85155979214","210320260520M001.pdf","210320260520E001.pdf","https://www.tsrc.com.tw/tw/",法說會影音連結資訊:https://youtu.be/DHPYnFuN7RE ,"敬請以「問與答」功能輸入方式提問。建議事先下載最新版Zoom或Google Chrome瀏覽器。","查詢"
"2105","正新","115/03/31","14:00","台北市大安區仁愛路三段157號3樓(元大金融廣場國際會議廳D)","本公司受邀參加元大證券舉辦之產業座談會","210520260330M001.pdf","210520260330E001.pdf","https://www.cst.com.tw/shareholder_8.php",法說會影音連結資訊:https://youtu.be/nX09vm344pY ,"無。","查詢"
"2108","南帝","115/03/20","14:00","台北市大安區仁愛路四段169號5樓","本公司受邀參加富邦證券證券公司舉辦之法人說明會","210820260319M001.pptx","210820260319E001.pptx","http://www.nantex.com.tw",中文影音檔網址:2108_12_20260320_ch.mp4 ,"無","查詢"
"2201","裕隆","115/03/25","13:30","線上法說會","公司受邀參加富邦證券舉辦之線上法說會，會中介紹本公司2025年度營運成果報告。","220120260325M001.pdf","220120260325E001.pdf","https://www.yulon-motor.com.tw/investors_operational.aspx",中文影音檔網址:2201_44_20260325_ch.mp4 ,"報名請洽富邦證券法人業務部 tingju.yeh@fubon.com","查詢"
"2201","裕隆","115/05/20","13:30","線上法說會","本公司受邀參加富邦證券舉辦之線上法說會，會中介紹本公司2026年度第一季營運成果報告","220120260520M001.pdf","220120260520E001.pdf","https://www.yulon-motor.com.tw/investors_operational.aspx",法說會影音連結資訊:未輸 ,"報名請洽富邦證券法人業務部 tingju.yeh@fubon.com","查詢"
"2204","中華","115/03/25","14:20","線上法人說明會","(1)中華汽車2025年Q4經營成果
(2)中華汽車2026年營運展望","220420260325M001.pdf","220420260325E001.pdf","https://www.china-motor.com.tw/opetation.php",法說會影音連結資訊:https://www.youtube.com/watch?v=InmoaQy1zg4 ,"報名請洽富邦法人業務部tingju.yeh@fubon.com","查詢"
"2204","中華","115/05/20","15:10","線上法人說明會","(1)中華汽車2026年Q1經營成果
(2)中華汽車2026年Q2營運展望","220420260520M001.pdf","220420260520E001.pdf","https://www.china-motor.com.tw/opetation.php",法說會影音連結資訊:https://www.youtube.com/watch?v=uCqxxQu3bK8 ,"報名請洽富邦法人業務部tingju.yeh@fubon.com","查詢"
"2206","三陽工業","115/04/29","08:30","線上法說會(台灣)","本公司受邀參加由寬量國際主辦之線上法說會「19th QIC 
CEO Week」，說明本公司之營運概況、財務及業務相關資訊。","220620260428M001.pdf","220620260428E001.pdf","https://www.sanyang.com.tw/earningscall-page658",中文影音檔網址:2206_17_20260429_ch.mp4 ,"無。","查詢"
"2207","和泰車","115/03/17","14:30","台北市中山區建國北路一段96號B1樓","說明本公司2025年Q4營運成果及未來展望","220720260317M001.pdf","220720260317E001.pdf","http://www.hotaimotor.com.tw",法說會影音連結資訊:https://reurl.cc/Q29Nlp ,"報名請洽 https://reurl.cc/WbLEAe","查詢"
"2207","和泰車","115/05/21","14:30","台北市中山區建國北路二段17號B1","說明本公司2026年Q1營運成果及未來展望","220720260521M001.pdf","220720260521E001.pdf","http://www.hotaimotor.com.tw",法說會影音連結資訊:https://reurl.cc/9Wq2ra ,"報名請洽 https://reurl.cc/EmaNxm","查詢"
"2211","長榮鋼","115/05/21","14:30","線上法人說明會","本公司受邀參加由凱基證券舉辦之線上法人說明會，說明公司營運之現況及未來發展。","221120260521M002.pdf","221120260521E002.pdf","https://www.evergreennet.com/customPage/法人說明會簡報資料",法說會影音連結資訊:https://youtu.be/MIV5jQFKvMc ,"無","查詢"
"2227","裕日車","115/05/20","14:20","線上法人說明會","公司營運狀況說明

線上報名網址：https://fubonseca2.webex.com/weblink/register/r674292fb1c4e2086d41a88b8392ba4b6","222720260520M001.pdf","222720260520E001.pdf","https://new.nissan.com.tw/nissan/brand/investors#/investorconf",中文影音檔網址:2227_27_20260520_ch.mp4 ,"請預先完成線上報名，如有問題請聯繫富邦法人部tingju.yeh@fubon.com","查詢"
"2228","劍麟","115/03/11","14:30","台北市中山區明水路700號12樓","凱基證券舉辦之法人說明會.說明本公司營運狀況","222820260310M004.pdf","222820260310E004.pdf","https://www.irf.biz/index.html",中文影音檔網址:2228_32_20260311_ch.mp4 英文影音檔網址:2228_32_20260311_en.mp4 ,"無","查詢"
"2228","劍麟","115/05/18","14:30","凱基證券(台北市中山區明水路700號12樓)","凱基證券舉辦之法人說明會.說明本公司營運狀況","222820260514M002.pdf","222820260514E002.pdf","https://www.irf.biz/index.html",中文影音檔網址:2228_33_20260518_ch.mp4 英文影音檔網址:2228_33_20260518_en.mp4 ,"無","查詢"
"2248","華勝-KY","115/04/22","14:00","臺北市中山區樂群三路128號7樓","本公司受邀&#21442;加國票證券舉辦之法人說明會","224820260422M001.pdf","224820260422E001.pdf","",法說會影音連結資訊:https://drive.google.com/drive/folders/14XHsmctCTk2ZLyKoIYnFW6q56Bd4dQVu?usp=drive_link ,"無","查詢"
"2301","光寶科","115/04/29","14:00","本公司(臺北市內湖區瑞光路392號1樓國際會議廳)","本公司115年第1季財務業務情形。","230120260429M001.pdf","230120260429E001.pdf","https://www.liteon.com/zh-tw",中文影音檔網址:2301_323_20260429_ch.mp4 ,"本次法說會為實體會議，不另外進&#12175;線上直播。","查詢"
"2301","光寶科","115/02/25","14:00","本公司(臺北市內湖區瑞光路392號1樓國際會議廳)","本公司114年第4季財務業務情形。","230120260225M001.pdf","230120260225E001.pdf","https://www.liteon.com/zh-tw",中文影音檔網址:2301_318_20260225_ch.mp4 ,"本次法說會為實體會議，不另外進&#12175;線上直播。","查詢"
"2301","光寶科","115/05/28","11:30","Mandarin Oriental Taipei","Morgan Stanley Asia AI Summit 2026","230120260429M001.pdf","230120260429E001.pdf","https://www.liteon.com/zh-tw","","無","查詢"
"2301","光寶科","115/03/11 至 115/03/12","09:00","Grand Hyatt Taipei","J.P. Morgan Taiwan CEO-CFO Conference","230120260225M003.pdf","230120260225E003.pdf","https://www.liteon.com/zh-tw","","無","查詢"
"2301","光寶科","115/03/17 至 115/03/18","09:00","Grand Hyatt Taipei","2026 BofA Asia Tech Conference","230120260225M004.pdf","230120260225E004.pdf","https://www.liteon.com/zh-tw","","無","查詢"
"2301","光寶科","115/04/14 至 115/04/15","09:00","香港 Conrad Hotel","受邀參加 HSBC Global Investment Summit","230120260225M004.pdf","230120260225E004.pdf","https://www.liteon.com/zh-tw","","無","查詢"
"2301","光寶科","115/03/02 至 115/03/06","09:00","美國","券商舉辦之美國投資人會議","230120260225M002.pdf","230120260225E002.pdf","https://www.liteon.com/zh-tw","","無","查詢"
"2301","光寶科","115/05/14 至 115/05/15","09:00","Grand Hyatt Singapore","元大台灣科技日","230120260504M003.pdf","230120260504E003.pdf","https://www.liteon.com/zh-tw","","無","查詢"
"2301","光寶科","115/06/01","09:00","Grand Hyatt Taipei","HSBC Taiwan Conference","230120260504M002.pdf","230120260504E002.pdf","https://www.liteon.com/zh-tw","","無","查詢"
"2301","光寶科","115/06/05","09:00","W Hotel Taipei","Citi 2026 Taiwan Conference","230120260504M001.pdf","230120260504E001.pdf","https://www.liteon.com/zh-tw","","無","查詢"
"2303","聯電","115/03/09 至 115/03/10","09:00","台北遠東香格里拉飯店","本公司受邀參加花旗證券舉辦之法人說明會「2026 Taiwan Corporate Day」。","230320260302M002.pdf","230320260302E002.pdf","http://www.umc.com","","無","查詢"
"2303","聯電","115/03/11 至 115/03/12","09:00","台北君悅酒店","本公司受邀參加摩根大通證券舉辦之法人說明會「Taiwan CEO-CFO Conference」。","230320260302M001.pdf","230320260302E001.pdf","http://www.umc.com",法說會影音連結資訊:https://www.umc.com/upload/media/08_Investors/Financials/Participation/JPM_Taiwan_2026.mp4 ,"無","查詢"
"2303","聯電","115/01/28","17:00","線上法說會","本公司2025年第四季財務暨營運報告。","230320260128M001.pdf","230320260128E001.pdf","http://www.umc.com",法說會影音連結資訊:https://www.umc.com/zh-TW/Download/quarterly_results/QuarterlyResultsDetail/2025/2025Q4 ,"無","查詢"
"2303","聯電","115/04/29","17:00","線上法說會","本公司2026年第一季財務暨營運報告。","230320260429M001.pdf","230320260429E001.pdf","http://www.umc.com",法說會影音連結資訊:https://www.umc.com/zh-TW/Download/quarterly_results/QuarterlyResultsDetail/2026/2026Q1 ,"無","查詢"
"2303","聯電","115/05/29","09:30","台北文華東方酒店","本公司受邀參加摩根士丹利證券舉辦之法人說明會「Asia AI Summit 2026」。","230320260429M001.pdf","230320260429E001.pdf","http://www.umc.com","","無","查詢"
"2303","聯電","115/06/05","09:00","台北W飯店","本公司受邀參加花旗證券舉辦之法人說明會「2026 Taiwan Tech Conference」。","230320260429M001.pdf","230320260429E001.pdf","http://www.umc.com","","無","查詢"
"2308","台達電","115/03/04 至 115/03/06","08:00","東京","本公司受大和國泰證券邀請，將於上述時間地點，向法人投資者說明本公司114年第4季之財務報告相關資訊。","230820260226M001.pdf","230820260226E001.pdf","https://www.deltaww.com/zh-TW/investors/analyst-meeting","","無","查詢"
"2308","台達電","115/03/11 至 115/03/18","21:00","美國","本公司受花旗證券邀請，將於上述時間地點，向法人投資者說明本公司114年第4季之財務報告相關資訊。","230820260226M001.pdf","230820260226E001.pdf","https://www.deltaww.com/zh-TW/investors/analyst-meeting","","無","查詢"
"2308","台達電","115/03/09","09:30","摩根大通台北辦公室","本公司受摩根大通證券邀請，將於上述時間地點，向法人投資者說明本公司114年第4季之財務報告相關資訊。","230820260226M001.pdf","230820260226E001.pdf","https://www.deltaww.com/zh-TW/investors/analyst-meeting","","無","查詢"
"2308","台達電","115/04/14 至 115/04/16","13:00","香港","本公司受匯豐證券邀請，將於上述時間地點，向法人投資者說明本公司114年第4季之財務報告相關資訊。","230820260226M001.pdf","230820260226E001.pdf","https://www.deltaww.com/zh-TW/investors/analyst-meeting","","無","查詢"
"2308","台達電","115/03/09","11:00","台北遠東香格里拉飯店","本公司受花旗證券邀請，將於上述時間地點，向法人投資者說明本公司114年第4季之財務報告相關資訊。","230820260226M001.pdf","230820260226E001.pdf","https://www.deltaww.com/zh-TW/investors/analyst-meeting","","無","查詢"
"2308","台達電","115/03/09","15:30","瑞銀證券台北辦公室","本公司受瑞銀證券邀請，將於上述時間地點，向法人投資者說明本公司114年第4季之財務報告相關資訊。","230820260226M001.pdf","230820260226E001.pdf","https://www.deltaww.com/zh-TW/investors/analyst-meeting","","無","查詢"
"2308","台達電","115/03/10","09:00","台北寒舍艾美酒店","本公司受聯博 (Bernstein)證券邀請，將於上述時間地點，向法人投資者說明本公司114年第4季之財務報告相關資訊。","230820260226M001.pdf","230820260226E001.pdf","https://www.deltaww.com/zh-TW/investors/analyst-meeting","","無","查詢"
"2308","台達電","115/02/26","15:00","台達電子瑞光大樓","本公司自辦法人說明會，說明114年第4季財務報告相關資訊","230820260226M001.pdf","230820260226E001.pdf","https://www.deltaww.com/zh-TW/investors/analyst-meeting",同步收看網址：:https://www.deltaww.com/zh-TW/investors/analyst-meeting 法說會影音連結資訊:https://www.deltaww.com/zh-TW/investors/analyst-meeting ,"無","查詢"
"2308","台達電","115/05/13 至 115/05/14","08:00","首爾","本公司受三星證券邀請，將於上述時間地點，向法人投資者說明本公司115年第1季之財務報告相關資訊。","230820260430M001.pdf","230820260430E001.pdf","https://www.deltaww.com/zh-TW/investors/analyst-meeting","","無","查詢"
"2308","台達電","115/04/30","15:00","台達電子台北總部","本公司自辦法人說明會，說明115年第1季財務報告相關資訊","230820260430M001.pdf","230820260430E001.pdf","https://www.deltaww.com/zh-TW/investors/analyst-meeting",同步收看網址：:https://www.deltaww.com/zh-TW/investors/analyst-meeting 法說會影音連結資訊:https://www.deltaww.com/zh-TW/investors/analyst-meeting ,"無","查詢"
"2308","台達電","115/03/31","14:00","松山文創園區","本公司受元富證券邀請，將於上述時間地點，向法人投資者說明本公司114年第4季之財務報告相關資訊。","230820260226M001.pdf","230820260226E001.pdf","https://www.deltaww.com/zh-TW/investors/analyst-meeting","","無","查詢"
"2312","金寶","115/03/19","15:00","Webex線上會議","本公司受邀參加康和綜合證券舉辦之線上法人說明會，說明2025年第四季營運成果及未來展望。","231220260319M001.pdf","231220260319E001.pdf","https://www.kinpo.com.tw/zh-TW/investor/financials/",中文影音檔網址:2312_18_20260319_ch.mp4 ,"無","查詢"
"2313","華通","115/03/10","10:00","台北遠東香格里拉飯店（臺北市大安區敦化南路二段201號）","本公司受邀參加花旗證券舉辦之投資論壇","231320260309M001.pdf","231320260309E001.pdf","https://www.compeq.com.tw/accomplishments01_4_2.php","","無","查詢"
"2313","華通","115/03/13","15:00","台北艾麗酒店（台北市信義區松高路18號5樓）","本公司受邀參加中國信託證券舉辦之2026第一季前瞻論壇","231320260309M001.pdf","231320260309E001.pdf","https://www.compeq.com.tw/accomplishments01_4_2.php","","無","查詢"
"2313","華通","115/03/18","10:00","台北君悅酒店（台北市信義區松壽路2號）","本公司受邀參加美國銀行證券舉辦之投資論壇","231320260309M001.pdf","231320260309E001.pdf","https://www.compeq.com.tw/accomplishments01_4_2.php","","無","查詢"
"2313","華通","115/01/13","11:00","泰國","富邦證券舉辦之海外法人座談會","231320251121M001.pdf","231320251121E001.pdf","https://www.compeq.com.tw/accomplishments01_4_2.php","","無","查詢"
"2317","鴻海","115/01/13 至 115/01/20","10:00","電話會議","115年1月13日受Goldman Sachs邀請參加投資人會議，說明本公司營運概況。
114年1月15日受Silver Points邀請參加投資人會議，說明本公司營運概況。
114年1月20日受台新證券邀請參加投資人會議，說明本公司營運概況。","231720251112M001.pdf","231720251112E001.pdf","","","無","查詢"
"2317","鴻海","115/05/14","15:00","電話會議","本公司下午3點00分召開中文線上法人說明會。
線上加入： https://fxn-event.webex.com/fxn-event-tc/j.php?MTID=m87af154437dfada914e716ec1a5b8bfb
活動號：2518 521 5077
活動密碼：0514","231720260514M002.pdf","231720260514E002.pdf","https://www.honhai.com/zh-tw/investor-relations/investor-relations-activities/investor-conference",法說會影音連結資訊:https://www.youtube.com/watch?v=gz70OTe990s ,"相關資訊請洽黃奕誠先生，電話02-2268-3466#510-10004","查詢"
"2317","鴻海","115/04/28 至 115/04/29","15:00","電話會議","115年4月28日受中國信託證券邀請參加投資人會議，說明本公司營運概況。
115年4月29日受Federated Hermes邀請參加投資人會議，說明本公司營運概況。","231720260316M001.pdf","231720260316E001.pdf","","","無","查詢"
"2317","鴻海","115/03/16","15:00","電話會議","本公司下午3點00分召開中文線上法人說明會。
線上加入：https://fxn-event.webex.com/fxn-event-tc/j.php?MTID=m4fb3ce00e3d751546b4ee8bd54107af4

活動號：2518 702 0426
活動密碼：0316","231720260316M001.pdf","231720260316E001.pdf","https://www.honhai.com/zh-tw/investor-relations/investor-relations-activities/investor-conference",法說會影音連結資訊:https://youtu.be/9LBCZdBVTSY?si=CFUsmh1hpAYXjnzN ,"相關資訊請洽黃奕誠先生，電話02-2268-3466#510-10004","查詢"
"2317","鴻海","115/02/25 至 115/03/02","09:00","桃園市蘆竹區南青路1188號、台北市內湖區基湖路32號","115年2月25日受Goldman Sachs邀請參加投資人會議，說明本公司營運概況。
115年3月2日受CLSA邀請參加投資人會議，說明本公司營運概況。
115年3月2日受NewStreet Research邀請參加投資人會議，說明本公司營運概況。","231720251112M001.pdf","231720251112E001.pdf","","","無","查詢"
"2317","鴻海","115/02/26","14:00","電話會議","115年2月26日受第一金證券邀請參加投資人會議，說明本公司營運概況。","231720251112M001.pdf","231720251112E001.pdf","","","無","查詢"
"2317","鴻海","115/03/05 至 115/03/06","08:00","日本","115年3月5日至6日受Daiwa邀請參加投資人會議，說明本公司營運概況。","231720251112M001.pdf","231720251112E001.pdf","","","無","查詢"
"2317","鴻海","115/02/02 至 115/02/06","16:30","台北市信義區松仁路7號、W Hotel","115年2月2日受UBS邀請參加投資人會議，說明本公司營運概況。
114年2月6日受Nomura邀請參加投資人會議，說明本公司營運概況。","231720251112M001.pdf","231720251112E001.pdf","","","無","查詢"
"2317","鴻海","115/03/17 至 115/03/24","03:00","美國","115年3月17日至115年3月24日受CLSA邀請參加投資人會議，說明本公司營運概況。","231720260316M001.pdf","231720260316E001.pdf","","","無","查詢"
"2317","鴻海","115/03/26 至 115/03/27","09:00","電話會議","115年3月25日受CLSA邀請參加投資人會議，說明本公司營運概況。
115年3月26日受BOA邀請參加投資人會議，說明本公司營運概況。
115年3月27日受富邦證券邀請參加投資人會議，說明本公司營運概況。","231720260316M001.pdf","231720260316E001.pdf","","","無","查詢"
"2317","鴻海","115/03/26","11:00","台北市內湖區基湖路32號","115年3月26日受RBC邀請參加投資人會議，說明本公司營運概況。","231720260316M001.pdf","231720260316E001.pdf","","","無","查詢"
"2317","鴻海","115/03/09 至 115/03/11","09:00","台北遠東香格里拉、台北君悅酒店","115年3月9日受Citi邀請參加投資人會議，說明本公司營運概況。
115年3月11日受JPMorgan邀請參加投資人會議，說明本公司營運概況。","231720251112M001.pdf","231720251112E001.pdf","","","無","查詢"
"2317","鴻海","115/03/30 至 115/04/10","11:00","台北市內湖區基湖路32號、台北文創、台北市重慶南路一段2號","115年3月30日受SIG邀請參加投資人會議，說明本公司營運概況。
115年3月31日受元富證券邀請參加投資人會議，說明本公司營運概況。
115年4月10日受永豐證券邀請參加投資人會議，說明本公司ESG進展與展望。","231720260316M001.pdf","231720260316E001.pdf","","","無","查詢"
"2317","鴻海","115/04/14 至 115/04/16","09:00","電話會議","115年4月14日受Auerbach Grayson邀請參加投資人會議，說明本公司營運概況。
115年4月16日受Silver Points邀請參加投資人會議，說明本公司營運概況。","231720260316M001.pdf","231720260316E001.pdf","","","無","查詢"
"2317","鴻海","115/04/20 至 115/04/23","09:00","香港、新加坡","115年4月20-23日受富邦證券邀請參加投資人會議，說明本公司營運概況","231720260316M001.pdf","231720260316E001.pdf","","","無","查詢"
"2317","鴻海","115/05/15 至 115/05/21","09:00","電話會議","115年5月15日受Citi邀請參加投資人會議，說明本公司營運概況。
115年5月15日受BNP邀請參加投資人會議，說明本公司營運概況。
115年5月21日受CGSI邀請參加投資人會議，說明本公司營運概況。","231720260514M002.pdf","231720260514E002.pdf","","","無","查詢"
"2317","鴻海","115/05/18","09:00","香港","115年5月18日受Goldman Sachs邀請參加投資人會議，說明本公司營運概況。","231720260514M002.pdf","231720260514E002.pdf","","","無","查詢"
"2317","鴻海","115/05/22","16:00","台北市內湖區基湖路32號","115年5月22日受華南永昌證券邀請參加投資人會議，說明本公司營運概況。","內容檔案於當日會後公告於公開資訊觀測站","內容檔案於當日會後公告於公開資訊觀測站","","","無","查詢"
"2324","仁寶","115/03/17","15:00","台北君悅飯店","美銀證券舉辦2026 Asia Tech Conference，說明本公司業務及現況","232420260312M001.pdf","232420260312E001.pdf","www.compal.com","","無","查詢"
"2324","仁寶","115/03/05","15:20","台北集思北科大會議中心","凱基證券舉辦之2026Q1之投資論壇，說明本公司業務及現況","232420260304M001.pdf","232420260304E001.pdf","www.compal.com","","無","查詢"
"2324","仁寶","115/03/09","16:30","UBS台北辦公室","UBS舉辦之1Q26 APAC Tech Tour，說明本公司業務及現況","232420260304M002.pdf","232420260304E002.pdf","www.compal.com","","無","查詢"
"2324","仁寶","115/03/10","14:00","台北遠東香格里拉酒店","花旗證券舉辦之2026 Taiwan Corporate Day，說明本公司業務及現況","232420260304M003.pdf","232420260304E003.pdf","www.compal.com","","無","查詢"
"2324","仁寶","115/03/02","15:00","線上會議","UBS舉辦之仁寶電腦114年第四季財報線上法人說明會，說明本公司業務及現況","232420260302M001.pdf","232420260302E001.pdf","www.compal.com",法說會影音連結資訊:https://view.knowledgevision.com/presentation/c9a22da81d9c444ab3710f31c7d1685b ,"無","查詢"
"2324","仁寶","115/04/15 至 115/04/16","16:30","Island Shangri-La Hotel（香港港島香格里拉酒店）","匯豐證券舉辦的 HSBC Global Investment Summit，說明本公司業務及現況","內容檔案於當日會後公告於公開資訊觀測站","內容檔案於當日會後公告於公開資訊觀測站","www.compal.com","","無","查詢"
"2327","國巨*","115/02/25","16:00","線上電話會議","本公司於115/02/25受邀參加由摩根士丹利證券舉辦之線上法說會，說明114年第四季營運成果，
並就公司營運展望及產業概況向投資機構做說明。","232720260225M001.pdf","232720260225E001.pdf","https://www.yageo.com/zh-TW/Download/Index/investor_conference#bottom_link_title",中文影音檔網址:2327_219_20260225_ch.mp3 ,"公司網站https://www.yageogroup.com/About/InvestorRelations/InvestorConference","查詢"
"2327","國巨*","115/03/09","16:00","台北101大樓88樓SPACE 88會議廳","本公司於115/03/09受邀參加由摩根士丹利證券舉辦之
&quot;Titans of Taiwan Tech 2026&quot;，就公司營運及產業
概況向投資機構做說明。","232720260309M001.pdf","232720260309E001.pdf","www.yageo.com/zh-TW/Download/Index/investor_conference#bottom_link_title","","公司網站www.yageo.com/zh-TW/Download/Index/investor_conference#bottom_link_title","查詢"
"2327","國巨*","115/03/10","14:00","台北遠東香格里拉","本公司於115/03/10受邀參加由花旗證券舉辦之&quot;Citi&#039;s 2026 Taiwan Corporate Day 
–Powering the AI Age&quot;，就公司營運及產業概況向投資機構做說明。","232720260309M002.pdf","232720260309E002.pdf","www.yageo.com/zh-TW/Download/Index/investor_conference#bottom_link_title","","公司網站www.yageo.com/zh-TW/Download/Index/investor_conference#bottom_link_title","查詢"
"2327","國巨*","115/03/11","14:00","台北君悅飯店","本公司於115/03/11受邀參加由摩根大通證券舉辦之
&quot;Taiwan CEO-CFO Conference&quot;，就公司營運及產業概況向投資機構做說明。","232720260309M002.pdf","232720260309E002.pdf","www.yageo.com/zh-TW/Download/Index/investor_conference#bottom_link_title","","公司網站www.yageo.com/zh-TW/Download/Index/investor_conference#bottom_link_title","查詢"
"2327","國巨*","115/03/12","15:40","台北遠東國際大飯店","本公司於115/03/12受邀參加由國泰證券舉辦之&quot;2026Q1 產業
論壇&quot;，就公司營運及產業概況向投資機構做說明。","232720260309M002.pdf","232720260309E002.pdf","www.yageo.com/zh-TW/Download/Index/investor_conference#bottom_link_title","","公司網站www.yageo.com/zh-TW/Download/Index/investor_conference#bottom_link_title","查詢"
"2327","國巨*","115/03/13","09:30","台北艾麗酒店","本公司於115/03/13受邀參加由中信證券舉辦之&quot;2026第一季
前瞻論壇&quot;，就公司營運及產業概況向投資機構做說明。","232720260309M002.pdf","232720260309E002.pdf","www.yageo.com/zh-TW/Download/Index/investor_conference#bottom_link_title","","公司網站www.yageo.com/zh-TW/Download/Index/investor_conference#bottom_link_title","查詢"
"2327","國巨*","115/03/19","09:00","台北君悅飯店","本公司於115/03/19受邀參加由Bank of America舉辦之&quot;2026 Asia Tech Conference&quot;，
就公司營運及產業概況向投資機構做說明。","232720260309M002.pdf","232720260309E002.pdf","www.yageo.com/zh-TW/Download/Index/investor_conference#bottom_link_title","","公司網站www.yageo.com/zh-TW/Download/Index/investor_conference#bottom_link_title","查詢"
"2327","國巨*","115/04/15","16:00","線上電話會議","本公司於115/04/15受邀參加由摩根士丹利證券舉辦之線上法說會，說明115年第一季
營運成果，並就公司營運展望及產業概況向投資機構做說明。","232720260415M001.pdf","232720260415E001.pdf","www.yageo.com/zh-TW/Download/Index/investor_conference#bottom_link_title",英文影音檔網址:2327_226_20260415_en.mp3 ,"公司網站www.yageo.com/zh-TW/Download/Index/investor_conference#bottom_link_title","查詢"
"2327","國巨*","115/05/12 至 115/05/14","13:00","首爾新羅酒店","本公司於115/05/12 ~ 115/05/14受邀參加Samsung Securities舉辦之投資人說明會(Samsung Global Investors Conference) 就公司營運及產業概況向投資機構做說明。","232720260511M001.pdf","232720260511E001.pdf","www.yageo.com/zh-TW/Download/Index/investor_conference#bottom_link_title","","公司網站www.yageo.com/zh-TW/Download/Index/investor_conference#bottom_link_title","查詢"
"2327","國巨*","115/05/28","13:30","臺北文華東方酒店","本公司於115/05/28受邀參加由摩根士丹利證券舉辦之&quot;Morgan Stanley Asia AI Summit 2026&quot;，
就公司營運及產業概況向投資機構做說明。","232720260522M001.pdf","232720260522E001.pdf","www.yageo.com/zh-TW/Download/Index/investor_conference#bottom_link_title","","公司網站www.yageo.com/zh-TW/Download/Index/investor_conference#bottom_link_title","查詢"
"2327","國巨*","115/04/30","14:00","華南銀行國際會議中心","本公司於115/04/30舉辦「2026國巨集團AI高峰會」，探索人工智慧的未來與創新解決方案。","232720260430M001.pdf","232720260430E001.pdf","www.yageo.com/zh-TW/Download/Index/investor_conference#bottom_link_title",中文影音檔網址:2327_227_20260430_ch.MP3 ,"公司網站www.yageo.com/zh-TW/Download/Index/investor_conference#bottom_link_title","查詢"
"2327","國巨*","115/05/18 至 115/05/20","14:00","香港港麗酒店","本公司於115/05/18 ~ 115/05/20受邀參加Macquarie舉辦之投資人說明會(Macquarie Asia 
Conference 2026)就公司營運及產業概況向投資機構做說明。","232720260512M001.pdf","232720260512E001.pdf","https://www.yageogroup.com/About/InvestorRelations/InvestorConference","","公司網站https://www.yageogroup.com/About/InvestorRelations/InvestorConference","查詢"
"2328","廣宇","115/03/05","15:20","集思北科大會議中心(台北市大安區忠孝東路三段1號)","本公司受邀參加凱基證券舉辦之2026年第一季KGI投資論壇，說明本公司營運概況。","232820260304M001.pdf","232820260304E001.pdf","https://www.panpi.com.tw/tw/investor_service/corporate_governance/investor_meeting","","無","查詢"
"2328","廣宇","115/02/03","11:00","無","本公司受邀參加BNP Paribas舉辦之投資人說明會議，說明本公司營運概況。","232820260202M001.pdf","232820260202E001.pdf","https://www.panpi.com.tw/tw/investor_service/corporate_governance/investor_meeting","","無","查詢"
"2328","廣宇","115/01/22","14:00","群益金鼎證券11F會議室(台北市松山區民生東路三段156號11F)","本公司受邀參加群益金鼎證券所舉辦之法人說明會，說明本公司營運概況。","232820260122M001.pdf","232820260122E001.pdf","https://www.panpi.com.tw/tw/investor_service/corporate_governance/investor_meeting",中文影音檔網址:2328_24_20260122_ch.MP4 ,"無","查詢"
"2328","廣宇","115/03/12","14:00","群益金鼎證券11F會議室(台北市松山區民生東路三段156號11F)","本公司受邀參加群益金鼎證券所舉辦之法人說明會，說明本公司營運概況。","232820260312M001.pdf","232820260312E001.pdf","https://www.panpi.com.tw/tw/investor_service/corporate_governance/investor_meeting",法說會影音連結資訊:https://youtu.be/eYeaPdUmgpQ ,"無","查詢"
"2328","廣宇","115/05/14","14:00","群益金鼎證券11F會議室(台北市松山區民生東路三段156號11F)","本公司受邀參加群益金鼎證券所舉辦之法人說明會，說明本公司營運概況。","232820260514M001.pdf","232820260514E001.pdf","https://www.panpi.com.tw/tw/investor_service/corporate_governance/investor_meeting",中文影音檔網址:2328_29_20260514_ch.MP4 ,"無","查詢"
"2328","廣宇","115/04/14 至 115/04/16","09:00","新加坡Fullerton Hotel (1 Fullerton Sq, Singapore 049178)","本公司受邀參加115年4月14日至115年4月16日由寬量國際主辦之「19th QIC CEO Week」，說明本公司之營運概況、財務及業務相關資訊。","232820260413M001.pdf","232820260413E001.pdf","https://www.panpi.com.tw/tw/investor_service/corporate_governance/investor_meeting","","法人說明會開會前會將相關簡報資料輸入公開資訊觀測站。","查詢"
"2329","華泰","115/05/15","14:30","元大金融廣場&#160;3樓-D廳(台北市仁愛路三段157號)","受邀參加元大證券舉辦之法說會，報告本公司營運狀況。","232920260515M001.pdf","232920260515E001.pdf","https://www.ose.com.tw/about/investment/shareholder#company-intro-meeting",中文影音檔網址:2329_13_20260515_ch.mp4 英文影音檔網址:2329_13_20260515_en.mp4 ,"無","查詢"
"2330","台積電","115/04/25","00:00","美國亞利桑那州","本公司將舉辦『TSMC 2026 Investor Day』，會中就本公司4/16法說會已公開之財務數字、經營績效等相關資訊進行說明。","233020260416M001.pdf","233020260416E001.pdf","https://investor.tsmc.com/chinese/quarterly-results/","","無。","查詢"
"2330","台積電","115/03/03 至 115/03/06","00:30","Palace Hotel, San Francisco","本公司受邀參加摩根士丹利證券所舉辦之『Morgan Stanley Technology, Media &amp; Telecom Conference』，會中就本公司1/15法說會已公開之財務數字、經營績效等相關資訊進行說明。","233020260115M001.pdf","233020260115E001.pdf","https://investor.tsmc.com/chinese/quarterly-results/","","無。","查詢"
"2330","台積電","115/01/15","14:00","台北文華東方酒店B2 文華廳 (台北市松山區敦化北路158號)","(1)公布本公司2025年第4季財務報告及2026年第1季業績展望。(2)參加方式：請參見https://investor.tsmc.com/chinese/quarterly-results/2025/q4","233020260115M001.pdf","233020260115E001.pdf","https://investor.tsmc.com/chinese/quarterly-results/2025/q4",同步收看網址：:https://investor.tsmc.com/chinese/quarterly-results/2025/q4 法說會影音連結資訊:https://investor.tsmc.com/chinese/quarterly-results/2025/q4 ,"無。","查詢"
"2330","台積電","115/03/12","09:00","台北君悅酒店","本公司受邀參加摩根大通證券所舉辦之『Taiwan CEO-CFO Conference』，會中就本公司1/15法說會已公開之財務數字、經營績效等相關資訊進行說明。","233020260115M001.pdf","233020260115E001.pdf","https://investor.tsmc.com/chinese/quarterly-results/","","無。","查詢"
"2330","台積電","115/05/26 至 115/05/27","08:00","FOUR SEASONS HOTEL HONG KONG","本公司受邀參加瑞銀證券所舉辦之『Asian Investment Conference 2026』，會中就本公司4/16法說會已公開之財務數字、經營績效等相關資訊進行說明。","233020260416M001.pdf","233020260416E001.pdf","https://investor.tsmc.com/chinese/quarterly-results/",法說會影音連結資訊:未輸 ,"無。","查詢"
"2330","台積電","115/04/16","14:00","線上法說會","(1)公布本公司2026年第1季財務報告及2026年第2季業績展望。(2)參加方式：請參見https://investor.tsmc.com/chinese/quarterly-results/2026/q1","233020260416M001.pdf","233020260416E001.pdf","https://investor.tsmc.com/chinese/quarterly-results/2026/q1",同步收看網址：:https://investor.tsmc.com/chinese/quarterly-results/2026/q1 法說會影音連結資訊:https://investor.tsmc.com/chinese/quarterly-results/2026/q1 ,"無。","查詢"
"2337","旺宏","115/01/27","16:00","線上法人說明會","旺宏電子2025年第四季營運成果報告","233720260127M001.pdf","233720260127E001.pdf","https://www.mxic.com.tw/zh-tw/about/investor-relations/Pages/quarterly-results.aspx",法說會影音連結資訊:https://www.macronix.com/zh-tw/about/investor-relations/Pages/quarterly-results.aspx ,"無","查詢"
"2337","旺宏","115/04/27","16:00","線上法人說明會","旺宏電子2026年第一季營運成果報告","233720260427M001.pdf","233720260427E001.pdf","https://www.mxic.com.tw/zh-tw/about/investor-relations/Pages/quarterly-results.aspx",法說會影音連結資訊:https://www.macronix.com/zh-tw/about/investor-relations/Pages/quarterly-results.aspx ,"無","查詢"
"2342","茂矽","115/04/23","14:30","線上法人說明會","本公司受邀參加台新證券舉辦之線上法說會，說明本公司營運狀況。","234220260423M001.pdf","234220260423E001.pdf","https://www.mosel.com.tw/investor_1.aspx",中文影音檔網址:2342_15_20260423_ch.mp4 ,"無","查詢"
"2344","華邦電","115/02/10","15:00","台北艾麗希爾頓格芮精選酒店5F楓柏廳 (台北市信義區松高路18號)","本公司舉行114年第四季度法人說明會，將於會中就公司114年第四季度財務數字與營運概況做說明","234420260210M001.pdf","234420260210E001.pdf","http://www.winbond.com/",同步收看網址：:https://wms.gridow.com/ir/winbond/winbond_25Q4.html 法說會影音連結資訊:https://wms.gridow.com/ir/winbond/winbond_25Q4.html ,"無","查詢"
"2344","華邦電","115/05/05","15:00","台北艾麗希爾頓格芮精選酒店5F蘭廳 (台北市信義區松高路18號)","本公司舉行115年第一季度法人說明會，將於會中就公司115年第一季度財務數字與營運概況做說明","234420260505M001.pdf","234420260505E001.pdf","http://www.winbond.com/",同步收看網址：:https://wms.gridow.com/ir/winbond/winbond_26Q1.html 法說會影音連結資訊:https://wms.gridow.com/ir/winbond/winbond_26Q1.html ,"無","查詢"
"2347","聯強","115/05/07","14:00","臺北市南港區市民大道八段205號23樓，同步視訊","說明公司業務狀況","234720260507M001.pdf","234720260507E001.pdf","https://www.synnex-grp.com/tw",中文影音檔網址:2347_61_20260507_ch.mp4 ,"無","查詢"
"2347","聯強","115/03/13","14:00","臺北市南港區市民大道八段205號23樓，同步視訊","說明公司業務狀況","234720260313M001.pdf","234720260313E001.pdf","http://www.synnex-grp.com/tw",中文影音檔網址:2347_60_20260313_ch.mp4 ,"無","查詢"
"2351","順德","115/03/31","14:00","臺北文創","本公司受邀參加機構投資人說明會","235120260323M001.pdf","235120260323E001.pdf","http://www.sdi.com.tw",法說會影音連結資訊:https://youtu.be/gXvxuyLJovQ?si=LaOdD7G6kIj6ihsY ,"無","查詢"
"2351","順德","115/05/27","13:30","線上座談會","本公司受邀參加國泰證券舉辦之投資人說明會","235120260521M001.pdf","235120260521E001.pdf","http://www.sdi.com.tw","","無","查詢"
"2352","佳世達","115/03/11","15:00","線上法說會","本公司2025年第四季財務結果及業務摘要","235220260311M001.pdf","235220260311E001.pdf","https://www.qisda.com/tw/investor/ir-activities",中文影音檔網址:2352_76_20260311_ch.mp4 ,"會議簡報檔及影音連結將於法人說明會後揭露於公開資訊觀測站","查詢"
"2352","佳世達","115/03/17","13:30","台北茹曦酒店2F會議廳 (台北市松山區敦化北路100號)","本公司受邀參加群益金鼎證券舉辦2026第一季投資論壇,說明本公司營運成果。","235220260311M001.pdf","235220260311E001.pdf","https://www.qisda.com/tw/investor/ir-activities",法說會影音連結資訊:https://youtu.be/jMHL3TyWso0 ,"完整財務業務資訊請至公開資訊觀測站之法人說明會一覽表或法說會項目下查閱。","查詢"
"2352","佳世達","115/05/08","14:00","線上法說會","本公司2026年第一季財務結果及業務摘要","235220260508M001.pdf","235220260508E001.pdf","https://www.qisda.com/tw/investor/ir-activities",中文影音檔網址:2352_78_20260508_ch.mp4 ,"會議簡報檔及影音連結將於法人說明會後揭露於公開資訊觀測站","查詢"
"2353","宏碁","115/05/20","14:00","線上法說會","本公司受邀參加第一金證券舉辦之法人說明會，將於上述時間地點，向法人投資者就已公開發佈之財務數字、經營績效等相關資訊做說明。","235320260512M001.pdf","235320260512E001.pdf","http://www.acer-group.com",中文影音檔網址:2353_154_20260520_ch.mp4 ,"無","查詢"
"2353","宏碁","115/06/01","09:00","台北W Hotel飯店","本公司受邀參加高盛證券舉辦之GS Taiwan Computex &amp; Corporate Day Jun 2026，將於上述時間地點，向法人投資者就已公開發佈之財務數字、經營績效等相關資訊做說明。","235320260512M002.pdf","235320260512E002.pdf","http://www.acer-group.com","","無","查詢"
"2353","宏碁","115/06/03 至 115/06/05","14:00","台北W Hotel飯店","本公司受邀參加花旗證券舉辦 Citi Taiwan Tech Conference，將於上述時間地點，向法人投資者就已公開發佈之財務數字、經營績效等相關資訊做說明。","235320260512M003.pdf","235320260512E003.pdf","http://www.acer-group.com","","無","查詢"
"2353","宏碁","115/04/14 至 115/04/16","14:00","香港Conrad酒店","本公司受邀參加匯豐證券舉辦HSBC Global Investment Summit，將於上述時間地點，向法人投資者就已公開發佈之財務數字、經營績效等相關資訊做說明。","235320260512M005.pdf","235320260512E005.pdf","http://www.acer-group.com","","無","查詢"
"2353","宏碁","115/03/18 至 115/03/19","09:00","台北君悅飯店","本公司受邀參加美銀證券舉辦之BofA Securities 2026 Asia Tech Conference，將於上述時間地點，向法人投資者就已公開發佈之財務數字、經營績效等相關資訊做說明。","235320260512M004.pdf","235320260512E004.pdf","http://www.acer-group.com","","無","查詢"
"2354","鴻準","115/03/17 至 115/03/18","10:00","台北君悅酒店(台北市信義區松壽路2號)","本公司受邀參加BofA Securities 2026 Asia Tech Conference","235420260316M001.pdf","235420260316E001.pdf","https://www.foxconntech.com.tw/investor-relations/investor-relations-activities/investor-conference/","","無","查詢"
"2356","英業達","115/03/11","10:00","台北君悅酒店(台北市信義區松壽路2號)","本公司受邀參加JP Morgan Taiwan CEO-CFO Conference，說明本公司營運概況","235620260310M001.pdf","235620260310E001.pdf","https://www.inventec.com",中文影音檔網址:2356_228_20260311_ch.mp4 ,"無","查詢"
"2356","英業達","115/03/17","09:00","香港","本公司受邀參加Jefferies Asia Forum，說明本公司營運概況","235620260310M002.pdf","235620260310E002.pdf","https://www.inventec.com","","無","查詢"
"2356","英業達","115/03/20","10:00","台北君悅酒店(台北市信義區松壽路2號)","本公司受邀參加BofA Securities 2026 Asia Tech Conference，說明本公司營運概況","235620260310M003.pdf","235620260310E003.pdf","https://www.inventec.com","","無","查詢"
"2356","英業達","115/05/12","14:00","線上會議","本公司受邀參加富邦證券第一季營運實績說明會，說明本公司營運概況","235620260512M001.pdf","235620260512E001.pdf","https://www.inventec.com",中文影音檔網址:2356_231_20260512_ch.mp4 ,"無","查詢"
"2356","英業達","115/05/19","09:00","香港","本公司受邀參加 Goldman Sachs Asia Communacopia + Technology Conference，說明本公司營運概況","235620260512M002.pdf","235620260512E002.pdf","https://www.inventec.com","","無","查詢"
"2356","英業達","115/05/26","09:00","香港","本公司受邀參加 UBS Asian Investment Conference 2026，說明本公司營運概況","235620260512M003.pdf","235620260512E003.pdf","https://www.inventec.com","","無","查詢"
"2356","英業達","115/05/28","10:00","台北文華東方酒店(台北市松山區敦化北路158號)","本公司受邀參加Morgan Stanley Asia AI Summit 2026，說明本公司營運概況","235620260512M004.pdf","235620260512E004.pdf","https://www.inventec.com","","無","查詢"
"2357","華碩","115/03/18","14:00","台北君悅飯店（台北市信義區松壽路2號）","向法人說明產業狀況與本公司經營績效","235720260310M001.pdf","235720260310E001.pdf","https://www.asus.com/tw/Pages/Investor/","","無","查詢"
"2357","華碩","115/03/10","16:00","本次為線上會議","1.說明114年第4季營運結果。 
2.報告品牌業務近況及公司願景。","235720260310M001.pdf","235720260310E001.pdf","https://www.asus.com/tw/Pages/Investor/",同步收看網址：:https://www.webcast-eqs.com/asus25q4/tc 中文影音檔網址:2357_185_20260310_ch.mp4 ,"無","查詢"
"2357","華碩","115/03/11","14:00","台北君悅飯店（台北市信義區松壽路2號）","向法人說明產業狀況與本公司經營績效","235720260310M001.pdf","235720260310E001.pdf","https://www.asus.com/tw/Pages/Investor/","","無","查詢"
"2357","華碩","115/05/12","16:00","本次為線上會議","1.說明115年第1季營運結果。 
2.報告品牌業務近況及公司願景。","235720260512M001.pdf","235720260512E001.pdf","https://www.asus.com/tw/Pages/Investor/",同步收看網址：:https://www.webcast-eqs.com/asus26q1/tc 法說會影音連結資訊:https://www.webcast-eqs.com/asus26q1/tc ,"內容檔案於當日公告於公開資訊觀測站","查詢"
"2359","所羅門","115/04/08","15:40","臺灣證券交易所(101大樓)1樓資訊展示中心","本公司受邀參加臺灣證券交易所舉辦之115年「AI產業」主題式業績發表會，說明本公司之營運概況、財務及業務相關資訊。","235920260408M001.pdf","235920260408E001.pdf","https://www.solomon.com.tw/shareholders/investor-conference/",法說會影音連結資訊:https://webpro.twse.com.tw/WebPortal/vod/101/CFEE97D2110A-B611081D-3322-11F1-9705/?categoryId=193 ,"無","查詢"
"2360","致茂","115/02/25","14:30","桃園市龜山區文茂路88號(本公司會議室)","2025年第四季營運結果","236020260225M001.pdf","236020260225E001.pdf","http://www.chromaate.com",法說會影音連結資訊:https://www.chromaate.com/tw/investors/quarterly_results ,"無","查詢"
"2360","致茂","115/03/02 至 115/03/06","09:00","香港,新加坡","本公司受邀參加花旗證券舉辦之Hong Kong &amp; Singapore NDR，向投資人說明本公司2025年第4季之營運概況。","236020260225M001.pdf","236020260225E001.pdf","http://www.chromaate.com","","無","查詢"
"2360","致茂","115/03/18 至 115/03/19","09:00","Hong Kong","本公司受邀參加Jefferies於3/18~3/19舉辦之Jefferies Asia Forum 2026，向投資人說明本公司2025年第4季之營運概況。","236020260225M001.pdf","236020260225E001.pdf","http://www.chromaate.com","","無","查詢"
"2360","致茂","115/03/11 至 115/03/17","09:00","Grand Hyatt Taipei","本公司受邀參加J.P.Morgan於3/11舉辦之J.P. Morgan Taiwan CEO-CFO Conference，及Bank of America於3/17舉辦之2026 BofA Asia Tech Conference，向投資人說明本公司2025年第4季之營運概況。","236020260225M001.pdf","236020260225E001.pdf","http://www.chromaate.com","","無","查詢"
"2360","致茂","115/05/19 至 115/05/20","09:00","Hong Kong","本公司受邀參加麥格理證券舉辦之MACQUARIE ASIA CONFERENCE 2026，向投資人說明本公司2026年第1季之營運概況。","236020260430M001.pdf","236020260430E001.pdf","http://www.chromaate.com","","無","查詢"
"2360","致茂","115/04/30","14:30","線上法說會","(1)本公司將召開線上法說會說明2026年第一季營運結果
(2)本次線上法說會需要於登入網頁頁面填寫參加者資訊方能進入會議, 登入網址:https://www.zucast.com/webcast/VHyGTrpH","236020260430M001.pdf","236020260430E001.pdf","http://www.chromaate.com",法說會影音連結資訊:https://www.chromaate.com/tw/investors/quarterly_results ,"無","查詢"
"2362","藍天","115/03/25","14:30","統一證券總公司1302會議室(台北市松山區東興路8號)","統一證券舉辦法人說明會 說明本公司財務及營運概況","236220260325M001.pdf","236220260325E001.pdf","https://www.clevo.com.tw/",中文影音檔網址:2362_47_20260325_ch.MP4 ,"本法說會於下午2:00即可開始進場","查詢"
"2364","倫飛","115/04/17","14:30","統一證券/地址：臺北市松山區東興路8號B2樓(203會議室)","1.公司簡介 
2.營運概況 
3.財務報告(2025年第四季) 
4.Ｑ＆Ａ","236420260416M001.pdf","236420260416E001.pdf","",法說會影音連結資訊:https://youtu.be/TqIjHBarFSo ,"無","查詢"
"2365","昆盈","115/03/18","14:30","新北市三重區重新路五段492號(本公司一樓會議室)","公司營運概況報告","236520260318M001.pdf","236520260318E001.pdf","https://www.geniusnet.com/tw/investors/fin_business_info",法說會影音連結資訊:https://youtu.be/eUkvNqDwb44 ,"無","查詢"
"2365","昆盈","115/05/21","14:30","新北市三重區重新路五段492號(本公司一樓會議室)","公司營運概況報告","236520260521M001.pdf","236520260521E001.pdf","https://www.geniusnet.com/tw/investors/fin_business_info",法說會影音連結資訊:https://www.youtube.com/watch?v=1c7QbUQjdkc ,"無。","查詢"
"2368","金像電","115/03/18","11:00","台北君悅","本公司受邀參加BofA舉辦之2026 Asia Tech Conference","236820260317M001.pdf","236820260317E001.pdf","https://www.gce.com.tw/legal.html","","無","查詢"
"2368","金像電","115/01/13","13:15","泰國","本公司受邀參加Morgan Stanley舉辦之座談會","236820260112M001.pdf","236820260112E001.pdf","https://www.gce.com.tw/legal.html","","無","查詢"
"2368","金像電","115/01/15","10:30","泰國","本公司受邀參加富邦證券舉辦之座談會","236820260112M001.pdf","236820260112E001.pdf","https://www.gce.com.tw/legal.html","","無","查詢"
"2368","金像電","115/05/26","10:00","香港","本公司受邀參加UBS舉辦之投資論壇","236820260525M001.pdf","236820260525E001.pdf","https://www.gce.com.tw/legal.html","","無","查詢"
"2374","佳能","115/05/12","15:00","線上法人說明會","1.財報解析。
2.營運報告。","237420260512M001.pdf","237420260512E001.pdf","http://www.abilitycorp.com.tw",同步收看網址：:https://www.zucast.com/webcast/Zhjyp220 法說會影音連結資訊:https://www.zucast.com/webcast/Zhjyp220 ,"無。","查詢"
"2376","技嘉","115/05/15","16:30","本公司受邀參加國泰證券舉辦之線上法人說明會","本公司受邀參加國泰證券舉辦之線上法人說明會","237620260514M001.pdf","237620260514E001.pdf","",中文影音檔網址:2376_27_20260515_ch.mp4 ,"無，完整財務業務資訊請至公開資訊觀測站之法人說明會一覽表或法說會項目下查閱。","查詢"
"2377","微星","115/03/13","14:00","本公司3102會議室(新北市中和區立德街69號)","說明114年第4季營運結果。
實體法說會(採實名制報名)
報名網址：https://www.msi.com/investor/conference/zh-tw","237720260313M001.pdf","237720260313E001.pdf","https://tw.msi.com",法說會影音連結資訊:https://youtu.be/yiBr31okP4A ,"無","查詢"
"2379","瑞昱","115/01/28","15:00","網路直播","瑞昱半導體將於115年01月28日(三)舉行2025年第4季線上法人說明會。
時間：3:00-4:00 pm
語言: 英文
直播網址：https://www.zucast.com/webcast/WWW1zDls建議參與者於法說會前安裝或升級所需播放軟體，或至http://www.zucast.com/help 尋求技術支援。","237920260128M001.pdf","237920260128E001.pdf","https://www.realtek.com",同步收看網址：:https://www.zucast.com/webcast/WWW1zDls 法說會影音連結資訊:https://www.realtek.com/InvestorRelations/QuarterlyEarningRelease?menu_id=473&lang=zh-TW 英文網址:https://www.realtek.com/InvestorRelations/QuarterlyEarningRelease?lang=en-GB&menu_id=709 ,"無","查詢"
"2379","瑞昱","115/03/05 至 115/03/06","08:00","3/05 The Prince Park Tower Tokyo。","公告本公司115年03月05日~115年03月06日參加Daiwa Investment
Conference Tokyo，會中就公司營運及產業概況向投資機構做說明。","237920260304M001.pdf","237920260304E001.pdf","","","無","查詢"
"2379","瑞昱","115/03/10 至 115/03/18","09:00","3/10 Shangri-La Taipei，3/12 Grand Hyatt Taipei，3/17 Grand
Hyatt Taipei。","公告本公司115 年03 月10 日參加Citi Taiwan Corporate Day，115 年
03 月12 日參加J.P. Morgan Taiwan CEO-CFO Conference，以及115
年03 月17 日~115 年03 月18 日參加BofA Asia Tech Conference，
會中就公司營運及產業概況向投資機構做說明。","237920260304M002.pdf","237920260304E002.pdf","",法說會影音連結資訊:https://youtu.be/rmZjNwtsBq0 ,"無","查詢"
"2379","瑞昱","115/05/29","09:30","05/29 Mandarin Oriental Taipei。","公告本公司115年05月29日參加Morgan Stanley Asia AI Summit，會中就公司營運及產業概況向投資機構做說明。","237920260430M001.pdf","237920260430E001.pdf","","","無","查詢"
"2379","瑞昱","115/05/26","09:00","05/26 Four Seasons Hong Kong。","公告本公司115年05月26日參加UBS Asian Investment Conference，會中就公司營運及產業概況向投資機構做說明。","237920260430M001.pdf","237920260430E001.pdf","","","無","查詢"
"2379","瑞昱","115/04/30","15:00","網路直播","瑞昱半導體將於115年04月30日(四)舉行2026年第1季線上法人說明會。
時間：3:00-4:00 pm
語言: 英文
直播網址：https://www.zucast.com/webcast/GxaTpTL5建議參與者於法說會前安裝或升級所需播放軟體，或至http://www.zucast.com/help 尋求技術支援。","237920260430M001.pdf","237920260430E001.pdf","https://www.realtek.com",同步收看網址：:https://www.zucast.com/webcast/GxaTpTL5 法說會影音連結資訊:https://www.realtek.com/InvestorRelations/QuarterlyEarningRelease?lang=zh-TW&menu_id=473 英文網址:https://www.realtek.com/InvestorRelations/QuarterlyEarningRelease?lang=en-GB&menu_id=709 ,"無","查詢"
"2382","廣達","115/03/20","09:00","台北君悅酒店","本公司受邀參加美林證券所舉辦之“2026 Asia Tech Conference”投資論壇就本公司目前之營運概況，作回顧及展望說明","238220260302M001.pdf","238220260302E001.pdf","https://www.quantatw.com/Quanta/chinese/investment/financials_icp.aspx","","詳細資料請詳公開資訊觀測站及本公司網站。","查詢"
"2382","廣達","115/03/12","13:30","台北遠東香格里拉飯店","本公司受邀參加國泰證券所舉辦之投資論壇就本公司目前之營運概況，作回顧及展望說明","238220260302M001.pdf","238220260302E001.pdf","https://www.quantatw.com/Quanta/chinese/investment/financials_icp.aspx","","詳細資料請詳公開資訊觀測站及本公司網站。","查詢"
"2382","廣達","115/03/10","09:00","台北遠東香格里拉飯店","本公司受邀參加花旗證券所舉辦之&quot;Citi 2026 March Corporate Day&quot;投資論壇就本公司目前之營運概況，作回顧及展望說明","238220260302M001.pdf","238220260302E001.pdf","https://www.quantatw.com/Quanta/chinese/investment/financials_icp.aspx","","詳細資料請詳公開資訊觀測站及本公司網站。","查詢"
"2382","廣達","115/03/13","09:00","台北君悅酒店","本公司受邀參加J.P. Morgan所舉辦之&quot;Taiwan CEO-CFO Conference 2026 &quot; 投資論壇就本公司目前之營運概況，作回顧及展望說明","238220260302M001.pdf","238220260302E001.pdf","https://www.quantatw.com/Quanta/chinese/investment/financials_icp.aspx","","詳細資料請詳公開資訊觀測站及本公司網站。","查詢"
"2382","廣達","115/05/14","15:30","受邀參加線上電話會議","本公司受麥格理證券邀請參加&quot;115年第一季營運成果線上電話說明會”","238220260514M001.pdf","238220260514E001.pdf","http://www.quantatw.com",中文影音檔網址:2382_230_20260514_ch.mp3 ,"詳細資料請詳當日公開資訊觀測站及本公司網站。","查詢"
"2382","廣達","115/05/27","14:00","台北晶華酒店","本公司受邀參加台新證券所舉辦之&quot;台新2026年第二季全球投資論壇”就本公司目前之營運概況，作回顧及展望說明","238220260514M001.pdf","238220260514E001.pdf","http://www.quantatw.com","","詳細資料請詳公開資訊觀測站及本公司網站。","查詢"
"2382","廣達","115/05/28","09:00","台北文華東方酒店","本公司受邀參加Morgan Stanley所舉辦之&quot;Morgan Stanley Asia AI Summit 2026&quot;投資論壇就本公司目前之營運概況，作回顧及展望說明","238220260514M001.pdf","238220260514E001.pdf","http://www.quantatw.com","","詳細資料請詳公開資訊觀測站及本公司網站。","查詢"
"2382","廣達","115/06/01","09:00","台北君悅酒店","本公司受邀參加HSBC所舉辦之&quot;HSBC Taiwan Conference 2026&quot;投資論壇就本公司目前之營運概況，作回顧及展望說明","238220260514M001.pdf","238220260514E001.pdf","http://www.quantatw.com","","詳細資料請詳公開資訊觀測站及本公司網站。","查詢"
"2382","廣達","115/06/05","09:00","台北W酒店","本公司受邀參加花旗證券所舉辦之&quot;Citi&#039;s 2026 Taiwan Tech Conference&quot;投資論壇就本公司目前之營運概況，作回顧及展望說明","238220260514M001.pdf","238220260514E001.pdf","http://www.quantatw.com","","詳細資料請詳公開資訊觀測站及本公司網站。","查詢"
"2383","台光電","115/03/13","09:00","台北","本公司受邀參加摩根大通證券舉辦之Taiwan CEO-CFO Conference","238320260311M001.pdf","238320260311E001.pdf","http://www.emctw.com","","無","查詢"
"2383","台光電","115/03/12","15:30","線上會議","本公司受邀參加富邦證券舉辦之線上法人座談會","238320260311M001.pdf","238320260311E001.pdf","http://www.emctw.com",中文影音檔網址:2383_221_20260312_ch.mp4 ,"無","查詢"
"2383","台光電","115/03/17 至 115/03/18","09:00","台北","本公司受邀參加美銀證券舉辦之2026 Asia Tech Conference","238320260311M001.pdf","238320260311E001.pdf","http://www.emctw.com","","無","查詢"
"2383","台光電","115/03/19","15:30","台北","本公司受邀參加國泰證券舉辦之法人說明會，說明本公司營運概況。","238320260311M001.pdf","238320260311E001.pdf","http://www.emctw.com","","無","查詢"
"2383","台光電","115/04/30","14:00","線上會議","本公司受邀參加富邦證券舉辦之線上法人座談會，說明本公司之營運概況。","238320260429M001.pdf","238320260429E001.pdf","http://www.emctw.com","","無","查詢"
"2383","台光電","115/04/30","15:30","線上會議","本公司受邀參加高盛證券舉辦之線上法人座談會，說明本公司之營運概況。","238320260429M001.pdf","238320260429E001.pdf","http://www.emctw.com","","無","查詢"
"2383","台光電","115/03/12","14:00","線上會議","本公司受邀參加高盛證券舉辦之線上法人座談會","238320260311M001.pdf","238320260311E001.pdf","http://www.emctw.com","","無","查詢"
"2383","台光電","115/05/18","10:00","香港","本公司受邀參加高盛證券舉辦之香港科技論壇，說明本公司營運概況。","238320260429M001.pdf","238320260429E001.pdf","http://www.emctw.com","","無","查詢"
"2383","台光電","115/05/15","09:00","新加坡","本公司受邀參加元大證券舉辦之「2026年元大台灣科技日論壇」，說明本公司營運概況。","238320260429M001.pdf","238320260429E001.pdf","http://www.emctw.com","","無","查詢"
"2383","台光電","115/05/12","16:00","線上會議","本公司受邀參加摩根大通舉辦之線上法人座談會，說明本公司之營運概況。","238320260429M001.pdf","238320260429E001.pdf","http://www.emctw.com","","無","查詢"
"2385","群光","115/05/11","15:00","台北市敦化南路二段218號5樓","公告本公司參加國泰證券舉辦之法人說明會，會中向投資人說明本公司業務概況及未來前景","238520260511M001.pdf","238520260511E001.pdf","http://www.chicony.com.tw/","","無","查詢"
"2385","群光","115/03/10","15:00","台北市中山區明水路700號","公告本公司參加凱基證券舉辦之4Q25法人說明會，會中向投資人說明本公司業務概況及未來前景","238520260310M001.pdf","238520260310E001.pdf","http://www.chicony.com.tw/",法說會影音連結資訊:https://youtu.be/49aqcoewNKk?si=cCUxqhS6vzRNjNqW ,"無","查詢"
"2385","群光","115/03/19","09:00","君悅酒店","公告本公司參加美銀證券舉辦之2026 Asia Tech Conference，會中向投資人說明本公司業務概況及未來前景","238520260310M001.pdf","238520260310E001.pdf","http://www.chicony.com.tw/","","無","查詢"
"2385","群光","115/03/09","09:00","遠東飯店","公告本公司參加花旗證券舉辦之Taiwan Corporate Day，會中向投資人說明本公司業務概況及未來前景","238520251112M001.pdf","238520251112E001.pdf","http://www.chicony.com.tw/","","無","查詢"
"2395","研華","115/03/09","12:00","台北遠東香格里拉飯店","本公司將受邀參加花旗證券辦理之「2026 March Corporate Day」，會中就本公司114年第四季之財務數字、經營績效等資訊做相關說明。","239520260304M001.pdf","239520260304E001.pdf","","","無","查詢"
"2395","研華","115/03/04","14:00","研華內湖總部 (台北市內湖區瑞光路26巷20弄1號)","(1)公布本公司2025年第4季財務報告及2026年第1季業績展望。
(2)參加方式：請參見https://advt.ch/4Q25-Investor-Conference","239520260304M001.pdf","239520260304E001.pdf","https://www.advantech.com/zh-tw/investor/investor-events",同步收看網址：:https://zoom.us/j/2192781821?pwd=eWdQemVjN0lSSkZCUC9wZjFONWtLZz09 法說會影音連結資訊:https://www.advantech.com/zh-tw/resources/video/研華科技2025年第四季法人說明會 英文版影音連結網址:https://www.advantech.com/en/resources/video/advantech-4q-2025-investors-meeting ,"無","查詢"
"2395","研華","115/03/17","14:00","台北君悅酒店","本公司將受邀參加“BofA Securities 2026 Asia Tech Conference ”美銀證券科技論壇，會中就本公司114年第四季之財務數字、經營績效等資訊做相關說明。","239520260304M001.pdf","239520260304E001.pdf","","","無","查詢"
"2395","研華","115/05/06","15:30","線上會議","本公司受邀參加UBS瑞銀證券主辦之線上會議，就本公司115年第一季之財務數字、經營績效等資訊做相關說明。","239520260506M001.pdf","239520260506E001.pdf","https://www.advantech.com/zh-tw/investor/investor-events",同步收看網址：:https://zoom.us/j/2192781821?pwd=eWdQemVjN0lSSkZCUC9wZjFONWtLZz09 法說會影音連結資訊:https://www.advantech.com/zh-tw/resources/video/研華科技2026年第一季法人說明會 英文版影音連結網址:https://www.advantech.com/en/resources/video/advantech-1q-2026-investors-meeting ,"無","查詢"
"2395","研華","115/05/29","15:30","台北文華東方酒店","本公司將受邀參加摩根士丹利Asia AI Summit 2026論壇，會中就本公司115年第一季之財務數字、經營績效等資訊做相關說明。","239520260506M001.pdf","239520260506E001.pdf","","","無","查詢"
"2397","友通","115/03/23","14:00","線上法人說明會","說明本公司114年第四季之財務營運概況","239720260323M001.pdf","239720260323E001.pdf","https://www.dfi.com/tw/investorconference",中文影音檔網址:2397_25_20260323_ch.mp4 ,"會議簡報檔及影音連結將於法人說明會後揭露於公開資訊觀測站","查詢"
"2397","友通","115/05/19","14:00","線上法人說明會","說明本公司115年第一季之財務營運概況","239720260519M001.pdf","239720260519E001.pdf","https://www.dfi.com/tw/investorconference",中文影音檔網址:2397_26_20260519_ch.mp4 ,"會議簡報檔及影音連結將於法人說明會後揭露於公開資訊觀測站","查詢"
"2408","南亞科","115/03/09","10:30","UBS台北辦公室","本公司財務業務相關資訊說明","240820260306M001.pdf","240820260306E001.pdf","https://www.nanya.com/tw/IR/13/Investor Calendar?Year=2026","","本公司受邀參加 UBS 1Q26 APAC Tech Tour","查詢"
"2408","南亞科","115/01/19","15:00","線上法說會","2025年第4季營運狀況說明","240820260119M001.pdf","240820260119E001.pdf","https://www.nanya.com/tw/",法說會影音連結資訊:https://www.nanya.com/tw/IR/13/Investor Calendar?Year=2026 ,"無","查詢"
"2408","南亞科","115/03/12","09:00","台北君悅酒店","本公司財務業務相關資訊說明","240820260306M001.pdf","240820260306E001.pdf","https://www.nanya.com/tw/IR/13/Investor Calendar?Year=2026",法說會影音連結資訊:https://www.nanya.com/tw/IR/13/Investor Calendar?Year=2026 ,"本公司受邀參加J.P. Morgan Taiwan CEO-CFO Conference","查詢"
"2408","南亞科","115/03/12","15:40","台北遠東香格里拉飯店","本公司財務業務相關資訊說明","240820260306M001.pdf","240820260306E001.pdf","https://www.nanya.com/tw/IR/13/Investor Calendar?Year=2026","","本公司受邀參加國泰證券投資論壇","查詢"
"2408","南亞科","115/03/10","09:00","台北遠東香格里拉飯店","本公司財務業務相關資訊說明","240820260306M001.pdf","240820260306E001.pdf","https://www.nanya.com/tw/IR/13/Investor Calendar?Year=2026","","本公司受邀參加Citi 2026 Taiwan Corporate Day","查詢"
"2408","南亞科","115/03/10","15:40","台北晶華酒店","本公司財務業務相關資訊說明","240820260306M001.pdf","240820260306E001.pdf","https://www.nanya.com/tw/IR/13/Investor Calendar?Year=2026","","本公司受邀參加永豐金證券投資論壇","查詢"
"2408","南亞科","115/03/18","09:00","台北君悅酒店","本公司財務業務相關資訊說明","240820260306M001.pdf","240820260306E001.pdf","https://www.nanya.com/tw/IR/13/Investor Calendar?Year=2026","","本公司受邀參加BofA 2026 Asia Tech Conference","查詢"
"2408","南亞科","115/05/15","09:00","新加坡君悅酒店","本公司財務業務相關資訊說明","240820260514M001.pdf","240820260514E001.pdf","https://www.nanya.com/tw/IR/13/Investor Calendar?Year=2026","","本公司受邀參加元大台灣科技日論壇","查詢"
"2408","南亞科","115/04/13","15:00","線上法說會","2026年第1季營運狀況說明","240820260413M001.pdf","240820260413E001.pdf","https://www.nanya.com/tw/",法說會影音連結資訊:https://www.nanya.com/tw/IR/13/Investor Calendar?Year=2026 ,"無","查詢"
"2408","南亞科","115/05/18 至 115/05/19","14:00","香港港麗酒店","本公司財務業務相關資訊說明","240820260514M001.pdf","240820260514E001.pdf","https://www.nanya.com/tw/IR/13/Investor Calendar?Year=2026","","本公司受邀參加Macquarie Asia Conference 2026","查詢"
"2409","友達","115/03/18","10:00","台北君悅酒店","本公司將受邀參加Bank of America 舉辦之「2026 Asia Tech Conference」，就114年第四季法說會之內容說明公司營運與財務概況。","240920260210M001.pdf","240920260210E001.pdf","https://www.auo.com/zh-TW/investor_conference/index","","無","查詢"
"2409","友達","115/03/27","14:00","線上法人座談會","本公司將受邀參加第一金證券邀請舉辦之法人座談會，就114年第四季法說會之內容說明公司營運與財務概況。","240920260210M001.pdf","240920260210E001.pdf","https://www.auo.com/zh-TW/investor_conference/index",中文影音檔網址:2409_217_20260327_ch.mp4 ,"無","查詢"
"2409","友達","115/04/30","14:00","線上法說會","115年第一季線上法人說明會","240920260430M001.pdf","240920260430E001.pdf","https://www.auo.com/zh-TW/investor_conference/index",中文影音檔網址:2409_218_20260430_ch.mp4 英文影音檔網址:2409_218_20260430_en.mp4 ,"影音資訊於當日會後上傳","查詢"
"2409","友達","115/03/31","14:00","台北市中山區明水路700號","本公司將受邀參加凱基證券邀請舉辦之法人座談會，就114年第四季法說會之內容說明公司營運與財務概況。","240920260210M001.pdf","240920260210E001.pdf","https://www.auo.com/zh-TW/investor_conference/index","","無","查詢"
"2409","友達","115/02/10","14:00","茹曦酒店5樓 斯賓諾莎宴會廳 (台北市松山區敦化北路100號)","114年第四季法人說明會","240920260210M001.pdf","240920260210E001.pdf","https://auo.com/zh-TW/Investor_Conference/index",中文影音檔網址:2409_214_20260210_ch.mp4 英文影音檔網址:2409_214_20260210_en.mp4 ,"影音資訊於當日會後上傳","查詢"
"2409","友達","115/03/12","10:00","台北君悅酒店","本公司將受邀參加J.P. Morgan 舉辦之「Taiwan CEO-CFO Conference」，就114年第四季法說會之內容說明公司營運與財務概況。","240920260210M001.pdf","240920260210E001.pdf","https://www.auo.com/zh-TW/investor_conference/index","","無","查詢"
"2409","友達","115/05/27 至 115/06/03","10:40","5/27台北君悅酒店、5/29香港四季酒店、6/1台北君悅酒店、6/1台北W飯店及6/3台北W飯店","本公司將於5/27受邀參加國泰證券邀請舉辦之「2026 年第二季論壇」、5/29受邀參加 UBS邀請舉辦之「Asian Investment Conference」、6/1受邀參加 HSBC邀請舉辦之「Taiwan Conference 2026」、6/1受邀參加 Goldman Sachs邀請舉辦「Taiwan Computex &amp; Corporate Day 2026」及6/3受邀參加 Citi邀請舉辦「2026 Taiwan Tech Conference」，就115年第一季法說會之內容說明公司營運與財務概況。","240920260430M001.pdf","240920260430E001.pdf","https://auo.com/zh-TW/Investor_Conference/index","","無","查詢"
"2412","中華電","115/03/11","11:00","台北君悅酒店(臺北市信義區松壽路2號)","會議由摩根大通(JPMorgan)主辦","241220260309M001.pdf","241220260309E001.pdf","https://www.cht.com.tw/chtir","","無","查詢"
"2412","中華電","115/02/03","16:00","電話會議","114年第4季營運成果資料於法人說明會當日15:30後至https://www.cht.com.tw/chtir下載","241220260203M003.pdf","241220260203E003.pdf","https://www.cht.com.tw/chtir",同步收看網址：:https://www.cht.com.tw/chtir 法說會影音連結資訊:https://www.cht.com.tw/chtir ,"電話會議時間16:00~17:00","查詢"
"2412","中華電","115/05/07","15:00","電話會議","115年第1季營運成果資料於法人說明會當日14:30後至https://www.cht.com.tw/chtir下載","241220260507M001.pdf","241220260507E001.pdf","https://www.cht.com.tw/chtir",同步收看網址：:https://www.cht.com.tw/chtir 法說會影音連結資訊:https://www.cht.com.tw/chtir ,"電話會議時間15:00~16:00","查詢"
"2412","中華電","115/04/16","12:30","國票證券(台北市松山區南京東路五段188號15樓)","會議由國票證券主辦","241220260415M001.pdf","241220260415E001.pdf","https://www.cht.com.tw/chtir",中文影音檔網址:2412_228_20260416_ch.MP4 ,"無","查詢"
"2412","中華電","115/05/27","08:00","香港四季酒店","會議由瑞銀證券(UBS)主辦","241220260518M001.pdf","241220260518E001.pdf","https://www.cht.com.tw/chtir","","無","查詢"
"2417","圓剛","115/05/14","14:30","宏遠證券總公司 (台北市大安區信義路四段236號7樓)","本公司受邀參加宏遠證券舉辦之法人說明會，說明公司營運概況及未來展望。","241720260514M001.pdf","241720260514E001.pdf","http://ir.avermedia.com/irwebsite_c/#events_presentations",法說會影音連結資訊:https://reurl.cc/mp4xZA ,"無","查詢"
"2419","仲琦","115/02/26","14:00","台北市大安區敦化南路二段333號18樓","本公司受邀參加國泰證券舉辦之法說會，說明本公司之營運成果及未來展望。","241920260226M001.pdf","241920260226E001.pdf","https://www.hitrontech.com/zh-tw/investors/events-investor-conference/",法說會影音連結資訊:https://youtu.be/lxSRdd--0G0 ,"無","查詢"
"2420","新巨","115/05/08","14:00","線上法說會","本公司受邀參加凱基證券舉辦之線上法人說明會，說明本公
司業務及營運概況。","242020260507M001.pdf","242020260507E001.pdf","https://www.zippy.com/tw/02_news_list.aspx",中文影音檔網址:2420_17_20260508_ch.mp4 ,"無","查詢"
"2421","建準","115/05/08","16:00","線上會議","說明本公司115年第1季營運狀況。線上法說會網址：https://reurl.cc/R2yEVz，本會議將以中文進行。","242120260508M001.pdf","242120260508E001.pdf","https://www.sunon.com/inv1133.aspx",中文影音檔網址:2421_63_20260508_ch.mp4 ,"無","查詢"
"2421","建準","115/05/21","14:50","證交所資訊展示中心(臺北101大樓1樓)","本公司受邀參加臺灣證券交易所召開115年「璞玉指數」主題式業績發表會，說明本公司營運狀況。","242120260520M001.pdf","242120260520E001.pdf","https://www.sunon.com/inv1133.aspx",法說會影音連結資訊:https://webpro.twse.com.tw/WebPortal/vod/101/21FC48B942FD-24D57A39-54E5-11F1-96F5/?categoryId=195 ,"無","查詢"
"2427","三商電","115/04/01","14:30","https://www.zucast.com/webcast/BBckEQdM","報告2025年度營運成果及公司營運現況暨未來展望線上法人說明會","242720260401M001.pdf","242720260401E001.pdf","https://www.mds.com.tw/tc/investment_detail.php?PKey=22&amp;Page=0",同步收看網址：:https://www.zucast.com/webcast/BBckEQdM 法說會影音連結資訊:https://www.zucast.com/webcast/BBckEQdM ,"無。","查詢"
"2428","興勤","115/03/24","14:00","線上法說會","本公司受邀參加華南永昌證券舉辦之線上法說會，說明本公司114年第4季營運狀況及未來展望。","242820260401M001.pdf","242820260401E001.pdf","https://www.thinking.com.tw/tw/investor.php?id=25","","無","查詢"
"2430","燦坤","115/03/25","15:00","線上法說會","本公司受邀參加元大證券舉辦之線上法說會，說明本公司營運狀況。","243020260324M001.pdf","243020260324E001.pdf","https://www.tk3c.com.tw/#investorconference&amp;4",中文影音檔網址:2430_28_20260325_ch.mp4 ,"無","查詢"
"2430","燦坤","115/05/15","14:00","線上法說會","本公司受邀參加元大證券舉辦之線上法說會，說明本公司營運狀況。","243020260514M001.pdf","243020260514E001.pdf","https://www.tk3c.com.tw/#investorconference&amp;4",中文影音檔網址:2430_29_20260515_ch.mp4 ,"無","查詢"
"2436","偉詮電","115/03/20","14:00","台北市松山區民生東路三段156號16樓","報告114年財報與業務營運相關資訊報告。簡報資料請參閱公開資訊觀測站。","243620260320M001.pdf","243620260320E001.pdf","http://www.weltrend.com.tw",法說會影音連結資訊:https://drive.google.com/file/d/1Xj6Yt47TOdfo5yR-6BYsUBLMysnBEwAS/view?usp=sharing ,"無","查詢"
"2436","偉詮電","115/05/22","14:30","台北市信義路四段236號7樓","報告115年第一季財報與業務營運相關資訊報告。簡報資料請參閱公開資訊觀測站。","243620260522M001.pdf","243620260522E001.pdf","http://www.weltrend.com.tw",法說會影音連結資訊:https://drive.google.com/file/d/1nkdzWfW0Z7b3eoWcAPIMwiC0yApj6f_2/view?usp=sharing ,"無","查詢"
"2439","美律","115/03/20","11:00","台北君悅酒店","本公司受邀參加BofA Securities舉辦之「2026 Asia Tech Conference」。","243920260302M001.pdf","243920260302E001.pdf","https://www.merry.com.tw/page/investor/seminar.aspx",法說會影音連結資訊:未輸 ,"無","查詢"
"2439","美律","115/03/02","15:00","Webex線上會議","(1)本公司受邀參加永豐金證券舉辦之法人說明會，公布本公司 2025年第4季營運成果。(2)簡報內容於會議開始前15分鐘置於公開資訊觀測站，請自行下載。 (3)活動諮詢:永豐金證券鄒小姐，E-mail:ECM@sinopac.com，TEL:02-23828166","243920260302M001.pdf","243920260302E001.pdf","https://www.merry.com.tw/page/investor/seminar.aspx",中文影音檔網址:2439_265_20260302_ch.mp4 ,"無","查詢"
"2439","美律","115/03/05","09:40","集思北科大會議中心","本公司受邀參加凱基證券舉辦之「2026年第一季KGI投資論壇」。","243920260302M001.pdf","243920260302E001.pdf","https://www.merry.com.tw/page/investor/seminar.aspx",法說會影音連結資訊:未輸 ,"無","查詢"
"2439","美律","115/04/30","15:00","Webex線上會議","(1)本公司受邀參加元大證券舉辦之法人說明會，公布本公司 2026年第1季營運成果。(2)簡報內容於會議開始前15分鐘置於公開資訊觀測站，請自行下載。 (3)活動諮詢:元大證券李小姐，E-mail:underwriting.brk@yuanta.com","243920260430M002.pdf","243920260430E002.pdf","https://www.merry.com.tw/page/investor/seminar.aspx",中文影音檔網址:2439_268_20260430_ch.mp4 ,"無","查詢"
"2441","超豐","115/01/27","14:30","線上法人說明會","報告2025年度營運成果及未來之營運展望","244120260127M001.pdf","244120260127E001.pdf","https://www.greatek.com.tw/investor4.html",中文影音檔網址:2441_24_20260127_ch.mp4 ,"直播連結 https://videoweb.zucast.com/webcast/hJbcB1mQ","查詢"
"2442","新美齊","115/03/24","14:30","富邦金融大樓2F會議室(台北市仁愛路4段169號2F)","本公司受邀參加富邦證券舉辦之法人說明會，說明本公司之營運概況","244220260324M001.pdf","244220260324E001.pdf","https://www.jean.com.tw/tw/invest-shareholders-report",中文影音檔網址:2442_18_20260324_ch.mp4 ,"無","查詢"
"2449","京元電子","115/03/17","09:00","Grand Hyatt, Taipei (台北君悅酒店)","本公司受邀參加美銀證券（BofA Securities）舉辦的2026 Asia Tech Conference，簡報資料請參閱公開資訊觀測站。","244920260306M001.pdf","244920260306E001.pdf","","","無","查詢"
"2449","京元電子","115/03/19","09:00","Grand Hyatt, Taipei (台北君悅酒店)","本公司受邀參加美銀證券（BofA Securities）舉辦的2026 Asia Tech Conference，簡報資料請參閱公開資訊觀測站。","244920260306M001.pdf","244920260306E001.pdf","","","無","查詢"
"2449","京元電子","115/03/09 至 115/03/10","09:00","台北遠東香格里拉 (Shangri-La Far Eastern Hotel, Taipei)","本公司受邀參加花旗證券舉辦的 Citi 2026 Taiwan Corporate Day，簡報資料請參閱公開資訊觀測站。","244920260306M001.pdf","244920260306E001.pdf","","","無","查詢"
"2449","京元電子","115/05/26 至 115/05/27","09:00","Four Seasons, Hong Kong (香港四季酒店)","本公司受邀參加瑞銀證券（UBS）舉辦的Asian Investment Conference，簡報資料請參閱公開資訊觀測站。","244920260512M001.pdf","244920260512E001.pdf","","","無","查詢"
"2449","京元電子","115/05/28","09:30","台北文華東方酒店 (Mandarin Oriental, Taipei)","本公司受邀參加摩根士丹利證券 ( Morgan Stanley）舉辦的 Asia AI Summit，簡報資料請參閱公開資訊觀測站。","244920260512M001.pdf","244920260512E001.pdf","","","無","查詢"
"2450","神腦","115/03/27","14:00","線上法說會","本公司受邀參加由台新證券舉辦之線上法人說明會，就本公司經營實績向投資機構說明。","245020260327M001.pdf","245020260327E001.pdf","https://www.senao.com.tw/pages/investors_infor",中文影音檔網址:2450_39_20260327_ch.mp4 ,"無","查詢"
"2451","創見","115/04/08","15:00","創見資訊視聽教室(台北市內湖區行忠路70號)","說明本公司財務業務相關資訊","245120260408M002.pdf","245120260408E002.pdf","https://tw.transcend-info.com/about/conference",法說會影音連結資訊:https://youtu.be/58x4SDIcB9s ,"無","查詢"
"2453","凌群","115/03/31","14:00","本公司簡報室(台北市萬華區峨眉街115號B1)","說明本公司一一四年度營運概況","245320260331M001.pdf","245320260331E001.pdf","https://www.syscom.com.tw/investor/It_Corporation.aspx",中文影音檔網址:2453_10_20260331_ch.mp4 ,"無。","查詢"
"2454","聯發科","115/03/10","09:00","台北","公告本公司115年3月10日受邀參加花旗證券於台北舉辦之Corporate Day，簡報資料請參閱公開資訊觀測站。&#8206;","245420260204M001.pdf","245420260204E001.pdf","","","無","查詢"
"2454","聯發科","115/03/11 至 115/03/12","09:00","台北","公告本公司115年3月11日至3月12日受邀參加摩根大通證券於台北舉辦之Taiwan CEO-CFO Conference，簡報資料請參閱公開資訊觀測站。&#8206;","245420260204M001.pdf","245420260204E001.pdf","",英文影音檔網址:2454_273_20260311_en.mp4 ,"無","查詢"
"2454","聯發科","115/03/17 至 115/03/19","09:00","台北、香港","公告本公司115年3月17日至3月18日受邀參加美林證券於台北舉辦之2026 Asia Tech Conference及115年3月18日至3月19&#8206;日受邀參加Jefferies證券於香港舉辦之Asia Forum，簡報資料請參閱公開資訊觀測站。&#8206;","245420260204M001.pdf","245420260204E001.pdf","","","無","查詢"
"2454","聯發科","115/02/04","15:00","線上法說會","&#8206;(1) 公布本公司2025年第4季財務報告及2026年第1季業績展望。 (2) 參加方式：請參見https://www.mediatek.com/zh-&#8206;tw/investor-relations/financial-information#quarterly-earnings-&#8206;release &#8206;","245420260204M001.pdf","245420260204E001.pdf","https://www.mediatek.com",同步收看網址：:https://ottlive.hinet.net/webapp/mediatek/watch?v=3556 法說會影音連結資訊:https://ottlive.hinet.net/webapp/mediatek/watch?v=3556 ,"無","查詢"
"2454","聯發科","115/01/05 至 115/01/06","08:00","拉斯維加斯","公告本公司115年1月5日至1月6日受邀參加野村證券於拉斯維加斯舉辦之Nomura @CES 2026，簡報資料請參閱公開資&#8206;訊觀測站。&#8206;","245420251031M001.pdf","245420251031E001.pdf","","","無","查詢"
"2454","聯發科","115/04/30","15:00","線上法說會","&#8206;(1) 公布本公司2026年第1季財務報告及2026年第2季業績展望。 (2) 參加方式：請參見https://www.mediatek.com/zh-&#8206;tw/investor-relations/financial-information#quarterly-earnings-&#8206;release &#8206;","245420260430M001.pdf","245420260430E001.pdf","https://www.mediatek.com",同步收看網址：:https://ottlive.hinet.net/webapp/mediatek/watch?v=3556 法說會影音連結資訊:https://ottlive.hinet.net/webapp/mediatek/watch?v=3556 ,"無","查詢"
"2454","聯發科","115/05/18 至 115/06/04","09:00","台北、香港","公告本公司115年5月18日受邀參加麥格里證券於香港舉辦之Asia Conference 2026、115年5月26日至5月27日受邀參加瑞銀證券於香港舉辦之Asian Investment Conference 2026、115年5&#8206;月28日受邀參加摩根史丹利證券於台北舉辦之Asia AI Summit &#8206;&#8206;2026、115年6月1日受邀參加高盛證券於台北舉辦之Taiwan &#8206;Computex &amp; Corporate Day 2026、115年6月3日受邀參加麥格里證券於台北舉辦之Corporate Day及115年6月4日受邀參加花旗證券於台北舉辦之2026 Taiwan Conference，簡報資料請參閱公開資訊觀測站。&#8206;","245420260430M001.pdf","245420260430E001.pdf","","","無","查詢"
"2455","全新","115/03/04","14:00","台北君悅酒店","本公司受邀參加統一證券舉辦2026Q1全球展望春季投資論壇，會中就公司業務狀況等說明。","245520260303M001.pdf","245520260303E001.pdf","http://www.vpec.com.tw","","無","查詢"
"2458","義隆","115/03/04","14:00","台北君悅酒店","說明本公司近期營運概況。","245820260304M001.pdf","245820260304E001.pdf","","","無","查詢"
"2458","義隆","115/03/10","10:00","香格里拉台北遠東國際大飯店","說明本公司近期營運概況。","245820260304M001.pdf","245820260304E001.pdf","","","無","查詢"
"2458","義隆","115/03/03","14:30","線上法人說明會 (報名後提供會議連結資訊)","公布本公司2025年第4季財務報告及2026年第1季業績展望。","245820260303M001.pdf","245820260303E001.pdf","http://www.emc.com.tw/emc/tw/Investor/seminar",中文影音檔網址:2458_162_20260303_ch.mp4 ,"無","查詢"
"2458","義隆","115/03/12","14:00","宏遠證券7F會議室(台北市信義路四段236號)","說明本公司近期營運概況。","245820260311M001.pdf","245820260311E001.pdf","","","無","查詢"
"2458","義隆","115/03/17","10:00","台北君悅酒店","說明本公司近期營運概況。","245820260311M001.pdf","245820260311E001.pdf","","","無","查詢"
"2458","義隆","115/05/20","15:10","101台灣證券交易所1樓資訊展示中心(台北市信義區信義路五段7號,101大樓)","本公司受邀參加[永豐金證券/臺灣證交所] 2026年證交所臺灣
璞玉指數業績發表會，將於會中說明本公司近期營運概況。","245820260519M001.pdf","245820260519E001.pdf","",法說會影音連結資訊:未輸 ,"無","查詢"
"2458","義隆","115/04/18","10:10","亞果黃金會所(臺南市安平區新港路二段585號)","說明本公司近期營運概況。","245820260416M001.pdf","245820260416E001.pdf","","","無","查詢"
"2458","義隆","115/06/08","14:30","國立臺北科技大學先鋒國際研發大樓303階梯教室 (台北市
忠孝東路三段46號3樓)","公布本公司2026年第1季財務報告及第2季業績展望。","內容檔案於當日會後公告於公開資訊觀測站","內容檔案於當日會後公告於公開資訊觀測站","http://www.emc.com.tw/emc/tw/Investor/seminar",法說會影音連結資訊:未輸 ,"無","查詢"
"2459","敦吉","115/05/21","14:30","線上法人說明會","本公司受邀參加兆豐證券舉辦之線上法人說明會，說明本公司營運概況","245920260521M001.pdf","245920260521E001.pdf","http://www.audix.com/_tw/01_audix/03_ir/05_shareholder2.aspx?SID=8&amp;ID=9",法說會影音連結資訊:https://www.youtube.com/watch?v=BsQl6GFZPUs ,"當天14:10開放登入，報名網址：https://reurl.cc/vEKWGN","查詢"
"2467","志聖","115/03/03","13:30","台北晶華酒店萬象廳：台北市中山北路二段39巷3號4F","本公司受邀參加元大證券2026第一季投資論壇，會中就本公司已公開之財務數字、營運概況等相關資訊進行說明。","246720260303M001.pdf","246720260303E001.pdf","https://www.csun.com.tw/",法說會影音連結資訊:https://youtu.be/Tf1t0QAO83o?si=yfVRr3nrl-8XrZLe ,"無","查詢"
"2467","志聖","115/03/09","11:00","台北遠東香格里拉飯店/台北市敦化南路二段201號","本公司受邀參加Citi&#039;s 2026 Taiwan Corporate Day，會中就本公司已公開之財務數字、營運概況等相關資訊進行說明。","246720260306M001.pdf","246720260306E001.pdf","https://www.csun.com.tw/","","無","查詢"
"2467","志聖","115/03/18","11:00","台北君悅飯店/臺北市信義區松壽路2號","本公司受邀參加BoFA外資論壇，會中就本公司114年第4季之財務報告相關資訊暨營運概況進行說明。","246720260313M001.pdf","246720260313E001.pdf","https://www.csun.com.tw/","","無","查詢"
"2467","志聖","115/05/19 至 115/05/20","14:00","香港港麗酒店","本公司受邀參加Macquarie主辦之「Macquarie Asia Conference 2026」，會中就本公司115年第1季之財務報告相關資訊暨營運概況進行說明。","246720260518M001.pdf","246720260518E001.pdf","https://www.csun.com.tw/","","無","查詢"
"2467","志聖","115/04/15","09:00","新加坡Fullerton Hotel","本公司受邀參加寬量國際主辦之「19th Taiwan CEO Week」，會中就本公司115年第1季之財務報告相關資訊暨營運概況進行說明。","246720260415M001.pdf","246720260415E001.pdf","https://www.csun.com.tw/","","無","查詢"
"2471","資通","115/05/20","14:00","線上法說會","115年第1季營運與財務概況","247120260520M001.pdf","247120260520E001.pdf","",中文影音檔網址:2471_18_20260520_ch.mp4 ,"無","查詢"
"2472","立隆電","115/03/23","14:30","台北市南港區經貿二路188號13樓","本公司受邀參加中國信託證券舉辦之法人說明會，說明本公司之營運概況、財務及業務狀況相關事宜。","247220260320M001.pdf","247220260320E001.pdf","http://www.lelon.com.tw",法說會影音連結資訊:https://youtu.be/_i4gTJPoR74 ,"無","查詢"
"2472","立隆電","115/05/11","14:30","台北市中山區南京東路三段219號4樓","本公司受邀參加元大證券舉辦之法人說明會，說明本公司之營運概況、財務及業務狀況相關事宜。","247220260508M001.pdf","247220260508E001.pdf","http://www.lelon.com.tw","","無","查詢"
"2474","可成","115/03/23","12:00","國票證券會議室","本公司受邀參加國票證券舉辦之法人座談會","247420260310M001.pdf","247420260310E001.pdf","",法說會影音連結資訊:未輸 ,"無","查詢"
"2474","可成","115/03/17","09:00","台北君悅酒店","本公司受邀參加&quot;BofA Securities 2026 Asia Tech Conference&quot;，說明本公司營運概況。","247420260310M002.pdf","247420260310E002.pdf","",法說會影音連結資訊:未輸 ,"無","查詢"
"2474","可成","115/05/08","14:00","線上法說會","本公司受邀參加中國信託證券舉辦之法人說明會，會中就本公司已公開發佈之財務數字、經營績效等相關資訊進行說明，詳情請參閱公開資訊觀測站。","247420260310M002.pdf","247420260310E002.pdf","","","無","查詢"
"2474","可成","115/02/03","14:00","線上法說會","本公司受邀參加元富證券舉辦之法人座談會，會中就本公司已公開發佈之財務數字、經營績效等相關資訊進行說明，詳情請參閱公開資訊觀測站。","247420251106M001.pdf","247420251106E001.pdf","",法說會影音連結資訊:未輸 ,"無","查詢"
"2474","可成","115/01/13","14:00","線上法說會","本公司受邀參加元大證券舉辦之法人座談會，會中就本公司已公開發佈之財務數字、經營績效等相關資訊進行說明，詳情請參閱公開資訊觀測站。","247420251106M001.pdf","247420251106E001.pdf","",法說會影音連結資訊:未輸 ,"無","查詢"
"2474","可成","115/05/20","12:00","國票證券會議室","本公司受邀參加國票證券舉辦之法人座談會","247420260513M002.pdf","247420260513E002.pdf","","","無","查詢"
"2474","可成","115/04/16","14:00","線上法說會","本公司受邀參加國泰證券舉辦之法人說明會，會中就本公司已公開發佈之財務數字、經營績效等相關資訊進行說明，詳情請參閱公開資訊觀測站。","247420260310M002.pdf","247420260310E002.pdf","","","無","查詢"
"2474","可成","115/05/19","14:00","線上法說會","本公司受邀參加富邦證券舉辦之法人說明會，會中就本公司已公開發佈之財務數字、經營績效等相關資訊進行說明，詳情請參閱公開資訊觀測站。","247420260513M001.pdf","247420260513E001.pdf","","","無","查詢"
"2480","敦陽科","115/03/10","14:00","採Webex線上會議方式","本公司受邀參加115年03月10日14點00分凱基證券舉辦之線上法人說明會，向投資人說明本公司114年第四季營運成果。","248020260309M001.pdf","248020260309E001.pdf","https://www.sti.com.tw/web/official/earnings-call",中文影音檔網址:2480_33_20260310_ch.mp4 ,"報名相關資訊請洽凱基證券倪小姐，電話: (02)2181-8014。","查詢"
"2480","敦陽科","115/05/06","14:00","採Webex線上會議方式","本公司受邀參加凱基證券115年05月06日14點00分線上法說會議，向投資人說明本公司115年第一季營運成果。","248020260505M001.pdf","248020260505E001.pdf","https://www.sti.com.tw/web/official/earnings-call",中文影音檔網址:2480_34_20260506_ch.mp4 ,"報名相關資訊請洽凱基證券倪小姐，電話: (02)2181-8014。","查詢"
"2481","強茂","115/03/18","14:00","臺北市中山區南京東路二段111號","本公司受邀參加富邦證券舉辦之法人說明會","248120260317M001.pdf","248120260317E001.pdf","https://www.panjit.com.tw/tw/Investors/Financial_information/Investors_conference",法說會影音連結資訊:未輸 ,"無","查詢"
"2481","強茂","115/05/15","14:00","統一證券集團大樓(臺北市松山區東興路8號)","本公司受邀參加統一證券舉辦之法人說明會","248120260515M001.pdf","248120260515E001.pdf","https://www.panjit.com.tw/tw/Investors/Financial_information/Investors_conference",法說會影音連結資訊:https://www.youtube.com/watch?v=1u4v3ruHxEw ,"無","查詢"
"2481","強茂","115/05/18 至 115/05/19","10:00","香港港麗酒店","本公司受邀參加麥格理證券舉辦之投資論壇","248120260515M002.pdf","248120260515E002.pdf","https://www.panjit.com.tw/tw/Investors/Financial_information/Investors_conference",法說會影音連結資訊:未輸 ,"無","查詢"
"2483","百容","115/05/12","14:30","台北市信義區信義路五段7號1樓證券交易所資訊展示中心","2026年第一季營運說明","248320260512M001.pdf","248320260512E001.pdf","https://www.ece.com.tw/zh-tw/investor-conference",法說會影音連結資訊:https://webpro.twse.com.tw/WebPortal/vod/101/0B3981F766F9-9A49AD0E-4DCD-11F1-8C93/?categoryId=101 ,"無","查詢"
"2488","漢平","115/02/25","14:00","本公司生產大樓六樓(台南市仁德區中正路三段256號)","本公司2025年度財務暨營運報告","248820260225M001.pdf","248820260225E001.pdf","http://www.hanpin.com.tw/C_2_Press_01.html",法說會影音連結資訊:http://www.hanpin.com.tw/C_2_Press_01.html ,"無","查詢"
"2492","華新科","115/05/27","15:40","台北君悅酒店三樓會議廳(台北市信義區松壽路2號)","本公司受邀參加國泰證券舉辦之「2026年第二季產業論壇」，
說明本公司營運概況以及未來展望。","內容檔案於當日會後公告於公開資訊觀測站","內容檔案於當日會後公告於公開資訊觀測站","https://www.passivecomponent.com",法說會影音連結資訊:未輸 ,"無","查詢"
"2497","怡利電","115/03/03","09:30","台北晶華酒店4樓","2026年元大證券第一季投資論壇","249720260302M001.pdf","249720260302E001.pdf","https://www.e-lead.com.tw/",中文影音檔網址:2497_25_20260303_ch.mp4 ,"無","查詢"
"2498","宏達電","115/03/17","14:00","台北君悅飯店","本公司受邀參加BofA Securities舉辦之2026 Asia Tech Conference，會中就本公司已公開之資訊進行說明。","249820260316M002.pdf","249820260316E002.pdf","https://investors.htc.com/tw/","","無","查詢"
"2501","國建","115/04/20","14:00","台北市大安區敦化南路2段333號18樓會議室","本公司受邀請參加國泰證券舉辦之法人說明會，簡介
本公司營運績效及策略。","250120260420M001.pdf","250120260420E001.pdf","https://www.cathay-red.com.tw/tw/Investor/Others",中文影音檔網址:2501_12_20260420_ch.mp4 ,"無","查詢"
"2504","國產","115/03/12","14:00","線上法說會","受邀參加國票綜合證券舉辦法人說明會，會中就本公司已公開發布之營運及財務業務狀況做說明。","250420260312M001.pptx","250420260312E001.pptx","https://www.gdc.com.tw/zh-TW/investor.php?id=25",中文影音檔網址:2504_44_20260312_ch.mp4 ,"無","查詢"
"2511","太子","115/04/09","14:00","採線上與實體現場模式舉辦(台北市信義區松高路11號21樓)","受邀參加兆豐證券舉辦之法人說明會，說明本公司財務及營運展望。","251120260401M001.pdf","251120260401E001.pdf","https://www.prince.com.tw/stakeholders/institutional-presentations.html",法說會影音連結資訊:https://www.prince.com.tw/stakeholders/institutional-presentations.html ,"無","查詢"
"2547","日勝生","115/05/21","14:00","線上法說會","本公司受邀參加群益金鼎證券舉辦之線上法人說明會，說明本公司營運概況。","254720260521M001.pdf","254720260521E001.pdf","https://www.radium.com.tw",法說會影音連結資訊:https://youtu.be/JFKlp7R0T74 ,"無。","查詢"
"2548","華固","115/03/27","14:30","富邦金融中心","本公司受邀參加富邦證券舉辦之實體法說會，說明本公司營運現況及展望","254820260326M001.pdf","254820260326E001.pdf","",中文影音檔網址:2548_97_20260327_ch.mp4 ,"完整財務業務資訊請至公開資訊觀測站之法人說明會一覽表或法說會項目下查閱","查詢"
"2603","長榮","115/04/24","15:00","張榮發基金會國際會議中心11樓(台北市中正區中山南路11號11樓)","受邀參加永豐金證券舉辦之法說會，說明本公司之營運概況。","260320260424M001.pdf","260320260424E001.pdf","https://www.evergreen-marine.com/emc/financial/jsp/EMC_InvestorConference.jsp?lang=zh-tw",法說會影音連結資訊:https://www.evergreen-marine.com/emc/financial/jsp/EMC_InvestorConference.jsp?lang=zh-tw ,"欲參加者需事先報名，請洽永豐金鄒小姐 (02)23828166或E-MAIL: ECM@sinopac.com","查詢"
"2605","新興","115/03/27","14:30","台北市大安區復興南路一段368號14樓","市場概況及業績展望","260520260326M001.pdf","260520260326E001.pdf","https://www.snc.com.tw",中文影音檔網址:2605_31_20260327_ch.mp4 ,"無","查詢"
"2605","新興","115/05/22","14:30","台北市大安區復興南路一段368號14樓","市場概況及業績展望","260520260521M001.pdf","260520260521E001.pdf","https://www.snc.com.tw",中文影音檔網址:2605_32_20260522_ch.mp4 ,"無","查詢"
"2606","裕民","115/03/13","15:10","台北晶華酒店4樓(台北市中山北路二段39巷3號)","本公司受邀參加華南永昌證券「2026年春季產業趨勢暨企業論壇」","260620260312M001.pdf","260620260312E001.pdf","http://www.uming.com.tw/investors/Financial.aspx?ID=INC0001",法說會影音連結資訊:https://youtu.be/AGGXnBWLmJM ,"法說會資料揭露於公開資訊觀測站之法說會專區","查詢"
"2606","裕民","115/05/22","14:00","臺灣證券交易所101大樓1F資訊展示中心(台北市信義區信義路五段7號,101大樓)","本公司受邀參加永豐金證券和臺灣證券交易所合辦的台灣璞玉指數業績發表會","260620260521M001.pdf","260620260521E001.pdf","http://www.uming.com.tw/investors/Financial.aspx?ID=INC0001","","法說會資料揭露於公開資訊觀測站之法說會專區","查詢"
"2607","榮運","115/04/24","16:00","張榮發基金會國際會議中心11樓(台北市中正區中山南路11號)","受邀參加永豐金證券舉辦之法人說明會，說明本公司之營運概況。","260720260424M001.pdf","260720260424E001.pdf","https://www.evergreen-eitc.com.tw/eitchtdocs/zh/D05-0-Briefing.html",法說會影音連結資訊:https://www.evergreen-eitc.com.tw/eitchtdocs/zh/D05-0-Briefing.html ,"活動詳情請洽：永豐金證券鄒小姐TEL：(02)23828166或E-MAIL：ECM@sinopac.com","查詢"
"2609","陽明","115/03/25","15:00","線上法說會","本公司受邀參加由群益金鼎證券股份有限公司舉辦之線上法人說明會，說明本公司之營運概況、財務及業務相關資訊。","260920260325M001.pdf","260920260325E001.pdf","https://esg.yangming.com/investors/information/investor-conference/",中文影音檔網址:2609_29_20260325_ch.mp4 ,"無","查詢"
"2610","華航","115/03/19","14:30","線上法人說明會","本公司受邀參加富邦證券舉辦之線上法人說明會，會中說明本公司營運概況。","261020260319M001.pdf","261020260319E001.pdf","https://www.china-airlines.com/tw/zh/investor-relations/index",中文影音檔網址:2610_28_20260319_ch.mp4 ,"無。","查詢"
"2612","中航","115/03/27","13:30","線上法說會","說明產業現況及本公司經營績效等","261220260326M001.pdf","261220260326E001.pdf","https://cmt.tw",同步收看網址：:https://youtube.com/live/hK921Y1Fza0?feature=share 法說會影音連結資訊:https://youtube.com/live/hK921Y1Fza0?feature=share ,"無","查詢"
"2613","中櫃","115/05/19","15:00","線上法人說明會","本公司受邀參加富邦證券舉辦之線上法人說明會，說明115年第一季營運概況","261320260519M001.pdf","261320260519E001.pdf","https://www.cctcorp.com.tw/investor.php",中文影音檔網址:2613_16_20260519_ch.mp4 ,"無","查詢"
"2615","萬海","115/03/26","14:30","線上法說會","本公司受邀參加群益金鼎證券舉辦之線上法人說明會，會中以本公司114年度財報內容為主，並做航運業之營運簡介。","261520260325M001.pdf","261520260325E001.pdf","https://tw.wanhai.com",法說會影音連結資訊:https://tw.wanhai.com ,"無","查詢"
"2618","長榮航","115/05/20","14:30","張榮發基金會國際會議中心會議廳 (台北市中正區中山南路11號10樓)","受邀參加由凱基證券舉辦之法人說明會，說明本公司之營運概況。","261820260520M001.pdf","261820260520E001.pdf","https://www.evaair.com/zh-tw/about-eva-air/investor-relations/investor-conference/",法說會影音連結資訊:https://www.evaair.com/zh-tw/about-eva-air/investor-relations/investor-conference/ ,"無","查詢"
"2630","亞航","115/04/02","14:00","高雄市前鎮區中山二路2號九樓之一(大眾財經大樓)","本公司受邀參加台新證券舉辦之法人說明會，說明財務業務概況。","263020260402M001.pdf","263020260402E001.pdf","https://www.airasia.com.tw/index.php?option=module&amp;lang=cht&amp;task=showlist&amp;id=385&amp;index=3",法說會影音連結資訊:https://www.youtube.com/@AACLAIRASIA/featured ,"無","查詢"
"2633","台灣高鐵","115/03/12","14:00","線上法人說明會","114年第四季公司營運狀況說明","263320260311M001.pdf","263320260311E001.pdf","https://www.thsrc.com.tw",中文影音檔網址:2633_41_20260312_ch.mp4 ,"無","查詢"
"2634","漢翔","115/04/20","14:30","線上法人說明會","漢翔公司受邀參加群益金鼎證券舉辦之線上法人說明會，將由公司經營團隊說明114年第四季與114全年經營實績與近期市場概況。報名網址： https://forms.gle/8aov4FFBeVjBem1T7","263420260420M003.pdf","263420260420E003.pdf","http://www.aidc.com.tw/tw/investor/conference",中文影音檔網址:2634_37_20260420_ch.mp4 ,"無","查詢"
"2634","漢翔","115/06/10","14:30","線上法人說明會","漢翔公司受邀參加群益金鼎證券舉辦之線上法人說明會，將由公司經營團隊說明115年第一季經營實績與近期市場概況。
報名網址： https://forms.gle/HVF2nUFPBoHUyutLA","內容檔案於當日會後公告於公開資訊觀測站","內容檔案於當日會後公告於公開資訊觀測站","http://www.aidc.com.tw/tw/investor/conference","","無","查詢"
"2636","台驊控股","115/03/11","14:00","台驊控股總公司12樓大會議室(台北市忠孝東路四段563號12樓)","本公司將舉辦法人說明會，就本公司已公開發布之財務數字、經營績效等相關資訊做說明。","263620260311M001.pdf","263620260311E001.pdf","https://www.t3ex-group.com",中文影音檔網址:2636_43_20260311_ch.mp4 ,"無。","查詢"
"2636","台驊控股","115/05/22","16:00","台驊控股總公司12樓會議室(台北市忠孝東路四段563號12樓)","本公司將舉辦法人說明會，就本公司已公開發布之財務數字、經營績效等相關資訊做說明。","263620260522M001.pdf","263620260522E001.pdf","https://www.t3ex-group.com",中文影音檔網址:2636_44_20260522_ch.mp4 ,"無。","查詢"
"2637","慧洋-KY","115/03/17","13:30","茹曦酒店(臺北市松山區敦化北路100號)","本公司受邀參加群益證券舉辦之2026年第一季投資論壇，
就本公司財務及業務狀況做說明。","263720260316M001.pdf","263720260316E001.pdf","https://www.wisdomlines.com.tw/ir/financial_r_download",法說會影音連結資訊:https://www.youtube.com/watch?v=HpDIWUuyZKA ,"無","查詢"
"2645","長榮航太","115/05/20","15:45","張榮發基&#12198;會國際會議中&#12092;會議廳(台北市中正區中山南路11號10樓)","受邀參加由凱基證券舉辦之法人說明會，說明本公司之營運狀況。","264520260520M001.pdf","264520260520E001.pdf","https://www.egat.com.tw/zh-hant/investor-services/presentation-information",法說會影音連結資訊:https://www.youtube.com/watch?v=NRMiCMyG_EQ&t=1509s ,"無","查詢"
"2722","夏都","115/03/24","14:00","線上會議","本公司受邀參加統一證券國際法人部舉辦之線上法人說明會。","272220260324M001.pdf","272220260324E001.pdf","https://www.chateau-hotels.com.tw/investors/calendar.php",法說會影音連結資訊:https://www.youtube.com/watch?v=4TBmcGvL1Qw ,"無","查詢"
"2723","美食-KY","115/03/20","14:00","台北市信義路四段236號宏遠證券","本公司受邀參加宏遠證券舉辦之法人說明會","272320260319M001.pdf","272320260319E001.pdf","https://www.85cafe.com/InvestorRelations02_04.php",法說會影音連結資訊:https://youtu.be/MQB5LuE7wHs ,"無","查詢"
"2723","美食-KY","115/05/22","14:00","台北市東興路8號","本公司受邀參加統一證券舉辦之法人說明會","272320260521M001.pdf","272320260521E001.pdf","",中文影音檔網址:2723_184_20260522_ch.mp4 ,"無","查詢"
"2727","王品","115/03/23","14:00","台北市仁愛路4段169號2樓(富邦金融大樓)","本公司受邀參加富邦綜合證券舉辦之法人說明會","272720260320M001.pdf","272720260320E001.pdf","https://www.wowprime.com/zh-tw/investors-sub-menu/stockholder/earnings-call",法說會影音連結資訊:https://www.youtube.com/watch?v=r2bJlT-ZSRg ,"無","查詢"
"2727","王品","115/05/21","14:00","臺灣證券交易所(101大樓)1樓資訊展示中心(臺北市信義區信義路五段7號)","本公司受邀參加臺灣證券交易所召開115年「璞玉指數」主題式業績發表會","272720260520M001.pdf","272720260520E001.pdf","https://www.wowprime.com/zh-tw/investors-sub-menu/stockholder/earnings-call",同步收看網址：:https://webpro.twse.com.tw/WebPortal/ 法說會影音連結資訊:https://webpro.twse.com.tw/WebPortal/vod/101/21FC48B942FD-D0E85E48-54E1-11F1-96F5/?categoryId=195 ,"無","查詢"
"2748","雲品","115/03/10","14:30","台北晶華酒店4樓/台北市中山區中山北路二段39巷3號4樓","本公司受邀參加永豐金證券舉辦之法人說明會，說明本公司營運概況、財務及業務相關資訊。","274820260310M001.pdf","274820260310E001.pdf","https://www.fdc-i.com/investor/shareholders/","","無","查詢"
"2762","世界健身-KY","115/02/27","21:00","線上訪談","應美國IPO Edge 邀請，說明公司營運狀況","276220251208M001.pdf","276220251208E001.pdf","https://investor.worldgymtaiwan.com/shareholders-li-conference","","無。","查詢"
"2762","世界健身-KY","115/01/12 至 115/01/14","21:00","美國 Grande Lakes Orlando Resort","本公司受邀參加115年1月12日至115年1月14日由ICR主辦之「28th Annual Conference」","276220251208M001.pdf","276220251208E001.pdf","https://investor.worldgymtaiwan.com/shareholders-li-conference","","無。","查詢"
"2762","世界健身-KY","115/03/26","14:30","線上法說會","本公司受邀請參加富邦證券舉辦之法人說明會，簡介本公司第四季營運績效。","276220260326M001.pdf","276220260326E001.pdf","https://investor.worldgymtaiwan.com/shareholders-li-conference",法說會影音連結資訊:https://www.youtube.com/watch?v=fD5gaL3DSlc ,"無。","查詢"
"2801","彰銀","115/03/18","14:30","本次為中文線上法說會，連結網址請至本公司網頁或至公開資訊觀測站查詢。","報告本行2025年第4季財務資訊及經營成果","280120260318M001.pdf","280120260318E001.pdf","https://www.bankchb.com/frontend/earningsCall.jsp",同步收看網址：:https://www.zucast.com/event/xokv8Zgf/subscribe/create?openExternalBrowser=1 法說會影音連結資訊:https://reurl.cc/18Yr3G ,"無","查詢"
"2801","彰銀","115/05/26","14:30","本次為中文線上法說會，連結網址請至本公司網頁或至公開資訊觀測站查詢。","報告本行2026年第1季財務資訊及經營成果","內容檔案於當日會後公告於公開資訊觀測站","內容檔案於當日會後公告於公開資訊觀測站","https://www.bankchb.com/frontend/earningsCall.jsp",同步收看網址：:https://www.zucast.com/event/zfsJiOPx/subscribe/create?openExternalBrowser=1 法說會影音連結資訊:未輸 ,"無","查詢"
"2812","台中銀","115/03/16","14:00","線上法說會","2025年度營運概況法人說明會","281220260313M001.pdf","281220260313E001.pdf","https://www.tcbbank.com.tw/Intro/B_10.html",中文影音檔網址:2812_28_20260316_ch.mp4 ,"無","查詢"
"2812","台中銀","115/05/18","14:00","線上法說會","2026年第一季法人說明會","281220260515M001.pdf","281220260515E001.pdf","https://www.tcbbank.com.tw/Intro/B_10.html",中文影音檔網址:2812_29_20260518_ch.mp4 ,"無","查詢"
"2832","台產","115/03/13","14:30","兆豐證券/
台北市忠孝東路二段95號4樓","本公司受邀參加兆豐證券舉辦之法人說明會，會中就本公司已公開發布之營運及財務業務狀況作說明。","283220260313M001.pdf","283220260313E001.pdf","https://www.tfmi.com.tw/investors-Ii-conference",中文影音檔網址:2832_21_20260313_ch.mp4 ,"無","查詢"
"2834","臺企銀","115/03/19","14:00","線上直播","公告本公司召開2025年第四季中文法人說明會，
公佈2025年第四季營運概況。","283420260319M001.pdf","283420260319E001.pdf","https://ir.tbb.com.tw/events/investors-conference",同步收看網址：:(https://www.zucast.com/webcast/jzkq7Udj 法說會影音連結資訊:https://www.zucast.com/webcast/jzkq7Udj ,"無","查詢"
"2834","臺企銀","115/05/27","14:00","線上直播","公告本公司召開2026年第一季中文法人說明會，
公佈2026年第一季營運概況。","內容檔案於當日會後公告於公開資訊觀測站","內容檔案於當日會後公告於公開資訊觀測站","https://ir.tbb.com.tw/events/investors-conference",同步收看網址：:https://www.zucast.com/webcast/UxxdzLAN 法說會影音連結資訊:未輸 ,"無","查詢"
"2836","高雄銀","115/03/18","14:30","高雄銀行總行7樓會議室(高雄市左營區博愛二路168號7樓)","2025年第4季法人說明會","283620260317M002.pdf","283620260317E002.pdf","https://www.bok.com.tw/-116",中文影音檔網址:2836_27_20260318_ch.mp4 ,"無。","查詢"
"2836","高雄銀","115/05/20","14:30","高雄銀行總行7樓會議室(高雄市左營區博愛二路168號7樓)","2026年第1季法人說明會","283620260520M001.pdf","283620260520E001.pdf","https://www.bok.com.tw/-116",中文影音檔網址:2836_28_20260520_ch.mp4 ,"無。","查詢"
"2838","聯邦銀","115/02/26","14:00","直播網址 https://www.zucast.com/webcast/P1WW0nHV","2025年第四季財業務資訊","283820260225M002.pdf","283820260225E002.pdf","https://www.ubot.com.tw/investors",法說會影音連結資訊:https://www.zucast.com/webcast/P1WW0nHV ,"無","查詢"
"2838","聯邦銀","115/05/07","14:00","直播網址https://www.zucast.com/webcast/X8NDCOiy","2026年第一季財業務資訊","283820260507M001.pdf","283820260507E001.pdf","https://www.ubot.com.tw/investors",法說會影音連結資訊:https://www.zucast.com/webcast/X8NDCOiy ,"無","查詢"
"2845","遠東銀","115/03/19","15:00","線上會議","遠銀2025年第四季經營績效及未來營運策略","284520260319M001.pdf","284520260319E001.pdf","https://www.feib.com.tw/detail?id=470",法說會影音連結資訊:https://www.feib.com.tw/detail?id=470 ,"報名窗口請洽janeshu@feib.com.tw","查詢"
"2845","遠東銀","115/05/28","15:00","線上會議","遠銀2026年第一季經營績效及未來營運策略","內容檔案於當日會後公告於公開資訊觀測站","內容檔案於當日會後公告於公開資訊觀測站","https://www.feib.com.tw/detail?id=470",法說會影音連結資訊:未輸 ,"報名窗口請洽janeshu@feib.com.tw","查詢"
"2849","安泰銀","115/03/19","14:30","線上法說會","公布114年營運概況","284920260319M001.pdf","284920260319E001.pdf","https://www.entiebank.com.tw/entie/0.2.5",同步收看網址：:https://www.zucast.com/webcast/SHtwCV70/ 法說會影音連結資訊:https://www.zucast.com/webcast/SHtwCV70/ ,"無","查詢"
"2850","新產","115/03/30","14:00","永豐金證券線上法人說明會","本公司114年第四季營運狀況","285020260330M001.pdf","285020260330E001.pdf","https://www.skinsurance.com.tw/SKI/Doc.aspx?uID=12&amp;sID=1326&amp;ST=",中文影音檔網址:2850_17_20260330_ch.mp4 ,"內容檔案於當日會後公告於公開資訊觀測站","查詢"
"2851","中再保","115/03/27","16:00","證券交易所101大樓一樓資訊展示中心(台北市信義路五段7號)","說明公司營運狀況","285120260327M001.pdf","285120260327E001.pdf","",法說會影音連結資訊:https://webpro.twse.com.tw/WebPortal/vod/101/0BC2B5556544-1C9A3264-29B6-11F1-9D52/?categoryId=101 ,"無","查詢"
"2855","統一證","115/03/03","14:00","本次為中文線上法說會","說明本公司114年度財務暨營運報告","285520260303M001.pdf","285520260303E001.pdf","https://www.pscnet.com.tw/",同步收看網址：:https://pse.is/8r65b6 法說會影音連結資訊:https://promote.pscnet.com.tw/html/test/2855-1150303.mp4 ,"會議室號碼：2518-311-8844，會議室密碼為本公司股票代碼","查詢"
"2855","統一證","115/05/14","14:00","本次為中文線上法說會","說明本公司115年度Q1財務暨營運報告","285520260514M001.pdf","285520260514E001.pdf","https://www.pscnet.com.tw/",同步收看網址：:https://pse.is/92qu65 法說會影音連結資訊:https://promote.pscnet.com.tw/html/test/2855-1150514.mp4 ,"會議室號碼：2510-671-7119，會議室密碼為本公司股票代碼。","查詢"
"2880","華南金","115/03/25","15:00","華南銀行總行大樓2樓國際會議廳
(台北市信義區松仁路123號2樓)","公告本公司召開2025年第4季中文法人說明會，公布2025年度營運概況。","288020260325M001.pdf","288020260325E001.pdf","https://www.hnfhc.com.tw/HNFHC/ir/p.do",同步收看網址：:https://www.zucast.com/webcast/xf12UIZk 法說會影音連結資訊:https://www.zucast.com/webcast/xf12UIZk ,"無","查詢"
"2880","華南金","115/05/28","15:00","本次為中文線上法說會，連結網址詳如本公司投資人關係專區或如後說明","公告本公司召開2026年第1季中文法人說明會，公布2026年第1季營運概況。","內容檔案於當日會後公告於公開資訊觀測站","內容檔案於當日會後公告於公開資訊觀測站","https://www.hnfhc.com.tw/HNFHC/ir/p.do",同步收看網址：:https://www.zucast.com/webcast/BD0Bn4ui 法說會影音連結資訊:未輸 ,"無","查詢"
"2881","富邦金","115/05/25","15:30","網路直播","說明富邦金控115年第一季營運概況","288120260525M001.pdf","288120260525E001.pdf","https://fubon.irpro.co/tw/event.php",同步收看網址：:https://fubon.irpro.co/tw/event.php 法說會影音連結資訊:未輸 ,"無","查詢"
"2881","富邦金","115/01/08","09:00","電話會議","討論富邦金控財務及業務相關資訊","288120260107M001.pdf","288120260107E001.pdf","https://fubon.irpro.co/tw/event.php","","無","查詢"
"2881","富邦金","115/01/15","17:00","電話會議","討論富邦金控財務及業務相關資訊","288120260114M001.pdf","288120260114E001.pdf","https://fubon.irpro.co/tw/event.php","","無","查詢"
"2881","富邦金","115/05/06 至 115/05/08","09:00","線上","討論富邦金控財務及業務相關資訊","288120260325M001.pdf","288120260325E001.pdf","https://fubon.irpro.co/tw/event.php",法說會影音連結資訊:https://fubon.irpro.co/video/JPM_Asia_Insurance_Forum_20260507.mp4 ,"無","查詢"
"2881","富邦金","115/03/26","14:00","台北","討論富邦金控財務及業務相關資訊","288120260325M001.pdf","288120260325E001.pdf","https://fubon.irpro.co/tw/event.php","","受第一金證券邀約參加投資人說明會","查詢"
"2881","富邦金","115/03/16","14:30","臺北文創大樓-台北市菸廠路號88號6樓","說明富邦金控114年全年營運概況暨IFRS 17與新一代清償能力制度(TIS)","288120260316M001.pdf","288120260316E001.pdf","https://fubon.irpro.co/tw/event.php",同步收看網址：:https://fubon.irpro.co/tw/event.php 法說會影音連結資訊:https://fubon.irpro.co/tw/event.php ,"無","查詢"
"2881","富邦金","115/03/19","13:00","台北","討論富邦金控財務及業務相關資訊","288120260318M001.pdf","288120260318E001.pdf","https://fubon.irpro.co/tw/event.php","","無","查詢"
"2881","富邦金","115/03/17 至 115/03/18","14:00","香港","討論富邦金控財務及業務相關資訊","288120260316M002.pdf","288120260316E002.pdf","https://fubon.irpro.co/tw/event.php","","無","查詢"
"2881","富邦金","115/03/11 至 115/03/12","09:00","台北","討論富邦金控財務及業務相關資訊","288120260114M001.pdf","288120260114E001.pdf","https://fubon.irpro.co/tw/event.php","","無","查詢"
"2881","富邦金","115/04/09","14:00","台北","討論富邦金控財務及業務相關資訊","288120260325M001.pdf","288120260325E001.pdf","https://fubon.irpro.co/tw/event.php","","受國票綜合證券邀約參加投資人說明會","查詢"
"2881","富邦金","115/03/20 至 115/03/23","09:00","新加坡及香港","討論富邦金控財務及業務相關資訊","288120260318M002.pdf","288120260318E002.pdf","https://fubon.irpro.co/tw/event.php","","受Goldman Sachs及Citi邀約參加投資人會議","查詢"
"2881","富邦金","115/04/15 至 115/04/16","14:30","香港","討論富邦金控財務及業務相關資訊","288120260318M002.pdf","288120260318E002.pdf","https://fubon.irpro.co/tw/event.php","","無","查詢"
"2882","國泰金","115/03/17","13:00","台北","本公司受邀參加BofA證券之投資人會議，說明公司營運概況。","288220260312M002.pdf","288220260312E002.pdf","https://www.cathayholdings.com/holdings/ir/events_and_announcements/events","","無","查詢"
"2882","國泰金","115/03/11","16:30","中英文場皆採電話會議暨網路直播方式進行。","說明適用IFRS 17之接軌相關概況。中文場16:30-17:30；英文場18:30-19:30。","288220260312M001.pdf","288220260312E001.pdf","https://www.cathayholdings.com/holdings/ir/events_and_announcements/events",同步收看網址：:https://www.zucast.com/webcast/k6100UYk 法說會影音連結資訊:https://www.zucast.com/webcast/k6100UYk ,"中英文場皆採電話會議暨網路直播方式進行。","查詢"
"2882","國泰金","115/03/13","10:00","台北","本公司受邀參加摩根大通證券舉辦之投資人會議，說明公司營運概況。","288220260312M002.pdf","288220260312E002.pdf","https://www.cathayholdings.com/holdings/ir/events_and_announcements/events","","無","查詢"
"2882","國泰金","115/05/29","14:00","中文場會議地點為國泰金融會議廳A廳(台北市松仁路9號1樓)；英文場採電話會議。","公佈115年度第一季營運概況。中文場14:00-15:00；英文場17:00-18:00。","內容檔案於當日會後公告於公開資訊觀測站","內容檔案於當日會後公告於公開資訊觀測站","https://www.cathayholdings.com/holdings/ir/events_and_announcements/events",同步收看網址：:https://www.zucast.com/webcast/6INLMd49 法說會影音連結資訊:https://www.zucast.com/webcast/6INLMd49 ,"中文場採實體暨線上會議方式舉辦，英文場採電話會議暨網路直播方式進行。","查詢"
"2882","國泰金","115/03/27","14:00","中文場會議地點為國泰金融會議廳A廳(台北市松仁路9號1樓)；英文場採電話會議。","公佈114年度第四季營運概況。中文場14:00-15:00；英文場17:00-18:00。","288220260327M001.pdf","288220260327E001.pdf","https://www.cathayholdings.com/holdings/ir/events_and_announcements/events",同步收看網址：:https://www.zucast.com/webcast/vAO0X56K 法說會影音連結資訊:https://www.zucast.com/webcast/vAO0X56K ,"中文場採實體暨線上會議方式舉辦，英文場採電話會議暨網路直播方式進行。","查詢"
"2882","國泰金","115/01/13 至 115/01/15","10:00","線上","本公司受邀參加Goldman Sachs舉辦之投資人會議，說明114年第三季財務業務相關資訊。","288220260112M001.pdf","288220260112E001.pdf","https://www.cathayholdings.com/holdings/ir/events_and_announcements/events","","無","查詢"
"2882","國泰金","115/04/14","09:00","香港","本公司受邀參加HSBC舉辦之投資人會議，說明公司營運概況。","288220260413M001.pdf","288220260413E001.pdf","https://www.cathayholdings.com/holdings/ir/events_and_announcements/events","","無","查詢"
"2882","國泰金","115/05/07","10:00","香港","本公司受邀參加摩根大通證券舉辦之投資人會議，說明公司營運狀況。","288220260506M001.pdf","288220260506E001.pdf","https://www.cathayholdings.com/holdings/ir/events_and_announcements/events",法說會影音連結資訊:https://www.cathayholdings.com/holdings/ir/events_and_announcements/events ,"無","查詢"
"2883","凱基金","115/01/07","10:00","線上法說會","說明本公司之營運概要、財務及業務相關資訊","288320251202M001.pdf","288320251202E001.pdf","https://kgi.irpro.co/tw/investor-conference.php",法說會影音連結資訊:未輸 ,"無","查詢"
"2883","凱基金","115/01/13","09:00","香港","說明本公司之營運概要、財務及業務相關資訊","288320251202M001.pdf","288320251202E001.pdf","",法說會影音連結資訊:未輸 ,"無","查詢"
"2883","凱基金","115/04/02","14:30","臺北嘉佩樂酒店-台北市敦化北路139號，英文場採同步線上進行","屬自辦法人說明會，凱基金控114全年營運表現暨適用
IFRS 17接軌說明","288320260402M001.pdf","288320260402E001.pdf","https://kgi.irpro.co/tw/investor-conference.php",同步收看網址：:https://kgi.irpro.co/tw/investor-conference.php 法說會影音連結資訊:https://kgi.irpro.co/tw/investor-conference.php ,"無","查詢"
"2883","凱基金","115/05/08","09:00","線上法說會","說明本公司之營運概要、財務及業務相關資訊","288320260402M001.pdf","288320260402E001.pdf","https://kgi.irpro.co/tw/investor-conference.php",法說會影音連結資訊:未輸 ,"無","查詢"
"2883","凱基金","115/06/02","14:30","中文場及英文場同時召開，採線上法人說明會","說明凱基金控115年第1季營運概況","內容檔案於當日會後公告於公開資訊觀測站","內容檔案於當日會後公告於公開資訊觀測站","https://kgi.irpro.co/tw/investor-conference.php",同步收看網址：:https://kgi.irpro.co/tw/investor-conference.php 法說會影音連結資訊:未輸 ,"無","查詢"
"2884","玉山金","115/03/09","10:00","台北遠東飯店","2025年第4季財業務資訊","288420260224M001.pdf","288420260224E001.pdf","https://www.esunfhc.com/zh-tw/investor-relations/ir-events/investor-conference","","無","查詢"
"2884","玉山金","115/05/06","14:00","玉山金控總部","2026年第1季財業務資訊","288420260506M001.pdf","288420260506E001.pdf","https://www.esunfhc.com/zh-tw/investor-relations/ir-events/investor-conference",法說會影音連結資訊:https://www.zucast.com/webcast/E27UOeKl 英文網址:https://www.zucast.com/webcast/jkpzrYrC ,"無","查詢"
"2884","玉山金","115/01/08 至 115/01/09","18:00","英國","2025年第3季財業務資訊","288420251117M001.pdf","288420251117E001.pdf","https://www.esunfhc.com/zh-tw/investor-relations/ir-events/investor-conference","","無","查詢"
"2884","玉山金","115/01/13 至 115/01/14","09:30","新加坡、香港","2025年第3季財業務資訊","288420251117M001.pdf","288420251117E001.pdf","https://www.esunfhc.com/zh-tw/investor-relations/ir-events/investor-conference","","無","查詢"
"2884","玉山金","115/02/24","15:30","玉山金控第一總部大樓","2025年第4季財業務資訊","288420260224M001.pdf","288420260224E001.pdf","https://www.esunfhc.com/zh-tw/investor-relations/ir-events/investor-conference",法說會影音連結資訊:https://www.zucast.com/webcast/620R160u 英文網址:https://www.zucast.com/webcast/zpEEjeoa ,"無","查詢"
"2884","玉山金","115/03/11 至 115/03/12","09:00","台北君悅酒店","2025年第4季財業務資訊","288420260224M001.pdf","288420260224E001.pdf","https://www.esunfhc.com/zh-tw/investor-relations/ir-events/investor-conference","","無","查詢"
"2884","玉山金","115/03/20","09:00","台北君悅酒店","2025年第4季財業務資訊","288420260224M001.pdf","288420260224E001.pdf","https://www.esunfhc.com/zh-tw/investor-relations/ir-events/investor-conference","","無","查詢"
"2884","玉山金","115/04/15 至 115/04/16","13:00","香港","2025年第4季財業務資訊","288420260224M001.pdf","288420260224E001.pdf","https:// www.esunfhc.com/zh-tw/investor-relations/ir-events/investor-conference","","無","查詢"
"2885","元大金","115/04/28","14:30","台北","公告本公司擬於民國115年4月28日(二)受邀參加第一金證券舉行之投資人會議。","288520260408M002.pdf","288520260408E002.pdf","https://www.yuanta.com/TW/IR/Financials/Presentations-and-Events","","無","查詢"
"2885","元大金","115/01/15","10:00","台北","公告本公司擬於民國115年1月15日受邀參加高盛證券舉行之線上投資人會議—Goldman Sachs Asia Financials Corporate Day","288520251125M001.pdf","288520251125E001.pdf","https://www.yuanta.com/TW/IR/Financials/Presentations-and-Events","","無","查詢"
"2885","元大金","115/04/10","15:00","台北","公告本公司擬於民國115年4月10日(五)受邀參加國票證券舉行之投資人會議。","288520260408M002.pdf","288520260408E002.pdf","https://www.yuanta.com/TW/IR/Financials/Presentations-and-Events","","無","查詢"
"2886","兆豐金","115/01/05 至 115/01/06","09:00","新加坡","揭露本公司2025年第3季營運概況","288620251125M001.pdf","288620251125E001.pdf","https://www.megaholdings.com.tw/","","本公司受邀參與高盛證券於新加坡舉辦之外資法人投資說明會","查詢"
"2886","兆豐金","115/03/12","14:30","線上","揭露本公司2025年第4季營運概況","288620260312M001.pdf","288620260312E001.pdf","https://www.megaholdings.com.tw/",同步收看網址：:https://www.zucast.com/webcast/4zwpebj1 法說會影音連結資訊:https://www.zucast.com/webcast/4zwpebj1 ,"更正115年1月30日公告，其中「115年 3月 11日」，更正為「115年 3月 12日」","查詢"
"2886","兆豐金","115/03/11","14:30","線上","揭露本公司2025年第4季營運概況","內容檔案於當日會後公告於公開資訊觀測站","內容檔案於當日會後公告於公開資訊觀測站","https://www.megaholdings.com.tw/",同步收看網址：:https://www.zucast.com/webcast/4zwpebj1 法說會影音連結資訊:未輸 ,"無","查詢"
"2886","兆豐金","115/05/27","14:30","線上","揭露本公司2026年第1季營運概況","內容檔案於當日會後公告於公開資訊觀測站","內容檔案於當日會後公告於公開資訊觀測站","https://www.megaholdings.com.tw/",同步收看網址：:https://www.zucast.com/webcast/OcZN6Yu4 法說會影音連結資訊:未輸 ,"無","查詢"
"2886","兆豐金","115/04/10","14:00","線上","揭露本公司2025年第4季營運概況","288620260312M001.pdf","288620260312E001.pdf","https://www.megaholdings.com.tw/",法說會影音連結資訊:https://youtu.be/gJ9N8Iu2Dug ,"本公司受邀參與統一證券舉辦之線上法人投資說明會","查詢"
"2887","台新新光金","115/01/15","09:00","香港","公告本公司將於115年01月15日受邀參加高盛2026 Asia Financials Corporate Day會晤投資機構，說明營運概況。","288720251226M001.pdf","288720251226E001.pdf","https://www.tsholdings.com.tw/tsh/","","無。","查詢"
"2887","台新新光金","115/03/31","14:00","台新新光金控大樓2F元廳 (台北市大安區仁愛路四段118號)","公告本公司將於115 年03 月31 日召開114 年第四季法人說明會","288720260331M001.pdf","288720260331E001.pdf","https://www.tsholdings.com.tw/tsh/",同步收看網址：:https://www.zucast.com/webcast/3AX2KKWc 法說會影音連結資訊:https://www.zucast.com/webcast/3AX2KKWc ,"114 年第四季法說會將以實體與網路直播併行","查詢"
"2887","台新新光金","115/04/09 至 115/04/10","13:00","日本","公告本公司受邀赴日本於115年4月9日至4月10日會晤當地投資機構，說明營運概況","288720260331M001.pdf","288720260331E001.pdf","https://www.tsholdings.com.tw/tsh/","","無","查詢"
"2889","國票金","115/03/31","14:00","本次法說會為線上說明會","本公司自辦說明會，說明公司營運概況。","288920260331M001.pdf","288920260331E001.pdf","https://www.ibf.com.tw/analyst&#172;_meeting/2026",中文影音檔網址:2889_27_20260331_ch.mp4 ,"當日webex連線號碼為:1849465878/連結https://mibf.webex.com/meet/ibf.1703","查詢"
"2890","永豐金","115/01/05 至 115/01/14","09:00","新加坡實體會議暨線上會議","本公司受邀參加 Goldman Sachs 舉辦之投資人會議，
說明114年第三季財務業務相關資訊
115年1月5日至115年1月6日：新加坡 (實體會議)
115年1月14日：線上","289020251226M001.pdf","289020251226E001.pdf","https://www.sinopac.com/irCalendar/list.html","","無","查詢"
"2890","永豐金","115/03/10","14:30","永豐金控總部大樓(台北市八德路二段306號3F)","說明114年第四季營運概況","289020260310M001.pdf","289020260310E001.pdf","https://www.sinopac.com/irCalendar/list.html",法說會影音連結資訊:https://www.sinopac.com/upload/sinopac/media/2025Q4_AnalystMeetings_vdo.zip ,"無","查詢"
"2890","永豐金","115/03/11","08:00","台北君悅酒店","本公司受邀參加 J.P. Morgan 舉辦之投資人會議，
說明114年營運概況","289020260310M002.pdf","289020260310E002.pdf","https://www.sinopac.com/irCalendar/list.html","","無","查詢"
"2891","中信金","115/03/12","14:00","中文實體(總行大樓)(14:00-15:00);
中英文線上(15:30-16:30)","公布114年度第四季營運概況","289120260312M001.pdf","289120260312E001.pdf","https://ir.ctbcholding.com/c/events",法說會影音連結資訊:https://ir.ctbcholding.com/c/events 英文影音連結:https://ir.ctbcholding.com/html/events ,"無","查詢"
"2891","中信金","115/01/22 至 115/01/23","09:00","線上","本公司參加Goldman Sachs舉辦之投資人說明會(2026 Asia Financials Corporate Day)","289120251117M001.pdf","289120251117E001.pdf","https://ir.ctbcholding.com/c/events","","無","查詢"
"2891","中信金","115/03/13","10:00","台北","本公司參加JPMorgan舉辦之投資人說明會(J.P. Morgan Taiwan CEO-CFO Conference)","289120260312M001.pdf","289120260312E001.pdf","https://ir.ctbcholding.com/c/events","","無","查詢"
"2891","中信金","115/03/20","11:00","台北","本公司參加Bank of America舉辦之投資人說明會(BofA 2026 Asia Tech Conference)","289120260312M001.pdf","289120260312E001.pdf","https://ir.ctbcholding.com/c/events","","無","查詢"
"2891","中信金","115/04/15","09:00","香港","本公司參加HSBC舉辦之投資人說明會(HSBC Global Investment Summit 2026)","289120260312M001.pdf","289120260312E001.pdf","https://ir.ctbcholding.com/c/events","","無","查詢"
"2891","中信金","115/04/23","14:00","線上","本公司參加第一金證券舉辦之投資人說明會","289120260312M001.pdf","289120260312E001.pdf","https://ir.ctbcholding.com/c/events",法說會影音連結資訊:https://ir.ctbcholding.com/c/events ,"無","查詢"
"2891","中信金","115/05/19","14:00","中文實體(總行大樓)(14:00-15:00)；
中英文線上(15:30-16:30)","公布115年度第一季營運概況","289120260519M002.pdf","289120260519E002.pdf","https://ir.ctbcholding.com/c/events",法說會影音連結資訊:https://ir.ctbcholding.com/c/events 英文影音連結:https://ir.ctbcholding.com/html/events ,"無","查詢"
"2892","第一金","115/03/04","16:30","網路","召開第一金2025年第四季法人說明會","289220260304M001.pdf","289220260304E001.pdf","https://ir.firstholding.com.tw/c/index.php",中文影音檔網址:2892_170_20260304_ch.mp3 ,"無","查詢"
"2892","第一金","115/01/09","09:00","網路","第一金受邀參加高盛亞洲金融企業日","289220260108M001.pdf","289220260108E001.pdf","https://ir.firstholding.com.tw/c/index.php","","無","查詢"
"2892","第一金","115/06/02","16:30","網路","召開第一金控2026年第一季法人說明會","內容檔案於當日會後公告於公開資訊觀測站","內容檔案於當日會後公告於公開資訊觀測站","https://ir.firstholding.com.tw/c/index.php",同步收看網址：:https://www.zucast.com/webcast/XdlVIK9t 法說會影音連結資訊:未輸 ,"無","查詢"
"2897","王道銀行","115/04/01","14:30","線上法說會。","公布本公司2025年度營運概況。","289720260401M001.pdf","289720260401E001.pdf","https://www.o-bank.com/about/investor/IR-Events/Investor-Conferences",同步收看網址：:https://www.zucast.com/webcast/bbk35N3b 法說會影音連結資訊:https://www.zucast.com/webcast/bbk35N3b ,"線上法說會語音直播網址：https://www.zucast.com/webcast/bbk35N3b","查詢"
"2897","王道銀行","115/05/14","14:30","線上法說會。","公布本公司2026年第一季營運概況。","289720260514M001.pdf","289720260514E001.pdf","https://www.o-bank.com/about/investor/IR-Events/Investor-Conferences",同步收看網址：:https://www.zucast.com/webcast/385WZsop 法說會影音連結資訊:http://www.zucast.com/webcast/385WZsop ,"線上法說會語音直播網址：https://www.zucast.com/webcast/385WZsop","查詢"
"2906","高林","115/03/31","14:00","高林實業股份有限公司(新北市汐止區新台五路一段95號21樓之8)","公司業務及營運概況說明","290620260331M001.pdf","290620260331E001.pdf","https://www.collins.com.tw",同步收看網址：:https://www.youtube.com/live/CDhxOHl3Afg 法說會影音連結資訊:https://www.youtube.com/live/CDhxOHl3Afg ,"無","查詢"
"2912","統一超","115/03/27","14:00","線上法人說明會","114年度營運財務狀況報告及未來營運展望說明","291220260326M001.pdf","291220260326E001.pdf","https://ir.7-11.com.tw/tw/event.php",中文影音檔網址:2912_151_20260327_ch.mp4 英文影音檔網址:2912_151_20260327_en.mp4 ,"相關訊息請參考公開資訊觀測站公司治理專區法說 會簡報資料或本公司網站","查詢"
"2913","農林","115/05/06","16:00","線上法說會(台灣)","本公司受邀參加由寬量國際主辦之線上法說會「19th QIC CEO Week」，說明本公司之營運概況、財務及業務相關資訊。","291320260505M001.pdf","291320260505E001.pdf","https://www.ttch.com.tw/zh/shareholder/shareholder",中文影音檔網址:2913_16_20260506_ch.mp4 ,"法人說明會開會前會將相關簡報資料輸入公開資訊觀測站。","查詢"
"2945","三商家購","115/03/18","14:30","線上法說會","公司營運概況說明","294520260318M001.pdf","294520260318E001.pdf","https://www.simplemartretail.com",中文影音檔網址:2945_18_20260318_ch.mp4 ,"線上法人說明會報名網址：https://simplemart.surveycake.biz/s/p1vQ0","查詢"
"2945","三商家購","115/05/20","14:30","線上法說會","公司營運概況說明","294520260520M001.pdf","294520260520E001.pdf","https://www.simplemartretail.com",中文影音檔網址:2945_19_20260520_ch.mp4 ,"線上法人說明會報名網址：https://simplemart.surveycake.biz/s/aqApW","查詢"
"3004","豐達科","115/05/26","14:00","台北市南港區南港路一段209號B棟國際會議廳","本公司受元大證券邀請，參加其舉辦之國內法人說明會，針對本公司市場趨勢及營運概況等相關資訊做說明。","內容檔案於當日會後公告於公開資訊觀測站","內容檔案於當日會後公告於公開資訊觀測站","https://www.nafco.com.tw/",法說會影音連結資訊:未輸 ,"無","查詢"
"3005","神基","115/05/15","14:30","台北市南港區南港路一段209號B棟國際會議廳","本公司受凱基證券邀請，參加其舉辦之國內法人說明會，於會中就115年第一季已公開發佈之財務數字、經營績效等相關資訊做說明。","300520260514M001.pdf","300520260514E001.pdf","https://tw.getacgroup.com/investors/calendar.php",中文影音檔網址:3005_62_20260515_ch.mp4 ,"無。","查詢"
"3005","神基","115/03/02","14:30","台北市南港區南港路一段209號B棟國際會議廳","本公司受元大證券邀請，參加其舉辦之國內法人說明會，於會中就114年第四季公開發佈之財務數字、經營績效等相關資訊做說明。","300520260226M001.pdf","300520260226E001.pdf","http://tw.getacgroup.com/investors/calendar.php",中文影音檔網址:3005_61_20260302_ch.mp4 ,"無。","查詢"
"3005","神基","115/06/04 至 115/06/05","09:00","台北W Hotel飯店
台北市信義區忠孝東路五段10號","本公司受花旗證券邀請，參加其舉辦之Citi 2026 Taiwan Conference，於會中就已公開發佈之財務數字、經營績效等相關資訊做說明。","300520260514M001.pdf","300520260514E001.pdf","https://tw.getacgroup.com/investors/calendar.php","","無。","查詢"
"3005","神基","115/06/09","13:30","台北晶華酒店四樓
台北市中山北路二段39巷3號","本公司受元大證券邀請，參加元大證券辦理之第二季投資論壇，於會中就115年第一季已公開發佈之財務數字、經營績效等相關資訊做說明。","300520260514M001.pdf","300520260514E001.pdf","http://tw.getacgroup.com/investors/calendar.php","","無。","查詢"
"3006","晶豪科","115/03/10","14:00","台北市信義路四段236號7樓(宏遠證券股份有限公司)","公司營運近況暨未來展望","300620260310M001.pdf","300620260310E001.pdf","http://www.esmt.com.tw",法說會影音連結資訊:https://www.youtube.com/watch?v=Ek42p9xgvO4 ,"無","查詢"
"3008","大立光","115/01/08","14:30","線上法說會","114年第四季營運報告及說明115年第一季營運展望","300820260108M001.pdf","300820260108E001.pdf","https://www.largan.com.tw/tw/investor/shareholder",法說會影音連結資訊:https://www.largan.com.tw/tw/investor/shareholder ,"無","查詢"
"3008","大立光","115/03/11","11:00","台北君悅酒店","本公司受邀參加摩根大通證券舉辦之法人說明會","300820260108M001.pdf","300820260108E001.pdf","","","無","查詢"
"3008","大立光","115/04/16","14:30","線上法說會","115年第一季營運報告及說明115年第二季營運展望","300820260416M001.pdf","300820260416E001.pdf","http://www.largan.com.tw/tw/investor/shareholder",法說會影音連結資訊:http://www.largan.com.tw/tw/investor/shareholder ,"無","查詢"
"3010","華立","115/03/13","10:00","臺北晶華酒店-台北市中山北路二段39巷3號4樓","本公司受邀參加華南永昌證券所舉辦之「2026春季投資論壇」，就公司已公開之財務業務資訊做說明。","301020260312M001.pdf","301020260312E001.pdf","https://www.wahlee.com",法說會影音連結資訊:https://youtu.be/RGuVDI0AxP8 ,"無","查詢"
"3014","聯陽","115/03/11","14:00","宏遠證券股份有限公司(台北市大安區信義路四段236號7樓)","本公司受邀參加宏遠證券股份有限公司所舉辦之「2026年趨勢產業論壇」","301420260309M001.ppt","301420260309E001.ppt","https://www.ite.com.tw/tw/news?cate=cate3&amp;year=all&amp;page=1","","無","查詢"
"3014","聯陽","115/05/18","14:30","宏遠證券股份有限公司(台北市大安區信義路四段236號7樓)","本公司受邀參加宏遠證券股份有限公司所舉辦之法人說明會。","301420260512M001.pdf","301420260512E001.pdf","https://www.ite.com.tw/tw/news?cate=cate3&amp;year=all&amp;page=1",法說會影音連結資訊:https://youtu.be/8NarjBzPJAk ,"無","查詢"
"3015","全漢","115/03/30","14:00","線上法說會","本公司受邀參加台新證券所舉辦之線上法說會，會中介紹公司之營運與展望","301520260330M001.pdf","301520260330E001.pdf","https://www.fsp-group.com/tw/ShareholderMeeting.html",中文影音檔網址:3015_25_20260330_ch.mp4 ,"請事先報名採實名制登記","查詢"
"3016","嘉晶","115/04/29","15:30","線上法說會","本公司受邀參加凱基證券於115年04月29日舉辦之線上法人說明會，說明公司營業成果及營運展望。","301620260429M001.pdf","301620260429E001.pdf","https://www.epi.episil.com",中文影音檔網址:3016_12_20260429_ch.mp4 英文影音檔網址:3016_12_20260429_en.mp4 ,"無","查詢"
"3017","奇鋐","115/03/12","09:00","台北君悅酒店","受邀參加JPM Taiwan CEO-CFO Conference ，說明114年度營運結果與未來展望。","301720260311M001.pdf","301720260311E001.pdf","https://www.avc.co","","無","查詢"
"3017","奇鋐","115/03/17 至 115/03/18","09:00","台北君悅酒店","受邀參加BofA 2026 Asia Tech Conference，說明114年度營運結果與未來展望。","301720260311M002.pdf","301720260311E002.pdf","https://www.avc.co","","無","查詢"
"3017","奇鋐","115/02/05","09:00","台北W飯店","受邀參加Nomura Asia Tech Tour，說明2025年第三季營運結果與未來展望","301720251112M001.pdf","301720251112E001.pdf","https://www.avc.co","","無","查詢"
"3017","奇鋐","115/01/14","14:30","台北市基隆路一段176號B2會議室","受邀參加康和證券法人說明會，說明2025年第三季營運結果與未來展望","301720251112M001.pdf","301720251112E001.pdf","https://www.avc.co","","無","查詢"
"3017","奇鋐","115/03/03","15:00","台北晶華酒店(台北市中山北路二段39巷3號4F)","受邀參加元大證券2026第一季投資論壇，說明114年第三季營運結果與未來展望。","301720251112M001.pdf","301720251112E001.pdf","https://www.avc.co","","無","查詢"
"3017","奇鋐","115/03/04 至 115/03/05","12:45","The Prince Park Tower Tokyo","受邀參加Daiwa Investment Conference Tokyo 2026，說明114年第三季營運結果與未來展望。","301720251112M001.pdf","301720251112E001.pdf","https://www.avc.co","","無","查詢"
"3017","奇鋐","115/03/11","14:30","台北市敦化南路一段108號B2(富邦國際會議中心)","受邀參加富邦證券法人說明會，說明114年度營運結果與未來展望。","301720260311M001.pdf","301720260311E001.pdf","https://www.avc.co",同步收看網址：:https://www.youtube.com/watch?v=YPvlLUAcX5k 法說會影音連結資訊:https://www.youtube.com/watch?v=YPvlLUAcX5k ,"無","查詢"
"3017","奇鋐","115/03/11","16:00","線上法說會","受邀參加大和國泰證券股份有限公司法人說明會，說明114年度營運結果與未來展望。","301720260311M002.pdf","301720260311E002.pdf","https://www.avc.co",同步收看網址：:https://www.youtube.com/watch?v=MeJWQ48Su48 ,"無","查詢"
"3017","奇鋐","115/04/21","14:50","證交所資訊展示中心 (臺北101大樓1樓)","受邀參加115年「AI及綠能環保產業」主題式業績發表會，說明本公司之營運概況、財務及業務相關資訊。","301720260421M001.pdf","301720260421E001.pdf","https://www.avc.co","","無","查詢"
"3017","奇鋐","115/05/14","14:30","台北市敦化南路一段108號B2(富邦國際會議中心)","受邀參加富邦證券奇鋐科技第一季法人說明會，說明115年第一季營運結果與未來展望。","301720260514M001.pdf","301720260514E001.pdf","https://www.avc.co",法說會影音連結資訊:https://youtu.be/7se4GV34im4 ,"無","查詢"
"3017","奇鋐","115/05/15","13:10","新加坡君悅酒店(10 Scotts Rd, 新加坡 228211)","受邀參加元大台灣科技日，說明115年第一季營運結果與未來展望。","301720260514M002.pdf","301720260514E002.pdf","https://www.avc.co","","無","查詢"
"3017","奇鋐","115/05/28","09:00","Mandarin Oriental Taipei","受邀參加Morgan Stanley Asia AI Summit，說明115年第一季營運結果與未來展望。","301720260514M002.pdf","301720260514E002.pdf","https://www.avc.co","","無","查詢"
"3017","奇鋐","115/05/14","16:00","線上法說會","受邀參加Morgan Stanley奇鋐科技第一季法人說明會，說明115年第一季營運結果與未來展望。","301720260514M002.pdf","301720260514E002.pdf","https://www.avc.co",法說會影音連結資訊:https://youtu.be/le9Bf79KL8U ,"無","查詢"
"3017","奇鋐","115/05/20","09:00","Conrad Hong Kong Hotel(Pacific Place, 88 Queensway, Hong Kong)","受邀參加MACQUARIE ASIA CONFERENCE 2026，說明115年第一季營運結果與未來展望。","301720260514M002.pdf","301720260514E002.pdf","https://www.avc.co","","無","查詢"
"3017","奇鋐","115/05/29","10:00","台北君悅酒店(台北市信義區松壽路2號3樓)","受邀參加統一證券2026 Q2 全球展望夏季投資論壇，說明115年第一季營運結果與未來展望。","301720260514M002.pdf","301720260514E002.pdf","https://www.avc.co","","無","查詢"
"3019","亞光","115/03/11","14:00","線上法人說明會","歡迎投資人至https://www.asia-optical.com/投資人專區/發言人專欄，點選法人說明會","301920260311M001.pdf","301920260311E001.pdf","https://www.asia-optical.com",同步收看網址：:https://www.asia-optical.com 中文影音檔網址:3019_24_20260311_ch.mp4 ,"簡報內容檔案於當日會後公告於公開資訊觀測站。","查詢"
"3022","威強電","115/03/18","14:30","凱基證券大直大樓(台北市中山區明水路700號)","本公司受邀參加凱基證券舉辦之法人說明會，會中將說明本公司2025年度營運成果及未來展望。","302220260318M001.pdf","302220260318E001.pdf","https://www.ieiworld.com/tw/finance/con_show.php?op=showone&amp;cid=54",中文影音檔網址:3022_28_20260318_ch.mp4 ,"無。","查詢"
"3023","信邦","115/03/10","09:00","台北遠東香格里拉","公告本公司受邀參加Citi&#039;s 2026 Taiwan Corporate Day – Powering the AI Age","302320260309M002.pdf","302320260309E002.pdf","https://www.sinbon.com/tw/business-overview","","無","查詢"
"3023","信邦","115/05/28","09:00","香港四季酒店","公告本公司受邀參加UBS Asian Investment Conference 2026","302320260513M001.pdf","302320260513E001.pdf","https://www.sinbon.com/tw/business-overview","","無","查詢"
"3026","禾伸堂","115/03/24","14:30","台北市中正區忠孝西路一段6號7樓","本公司受邀參加福邦證券舉辦之法人說明會，說明近期營運概況。","302620260324M001.pdf","302620260324E001.pdf","http://www.holystone.com.tw","","無","查詢"
"3026","禾伸堂","115/05/27","14:35","台北君悅酒店(台北市信義區松壽路2號)","本公司受邀參加國泰綜合證券舉辦之2026年第二季產業論壇，說明公司近期營運概況。","內容檔案於當日會後公告於公開資訊觀測站","內容檔案於當日會後公告於公開資訊觀測站","網址：www.holystone.com.tw","","無","查詢"
"3027","盛達","115/03/27","15:00","https://cathay.webex.com/cathay/j.php?MTID=m56448f9fe563662a8fc4dea4e11936b3","公告本公司召開線上法人說明會，簡報本公司營運概況","302720260325M001.pdf","302720260325E001.pdf","https://www.esg.billion.com/investor/news",法說會影音連結資訊:https://youtu.be/1vET4_esuw4 ,"無","查詢"
"3031","佰鴻","115/05/14","14:00","https://ctbcsec.webex.com/meet/annie.ho
會議 ID：184 370 0817","本公司受邀參加中國信託綜合證券(股)法人說明會，說明本公司營運概況。","303120260514M001.pdf","303120260514E001.pdf","https://www.brtled.com",中文影音檔網址:3031_13_20260514_ch.mp4 ,"無","查詢"
"3033","威健","115/05/28","14:00","台北巿內湖路一段308號11樓(810會議室)","1.請有意參加之機構投資者務必於115年5月27日上午12點前完成線上報名，可透過網路連結至本公司網站之「投資人專區」項下法人說明會報名(網址 https:// www.weikeng.com.tw/conference.php)。 
2.本次法人說明會邀請對象為法人投資機構:至於個人投資大眾; 至於個人投資者，煩請透過台灣證券交易所網站(https://mops.twse.com.tw/mops/#/web/t100sb02_1)或本公司網站(https://www.weikeng.com.tw/conference.php)收看「法人說明會」會後實況。 
3.基於環保政策,法人說明會時將不發放書面資料,參加者可在115年5月27日13:30之後,從本公司網站(https://www.weikeng.com.tw/conference.php)自行下載書面資料。","內容檔案於當日會後公告於公開資訊觀測站","內容檔案於當日會後公告於公開資訊觀測站","https://www.weikeng.com.tw/conference.php",法說會影音連結資訊:未輸 ,"無","查詢"
"3034","聯詠","115/03/12","10:00","台北君悅酒店","受邀參加由JP Morgan所舉辦&quot;Taiwan CEO-CFO Conference&quot;，就114年第4季營運績效等相關資訊作說明。","303420260206M001.pdf","303420260206E001.pdf","www.novatek.com.tw",法說會影音連結資訊:https://view.knowledgevision.com/presentation/a8b530233f1a405a80040f584495df50 ,"本次會議以一對一方式進行。","查詢"
"3034","聯詠","115/03/19","14:00","台北君悅酒店","受邀參加由美銀證券所舉辦&quot;2026 Asia Tech Conference&quot;，就114年第4季營運績效等相關資訊作說明。","303420260206M001.pdf","303420260206E001.pdf","www.novatek.com.tw","","本次會議以一對一方式進行。","查詢"
"3034","聯詠","115/02/06","15:00","網路直播","本公司一一四年第四季自結數合併財務報告及一一五年第一季業績展望。法說會將於15:00進行網路直播，請連結至以下網址 https://www.zucast.com/webcast/GBKEy9ht 建議參與者於法說會前安裝或升級所需播放軟體，或至 http://www.zucast.com/help 尋求技術支援。","303420260206M001.pdf","303420260206E001.pdf","www.novatek.com.tw",同步收看網址：:https://www.zucast.com/webcast/GBKEy9ht 法說會影音連結資訊:https://www.youtube.com/watch?v=xp0f-DcMC3g ,"無。","查詢"
"3034","聯詠","115/03/09","14:00","台北遠東香格里拉","受邀參加由花旗證券所舉辦&quot;Citi&#039;s 2026 Taiwan Corporate Day&quot;，就114年第4季營運績效等相關資訊作說明。","303420260206M001.pdf","303420260206E001.pdf","www.novatek.com.tw","","本次會議以一對一方式進行。","查詢"
"3034","聯詠","115/05/07","15:00","網路直播","自辦
本公司一一五年第一季合併財務報告及第二季業績展望。法說會將於15:00進行網路直播，請連結至以下網址https://www.zucast.com/webcast/P6tt3g5a建議參與者於法說會前安裝或升級所需播放軟體，或至http://www.zucast.com/help尋求技術支援。","303420260507M001.pdf","303420260507E001.pdf","www.novatek.com.tw",同步收看網址：:https://www.zucast.com/webcast/P6tt3g5a 法說會影音連結資訊:https://www.youtube.com/watch?v=YaBxgutGYys ,"無。","查詢"
"3035","智原","115/02/10","14:30","線上法說會","114年第四季線上法人說明會","303520260210M001.pdf","303520260210E001.pdf","https://www.faraday-tech.com/tw/content/IR/InvestorConference",同步收看網址：:https://wms.gridow.com/ir/faraday-tech/faraday_2025Q4.html 法說會影音連結資訊:https://wms.gridow.com/ir/faraday-tech/faraday_2025Q4.html ,"無","查詢"
"3035","智原","115/03/10 至 115/03/18","09:00","台北遠東香格里拉酒店,台北君悅酒店","本公司受邀參加機構投資人說明會","303520260210M001.pdf","303520260210E001.pdf","https://www.faraday-tech.com/tw/content/IR/InvestorConference",法說會影音連結資訊:https://irconference.twse.com.tw/3035_180_20260310_ch.mp4 ,"無","查詢"
"3035","智原","115/03/10 至 115/03/18","09:00","台北遠東香格里拉酒店,台北君悅酒店","本公司受邀參加 115/3/10花旗證券舉辦之「Citi 2026 March Corporate Day」、115/3/18 BofA舉辦之「2026 Asia Tech Conference」","303520260210M001.pdf","303520260210E001.pdf","https://www.faraday-tech.com/tw/content/IR/InvestorConference","","無","查詢"
"3035","智原","115/05/28 至 115/06/04","09:00","台北東方文華酒店,台北W飯店","本公司受邀參加115/5/28 Morgan Stanley 舉辦之「Morgan Stanley Asia AI Summit 2026」、115/6/4花旗證券舉辦之「Citi 2026 Taiwan Conference」","303520260428M001.pdf","303520260428E001.pdf","https://www.faraday-tech.com/tw/content/IR/InvestorConference","","無","查詢"
"3035","智原","115/04/28","14:30","線上法說會","115年第一季線上法人說明會","303520260428M001.pdf","303520260428E001.pdf","https://www.faraday-tech.com/tw/content/IR/InvestorConference",同步收看網址：:https://www.faraday-tech.com/tw/content/IR/InvestorConference 法說會影音連結資訊:https://wms.gridow.com/ir/faraday-tech/faraday_2026Q1.html ,"無","查詢"
"3036","文曄","115/03/03","14:30","線上法說會","本公司受邀參加兆豐證券於115年3月3日舉辦之線上法人說明會，向投資人說明114年第4季營業成果及未來營運展望。","303620260303M002.pdf","303620260303E002.pdf","https://www.wtmec.com/investor-relations/financials/quarterly-results/",法說會影音連結資訊:https://www.wtmec.com/sites/InvestorConference/20260303_Investor_Conference.mp4 ,"欲參加者請需事先線上報名，網址：https://www.wtmec.com/online/invite.html","查詢"
"3036","文曄","115/03/18 至 115/03/19","13:00","君悅酒店(台北市信義區松壽路2號)","本公司受邀參加美國銀行證券於115年3月18日至19日舉辦之2026 Asia Tech Conference，向投資人說明114年第4季營業成果及未來營運展望。","303620260303M002.pdf","303620260303E002.pdf","","","無","查詢"
"3036","文曄","115/05/07","14:30","線上法說會","本公司受邀參加兆豐證券於115年5月7日舉辦之線上法人說明會，向投資人說明115年第1季營業成果及未來營運展望。","303620260507M001.pdf","303620260507E001.pdf","https://www.wtmec.com/investor-relations/financials/quarterly-results/",法說會影音連結資訊:https://www.wtmec.com/sites/InvestorConference/20260507_Investor_Conference.mp4 ,"欲參加者請需事先線上報名，網址：https://www.wtmec.com/online/invite.html","查詢"
"3037","欣興","115/02/25","14:00","宏遠證券總公司703會議室","將於說明會當天發布本公司114年度第4季財務暨營運報告。","303720260225M001.pdf","303720260225E001.pdf","http://www.unimicron.com/",法說會影音連結資訊:https://www.unimicron.com/money03.html ,"無。","查詢"
"3037","欣興","115/03/04","10:00","台北君悅酒店","本公司受邀參加統一證券舉辦之2026 Q1
全球展望春季投資論壇，會中就本公司已公開發布之
財務數字、經營績效等相關資訊作說明。","303720260225M001.pdf","303720260225E001.pdf","http://www.unimicron.com/","","無。","查詢"
"3037","欣興","115/03/06","15:30","台北君悅酒店","本公司受邀參加富邦證券舉辦之2026第一季
富邦企業日，會中就本公司已公開發布之
財務數字、經營績效等相關資訊作說明。","303720260225M001.pdf","303720260225E001.pdf","http://www.unimicron.com/","","無。","查詢"
"3037","欣興","115/03/09","11:00","台北遠東香格里拉","本公司受邀參加Citi舉辦之Citi&#039;s 2026 Taiwan Corporate 
Day，會中就本公司已公開發布之
財務數字、經營績效等相關資訊作說明。","303720260225M001.pdf","303720260225E001.pdf","http://www.unimicron.com/","","無。","查詢"
"3037","欣興","115/03/10","14:30","台北晶華酒店","本公司受邀參加永豐證券舉辦之2026年第一季產業投資論壇
，會中就本公司已公開發布之
財務數字、經營績效等相關資訊作說明。","303720260225M001.pdf","303720260225E001.pdf","http://www.unimicron.com/","","無。","查詢"
"3037","欣興","115/03/11","09:00","台北君悅酒店","本公司受邀參加J.P. Morgan舉辦之
Taiwan CEO-CFO Conference，
會中就本公司已公開發布之財務數字、
經營績效等相關資訊作說明。","303720260225M001.pdf","303720260225E001.pdf","http://www.unimicron.com/","","無。","查詢"
"3037","欣興","115/03/11","14:00","台北晶華酒店","本公司受邀參加台新證券舉辦之2026年第一季全球
投資論壇，會中就本公司已公開發布之
財務數字、經營績效等相關資訊作說明。","303720260225M001.pdf","303720260225E001.pdf","http://www.unimicron.com/","","無。","查詢"
"3037","欣興","115/03/12","14:00","台北宏遠證券辦公室","本公司受邀參加宏遠證券舉辦之2026年趨勢產業
論壇，會中就本公司已公開發布之財務數字、
經營績效等相關資訊作說明。","303720260225M001.pdf","303720260225E001.pdf","http://www.unimicron.com/","","無。","查詢"
"3042","晶技","115/03/17","13:30","茹曦酒店(台北市松山區敦化北路100號)","本公司受邀參加群益金鼎證券舉辦之「2026年第一季投資論壇」，說明本公司營運概況。","304220260316M001.pdf","304220260316E001.pdf","https://www.txccorp.com/investor/corporatebriefing/175/461/","","無","查詢"
"3044","健鼎","115/03/18 至 115/03/19","09:00","台北君悅飯店","本公司於115年03月18日至03月19日受邀參加美銀證券2026 Asia Tech Conference","304420260317M001.pdf","304420260317E001.pdf","https://www.tripod-tech.com/second/14","","無","查詢"
"3045","台灣大","115/03/17","11:00","臺北","本公司受邀參加美銀證券所舉辦之「2026 Asia Tech Conference」，會中說明114年第四季法說會簡報與其他已公開發佈之財務數字、經營績效等相關資訊。","304520260313M001.pdf","304520260313E001.pdf","https://www.taiwanmobile.com/index.html","","無","查詢"
"3045","台灣大","115/03/17","15:00","臺北","本公司受邀參加群益證券所舉辦之「2026年投資論壇」，會中說明114年第四季法說會簡報與其他已公開發佈之財務數字、經營績效等相關資訊。","304520260313M001.pdf","304520260313E001.pdf","https://www.taiwanmobile.com/index.html",中文影音檔網址:3045_314_20260317_ch.MP4 ,"無","查詢"
"3045","台灣大","115/03/11","09:00","臺北","本公司受邀參加J.P.Morgan所舉辦之「Taiwan CEO-CFO Conference 2026」，會中說明114年第三季法說會簡報與其他已公開發佈之財務數字、經營績效等相關資訊。","304520251112M001.pdf","304520251112E001.pdf","https://www.taiwanmobile.com/index.html","","無","查詢"
"3045","台灣大","115/03/13","16:00","電話會議","(1)公布本公司114年第4季財務報告。(2)參加方式：請參見https://corp.taiwanmobile.com/investor-relations/investor-relations.html","304520260313M001.pdf","304520260313E001.pdf","https://www.taiwanmobile.com/index.html",同步收看網址：:https://corp.taiwanmobile.com/investor-relations/investor-relations.html 法說會影音連結資訊:https://corp.taiwanmobile.com/investor-relations/investor-relations.html ,"無","查詢"
"3045","台灣大","115/03/05","15:00","電話會議","(1)公布本公司114年第4季財務報告。
(2)參加方式：請參見https://corp.taiwanmobile.com/investor-relations/investor-relations.html","內容檔案於當日會後公告於公開資訊觀測站","內容檔案於當日會後公告於公開資訊觀測站","https://www.taiwanmobile.com/index.html",同步收看網址：:https://corp.taiwanmobile.com/investor-relations/investor-relations.html 法說會影音連結資訊:https://corp.taiwanmobile.com/investor-relations/investor-relations.html ,"無","查詢"
"3045","台灣大","115/05/13","16:00","電話會議","(1)公布本公司115年第1季財務報告。(2)參加方式：請參見https://corp.taiwanmobile.com/investor-relations/investor-relations.html","304520260514M001.pdf","304520260514E001.pdf","https://www.taiwanmobile.com/index.html",同步收看網址：:https://corp.taiwanmobile.com/investor-relations/investor-relations.html 法說會影音連結資訊:https://corp.taiwanmobile.com/investor-relations/investor-relations.html ,"無","查詢"
"3054","立萬利","115/03/27","15:00","線上法說會","受邀參加元大產業座談會","305420260327M001.pdf","305420260327E001.pdf","https://www.liwanli.com.tw/tw/",中文影音檔網址:3054_13_20260327_ch.mp4 ,"無","查詢"
"3090","日電貿","115/03/10","14:00","線上法人說明會","公告本公司受邀參加國票證券115年3月10日舉辦之線上法人說明會。","309020260310M002.pdf","309020260310E002.pdf","https://www.ndb.com.tw/投資人專區/法人說明會",中文影音檔網址:3090_18_20260310_ch.mp4 ,"https://www.surveycake.com/s/ppmoG","查詢"
"3090","日電貿","115/05/19","14:00","福邦證券總公司(台北市中正區忠孝西路一段6號14樓)。","公告本公司受邀參加福邦證券115年5月19日舉辦之法人說明會。","309020260519M001.pdf","309020260519E001.pdf","https://www.ndb.com.tw/投資人專區/法人說明會",中文影音檔網址:3090_20_20260519_ch.mp3 ,"報名連結：https://forms.gle/eScJWcQAhbJh57m88","查詢"
"3090","日電貿","115/05/19","14:00","福邦證券總公司(台北市中正區忠孝西路一段6號14樓)。","公告本公司受邀參加福邦證券115年5月19日舉辦之法人說明會。","309020260519M003.pdf","309020260519E003.pdf","https://www.ndb.com.tw/投資人專區/法人說明會",中文影音檔網址:3090_19_20260519_ch.mp3 ,"報名連結：https://forms.gle/eScJWcQAhbJh57m88","查詢"
"3130","一零四","115/03/19","14:00","台北市明水路700號2M3會議室 (凱基證券總公司)","說明公司營運狀況及產品資訊","313020260318M001.pdf","313020260318E001.pdf","https://corp.104.com.tw/zh/investors/conference/","","無","查詢"
"3138","耀登","115/03/19","14:45","台北市忠孝東路二段95號13樓","本公司受邀參加兆豐證券舉辦之投資論壇，說明本公司之營運、財務及業務概況。","313820260319M001.pdf","313820260319E001.pdf","https://www.auden.com.tw/investor-service/shareholder-column/",中文影音檔網址:3138_13_20260319_ch.mp4 ,"無。","查詢"
"3138","耀登","115/04/08","14:00","台北市信義區信義路五段7號","本公司受邀參加永豐金證券與台灣證券交易所舉辦之業績發表會，說明本公司之營運、財務及業務概況。","313820260408M001.pdf","313820260408E001.pdf","https://www.auden.com.tw/investor-service/shareholder-column/","","無。","查詢"
"3167","大量","115/03/11","17:00","線上法說會報名連結：https://forms.gle/hMpbRG96YoWY33Gd7","會中就本公司已公開發布之財務數字、經營績效等相關資訊做說明。請投資人報名參加以取得法說會線上會議識別碼與登入密碼。","316720260311M001.pdf","316720260311E001.pdf","",中文影音檔網址:3167_25_20260311_ch.mp4 ,"將於法說會前一日以投資人報名時所提供之信箱寄送線上會議識別碼與登入密碼。","查詢"
"3167","大量","115/02/06","10:00","台北W飯店","本公司受邀參加Nomura Asia Tech Tour，說明營運概況。","316720260205M001.pdf","316720260205E001.pdf","","","無","查詢"
"3168","眾福科","115/03/25","14:00","線上法人說明會","本公司受邀參加福邦證券舉辦之線上法人說明會，說明本公司財務及業務狀況。","316820260325M001.pdf","316820260325E001.pdf","https://www.dataimagecorp.com/tw/legal",法說會影音連結資訊:https://youtu.be/QmRFvrCN9-s (請輸入網址名稱(註)):未輸 ,"會議簡報檔及影音連結將於法人說明會後揭露於公開資訊觀測站","查詢"
"3189","景碩","115/03/04","14:00","台北市君悅飯店","向法人說明產業狀況與本公司經營績效","318920260302M001.pdf","318920260302E001.pdf","","","無","查詢"
"3189","景碩","115/03/05","14:00","台北市集思北科大會議中心","向法人說明產業狀況與本公司經營績效","318920260302M002.pdf","318920260302E002.pdf","","","無","查詢"
"3189","景碩","115/03/06","14:30","台北市君悅飯店","向法人說明產業狀況與本公司經營績效","318920260302M003.pdf","318920260302E003.pdf","","","無","查詢"
"3189","景碩","115/03/09","10:00","台北市遠東飯店","向法人說明產業狀況與本公司經營績效","318920260302M004.pdf","318920260302E004.pdf","","","無","查詢"
"3189","景碩","115/03/10","14:00","台北市大安區信義路四段236號4樓","向法人說明產業狀況與本公司經營績效","318920260302M005.pdf","318920260302E005.pdf","",法說會影音連結資訊:https://www.kinsus.com.tw/zh-TW/Download/other-information/Index/other%20informations_tw/0/3 ,"無","查詢"
"3189","景碩","115/03/12","15:15","台北市晶華酒店","向法人說明產業狀況與本公司經營績效","318920260302M006.pdf","318920260302E006.pdf","","","無","查詢"
"3189","景碩","115/03/13","11:10","台北市晶華酒店","向法人說明產業狀況與本公司經營績效","318920260302M007.pdf","318920260302E007.pdf","","","無","查詢"
"3189","景碩","115/03/17","10:00","台北市君悅飯店","向法人說明產業狀況與本公司經營績效","318920260302M008.pdf","318920260302E008.pdf","","","無","查詢"
"3189","景碩","115/05/22","10:00","台北市晶華酒店","向法人說明產業狀況與本公司經營績效","318920260519M001.pdf","318920260519E001.pdf","","","無","查詢"
"3209","全科","115/03/13","14:30","線上會議","本公司受邀參加元大證券舉辦之線上法人說明會。","320920260313M001.pdf","320920260313E001.pdf","https://www.alltek.com/investors/%E6%B3%95%E4%BA%BA%E8%AA%AA%E6%98%8E%E6%9C%83/",中文影音檔網址:3209_15_20260313_ch.mp4 ,"無","查詢"
"3231","緯創","115/03/18 至 115/03/19","09:00","台北君悅酒店","本公司受邀參加美林證券舉辦之法人說明會，說明本公司業務簡介及現況說明","323120260312M001.pdf","323120260312E001.pdf","https://www.wistron.com/ch/Investors/ShareholdersServices/Meeting","","無","查詢"
"3231","緯創","115/03/13","14:00","電話會議","本公司受邀參加凱基證券舉辦之電話說明會，說明本公司業務簡介及現況說明","323120260312M002.pdf","323120260312E002.pdf","https://www.wistron.com/ch/Investors/ShareholdersServices/Meeting",法說會影音連結資訊:https://www.wistron.com/ch/Investors/ShareholdersServices/Meeting ,"無","查詢"
"3231","緯創","115/05/28","09:00","台北東方文華酒店","本公司受邀參加摩根士丹利舉辦之法人說明會，說明本公司業務簡介及現況說明","內容檔案於會前非交易時間公告於公開資訊觀測站","內容檔案於會前非交易時間公告於公開資訊觀測站","https://www.wistron.com/ch/Investors/ShareholdersServices/Meeting","","無","查詢"
"3231","緯創","115/06/01","09:00","台北君悅酒店","本公司受邀參加匯豐證券舉辦之法人說明會，說明本公司業務簡介及現況說明","內容檔案於會前非交易時間公告於公開資訊觀測站","內容檔案於會前非交易時間公告於公開資訊觀測站","https://www.wistron.com/ch/Investors/ShareholdersServices/Meeting","","無","查詢"
"3231","緯創","115/06/02","09:00","台北W飯店","本公司受邀參加美商高盛亞洲證券舉辦之法人說明會，說明本公司業務簡介及現況說明","內容檔案於會前非交易時間公告於公開資訊觀測站","內容檔案於會前非交易時間公告於公開資訊觀測站","https://www.wistron.com/ch/Investors/ShareholdersServices/Meeting","","無","查詢"
"3231","緯創","115/06/04","09:00","台北W飯店","本公司受邀參加花旗環球證券舉辦之法人說明會，說明本公司業務簡介及現況說明","內容檔案於會前非交易時間公告於公開資訊觀測站","內容檔案於會前非交易時間公告於公開資訊觀測站","https://www.wistron.com/ch/Investors/ShareholdersServices/Meeting","","無","查詢"
"3231","緯創","115/04/07 至 115/04/09","09:00","新加坡","本公司受邀參加凱基證券舉辦之法人說明會，說明本公司業務簡介及現況說明","323120260312M002.pdf","323120260312E002.pdf","https://www.wistron.com/ch/Investors/ShareholdersServices/Meeting","","無","查詢"
"3305","昇貿","115/05/06","14:00","線上會議","本公司受邀參加國票綜合證券舉辦之法人說明會，說明本公司營運概況及未來展望。","330520260506M001.pdf","330520260506E001.pdf","",中文影音檔網址:3305_11_20260506_ch.mp4 ,"欲報名參加者，請以E-mail回覆 國票證券法人部 汪振華 a00263@ibfs.com.tw","查詢"
"3312","弘憶股","115/04/22","16:00","Zoom 直播會議室ID：83881605910(有意參加者，請洽郭先生02-26599838#1910)","本公司將舉辦2025年第四季線上法人說明會，請各位投資人於法說會前安裝Zoom軟體。電腦端下載網址：http://www.zoomnow.net。手機端下載： iOS-APP Store/Android-Google Play。","331220260422M001.pdf","331220260422E001.pdf","https://www.gmitec.com/investors/investor_conference/",法說會影音連結資訊:https://www.gmitec.com/investors/investor_conference/ ,"請各位投資人務必於當日4/22(三)15:50前登入會議室ID。","查詢"
"3376","新日興","115/03/19","14:00","台北君悅酒店(台北市信義區松壽路2號)","本公司受邀參加BofA Securities 2026 Asia Tech Conference
，就公司營運概況等說明。","337620260316M001.pdf","337620260316E001.pdf","https://www.szs-group.com/investor/conference",法說會影音連結資訊:未輸 ,"無","查詢"
"3376","新日興","115/02/05","15:30","台北W飯店(台北市信義區忠孝東路五段10號)","本公司受邀參加Nomura舉辦之「Nomura Asia Tech Tour 2026」，就公司營運概況等說明。","337620260202M001.pdf","337620260202E001.pdf","https://www.szs-group.com/investor/conference",法說會影音連結資訊:未輸 ,"無","查詢"
"3380","明泰","115/02/26","14:00","台北市大安區敦化南路二段333號18樓","本公司受邀參加國泰證券舉辦之法說會，說明本公司之營運成果及未來展望。","338020260226M001.pdf","338020260226E001.pdf","https://www.alphanetworks.com/index.php/irnews",法說會影音連結資訊:https://youtu.be/g_XSh5nWwOA?si=trC6QCtbpergRGtA ,"無","查詢"
"3413","京鼎","115/03/26","14:00","台北茹曦酒店2F會議廳 (台北市松山區敦化北路100號)","本公司受邀參加群益證券舉辦之法人說明會，會中公布2025年第四季營運及財務成果","341320260326M001.pdf","341320260326E001.pdf","http://www.foxsemicon.com.tw",中文影音檔網址:3413_48_20260326_ch.MP4 ,"無","查詢"
"3416","融程電","115/04/13","14:30","台北市中山區樂群三路128號7樓","本公司受邀參加國票綜合證券法人說明會，說明本公司之營運概況、財務及業務相關資訊。","341620260413M001.pptx","341620260413E001.pptx","https://www.winmate.com.tw/upload/Shareholder/20260413_Conference.pdf",法說會影音連結資訊:https://drive.google.com/file/d/1ohQLoqsxi68_-7TtcUHRFBWYPM4qTVWm/view ,"完整財務業務資訊請至公開資訊觀測站之法人說明會一覽表或法說會項目下查閱。","查詢"
"3443","創意","115/01/30","14:00","兆豐證券總公司(台北市忠孝東路二段95號13樓)","公布2025年第四季財務報告與營運績效","344320260129M003.pdf","344320260129E003.pdf","https://www.guc-asic.com/tw/investor/financial?financial-tab=option3",同步收看網址：:https://ottlive.hinet.net/webapp/guc/live 法說會影音連結資訊:https://www.guc-asic.com/tw/investor/financial?financial-tab=option3 ,"無","查詢"
"3443","創意","115/03/09","11:00","台北遠東香格里拉飯店","本公司受邀參加Citi Taiwan corporate Day，說明本公司營運概況。","344320260129M003.pdf","344320260129E003.pdf","https://www.guc-asic.com/tw/investor/financial?financial-tab=option3","","會議細節請洽花旗證券。","查詢"
"3443","創意","115/03/10","14:30","台北晶華酒店","本公司受邀參加永豐金證券2026 Q1產業投資論壇，說明本公司營運概況。","344320260129M003.pdf","344320260129E003.pdf","https://www.guc-asic.com/tw/investor/financial?financial-tab=option3","","會議細節請洽永豐金證券。","查詢"
"3443","創意","115/02/03","15:30","台北市信義區松仁路7號5F","本公司受邀參加UBS Corporate Day，說明本公司營運概況。","344320260129M002.pdf","344320260129E002.pdf","https://www.guc-asic.com/tw/investor/financial?financial-tab=option3","","無","查詢"
"3443","創意","115/02/06","11:00","野村證券安排之實體會議","本公司受邀參加Nomura Asia Tech Tour，說明本公司營運概況。","344320260129M003.pdf","344320260129E003.pdf","https://www.guc-asic.com/tw/investor/financial?financial-tab=option3","","會議細節請洽野村證券。","查詢"
"3443","創意","115/03/17 至 115/03/30","13:00","台北君悅酒店","本公司受邀參加2026 BofA Asia Tech Conference，說明本公司營運概況。","344320260129M003.pdf","344320260129E003.pdf","https://www.guc-asic.com/tw/investor/financial?financial-tab=option3","","會議細節請洽美銀證券。","查詢"
"3443","創意","115/03/17","15:00","台北茹曦酒店","本公司受邀群益投資論壇，說明本公司營運概況。","344320260129M003.pdf","344320260129E003.pdf","https://www.guc-asic.com/tw/investor/financial?financial-tab=option3","","會議細節請洽群益證券。","查詢"
"3443","創意","115/03/31","15:10","臺北文創(台北市信義區菸廠路88號)","本公司受邀參加元富證券2026年春季投資論壇，說明本公司營運概況。","344320260129M003.pdf","344320260129E003.pdf","https://www.guc-asic.com/tw/investor/financial?financial-tab=option3","","會議細節請洽元富證券。","查詢"
"3443","創意","115/03/03","13:30","台北晶華酒店","本公司受邀參加元大證券第一季投資論壇，說明本公司營運概況。","344320260129M003.pdf","344320260129E003.pdf","https://www.guc-asic.com/tw/investor/financial?financial-tab=option3","","會議細節請洽元大證券。","查詢"
"3443","創意","115/03/06","14:30","台北君悅酒店","本公司受邀參加富邦證券2026第一季論壇，說明本公司營運概況。","344320260129M003.pdf","344320260129E003.pdf","https://www.guc-asic.com/tw/investor/financial?financial-tab=option3","","會議細節請洽富邦證券。","查詢"
"3443","創意","115/03/11","15:30","台北宏遠證券","本公司受邀參加宏遠證2026趨勢論壇，說明本公司營運概況。","344320260129M003.pdf","344320260129E003.pdf","https://www.guc-asic.com/tw/investor/financial?financial-tab=option3","","會議細節請洽宏遠證券。","查詢"
"3443","創意","115/03/12","13:30","台北遠東國際大飯店","本公司受邀參加國泰證券2026第一季產業論壇，說明本公司營運概況。","344320260129M003.pdf","344320260129E003.pdf","https://www.guc-asic.com/tw/investor/financial?financial-tab=option3","","會議細節請洽國泰證券。","查詢"
"3443","創意","115/03/13","13:00","台北君悅飯店","本公司受邀參加J.P. Morgan Taiwan CEO-CFO Conference，說明本公司營運概況。","344320260129M003.pdf","344320260129E003.pdf","https://www.guc-asic.com/tw/investor/financial?financial-tab=option3","","會議細節請洽摩根大通。","查詢"
"3443","創意","115/05/22","15:10","台北市晶華酒店","本公司受邀參加華南永昌企業論壇，說明本公司營運概況。","344320260520M001.pdf","344320260520E001.pdf","https://www.guc-asic.com/tw/investor/financial?financial-tab=option3","","會議細節請洽華南永昌證券。","查詢"
"3443","創意","115/05/26 至 115/05/27","10:00","香港","本公司受邀參加UBS AIC 2026，說明本公司營運概況。","344320260520M001.pdf","344320260520E001.pdf","https://www.guc-asic.com/tw/investor/financial?financial-tab=option3","","會議細節請洽瑞銀證券。","查詢"
"3443","創意","115/05/27","15:15","台北晶華酒店","本公司受邀參加台新2026年第二季全球投資論壇，說明本公司營運概況。","344320260520M001.pdf","344320260520E001.pdf","https://www.guc-asic.com/tw/investor/financial?financial-tab=option3","","會議細節請洽台新證券。","查詢"
"3443","創意","115/05/29","10:30","台北文華東方酒店","本公司受邀參加Morgan Stanley Asia AI Summit，說明本公司營運概況。","344320260520M001.pdf","344320260520E001.pdf","https://www.guc-asic.com/tw/investor/financial?financial-tab=option3","","會議細節請洽摩根史坦利證券。","查詢"
"3443","創意","115/05/29","14:40","W Hotel","本公司受邀參加Daiwa Taiwan Corporate Day，說明本公司營運概況。","344320260520M001.pdf","344320260520E001.pdf","https://www.guc-asic.com/tw/investor/financial?financial-tab=option3","","會議細節請洽大和證券。","查詢"
"3443","創意","115/06/01","10:00","W Hotel","本公司受邀參加高盛證券 Taiwan Computex &amp; Corporate Day 2026，說明本公司營運概況。","344320260520M001.pdf","344320260520E001.pdf","https://www.guc-asic.com/tw/investor/financial?financial-tab=option3","","會議細節請洽高盛證券。","查詢"
"3443","創意","115/06/01","13:00","台北君悅飯店","本公司受邀參加匯豐證券Taiwan Conference 2026，說明本公司營運概況。","344320260520M001.pdf","344320260520E001.pdf","https://www.guc-asic.com/tw/investor/financial?financial-tab=option3","","會議細節請洽匯豐證券。","查詢"
"3443","創意","115/06/04","10:00","W Hotel","本公司受邀參加Citi Taiwan conference，說明本公司營運概況。","344320260520M001.pdf","344320260520E001.pdf","https://www.guc-asic.com/tw/investor/financial?financial-tab=option3","","會議細節請洽花旗證券。","查詢"
"3481","群創","115/03/19","11:00","台北君悅酒店","公司受邀參加美林證券所舉辦之「2026 Asia Tech Conference」，說明營運現況及前景。","348120260312M001.pdf","348120260312E001.pdf","","","無","查詢"
"3481","群創","115/03/12","14:30","實體及線上法說會，實體法說會地點：寒舍艾美酒店3F 翡翠廳(台北市信義區松仁路38號)","(1).報告114年第四季公司營運成果及未來營運展望。(2).參加方式：請參見https://www.innolux.com/tw/ir/investor-conference_list.html","348120260312M001.pdf","348120260312E001.pdf","https://www.innolux.com/tw/ir/investor-conference_list.html",同步收看網址：:https://wms.gridow.com/ir/innolux/innolux_1H26_en.html 法說會影音連結資訊:https://wms.gridow.com/ir/innolux/innolux_1H26_en.html ,"無","查詢"
"3481","群創","115/03/27","14:30","線上法人說明會","本公司受邀參加中信證券舉辦之法人說明會，說明營運現況及未來展望。","348120260312M001.pdf","348120260312E001.pdf","",中文影音檔網址:3481_93_20260327_ch.mp4 ,"無","查詢"
"3481","群創","115/05/28","16:30","台北文華東方酒店","公司受邀參加摩根史丹利證券所舉辦之「Asia AI Summit 2026」，說明營運現況及前景。","348120260312M001.pdf","348120260312E001.pdf","","","無","查詢"
"3481","群創","115/06/04","11:00","W Hotel","公司受邀參加花旗證券所舉辦之「Citi 2026 Taiwan Conference」，說明營運現況及前景。","348120260312M001.pdf","348120260312E001.pdf","","","無","查詢"
"3504","揚明光","115/02/06","15:00","線上法說會網路直播","114年度財務業務報告","350420260206M001.pdf","350420260206E001.pdf","https://www.youngoptics.com/investors-13-16-117",同步收看網址：:https://www.zucast.com/webcast/hyYr5TmS 法說會影音連結資訊:https://www.zucast.com/webcast/hyYr5TmS ,"無","查詢"
"3515","華擎","115/03/06","13:30","台北君悅酒店3樓(台北市信義區松壽路二號)","本公司受邀參加富邦證券舉辦之2026 Q1富邦企業日","351520260305M001.pdf","351520260305E001.pdf","https://www.asrock.com/general/investor.tw.asp?cat=Finance",中文影音檔網址:3515_34_20260306_ch.mp4 ,"無","查詢"
"3528","安馳","115/03/26","15:15","台北市信義區基隆路一段176號B2(康和綜合證券總公司B2會議室)","康和證券舉辦之114年第四季財報法人說明會。","352820260326M001.pdf","352820260326E001.pdf","https://www.macnica.com/apac/anstek/zh_tw/investors/corporate-governance/shareholder-column/",中文影音檔網址:3528_14_20260326_ch.MP4 ,"無","查詢"
"3532","台勝科","115/05/28","14:00","線上法說會","本公司受邀參加由華南永昌證券舉辦之線上法說會，將於會中說明本公司近期營運概況。","內容檔案於當日會後公告於公開資訊觀測站","內容檔案於當日會後公告於公開資訊觀測站","https://www.fstech.com.tw/",法說會影音連結資訊:未輸 ,"華南永昌聯絡資訊 電話02-2545-6888 ext 8383 E-mail:10791@entrust.com.tw","查詢"
"3533","嘉澤","115/03/12","16:00","線上法說會","本公司受邀參加KGI線上法說會，說明本公司之營運概況、財務及業務相關訊息","353320260312M001.pdf","353320260312E001.pdf","","","無","查詢"
"3533","嘉澤","115/05/15","09:00","新加坡君悅酒店Grand Hyatt","本公司受邀參加元大證券股份有限公司舉辦之2026年元大台灣科技日論壇Yuanta Taiwan Tech Day，說明本公司之營運概況、財務及業務相關訊息","353320260514M003.pdf","353320260514E003.pdf","",法說會影音連結資訊:未輸 ,"無","查詢"
"3533","嘉澤","115/05/14","16:00","線上法說會","本公司受邀參加大和國泰證券股份有限公司舉辦之線上法說會，說明本公司之營運概況、財務及業務相關訊息。","353320260514M002.pdf","353320260514E002.pdf","",法說會影音連結資訊:https://youtu.be/6VvdvPtnUE8 ,"本法說會以英文進行，報名連結: https://pse.is/923cxl","查詢"
"3543","州巧","115/03/17","14:30","福邦證券7樓 (台北市忠孝西路一段6號7樓)","受邀參加福邦證券舉辦之法人說明會，就本公司已公
開之財務業務資訊做說明。","354320260317M001.pdf","354320260317E001.pdf","https://www.jochu.com/StockServices.html",法說會影音連結資訊:https://youtu.be/t2ot49d_wIs ,"無","查詢"
"3545","敦泰","115/05/08","14:30","線上法說會","受邀參加富邦證券舉辦之線上法人說明會","354520260508M001.pdf","354520260508E001.pdf","https://www.focaltech-electronics.com",中文影音檔網址:3545_156_20260508_ch.mp4 ,"報名請洽富邦法人部: tingju.yeh@fubon.com","查詢"
"3545","敦泰","115/02/26","14:30","線上法說會","受邀參加富邦證券舉辦之線上法人說明會","354520260226M001.pdf","354520260226E001.pdf","https://www.focaltech-electronics.com",中文影音檔網址:3545_155_20260226_ch.mp4 ,"報名請洽富邦法人部: tingju.yeh@fubon.com","查詢"
"3563","牧德","115/03/30","14:30","台北市大安區敦化南路二段97號11樓
(敦南摩天大廈-元富證券11樓教育訓練室）","本公司受邀參加台新證券法人說明會，針對公司營運狀況說明。","356320260330M001.pdf","356320260330E001.pdf","https://www.machvision.com.tw",法說會影音連結資訊:https://youtu.be/QhL46tKmiyk ,"無","查詢"
"3576","聯合再生","115/03/17","14:00","台北市南港區經貿二路168號3樓","說明公司營運狀況及未來展望","357620260316M001.pdf","357620260316E001.pdf","",法說會影音連結資訊:未輸 ,"無","查詢"
"3576","聯合再生","115/05/19","14:00","線上法人說明會","本公司受邀參加元大證券舉辦線上法人說明會","357620260518M002.pdf","357620260518E002.pdf","",中文影音檔網址:3576_49_20260519_ch.mp4 ,"無","查詢"
"3583","辛耘","115/03/18","11:00","台北君悅酒店Grand Hyatt Taipei","本公司受邀參加由美銀證券舉辦的投資論壇，向投資人說明本公司2025年度財務報告資訊.","358320260317M001.pdf","358320260317E001.pdf","https://www.scientech.com.tw/zh-hant/Investor/Shareholder/InvestorConference","","無","查詢"
"3583","辛耘","115/05/12","14:00","台北市敦化北路三段315號3樓","本公司受邀參加玉山證券舉辦之法人說明會，說明2026/Q1財務報告資訊","358320260511M001.pdf","358320260511E001.pdf","https://www.scientech.com.tw/zh-hant/Investor/Shareholder/InvestorConference",法說會影音連結資訊:https://www.scientech.com.tw/zh-hant/Investor/Shareholder/InvestorConference ,"無","查詢"
"3583","辛耘","115/05/19","10:00","香港港麗酒店","本公司受邀參加由Macquarie舉辦之&quot;Macquarie Asia Conference 2026&quot;，說明2026/Q1財務報告資訊","358320260511M001.pdf","358320260511E001.pdf","https://www.scientech.com.tw/zh-hant/Investor/Shareholder/InvestorConference","","無","查詢"
"3591","艾笛森","115/05/14","14:00","線上法人說明會","本公司受邀參加國泰證券所舉辦之法人說明會，說明本公司115年第一季營運成果及近期營運展望","359120260511M001.pdf","359120260511E001.pdf","https://www.edison-opto.com.tw/investor/investor-conference",中文影音檔網址:3591_32_20260514_ch.mp4 ,"無","查詢"
"3591","艾笛森","115/03/06","14:00","線上法人說明會","本公司受邀參加國泰證券所舉辦之法人說明會，說明本公司114年第四季營運成果及近期營運展望","359120260302M001.pdf","359120260302E001.pdf","https://www.edison-opto.com.tw/investor/investor-conference",中文影音檔網址:3591_31_20260306_ch.mp4 ,"無","查詢"
"3592","瑞鼎","115/05/07","14:00","線上法說會","本公司受邀參加元大證券舉辦之線上法人說明會，報告
公司營運現況與未來展望。","359220260507M001.pdf","359220260507E001.pdf","https://www.rad-ic.com/zh-TW/investor/shareholder-services/investor-conference",法說會影音連結資訊:https://www.youtube.com/watch?v=ALgTpB4RumM ,"報名請洽元大證券投資銀行業務部underwriting.brk@yuanta.com","查詢"
"3592","瑞鼎","115/02/26","14:00","線上法說會","本公司受邀參加凱基證券舉辦之線上法人說明會，報告公司營運現況與未來展望。","359220260226M001.pdf","359220260226E001.pdf","https://www.rad-ic.com/zh-TW/investor/shareholder-services/investor-conference",法說會影音連結資訊:https://www.youtube.com/watch?v=6s4pKdEA700 ,"報名請洽凱基證券法人部janice.cheng@kgi.com","查詢"
"3596","智易","115/03/02","14:30","線上機構投資人說明會","本公司受邀參加由富邦證券所舉辦之「智易(3596)2025 Q4線上法人說明會」，說明本公司營運及財務概況。","359620260225M001.pdf","359620260225E001.pdf","https://www.arcadyan.com/zh-hant/",中文影音檔網址:3596_60_20260302_ch.mp4 ,"無","查詢"
"3596","智易","115/03/16 至 115/03/20","09:00","台北君悅酒店(台北市信義區松壽路2號)","本公司受邀參加由美銀證券所舉辦之「2026 Asia Tech Conference」，說明本公司營運及財務概況。","359620260225M001.pdf","359620260225E001.pdf","https://www.arcadyan.com/zh-hant/","","無","查詢"
"3596","智易","115/03/04","14:00","台北君悅酒店(台北市信義區松壽路2號)","本公司受邀參加由統一證券所舉辦之「2026 Q1 春季投資論壇」，說明本公司營運及財務概況。","359620260225M001.pdf","359620260225E001.pdf","https://www.arcadyan.com/zh-hant/","","無","查詢"
"3622","洋華","115/05/12","14:00","線上法說會","2025年營運成果及2026年營運展望","362220260511M001.pdf","362220260511E001.pdf","https://www.yfo.com.tw/shareholders_tw.php?id=7186",法說會影音連結資訊:https://www.yfo.com.tw/_i/assets/upload/files/Cht_E1352512_YoungFast_12May2026.mp3 ,"法說會書面資料請於2026/5/11(一)17:30後至公開資訊觀測站或本公司網站下載","查詢"
"3645","達邁","115/05/13","14:30","元大金融廣場3樓D廳 (台北市大安區仁愛路三段157號3樓)","本公司受邀參加元大證券舉辦之法人說明會","364520260513M001.pdf","364520260513E001.pdf","https://www.taimide.com.tw",法說會影音連結資訊:https://www.taimide.com.tw/zh/partner-953034-2026-prev ,"無","查詢"
"3652","精聯","115/05/25","14:30","線上法說會","受邀參加 凱基證券舉辦之線上法人說明會，報名請洽 凱基證券 鄭小姐，電話：02-2181-8167。E-mail：janice.cheng@kgi.com","365220260525M001.pdf","365220260525E001.pdf","https://www.ute.com/tw/ir/information/legal",中文影音檔網址:3652_6_20260525_ch.mp4 ,"無。","查詢"
"3661","世芯-KY","115/05/08","14:30","線上","說明2026年第一季營運與財務概況與未來展望","366120260508M001.pdf","366120260508E001.pdf","https://www.alchip.com/tw/Investors/financials/seminar",法說會影音連結資訊:https://www.alchip.com/tw/Investors/financials/seminar ,"簡報內容及影音連結將於當日會後公告於公開資訊觀測站","查詢"
"3661","世芯-KY","115/03/06","14:30","線上法說會","說明2025年營運成果暨未來展望","366120260306M001.pdf","366120260306E001.pdf","https://www.alchip.com/tw/Investors/financials/seminar",法說會影音連結資訊:https://www.alchip.com/tw/Investors/financials/seminar (請輸入網址名稱(註)):未輸 ,"簡報內容及影音連結將於當日會後公告於公開資訊觀測站","查詢"
"3661","世芯-KY","115/03/10","10:00","UBS台北辦公室","本公司受邀參加 UBS 1Q26 APAC Tech Tour，說明財務與業務資訊","366120260306M001.pdf","366120260306E001.pdf","https://www.alchip.com/tw/Investors/financials/seminar","","無","查詢"
"3661","世芯-KY","115/03/18","15:00","Grand Hyatt Taipei","本公司受邀參加 BofA Securities 2026 Asia Tech Conference","366120251106M001.pdf","366120251106E001.pdf","https://www.alchip.com/tw/Investors/financials/seminar","","無","查詢"
"3665","貿聯-KY","115/03/13","09:30","台北艾麗酒店","本公司受邀參加中信證券所舉辦之2026年第1季投資論壇，說明營運概況。","366520260306M001.pdf","366520260306E001.pdf","http://www.bizlinktech.com","","無","查詢"
"3665","貿聯-KY","115/03/06","14:30","線上會議","(1)本公司受邀參加摩根士丹利舉辦的2025年第四季財報英語之線上法人說明會。
(2)參加方式：請參見https://morganstanley.webcasts.com/starthere.jsp?ei=1748136&amp;tp_key=e12d4e67a4","366520260306M001.pdf","366520260306E001.pdf","http://www.bizlinktech.com",同步收看網址：:https://morganstanley.webcasts.com/starthere.jsp?ei=1748136&tp_key=e12d4e67a4 法說會影音連結資訊:https://drive.google.com/file/d/1Vl0SMGWuVGId9789aFa5EeNkbQNjMsDA/view ,"無","查詢"
"3665","貿聯-KY","115/02/06","09:00","台北W酒店","本公司受邀參加野村證券所舉辦之投資論壇，說明營運概況。","366520251110M012.pdf","366520251110E012.pdf","http://www.bizlinktech.com","","無","查詢"
"3665","貿聯-KY","115/02/02","15:30","瑞銀證券","本公司受邀參加瑞銀證券所舉辦之投資論壇，說明營運概況。","366520251110M010.pdf","366520251110E010.pdf","http://www.bizlinktech.com","","無","查詢"
"3665","貿聯-KY","115/05/12","14:30","線上會議","(1)本公司受邀參加新加坡商瑞銀舉辦的2026年第一季財報英語之線上法人說明會。(2)參加方式：請參見https://openexc.zoom.us/webinar/register/WN_sQ4oMn7ZS9mdM-36ZKGoAg#/registration","366520260512M001.pdf","366520260512E001.pdf","http://www.bizlinktech.com",同步收看網址：:https://openexc.zoom.us/webinar/register/WN_sQ4oMn7ZS9mdM-36ZKGoAg#/registration 法說會影音連結資訊:https://drive.google.com/file/d/1QPw3CTqDUMqzyFVD1P2TMbXNePx1yr4H/view ,"無","查詢"
"3665","貿聯-KY","115/05/27","15:40","台北君悅酒店","本公司受邀參加國泰證券所舉辦之產業投資論壇，說明營運概況。","366520260512M001.pdf","366520260512E001.pdf","http://www.bizlinktech.com","","無","查詢"
"3665","貿聯-KY","115/05/15","09:00","新加坡君悅酒店","本公司受邀參加元大證券所舉辦之台灣科技日投資論壇，說明營運概況。","366520260512M001.pdf","366520260512E001.pdf","http://www.bizlinktech.com","","無","查詢"
"3665","貿聯-KY","115/06/12","15:40","台北寒舍艾美酒店","本公司受邀參加永豐金證券所舉辦之2026年第2季產業投資論壇，說明營運概況。","366520260512M001.pdf","366520260512E001.pdf","http://www.bizlinktech.com","","無","查詢"
"3665","貿聯-KY","115/06/10","09:30","台北W酒店","本公司受邀參加中信證券所舉辦之2026年第2季投資論壇，說明營運概況。","366520260512M001.pdf","366520260512E001.pdf","http://www.bizlinktech.com","","無","查詢"
"3669","圓展","115/05/12","14:00","台北市大安區復興南路一段209號1樓","本公司受邀參加台新證券舉辦之法人說明會，說明公司營運概況。","366920260512M001.pdf","366920260512E001.pdf","http://tw.aver.com",法說會影音連結資訊:https://tw.aver.com/investor-relations#events-presentations ,"無。","查詢"
"3673","TPK-KY","115/03/10","14:30","線上法說會","TPK舉辦2025年第四季營運結果線上法人說明會","內容檔案於當日會後公告於公開資訊觀測站","內容檔案於當日會後公告於公開資訊觀測站","https://www.tpk.com/ir/",法說會影音連結資訊:未輸 ,"相關資料內容請至本公司網頁查詢 https://www.tpk.com/ir/","查詢"
"3673","TPK-KY","115/03/17","14:30","線上法說會","TPK舉辦2025年第四季營運結果線上法人說明會(改期)","367320260317M001.pdf","367320260317E001.pdf","https://www.tpk.com/ir/",法說會影音連結資訊:https://www.tpk.com/tw/irwebsite_c ,"線上法人說明會改期","查詢"
"3679","新至陞","115/03/25","14:30","線上法說會","本公司受邀參加永豐金證券舉辦之法人說明會","367920260324M001.pdf","367920260324E001.pdf","https://www.nishoku.com.tw/zh-TW/Investor/Catalog?guid=18110215404026",中文影音檔網址:3679_18_20260325_ch.mp4 ,"無","查詢"
"3702","大聯大","115/03/13","14:30","線上法人說明會","本公司受邀參加凱基證券於115年3月13日舉辦之線上法人說明會，說明114年第四季營業報告及115年第一季營運展望。","370220260313M001.pdf","370220260313E001.pdf","https://www.wpgholdings.com/",法說會影音連結資訊:https://youtu.be/07all8TjfiQ ,"無","查詢"
"3702","大聯大","115/05/19","14:30","線上法說會","本公司受邀參加凱基證券於115年05月19日舉辦之線上法人說明會，說明115年第一季營業報告及第二季營運展望。","370220260519M001.pdf","370220260519E001.pdf","https://www.wpgholdings.com/",法說會影音連結資訊:https://youtu.be/OpDnKVsh2o4 ,"無","查詢"
"3703","欣陸","115/03/11","14:30","線上法人說明會請造訪以下網址：http://www.zucast.com/webcast/M2YS1V7s","本公司將於3月11日召開線上法人說明會，會中報告2025年第四季經營成果。","370320260311M001.pdf","370320260311E001.pdf","https://www.continental-holdings.com/zh/investor-relations/shareholder/events-presentations/",中文影音檔網址:3703_38_20260311_ch.mp4 ,"無","查詢"
"3703","欣陸","115/05/12","14:30","線上法人說明會請造訪以下網址：https://www.zucast.com/webcast/yn87j8wR","本公司將於5月12日召開線上法人說明會，會中報告2026年第一季經營成果。","370320260512M001.pdf","370320260512E001.pdf","https://www.continental-holdings.com/zh/investor-relations/shareholder/events-presentations/",中文影音檔網址:3703_39_20260512_ch.mp4 ,"無","查詢"
"3706","神達","115/05/28","14:00","線上法人說明會 - Webex","本公司受邀參加凱基證券舉辦之法人說明會，說明本公司今年第一季季營運成果以及展望。","內容檔案於當日會後公告於公開資訊觀測站","內容檔案於當日會後公告於公開資訊觀測站","https://www.mitac.com/zh-TW/ir_information/index","","無","查詢"
"3708","上緯投控","115/05/12","14:30","台北市內湖區民權東路六段11巷27號1樓(上緯智聯科技)","主要向投資人說明本公司營運概況、財務及業務狀況","370820260512M001.pdf","370820260512E001.pdf","https://www.swancor.com/tw/ir/shareholder/legal",法說會影音連結資訊:https://youtu.be/sbSpAUDiRcE ,"無","查詢"
"3711","日月光投控","115/05/26 至 115/05/27","09:00","香港四季酒店","無。","371120260429M001.pdf","371120260429E001.pdf","https://ir.aseglobal.com/c/ir_events_details.php?id=21638","","簡報檔內容與115年4月29日召開之法人說明會相同。","查詢"
"3711","日月光投控","115/02/05","15:00","台北君悅酒店 (可同步線上收看)","詳 115 年02 月05 日公開資訊觀測站之重大訊息與公告-法說
會專區。","371120260205M001.pdf","371120260205E001.pdf","https://ir.aseglobal.com/c/ir_events_details.php?id=21339",同步收看網址：:https://ir.aseglobal.com/c/ir_events_details.php?id=21339 法說會影音連結資訊:https://www.youtube.com/watch?v=fW9ivPoiuws ,"無。","查詢"
"3711","日月光投控","115/03/12 至 115/03/13","10:00","台北君悅酒店","無。","371120260205M001.pdf","371120260205E001.pdf","https://ir.aseglobal.com/c/ir_events_details.php?id=21459","","簡報檔內容與115年2月5日召開之法人說明會相同。","查詢"
"3711","日月光投控","115/03/03 至 115/03/04","09:15","東京The Prince Park Tower","無。","371120260205M001.pdf","371120260205E001.pdf","https://ir.aseglobal.com/c/ir_events_details.php?id=21458","","簡報檔內容與115年2月5日召開之法人說明會相同。","查詢"
"3711","日月光投控","115/03/17 至 115/03/18","10:00","台北君悅酒店","無。","371120260205M001.pdf","371120260205E001.pdf","https://ir.aseglobal.com/c/ir_events_details.php?id=21460","","簡報檔內容與115年2月5日召開之法人說明會相同。","查詢"
"3711","日月光投控","115/04/29","15:00","線上會議","詳115年04月29日公開資訊觀測站之重大訊息與公告-法說會專區。","371120260429M001.pdf","371120260429E001.pdf","https://ir.aseglobal.com/c/ir_events_details.php?id=21591",法說會影音連結資訊:https://tinyurl.com/2s4whuh4 ,"無。","查詢"
"3714","富采","115/03/06","14:00","線上法說會","本公司2025年第四季財務結果及業務摘要。","371420260306M001.pdf","371420260306E001.pdf","https://www.ennostar.com/financial",同步收看網址：:https://www.ennostar.com/financial 法說會影音連結資訊:https://www.ennostar.com/financial ,"無。","查詢"
"3714","富采","115/05/08","14:00","線上法說會","本公司2026年第一季財務結果及業務摘要。","371420260508M001.pdf","371420260508E001.pdf","https://www.ennostar.com/financial",同步收看網址：:https://www.ennostar.com/financial 法說會影音連結資訊:https://www.ennostar.com/financial ,"無","查詢"
"3715","定穎投控","115/01/14","10:30","泰國
Dynamic Technology Manufacturing (Thailand) Co., Ltd.","本公司受邀參加富邦證券舉辦之海外法人座談會，說明本公司營運狀況，參訪本公司泰國工廠。","371520251115M001.pdf","371520251115E001.pdf","https://www.dynaholding.com/investment/index.html#s2","","無","查詢"
"3715","定穎投控","115/01/13","10:30","泰國
Dynamic Technology Manufacturing (Thailand) Co., Ltd.","本公司受邀參加Morgan Stanley舉辦之海外法人座談會，說明本公司營運狀況，參訪本公司泰國工廠。","371520251115M001.pdf","371520251115E001.pdf","https://www.dynaholding.com/investment/index.html#s2","","無","查詢"
"3715","定穎投控","115/05/07","14:30","Webex線上會議","本公司受邀參加凱基證券舉辦之2026Q1線上法人說明會","371520260511M001.pdf","371520260511E001.pdf","https://www.dynaholding.com/investment/index.html#s2",中文影音檔網址:3715_29_20260507_ch.mp4 ,"會議連結請報名索取: https://reurl.cc/zQQMd0","查詢"
"3715","定穎投控","115/01/08","15:00","台北市中山區明水路700號","本公司受邀參加凱基證券舉辦之法人說明會，說明本公司營運狀況。","371520251115M001.pdf","371520251115E001.pdf","https://www.dynaholding.com/investment/index.html#s2","","無","查詢"
"3715","定穎投控","115/03/13","14:30","Webex線上會議","本公司受邀參加永豐金證券舉辦之線上法人說明會。","371520260314M001.pdf","371520260314E001.pdf","https://www.dynaholding.com/investment/index.html#s2",中文影音檔網址:3715_26_20260313_ch.mp4 ,"會議連結請報名索取：https://reurl.cc/EbAyEn","查詢"
"3715","定穎投控","115/03/19","09:00","台北君悅酒店(臺北市信義區松壽路2號)","本公司受邀參加美銀證券所舉辦之2026 Asia Tech Conference","371520260314M001.pdf","371520260314E001.pdf","https://www.dynaholding.com/investment/index.html#s2","","無","查詢"
"3715","定穎投控","115/04/15","14:30","台北市民生東路四段54號4樓","本公司受邀參加華南永昌證券舉辦之法人座談會，說明本公司營運狀況。","371520260314M001.pdf","371520260314E001.pdf","https://www.dynaholding.com/investment/index.html#s2","","無","查詢"
"3717","聯嘉投控","115/03/20","14:00","台北市信義區松仁路89號2樓","本公司受邀參加國泰綜合證券舉辦之法人說明會，向投資人說明財務成果及本年度營運概況暨業務相關資訊。","371720260320M001.pdf","371720260320E001.pdf","",中文影音檔網址:3717_3_20260320_ch.mp4 ,"相關資訊請參考公開資訊觀測站","查詢"
"4104","佳醫","115/03/26","16:20","線上法人說明會","本公司受統一證券邀請舉辦公開法人說明會","410420260326M001.pdf","410420260326E001.pdf","www.excelsiormedical.com.tw/投資人專區/法說會/",中文影音檔網址:4104_32_20260326_ch.mp4 ,"無","查詢"
"4106","雃博","115/04/08","15:00","線上會議","114年全年營運結果與營運近況說明","410620260408M001.pdf","410620260408E001.pdf","https://tw.wellell.com/zh-tw/investor-area/b382f6306a5d49d18acdfff0d9882ab1?filter-year=108",法說會影音連結資訊:https://www.youtube.com/watch?v=XPj7SFJnn4A&feature=youtu.be ,"無","查詢"
"4137","麗豐-KY","115/04/24","14:00","凱基期貨12樓會議室（台北市重慶南路一段2號12樓）","本公司受邀參加凱基證券舉辦之2026逆齡產業新賽道研討會，說明2025年度第四季之財務、營運成果及公司未來展望。","413720260423M001.pdf","413720260423E001.pdf","http://www.chlitinaholding.com/index.php/home/column/corporation/category_id/6.html",中文影音檔網址:4137_123_20260424_ch.mp4 ,"無","查詢"
"4164","承業醫","115/04/16","14:00","台北市內湖區行愛路88號","公司概況、營運成果、近況更新及未來展望","416420260415M001.pdf","416420260415E001.pdf","https://www.chcg.com/investor-events/",法說會影音連結資訊:https://www.chcg.com/investor-events/ ,"無","查詢"
"4169","泰宗","115/03/09","14:30","台北君悅酒店3F凱悅廳一區（台北市信義區松壽路2號）","(1) 依據「臺灣證券交易所股份有限公司有價證券初次上市前業績發表會實施要點」規定，辦理股票上市前業績發表會。 (2)本次上市前業績發表會將說明產業發展、財務業務狀況、未來風險、公司治理及企業社會責任及臺灣證券交易所股份有限公司董事會暨上市審議委員會要求補充揭露事項等項目。","416920260306M001.pdf","416920260306E001.pdf","https://www.tcmbio.com/tw/news.php","","報名網址 https://2vx.io/XFHNZ2Z","查詢"
"4178","永笙-KY","115/04/09","14:30","台北君悅飯店3樓凱悅廳( 臺北市信義區松壽路2號)","(1)本公司依「臺灣證券交易所股份有限公司有價證券初次上市前業績發表會實施要點」之規定，於上市前辦理股票初次上市前法人說明會。
(2)本次法人說明會將說明產業發展、財務業務狀況、未來風險、公司治理及企業社會責任、臺灣證券交易所股份有限公司上市審議委員會詢問重點暨臺灣證券交易所股份有限公司要求於公開說明書及評估報告補充揭露事項等項目。","417820260408M001.pdf","417820260408E001.pdf","https://stemcytebio.com/investors/investor-conference/","","相關資訊請至公開資訊觀測站之法人說明會一覽表或法說會項目下查閱。","查詢"
"4195","基米-創","115/03/25","14:30","台中銀證券總公司(台北市忠孝東路一段85號5樓)","向合格投資人及法人機構充分揭露本公司之公司營運報告與展望","內容檔案於當日會後公告於公開資訊觀測站","內容檔案於當日會後公告於公開資訊觀測站","","","法人說明會報名之網址：https://5867.api.gosu.bar/customize/20260306wj，","查詢"
"4195","基米-創","115/03/26","14:30","台中永豐棧酒店(台中市西屯區臺灣大道二段689號)","向合格投資人及法人機構充分揭露本公司之公司營運報告與展望","419520260323M001.pdf","419520260323E001.pdf","","","法人說明會報名之網址：https://5867.api.gosu.bar/customize/20260306wj，","查詢"
"4195","基米-創","115/04/15","14:00","台北君悅酒店三樓凱悅廳一區(台北市信義區松壽路二號)","(1)本公司依「有價證券初次上市前業績發表會實施要點規定」，於上市前辦理股票初次上市前業績發表會。 
(2)本次業績發表會將說明產業發展、財務業務狀況、未來風險、公司治理及企業社會責任、臺灣證券交易所股份有限公司董事會暨上市審議委員會要求補充揭露事項等項目。","419520260409M001.pdf","419520260409E001.pdf","","","無","查詢"
"4438","廣越","115/05/12","14:30","凱基證券(股)公司 (台北市中山區明水路700號)","本公司受邀參加KGI凱基證券所舉辦之法人說明會，向投資人說明本公司之營運及財務概況。","443820260512M001.pdf","443820260512E001.pdf","https://www.qve.com.tw/investor/informationJuristic/Default.aspx",法說會影音連結資訊:https://www.youtube.com/watch?v=l-OPKSBqs2Y ,"無","查詢"
"4438","廣越","115/04/15 至 115/04/16","14:00","新加坡Fullerton Hotel (地址: 1 Fullerton Square, Singapore)","本公司受邀參加寬量國際主辦之「19th QIC CEO Week」 ，向投資人說明本公司之營運及財務概況。","443820260414M001.pdf","443820260414E001.pdf","https://www.qve.com.tw/investor/informationJuristic/Default.aspx","","無","查詢"
"4439","冠星-KY","115/05/14","14:30","台北市明水路700號","本公司受邀參加凱基證券舉辦之法人說明會，會中說明本公司115年第1季營運成果及營運展望。","443920260514M001.pdf","443920260514E001.pdf","https://www.tstco.com.hk/Corporate_Briefing_Session.html",法說會影音連結資訊:https://www.tstco.com.hk/Corporate_Briefing_Session.html ,"無","查詢"
"4441","振大環球","115/05/11","14:30","台北市中山區建國北路一段96號13樓(台證大樓13F-台北廳)","本公司受邀參加台新證券舉辦之法人說明會","444120260511M001.pdf","444120260511E001.pdf","https://www.greatg.com.tw/investment.php","","無","查詢"
"4441","振大環球","115/01/12","14:30","台北市樂群三路128號7樓","本公司受邀參加國票證券舉辦之法人說明會","444120260109M001.pdf","444120260109E001.pdf","https://www.greatg.com.tw/investment.php","","報名請洽國票綜合證券 汪先生 Email:a00263@ibfs.com.tw","查詢"
"4441","振大環球","115/01/14","14:30","臺北市松山區敦化南路1段66號6樓603會議室C","本公司受邀參加元大證券舉辦之法人說明會","444120260109M002.pdf","444120260109E002.pdf","https://www.greatg.com.tw/investment.php","","無","查詢"
"4441","振大環球","115/03/03","09:30","台北市中山北路二段39巷3號4樓(台北晶華酒店)","本公司受邀參加元大證券2026年第一季投資論壇","444120260109M002.pdf","444120260109E002.pdf","https://www.greatg.com.tw/investment.php","","無","查詢"
"4441","振大環球","115/02/25","10:00","台北101大樓88樓","本公司受邀參加Morgan Stanley舉辦之「Taiwan Discovery Forum:Spotlight on Taiwan Non-Tech」。","444120260109M002.pdf","444120260109E002.pdf","https://www.greatg.com.tw/investment.php","","無","查詢"
"4441","振大環球","115/02/25","14:30","臺北市中正區忠孝西路一段6號4樓","本公司受邀參加中信證券舉辦之法人說明會","444120260109M002.pdf","444120260109E002.pdf","https://www.greatg.com.tw/investment.php","","無","查詢"
"4441","振大環球","115/03/19","14:30","台北市長安東路一段35號2樓","本公司受邀參加第一金證券舉辦之法人說明會","444120260317M001.pdf","444120260317E001.pdf","https://www.greatg.com.tw/investment.php","","無","查詢"
"4441","振大環球","115/03/17","14:30","台北市大安區忠孝東路四段219號5樓","本公司受邀參加國泰證券舉辦之法人說明會","444120260317M001.pdf","444120260317E001.pdf","https://www.greatg.com.tw/investment.php","","無","查詢"
"4441","振大環球","115/04/14","14:30","台北市松山區東興路8號13樓(1302會議室)","本公司受邀參加統一證券舉辦之法人說明會","444120260317M001.pdf","444120260317E001.pdf","https://www.greatg.com.tw/investment.php","","無","查詢"
"4441","振大環球","115/04/09","14:30","台北市大安區信義路四段236號7樓","本公司受邀參加宏遠證券舉辦之法人說明會","444120260317M001.pdf","444120260317E001.pdf","https://www.greatg.com.tw/investment.php","","無","查詢"
"4536","拓凱","115/03/25","14:25","台北南港展覽館一館5樓500會議室(台北市南港區經貿二路1號)","本公司受邀參加由臺灣證券交易所、臺灣自行車輸出業同業公會、永豐金證券共同舉辦之2026自行車產業投資論壇","453620260324M001.pdf","453620260324E001.pdf","http://www.topkey.com.tw/www/_chinese/04_ir/01_detail_03_conference.php",法說會影音連結資訊:https://webpro.twse.com.tw/WebPortal/vod/101/0BC2B5556544-BF7DDD49-281F-11F1-9D52/?categoryId=189 ,"無","查詢"
"4536","拓凱","115/03/05","14:00","集思北科大會議中心
(台北市大安區忠孝東路三段1號二樓)","本公司受邀參加由凱基證券舉辦之2026Q1投資論壇","453620260304M001.pdf","453620260304E001.pdf","http://www.topkey.com.tw/www/_chinese/04_ir/01_detail_03_conference.php",法說會影音連結資訊:http://www.topkey.com.tw/www/_chinese/04_ir/01_detail_03.php?sid=7 ,"無","查詢"
"4545","銘鈺","115/05/21","14:30","台北市中山區建國北路一段96號13樓","說明營運現況及未來展望","454520260521M001.pdf","454520260521E001.pdf","https://www.mapi.com.tw/zh-Hant/investor/info/conference#anchor-1",法說會影音連結資訊:https://youtu.be/XLX0Xz9f_N0 ,"無","查詢"
"4551","智伸科","115/03/17","11:00","台北君悅酒店","本公司受邀參加Bank of America舉辦之「2026 Asia Tech Conference」，說明本公司營運狀況。","455120260316M001.pdf","455120260316E001.pdf","","","無","查詢"
"4551","智伸科","115/03/11","14:00","康和證券總公司B2大會議室(台北市信義區基隆路一段176號B2)","本公司受邀參加康和證券舉辦之法人說明會，說明本公司營運狀況。","455120260311M001.pdf","455120260311E001.pdf","",中文影音檔網址:4551_98_20260311_ch.mp4 ,"無","查詢"
"4551","智伸科","115/04/15","14:00","集思北科大會議中心(臺北市大安區忠孝東路三段1號2樓~3樓)","本公司受邀參加凱基證券與IR Trust共同舉辦之「2026新高點·新思維投資論壇」，說明本公司營運狀況。","455120260415M001.pdf","455120260415E001.pdf","","","無","查詢"
"4566","時碩工業","115/04/10","14:00","線上法人說明會","本公司受邀參加台新證券舉辦之線上法說會，說明本公司2025年度營運成果。","456620260409M001.pdf","456620260409E001.pdf","https://www.globaltekww.com",法說會影音連結資訊:https://www.youtube.com/watch?v=cv6hvgoyfWI ,"無。","查詢"
"4571","鈞興-KY","115/03/16","14:30","台北市重慶南路一段2號19樓會議室(永豐金證券)","本公司受邀參加永豐金證券舉辦之法人座談會，說明公司營運回顧及業務展望","457120260316M001.pdf","457120260316E001.pdf","http://www.khgears.com/ft/gudong.php?id=25",中文影音檔網址:4571_30_20260316_ch.MP4 ,"無","查詢"
"4571","鈞興-KY","115/05/13","14:30","台北市中山區明水路700號12樓會議室(凱基證券)","本公司受邀參加凱基證券舉辦之法人座談會，說明公司營運回顧及業務展望","457120260513M001.pdf","457120260513E001.pdf","http://www.khgears.com/ft/gudong.php?id=25","","無","查詢"
"4576","大銀微系統","115/05/08","16:00","https://www.zucast.com/webcast/j5Q8kXSV","(1)營運狀況 (2)Q&amp;A","457620260507M001.pdf","457620260507E001.pdf","https://www.hiwinmikro.tw/zh/investor/shareholder",同步收看網址：:https://www.zucast.com/webcast/j5Q8kXSV 法說會影音連結資訊:https://youtu.be/e2tAM-BVYls ,"無","查詢"
"4582","聚恆-創","115/04/28","14:30","台北君悅酒店3樓凱悅廳一區(台北市信義區松壽路2號)","本次業績發表會將由本公司經營團隊說明產業發展、財務業務狀況、未來風險、公司治理及企業社會責任、臺灣證券交易所股份有限公司董事會暨上市審議委員會要求補充揭露事項。","458220260428M001.pdf","458220260428E001.pdf","https://www.hengs.com/investor-meeting.html","","相關資訊請至公開資訊觀測站之法人說明會一覽表或法說會項目下查閱。","查詢"
"4585","達明","115/03/18","10:00","台北君悅酒店","本公司受邀參加美林證券所舉辦之“2026 Asia Tech Conference”投資論壇就本公司目前之營運概況，作回顧及展望說明","458520260317M001.pdf","458520260317E001.pdf","https://www.tm-robot.com","","詳細資料請詳公開資訊觀測站及本公司網站。","查詢"
"4585","達明","115/03/23","14:50","台北市信義區信義路五段7號36樓","本公司受邀參加台灣證券交易所股份有限公司舉辦之法人說明會","458520260317M001.pdf","458520260317E001.pdf","https://www.tm-robot.com/",同步收看網址：:https://www.youtube.com/watch?v=ez9RcOwvSp8&t=5s 法說會影音連結資訊:https://www.youtube.com/watch?v=ez9RcOwvSp8&t=5s ,"詳細資料請詳公開資訊觀測站及本公司網站。","查詢"
"4746","台耀","115/03/13","14:30","凱基證券總部(台北市明水路700號12樓)","受邀參加凱基證券舉辦之法人說明會，說明本公司114年第四季營運概況、財務及業務相關資訊。","474620260313M001.pdf","474620260313E001.pdf","https://www.formosalab.com/tw/activities",中文影音檔網址:4746_57_20260313_ch.mp4 ,"無","查詢"
"4746","台耀","115/05/22","14:30","凱基證券總部(台北市明水路700號12樓)","受邀參加凱基證券舉辦之法人說明會，說明本公司115年第1季營運概況、財務及業務相關資訊。","474620260522M001.pdf","474620260522E001.pdf","https://www.formosalab.com/tw/activities",中文影音檔網址:4746_58_20260522_ch.mp4 ,"無","查詢"
"4766","南寶","115/03/19","14:30","線上法說會","本公司受邀參加由元大證券舉辦之線上法說會，說明本公司114年第4季之營運成果與展望。","476620260319M001.pdf","476620260319E001.pdf","",中文影音檔網址:4766_61_20260319_ch.mp4 ,"無","查詢"
"4766","南寶","115/05/21","14:30","線上法說會","本公司受邀參加由凱基證券舉辦之線上法說會，說明本公司115年第1季之營運成果與展望。","476620260521M001.pdf","476620260521E001.pdf","",中文影音檔網址:4766_63_20260521_ch.mp4 ,"無","查詢"
"4766","南寶","115/04/23 至 115/04/24","14:00","線上法說會","本公司受邀參加由寬量國際舉辦之線上法說會「19th QIC CEO
Week」，說明本公司之營運概況、財務及業務相關資訊。","476620260423M001.pdf","476620260423E001.pdf","","","無","查詢"
"4770","上品","115/03/11","10:00","台北君悅酒店(台北市信義區松壽路2號)","本公司受邀參加J.P.Morgan所舉辦之「Taiwan CEO-CFO Conference 2026」，說明本公司財務及業務相關資訊。","477020260311M001.pdf","477020260311E001.pdf","https://www.alliedsupreme.com/tw/investor/investor-2/investor-9","","無","查詢"
"4770","上品","115/03/12","13:30","台北遠東香格里拉飯店B1會議室","本公司受邀參加國泰證券所舉辦之投資論壇，說明本公司財務及業務相關資訊。","477020260312M001.pdf","477020260312E001.pdf","https://www.alliedsupreme.com/tw/investor/investor-2/investor-9","","無","查詢"
"4770","上品","115/01/13","14:30","線上法說會","本公司受邀參加元大證券舉辦之線上法人說明會進行營運概況說明，說明本公司財務及業務相關資訊。","477020260113M001.pdf","477020260113E001.pdf","https://www.alliedsupreme.com/tw/investor/investor-2/investor-9","","無","查詢"
"4771","望隼","115/03/16","14:00","凱基證券大直大樓(台北市中山區明水路700號)","本公司受邀參加凱基證券舉辦之法人說明會，說明公司營運概況。","477120260316M001.pdf","477120260316E001.pdf","https://www.vizionfocus.com/investor-shareholders4_page.html",中文影音檔網址:4771_15_20260316_ch.mp4 ,"相關資訊請至公開資訊觀測站之法人說明會一覽表或法說會項目下查閱","查詢"
"4771","望隼","115/05/18","14:30","凱基證券大直大樓(台北市中山區明水路700號)","本公司受邀參加凱基證券舉辦之法人說明會，說明公司營運概況。","477120260518M001.pdf","477120260518E001.pdf","",中文影音檔網址:4771_16_20260518_ch.mp4 ,"相關資訊請至公開資訊觀測站之法人說明會一覽表或法說會項目下查閱","查詢"
"4807","日成-KY","115/04/28","14:30","台北市大安區敦化南路二段97號11樓","本公司受邀參加台新證券舉辦法人說明會，說明本公司2025年經營成效，2026年營運狀況及未來展望。","480720260428M001.pdf","480720260428E001.pdf","",法說會影音連結資訊:http://www.regaljewelrygroup.com/TW/NewsGallery/ugC_NewsGallery_Detail.asp?hidNewsGalleryID=59 ,"相關資訊及法說會檔案依規定亦揭露於公開資訊觀測站歡迎投資人參閱。","查詢"
"4904","遠傳","115/02/26","16:00","本公司","說明本公司114年度第4季營運與財務概況","490420260226M001.pdf","490420260226E001.pdf","https://corporate.fetnet.net",同步收看網址：:http://www.zucast.com/webcast/mTlVIeNa 法說會影音連結資訊:http://www.zucast.com/webcast/mTlVIeNa ,"無","查詢"
"4904","遠傳","115/03/11","10:00","台北君悅酒店","說明本公司114年度第4季營運與財務概況","490420260226M001.pdf","490420260226E001.pdf","https://corporate.fetnet.net","","無","查詢"
"4904","遠傳","115/03/19","14:00","台北市內湖區瑞光路468號會議室","說明本公司114年度第4季營運與財務概況","490420260226M001.pdf","490420260226E001.pdf","https://corporate.fetnet.net","","無","查詢"
"4904","遠傳","115/05/07","16:00","本公司","說明本公司115年度第1季營運與財務概況","490420260507M001.pdf","490420260507E001.pdf","https://corporate.fetnet.net",同步收看網址：:http://www.zucast.com/webcast/qQK0OWfQ 法說會影音連結資訊:http://www.zucast.com/webcast/qQK0OWfQ ,"無","查詢"
"4906","正文","115/05/29","11:15","台北君悅酒店（台北市信義區松壽路2號）","本公司受邀參加統一證券辦理之2026年第二季投資論壇","內容檔案於會前非交易時間公告於公開資訊觀測站","內容檔案於會前非交易時間公告於公開資訊觀測站","https://www.gemteks.com/ir/seminar",法說會影音連結資訊:未輸 ,"無","查詢"
"4912","聯德控股-KY","115/03/30","15:40","證券交易所一樓資訊展示中心(台北市信義區信義路五段7號)","本公司受邀參加台灣證券交易所股份有限公司舉辦之法人說明會","491220260330M001.pdf","491220260330E001.pdf","https://www.lemtech.com/",法說會影音連結資訊:未輸 ,"無","查詢"
"4915","致伸","115/03/19","10:00","台北君悅酒店","本公司受邀參加美銀證券所舉辦之 2026 Asia Tech Conference，說明營運成果及未來展望","491520260226M001.pdf","491520260226E001.pdf","https://www.primax.com.tw/investors/ir-activity/investor-meetings","","無","查詢"
"4915","致伸","115/02/26","14:30","台北市松山區東興路8號","本公司受邀參加統一證券所舉辦之2025年第四季法人說明會，說明營運成果及未來展望","491520260226M001.pdf","491520260226E001.pdf","https://www.primax.com.tw/investors/ir-activity/investor-meetings",法說會影音連結資訊:https://www.primax.com.tw/investors/ir-activity/investor-meetings ,"無","查詢"
"4915","致伸","115/05/07","14:30","國票金控大樓 (台北市樂群三路128號7樓)","本公司受邀參加國票證券所舉辦之2026年第一季法人說明會，說明營運成果及未來展望","491520260507M001.pdf","491520260507E001.pdf","https://www.primax.com.tw/investors/ir-activity/investor-meetings","","無","查詢"
"4916","事欣科","115/04/15","14:30","線上法人說明會","本公司受邀參加統一證券國際法人部邀請舉辦線上法人說明會，說明本公司之產業及營運狀況","491620260415M001.pdf","491620260415E001.pdf","",中文影音檔網址:4916_14_20260415_ch.mp4 ,"無","查詢"
"4919","新唐","115/02/12","13:30","線上法說會","本公司舉行114年第四季法人說明會，將於會中就公司114年第四季財務數字與營運概況做說明","491920260212M001.pdf","491920260212E001.pdf","https://www.nuvoton.com/about-nuvoton/investors/investor-conference/investor-conference-detail/",同步收看網址：:https://wms.gridow.com/ir/nuvoton/nuvoton_25Q4.html 法說會影音連結資訊:https://wms.gridow.com/ir/nuvoton/nuvoton_25Q4.html ,"無","查詢"
"4919","新唐","115/05/05","13:30","線上法說會","本公司舉行115年第一季法人說明會，將於會中就公司115年第一季財務數字與營運概況做說明","491920260505M001.pdf","491920260505E001.pdf","https://www.nuvoton.com/about-nuvoton/investors/investor-conference/investor-conference-detail/",同步收看網址：:https://wms.gridow.com/ir/nuvoton/nuvoton_26Q1.html 法說會影音連結資訊:https://wms.gridow.com/ir/nuvoton/nuvoton_26Q1.html ,"無","查詢"
"4927","泰鼎-KY","115/04/30","15:30","台北市松山區南京東路五段188號","本公司受邀參加國票綜合證券舉辦之法人說明會，說明本公司114年第4季營運概況。","492720260430M001.pdf","492720260430E001.pdf","https://www.apex-intl.com.tw/investor/financial/investor-conference","","無","查詢"
"4930","燦星網","115/03/19","14:00","線上法說會","本公司受邀參加元大證券舉辦之線上說明會，說明本公司財務及營運展望。","493020260319M001.pptx","493020260319E001.pptx","https://www.starcomgistic.com/Web/Investors/SM_Vue.aspx",中文影音檔網址:4930_17_20260319_ch.mp4 ,"無","查詢"
"4930","燦星網","115/05/15","15:00","線上法說會","本公司受邀參加元大證券舉辦之線上說明會，說明本公司財務及營運展望。","493020260514M001.pdf","493020260514E001.pdf","https://www.starcomgistic.com/Web/Investors/SM_Vue.aspx",法說會影音連結資訊:未輸 ,"無","查詢"
"4935","茂林-KY","115/05/11","14:30","臺灣證券交易所1樓資訊展&#12144;中&#12092;(台北市信義路五段7號)","115年第&#12032;季法&#12040;說明會","493520260508M001.pdf","493520260508E001.pdf","https://www.glthome.com.tw/",同步收看網址：:https://webpro.twse.com.tw/WebPortal/ 法說會影音連結資訊:https://webpro.twse.com.tw/WebPortal/vod/101/?categoryId=101 ,"無","查詢"
"4938","和碩","115/03/25","16:30","電話會議","本公司受邀參加Bank of America Merrill Lynch舉辦之線上座談會，說明本公司營運概況。","493820260311M001.pdf","493820260311E001.pdf","https://www.pegatroncorp.com/","","無","查詢"
"4938","和碩","115/03/11","14:00","電話會議","本公司應富邦證券之邀參加電話會議說明本公司4Q25營運概況","493820260311M001.pdf","493820260311E001.pdf","https://www.pegatroncorp.com/",中文影音檔網址:4938_127_20260311_ch.mp4 ,"本公司將於法人說明會當日公布營運說明會資料於公開資訊觀測站及公司網站","查詢"
"4949","有成精密","115/05/21","14:00","台北市忠孝西路一段6號14樓(福邦證券14樓)","本公司受邀福邦證券舉辦法人說明會","494920260521M001.pdf","494920260521E001.pdf","https://wwpt.com.tw/company-explanation-meeting/",中文影音檔網址:4949_6_20260521_ch.MP4 ,"無","查詢"
"4958","臻鼎-KY","115/01/14","15:00","泰國巴真府","本公司受邀參加富邦證券舉辦之海外法人座談會，
說明PCB產業展望、公司營運績效相關資訊。","495820260112M001.pdf","495820260112E001.pdf","https://www.zdtco.com/tw/investor/events","","無","查詢"
"4958","臻鼎-KY","115/03/18 至 115/03/19","09:00","台北君悅酒店(地址：台北市信義區松壽路2號)","本公司受邀參加美銀證券舉辦之 2026 Asia Tech Conference，說明PCB產業展望、公司營運績效相關資訊。","495820260312M002.pdf","495820260312E002.pdf","https://www.zdtco.com/tw/investor/events","","115/03/18(09:00~12:00), 115/03/19(09:00~17:00)。","查詢"
"4958","臻鼎-KY","115/03/17","15:00","台北茹曦酒店(地址:台北市松山區敦化北路100號)","本公司受邀參加群益證券舉辦之1Q26投資論壇，說明PCB產業展望、公司營運績效相關資訊。","495820260312M003.pdf","495820260312E003.pdf","https://www.zdtco.com/tw/investor/events","","無","查詢"
"4958","臻鼎-KY","115/03/12","15:00","報名連結:https://www.zdtco.com/tw/investor/events","(1)2025年第4季暨全年營運概況說明
(2)Key Messages
(3)提問時間","495820260312M001.pdf","495820260312E001.pdf","https://www.zdtco.com/tw/investor/events",法說會影音連結資訊:https://youtu.be/WzSAtdA78Gk ,"請預先完成線上報名，會議以中文進行，也歡迎英文提問","查詢"
"4958","臻鼎-KY","115/03/13","10:00","台北晶華酒店(地址:台北市中山區中山北路二段39巷3號4樓)","本公司受邀參加華南永昌證券舉辦之2026春季論壇，說明PCB產業展望、公司營運績效相關資訊。","495820260312M003.pdf","495820260312E003.pdf","https://www.zdtco.com/tw/investor/events","","無","查詢"
"4958","臻鼎-KY","115/03/13","15:15","台北艾麗酒店(地址:台北市信義區松高路18號5樓)","本公司受邀參加中信證券舉辦之2026第一季前瞻論壇，說明PCB產業展望、公司營運績效相關資訊。","495820260312M002.pdf","495820260312E002.pdf","https://www.zdtco.com/tw/investor/events","","無","查詢"
"4958","臻鼎-KY","115/04/14 至 115/04/15","14:00","新加坡 Fullerton Hotel (地址: 1 Fullerton Square, Singapore 049178)","本公司受邀參加寬量國際主辦之「19th QIC CEO Week」，
說明PCB產業展望、公司營運績效相關資訊。","495820260410M001.pdf","495820260410E001.pdf","https://www.zdtco.com/tw/investor/events","","115/04/14(14:00~17:20)，115/04/15(9:00~12:20)","查詢"
"4958","臻鼎-KY","115/05/27","09:30","台北君悅酒店(地址：台北市信義區松壽路2號)","本公司受邀參加國泰證券舉辦之2026第二季產業論壇，說明PCB產業展望、公司營運績效相關資訊。","495820260525M001.pdf","495820260525E001.pdf","https://www.zdtco.com/tw/investor/events","","無","查詢"
"4958","臻鼎-KY","115/05/27","13:00","台北君悅酒店(地址：台北市信義區松壽路2號)","本公司受邀參加美銀證券舉辦之Pre-COMPUTEX Taiwan Tech Day，說明PCB產業展望、公司營運績效相關資訊。","495820260525M001.pdf","495820260525E001.pdf","https://www.zdtco.com/tw/investor/events","","無","查詢"
"4958","臻鼎-KY","115/05/28","09:30","台北文華東方酒店(地址：台北市松山區敦化北路158號)","本公司受邀參加Morgan Stanley舉辦之Asia AI Summit，說明PCB產業展望、公司營運績效相關資訊。","495820260525M001.pdf","495820260525E001.pdf","https://www.zdtco.com/tw/investor/events","","無","查詢"
"4960","誠美材","115/03/03","14:30","台北市忠孝東路二段95號13樓(兆豐證券1301會議室)","本公司受邀參加兆豐證券舉辦之法人說明會，會中將說明本公司營運成果及未來展望。","496020260303M001.pdf","496020260303E001.pdf","https://www.cmmt.com.tw/",法說會影音連結資訊:https://www.cmmt.com.tw/news_view.php?lang=zh&pid=77 ,"報名網址: https://forms.gle/9nVcg344cDJNjGmy8","查詢"
"4961","天鈺","115/03/05","09:00","北科大集思會議中心","本公司115/03/05受邀參加凱基證券舉辦之「第一季投資論壇」，會中就本公司2/25法說會已公開之財務數字、經營績效等相關資訊進行說明。","496120260225M001.pdf","496120260225E001.pdf","https://www.fitipower.com/investor/quarterly-reports","","無","查詢"
"4961","天鈺","115/05/11","14:00","線上法說會","(1)公布本公司2026年第1季合併財務報表。(2)參加方式：請至https://www.fitipower.com/investor/events 報名。(報名後提供會議連結資訊)","496120260511M002.pdf","496120260511E002.pdf","https://www.fitipower.com/investor/quarterly-reports",法說會影音連結資訊:https://www.fitipower.com/investor/quarterly-reports 英文影音連結網址:https://www.fitipower.com/en/investor/quarterly-reports ,"無","查詢"
"4961","天鈺","115/03/09 至 115/03/10","09:00","台北遠東香格里拉飯店","本公司115/3/9受邀參加Citi Securities舉辦之「Citi&#039;s 2026 Taiwan Corporate Day」，會中就本公司2/25法說會已公開之財務數字、經營績效等相關資訊進行說明。","496120260225M001.pdf","496120260225E001.pdf","https://www.fitipower.com/investor/quarterly-reports","","無","查詢"
"4961","天鈺","115/02/25","14:00","線上法說會","(1)公布本公司2025年第4季合併財務報表。(2)參加方式：請至https://www.fitipower.com/investor/events 報名。(報名後提供會議連結資訊)","496120260225M001.pdf","496120260225E001.pdf","https://www.fitipower.com/investor/quarterly-reports",法說會影音連結資訊:https://www.fitipower.com/investor/quarterly-reports 英文:https://www.fitipower.com/en/investor/events ,"無","查詢"
"4961","天鈺","115/03/18 至 115/03/20","09:00","台北君悅酒店","本公司115/3/18-115/3/20受邀參加BOFA Securities舉辦之「2026 Asia Tech Conference」，會中就本公司2/25法說會已公開之財務數字、經營績效等相關資訊進行說明。","496120260225M001.pdf","496120260225E001.pdf","https://www.fitipower.com/investor/quarterly-reports","","無","查詢"
"4967","十銓","115/04/28","15:00","台北市重慶南路一段2號22樓","受邀參加永豐金證券舉辦之法說會，說明本公司之營運概況。","496720260428M001.pdf","496720260428E001.pdf","https://www.teamgroupinc.com/tw/investors/meeting/",中文影音檔網址:4967_12_20260428_ch.MP4 ,"會議報名連結：https://reurl.cc/YDY3vO","查詢"
"4968","立積","115/03/06","15:30","網路直播","立積電子(4968) 2025年第四季線上法人說明會","496820260306M001.pdf","496820260306E001.pdf","https://www.richwave.com.tw/zh/invest_sharholder_conference.aspx",同步收看網址：:https://www.zucast.com/webcast/tsxyNJpt 法說會影音連結資訊:https://www.zucast.com/webcast/tsxyNJpt ,"無。","查詢"
"4968","立積","115/03/19","09:00","台北君悅飯店","本公司115年3月19日受邀參加美林證券於台北舉辦之2026 Asia Tech Conference","496820260306M001.pdf","496820260306E001.pdf","https://www.richwave.com.tw/zh/invest_sharholder_conference.aspx","","無。","查詢"
"4968","立積","115/05/04","15:30","網路直播","立積電子(4968) 2026年第一季線上法人說明會","496820260504M001.pdf","496820260504E001.pdf","https://www.richwave.com.tw/zh/invest_sharholder_conference.aspx",同步收看網址：:https://www.zucast.com/webcast/hsyY7hiJ 法說會影音連結資訊:https://www.zucast.com/webcast/hsyY7hiJ ,"無。","查詢"
"5203","訊連","115/02/25","14:30","線上法說會","訊連科技(5203)宣佈將於2月25日
舉行線上法人說明會，屆時將於會中報告114年第四季度經營成果及未來業務展望，
敬邀各界蒞臨參加，詳細活動流程如下：
                                                              
時間	          活動流程
2:30PM ~ 3:15PM	  說明會簡報
3:15PM ~ 3:30PM	  Q &amp; A

本次法人說明會將使用整合線上簡報、螢幕分享、支援強大直播及預錄功能的「U簡報」
進行同步直播。投資人可透過電腦、平板及手機參與「U簡報」，PC使用者可使用Chrome
瀏覽器開啟下列連結參與本場直播；手機或平板使用者請先下載並安裝「U」App
即可加入該直播。

線上直播網址: https://u.cyberlink.com/web/register/1527762964705183326","520320260225M001.pdf","520320260225E001.pdf","https://tw.cyberlink.com/prog/company/ir-index.do",同步收看網址：:https://u.cyberlink.com/web/register/1527762964705183326 法說會影音連結資訊:https://youtu.be/_WlRiQKFPXw ,"無","查詢"
"5203","訊連","115/04/29","14:30","線上法說會","訊連科技(5203)宣佈將於4月29日
舉行線上法人說明會，屆時將於會中報告115年第一季度經營成果，敬邀各界蒞臨參加，
詳細活動流程如下：
                                                              
時間	          活動流程
2:30PM ~ 3:15PM	  說明會簡報
3:15PM ~ 3:30PM	  Q &amp; A

本次法人說明會將使用整合線上簡報、螢幕分享、支援強大直播及預錄功能的「U簡報」
進行同步直播。投資人可透過電腦、平板及手機參與「U簡報」，PC使用者可使用Chrome
瀏覽器開啟下列連結參與本場直播；手機或平板使用者請先下載並安裝「U」App
即可加入該直播。

線上直播網址: https://u.cyberlink.com/web/register/1527763467698701924","520320260429M001.pdf","520320260429E001.pdf","https://tw.cyberlink.com/prog/company/ir-index.do",同步收看網址：:https://u.cyberlink.com/web/register/1527763467698701924 法說會影音連結資訊:https://www.youtube.com/watch?v=rnEj1YbvZgk ,"無","查詢"
"5222","全訊","115/04/17","14:10","亞果黃金會所(臺南市安平區新港路二段585號)","本公司受邀群益證券舉辦之法人說明會，會中說明本公司簡介與營運現況。","522220260408M001.pdf","522220260408E001.pdf","https://www.transcominc.com.tw/Chinese/investorRelations2.php?arg=DMV4yhMvitEhTins4g","","無。","查詢"
"5222","全訊","115/04/08","14:50","臺灣證券交易所(101大樓)1樓資訊展示中心(台北市信義區信義路五段7號)","本公司受邀永豐金證券舉辦之法人說明會，會中說明本公司簡介與營運現況。","522220260408M001.pdf","522220260408E001.pdf","https://www.transcominc.com.tw/Chinese/investorRelations2.php?arg=DMV4yhMvitEhTins4g",法說會影音連結資訊:https://webpro.twse.com.tw/WebPortal/vod/101/CFEE97D2110A-A4B5893C-331B-11F1-9705/?categoryId=193 ,"無。","查詢"
"5234","達興材料","115/02/26","14:30","臺灣證券交易所資訊展示中心(台北市信義路5段7號1樓)","說明公司營運概況及展望","523420260225M001.pdf","523420260225E001.pdf","https://www.daxinmat.com/?sn=1053&amp;lang=zh-TW",法說會影音連結資訊:https://webpro.twse.com.tw/WebPortal/vod/101/FFC207F1663B-71E108BD-12E5-11F1-8390/?categoryId=101 ,"14:00報到，14:30會議開始","查詢"
"5244","弘凱","115/03/25","14:30","台證大樓B1F-福爾摩沙廳(台北市中山區建國北路一段96號B1樓)","本公司受邀參加台新證券舉辦之法人說明會，會中將說明公司營運成果及未來展望。","524420260325M001.pdf","524420260325E001.pdf","https://www.brightek.com/TW/investor/performance/lists2.html#crumb",法說會影音連結資訊:https://www.youtube.com/watch?v=akkCZgTXHdo ,"報名網址:https://reurl.cc/6GaObZ","查詢"
"5258","虹堡","115/03/12","14:30","台證大樓B1F【福爾摩沙廳】(台北市中山區建國北路一段96號B1F)","本公司受邀參加台新證券舉辦之法人說明會，說明本公司近期營運成果與未來展望。","525820260312M001.pdf","525820260312E001.pdf","https://reurl.cc/NQj6ZQ",法說會影音連結資訊:未輸 ,"無","查詢"
"5269","祥碩","115/05/12","14:00","線上法說會","本公司營運概況之相關資訊說明","526920260512M001.pdf","526920260512E001.pdf","https://www.asmedia.com.tw",中文影音檔網址:5269_28_20260512_ch.mp3 ,"無。","查詢"
"5283","禾聯碩","115/04/23","14:00","凱基證券12F-A廳(台北市中山區明水路700號12樓)","公告本公司受邀參加凱基證券舉辦之法人說明會，進行公司簡介及營運狀況說明。","528320260423M001.pdf","528320260423E001.pdf","https://www.heran.com.tw/sample-page/",中文影音檔網址:5283_8_20260423_ch.mp4 ,"無","查詢"
"5284","jpp-KY","115/05/29","10:00","台北君悅酒店","受邀參加統一證券舉辦之2026Q2全球展望夏季投資論壇","528420260522M001.pdf","528420260522E001.pdf","https://www.jppholding.com/conferencepresentation","","無","查詢"
"5284","jpp-KY","115/05/22","10:00","晶華酒店","受邀參加華南證券舉辦之2026年夏季產業趨勢暨企業論壇","528420260522M001.pdf","528420260522E001.pdf","https://www.jppholding.com/conferencepresentation",中文影音檔網址:5284_55_20260522_ch.mp4 ,"無","查詢"
"5285","界霖","115/05/21","14:30","線上法說會","本公司受邀參加宏遠證券舉辦線上法人說明會，說明
本公司營運概況等相關資訊。","528520260518M002.pdf","528520260518E002.pdf","https://www.jihlin.com.tw/news_list?tid=7&amp;page=1",中文影音檔網址:5285_19_20260521_ch.mp4 ,"無","查詢"
"5288","豐祥-KY","115/03/31","14:30","國際大樓 大溪地會議室
（台北市大安區敦化南路二段218號5樓）","本公司受邀參加國泰證券舉辦之法人說明會","528820260331M001.pdf","528820260331E001.pdf","https://www.eurocharm.com.tw/investors/investor-conference/","","無","查詢"
"5306","桂盟","115/03/25","15:15","南港展覽館1館500會議室","本公司受邀參加由臺灣證券交易所、臺灣自行車輸出業同業公會、永豐金證券共同舉辦2026自行車產業投資論壇活動","530620260312M002.pdf","530620260312E002.pdf","http://www.kmc-international.com/",法說會影音連結資訊:https://webpro.twse.com.tw/WebPortal/vod/101/?categoryId=171 ,"無","查詢"
"5306","桂盟","115/03/13","14:00","線上會議","本公司受邀參加凱基證券舉辦投資人線上會議","530620260312M002.pdf","530620260312E002.pdf","http://www.kmc-international.com/","","無","查詢"
"5306","桂盟","115/02/25","09:00","台北101大樓SPACE88會議廳","本公司受邀參加Morgan Stanley Taiwan Discovery Forum: Spotlight on Taiwan Non-Tech 2026活動","530620260224M001.pdf","530620260224E001.pdf","http://www.kmc-international.com/","","無","查詢"
"5388","中磊","115/02/02","10:30","台北市信義區松仁路7號5F","本公司受邀參加UBS證券舉辦之法人說明會","538820260128M001.pdf","538820260128E001.pdf","http://www.sercomm.com","","無","查詢"
"5388","中磊","115/03/10","14:30","台北遠東香格里拉/2F香格里拉宴會廳(台北市敦化南路二段201號)","公佈本公司2025年第四季營運成果及市場展望","538820260312M001.pdf","538820260312E001.pdf","http://www.sercomm.com",中文影音檔網址:5388_130_20260310_ch.MP4 ,"無","查詢"
"5388","中磊","115/03/17","08:30","Grand Hyatt Hong Kong","本公司受邀參加Jefferies舉辦之Jefferies Asia Forum","538820260312M003.pdf","538820260312E003.pdf","http://www.sercomm.com","","無。","查詢"
"5388","中磊","115/03/19","09:00","台北君悅酒店","本公司受邀參加美銀證券舉辦之2026 Asia Tech Conference投資論壇","538820260312M002.pdf","538820260312E002.pdf","http://www.sercomm.com","","無。","查詢"
"5434","崇越","115/05/21","14:30","福邦證券總公司(台北市忠孝西路一段6號7樓)","受邀參加福邦證券舉辦之法人說明會，就本公司已公開之財務業務資訊作說明。","543420260521M001.pdf","543420260521E001.pdf","https://www.topco-global.com/investor-conference/","","無","查詢"
"5434","崇越","115/04/01","14:30","福邦證券總公司(台北市忠孝西路一段6號7樓)","受邀參加福邦證券舉辦之法人說明會，就本公司已公開之財務業務資訊作說明。","543420260401M001.pdf","543420260401E001.pdf","https://www.topco-global.com/investor-conference/",中文影音檔網址:5434_26_20260401_ch.MP4 ,"無","查詢"
"5471","松翰","115/03/12","15:30","宏遠證券(台北市信義路四段236號7樓)","本公司受邀參加宏遠證券舉辦之法人座談會，報告本公司營運狀況。","547120260311M001.pdf","547120260311E001.pdf","https://www.sonix.com.tw/article-tw-181-6645",中文影音檔網址:5471_87_20260312_ch.mp4 ,"無","查詢"
"5515","建國","115/05/20","14:00","線上法說會","公司簡介及營運成果","551520260519M001.pdf","551520260519E001.pdf","http://www.ckgroup.com.tw/about/news",中文影音檔網址:5515_16_20260520_ch.mp4 ,"法說會報名網址: https://reurl.cc/ovqmLl","查詢"
"5519","隆大","115/03/25","14:00","高雄市前鎮區民權二路380號19樓之1會議室","公司簡介及營運狀況說明","551920260325M001.pdf","551920260325E001.pdf","https://www.longda.com.tw/ir-list.php?id=690",:未輸 法說會影音連結資訊:https://youtu.be/rmK8j-EGEcA ,"無","查詢"
"5522","遠雄","115/03/11","14:00","台北市大安區仁愛路四段169號15樓","本公司受邀參加富邦證券舉辦之法說會","552220260310M001.pdf","552220260310E001.pdf","https://www.farglory-land.com.tw/investors/#Shareholders-Meeting",中文影音檔網址:5522_80_20260311_ch.mp4 ,"無","查詢"
"5608","四維航","115/03/20","14:00","本次為線上會議。","(1)本公司財務及營運狀況說明。
(2)活動諮詢:永豐金證券 鄒小姐 電話:02-23828166 Email:joyce.tsou@sinopac.com","560820260320M001.pdf","560820260320E001.pdf","https://www.swnav.com.tw/investors/law-meeting",法說會影音連結資訊:https://youtu.be/qMKIUk_WpAM ,"無。","查詢"
"5871","中租-KY","115/01/05 至 115/01/06","17:00","新加坡","報告公司財務業務狀況及經營績效","587120251111M002.pdf","587120251111E002.pdf","https://www.chaileaseholding.com/en/InvestorRelations/InvestorArea#secondTab","","無","查詢"
"5871","中租-KY","115/03/09","14:30","台北","報告公司財務業務狀況及經營績效","587120260309M002.pdf","587120260309E002.pdf","https://www.chaileaseholding.com/en/InvestorRelations/InvestorArea#secondTab",同步收看網址：:https://www.zucast.com/webcast/BxFSV0LZ 法說會影音連結資訊:https://www.zucast.com/webcast/BxFSV0LZ ,"無","查詢"
"5871","中租-KY","115/03/09","17:30","線上","報告公司財務業務狀況及經營績效","587120260309M001.pdf","587120260309E001.pdf","https://www.chaileaseholding.com/en/InvestorRelations/InvestorArea#secondTab",同步收看網址：:https://www.zucast.com/webcast/I4meREYu 法說會影音連結資訊:https://www.zucast.com/webcast/I4meREYu ,"無","查詢"
"5871","中租-KY","115/05/12","14:30","台北","報告公司財務業務狀況及經營績效","587120260512M001.pdf","587120260512E001.pdf","https://www.chaileaseholding.com/en/InvestorRelations/InvestorArea#secondTab",同步收看網址：:https://www.zucast.com/webcast/JzEXCut7 法說會影音連結資訊:https://www.zucast.com/webcast/JzEXCut7 ,"無","查詢"
"5871","中租-KY","115/05/12","17:30","線上","報告公司財務業務狀況及經營績效","587120260512M002.pdf","587120260512E002.pdf","https://www.chaileaseholding.com/en/InvestorRelations/InvestorArea#secondTab",同步收看網址：:https://www.zucast.com/webcast/JhTnZykP 法說會影音連結資訊:https://www.zucast.com/webcast/JhTnZykP ,"無","查詢"
"5871","中租-KY","115/03/10","10:00","台北","報告公司財務業務狀況及經營績效","587120260309M001.pdf","587120260309E001.pdf","https://www.chaileaseholding.com/en/InvestorRelations/InvestorArea#secondTab","","無","查詢"
"5871","中租-KY","115/03/17 至 115/03/18","14:00","台北","報告公司財務業務狀況及經營績效","587120260309M001.pdf","587120260309E001.pdf","https://www.chaileaseholding.com/en/InvestorRelations/InvestorArea#secondTab","","無","查詢"
"5871","中租-KY","115/03/12","09:00","台北","報告公司財務業務狀況及經營績效","587120260309M001.pdf","587120260309E001.pdf","https://www.chaileaseholding.com/en/InvestorRelations/InvestorArea#secondTab","","無","查詢"
"5876","上海商銀","115/05/18","14:30","線上法說會","本公司受邀參加華南永昌證券舉辦之線上法人說明會，說
明2026年第一季營運概況。","587620260515M001.pdf","587620260515E001.pdf","https://www.scsb.com.tw/content/about/about13.html",法說會影音連結資訊:https://youtu.be/x9ym992okoA ,"報名請洽華南永昌證券吳小姐(02)2545-6888分機8733， Email：10050@entrust.com.tw","查詢"
"5880","合庫金","115/03/19","14:30","網路，連結網址詳如本公司投資人關係專區項下活動訊息。","公佈本公司2025年第4季營運及財務概況","588020260319M001.pdf","588020260319E001.pdf","https://www.tcfhc.com.tw/investors-relations/event/2025",中文影音檔網址:5880_34_20260319_ch.mp3 ,"無","查詢"
"5880","合庫金","115/05/26","14:30","網路，連結網址詳如本公司投資人關係專區項下活動訊息。","公佈本公司2026年第1季營運及財務概況","內容檔案於當日會後公告於公開資訊觀測站","內容檔案於當日會後公告於公開資訊觀測站","https://www.tcfhc.com.tw/investors-relations/event/2026year",法說會影音連結資訊:未輸 ,"無","查詢"
"6005","群益證","115/03/30","14:00","線上法人說明會","本公司114年第四季財務業務相關資訊說明","600520260330M001.pdf","600520260330E001.pdf","https://www.capital.com.tw/web/#/about/shareholders-meeting",中文影音檔網址:6005_41_20260330_ch.mp4 ,"欲參加者請洽侯小姐(02)8789-8888 分機7058","查詢"
"6005","群益證","115/05/25","14:00","線上法人說明會","本公司115年第一季財務業務相關資訊說明","600520260525M001.pdf","600520260525E001.pdf","https://www.capital.com.tw/web/#/about/shareholders-meeting",中文影音檔網址:6005_42_20260525_ch.mp4 ,"欲參加者請洽侯小姐(02)8789-8888 分機7058","查詢"
"6112","邁達特","115/03/12","14:00","線上法人說明會","本公司114年第四季財務結果及業務摘要","611220260312M002.pdf","611220260312E002.pdf","https://www.metaage.com.tw/investor_relations/investors_conference",中文影音檔網址:6112_24_20260312_ch.mp4 ,"無。","查詢"
"6117","迎廣","115/05/26","14:00","台北市信義區信義路五段7號1樓 
證券交易所資訊展示中心","本公司財務業務相關資訊說明","611720260525M001.pdf","611720260525E001.pdf","https://www.in-win.com/",法說會影音連結資訊:未輸 ,"無","查詢"
"6166","凌華","115/05/13","14:00","臺北市大安區忠孝東路四段219號5樓（實體及線上法說會）","本公司受邀參加國泰證券舉辦之法人說明會，說明115年第一季公司營運狀況。","616620260513M001.pdf","616620260513E001.pdf","",中文影音檔網址:6166_66_20260513_ch.mp4 ,"本會議報到時間為13:30-14:00","查詢"
"6176","瑞儀","115/03/18","17:00","台北君悅酒店","營運報告","617620260317M001.pdf","617620260317E001.pdf","","","無。","查詢"
"6176","瑞儀","115/02/26","14:00","線上直播 https://www.zucast.com/webcast/yw5hhUUl","114年第四季營運成果及公司未來展望","617620260226M001.pdf","617620260226E001.pdf","https://www.radiant.com.tw",同步收看網址：:https://www.zucast.com/webcast/yw5hhUUl 法說會影音連結資訊:https://youtu.be/JUgemwj3jAg ,"無。","查詢"
"6176","瑞儀","115/04/24","14:15","台北寒舍艾美酒店三樓翡翠及珍珠廳（台北市信義區松仁路38號3樓）","115年第一季營運成果及公司未來展望","617620260424M001.pdf","617620260424E001.pdf","https://www.radiant.com.tw",法說會影音連結資訊:https://youtu.be/w4fo7Y_wgn0 ,"無。","查詢"
"6176","瑞儀","115/05/22","14:00","國泰綜合證券忠孝分公司(台北市大安區忠孝東路四段219號5樓)","(1)營運財務狀況報告 (2)產業及市場分析","617620260521M002.pdf","617620260521E002.pdf","","","無。","查詢"
"6177","達麗","115/05/12","14:30","台證大樓13F-台北廳
台北市中山區建國北路一段96號13樓","本公司受邀參加台新證券舉辦之法人說明會，說明本公司營運概況。","617720260512M001.pdf","617720260512E001.pdf","https://www.da-li.com.tw/page/results-call/",中文影音檔網址:6177_13_20260512_ch.MP4 ,"無","查詢"
"6183","關貿","115/05/12","16:00","臺灣證券交易所1樓資訊展示中心(台北市信義區信義路五段7號1樓)","說明公司營運狀況","618320260512M001.pdf","618320260512E001.pdf","https://www.tradevan.com.tw/investor/index.do?act=investor3-1&amp;type=12",同步收看網址：:https://webpro.twse.com.tw/WebPortal/vod/101/?categoryId=101 法說會影音連結資訊:https://webpro.twse.com.tw/WebPortal/vod/101/0B3981F766F9-23AAC07F-4DDD-11F1-8C93/?categoryId=101 ,"無","查詢"
"6196","帆宣","115/05/20","14:30","台北市南京東路五段188號15樓(國票證券法人部)","本公司受邀參加國票證券舉辦之法人說明會，說明本公司營運概況以及未來展望。","619620260519M001.pdf","619620260519E001.pdf","",:未輸 法說會影音連結資訊:https://www.youtube.com/watch?v=rZwkTnKY37Y ,"無","查詢"
"6197","佳必琪","115/04/28","14:00","線上法說會","本公司受邀參加元大證券舉辦之「線上法人說明會」，向投資人說明本公司2026年第二季營運概況。","619720260428M001.pdf","619720260428E001.pdf","https://www.jpcco.com/lang/tw/news/content/195",中文影音檔網址:6197_20_20260428_ch.mp4 ,"無。","查詢"
"6202","盛群","115/02/10","14:30","宏遠證券總公司 (台北市大安區信義路四段236號7樓)","本公司114年第4季財務與業務營運相關資訊報告","620220260210M001.pdf","620220260210E001.pdf","https://www.holtek.com.tw/page/investor_relations/Shareholders_Services/Investor_Conference",中文影音檔網址:6202_85_20260210_ch.mp4 ,"無","查詢"
"6202","盛群","115/04/29","14:30","線上法說會","本公司115年第1季財務與業務營運相關資訊報告","620220260429M001.pdf","620220260429E001.pdf","https://www.holtek.com.tw/page/investor_relations/Shareholders_Services/Investor_Conference",中文影音檔網址:6202_86_20260429_ch.mp4 ,"報名請洽盛群陳先生(Email:marty@holtek.com.tw)","查詢"
"6206","飛捷","115/05/12","14:30","元大金融廣場3樓D廳
(台北市大安區仁愛路三段157號3樓)","本公司受邀參加元大證券舉辦之法人說明會","620620260515M001.pdf","620620260515E001.pdf","",法說會影音連結資訊:https://youtu.be/gmF3Td1Qa2M ,"報名請洽飛捷科技投資人關係或元大證券法人業務部","查詢"
"6206","飛捷","115/03/18","10:00","台北君悅酒店","本公司受邀參加美林證券 Bofa 2026 Asia Tech Conference 投資論壇","620620260318M001.pdf","620620260318E001.pdf","","","無","查詢"
"6213","聯茂","115/03/10","09:00","台北香格里拉遠東國際大飯店(台北市敦化南路二段201號)","本公司將於2026/3/10參加花旗證券舉辦之Citi 2026 March Corporate Day，就本公司已公布之經營績效等相關資訊做說明。","621320260309M001.pdf","621320260309E001.pdf","https://www.iteqcorp.com","","無","查詢"
"6213","聯茂","115/03/12","11:00","台北君悅酒店 (台北市信義區松壽路2號)","本公司將於2026/03/12參加摩根大通舉辦之&quot;Taiwan CEO-CFO Conference&quot;，就本公司已公布之經營績效等相關資訊做說明。","621320260309M001.pdf","621320260309E001.pdf","http://www.iteqcorp.com","","無","查詢"
"6213","聯茂","115/03/18","11:00","台北君悅酒店 (台北市信義區松壽路2號)","本公司將於2026/03/18參加美銀證券 2026 Asia Tech Conference，就本公司已公之經營績效等相關資訊做說明。","621320260309M001.pdf","621320260309E001.pdf","https://www.iteqcorp.com","","無","查詢"
"6213","聯茂","115/05/28","11:10","台北君悅酒店 (台北市信義區松壽路2號)","本公司受邀參加富邦證券舉辦之2026第二季富邦企業日","內容檔案於會前非交易時間公告於公開資訊觀測站","內容檔案於會前非交易時間公告於公開資訊觀測站","https://www.iteqcorp.com",法說會影音連結資訊:未輸 ,"無","查詢"
"6214","精誠","115/03/18","15:00","線上法人說明會","本公司受邀參加元大證券舉辦之線上法人說明會，報告公司營運現況與未來展望。","621420260318M001.pdf","621420260318E001.pdf","https://tw.systex.com/investors_financial/",法說會影音連結資訊:https://www.youtube.com/watch?v=J_SqzbNgIpo ,"相關資訊請洽元大證券經紀法人部 黃先生(02)2717-7777#5690","查詢"
"6214","精誠","115/05/13","14:00","線上法人說明會","本公司受邀參加富邦證券舉辦之線上法人說明會，報告公司營運現況與未來展望。","621420260513M001.pdf","621420260513E001.pdf","https://tw.systex.com/investors_financial/","","相關資訊請洽富邦證券法人部 fion.hsieh@fubon.com。","查詢"
"6215","和椿","115/04/15","15:30","集思北科大會議中心(台北市大安區忠孝東路三段1號2樓)","本公司受邀參加凱基證券與IR Trust共同舉辦之「2026新高點&#12539;新思維投資論壇」。","621520260415M001.pdf","621520260415E001.pdf","https://aurotek.com/investors/announcements/",法說會影音連結資訊:https://www.youtube.com/watch?v=axOCqQLspqY ,"無。","查詢"
"6239","力成","115/01/27","14:30","線上法說會","報告114年第四季營運成果及未來之營運展望","623920260127M001.pdf","623920260127E001.pdf","https://www.pti.com.tw",中文影音檔網址:6239_217_20260127_ch.mp4 ,"無","查詢"
"6239","力成","115/03/12","09:00","台北君悅酒店","本公司受邀參加摩根大通證券舉辦之「Taiwan CEO-CFO Conference」。","623920260127M001.pdf","623920260127E001.pdf","","","無","查詢"
"6239","力成","115/04/28","14:30","線上法說會","報告115年第一季營運成果及未來之營運展望","623920260428M001.pdf","623920260428E001.pdf","https://www.pti.com.tw",中文影音檔網址:6239_219_20260428_ch.mp4 ,"無","查詢"
"6269","台郡","115/03/10","16:00","採Webex線上會議方式舉行","(1)本公司受邀參加凱基證券舉辦之法人說明會，說明本公司114年第4季營運成果。 
(2)會議報名網址：https://pse.is/8ryq9l 
(3)活動諮詢：凱基證券 鄭小姐，電話：02-2181-8167，E-mail：janice.cheng@kgi.com。","626920260310M001.pdf","626920260310E001.pdf","https://www.flexium.com.tw/InvestorSubFour/Past?lang=zh-tw",法說會影音連結資訊:https://www.flexium.com.tw/InvestorSubFour/Past?lang=zh-tw ,"法說會相關訊息可至本公司官網查閱。","查詢"
"6269","台郡","115/05/08","16:00","採Webex線上會議方式舉行","(1)本公司受邀參加凱基證券舉辦之法人說明會，說明本公司115年第1季營運成果。 (2)會議報名網址： https://pse.is/8zfuq2。 (3)活動諮詢： 凱基證券 鄭小姐，電話：02-2181-8167，E-mail：janice.cheng@kgi.com。","626920260507M001.pdf","626920260507E001.pdf","https://www.flexium.com.tw/InvestorSubFour/Past?lang=zh-tw",法說會影音連結資訊:https://www.flexium.com.tw/InvestorSubFour/Past?lang=zh-tw ,"法說會相關訊息可至本公司官網查閱。","查詢"
"6271","同欣電","115/02/25","16:00","線上法人說明會","本公司受邀參加凱基證券舉辦之法說會，簡介2025年第四季營運成果及展望。","627120260225M001.pdf","627120260225E001.pdf","","","無","查詢"
"6271","同欣電","115/03/10","09:00","台北市遠東飯店","向法人說明產業狀況與本公司經營績效。","627120260225M001.pdf","627120260225E001.pdf","","","無","查詢"
"6271","同欣電","115/03/10","15:30","台北市大安區信義路四段236號4樓","向法人說明產業狀況與本公司經營績效","627120260225M001.pdf","627120260225E001.pdf","","","無","查詢"
"6271","同欣電","115/03/19","09:00","台北市君悅飯店","向法人說明產業狀況與本公司經營績效","627120260225M001.pdf","627120260225E001.pdf","","","無","查詢"
"6271","同欣電","115/04/14","16:00","線上法說會","本公司受邀參加凱基證券舉辦之法說會，簡介2026年第一季營運成果及展望。","627120260414M001.pdf","627120260414E001.pdf","","","無","查詢"
"6271","同欣電","115/05/27","13:30","台北君悅酒店三樓會議廳","受邀參加國泰證券舉辦之「第二季產業論壇」，說明本公司之營運概況、財務及業務相關資訊。","627120260414M001.pdf","627120260414E001.pdf","","","無","查詢"
"6271","同欣電","115/05/28","09:00","台北君悅酒店","本公司受邀參加富邦證券舉辦之「富邦年度論壇」，就本公司法說會已公開之財務數字、經營績效等相關資訊進行說明。","627120260414M001.pdf","627120260414E001.pdf","","","無","查詢"
"6271","同欣電","115/06/02","09:00","W Hotel Taipei","本公司受邀參加高盛證券舉辦之「GS Taiwan Computex &amp; Corporate Day Jun 2026」，會中就法說會已公開之財務數字、經營績效等相關資訊進行說明。","627120260414M001.pdf","627120260414E001.pdf","","","無","查詢"
"6271","同欣電","115/06/03","09:00","W Hotel Taipei","本公司受邀參加花旗證券舉辦之「Citi","627120260414M001.pdf","627120260414E001.pdf","","","無","查詢"
"6271","同欣電","115/06/03","09:00","W Hotel Taipei","受邀參花旗證券舉辦之「Citi 2026 Taiwan Conference」，說明營運概況、財務及業務相關資訊。","627120260414M001.pdf","627120260414E001.pdf","","","無","查詢"
"6277","宏正","115/03/26","14:00","線上法說會","說明本公司114年度第4季營運與財務狀況","627720260326M001.pdf","627720260326E001.pdf","https://www.aten.com/tw/zh/aten-info/investor-relations/investor-event/",同步收看網址：:https://www.zucast.com/event/YisI5EcM/subscribe/create?openExternalBrowser=1 法說會影音連結資訊:https://www.zucast.com/event/YisI5EcM/subscribe/create?openExternalBrowser=1 ,"無","查詢"
"6277","宏正","115/05/19","14:00","線上法說會","說明本公司115年度第1季營運與財務狀況","627720260519M001.pdf","627720260519E001.pdf","https://www.aten.com/tw/zh/aten-info/investor-relations/investor-event/",同步收看網址：:https://www.zucast.com/event/uqV1num2/subscribe/create?openExternalBrowser=1 法說會影音連結資訊:https://www.zucast.com/event/uqV1num2/subscribe/create?openExternalBrowser=1 ,"無","查詢"
"6281","全國電","115/01/05","14:00","線上法說會","本公司受邀參加凱基證券主辦之線上法說會，說明本公司之營運概況、財務及業務相關資訊。","628120260102M001.pdf","628120260102E001.pdf","",中文影音檔網址:6281_16_20260105_ch.mp4 ,"無","查詢"
"6281","全國電","115/04/07","14:00","線上法說會","本公司受邀參加凱基證券主辦之線上法說會，說明本公司之營運概況、財務及業務相關資訊。","628120260402M001.pdf","628120260402E001.pdf","",中文影音檔網址:6281_17_20260407_ch.mp4 ,"無","查詢"
"6282","康舒","115/03/12","15:00","國票證券(臺北市松山區南京東路五段188號15樓會議室)","受邀參加國票證券舉辦之法人說明會","628220260312M001.pdf","628220260312E001.pdf","https://www.acbel.com/investor-event",中文影音檔網址:6282_54_20260312_ch.MP4 ,"完整財務業務資訊請至公開資訊觀測站之法人說明會一覽表或法說會項目下查閱。","查詢"
"6285","啟碁","115/03/09 至 115/03/10","10:00","台北遠東香格里拉","本公司受花旗證券邀請參加「 Citi 2026 March Corporate Day」，主要內容為公司營運概況","628520260306M001.pdf","628520260306E001.pdf","https://www.wnc.com.tw","","無","查詢"
"6285","啟碁","115/03/13","13:30","台北艾麗酒店","本公司受中國信託證券邀請參加中信證券2026第一季前瞻論壇，主要內容為公司營運概況","628520260311M001.pdf","628520260311E001.pdf","https://www.wnc.com.tw","","無","查詢"
"6285","啟碁","115/05/07","14:00","線上法說會","本公司受凱基證券邀請參加線上法說會，主要內容為公司營運概況","628520260506M001.pdf","628520260506E001.pdf","https://www.wnc.com.tw",法說會影音連結資訊:https://investorconf.blob.core.windows.net/media/WNC_2026_investor_conference_20260507.mp4 ,"無","查詢"
"6285","啟碁","115/03/19 至 115/03/20","10:00","台北君悅酒店","本公司受BofA Securities邀請參加「2026 Asia Tech Conference」，主要內容為公司營運概況","628520260311M001.pdf","628520260311E001.pdf","https://www.wnc.com.tw","","無","查詢"
"6285","啟碁","115/03/12","14:00","台北晶華酒店","本公司受台新證券邀請參加台新2026年第一季全球投資論壇，主要內容為公司營運概況","628520260311M001.pdf","628520260311E001.pdf","https://www.wnc.com.tw","","無","查詢"
"6409","旭隼","115/03/13","14:00","台北君悅酒店(台北市信義區松壽路2號)","本公司受邀參加 J.P. Morgan 所舉辦之『Taiwan CEO-CFO Conference』，會中介紹公司之營運與財務狀況。","640920260306M001.pdf","640920260306E001.pdf","","","無","查詢"
"6409","旭隼","115/03/20","14:00","台北君悅酒店(台北市信義區松壽路2號)","本公司受邀參加 BofA 所舉辦之『2026 Asia Tech Conference』，會中介紹公司之營運與財務狀況。","640920260306M001.pdf","640920260306E001.pdf","","","無","查詢"
"6409","旭隼","115/02/05","12:30","台北W飯店
110台北市信義區忠孝東路五段10號","本公司受邀參加 Nomura HK 所舉辦之『Nomura Asia Tech Tour 2026』，會中介紹公司之營運與財務狀況。","640920251111M001.pdf","640920251111E001.pdf","","","無","查詢"
"6409","旭隼","115/02/02","14:00","UBS Securities Taipei
台北市信義區松仁路7號5F","本公司受邀參加瑞銀證券所舉辦之『UBS Taiwan Pre-Lunar New Year Corporate Day 2026』，會中介紹公司之營運與財務狀
況。","640920251111M001.pdf","640920251111E001.pdf","","","無","查詢"
"6409","旭隼","115/03/09","14:00","臺北遠東香格里拉
106台北市大安區敦化南路二段201號","本公司受邀參加花旗證券所舉辦之『Citi 2026 March Corporate Day』，會中介紹公司之營運與財務狀況。","640920260306M001.pdf","640920260306E001.pdf","","","無","查詢"
"6412","群電","115/03/10","10:00","台北遠東香格里拉飯店，台北市大安區敦化南路二段201號","本公司受邀參加花旗證券台灣產業論壇，會中就本公司已公開發布之營運及財務業務狀況向投資人說明。","641220260304M001.pdf","641220260304E001.pdf","https://www.chiconypower.com/zh-tw/investor/message","","無","查詢"
"6412","群電","115/03/04","15:00","台北市大安區信義路四段236號7樓","本公司受邀參加宏遠證券舉辦之法說會，說明本公司2025年第4季營運成果。","641220260304M001.pdf","641220260304E001.pdf","https://www.chiconypower.com/zh-tw/investor/message","","無","查詢"
"6412","群電","115/03/17","10:00","君悅飯店，台北市信義區松壽路2號","本公司受邀參加美銀證券舉辦之2026 Asia Tech Conference，會中就本公司已公開發布之營運及財務業務狀況向投資人說明。","641220260304M001.pdf","641220260304E001.pdf","https://www.chiconypower.com/zh-tw/investor/message","","無","查詢"
"6412","群電","115/05/05","15:00","台北市信義區基隆路一段176號B2","本公司受邀參加康和證券舉辦之法說會，說明本公司2026年第1季營運成果。","641220260505M001.pdf","641220260505E001.pdf","https://www.chiconypower.com/zh-tw/investor/message","","無","查詢"
"6414","樺漢","115/03/30","14:30","富邦國際會議中心 
(地址:台北市敦化南路一段108號B2)","本公司受邀參加富邦證券舉辦之第四季法人說明會，說明本公司營運成果及未來展望","641420260330M001.pdf","641420260330E001.pdf","https://www.ennoconn.com/ir-calendar/","","無","查詢"
"6414","樺漢","115/05/15","14:30","台北市中正區中山南路11號
(財團法人張榮發基金會1002會議室)","本公司受邀參加凱基證券舉辦之2026年第一季法人說明會，說明本公司營運成果及未來展望","641420260515M001.pdf","641420260515E001.pdf","https://www.ennoconn.com/ir-calendar/","","無","查詢"
"6415","矽力*-KY","115/03/12","14:30","電話會議。","本公司受邀參加UBS所舉辦之線上法說會，說明2025年第四季營運及業務狀況。
投資人或分析師可透過以下連結參加：https://openexc.zoom.us/webinar/register/WN_lRVKubKdRZahtBP1jRIBfg#/registration","641520260312M001.pdf","641520260312E001.pdf","https://www.silergy.com/zh/news/investors",法說會影音連結資訊:https://view.knowledgevision.com/presentation/b8ddd7cf1c54414aae1ca4b0da589916 ,"無","查詢"
"6415","矽力*-KY","115/03/17 至 115/03/19","10:00","台北君悅飯店","本公司受邀參加BofA所舉辦之「2026 Asia Tech Conference」，就本公司已公開發布之財務數字、經營績效等相關資訊做說明。","641520260312M002.pdf","641520260312E002.pdf","https://www.silergy.com/zh/news/investors","","無","查詢"
"6415","矽力*-KY","115/03/13","09:00","台北君悅飯店","本公司受邀參加JP Morgan所舉辦之法人說明會，就本公司已公開發布之財務數字、經營績效等相關資訊做說明。","641520260312M002.pdf","641520260312E002.pdf","https://www.silergy.com/zh/news/investors",法說會影音連結資訊:未輸 ,"無","查詢"
"6415","矽力*-KY","115/05/15","21:00","線上法說會","本公司受邀參加JP Morgan所舉辦之線上法說會，說明2026年第一季營運及業務狀況。","641520260514M002.pdf","641520260514E002.pdf","https://www.silergy.com/zh/news/investors",法說會影音連結資訊:未輸 ,"無","查詢"
"6415","矽力*-KY","115/05/18","09:00","JW Marriott Hotel, Hong Kong","本公司受邀參加 Goldman Sachs Asia Communacopia + Technology Conference，就本公司已公開發布之財務數字、經營績效等相關資訊做說明。","641520260514M002.pdf","641520260514E002.pdf","","","無","查詢"
"6415","矽力*-KY","115/05/19 至 115/05/20","09:00","Conrad Hotel, Hong Kong","本公司受邀參加Macquarie Asia Conference 2026，就本公司已公開發布之財務數字、經營績效等相關資訊做說明。","641520260514M002.pdf","641520260514E002.pdf","","","無","查詢"
"6415","矽力*-KY","115/05/15","14:30","電話會議。","本公司受邀參加UBS所舉辦之線上法說會，說明2026年第一季營運及業務狀況。 投資人或分析師可透過以下連結參加：
https://openexc.zoom.us/webinar/register/WN_0uMU3y_nRn-8K_X1Ry-RzA#/registration","641520260514M002.pdf","641520260514E002.pdf","https://www.silergy.com/zh/news/investors",法說會影音連結資訊:未輸 ,"無","查詢"
"6438","迅得","115/03/19","14:30","敦南摩天大樓11樓（台北市敦化南路二段97號11樓）","本公司受邀參加台新證券2026年第一季投資論壇，會中就已公開發佈之財務數字、經營績效等相關資訊做說明。","643820260319M001.pdf","643820260319E001.pdf","",法說會影音連結資訊:https://www.saa-symtek.com/zh_tw/INVESTOR/earnings_call_video.html ,"無","查詢"
"6442","光聖","115/03/12","15:15","台北晶華酒店(台北市中山北路二段39巷3號)","受邀參加台新第一季全球投資論壇","644220260311M001.pdf","644220260311E001.pdf","",法說會影音連結資訊:https://youtu.be/ZMKT7izubCw ,"無","查詢"
"6442","光聖","115/03/13","14:00","台北晶華酒店(台北市中山北路二段39巷3號)","受邀參加華南永昌春季產業趨勢暨企業論壇","644220260311M002.pdf","644220260311E002.pdf","",法說會影音連結資訊:https://youtu.be/w5b36jT-W4s ,"無","查詢"
"6446","藥華藥","115/05/14","14:30","台北市中正區重慶南路一段2號22樓","本公司受邀參加永豐金證券舉辦之法人說明會，說明本公司之營運概況。","644620260514M001.pdf","644620260514E001.pdf","","","無。","查詢"
"6446","藥華藥","115/01/16","01:00","美國舊金山","本公司受邀參加J.P. Morgan舉辦之法說會「2026 Healthcare Conference」，說明本公司之營運概況，公司簡報時間為美西時間1月15日上午10時30分 (台灣時間1月16日上午2時30分)。","644620260115M001.pdf","644620260115E001.pdf","",法說會影音連結資訊:https://youtu.be/nAC5Kf5xk4Q ,"無","查詢"
"6446","藥華藥","115/02/25","14:00","台北市信義區信義路5段7號88樓","本公司受邀參加Morgan Stanley舉辦之法說會「Taiwan Discovery Forum: Spotlight on Taiwan Non-Tech」，說明本公司之營運概況。","644620260225M001.pdf","644620260225E001.pdf","","","無","查詢"
"6446","藥華藥","115/03/03","14:30","台北市信義區菸廠路88號6樓（台北文創大樓）","本公司受邀參加富邦證券舉辦之法人說明會，說明本公司之營運概況。","644620260303M001.pdf","644620260303E001.pdf","","","無。","查詢"
"6456","GIS-KY","115/03/20","14:00","線上會議","本公司將受邀參加福邦證券舉辦之線上法人說明會，會中將就2025年第四季財務數字等相關資訊做說明。","645620260320M001.pdf","645620260320E001.pdf","https://www.gis-touch.com/c/ir_events.php",法說會影音連結資訊:https://youtu.be/LsYqf0C_m54 ,"本次法說會影音資訊於當日會後上傳。","查詢"
"6464","台數科","115/05/15","14:30","線上會議","本公司受邀參加台新證券舉辦之線上法人說明會，會中將報告本公司營運概況、營運成果及未來展望。","646420260514M002.pdf","646420260514E002.pdf","https://www.topmso.com.tw/index.php/tw/investors/conference_briefing",中文影音檔網址:6464_23_20260515_ch.mp4 ,"會議簡報等資料將依規定於期限前揭露於公開資訊觀測站。","查詢"
"6472","保瑞","115/03/24 至 115/03/27","08:30","美國紐約及波士頓","本公司受邀參加永豐證券及Auerbach Grayson舉辦之海外路演(NDR)，會中將就本公司財務及營運狀況向投資法人說明。公司簡報時間為美東時間3月24日上午8:30(台灣時間3月24日下午9:30)。","647220260311M001.pdf","647220260311E001.pdf","https://reurl.cc/0W64Gk","","無","查詢"
"6472","保瑞","115/03/17 至 115/03/18","08:30","香港君悅酒店","本公司受邀參加Jefferies舉辦之2026 Jefferies Asia Forum，說明本公司營運概況","647220260311M003.pdf","647220260311E003.pdf","https://reurl.cc/0W64Gk","","無","查詢"
"6472","保瑞","115/03/19","15:00","台北晶華酒店(地址:台北市中山區中山北路二段39巷3號)","本公司受邀參加台新證券舉辦之法人說明會，說明本公司營運概況","647220260311M002.pdf","647220260311E002.pdf","https://reurl.cc/0W64Gk",中文影音檔網址:6472_59_20260319_ch.MP4 ,"無","查詢"
"6472","保瑞","115/03/06","13:30","台北君悅酒店(地址:台北市信義區松壽路2號)","本公司受邀參加富邦證券舉辦之法人說明會，說明本公司營運概況","647220251113M001.pdf","647220251113E001.pdf","https://reurl.cc/1XdxOX","","無","查詢"
"6472","保瑞","115/03/12","21:30","網路直播","保瑞藥業受美國OTC邀請參加OTC Market Group Life Science Virtual Conference，將於3月12日(四)晚上9點30分舉行114年第4季線上英文法人說明會，請連結至以下直播網址：https://www.virtualinvestorconferences.com/wcc/eh/4814904/lp/5255333/bora-pharmaceuticals-otcqx-boray-twse-6472","647220260311M004.pdf","647220260311E004.pdf","https://reurl.cc/eGRZbx",英文影音檔網址:6472_57_20260312_en.mp4 ,"無","查詢"
"6472","保瑞","115/01/15","10:00","美國舊金山，Westin St. Francis飯店","本公司受邀參加J.P. Morgan舉辦之第44屆J.P. Morgan Healthcare Conference","647220260112M001.pdf","647220260112E001.pdf","https://reurl.cc/lNl4Vj","","無","查詢"
"6472","保瑞","115/05/13","14:30","台北晶華酒店(地址:台北市中山區中山北路二段39巷3號)","本公司受邀參加台新證券舉辦之法人說明會，說明本公司營運概況","647220260513M001.pdf","647220260513E001.pdf","https://reurl.cc/lNl4Vj",中文影音檔網址:6472_61_20260513_ch.MP4 ,"無","查詢"
"6472","保瑞","115/05/14","07:30","網路直播","保瑞藥業將於5月14日(四)早上七點半舉行115年第1季線上英文法人說明會，請連結至以下直播網址：https://events.q4inc.com/attendee/372103448","647220260513M003.pdf","647220260513E003.pdf","https://reurl.cc/lNl4Vj",英文影音檔網址:6472_62_20260514_en.mp4 ,"無","查詢"
"6472","保瑞","115/06/09","10:50","台北晶華酒店(地址:台北市中山區中山北路二段39巷3號)","本公司受邀參加元大證券舉辦之2026年第二季投資論壇","647220260513M002.pdf","647220260513E002.pdf","https://reurl.cc/RYDnKe","","無","查詢"
"6472","保瑞","115/06/03","15:30","台北喜來登酒店(地址:台北市中正區忠孝東路一段12號)","本公司受邀參加第一金證券舉辦之2026年第二季投資論壇","647220260513M004.pdf","647220260513E004.pdf","https://reurl.cc/lNl4Vj","","無","查詢"
"6491","晶碩","115/03/04","15:15","台北市 君悅飯店(台北市信義區松壽路2號)","本公司受邀參加統一證券所舉辦之投資論壇，會中就本公司之財務數字、經營績效等相關資訊做說明。","649120260302M002.pdf","649120260302E002.pdf","https://www.pegavision.com/tw/investor3_page03.php","","無","查詢"
"6491","晶碩","115/03/05","15:15","台北市 集思北科大會議中心(台北市大安區忠孝東路三段1號)","本公司受邀參加凱基證券所舉辦之投資論壇，會中就本公司之財務數字、經營績效等相關資訊做說明。","649120260302M002.pdf","649120260302E002.pdf","https://www.pegavision.com/tw/investor3_page03.php","","無","查詢"
"6491","晶碩","115/03/10","15:30","宏遠證券(台北市大安區信義路四段236號4樓)","本公司受邀參加宏遠證券所舉辦之投資論壇，會中就本公司之財務數字、經營績效等相關資訊做說明。","649120260302M002.pdf","649120260302E002.pdf","https://www.pegavision.com/tw/investor3_page03.php",中文影音檔網址:6491_52_20260310_ch.mp4 ,"無","查詢"
"6491","晶碩","115/03/12","14:00","台北市晶華酒店(台北市中山區中山北路二段39巷3號)","本公司受邀參加台新證券所舉辦之投資論壇，會中就本公司之財務數字、經營績效等相關資訊做說明。","649120260302M002.pdf","649120260302E002.pdf","https://www.pegavision.com/tw/investor3_page03.php","","無","查詢"
"6491","晶碩","115/03/13","14:00","台北市晶華酒店(台北市中山區中山北路二段39巷3號)","本公司受邀參加華南永昌證券所舉辦之投資論壇，會中就本公司之財務數字、經營績效等相關資訊做說明。","649120260302M002.pdf","649120260302E002.pdf","https://www.pegavision.com/tw/investor3_page03.php","","無","查詢"
"6491","晶碩","115/03/17","13:00","台北市 君悅飯店(台北市信義區松壽路2號)","本公司受邀參加美國銀行證券所舉辦之投資論壇，會中就本公司之財務數字、經營績效等相關資訊做說明。","649120260302M002.pdf","649120260302E002.pdf","https://www.pegavision.com/tw/investor3_page03.php","","無","查詢"
"6491","晶碩","115/05/22","15:40","臺灣證券交易所(101大樓)1樓資訊展示中心(台北市信義路五段7號1樓)","本公司受邀參加臺灣證交所舉辦之115年臺灣璞玉指數業績發表會，會中就本公司之財務數字、經營績效等相關資訊做說明。","649120260519M001.pdf","649120260519E001.pdf","https://www.pegavision.com/tw/investor3_page03.php","","無","查詢"
"6505","台塑化","115/03/13","13:00","台北君悅飯店","本公司受邀參加「Taiwan CEO-CFO Conference」，說明近期營運概況。","650520260311M002.pdf","650520260311E002.pdf","http://www.fpcc.com.tw/tw/ir/material-information","","無","查詢"
"6515","穎崴","115/03/11","11:00","台北君悅酒店","本公司受邀參加摩根大通證券J.P. Morgan Taiwan CEO-CFO Conference,說明本公司營運概況","651520260306M001.pdf","651520260306E001.pdf","https://www.winwayglobal.com/earingCall","","無","查詢"
"6515","穎崴","115/03/16 至 115/03/19","11:00","台北君悅酒店","本公司受邀參加美林證券BofA 2026 Asia Tech Conference,說明本公司營運概況","651520260306M001.pdf","651520260306E001.pdf","https://www.winwayglobal.com/earingCall","","無","查詢"
"6515","穎崴","115/03/09","11:00","台北遠東香格里拉飯店","本公司受邀參加花旗證券Citi 2026 Taiwan Corporate Day,說明本公司營運概況","651520260306M001.pdf","651520260306E001.pdf","https://www.winwayglobal.com/earingCall","","無","查詢"
"6515","穎崴","115/05/14","14:15","台北君悅酒店3樓凱悅廳二區(台北市信義區松壽路2號)","本公司舉行CPO技術論壇，分享技術發展、產業鏈整合及未來應用。","651520260514M001.pdf","651520260514E001.pdf","https://www.winwayglobal.com/earingCall",法說會影音連結資訊:https://youtu.be/wiH6d4m9o4o ,"無","查詢"
"6515","穎崴","115/05/26","14:30","台北君悅酒店凱悅廳一區(台北市信義區松壽路2號3樓)","本公司受邀參加凱基證券舉辦之法人說明會,說明本公司營運概況","內容檔案於當日會後公告於公開資訊觀測站","內容檔案於當日會後公告於公開資訊觀測站","https://www.winwayglobal.com/earingCall",法說會影音連結資訊:未輸 ,"無","查詢"
"6525","捷敏-KY","115/03/10","14:30","臺灣證券交易所1樓資訊展示中心（台北市信義路五段7號)","所屬產業概況及營運成果說明","652520260309M001.pdf","652520260309E001.pdf","http://www.gemservices.com/",同步收看網址：:https://webpro.twse.com.tw/WebPortal/vod/101/?categoryId=101 法說會影音連結資訊:https://webpro.twse.com.tw/WebPortal/vod/101/FFC207F1663B-CF4F1840-1C4E-11F1-8390/?categoryId=101 ,"無","查詢"
"6526","達發","115/02/26","15:00","線上法說會","公告本公司受邀參加凱基證券舉辦之「線上法人說明會」，
向投資人說明本公司114年第四季營運狀況及發展趨勢。","652620260224M001.pdf","652620260224E001.pdf","https://www.airoha.com/zh-TW/investors/law",中文影音檔網址:6526_25_20260226_ch.mp4 ,"同步收看網址將於會前更新，報名請洽達發科技投資人關係ir@airoha.com","查詢"
"6526","達發","115/05/18 至 115/05/19","10:00","香港","公告本公司115年05月18日至115年05月19日受邀參加麥格理證券於香港舉辦之Asia Conference 2026，
簡報資料請參閱公開資訊觀測站。","652620260430M001.pdf","652620260430E001.pdf","","","無","查詢"
"6526","達發","115/03/18","10:00","台北","公告本公司115年03月18日受邀參加美林證券於台北舉辦之2026 Asia Tech Conference，
簡報資料請參閱公開資訊觀測站。","652620260224M001.pdf","652620260224E001.pdf","","","無","查詢"
"6526","達發","115/03/03","10:50","台北","公告本公司115年3月3日受邀參加元大證券於台北舉辦之2026年第一季投資論壇，
簡報資料請參閱公開資訊觀測站。","652620260224M001.pdf","652620260224E001.pdf","","","無","查詢"
"6526","達發","115/03/06","13:30","台北","公告本公司115年3月6日受邀參加富邦證券於台北舉辦之2026年第一季富邦企業日，
簡報資料請參閱公開資訊觀測站。","652620260224M001.pdf","652620260224E001.pdf","","","無","查詢"
"6526","達發","115/03/09","11:00","台北","公告本公司115年03月09日受邀參加花旗證券於台北舉辦之Citi 2026 March Corporate Day，
簡報資料請參閱公開資訊觀測站。","652620260224M001.pdf","652620260224E001.pdf","","","無","查詢"
"6526","達發","115/05/05","15:00","線上法說會","公告本公司受邀參加凱基證券舉辦之「線上法人說明會」，
向投資人說明本公司115年第一季營運狀況及發展趨勢。","652620260430M001.pdf","652620260430E001.pdf","https://www.airoha.com/zh-TW/investors/law",中文影音檔網址:6526_30_20260505_ch.mp4 ,"同步收看網址將於會前更新，報名請洽達發科技投資人關係ir@airoha.com","查詢"
"6531","愛普*","115/03/03","14:30","線上法說會","本公司將舉&#12175;線上法&#12040;說明會，說明114年第4季暨全年度營運與財務概況，並回答投資&#12040;提問。有意參加者可透過網路連結以下網址參加線上法&#12040;說明會，網址:https://www.zucast.com/webcast/DoRTgIaR","653120260303M001.pdf","653120260303E001.pdf","https://www.apmemory.com/tw/investor",中文影音檔網址:6531_47_20260303_ch.mp4 ,"無。","查詢"
"6531","愛普*","115/05/12","14:30","線上會議","本公司將舉&#12175;線上法&#12040;說明會，說明115年第1季營運與財務概況，並回答投資&#12040;提問。有意參加者
可透過網路連結以下網址參加線上法&#12040;說明會，網址:https://www.zucast.com/webcast/IF9qyLrN","653120260512M001.pdf","653120260512E001.pdf","https://www.apmemory.com/tw/investor",中文影音檔網址:6531_48_20260512_ch.mp4 ,"無。","查詢"
"6533","晶心科","115/03/11","14:00","台北晶華酒店","本公司受邀參加台新證券舉辦之2026年第一季全球投資論壇，會中就本公司已公開發布之財務數字、經營績效等相關資訊作說明。","653320260311M001.pdf","653320260311E001.pdf","http://www.andestech.com/tw/法人說明會召開資訊/","","無","查詢"
"6533","晶心科","115/03/18","16:00","臺灣證券交易所1F資訊展示中心(台北市信義路五段7號1樓)","本公司於115/03/18召開第四季法人說明會，說明本公司營運概況及成果說明。","653320260318M002.pdf","653320260318E002.pdf","http://www.andestech.com/tw/法人說明會召開資訊/",同步收看網址：:https://webpro.twse.com.tw/WebPortal/ 法說會影音連結資訊:https://webpro.twse.com.tw/WebPortal/vod/101/75924E30CA06-0F709E4F-88A7-11F0-8CFF/?categoryId=101 ,"無","查詢"
"6534","正瀚-創","115/05/22","14:30","元大金控大樓6樓會議室(台北市敦化南路一段66號)","本公司受邀參加元大證券舉辦之法人說明會，說明本公司之營運概況、財務及業務相關資訊。","653420260521M001.pdf","653420260521E001.pdf","https://www.chbio.com/investor_relation/shareholder/investor_conference/",法說會影音連結資訊:https://youtu.be/x1x8EW-wDo4 ,"相關資訊請至公開資訊觀測站之法人說明會一覽表或法說會項目下查閱。","查詢"
"6541","泰福-KY","115/03/19","14:00","台北晶華酒店","本公司受邀參加台新綜合證券舉辦之法人說明會，將就本公司財務及營運狀況向投資法人說明。","654120260319M001.pdf","654120260319E001.pdf","",法說會影音連結資訊:https://www.tanvex.com/videos/20260319_IR.mp4 (請輸入網址名稱(註)):未輸 ,"無。","查詢"
"6558","興能高","115/05/21","14:30","線上法人說明會","本公司受邀參加由永豐金證券舉辦之線上法人說明會","655820260521M001.pdf","655820260521E001.pdf","https://www.synst.com.tw/zh-tw/a4-1206-6759/2026%E5%B9%B4.html",法說會影音連結資訊:https://youtu.be/qZD-XS3cTJ8 ,"無","查詢"
"6579","研揚","115/05/13","14:30","新北寶高智慧產業園區1樓國際會議廳
(新北市新店區寶高路26號)","說明公司營運及財務相關狀況","657920260513M001.pdf","657920260513E001.pdf","https://www.aaeon.com/tw/article/detail/investors-conference",法說會影音連結資訊:https://youtu.be/R2LiyziZXdQ ,"無","查詢"
"6581","鋼聯","115/01/28","14:00","康和證券總公司(台北市信義區基隆路一段176號B2會議室)","本公司受邀參加康和證券舉辦之法說會，說明本公司之營運、財務及業務概況。","658120260128M001.pdf","658120260128E001.pdf","https://www.tsutw.com.tw/",同步收看網址：:https://tsutw.webex.com/meet/tsu1021 法說會影音連結資訊:https://youtu.be/WABlbg7eeL0 ,"無","查詢"
"6581","鋼聯","115/04/29","14:00","線上法說會","本公司受邀參加康和證券舉辦之法人說明會，說明本公司之營運、財務及業務狀況。","658120260429M001.pdf","658120260429E001.pdf","https://www.tsutw.com.tw/",同步收看網址：:https://tsutw.webex.com/meet/tsu1021 法說會影音連結資訊:https://youtu.be/uTt0zjO-jnU?si=1JcngdKp7CiEjdXu ,"無","查詢"
"6582","申豐","115/03/26","14:30","永豐金證券 (台北市重慶南路一段2號18樓)","本公司受邀法人說明會，說明營運結果。","658220260325M001.pdf","658220260325E001.pdf","https://www.shinfoong.com.tw/download.asp?it=9&amp;id=337",中文影音檔網址:6582_18_20260326_ch.mp4 ,"無","查詢"
"6589","台康生技","115/04/29","15:00","玉山金控第二總部 東昇廳
(台北市松山區敦化北路315號3樓)","本公司受邀參加玉山證券舉辦之法人說明會，說明本公司營運概況、財務及業務相關資訊。","658920260429M001.pdf","658920260429E001.pdf","https://zh-tw.eirgenix.com/","","無","查詢"
"6591","動力-KY","115/04/02","14:30","線上法說會","本公司受邀參加富邦證券舉辦之線上法說會，說明本公司之營運概況、財務及業務相關資訊。","659120260401M001.pdf","659120260401E001.pdf","https://www.sun-max.com.tw/investor_tw.php?id=20",法說會影音連結資訊:https://youtu.be/L8MKQq8q5L8 ,"無","查詢"
"6592","和潤企業","115/03/25","14:30","線上法人說明會","本公司受邀參加台新證券舉辦之線上法說會，會中說明本公司2025年度營運成果。","659220260325M001.pdf","659220260325E001.pdf","https://www.hfcfinance.com.tw/zh-tw/investor/conference",中文影音檔網址:6592_27_20260325_ch.mp4 ,"報名請洽https://reurl.cc/4laLyv","查詢"
"6592","和潤企業","115/05/20","14:30","線上法人說明會","本公司受邀參加台新證券舉辦之線上法說會，會中說明本公司2026年第一季營運概況。","659220260519M001.pdf","659220260519E001.pdf","https://www.hfcfinance.com.tw/zh-tw/investor/conference",中文影音檔網址:6592_28_20260520_ch.mp4 ,"報名請洽https://reurl.cc/3kpWn9","查詢"
"6598","ABC-KY","115/05/14","14:00","臺北市中正區中山南路11號(張榮發國際會議中心1006會議室)","本公司受邀參加台新綜合證券舉辦之法人說明會。
報名連結：https://www.tssco.com.tw/earnings_call_registrations_settings/earnings_call_registrations_settings/328","659820260513M001.pdf","659820260513E001.pdf","",法說會影音連結資訊:https://youtu.be/nReixyn78zg?si=Aw5tp9IvfZA6266d ,"召開法人說明會時間：115年05月14日(四) 14:00 (13:30 來賓報到) 。","查詢"
"6605","帝寶","115/03/25","14:00","台北市松山區南京東路五段188號15樓 會議室","本公司受邀參加國票綜合證券舉辦之法人說明會，向法人說明本公司營運概況。","660520260324M001.pdf","660520260324E001.pdf","",法說會影音連結資訊:https://drive.google.com/file/d/11wm5U_XBeVtPxCXO81Pan0KgrEBA6PkZ/view?usp=sharing ,"無","查詢"
"6614","資拓宏宇","115/03/19","14:30","台証金融大樓B1福爾摩沙廳(臺北市中山區建國北路一段96號B1)","本公司受邀參加台新綜合證券舉辦之法人說明會，說明本公司營運成果以及未來展望。","661420260319M001.pdf","661420260319E001.pdf","https://www.iisigroup.com/investors/investor-conference/",法說會影音連結資訊:https://www.youtube.com/watch?v=1PtdB48tF6U ,"無","查詢"
"6641","基士德-KY","115/05/26","14:00","線上法人說明會","本公司舉辦法人說明會，說明公司財務業務狀況","664120260520M001.pdf","664120260520E001.pdf","https://www.gsd.net.tw/",同步收看網址：:https://reurl.cc/K25ODg 法說會影音連結資訊:未輸 ,"無","查詢"
"6655","科定","115/03/27","14:00","線上法說會","本公司受邀參加中國信託證券舉辦之法人說明會，說明本公司近期營運概況。","665520260326M001.pdf","665520260326E001.pdf","https://www.twkd.com/tw/investor_shareholders.php",中文影音檔網址:6655_15_20260327_ch.mp4 ,"無","查詢"
"6658","聯策","115/03/13","14:00","晶華國際酒店(台北市中山北路二段39巷3號4樓)","受邀參加華南永昌證券2026年春季產業趨勢暨企業論壇，說明本公司營運及業務狀況。","665820260313M001.pdf","665820260313E001.pdf","https://www.synpower.com.tw/tw/Investors/7/investor-conferences",法說會影音連結資訊:https://www.youtube.com/watch?v=YsLk0trzElk ,"無","查詢"
"6669","緯穎","115/02/26","17:00","線上法人說明會","本公司114年第4季法人說明會","666920260226M001.pdf","666920260226E001.pdf","https://www.wiwynn.com/zh/investors/shareholders-services#investor-conference",中文影音檔網址:6669_53_20260226_ch.mp3 ,"無","查詢"
"6669","緯穎","115/05/15","09:00","新加坡君悅酒店","本公司受邀參加元大證券舉辦之2026年元大台灣科技日論壇","666920260512M001.pdf","666920260512E001.pdf","https://www.wiwynn.com/zh/investors/shareholders-services#investor-conference","","無","查詢"
"6670","復盛應用","115/03/12","14:00","台北市中山北路二段39巷3號4樓(晶華酒店4F)","受邀參加台新證券舉辦之第一季投資論壇，說明本公司營運狀況。","667020260312M001.pdf","667020260312E001.pdf","https://www.fusheng-precision.com/major-shareholders/",中文影音檔網址:6670_36_20260312_ch.MP4 ,"無","查詢"
"6671","三能-KY","115/04/01","14:30","臺灣證券交易所資訊展示中心(台北市信義區信義路五段7號1樓)","本公司自辦法人說明會，說明本公司2025年營業成果及未來營運展望。","667120260331M001.pdf","667120260331E001.pdf","https://sannenggroup.com/investors-2/shareholders/",同步收看網址：:https://webpro.twse.com.tw/WebPortal/ 法說會影音連結資訊:https://webpro.twse.com.tw/WebPortal/vod/101/0BC2B5556544-EE29B40F-2D9A-11F1-9D52/?categoryId=101 ,"無","查詢"
"6672","騰輝電子-KY","115/03/17","14:30","台開大樓19樓(台北市重慶南路一段2號19樓)","本公司受邀參加永豐金證券舉辦之法人說明會，說明本公司營運狀況","667220260316M001.pdf","667220260316E001.pdf","",中文影音檔網址:6672_21_20260317_ch.mp4 ,"無","查詢"
"6672","騰輝電子-KY","115/05/29","11:15","台北市信義區松壽路2號3樓","向投資人說明115年第一季營運結果與未來展望。","667220260508M001.pdf","667220260508E001.pdf","","","無","查詢"
"6672","騰輝電子-KY","115/05/08","14:30","台開大樓19樓(台北市重慶南路一段2號19樓)","主要向投資人說明本公司營運概況、財務及業務狀況。","667220260508M001.pdf","667220260508E001.pdf","",中文影音檔網址:6672_22_20260508_ch.mp4 ,"無","查詢"
"6689","伊雲谷","115/03/31","14:30","統一證券總公司B202會議室(台北市松山區東興路8號B2)","本公司受邀參加統一證券國法部舉辦之法人說明會，說明本公司之營運概況、財務及業務相關資訊。","668920260331M001.pdf","668920260331E001.pdf","https://www.ecloudvalley.com/tw/p/investors-shareholder-services#","","無","查詢"
"6689","伊雲谷","115/05/21","16:00","線上法說會","本公司受邀參加由CGS International舉辦之線上法說會「5th CGSI Global Tech Virtual Conference 2026」，說明本公司之營運概況、財務及業務相關資訊。","668920260521M001.pdf","668920260521E001.pdf","https://www.ecloudvalley.com/tw/p/investors-shareholder-services#","","無","查詢"
"6691","洋基工程","115/03/10","15:40","台北晶華酒店(台北市中山北路二段39巷3號) 4F會議廳","本公司受邀參加永豐金證券舉辦之「2026 Q1產業投資論壇」法人說明會","669120260310M001.pdf","669120260310E001.pdf","https://www.yankey.com/chinese/investment/",法說會影音連結資訊:https://www.yankey.com/chinese/investment/43/4-1/209/ ,"無","查詢"
"6691","洋基工程","115/05/28","15:10","台北君悅酒店(台北市信義區松壽路2號3樓)","本公司受邀參加富邦證券舉辦之「2026 Q2投資論壇」","內容檔案於當日會後公告於公開資訊觀測站","內容檔案於當日會後公告於公開資訊觀測站","https://www.yankey.com/chinese/investment/","","無","查詢"
"6719","力智","115/03/02","14:30","線上","本公司受邀參加福邦證券舉辦之線上法人說明會","671920260302M001.pdf","671920260302E001.pdf","www.upi-semi.com/投資人關係/法人說明會/?lang=zh-hant",法說會影音連結資訊:https://youtu.be/69dGk1cu9Zc ,"無","查詢"
"6719","力智","115/05/05","14:30","線上","本公司受邀參加福邦證券舉辦之線上法人說明會","671920260505M001.pdf","671920260505E001.pdf","www.upi-semi.com/投資人關係/法人說明會/?lang=zh-hant","","無","查詢"
"6722","輝創","115/05/14","16:00","台北市信義路五段7號1樓(台北101大樓之證交所1樓資訊展示中心)","本公司受邀參加富邦證券舉辦法人說明會，分享近期營運狀況及未來展望說明","672220260514M001.pdf","672220260514E001.pdf","https://www.whetron.com/investor_conference/",法說會影音連結資訊:https://youtu.be/8NkHOZUJ5uo?si=P9RSjQ7En2XTZZSB ,"無","查詢"
"6756","威鋒電子","115/05/06","14:30","線上法說會","本公司受邀參加凱基證券舉辦之線上法人說明會，就本公司已公開發佈之訊息作說明。","675620260506M001.pdf","675620260506E001.pdf","https://www.via-labs.com/investor_activity.php",中文影音檔網址:6756_12_20260506_ch.mp4 ,"無","查詢"
"6757","台灣虎航","115/03/17","15:00","台北茹曦酒店2F貴賓軒5（台北市松山區敦化北路100號）","本公司受邀參加群益金鼎證券舉辦之法人說明會，說明本公司營運概況。","675720260317M001.pdf","675720260317E001.pdf","https://www.tigerairtw.com/zh-TW/about-tigerair/investors",中文影音檔網址:6757_11_20260317_ch.MP4 ,"無","查詢"
"6768","志強-KY","115/03/18","14:00","康和綜合證券總公司B2樓會議室
台北市信義區基隆路一段176號B2","受邀參加法人說明會","676820260317M001.pdf","676820260317E001.pdf","",法說會影音連結資訊:https://www.youtube.com/watch?v=1uTlb8D4SHc ,"無","查詢"
"6768","志強-KY","115/03/19","09:00","台北君悅酒店","本公司受邀參加BofA Securities舉辦之「2026 Asia Tech Conference」","676820260317M002.pdf","676820260317E002.pdf","","","無","查詢"
"6770","力積電","115/03/17 至 115/03/19","11:00","台北君悅酒店","本公司受邀參加BofA Securities舉辦之「2026 Asia Tech Conference」，就公司營運概況向投資機構做說明。","677020260306M001.pdf","677020260306E001.pdf","https://www.powerchip.com/","","無。","查詢"
"6770","力積電","115/03/09 至 115/03/10","15:00","台北遠東香格里拉","本公司受邀參加花旗證券舉辦之「Citi’s 2026 Taiwan Corporate Day」，就公司營運概況向投資機構做說明。","677020260306M001.pdf","677020260306E001.pdf","https://www.powerchip.com/","","無。","查詢"
"6770","力積電","115/03/12 至 115/03/13","14:00","台北君悅酒店","本公司受邀參加J.P. Morgan舉辦之「Taiwan CEO-CFO Conference」，就公司營運概況向投資機構做說明。","677020260306M001.pdf","677020260306E001.pdf","https://www.powerchip.com/","","無。","查詢"
"6770","力積電","115/02/05","15:00","線上","(1)本公司2025年第四季財務暨營運報告。
(2)參加方式：https://www.itvcloud.org/Investor/Live/Index/psmc","677020260205M001.pdf","677020260205E001.pdf","https://www.powerchip.com/",同步收看網址：:https://www.itvcloud.org/Investor/Live/Index/psmc 法說會影音連結資訊:https://www.itvcloud.org/Investor/VOD/mov/psmc?vid=d5aadd73-5e36-4d71-98d7-9d6e1342d5f3 ,"無。","查詢"
"6770","力積電","115/04/07","15:10","臺灣證券交易所(101大樓)1樓資訊展示中心","本公司受邀參加臺灣證券交易所舉辦之115年「AI產業」主題式業績發表會及產業講座，就公司營運概況向投資機構做說明。","677020260324M001.pdf","677020260324E001.pdf","https://www.powerchip.com/","","無。","查詢"
"6770","力積電","115/04/21","15:00","線上","(1)本公司2026年第一季財務暨營運報告。
(2)參加方式：https://www.itvcloud.org/Investor/Live/Index/psmc","677020260421M001.pdf","677020260421E001.pdf","https://www.powerchip.com/",同步收看網址：:https://www.itvcloud.org/Investor/Live/Index/psmc 法說會影音連結資訊:https://www.itvcloud.org/Investor/VOD/mov/psmc?vid=91782706-f77a-4c90-895c-0644baea41cc ,"無。","查詢"
"6771","平和環保-創","115/03/27","14:00","本公司受邀參加福邦證券舉辦之線上法人說明會","本公司受邀參加福邦證券舉辦之線上法說會，會中介紹本公司114年第4季營運成果及未來展望。","677120260327M001.pdf","677120260327E001.pdf","https://www.pinghounion.com.tw/page/about/index.aspx?kind=85&amp;lang=TW",法說會影音連結資訊:https://youtu.be/9Pqf5QSUDS0 ,"無","查詢"
"6776","展碁國際","115/03/30","14:00","線上法說會","本公司受邀參加永豐金證券舉辦之線上法說會，會中就展碁國際
已公開發佈之財務業務狀況進行說明。","677620260327M001.pdf","677620260327E001.pdf","",中文影音檔網址:6776_18_20260330_ch.mp4 ,"無","查詢"
"6782","視陽","115/03/13","13:30","台北艾麗酒店(台北市信義區松高路18號5樓)","本公司受邀參加中信證券所舉辦之論壇，會中就本公司之財務數字、經營績效等相關資訊說明。","678220260313M001.pdf","678220260313E001.pdf","https://www.viscovision.com.tw/tw/investors_corporate.html",中文影音檔網址:6782_15_20260313_ch.MP4 ,"相關資訊請洽中信證券 王小姐 (02)6639-2799","查詢"
"6782","視陽","115/05/15","14:00","線上法人說明會","本公司受邀參加凱基證券所舉辦之線上法人說明會，會中就本公司之財務數字、經營績效等相關資訊說明。","678220260515M001.pdf","678220260515E001.pdf","https://www.viscovision.com.tw/tw/investors_corporate.html","","報名連結：https://forms.gle/yKe9Le8zrpcGv7wM7","查詢"
"6789","采鈺","115/02/12","15:00","線上法人說明會","(1) 公布本公司2025年第4季財務報告及業績展望。
(2) 參加方式：請參見
https://www.viseratech.com/tw/investor/operation-report/","678920260212M001.pdf","678920260212E001.pdf","https://www.viseratech.com/tw/investor/operation-report/",同步收看網址：:https://webpage-ott2b.cdn.hinet.net/webpage/live?contentProvider=viseratech 法說會影音連結資訊:https://ottlive.hinet.net/webapp/viseratech/watch?v=3599 ,"無","查詢"
"6789","采鈺","115/03/18","13:00","台北君悅酒店","本公司受邀115年3月18日參加美銀證券所舉辦之「2026 Asia Tech Conference」。","678920260212M001.pdf","678920260212E001.pdf","https://www.viseratech.com/tw/investor/operation-report/","","無","查詢"
"6790","永豐實","115/02/26","14:00","線上法說會","本公司受邀參加元富證券線上法說會，說明2025年營運財務狀況及未來營運展望","679020260225M001.pdf","679020260225E001.pdf","https://www.yfycpg.com/zh-TW/investor/shareholder-services",中文影音檔網址:6790_20_20260226_ch.mp4 ,"無","查詢"
"6790","永豐實","115/05/08","14:00","線上法說會","本公司受邀參加元大證券線上法說會，說明2026年第一季度營運財務狀況及未來營運展望","679020260507M001.pdf","679020260507E001.pdf","https://www.yfycpg.com/zh-TW/investor/shareholder-services","","無","查詢"
"6792","詠業","115/02/26","15:00","線上法說會","本公司受邀參加群益金鼎證券於115年2月26日舉辦之線上投資法人座談會，向投資人說明114年度營業成果及未來營運展望","679220260226M001.pdf","679220260226E001.pdf","https://www.unictron.com",中文影音檔網址:6792_18_20260226_ch.mp4 ,"本次採 Webex 視訊會議，線上法說報名網址： https://www.surveycake.com/s/aMaaN","查詢"
"6805","富世達","115/03/12 至 115/03/18","10:00","台北君悅酒店","本公司受邀參加J.P.Morgan於3/12舉辦之J.P. Morgan Taiwan CEO-CFO Conference，及Bank of America於3/18舉辦之2026 BofA Asia Tech Conference,說明本公司之營運概況","680520260305M001.pdf","680520260305E001.pdf","","","無","查詢"
"6805","富世達","115/03/05","14:00","台北市信義區菸廠路88號6樓(台北文創大樓)","本公司受邀參加富邦證券舉辦之法人說明會,說明本公司之營運概況","680520260305M001.pdf","680520260305E001.pdf","有,網址:https://www.fositek.com/",法說會影音連結資訊:https://youtu.be/MbdwNSUVkuo ,"無","查詢"
"6805","富世達","115/04/14 至 115/04/15","15:00","新加坡","本公司受邀參加J.P MORGAN舉辦之NDR 說明營運現況及未來展望","680520260305M001.pdf","680520260305E001.pdf","有,網址:https://www.fositek.com/","","無","查詢"
"6805","富世達","115/05/05","14:30","台北市敦化南路一段108號B2(富邦國際會議中心)","本公司受邀參加富邦證券舉辦之法人說明會,說明本公司之營運概況","680520260505M001.pdf","680520260505E001.pdf","有,網址:https://www.fositek.com/",法說會影音連結資訊:https://youtu.be/tU1JIN5nM4k ,"無","查詢"
"6805","富世達","115/05/28","10:30","台北文華東方酒店(台北市松山區敦化北路158號)","本公司受邀參加由摩根士丹利證券舉辦之&quot;Morgan Stanley Asia AI Summit 2026&quot;,說明本公司營運狀況。","680520260505M001.pdf","680520260505E001.pdf","","","無","查詢"
"6805","富世達","115/05/29","15:40","W Hotel","本公司受邀參加Daiwa Taiwan Corporate Day，說明本公司營運狀況。","680520260505M001.pdf","680520260505E001.pdf","","","無","查詢"
"6805","富世達","115/06/01","10:00","台北君悅酒店(台北市信義區松壽路2號)","本公司受邀參匯豐舉辦之「HSBC Taiwan Conference」，說明本公司之營運狀況。","680520260505M001.pdf","680520260505E001.pdf","","","無","查詢"
"6805","富世達","115/06/02","10:00","W Hotel(台北市信義區忠孝東路五段10號)","本公司受邀參加高盛證券舉辦之「GS Taiwan Computex &amp; Corporate Day Jun 2026」，說明本公司營運概況。","680520260505M001.pdf","680520260505E001.pdf","","","無","查詢"
"6805","富世達","115/05/27","11:00","台北君悅飯店(台北市信義區松壽路2號)","本公司受邀參加BofA Securities舉辦之「Pre-Computex Taiwan Tech Day」,說明本公司營運狀況","680520260505M001.pdf","680520260505E001.pdf","","","無","查詢"
"6830","汎銓","115/03/05","14:00","集思北科大會議中心(臺北市大安區忠孝東路三段1號2樓)","本公司受凱基證券邀請參加「凱基證券2026年第一季投資論壇」，簡介本公司營運績效及策略","683020260303M002.pdf","683020260303E002.pdf","https://www.msscorps.com/ec99/rwd1520/category.asp?category_id=70",中文影音檔網址:6830_15_20260305_ch.MP4 ,"無","查詢"
"6830","汎銓","115/01/21 至 115/01/22","09:30","香港","本公司受邀參加IR Trust舉辦之香港NDR行程","683020260119M002.pdf","683020260119E002.pdf","https://www.msscorps.com/ec99/rwd1520/category.asp?category_id=70","","無","查詢"
"6830","汎銓","115/05/27","14:35","台北君悅酒店三樓會議廳(台北市信義區松壽路2號)","國泰證券2026第二季產業論壇","683020260525M001.pdf","683020260525E001.pdf","https://www.msscorps.com/ec99/rwd1520/category.asp?category_id=70",法說會影音連結資訊:未輸 ,"無","查詢"
"6830","汎銓","115/04/17","12:30","台北市南京東路五段188號15樓","本公司受國票證券邀請參加法人說明會","683020260416M001.pdf","683020260416E001.pdf","https://www.msscorps.com/ec99/rwd1520/category.asp?category_id=70",中文影音檔網址:6830_16_20260417_ch.MP4 ,"無","查詢"
"6831","邁科","115/03/27","14:30","宏遠證券7樓會議室(台北市大安區信義路四段236號7樓)","本公司受邀參加宏遠證券舉辦之法人說明會，說明本公司營運成果及未來展望。","683120260327M001.pdf","683120260327E001.pdf","https://www.microloops.com/web/investor/investor_in.jsp?np_no=NP1661141444306",法說會影音連結資訊:https://youtu.be/ioLnu6KD4dk ,"無","查詢"
"6838","台新藥","115/01/23","15:00","凱基證券(台北市中山區明水路700號)","本公司受邀參加凱基證券舉辦之法人說明會，說明本公司營運狀況","683820260123M001.pdf","683820260123E001.pdf","https://www.formosapharma.com/zh/%e8%82%a1%e6%9d%b1%e5%b0%88%e5%8d%80/",法說會影音連結資訊:https://www.youtube.com/watch?v=zI4SnX3AujU ,"無","查詢"
"6861","睿生光電","115/03/12","14:30","實體及線上法說會，實體法說會地點：寒舍艾美酒店3F 翡翠廳 (台北市信義區松仁路38號)","(1).報告114年第四季公司營運成果及未來營運展望。
(2) 參加方式：請參見https://www.innocare-x.com/investor-relations/investor-conference_list/","686120260312M002.pdf","686120260312E002.pdf","https://www.innocare-x.com/investor-relations/investor-conference_list/",同步收看網址：:https://wms.gridow.com/ir/innolux/innolux_1H26_en.html 法說會影音連結資訊:https://wms.gridow.com/ir/innolux/innolux_1H26_en.html ,"無","查詢"
"6862","三集瑞-KY","115/03/13","11:10","晶華國際酒店 (台北市中山北路二段39巷3號4)","本公司受邀參加華南永昌證券舉辦之春季企業論壇，說明公司營運成果以及未來展望相關資訊","686220260312M003.pdf","686220260312E003.pdf","https://zh-tw.trio.com.tw/cate-375636.htm",法說會影音連結資訊:未輸 ,"無","查詢"
"6862","三集瑞-KY","115/05/29","14:30","富邦金融大樓15樓(台北市仁愛路四段169號）","本公司受邀參加富邦證券舉辦之法人說明會，說明115年第一季財務業務相關資訊","內容檔案於當日會後公告於公開資訊觀測站","內容檔案於當日會後公告於公開資訊觀測站","https://zh-tw.trio.com.tw/cate-375636.htm",法說會影音連結資訊:未輸 ,"無","查詢"
"6863","永道-KY","115/04/10","14:00","台開大樓(台北市重慶南路一段2號22樓)","本公司受邀參加永豐金證券舉辦之法人說明會，說明2025年度第四季營運結果","686320260410M001.pdf","686320260410E001.pdf","https://www.arizonrfid.com/zh_TW/shareholder",法說會影音連結資訊:https://youtu.be/7loM-YxDCLI ,"無","查詢"
"6863","永道-KY","115/03/19","09:00","台北君悅酒店(台北市松壽路2號)","本公司受邀參加Bank of America 舉辦之 2026 Asia Tech Conference，並就本公司營運狀況做一說明。","686320260318M001.pdf","686320260318E001.pdf","https://www.arizonrfid.com/zh_TW/shareholder","","無","查詢"
"6869","雲豹能源","115/03/23","14:30","台北市內湖區基湖路1號B1樓(寀蘴國際大樓）","本公司受邀參加凱基證券股份有限公司主辦之法人說明會，向投資人說明本公司之營運概況、財務及業務相關資訊。","686920260323M001.pdf","686920260323E001.pdf","https://www.jv-holding.com/shareholder2.aspx","","無","查詢"
"6869","雲豹能源","115/05/20","15:30","線上法說會","本公司受邀參加凱基證券股份有限公司主辦之法人說明會， 
向投資人說明本公司之營運概況、財務及業務相關資訊。","686920260520M001.pdf","686920260520E001.pdf","https://www.jv-holding.com/shareholder2.aspx",中文影音檔網址:6869_27_20260520_ch.mp4 ,"無","查詢"
"6873","泓德能源","115/05/13","13:00","華南銀行國際會議中心3樓（臺北市信義區松仁路123號）","受邀參加元大證券舉辦之法人說明會","687320260519M001.pdf","687320260519E001.pdf","https://www.hdrenewables.com/investor-relations/investor-meetings/",中文影音檔網址:6873_26_20260513_ch.mp4 ,"無。","查詢"
"6887","寶綠特-KY","115/03/09","14:30","臺北市中山區明水路700號(凱基證券)","說明本公司之營運概況、財務及業務相關資訊。","688720260306M001.pdf","688720260306E001.pdf","https://bo-re-tech.group/",中文影音檔網址:6887_4_20260309_ch.mp4 ,"相關資訊請至公開資訊觀測站之法人說明會一覽表或法說會項目下查閱。","查詢"
"6890","來億-KY","115/03/18","09:30","香港君悅酒店(香港灣仔港灣道1號)","本公司受邀參加Jefferies Asia Forum香港論壇，會中說明本公司營運概況","689020260306M001.pdf","689020260306E001.pdf","https://www.laiyih.com/investor-conference","","無","查詢"
"6890","來億-KY","115/03/10","14:30","富邦金融大樓二樓會議室(台北市仁愛路四段169號二樓)","本公司受邀參加富邦證券舉辦之法人說明會，會中說明本公司營運概況。","689020260306M001.pdf","689020260306E001.pdf","https://www.laiyih.com/investor-conference",法說會影音連結資訊:https://www.youtube.com/watch?v=dA1ILBj_s6s ,"無","查詢"
"6901","鑽石投資","115/03/27","15:00","線上法說會","說明本公司營運概況及財務業務相關資訊。連結：https://reurl.cc/x3kqz4","690120260327M001.pdf","690120260327E001.pdf","https://reurl.cc/x3kqz4",中文影音檔網址:6901_13_20260327_ch.mp4 ,"簡報資訊將依規定公告於公開資訊觀測站。","查詢"
"6902","GOGOLOOK","115/03/04","14:30","台証金融大樓B1 福爾摩沙廳(台北市中山區建國北路一段96號B1)","本公司受邀參加台新綜合證券舉辦之法人說明會，說明本公司營運成果以及未來展望。","690220260304M001.pdf","690220260304E001.pdf","https://www.gogolook.com/zh-tw/investors/financial/conference",中文影音檔網址:6902_16_20260304_ch.MP4 ,"完整財務業務資訊請至公開資訊觀測站之法人說明會一覽表或法說會項目下查閱。","查詢"
"6902","GOGOLOOK","115/04/22 至 115/04/23","16:00","線上法說會(台灣)","本公司受邀參加115年4月22日至115年4月23日由寬量國際主辦之「19th QIC CEO Week」，說明本公司之營運概況、財務及業務相關資訊。","690220260421M001.pdf","690220260421E001.pdf","https://www.gogolook.com/zh-tw/investors/financial/conference","","完整財務業務資訊請至公開資訊觀測站之法人說明會一覽表或法說會項目下查閱。","查詢"
"6902","GOGOLOOK","115/05/15","14:30","群益金鼎證券(民生東路三段156號)7樓會議室","本公司受邀參加群益金鼎證券舉辦之法人說明會，說明本公司營運成果以及未來展望。","690220260515M001.pdf","690220260515E001.pdf","https://www.gogolook.com/zh-tw/investors/financial/conference",中文影音檔網址:6902_18_20260515_ch.MP4 ,"完整財務業務資訊請至公開資訊觀測站之法人說明會一覽表或法說會項目下查閱。","查詢"
"6908","宏碁遊戲-創","115/03/04","14:30","台北遠東國際大飯店三樓宴會廳(台北市大安區敦化南路二段201號3樓)","A.本公司依「有價證券初次上市前業績發表會實施要點規定」，於上市前辦理股票初次上市前業績發表會。
B.本次業績發表會將說明產業發展、財務業務狀況、未來風險、公司治理及企業社會責任、暨臺灣證券交易所股份有限公司要求補充揭露事項。","690820260402M001.pdf","690820260402E001.pdf","https://www.acergaming.com/investors/investors-6-1","","無","查詢"
"6908","宏碁遊戲-創","115/02/25","15:00","台北市松山區敦化南路一段108號B2","本公司受邀參加富邦證券舉辦之法人說明會，向投資人說明本公司營運相關資訊。","690820260225M001.pdf","690820260225E001.pdf","","","無","查詢"
"6914","阜爾運通","115/05/21","14:30","線上法人說明會","本公司受邀參加中國信託綜合證券舉辦之線上法人說明會","691420260521M001.pdf","691420260521E001.pdf","https://www.pss-group.com/financial2.php",中文影音檔網址:6914_7_20260521_ch.mp4 ,"無","查詢"
"6919","康霈*","115/02/25","12:30","台北市信義區信義路五段7號88樓","本公司受邀參加Morgan Stanley (摩根士丹利證券股份有限公司) 舉辦之Taiwan Discovery Forum: Spotlight on Taiwan Non-Tech，並將於會中說明本公司營運進展。","691920260206M001.pdf","691920260206E001.pdf","","","無。","查詢"
"6919","康霈*","115/03/03","13:30","台北晶華酒店4F","本公司受邀參加元大證券辦理之第一季投資論壇，並將於會中說明本公司營運進展。","691920260206M001.pdf","691920260206E001.pdf","",中文影音檔網址:6919_23_20260303_ch.mp4 ,"無。","查詢"
"6919","康霈*","115/02/06","14:00","線上法人說明會。","(1)公告本公司115年2月6日受邀參加元大證券舉辦之線上法人說明會，並將於會中說明本公司營運進展。 
(2)本次法說會採線上報名，有意參加者請至以下網址報名。 
https://www.surveycake.com/s/zpxQo","691920260206M001.pdf","691920260206E001.pdf","","","無。","查詢"
"6919","康霈*","115/05/26","15:15","台北晶華酒店","本公司受邀參加台新證券舉辦之2026年第二季全球投資論壇，並將於會中
說明本公司營運進展。","內容檔案於當日會後公告於公開資訊觀測站","內容檔案於當日會後公告於公開資訊觀測站","","","無。","查詢"
"6923","中台","115/03/25","14:00","凱基證券總部大樓(台北市明水路700號)","公司營運及財務狀況說明","692320260323M001.pdf","692320260323E001.pdf","",中文影音檔網址:6923_13_20260325_ch.mp4 ,"本公司受邀參加凱基證券法&#12040;說明會","查詢"
"6924","榮惠-KY創","115/03/25","15:00","台北市中山區明水路700號12樓","本公司受邀參加凱基證券舉辦之法人說明會，說明本公司營運成果及未來展望。","692420260325M001.pdf","692420260325E001.pdf","https://www.ei-kei.com/shareholders",法說會影音連結資訊:https://youtu.be/lQg4Yt6O3zc ,"無。","查詢"
"6924","榮惠-KY創","115/05/14","14:30","台北市中正區忠孝西路一段6號4樓","本公司受邀參加中國信託證券舉辦之法人說明會，說明本公司營運成果及未來展望。","692420260514M001.pdf","692420260514E001.pdf","https://www.ei-kei.com/shareholders",法說會影音連結資訊:https://youtu.be/NwgrQ3K4JP8 ,"無。","查詢"
"6934","心誠鎂","115/01/09","14:30","台北君悅飯店3F凱悅二廳(台北市信義區松壽路2號)","(1)本公司依據「臺灣證券交易所股份有限公司有價證券初次上市前業績發表會實施要點」規定，於上市前辦理股票初次上市業績發表會。
(2)本次業績發表會將說明產業發展、財務業務狀況、未來風險、公司治理及企業社會責任及臺灣證券交易所股份有限公司董事會暨上市審議委員會要求補充揭露事項等項目。","693420260105M001.pdf","693420260105E001.pdf","https://www.hcmed-inno.com/tw","","無","查詢"
"6934","心誠鎂","115/04/14","14:30","元大金融廣場(臺北市大安區仁愛路三段157號)3樓D廳","本公司受邀參加元大證券舉辦之法人說明會， 說明公司營運概況資訊。","693420260423M001.pdf","693420260423E001.pdf","https://www.hcmed-inno.com/tw",中文影音檔網址:6934_4_20260414_ch.mp4 ,"無","查詢"
"6937","天虹","115/03/17","15:00","茹曦酒店(台北市松山區敦化北路100號)","本公司受邀參加群益金鼎證券舉辦之「2026年第一季投資論壇」，說明本公司營運概況。","693720260316M005.pdf","693720260316E005.pdf","https://www.skytech.com.tw",法說會影音連結資訊:https://www.skytech.com.tw/shareholder_tw.php?id=5319 ,"無","查詢"
"6937","天虹","115/03/17","09:00","台北君悅酒店","本公司受邀參加美林證券所舉辦之“2026 Asia Tech Conference”投資論壇,說明本公司之營運概況","693720260316M004.pdf","693720260316E004.pdf","https://www.skytech.com.tw","","無","查詢"
"6944","兆聯實業","115/03/18","14:30","富邦國際會議中心 (台北市敦化南路一段108號B2)","本公司受邀參加富邦證券主辦之法說會，說明公司營運概況等相關資訊。","694420260318M001.pdf","694420260318E001.pdf","https://www.megaunion-tw.com/tw/investor/announcement?meeting",法說會影音連結資訊:https://www.youtube.com/watch?v=dAj5xfyWCVk&t=1s ,"無","查詢"
"6944","兆聯實業","115/04/16","14:00","證券交易所一樓資訊展示中心(台北市信義區信義路五段7號)","本公司受邀參加台灣證券交易所股份有限公司舉辦之法人說明會","694420260415M001.pdf","694420260415E001.pdf","https://www.megaunion-tw.com/tw/investor/announcement?meeting",法說會影音連結資訊:https://www.youtube.com/watch?v=8yJQhLMG85k ,"無","查詢"
"6944","兆聯實業","115/05/27","14:00","台北市長安東路一段35號2樓","本公司受邀參加第一金證券舉辦之法人說明會","內容檔案於當日會後公告於公開資訊觀測站","內容檔案於當日會後公告於公開資訊觀測站","https://www.megaunion-tw.com/tw/investor/announcement?meeting",法說會影音連結資訊:未輸 ,"無","查詢"
"6951","青新-創","115/06/04","14:30","台北市中正區忠孝西路一段6號14樓會議室","說明本公司近期之營運成果與未來展望。","內容檔案於當日會後公告於公開資訊觀測站","內容檔案於當日會後公告於公開資訊觀測站","https://www.chin-hsin.com.tw/Investor/EarningCall",法說會影音連結資訊:未輸 ,"無","查詢"
"6952","大武山","115/05/13","14:30","台北市南京東路三段219號11樓","本公司受邀參加元大證券舉辦之實體法說會，說明本公司營運現況及展望","695220260508M001.pdf","695220260508E001.pdf","https://www.dawushan.com.tw/shareholder?category=inverstors-conference",法說會影音連結資訊:https://www.dawushan.com.tw/shareholder?category=inverstors-conference ,"完整財務業務資訊請至公開資訊觀測站之法人說明會一覽表或法說會項目下查閱","查詢"
"6957","裕慶-KY","115/03/19","14:30","台北市中山區明水路700號12樓會議廳(凱基證券大樓)","本公司受邀參加凱基證券舉辦之法人說明會，公司團隊將與您分享裕慶-KY的最新營運成果。","695720260319M001.pdf","695720260319E001.pdf","https://www.hzfixtures.com/investor-conference-materials2",法說會影音連結資訊:https://www.youtube.com/watch?v=EgHd2sh6anc ,"無","查詢"
"6962","奕力-KY","115/03/05","14:30","線上法說會","本公司受邀參加永豐金證券舉辦之線上法人說明會，
說明本公司之營運概況。","696220260305M002.pdf","696220260305E002.pdf","https://www.ilitekholding.com/investors/shareholders/conference",法說會影音連結資訊:https://youtu.be/1QqK6Fz9A5Q ,"報名請洽永豐金證券鄒小姐(02)23828166或e-mail : ECM@sinopac.com","查詢"
"6962","奕力-KY","115/05/13","14:30","線上法說會","本公司受邀參加永豐金證券舉辦之線上法人說明會，說明本公司之營運概況。","696220260513M001.pdf","696220260513E001.pdf","https://www.ilitekholding.com/investors/shareholders/conference",法說會影音連結資訊:https://youtu.be/Q9BK5Y6pKwQ ,"報名請洽永豐金證券鄒小姐(02)23828166或e-mail : ECM@sinopac.com","查詢"
"6965","中傑-KY","115/03/13","14:00","線上法說會","本公司受邀參加由台新證券舉辦之線上座談會，說明本公司之營運概況、財務及業務相關資訊。","696520260313M001.pdf","696520260313E001.pdf","http://www.chungjye.com.tw/?page_id=4427",中文影音檔網址:6965_8_20260313_ch.mp4 ,"無","查詢"
"6965","中傑-KY","115/05/27","14:30","線上法說會","本公司受邀參加凱基證券舉辦之線上法人說明會，說明本公司之營運概況、財務及業務相關資訊。","內容檔案於當日會後公告於公開資訊觀測站","內容檔案於當日會後公告於公開資訊觀測站","http://www.chungjye.com.tw/?page_id=4427","","無","查詢"
"6994","富威電力","115/05/08","14:30","台北市忠孝西路一段6號7樓(福邦證券股份有限公司)","本公司受邀參加福邦證券舉辦線上法說會，分享本公司營運狀況及未來展望說明","699420260511M001.pdf","699420260511E001.pdf","https://www.fwp.com.tw/Investor/GovernanceNews",中文影音檔網址:6994_5_20260508_ch.MP4 ,"無","查詢"
"7610","聯友金屬-創","115/05/28","15:10","台北君悅酒店(台北市信義區松壽路2號3樓)","本公司受邀參加富邦證券舉辦之富邦證券 2026 第二季投資論壇，說明本公司財務及業務相關資訊。","內容檔案於當日會後公告於公開資訊觀測站","內容檔案於當日會後公告於公開資訊觀測站","https://www.lianyoucorp.com/article.php?lang=tw&amp;tb=4&amp;cid=3",法說會影音連結資訊:未輸 ,"相關資訊請至公開資訊觀測站之法人說明會一覽表或法說會項目下查閱。","查詢"
"7631","聚賢研發-創","115/05/04","14:30","宏遠證券703會議室 (台北市信義路四段236號7樓)","本公司受邀宏遠證券舉辦法人說明會，說明2025年度營運成果及公司營運現況暨未來展望","763120260427M001.pdf","763120260427E001.pdf","https://www.geniideas.com.tw/tw/investor/shareholders?shareholders-tab=investor",法說會影音連結資訊:https://www.geniideas.com.tw/tw/investor/shareholders?shareholders-tab=investor ,"無。完整財務業務資訊請至公開資訊觀測站之法人說明會一覽表或法說會項目下查閱。","查詢"
"7711","永擎","115/03/09","14:30","富邦國際會議中心(台北市敦化南路一段108號B2)","本公司受富邦證券股份有限公司邀請召開法人說明會，說明公司營運概況與未來展望。","771120260309M001.pdf","771120260309E001.pdf","https://www.asrockrack.com/general/Investor.tw.asp?cat=Finance",法說會影音連結資訊:https://drive.google.com/file/d/1-9tgzVbHFfF7FVqrqmZAd0Ks9CzS2BrK/view?usp=drivesdk ,"無","查詢"
"7711","永擎","115/05/29","14:30","台北市松山區南京東路五段188號15樓","本公司受國票綜合證券股份有限公司邀請召開法人說明會，說明公司近期營運概況。","內容檔案於當日會後公告於公開資訊觀測站","內容檔案於當日會後公告於公開資訊觀測站","https://www.asrockrack.com/general/Investor.tw.asp?cat=Finance",法說會影音連結資訊:未輸 ,"無","查詢"
"7722","LINEPAY","115/03/19","14:30","連加網路商業股份有限公司 18F Arena
(台北市南港區經貿二路121號18樓)","本公司召開法人說明會，說明公司營運及未來展望。","772220260319M001.pdf","772220260319E001.pdf","https://pay.line.me/portal/tw/main",法說會影音連結資訊:https://youtu.be/WhUZzeKqaTU ,"報名連結：https://reurl.cc/R26jen","查詢"
"7749","意騰-KY","115/03/17","14:30","線上法說會","本公司受邀參加由元大證券舉辦之線上法說會，說明本公司之營運概況及財務相關資訊。","774920260316M001.pdf","774920260316E001.pdf","https://www.intelli-go.com/zh-tw/investor-area/investor-59",中文影音檔網址:7749_7_20260317_ch.mp4 ,"無。","查詢"
"7750","新代","115/03/05","11:00","集思北科大會議中心(台北市大安區忠孝東路三段1號)","本公司受邀參加凱基證券2026年第一季投資論壇，說明本公司營運概況。","775020260304M001.pdf","775020260304E001.pdf","https://www.syntecclub.com/EarningsCall.aspx","","無","查詢"
"7750","新代","115/03/19","14:00","台北君悅酒店(台北市信義區松壽路2號)","本公司受邀參加BofA Securities 2026 Asia Tech conference，說明本公司營運概況。","775020260319M001.pdf","775020260319E001.pdf","https://www.syntecclub.com/EarningsCall.aspx","","無","查詢"
"7750","新代","115/05/22","14:00","富邦國際會議中心(台北市敦化南路一段108號B2F B廳)","本公司受邀參加富邦證券舉辦之法人說明會，說明本公司營運概況。","775020260522M001.pdf","775020260522E001.pdf","https://www.syntecclub.com/news.aspx#TopNews",法說會影音連結資訊:https://youtu.be/nuSGq9xLXmY ,"無","查詢"
"7760","享溫馨","115/03/26","14:30","台北君悅飯店3樓凱悅廳一區(台北市信義區松壽路2號)","(1)本公司依據「臺灣證券交易所股份有限公司有價證券初次上市前業績發表會實施要點」規定，於上市前辦理股票初次上市業績發表會。
(2)本次業績發表會將說明產業發展、財務業務狀況、未來風險、公司治理及企業社會責任及臺灣證券交易所股份有限公司董事會暨上市審議委員會要求補充揭露事項等項目。","776020260325M001.pdf","776020260325E001.pdf","https://www.sws.com.tw/investors/legal_list.html","","無。","查詢"
"7765","中華資安","115/03/05","15:00","Webex線上法人說明會","本公司受邀參加元大證券舉辦之線上法人說明會。 報名網址：https://www.yuanta.com.tw/prod/icevent/icevent?id=237b946f-0f96-4c19-adbb-8bf6cbefcfa5","776520260305M001.pdf","776520260305E001.pdf","https://www.chtsecurity.com/investor/earnings",中文影音檔網址:7765_10_20260305_ch.mp4 ,"無","查詢"
"7765","中華資安","115/01/21","14:30","元大金融廣場（台北市仁愛路三段157號）","本公司受邀參加元大證券舉辦之法人說明會，說明公司營運概況及未來展望，參加者以元大證券邀請者為優先。","776520260121M001.pdf","776520260121E001.pdf","https://www.chtsecurity.com/investor/earnings","","無","查詢"
"7765","中華資安","115/01/23","14:30","國泰證券（台北市大安區忠孝東路四段219號5樓）","本公司受邀參加國泰證券舉辦之法人說明會，說明公司營運概況及未來展望，參加者以國泰證券邀請者為優先。","776520260121M001.pdf","776520260121E001.pdf","https://www.chtsecurity.com/investor/earnings","","無","查詢"
"7765","中華資安","115/05/12","15:00","Webex線上法人說明會","本公司受邀參加元大證券舉辦之線上法人說明會。 報名網址：https://www.yuanta.com.tw/prod/icevent/icevent?id=d45c0d7f-9873-42ff-8b7d-1cd1cbfaad4b","776520260512M001.pdf","776520260512E001.pdf","https://www.chtsecurity.com/investor/earnings",中文影音檔網址:7765_11_20260512_ch.mp4 ,"無","查詢"
"7768","頌勝科技","115/04/08","14:30","台北君悅酒店3樓凱悅廳一區(台北市信義區松壽路2號)","(1)本公司依據「臺灣證券交易所股份有限公司有價證券初次上市前業績發表會實施要點」規定，於上市前辦理股票初次上市業績發表會。 (2)本次業績發表會將說明產業發展、財務業務狀況、未來風險、公司治理及企業社會責任及臺灣證券交易所股份有限公司董事會暨上市審議委員會要求補充揭露事項等項目。","776820260407M001.pdf","776820260407E001.pdf","https://www.pvichem.com.tw/投資人專區/財務/法說會","","無。","查詢"
"7769","鴻勁","115/05/12","14:00","線上法說會","本公司受富邦證券股份有限公司邀請參加法人說明會，說明本公司營運及業務狀況。","776920260512M001.pdf","776920260512E001.pdf","https://www.honprec.com/stock/#conference",中文影音檔網址:7769_12_20260512_ch.mp4 ,"無。","查詢"
"7769","鴻勁","115/04/30","14:50","臺灣證券交易所(101大樓)1樓資訊展示中心","本公司受邀參加臺灣證券交易所舉辦之「AI產業」主題式業績發表會及產業講座，說明本公司營運概況。","776920260429M001.pdf","776920260429E001.pdf","https://www.honprec.com/stock/#conference","","無。","查詢"
"7769","鴻勁","115/03/18 至 115/03/19","14:00","台北君悅酒店","本公司受邀參加美林證券(BofA)舉辦之2026 Asia Tech Conference，說明本公司營運概況。","776920260312M001.pdf","776920260312E001.pdf","https://www.honprec.com/stock/#conference","","無。","查詢"
"7769","鴻勁","115/03/13","08:45","台北君悅酒店","本公司受邀參加JP Morgan舉辦之Taiwan CEO-CFO Conference，說明本公司營運概況。","776920260312M001.pdf","776920260312E001.pdf","https://www.honprec.com/stock/#conference","","無。","查詢"
"7769","鴻勁","115/03/12","14:30","張榮發基金會國際會議中心 1001會議廳（臺北市中正區中山南路11號10樓）","本公司受元大證券股份有限公司邀請參加法人說明會，說明本公司營運及業務狀況。","776920260312M001.pdf","776920260312E001.pdf","https://www.honprec.com/stock/#conference",中文影音檔網址:7769_7_20260312_ch.mp3 ,"無。","查詢"
"7769","鴻勁","115/04/14","09:00","新加坡Fullerton Hotel","本公司受邀參加寬量國際舉辦之19th QIC CEO Week，說明本公司營運概況。","776920260312M001.pdf","776920260312E001.pdf","https://www.honprec.com/stock/#conference","","無。","查詢"
"7769","鴻勁","115/05/15","09:00","新加坡君悅酒店Grand Hyatt","本公司受邀參加元大證券股份有限公司舉辦之2026年元大台灣科技日論壇Yuanta Taiwan Tech Day，說明本公司營運概況。","776920260512M001.pdf","776920260512E001.pdf","https://www.honprec.com/stock/#conference","","無。","查詢"
"7786","東方風能","115/03/30","16:00","線上法說會","本公司受邀參加富邦證券舉辦之線上法說會，說明本公司營運概況、財務及業務相關資訊。","778620260330M001.pdf","778620260330E001.pdf","https://www.dfo.com.tw","","無","查詢"
"7786","東方風能","115/04/14 至 115/04/16","09:00","新加坡Fullerton Hotel","本公司受邀參加寬量國際於新加坡主辦之「19th QIC CEO Week」，
說明本公司營運概況、財務及業務相關資訊。","778620260413M001.pdf","778620260413E001.pdf","https://www.dfo.com.tw","","無","查詢"
"7786","東方風能","115/05/14","14:00","元大金融廣場3樓國際會議廳D 
(台北市仁愛路三段157號)","本公司受邀參加元大證券舉辦之法人說明會，
說明2026年第一季度公司營運概況、財務及業務相關資訊。","778620260514M001.pdf","778620260514E001.pdf","https://www.dfo.com.tw",中文影音檔網址:7786_7_20260514_ch.mp4 ,"無","查詢"
"7788","松川精密","115/03/04","10:00","台北君悅酒店(台北市信義區松壽路2號3樓)","本公司受邀參加統一證券舉辦之2026Q1全球展望春季投資論壇，報告最新產業概況及未來展望。","778820260303M001.pdf","778820260303E001.pdf","https://www.songchuan.com/sc/?page_id=5594",中文影音檔網址:7788_4_20260304_ch.mp4 英文影音檔網址:7788_4_20260304_en.mp4 ,"無","查詢"
"7788","松川精密","115/01/16","14:30","元大金融廣場3樓-D會議廳(台北市仁愛路三段157號3樓)","本公司受邀參加元大證券舉辦之法人說明會，報告最新產業概況及未來展望。","778820260116M001.pdf","778820260116E001.pdf","https://www.songchuan.com/sc/?page_id=5594",中文影音檔網址:7788_3_20260116_ch.mp4 英文影音檔網址:7788_3_20260116_en.mp4 ,"無","查詢"
"7799","禾榮科","115/01/19 至 115/01/20","09:00","香港及新加坡","本公司受邀參加Morgan Stanley舉辦之「Non-Deal Roadshow」，會中就公司業務狀況等說明。","779920260116M001.pdf","779920260116E001.pdf","https://www.heron-neutron.com/investors/conference","","無","查詢"
"7799","禾榮科","115/02/02","09:00","香港","本公司受邀參加高盛(Goldman Sachs)舉辦之「Non-Deal Roadshow」","779920260116M001.pdf","779920260116E001.pdf","https://www.heron-neutron.com/investors/conference","","無","查詢"
"7799","禾榮科","115/03/19","11:30","香港","本公司受邀參加Jefferies舉辦之Jefferies Asia Forum","779920260226M001.pdf","779920260226E001.pdf","https://www.heron-neutron.com/investors/conference","","無","查詢"
"7799","禾榮科","115/03/03","09:30","台北市中山北路二段39巷3號4樓(台北晶華酒店)","本公司受邀參加元大證券舉辦之2026年第一季投資論壇，會中就公司業務狀況等說明。","779920260226M001.pdf","779920260226E001.pdf","https://www.heron-neutron.com/investors/conference",中文影音檔網址:7799_8_20260303_ch.mp4 ,"無","查詢"
"7799","禾榮科","115/04/14 至 115/04/16","09:00","新加坡Fullerton Hotel","本公司受邀參加寬量國際主辦之「19th QIC CEO Week」，向投資人說明本公司之營運概況、財務及業務相關資訊。","779920260410M001.pdf","779920260410E001.pdf","https://www.heron-neutron.com/investors/conference","","無","查詢"
"7803","雲象科技-創","115/04/24","14:30","台北君悅酒店3樓凱悅廳一區(地址：台北市信義區松壽路2號)","本次業績發表會將由本公司經營團隊說明產業發展、財務業務狀況、未來風險、公司治理及企業社會責任及臺灣證券交易所股份有限公司董事會暨上市審議委員會要求補充揭露事項。","780320260429M001.pdf","780320260429E001.pdf","","","完整業績發表會影音檔連結：https://www.youtube.com/watch?v=dYR0-ueNwgI","查詢"
"7818","溢泰實業","115/04/21","14:30","台北寒舍艾美酒店3樓翡翠珍珠廳(臺北市信義區松仁路38號)","(1)本公司依據「臺灣證券交易所股份有限公司有價證券初次上市前業績發表會實施要點」規定，於上市前辦理股票初次上市業績發表會。
(2)本次業績發表會將說明產業發展、財務業務狀況、未來風險、公司治理及企業社會責任及臺灣證券交易所股份有限公司董事會暨上市審議委員會要求補充揭露事項等項目。","內容檔案於當日會後公告於公開資訊觀測站","內容檔案於當日會後公告於公開資訊觀測站","https://www.kemflogroup.com/investor/SHAREHOLDER/SHAREHOLDER-3/#content","","無。","查詢"
"7821","神數","115/03/25","14:30","台北晶華酒店3樓宴會廳（台北市中山區中山北路二段39巷3號）","(1)本公司依「有價證券初次上市前業績發表會實施要點規定」，於上市前辦理股票初次上市前業績發表會。
(2)本次業績發表會將說明產業發展、財務業務狀況、未來風險、公司治理及企業社會責任及臺灣證券交易所股份有限公司董事會暨上市審議委員會要求補充揭露事項等項目。","782120260325M001.pdf","782120260325E001.pdf","https://www.mitacmdt.com/tw/investors/shareholder-service/investor-conference/","","無","查詢"
"7822","倍利科","115/03/05","14:30","台北寒舍艾美酒店3樓翡翠珍珠廳(臺北市信義區松仁路38號)","(1)本公司依「有價證券初次上市前業績發表會實施要點規定」，於上市前辦理股票初次上市前業績發表會。 
(2)本次業績發表會將說明產業發展、財務業務狀況、未來風險、公司治理及企業社會責任、臺灣證券交易所股份有限公司董事會暨上市審議委員會要求補充揭露事項等項目。","782220260305M001.pptx","782220260305E001.pptx","https://www.v5.com.tw/tw/InvestorRelations/dhamma",法說會影音連結資訊:https://www.v5.com.tw/tw/InvestorRelations/dhamma ,"相關資訊請至公開資訊觀測站之法人說明會一覽表或法說會項目下查閱。","查詢"
"7822","倍利科","115/04/14","15:40","台灣證券交易所(101大樓)1F資訊展示中心(臺北市信義區信義路五段7號)","(1)本公司受邀參加台灣證券交易所115年「AI及綠能環保產業」主題式業績發表會。 
(2)本次業績發表會將說明公司產業發展、財務業務狀況、營運風險及未來展望等項目。","782220260414M001.pdf","782220260414E001.pdf","https://www.v5.com.tw/tw/InvestorRelations/dhamma",法說會影音連結資訊:https://webpro.twse.com.tw/WebPortal/vod/101/?categoryId=171 ,"相關資訊請至公開資訊觀測站之法人說明會一覽表或法說會項目下查閱。","查詢"
"7823","奧義賽博-KY創","115/01/12","14:30","台北遠東國際大飯店二樓香格里拉宴會廳(台北市敦化南路二段201號2樓)","(1)本公司依「有價證券初次上市前業績發表會實施要點規定」，於上市前辦理股票初次上市前業績發表會。
(2)本次業績發表會將說明產業發展、財務業務狀況、未來風險、公司治理及企業社會責任、暨臺灣證券交易所股份有限公司要求補充揭露事項。","782320260112M001.pdf","782320260112E001.pdf","https://www.cycraft.com/investor-relations/investor-conference","","相關資訊請至公開資訊觀測站之法人說明會一覽表或法說會項目下查閱。","查詢"
"7823","奧義賽博-KY創","115/05/21","14:30","元大金融廣場 3樓-D廳(台北市仁愛路三段157號)","本公司受邀參加元大證券舉辦之法人說明會，說明本公司營運成果以及未來展望。","782320260521M001.pdf","782320260521E001.pdf","https://www.cycraft.com/investor-relations/investor-conference",中文影音檔網址:7823_2_20260521_ch.mp4 ,"相關資訊請至公開資訊觀測站之法人說明會一覽表或法說會項目下查閱。","查詢"
"8016","矽創","115/03/31","11:10","臺北文創-臺北市信義區菸廠路88號6F","矽創電子受邀參加由元富證券所舉辦之2026春季投資論壇，說明營運概況。","801620260330M002.pdf","801620260330E002.pdf","https://www.sitronix.com.tw/tw/investor-relations/conference/","","無。","查詢"
"8021","尖點","115/05/14","14:30","採視訊會議方式進行","115年第一季業績線上法&#12040;說明會","802120260515M001.pdf","802120260515E001.pdf","https://www.topoint.tw/tw/conference/",中文影音檔網址:8021_63_20260514_ch.mp4 ,"法說會報名連結 ：https://forms.gle/7ivqBPjcWx7ZeWuRA","查詢"
"8021","尖點","115/03/06","14:30","採視訊會議方式進行","114年第四季業績線上法人說明會","802120260306M001.pdf","802120260306E001.pdf","https://www.topoint.tw/tw/conference/",中文影音檔網址:8021_62_20260306_ch.mp4 ,"法說會報名連結：https://forms.gle/ZcBajwaurQ19ijX47","查詢"
"8028","昇陽半導體","115/03/18 至 115/03/19","11:00","台北市信義區松壽路2號","本公司受邀參加BoFA舉辦之Asia Tech Conference，會中就本公司114年第4季營運實績進行說明。","802820260317M001.pdf","802820260317E001.pdf","https://www.psi.com.tw/share_news2.asp","","無","查詢"
"8028","昇陽半導體","115/05/25 至 115/05/27","09:00","新加坡","受邀參加國泰證券舉辦之「Singapore Non-Deal Roadshow」，會中就本公司115年第1季營運實績進行說明。","802820260524M001.pdf","802820260524E001.pdf","https://www.psi.com.tw/share_news2.asp","","無","查詢"
"8046","南電","115/03/17","13:30","台北茹曦酒店2樓（台北市松山區敦化北路100號）","本公司受邀參加群益證券2026年第一季投資論壇，說明本公司之營運概況。","804620260316M003.pdf","804620260316E003.pdf","https://www.nanyapcb.com.tw/nypcb/chinese/InvestorRelations/FinancialReports",法說會影音連結資訊:https://youtu.be/kaxvrmlz-e0 ,"無","查詢"
"8070","長華*","115/01/28","14:30","台北市中山區明水路700號12樓會議廳(凱基證券大樓)","本公司受邀參加凱基證券舉辦之法人說明會，說明公司營運概況。","807020260128M001.pdf","807020260128E001.pdf","https://www.cwei.com.tw/",法說會影音連結資訊:https://www.youtube.com/watch?v=lIdWWDCtUdo ,"無","查詢"
"8081","致新","115/02/10","14:00","線上法說會","本公司受邀參加合作金庫證券股份有限公司所舉辦之線上法人說明會","808120260210M001.pdf","808120260210E001.pdf","",中文影音檔網址:8081_86_20260210_ch.mp4 ,"報名網址:https://forms.gle/WPQ7WpDqh7dQu1Vr9","查詢"
"8081","致新","115/05/06","14:00","凱基證券總部大樓12F宴會廳
台北市明水路700號12樓","本公司受邀參加凱基證券舉辦之法人說明會,說明本公司營運概況。","808120260506M001.pdf","808120260506E001.pdf","",中文影音檔網址:8081_88_20260506_ch.mp4 ,"02:00PM~04:00PM","查詢"
"8081","致新","115/03/17 至 115/03/18","09:00","台北君悅酒店","本公司受邀參加美林證券所舉辦之“2026 Asia Tech Conference”投資論壇,說明本公司之營運概況","808120260210M001.pdf","808120260210E001.pdf","","","無","查詢"
"8103","瀚荃","115/05/20","14:00","台北市南京東路三段219號11樓","本公司受邀參加元大證券舉辦之法人說明會，說明公司營運概況與未來展望。","810320260518M002.pdf","810320260518E002.pdf","https://www.cvilux-group.com/zh-cht/investors/invest",中文影音檔網址:8103_25_20260520_ch.mp4 ,"無","查詢"
"8103","瀚荃","115/04/15","14:00","集思北科大會議中心(台北市大安區忠孝東路三段1號2樓~3樓)","本公司受邀參加凱基證券舉辦之2026投資論壇，
說明公司營運概況與未來展望。","810320260414M001.pdf","810320260414E001.pdf","https://www.cvilux-group.com/zh-cht/investors/invest",中文影音檔網址:8103_24_20260415_ch.mp4 ,"無","查詢"
"8112","至上","115/04/27","14:00","台北市內湖區港墘路189號7樓(本公司會議室)","公司營運概況說明。","811220260427M001.pdf","811220260427E001.pdf","https://www.supreme.com.tw/WP/WP0055.aspx",法說會影音連結資訊:https://youtu.be/Mt6JgCRgtX4 ,"無。","查詢"
"8114","振樺電","115/05/15","14:00","Web線上會議","本公司受邀參加凱基證券舉辦之線上法說會議，向投資人說明本公司115年第一季營運成果。","811420260515M001.pdf","811420260515E001.pdf","http://posiflex.com/tw/investor/report/Investor_Conference/",中文影音檔網址:8114_47_20260515_ch.mp4 ,"報名窗口：凱基證券法人部 倪鶴華 crane.hh.ni@kgi.com","查詢"
"8131","福懋科","115/03/19","14:00","線上法說會","本公司受邀參加國票綜合證券辦理之法人說明會，說明本公司之財務業務概況。","813120260319M002.pdf","813120260319E002.pdf","https://www.fatc.com.tw/",法說會影音連結資訊:https://www.fatc.com.tw/index.php?action=invest_shareholder ,"報名請洽國票綜合證券陳小姐02-25288272 Email:cherry18@ibfs.com.tw","查詢"
"8150","南茂","115/03/18 至 115/03/19","10:00","台北 君悅酒店","本公司應美林證券之邀請，參加BofA Securities 2026 Asia Tech Conference，就已公開發布之財務數字及經營績效等相關資訊進行說明。","815020260224M001.pdf","815020260224E001.pdf","https://www.chipmos.com/chinese/ir/calendar.aspx","","無","查詢"
"8150","南茂","115/02/24","15:00","採電話會議方式進行","114年第四季暨全年營運成果線上法人說明會","815020260224M001.pdf","815020260224E001.pdf","https://www.chipmos.com/chinese/ir/info2.aspx",同步收看網址：:https://www.chipmos.com/chinese/ir/info2.aspx 法說會影音連結資訊:https://www.chipmos.com/chinese/ir/info2.aspx ,"無","查詢"
"8150","南茂","115/05/27","10:40","台北 君悅酒店","本公司應國泰證券之邀請，參加國泰綜合證券 2026 年第二季產業論壇，就已公開發布之財務數字及經營績效等相關資訊進行說明。","815020260520M003.pdf","815020260520E003.pdf","https://www.chipmos.com/chinese/ir/calendar.aspx","","無","查詢"
"8162","微矽電子-創","115/03/20","14:30","台北市南京東路5段188號15樓(國票法人部)","本公司受邀參加國票證券舉辦之法人說明會，說明公司經營實績及未來展望。","816220260320M001.pdf","816220260320E001.pdf","https://investor.msec.com.tw/InvestorsConference_tc.html",法說會影音連結資訊:https://youtu.be/RuXolzGBHUQ ,"完整財務業務資訊請至公開資訊觀測站之法說會項目下查閱。","查詢"
"8163","達方","115/03/04","15:00","線上法說會","本公司受邀參加兆豐證券於115年3月4日舉辦之線上法人說明會，向投資人說明114年第四季營業成果及未來展望。","816320260304M001.pdf","816320260304E001.pdf","http://www.darfon.com.tw",中文影音檔網址:8163_44_20260304_ch.mp4 ,"本次採Cisco Webex視訊會議，報名請至https://forms.gle/hWnjQiVBoFVBNER77報名","查詢"
"8163","達方","115/05/06","15:00","線上法說會","本公司受邀參加兆豐證券於115年5月6日舉辦之線上法人說明會，向投資人說明115年第一季營業成果及未來展望。","816320260506M001.pdf","816320260506E001.pdf","http://www.darfon.com.tw",中文影音檔網址:8163_45_20260506_ch.mp4 ,"本次採Cisco Webex視訊會議，報名請至https://forms.gle/reNaVuCk4r8EvoV99報名","查詢"
"8210","勤誠","115/03/11","14:00","線上法說會","1)本公司受邀參加元大證券主辦之2025年第四季線上法人說明會 2)本會議全程以中文進行 3)會議網址：https://www.zucast.com/webcast/Qb2gg21h","821020260311M004.pdf","821020260311E004.pdf","https://www.chenbro.com/",同步收看網址：:https://www.zucast.com/webcast/Qb2gg21h 法說會影音連結資訊:https://www.zucast.com/webcast/Qb2gg21h ,"無","查詢"
"8210","勤誠","115/05/08","14:00","https://www.zucast.com/webcast/oINCw8wd","本公司受邀參加元大證券主辦之2026年第一季線上法人說明會
會議網址：https://www.zucast.com/webcast/oINCw8wd","821020260508M001.pdf","821020260508E001.pdf","https://www.chenbro.com/",同步收看網址：:https://www.zucast.com/webcast/oINCw8wd 法說會影音連結資訊:https://www.zucast.com/webcast/oINCw8wd ,"無","查詢"
"8210","勤誠","115/05/15","09:00","新加坡君悅酒店","本公司受邀參加元大證券主辦之台灣科技日","821020260513M001.pdf","821020260513E001.pdf","https://www.chenbro.com/","","無","查詢"
"8210","勤誠","115/05/27","11:00","香港四季酒店","本公司受邀參加UBS主辦之Asian Investment Conference 2026","821020260522M002.pdf","821020260522E002.pdf","https://www.chenbro.com/","","無","查詢"
"8210","勤誠","115/05/22","15:10","台北晶華酒店","本公司受邀參加華南永昌證券主辦之2026年夏季產業趨勢企業論壇","821020260522M001.pdf","821020260522E001.pdf","https://www.chenbro.com/","","無","查詢"
"8210","勤誠","115/06/12","15:20","台北晶華酒店","本公司受邀參加凱基證券主辦之2Q26投資論壇","821020260522M005.pdf","821020260522E005.pdf","https://www.chenbro.com/","","無","查詢"
"8210","勤誠","115/05/29","13:40","台北W hotel","本公司受邀參加Daiwa主辦之Taiwan Corporate Day","821020260522M004.pdf","821020260522E004.pdf","https://www.chenbro.com/","","無","查詢"
"8210","勤誠","115/05/29","15:30","台北文華東方酒店","本公司受邀參加Morgan Stanley主辦之Asia AI Summit 2026","821020260522M003.pdf","821020260522E003.pdf","https://www.chenbro.com/","","無","查詢"
"8215","明基材","115/02/25","14:30","線上法說會","本公司受邀參加兆豐證券舉辦之線上法說會，將於會中向投資人說明114年第四季營運概況及未來展望。","821520260225M001.pdf","821520260225E001.pdf","https://www.benqmaterials.com/tw/",中文影音檔網址:8215_31_20260225_ch.mp3 ,"當天14:10開放登入，報名連結：https://forms.gle/kM2chPfdWEaa4Xrw5","查詢"
"8215","明基材","115/05/05","14:30","線上法說會","本公司受邀參加兆豐證券舉辦之線上法說會，將於會中向投資人說明115年第一季營運概況及未來展望。","821520260505M001.pdf","821520260505E001.pdf","https://www.benqmaterials.com/tw/",中文影音檔網址:8215_32_20260505_ch.mp3 ,"當天14:10開放登入，報名連結： https://forms.gle/n3wYn7hZprMaYMKx5","查詢"
"8249","菱光","115/03/31","14:00","線上法人說明會","本公司受邀參加中國信託綜合證券線上舉辦之法人說明會，報告本公司營運狀況。","824920260330M001.pdf","824920260330E001.pdf","http://www.csi-sensor.com.tw/",法說會影音連結資訊:https://www.csi-sensor.com.tw/investor_conference.html ,"無","查詢"
"8261","富鼎","115/02/25","14:00","台北市民生東路三段115號14樓(玉山廳)","本公司受邀參加玉山證券舉辦之法人說明會，本公司營運狀況報告。","826120260225M001.pdf","826120260225E001.pdf","https://www.a-power.com.tw/tw/financial/investor",法說會影音連結資訊:https://drive.google.com/file/d/1Z4uym3zeCOljsvrpEzdjdrAJzWj8P7W1/view?usp=drivesdk ,"無","查詢"
"8261","富鼎","115/04/15","14:00","Webex線上會議","本公司受邀參加玉山證券舉辦之法人說明會，本公司營運狀況報告。","826120260415M001.pdf","826120260415E001.pdf","https://www.a-power.com.tw/tw/financial/investor",法說會影音連結資訊:未輸 ,"無","查詢"
"8271","宇瞻","115/02/26","15:30","臺灣證券交易所1樓資訊展示中心
(台北市信義區信義路五段7號101大樓1樓)","民國114年經營績效與產業概況說明","827120260302M001.pdf","827120260302E001.pdf","https://www.apacer.com/zh-tw/normaldownload/investor-conference",同步收看網址：:https://www.youtube.com/watch?v=60VxwZOQFVk 法說會影音連結資訊:https://www.youtube.com/watch?v=60VxwZOQFVk ,"完整財務業務資訊請至公開資訊觀測站之法人說明會一覽表或 法說會項目下查閱。","查詢"
"8367","建新國際","115/04/16","15:30","集思北科大會議中心(臺北市大安區忠孝東路三段1號2樓~3樓)","公告本公司受邀參加受邀參加凱基證券與IR Trust「2026新高點&#12539;新思維投資論壇」","836720260416M001.pdf","836720260416E001.pdf","https://www.chienshing.com.tw/investment04",法說會影音連結資訊:https://www.chienshing.com.tw/investment04 ,"無","查詢"
"8374","羅昇","115/05/29","14:00","線上法人說明會","本公司2026年第一季財務結果及業務概況","內容檔案於當日會後公告於公開資訊觀測站","內容檔案於當日會後公告於公開資訊觀測站","https://www.acepillar.com/About/investor/financial/financial3",:未輸 ,"無","查詢"
"8404","百和興業-KY","115/01/22","14:00","本公司台灣辦事處所在地(彰化縣和美鎮和港路575號)","本公司召開法人說明會，說明本公司財務業務狀況及經營績效。","840420260122M001.pdf","840420260122E001.pdf","http://www.kypaiho.com/",中文影音檔網址:8404_16_20260122_ch.mp4 ,"無","查詢"
"8404","百和興業-KY","115/04/17","14:00","本公司台灣辦事處所在地(彰化縣和美鎮和港路575號)","本公司召開法人說明會，說明本公司營運成果及未來展望。","840420260417M001.pdf","840420260417E001.pdf","http://www.kypaiho.com/",中文影音檔網址:8404_17_20260417_ch.mp4 ,"無","查詢"
"8422","可寧衛*","115/03/25","14:00","凱基證券總部大樓(臺北市中山區明水路700號)","本公司營運及財務業務狀況說明","842220260317M001.pdf","842220260317E001.pdf","https://www.cleanaway.tw/",中文影音檔網址:8422_58_20260325_ch.mp4 ,"本公司受邀參加凱基證券法&#12040;說明會","查詢"
"8438","昶昕","115/05/21","14:30","敦南摩天大樓-台北市敦化南路二段97號11樓(教育訓練室)","本公司受台新證券邀請，參加其舉辦之法人說明會，報告公司簡介與營運現況。","843820260515M001.pdf","843820260515E001.pdf","https://www.persee.com.tw/法人說明會-1/",中文影音檔網址:8438_10_20260521_ch.MP4 ,"無","查詢"
"8454","富邦媒","115/03/05","14:30","線上會議","本公司受邀參加富邦證券舉辦之法人說明會，說明本公司未來營運發展計劃及114年第四季法說會簡報與其他已公開發佈之財務數字、經營績效等相關資訊。","845420260305M001.pdf","845420260305E001.pdf","https://corp.momo.com.tw/",英文影音檔網址:8454_225_20260305_en.mp4 ,"無","查詢"
"8454","富邦媒","115/03/12","10:00","台北","本公司受邀參加J.P. Morgan舉辦之Taiwan CEO-CFO Conference，說明本公司未來營運發展計劃及114年第四季法說會簡報與其他已公開發佈之財務數字、經營績效等相關資訊。","845420260311M001.pdf","845420260311E001.pdf","https://corp.momo.com.tw/","","無","查詢"
"8454","富邦媒","115/05/07","16:00","線上會議","本公司受邀參加富邦證券舉辦之法人說明會，說明本公司未來營運發展計劃及115年第一季法說會簡報與其他已公開發佈之財務數字、經營績效等相關資訊。","845420260507M001.pdf","845420260507E001.pdf","https://corp.momo.com.tw/","","無","查詢"
"8454","富邦媒","115/03/19","10:00","台北","本公司受邀參加BofA Securities舉辦之2026 Asia Tech Conference，說明本公司未來營運發展計劃及114年第四季法說會簡報與其他已公開發佈之財務數字、經營績效等相關資訊。","845420260311M001.pdf","845420260311E001.pdf","https://corp.momo.com.tw/","","無","查詢"
"8462","柏文","115/03/20","14:00","台北市松山區民生東路三段156號14樓1401會議室","本公司受邀參加群益證券舉辦之2025年第四季法人說明會","846220260319M001.pdf","846220260319E001.pdf","https://www.powerwindhealth.com.tw/tw/investor/stock?unit-tab=briefing",法說會影音連結資訊:https://drive.google.com/file/d/1xiuCEIH2-goCL0P7UDVX2dm9qPNBaA6y/view?usp=drivesdk ,"無","查詢"
"8464","億豐","115/03/12","10:00","台北君悅酒店","本公司受邀參加摩根大通證券舉辦的論壇。","846420260310M001.pdf","846420260310E001.pdf","http://www.nienmade.com.tw/ShareholderArea.aspx","","無","查詢"
"8464","億豐","115/03/19","10:00","台北君悅酒店","本公司受邀參加美林證券舉辦的論壇。","846420260310M001.pdf","846420260310E001.pdf","http://www.nienmade.com.tw/ShareholderArea.aspx","","無","查詢"
"8464","億豐","115/03/27","14:00","線上會議","本公司受邀參加合庫證券舉辦的線上會議。","846420260310M001.pdf","846420260310E001.pdf","http://www.nienmade.com.tw/ShareholderArea.aspx",中文影音檔網址:8464_72_20260327_ch.mp4 ,"無","查詢"
"8464","億豐","115/04/15 至 115/04/16","09:00","Fullerton Hotel (Singapore)","本公司受邀參加寬量國際(QIC)舉辦的論壇。","846420260310M001.pdf","846420260310E001.pdf","http://www.nienmade.com.tw/ShareholderArea.aspx","","無","查詢"
"8473","山林水","115/05/19","14:30","台北市忠孝東路二段95號13樓1301會議室","本公司受邀參加兆豐證券舉辦之法人說明會","847320260519M001.pdf","847320260519E001.pdf","https://mfw.com.tw/investor/",中文影音檔網址:8473_13_20260519_ch.mp4 ,"報名連結如下：https://forms.gle/2opAzrejKejeXrvs6","查詢"
"8478","東哥遊艇","115/03/12","14:00","線上+實體法說會(國泰證券 台北市大安區敦化南路二段218號5樓)","國泰證券舉辦之法人說明會，說明公司營運與財務狀況及未來展望","847820260312M001.pdf","847820260312E001.pdf","https://oceanalexandertw.com/投資人關係/法說會/",法說會影音連結資訊:https://oceanalexander.com.tw/投資人關係/法說會/ ,"無","查詢"
"8481","政伸","115/05/13","14:30","宏遠證券 台北市大安區信義路四段236號7樓702會議室","本公司受邀參加宏遠證券舉辦之法人說明會","848120260512M001.pdf","848120260512E001.pdf","https://www.transart.com.tw/investor/index/1/10",中文影音檔網址:8481_18_20260513_ch.mp4 ,"無","查詢"
"8487","愛爾達-創","115/05/22","11:10","台北晶華酒店
(台北市中山北路二段39巷3號4樓)","本公司受邀參加華南永昌證券主辦之2026年夏季產業趨勢暨企業論壇","848720260521M001.pdf","848720260521E001.pdf","https://www.elta.com.tw/investor/investor_conference",法說會影音連結資訊:https://www.elta.com.tw/investor/investor_conference ,"相關資訊請至公開資訊觀測站之法人說明會一覽表或法說會項目下查閱。","查詢"
"8926","台汽電","115/03/24","14:30","線上法人說明會","本公司受邀參加玉山證券舉辦之線上法人說明會，說明114年度財務業務相關資訊。","892620260324M001.pdf","892620260324E001.pdf","https://www.cogen.com.tw/tw/Investor-Conference",中文影音檔網址:8926_35_20260324_ch.mp4 ,"無","查詢"
"8926","台汽電","115/05/26","14:30","線上法人說明會","本公司受邀參加第一金證券舉辦之線上法人說明會，說明115年第1季財務業務相關資訊。","內容檔案於當日會後公告於公開資訊觀測站","內容檔案於當日會後公告於公開資訊觀測站","https://www.cogen.com.tw/tw/Investor-Conference",法說會影音連結資訊:未輸 ,"無","查詢"
"8996","高力","115/03/18","13:00","台北君悅酒店 台北市信義區松壽路2號","本公司受邀參加BofA舉辦之「2026 Asia Tech Conference」法人說明會，說明本公司之營運狀況。","899620260302M003.pptx","899620260302E003.pptx","https://www.kaori.com.tw/tw/modules/investors/meeting","","無","查詢"
"8996","高力","115/03/10","15:40","台北晶華酒店(台北市中山北路二段39巷3號) 4F會議廳","本公司受邀參加永豐金證券舉辦之「2026 Q1產業投資論壇」法人說明會，說明本公司之營運狀況。","899620260302M002.pptx","899620260302E002.pptx","https://www.kaori.com.tw/tw/modules/investors/meeting",中文影音檔網址:8996_32_20260310_ch.mp4 ,"無","查詢"
"8996","高力","115/03/02 至 115/03/05","09:00","香港及新加坡","本公司受邀參加凱基證券舉辦之法人說明會，說明本公司之營運狀況。","899620260302M001.pptx","899620260302E001.pptx","https://www.kaori.com.tw/tw/modules/investors/meeting","","無","查詢"
"8996","高力","115/06/01","17:00","台北W飯店(台北市信義區忠孝東路五段10號)","本公司受邀參加高盛證券舉辦之「GS Taiwan Computex &amp; Corporate Day Jun 2026」，說明本公司之營運狀況。","內容檔案於當日會後公告於公開資訊觀測站","內容檔案於當日會後公告於公開資訊觀測站","https://www.kaori.com.tw/tw/modules/investors/meeting","","無","查詢"
"910861","神州-DR","115/04/01","16:00","線上法說會","召開線上業績發佈會。","91086120260401M001.pdf","91086120260401E001.pdf","http://www.dcholdings.com","","無","查詢"
"9802","鈺齊-KY","115/03/12","13:30","台北遠東香格里拉國際大飯店(台北市敦化南路二段201號B1會議廳)","受邀參加國泰證券舉辦之法人說明會，就本公司財務及業務相關資訊做說明。","980220260312M001.pdf","980220260312E001.pdf","https://www.fulgentsun.com/investors05_1.asp","","無。","查詢"
"9902","台火","115/05/14","14:30","線上法人說明會","本公司受邀參加玉山證券舉辦之線上法人說明會,說明本公司之業務及財務概況","990220260514M001.pdf","990220260514E001.pdf","https://www.tidehold.com/investor/investor.html#legal_briefing_session",中文影音檔網址:9902_12_20260514_ch.mp4 ,"報名請洽玉山證券02-55561313分機6196丁先生","查詢"
"9904","寶成","115/03/27","14:00","線上法說會","應邀參加富邦證券舉辦之法人說明會，介紹本公司及說明114年第四季營運績效","990420260326M001.pdf","990420260326E001.pdf","https://www.pouchen.com/",中文影音檔網址:9904_73_20260327_ch.mp4 ,"無","查詢"
"9905","大華","115/05/20","14:00","本次中文法人說明會採網路直播方式進行。","公司營運現況及未來展望說明","990520260520M001.pdf","990520260520E001.pdf","https://www.greatchina.com.tw/corporate-information-session/",中文影音檔網址:9905_13_20260520_ch.mp4 ,"完整財務業務資訊請至公開資訊觀測站之法人說明會一覽表或法說會項目下查閱。","查詢"
"9906","欣巴巴","115/03/04","14:30","台北市大安區敦化南路二段218號8樓","公司簡介與營運概況說明","990620260303M002.pdf","990620260303E002.pdf","https://www.hsinbaba.com.tw/",中文影音檔網址:9906_21_20260304_ch.mp4 ,"報名連結：http://tiny.cc/260304","查詢"
"9907","統一實","115/03/26","14:30","線上法說會","本公司受邀參加統一證券舉辦之線上法說會，說明本公司114年度之營運狀況及公司近況。","990720260326M001.pdf","990720260326E001.pdf","http://www.tonyi.com.tw/cusPage.php?id=249",中文影音檔網址:9907_37_20260326_ch.mp4 ,"無","查詢"
"9910","豐泰","115/03/20","11:00","台北君悅酒店 (台北市松壽路2號)","說明本公司之營運與財務概況","991020260318M001.pdf","991020260318E001.pdf","https://www.fengtay.com","","無","查詢"
"9911","櫻花","115/05/20","16:00","台灣證券交易所1樓資訊展示中心(台北市信義區信義路五段7號)","本公司受邀參加臺灣證券交易所舉辦之115年璞玉指數主題式業績發表會及產業講座，說明本公司經營績效與營運展望。","991120260519M001.pdf","991120260519E001.pdf","https://www.sakura.com.tw/FinancialInformation",同步收看網址：:https://webpro.twse.com.tw/WebPortal/vod/101/?categoryId=101 法說會影音連結資訊:https://webpro.twse.com.tw/WebPortal/vod/101/?categoryId=171 ,"無。","查詢"
"9914","美利達","115/03/25","16:05","台北南港展覽一館5樓 500會議室，台北市南港區經貿二路1號","本公司受邀參加由臺灣證券交易所與臺灣自行車輸出業同業公會、永豐金證券共同舉辦2026自行車產業論壇","991420260325M001.pdf","991420260325E001.pdf","https://www.merida-bikes.com/zh-tw/p/tou-zi-ren-zi-xuninvestors/tou-zi-ren-zi-xun-352.html",法說會影音連結資訊:https://webpro.twse.com.tw/WebPortal/vod/101/0BC2B5556544-B0D74DD6-282F-11F1-9D52/?categoryId=189 ,"無","查詢"
"9917","中保科","115/03/18","14:30","南港展覽館二館6樓603會議室","本公司受邀參加群益金鼎證券所舉辦之法人說明會，
說明本公司2025年第4季營運成果及營運展望","991720260318M001.pdf","991720260318E001.pdf","https://www.secom.com.tw/investors.html?cid=83",中文影音檔網址:9917_44_20260318_ch.mp4 ,"無","查詢"
"9917","中保科","115/05/21","15:40","臺灣證券交易所 (101大樓) 1樓資訊展示中心(臺北市信義區信義路五段7號)","本公司受邀參加臺灣證券交易所召開115年「璞玉指數」主題式業績發表會及產業講座，說明本公司營運成果及營運展望。","991720260521M001.pdf","991720260521E001.pdf","https://www.secom.com.tw/investors.html?cid=83",中文影音檔網址:9917_45_20260521_ch.mp4 ,"無","查詢"
"9918","欣天然","115/03/26","14:30","臺灣證券交易所101辦公大樓一樓資訊展示中心 (台北市信義路五段7號1樓)","說明本公司營運狀況及業務展望。","991820260326M001.pdf","991820260326E001.pdf","https://www.shinshingas.com.tw/Investors/info_34/Investor_Conference/",法說會影音連結資訊:https://webpro.twse.com.tw/WebPortal/vod/101/0BC2B5556544-A0742F2E-28E0-11F1-9D52/?categoryId=101 ,"無","查詢"
"9919","康那香","115/04/15","14:30","凱基證券線上法人說明會","本公司受邀參加凱基證券舉辦之線上法人說明會，進行本公司民國115年度財務業務及已公開財務數字之相關資訊說明。","991920260415M001.pdf","991920260415E001.pdf","https://www.knh.com.tw/share3-10.html",中文影音檔網址:9919_24_20260415_ch.mp4 ,"無。","查詢"
"9921","巨大","115/03/18 至 115/03/20","09:00","台北君悅酒店","本公司受邀參加美銀證券於台北舉辦的 &quot;2026亞洲科技論壇&quot;","992120260317M001.pdf","992120260317E001.pdf","https://www.giantgroup-cycling.com/ir-shareholderconference","","無","查詢"
"9921","巨大","115/03/25","13:30","南港展覽館一館","本公司受邀參加永豐金證券、台灣證券交易所與台灣自行車輸出業同業公會於台北共同舉辦的 &quot;自行車產業投資論壇&quot;","992120260324M001.pdf","992120260324E001.pdf","https://www.giantgroup-cycling.com/ir-shareholderconference",法說會影音連結資訊:https://webpro.twse.com.tw/WebPortal/vod/101/0BC2B5556544-C5E7C38A-2824-11F1-9D52/?categoryId=189 ,"無","查詢"
"9925","新保","115/04/24","15:00","新保智慧生活體驗館(台北市建國北路1段126號1樓)","本公司近期營運概況說明","992520260424M001.pdf","992520260424E001.pdf","https://www.sks.com.tw/Shareholder#list-finance&#list-corporation",法說會影音連結資訊:https://webpro.twse.com.tw/WebPortal/vod/101/C7645F24B19C-C2A8D472-3FB9-11F1-B508/?categoryId=101 ,"無","查詢"
"9926","新海","115/03/25","14:00","台北市信義區信義路五段7號1樓(台灣證券交易所資訊展示中心)","說明本公司114年度財務暨營運報告","992620260324M003.pdf","992620260324E003.pdf","https://www.shinhaigas.com.tw/Investors/Shareholder.html",法說會影音連結資訊:https://webpro.twse.com.tw/WebPortal/vod/101/0BC2B5556544-E068CF98-2817-11F1-9D52/?categoryId=101 ,"無","查詢"
"9930","中聯資源","115/03/25","14:00","線上法說會","本公司業務及財務相關資訊","993020260324M001.pdf","993020260324E001.pdf","https://www.chc.com.tw/pst.html","","無","查詢"
"9933","中鼎","115/03/11","14:30","本次為線上法&#12040;說明會","2025年營運回顧與業務展望","993320260311M001.pdf","993320260311E001.pdf","https://www.ctci.com/",同步收看網址：:https://teams.microsoft.com/meet/42904626626354?p=tuvNVdVUOte9fqmIDJ 法說會影音連結資訊:https://youtu.be/j2V59HxLXuQ ,"無","查詢"
"9933","中鼎","115/05/14","14:30","本次為線上法&#12040;說明會","2026年至今營運回顧及業務展望","993320260514M001.pdf","993320260514E001.pdf","https://www.ctci.com/",同步收看網址：:https://teams.microsoft.com/meet/44743731243064?p=olHxZHxfeFydNRzjV4 法說會影音連結資訊:https://youtu.be/dB50H_yrt3g ,"無","查詢"
"9938","百和","115/01/22","14:30","本公司所在地(彰化縣和美鎮和港路575號)","本公司召開法人說明會，說明本公司財務業務狀況及經營績效","993820260119M001.pdf","993820260119E001.pdf","https://www.paiho.com",中文影音檔網址:9938_47_20260122_ch.mp4 ,"無","查詢"
"9938","百和","115/04/17","14:30","本公司所在地(彰化縣和美鎮好修里和港路575號)","本公司召開法人說明會，說明本公司財務業務狀況及經營績效","993820260416M001.pdf","993820260416E001.pdf","https://www.paiho.com",中文影音檔網址:9938_48_20260417_ch.mp4 ,"無","查詢"
"9939","宏全","115/05/22","14:00","台北晶華酒店4樓(台北市中山區中山北路2段39巷3號)","公司簡介財務、業務及相關資訊作業說明","993920260521M001.pdf","993920260521E001.pdf","https://www.honchuan.com/tw","","無","查詢"
"9940","信義","115/03/11","14:30","線上法人說明會","一一四年第四季營運狀況","994020260312M001.pdf","994020260312E001.pdf","https://www.sinyi.com.tw/investors/shareholder-services/investor-conference",中文影音檔網址:9940_59_20260311_ch.mp4 ,"相關資訊將依規定公布於公開資訊觀測站公司治理專區","查詢"
"9940","信義","115/05/11","14:30","線上法人說明會","115年第一季營運狀況","994020260507M001.pdf","994020260507E001.pdf","https://www.sinyi.com.tw/investors/shareholder-services/investor-conference",中文影音檔網址:9940_60_20260511_ch.mp4 ,"相關資訊將依規定公布於公開資訊觀測站公司治理專區","查詢"
"9941","裕融","115/03/25","15:10","線上法人說明會","本公司受邀參加富邦證券於2026年3月25日舉辦之上市公司財務業務概況座談會，會中將說明本公司2025年第四季營運概況。
線上報名網址
https://fubonseca2.webex.com/weblink/register/r55c6398aef219b009b8d8022c617a70a","994120260325M001.pdf","994120260325E001.pdf","https://www.tac.com.tw/",中文影音檔網址:9941_41_20260325_ch.mp4 ,"請預先完成線上報名，如有問題請聯繫富邦法人部tingju.yeh@fubon.com","查詢"
"9941","裕融","115/05/21","13:30","線上法人說明會","本公司受邀參加富邦證券於2026年5月21日舉辦之上市公司財務業務概況座談會，會中將說明本公司2026年第一季營運概況。 線上報名網址
https://fubonseca2.webex.com/weblink/register/r674292fb1c4e2086d41a88b8392ba4b6","994120260521M001.pdf","994120260521E001.pdf","https://www.tac.com.tw/","","請預先完成線上報名，如有問題請聯繫富邦法人部tingju.yeh@fubon.com","查詢"
"9946","三發地產","115/03/26","15:00","線上法說會。","本公司受邀參加元大證券舉辦之線上法說會，報告本公司營運狀況。","994620260326M001.pdf","994620260326E001.pdf","",中文影音檔網址:9946_22_20260326_ch.mp4 ,"無。","查詢"
"9955","佳龍","115/03/31","14:00","線上舉辦","本公司受邀參加元富證券舉辦線上法人說明會，說明公司營運現況及未來展望。","995520260331M001.pdf","995520260331E001.pdf","https://www.sdti.com.tw/investors_finance.html",中文影音檔網址:9955_23_20260331_ch.mp4 ,"會議細節請洽元富綜合證券股份有限公司。","查詢"
"9958","世紀鋼","115/03/31","14:30","台開大樓19樓1901會議室 (台北市重慶南路一段2號)","本公司受邀請參加永豐金證券舉辦之法人說明會","995820260331M002.pdf","995820260331E002.pdf","https://www.century.com.tw/tw/report/32/695","","活動詳情請洽永豐金證券鄒小姐(02)2382-8166或mail：ECM@sinopac.com","查詢"